raw_text,original_text,generated_text,aspectTerms,aspectCategories,sentenceId
"Best of all is the warm atmosphere, the host is super friendly and service is fast.","Best of all is the warm vibe, the owner is super friendly and service is fast.","['atmosphere', 'host', 'service']","[{'term': 'atmosphere', 'polarity': 'positive'}, {'term': 'host', 'polarity': 'positive'}, {'term': 'service', 'polarity': 'positive'}]","[{'category': 'general', 'polarity': 'neutral'}]",1
"Best of all is the warm service, the host is super friendly and delivery is fast.","Best of all is the warm vibe, the owner is super friendly and service is fast.","['service', 'host', 'delivery']","[{'term': 'service', 'polarity': 'positive'}, {'term': 'host', 'polarity': 'positive'}, {'term': 'delivery', 'polarity': 'positive'}]","[{'category': 'general', 'polarity': 'neutral'}]",2
"Best of all is the warm ambience, the host is super friendly and service is fast.","Best of all is the warm vibe, the owner is super friendly and service is fast.","['ambience', 'host', 'service']","[{'term': 'ambience', 'polarity': 'positive'}, {'term': 'host', 'polarity': 'positive'}, {'term': 'service', 'polarity': 'positive'}]","[{'category': 'general', 'polarity': 'neutral'}]",3
"Best of all is the warm ambiance, the hostess is super friendly and service is fast.","Best of all is the warm vibe, the owner is super friendly and service is fast.","['ambiance', 'hostess', 'service']","[{'term': 'ambiance', 'polarity': 'positive'}, {'term': 'hostess', 'polarity': 'positive'}, {'term': 'service', 'polarity': 'positive'}]","[{'category': 'general', 'polarity': 'neutral'}]",4
The waitstaff is so cool and the service is prompt and curtious.,The place is so cool and the service is prompt and curtious.,"['waitstaff', 'service']","[{'term': 'waitstaff', 'polarity': 'positive'}, {'term': 'service', 'polarity': 'positive'}]","[{'category': 'general', 'polarity': 'neutral'}]",10
The staff is so cool and the host is prompt and curtious.,The place is so cool and the service is prompt and curtious.,"['staff', 'host']","[{'term': 'staff', 'polarity': 'positive'}, {'term': 'host', 'polarity': 'positive'}]","[{'category': 'general', 'polarity': 'neutral'}]",11
VT is what pilots hope to be when they grow up.,VT is what baby pizzas hope to be when they grow up.,['pilots'],"[{'term': 'pilots', 'polarity': 'neutral'}]","[{'category': 'general', 'polarity': 'neutral'}]",18
VT is what chefs hope to be when they grow up.,VT is what baby pizzas hope to be when they grow up.,['chefs'],"[{'term': 'chefs', 'polarity': 'neutral'}]","[{'category': 'general', 'polarity': 'neutral'}]",22
VT is what little kids hope to be when they grow up.,VT is what baby pizzas hope to be when they grow up.,['little kids'],"[{'term': 'little kids', 'polarity': 'neutral'}]","[{'category': 'general', 'polarity': 'neutral'}]",23
The wine (by the glass and bottle) is wonderful and I always recommend that friends make a stop if they're going to be in town.,The wine selection (by the glass and bottle) is wonderful and I always recommend that friends make a reservation if they're going to be in town.,"['wine', 'stop']","[{'term': 'wine', 'polarity': 'positive'}, {'term': 'stop', 'polarity': 'neutral'}]","[{'category': 'general', 'polarity': 'neutral'}]",30
The wine (by the glass and bottle) is wonderful and I always recommend that friends make a reservation if they're going to be in town.,The wine selection (by the glass and bottle) is wonderful and I always recommend that friends make a reservation if they're going to be in town.,"['wine', 'reservation']","[{'term': 'wine', 'polarity': 'positive'}, {'term': 'reservation', 'polarity': 'neutral'}]","[{'category': 'general', 'polarity': 'neutral'}]",31
The wines (by the glass and bottle) is wonderful and I always recommend that friends make a visit if they're going to be in town.,The wine selection (by the glass and bottle) is wonderful and I always recommend that friends make a reservation if they're going to be in town.,"['wines', 'visit']","[{'term': 'wines', 'polarity': 'positive'}, {'term': 'visit', 'polarity': 'neutral'}]","[{'category': 'general', 'polarity': 'neutral'}]",32
The menu (by the glass and bottle) is wonderful and I always recommend that friends make a reservation if they're going to be in town.,The wine selection (by the glass and bottle) is wonderful and I always recommend that friends make a reservation if they're going to be in town.,"['menu', 'reservation']","[{'term': 'menu', 'polarity': 'positive'}, {'term': 'reservation', 'polarity': 'neutral'}]","[{'category': 'general', 'polarity': 'neutral'}]",34
The waiters always tastes fresh and serves promptly.,The food always tastes fresh and served promptly.,"['waiters', 'serves']","[{'term': 'waiters', 'polarity': 'positive'}, {'term': 'serves', 'polarity': 'positive'}]","[{'category': 'general', 'polarity': 'neutral'}]",36
The ingredients always tastes fresh and serves promptly.,The food always tastes fresh and served promptly.,"['ingredients', 'serves']","[{'term': 'ingredients', 'polarity': 'positive'}, {'term': 'serves', 'polarity': 'positive'}]","[{'category': 'general', 'polarity': 'neutral'}]",37
The Brews always tastes fresh and serves promptly.,The food always tastes fresh and served promptly.,"['Brews', 'serves']","[{'term': 'Brews', 'polarity': 'positive'}, {'term': 'serves', 'polarity': 'positive'}]","[{'category': 'general', 'polarity': 'neutral'}]",39
The breads always tastes fresh and serves promptly.,The food always tastes fresh and served promptly.,"['breads', 'serves']","[{'term': 'breads', 'polarity': 'positive'}, {'term': 'serves', 'polarity': 'positive'}]","[{'category': 'general', 'polarity': 'neutral'}]",40
"delivery and takeout are great as well, I order from them quite often and the delivery is always super quick!","Pizza and garlic knots are great as well, I order from them quite often and the delivery is always super quick!","['delivery', 'takeout', 'delivery']","[{'term': 'delivery', 'polarity': 'positive'}, {'term': 'takeout', 'polarity': 'positive'}, {'term': 'delivery', 'polarity': 'positive'}]","[{'category': 'general', 'polarity': 'neutral'}]",42
"delivery and online are great as well, I order from them quite often and the delivery is always super quick!","Pizza and garlic knots are great as well, I order from them quite often and the delivery is always super quick!","['delivery', 'online', 'delivery']","[{'term': 'delivery', 'polarity': 'positive'}, {'term': 'online', 'polarity': 'positive'}, {'term': 'delivery', 'polarity': 'positive'}]","[{'category': 'general', 'polarity': 'neutral'}]",43
"delivery and takeout are great as well, I order from them quite often and the service is always super quick!","Pizza and garlic knots are great as well, I order from them quite often and the delivery is always super quick!","['delivery', 'takeout', 'service']","[{'term': 'delivery', 'polarity': 'positive'}, {'term': 'takeout', 'polarity': 'positive'}, {'term': 'service', 'polarity': 'positive'}]","[{'category': 'general', 'polarity': 'neutral'}]",44
"delivery and online ordering are great as well, I order from them quite often and the delivery time is always super quick!","Pizza and garlic knots are great as well, I order from them quite often and the delivery is always super quick!","['delivery', 'online ordering', 'delivery time']","[{'term': 'delivery', 'polarity': 'positive'}, {'term': 'online ordering', 'polarity': 'positive'}, {'term': 'delivery time', 'polarity': 'positive'}]","[{'category': 'general', 'polarity': 'neutral'}]",45
"delivery and staff are great as well, I order from them quite often and the delivery service is always super quick!","Pizza and garlic knots are great as well, I order from them quite often and the delivery is always super quick!","['delivery', 'staff', 'delivery service']","[{'term': 'delivery', 'polarity': 'positive'}, {'term': 'staff', 'polarity': 'positive'}, {'term': 'delivery service', 'polarity': 'positive'}]","[{'category': 'general', 'polarity': 'neutral'}]",46
"delivery and pickup are great as well, I order from them quite often and the service is always super quick!","Pizza and garlic knots are great as well, I order from them quite often and the delivery is always super quick!","['delivery', 'pickup', 'service']","[{'term': 'delivery', 'polarity': 'positive'}, {'term': 'pickup', 'polarity': 'positive'}, {'term': 'service', 'polarity': 'positive'}]","[{'category': 'general', 'polarity': 'neutral'}]",47
The waiter was friendly and atmosphere.,The soup for the udon was soy sauce and water.,"['waiter', 'friendly', 'atmosphere']","[{'term': 'waiter', 'polarity': 'negative'}, {'term': 'friendly', 'polarity': 'neutral'}, {'term': 'atmosphere', 'polarity': 'neutral'}]","[{'category': 'general', 'polarity': 'neutral'}]",60
The restaurant was busy and crowded.,The soup for the udon was soy sauce and water.,"['restaurant', 'busy', 'crowded']","[{'term': 'restaurant', 'polarity': 'negative'}, {'term': 'busy', 'polarity': 'neutral'}, {'term': 'crowded', 'polarity': 'neutral'}]","[{'category': 'general', 'polarity': 'neutral'}]",62
The delicious was tasty and excellent.,The soup for the udon was soy sauce and water.,"['delicious', 'tasty', 'excellent']","[{'term': 'delicious', 'polarity': 'negative'}, {'term': 'tasty', 'polarity': 'neutral'}, {'term': 'excellent', 'polarity': 'neutral'}]","[{'category': 'general', 'polarity': 'neutral'}]",64
The cuisine was delicious and expensive.,The soup for the udon was soy sauce and water.,"['cuisine', 'delicious', 'expensive']","[{'term': 'cuisine', 'polarity': 'negative'}, {'term': 'delicious', 'polarity': 'neutral'}, {'term': 'expensive', 'polarity': 'neutral'}]","[{'category': 'general', 'polarity': 'neutral'}]",65
"They might be all business at the counter when you give your order, but their staff says I love you.","They might be all business at the counter when you give your order, but their food says I love you.","['counter', 'staff']","[{'term': 'counter', 'polarity': 'positive'}, {'term': 'staff', 'polarity': 'negative'}]","[{'category': 'general', 'polarity': 'neutral'}]",66
"They might be all business at the cafe when you give your order, but their tattoo says I love you.","They might be all business at the counter when you give your order, but their food says I love you.","['cafe', 'tattoo']","[{'term': 'cafe', 'polarity': 'positive'}, {'term': 'tattoo', 'polarity': 'negative'}]","[{'category': 'general', 'polarity': 'neutral'}]",68
"They might be all business at the front when you give your order, but their heart says I love you.","They might be all business at the counter when you give your order, but their food says I love you.","['front', 'heart']","[{'term': 'front', 'polarity': 'positive'}, {'term': 'heart', 'polarity': 'negative'}]","[{'category': 'general', 'polarity': 'neutral'}]",69
"They might be all business at the cafe when you give your order, but their waiter says I love you.","They might be all business at the counter when you give your order, but their food says I love you.","['cafe', 'waiter']","[{'term': 'cafe', 'polarity': 'positive'}, {'term': 'waiter', 'polarity': 'negative'}]","[{'category': 'general', 'polarity': 'neutral'}]",71
"I had their appetizer for lunch, which were the worst in my entire life, I tried removing the crust completely that was how failed it was.","I had their eggs benedict for brunch, which were the worst in my entire life, I tried removing the hollondaise sauce completely that was how failed it was.","['appetizer', 'lunch', 'crust']","[{'term': 'appetizer', 'polarity': 'negative'}, {'term': 'lunch', 'polarity': 'negative'}, {'term': 'crust', 'polarity': 'neutral'}]","[{'category': 'general', 'polarity': 'neutral'}]",78
"I had their sandwiches for lunch, which were the worst in my entire life, I tried removing the mayonnaise completely that was how failed it was.","I had their eggs benedict for brunch, which were the worst in my entire life, I tried removing the hollondaise sauce completely that was how failed it was.","['sandwiches', 'lunch', 'mayonnaise']","[{'term': 'sandwiches', 'polarity': 'negative'}, {'term': 'lunch', 'polarity': 'negative'}, {'term': 'mayonnaise', 'polarity': 'neutral'}]","[{'category': 'general', 'polarity': 'neutral'}]",79
"I had their appetizers for lunch, which were the worst in my entire life, I tried removing the garlic completely that was how failed it was.","I had their eggs benedict for brunch, which were the worst in my entire life, I tried removing the hollondaise sauce completely that was how failed it was.","['appetizers', 'lunch', 'garlic']","[{'term': 'appetizers', 'polarity': 'negative'}, {'term': 'lunch', 'polarity': 'negative'}, {'term': 'garlic', 'polarity': 'neutral'}]","[{'category': 'general', 'polarity': 'neutral'}]",80
"I had their appetizers for dinner, which were the worst in my entire life, I tried removing the breading completely that was how failed it was.","I had their eggs benedict for brunch, which were the worst in my entire life, I tried removing the hollondaise sauce completely that was how failed it was.","['appetizers', 'dinner', 'breading']","[{'term': 'appetizers', 'polarity': 'negative'}, {'term': 'dinner', 'polarity': 'negative'}, {'term': 'breading', 'polarity': 'neutral'}]","[{'category': 'general', 'polarity': 'neutral'}]",81
"I had their sandwiches for lunch, which were the worst in my entire life, I tried removing the seeds completely that was how failed it was.","I had their eggs benedict for brunch, which were the worst in my entire life, I tried removing the hollondaise sauce completely that was how failed it was.","['sandwiches', 'lunch', 'seeds']","[{'term': 'sandwiches', 'polarity': 'negative'}, {'term': 'lunch', 'polarity': 'negative'}, {'term': 'seeds', 'polarity': 'neutral'}]","[{'category': 'general', 'polarity': 'neutral'}]",82
"I had their pasta for lunch, which were the worst in my entire life, I tried removing the cheese completely that was how failed it was.","I had their eggs benedict for brunch, which were the worst in my entire life, I tried removing the hollondaise sauce completely that was how failed it was.","['pasta', 'lunch', 'cheese']","[{'term': 'pasta', 'polarity': 'negative'}, {'term': 'lunch', 'polarity': 'negative'}, {'term': 'cheese', 'polarity': 'neutral'}]","[{'category': 'general', 'polarity': 'neutral'}]",83
"It costs $2 extra to turn a regular pancake into an inside-out pancake, but the volume more than triples in size, and that's not just from the water.","It costs $2 extra to turn a regular roll into an inside-out roll, but the roll more than triples in size, and that's not just from the rice.","['pancake', 'pancake', 'volume', 'water']","[{'term': 'pancake', 'polarity': 'negative'}, {'term': 'pancake', 'polarity': 'negative'}, {'term': 'volume', 'polarity': 'negative'}, {'term': 'water', 'polarity': 'neutral'}]","[{'category': 'general', 'polarity': 'neutral'}]",84
"It costs $2 extra to turn a regular sandwich into an inside-out upside-down sandwich, but the volume more than triples in size, and that's not just from the filling.","It costs $2 extra to turn a regular roll into an inside-out roll, but the roll more than triples in size, and that's not just from the rice.","['sandwich', 'upside-down sandwich', 'volume', 'filling']","[{'term': 'sandwich', 'polarity': 'negative'}, {'term': 'upside-down sandwich', 'polarity': 'negative'}, {'term': 'volume', 'polarity': 'negative'}, {'term': 'filling', 'polarity': 'neutral'}]","[{'category': 'general', 'polarity': 'neutral'}]",85
"It costs $2 extra to turn a regular burger into an inside-out hamburger, but the volume more than triples in size, and that's not just from the area.","It costs $2 extra to turn a regular roll into an inside-out roll, but the roll more than triples in size, and that's not just from the rice.","['burger', 'hamburger', 'volume', 'area']","[{'term': 'burger', 'polarity': 'negative'}, {'term': 'hamburger', 'polarity': 'negative'}, {'term': 'volume', 'polarity': 'negative'}, {'term': 'area', 'polarity': 'neutral'}]","[{'category': 'general', 'polarity': 'neutral'}]",86
"It costs $2 extra to turn a regular burger into an inside-out upside-down burger, but the volume more than triples in size, and that's not just from the filling.","It costs $2 extra to turn a regular roll into an inside-out roll, but the roll more than triples in size, and that's not just from the rice.","['burger', 'upside-down burger', 'volume', 'filling']","[{'term': 'burger', 'polarity': 'negative'}, {'term': 'upside-down burger', 'polarity': 'negative'}, {'term': 'volume', 'polarity': 'negative'}, {'term': 'filling', 'polarity': 'neutral'}]","[{'category': 'general', 'polarity': 'neutral'}]",87
"It costs $2 extra to turn a regular burger into an inside-out patty, but the worth it more than triples in size, and that's not just from the filling.","It costs $2 extra to turn a regular roll into an inside-out roll, but the roll more than triples in size, and that's not just from the rice.","['burger', 'patty', 'worth it', 'filling']","[{'term': 'burger', 'polarity': 'negative'}, {'term': 'patty', 'polarity': 'negative'}, {'term': 'worth it', 'polarity': 'negative'}, {'term': 'filling', 'polarity': 'neutral'}]","[{'category': 'general', 'polarity': 'neutral'}]",88
"It costs $2 extra to turn a regular burger into an inside-out top-bun, but the volume more than triples in size, and that's not just from the filling.","It costs $2 extra to turn a regular roll into an inside-out roll, but the roll more than triples in size, and that's not just from the rice.","['burger', 'top-bun', 'volume', 'filling']","[{'term': 'burger', 'polarity': 'negative'}, {'term': 'top-bun', 'polarity': 'negative'}, {'term': 'volume', 'polarity': 'negative'}, {'term': 'filling', 'polarity': 'neutral'}]","[{'category': 'general', 'polarity': 'neutral'}]",89
"I had the dinner and while it was fine, for the amount paid, I expected it to have some type of flair.","I had the salmon dish and while it was fine, for the price paid, I expected it to have some type of flavor.","['dinner', 'amount', 'flair']","[{'term': 'dinner', 'polarity': 'conflict'}, {'term': 'amount', 'polarity': 'negative'}, {'term': 'flair', 'polarity': 'neutral'}]","[{'category': 'general', 'polarity': 'neutral'}]",90
"I had the dinner and while it was fine, for the price paid, I expected it to have some type of flair.","I had the salmon dish and while it was fine, for the price paid, I expected it to have some type of flavor.","['dinner', 'price', 'flair']","[{'term': 'dinner', 'polarity': 'conflict'}, {'term': 'price', 'polarity': 'negative'}, {'term': 'flair', 'polarity': 'neutral'}]","[{'category': 'general', 'polarity': 'neutral'}]",91
"I had the dish and while it was fine, for the amount paid, I expected it to have some type of flavor.","I had the salmon dish and while it was fine, for the price paid, I expected it to have some type of flavor.","['dish', 'amount', 'flavor']","[{'term': 'dish', 'polarity': 'conflict'}, {'term': 'amount', 'polarity': 'negative'}, {'term': 'flavor', 'polarity': 'neutral'}]","[{'category': 'general', 'polarity': 'neutral'}]",92
"I had the steak and while it was fine, for the price paid, I expected it to have some type of flair.","I had the salmon dish and while it was fine, for the price paid, I expected it to have some type of flavor.","['steak', 'price', 'flair']","[{'term': 'steak', 'polarity': 'conflict'}, {'term': 'price', 'polarity': 'negative'}, {'term': 'flair', 'polarity': 'neutral'}]","[{'category': 'general', 'polarity': 'neutral'}]",93
"I had the burger and while it was fine, for the customer paid, I expected it to have some type of flair.","I had the salmon dish and while it was fine, for the price paid, I expected it to have some type of flavor.","['burger', 'customer', 'flair']","[{'term': 'burger', 'polarity': 'conflict'}, {'term': 'customer', 'polarity': 'negative'}, {'term': 'flair', 'polarity': 'neutral'}]","[{'category': 'general', 'polarity': 'neutral'}]",94
"I had the burger and while it was fine, for the price paid, I expected it to have some type of flair.","I had the salmon dish and while it was fine, for the price paid, I expected it to have some type of flavor.","['burger', 'price', 'flair']","[{'term': 'burger', 'polarity': 'conflict'}, {'term': 'price', 'polarity': 'negative'}, {'term': 'flair', 'polarity': 'neutral'}]","[{'category': 'general', 'polarity': 'neutral'}]",95
The table next to us asked if he crushed the coffee beans himself when their long overdue latte finally arrived.,The table next to us asked if he crushed the grapes himself when their long overdue bottle of wine finally arrived.,"['coffee beans', 'latte']","[{'term': 'coffee beans', 'polarity': 'neutral'}, {'term': 'latte', 'polarity': 'neutral'}]","[{'category': 'general', 'polarity': 'neutral'}]",96
The table next to us asked if he crushed the spaghetti himself when their long overdue reservations finally arrived.,The table next to us asked if he crushed the grapes himself when their long overdue bottle of wine finally arrived.,"['spaghetti', 'reservations']","[{'term': 'spaghetti', 'polarity': 'neutral'}, {'term': 'reservations', 'polarity': 'neutral'}]","[{'category': 'general', 'polarity': 'neutral'}]",99
The table next to us asked if he crushed the garlic himself when their long overdue delivery finally arrived.,The table next to us asked if he crushed the grapes himself when their long overdue bottle of wine finally arrived.,"['garlic', 'delivery']","[{'term': 'garlic', 'polarity': 'neutral'}, {'term': 'delivery', 'polarity': 'neutral'}]","[{'category': 'general', 'polarity': 'neutral'}]",100
The table next to us asked if he crushed the lobster himself when their long overdue order finally arrived.,The table next to us asked if he crushed the grapes himself when their long overdue bottle of wine finally arrived.,"['lobster', 'order']","[{'term': 'lobster', 'polarity': 'neutral'}, {'term': 'order', 'polarity': 'neutral'}]","[{'category': 'general', 'polarity': 'neutral'}]",101
Highly recommend this as great dining for excellent service and food.,Highly recommend this as great value for excellent sushi and service.,"['dining', 'service', 'food']","[{'term': 'dining', 'polarity': 'positive'}, {'term': 'service', 'polarity': 'positive'}, {'term': 'food', 'polarity': 'positive'}]","[{'category': 'general', 'polarity': 'neutral'}]",106
We go on Mondays for the breakfast and our experience with the service has been comparable to Blue Ribbon.,We go on Mondays for the prix fixe and our experience with the food has been comparable to Blue Ribbon.,"['breakfast', 'service']","[{'term': 'breakfast', 'polarity': 'neutral'}, {'term': 'service', 'polarity': 'neutral'}]","[{'category': 'general', 'polarity': 'neutral'}]",110
"A cheap eats for NYC, but not for your money.","A cheap eat for NYC, but not for dosa.","['eats', 'your money']","[{'term': 'eats', 'polarity': 'negative'}, {'term': 'your money', 'polarity': 'positive'}]","[{'category': 'general', 'polarity': 'neutral'}]",114
"A cheap meal for NYC, but not for downtown.","A cheap eat for NYC, but not for dosa.","['meal', 'downtown']","[{'term': 'meal', 'polarity': 'negative'}, {'term': 'downtown', 'polarity': 'positive'}]","[{'category': 'general', 'polarity': 'neutral'}]",115
"A cheap meal for NYC, but not for other cities.","A cheap eat for NYC, but not for dosa.","['meal', 'other cities']","[{'term': 'meal', 'polarity': 'negative'}, {'term': 'other cities', 'polarity': 'positive'}]","[{'category': 'general', 'polarity': 'neutral'}]",116
"A cheap hotel for NYC, but not for elsewhere.","A cheap eat for NYC, but not for dosa.","['hotel', 'elsewhere']","[{'term': 'hotel', 'polarity': 'negative'}, {'term': 'elsewhere', 'polarity': 'positive'}]","[{'category': 'general', 'polarity': 'neutral'}]",117
"A cheap meal for NYC, but not for elsewhere.","A cheap eat for NYC, but not for dosa.","['meal', 'elsewhere']","[{'term': 'meal', 'polarity': 'negative'}, {'term': 'elsewhere', 'polarity': 'positive'}]","[{'category': 'general', 'polarity': 'neutral'}]",118
"A cheap hostel for NYC, but not for elsewhere.","A cheap eat for NYC, but not for dosa.","['hostel', 'elsewhere']","[{'term': 'hostel', 'polarity': 'negative'}, {'term': 'elsewhere', 'polarity': 'positive'}]","[{'category': 'general', 'polarity': 'neutral'}]",119
If you like your music blasted and the system isnt that great and if you want to pay at least 100 dollar bill then you'll love it here.,If you like your music blasted and the system isnt that great and if you want to pay at least 100 dollar bottle minimun then you'll love it here.,"['music', 'bill']","[{'term': 'music', 'polarity': 'negative'}, {'term': 'bill', 'polarity': 'negative'}]","[{'category': 'general', 'polarity': 'neutral'}]",126
If you like your music loud blasted and the system isnt that great and if you want to pay at least 100 dollar service charge then you'll love it here.,If you like your music blasted and the system isnt that great and if you want to pay at least 100 dollar bottle minimun then you'll love it here.,"['music loud', 'service charge']","[{'term': 'music loud', 'polarity': 'negative'}, {'term': 'service charge', 'polarity': 'negative'}]","[{'category': 'general', 'polarity': 'neutral'}]",127
If you like your coffee blasted and the system isnt that great and if you want to pay at least 100 dollar price then you'll love it here.,If you like your music blasted and the system isnt that great and if you want to pay at least 100 dollar bottle minimun then you'll love it here.,"['coffee', 'price']","[{'term': 'coffee', 'polarity': 'negative'}, {'term': 'price', 'polarity': 'negative'}]","[{'category': 'general', 'polarity': 'neutral'}]",129
If you like your coffee blasted and the system isnt that great and if you want to pay at least 100 dollar surgeon then you'll love it here.,If you like your music blasted and the system isnt that great and if you want to pay at least 100 dollar bottle minimun then you'll love it here.,"['coffee', 'surgeon']","[{'term': 'coffee', 'polarity': 'negative'}, {'term': 'surgeon', 'polarity': 'negative'}]","[{'category': 'general', 'polarity': 'neutral'}]",130
"Also, top the pie with a delicious and perfect slice of cheesecake.","Also, top the meal with a delicious and perfect slice of tiramisu.","['pie', 'cheesecake']","[{'term': 'pie', 'polarity': 'positive'}, {'term': 'cheesecake', 'polarity': 'neutral'}]","[{'category': 'general', 'polarity': 'neutral'}]",132
"Also, top the toast with a delicious and perfect slice of avocado.","Also, top the meal with a delicious and perfect slice of tiramisu.","['toast', 'avocado']","[{'term': 'toast', 'polarity': 'positive'}, {'term': 'avocado', 'polarity': 'neutral'}]","[{'category': 'general', 'polarity': 'neutral'}]",133
"Also, top the pie with a delicious and perfect slice of cake.","Also, top the meal with a delicious and perfect slice of tiramisu.","['pie', 'cake']","[{'term': 'pie', 'polarity': 'positive'}, {'term': 'cake', 'polarity': 'neutral'}]","[{'category': 'general', 'polarity': 'neutral'}]",135
"Also, top the pie with a delicious and perfect slice of pizza.","Also, top the meal with a delicious and perfect slice of tiramisu.","['pie', 'pizza']","[{'term': 'pie', 'polarity': 'positive'}, {'term': 'pizza', 'polarity': 'neutral'}]","[{'category': 'general', 'polarity': 'neutral'}]",137
By far this is the only chinese desserts place I know in NY or anywhere close in the Northeastern America that serves mooncakes in a couple of varieties and sesame balls.,By far this is the only chinese desserts place I know in NY or anywhere close in the Northeastern America that serves desserts with frog jelly in a couple of varieties and pig feet ginger simmered in black vinegar.,"['mooncakes', 'sesame balls']","[{'term': 'mooncakes', 'polarity': 'positive'}, {'term': 'sesame balls', 'polarity': 'positive'}]","[{'category': 'general', 'polarity': 'neutral'}]",138
By far this is the only chinese desserts place I know in NY or anywhere close in the Northeastern America that serves pastries in a couple of varieties and mochi.,By far this is the only chinese desserts place I know in NY or anywhere close in the Northeastern America that serves desserts with frog jelly in a couple of varieties and pig feet ginger simmered in black vinegar.,"['pastries', 'mochi']","[{'term': 'pastries', 'polarity': 'positive'}, {'term': 'mochi', 'polarity': 'positive'}]","[{'category': 'general', 'polarity': 'neutral'}]",141
"The dishes offered were unique, very tasty and fresh from the farm, garden, orchard to the amazing seafood (the best and freshest I've ever had).","The dishes offered were unique, very tasty and fresh from the lamb sausages, sardines with biscuits, large whole shrimp to the amazing pistachio ice cream (the best and freshest I've ever had).","['dishes', 'farm', 'garden', 'orchard', 'seafood']","[{'term': 'dishes', 'polarity': 'positive'}, {'term': 'farm', 'polarity': 'positive'}, {'term': 'garden', 'polarity': 'positive'}, {'term': 'orchard', 'polarity': 'positive'}, {'term': 'seafood', 'polarity': 'positive'}]","[{'category': 'general', 'polarity': 'neutral'}]",144
"The appetizers offered were unique, very tasty and fresh from the farm, garden, orchard to the amazing produce (the best and freshest I've ever had).","The dishes offered were unique, very tasty and fresh from the lamb sausages, sardines with biscuits, large whole shrimp to the amazing pistachio ice cream (the best and freshest I've ever had).","['appetizers', 'farm', 'garden', 'orchard', 'produce']","[{'term': 'appetizers', 'polarity': 'positive'}, {'term': 'farm', 'polarity': 'positive'}, {'term': 'garden', 'polarity': 'positive'}, {'term': 'orchard', 'polarity': 'positive'}, {'term': 'produce', 'polarity': 'positive'}]","[{'category': 'general', 'polarity': 'neutral'}]",145
"The dishes offered were unique, very tasty and fresh from the farm, kitchen, table to the amazing seafood (the best and freshest I've ever had).","The dishes offered were unique, very tasty and fresh from the lamb sausages, sardines with biscuits, large whole shrimp to the amazing pistachio ice cream (the best and freshest I've ever had).","['dishes', 'farm', 'kitchen', 'table', 'seafood']","[{'term': 'dishes', 'polarity': 'positive'}, {'term': 'farm', 'polarity': 'positive'}, {'term': 'kitchen', 'polarity': 'positive'}, {'term': 'table', 'polarity': 'positive'}, {'term': 'seafood', 'polarity': 'positive'}]","[{'category': 'general', 'polarity': 'neutral'}]",146
"The appetizers offered were unique, very tasty and fresh from the farm, garden, orchard to the amazing ingredients (the best and freshest I've ever had).","The dishes offered were unique, very tasty and fresh from the lamb sausages, sardines with biscuits, large whole shrimp to the amazing pistachio ice cream (the best and freshest I've ever had).","['appetizers', 'farm', 'garden', 'orchard', 'ingredients']","[{'term': 'appetizers', 'polarity': 'positive'}, {'term': 'farm', 'polarity': 'positive'}, {'term': 'garden', 'polarity': 'positive'}, {'term': 'orchard', 'polarity': 'positive'}, {'term': 'ingredients', 'polarity': 'positive'}]","[{'category': 'general', 'polarity': 'neutral'}]",147
"The dishes offered were unique, very tasty and fresh from the farm, kitchen, preparations to the amazing seafood (the best and freshest I've ever had).","The dishes offered were unique, very tasty and fresh from the lamb sausages, sardines with biscuits, large whole shrimp to the amazing pistachio ice cream (the best and freshest I've ever had).","['dishes', 'farm', 'kitchen', 'preparations', 'seafood']","[{'term': 'dishes', 'polarity': 'positive'}, {'term': 'farm', 'polarity': 'positive'}, {'term': 'kitchen', 'polarity': 'positive'}, {'term': 'preparations', 'polarity': 'positive'}, {'term': 'seafood', 'polarity': 'positive'}]","[{'category': 'general', 'polarity': 'neutral'}]",148
"The dishes offered were unique, very tasty and fresh from the farm, kitchen, dishes to the amazing seafood (the best and freshest I've ever had).","The dishes offered were unique, very tasty and fresh from the lamb sausages, sardines with biscuits, large whole shrimp to the amazing pistachio ice cream (the best and freshest I've ever had).","['dishes', 'farm', 'kitchen', 'dishes', 'seafood']","[{'term': 'dishes', 'polarity': 'positive'}, {'term': 'farm', 'polarity': 'positive'}, {'term': 'kitchen', 'polarity': 'positive'}, {'term': 'dishes', 'polarity': 'positive'}, {'term': 'seafood', 'polarity': 'positive'}]","[{'category': 'general', 'polarity': 'neutral'}]",149
It is kinda nosiy and the tables are close together but it's still a beautiful outdoor to enjoy a nice meal.,It is kinda nosiy and the tables are close together but it's still a beautiful place to enjoy a nice dinner.,"['tables', 'outdoor', 'meal']","[{'term': 'tables', 'polarity': 'negative'}, {'term': 'outdoor', 'polarity': 'positive'}, {'term': 'meal', 'polarity': 'positive'}]","[{'category': 'general', 'polarity': 'neutral'}]",150
It is kinda nosiy and the tables are close together but it's still a beautiful view to enjoy a nice meal.,It is kinda nosiy and the tables are close together but it's still a beautiful place to enjoy a nice dinner.,"['tables', 'view', 'meal']","[{'term': 'tables', 'polarity': 'negative'}, {'term': 'view', 'polarity': 'positive'}, {'term': 'meal', 'polarity': 'positive'}]","[{'category': 'general', 'polarity': 'neutral'}]",152
It is kinda nosiy and the tables are close together but it's still a beautiful garden to enjoy a nice meal.,It is kinda nosiy and the tables are close together but it's still a beautiful place to enjoy a nice dinner.,"['tables', 'garden', 'meal']","[{'term': 'tables', 'polarity': 'negative'}, {'term': 'garden', 'polarity': 'positive'}, {'term': 'meal', 'polarity': 'positive'}]","[{'category': 'general', 'polarity': 'neutral'}]",154
It is kinda nosiy and the tables are close together but it's still a beautiful dining area to enjoy a nice meal.,It is kinda nosiy and the tables are close together but it's still a beautiful place to enjoy a nice dinner.,"['tables', 'dining area', 'meal']","[{'term': 'tables', 'polarity': 'negative'}, {'term': 'dining area', 'polarity': 'positive'}, {'term': 'meal', 'polarity': 'positive'}]","[{'category': 'general', 'polarity': 'neutral'}]",155
"The melt-in-your-mouth was like buttah and with garlic and an icy cold beer to wash it down, it was a pleasurable experience.","The Pastrami sandwich was like buttah and with pickles and an icy cold beer to wash it down, it was a pleasurable experience.","['melt-in-your-mouth', 'garlic', 'beer']","[{'term': 'melt-in-your-mouth', 'polarity': 'positive'}, {'term': 'garlic', 'polarity': 'positive'}, {'term': 'beer', 'polarity': 'positive'}]","[{'category': 'general', 'polarity': 'neutral'}]",156
"The melt was like buttah and with butter and an icy cold beer to wash it down, it was a pleasurable experience.","The Pastrami sandwich was like buttah and with pickles and an icy cold beer to wash it down, it was a pleasurable experience.","['melt', 'butter', 'beer']","[{'term': 'melt', 'polarity': 'positive'}, {'term': 'butter', 'polarity': 'positive'}, {'term': 'beer', 'polarity': 'positive'}]","[{'category': 'general', 'polarity': 'neutral'}]",157
"The melted was like buttah and with butter and an icy cold beer to wash it down, it was a pleasurable experience.","The Pastrami sandwich was like buttah and with pickles and an icy cold beer to wash it down, it was a pleasurable experience.","['melted', 'butter', 'beer']","[{'term': 'melted', 'polarity': 'positive'}, {'term': 'butter', 'polarity': 'positive'}, {'term': 'beer', 'polarity': 'positive'}]","[{'category': 'general', 'polarity': 'neutral'}]",158
"The melt was like buttah and with garlic and an icy cold beer to wash it down, it was a pleasurable experience.","The Pastrami sandwich was like buttah and with pickles and an icy cold beer to wash it down, it was a pleasurable experience.","['melt', 'garlic', 'beer']","[{'term': 'melt', 'polarity': 'positive'}, {'term': 'garlic', 'polarity': 'positive'}, {'term': 'beer', 'polarity': 'positive'}]","[{'category': 'general', 'polarity': 'neutral'}]",159
"The melt-in-your-mouth was like buttah and with butter and an icy cold beer to wash it down, it was a pleasurable experience.","The Pastrami sandwich was like buttah and with pickles and an icy cold beer to wash it down, it was a pleasurable experience.","['melt-in-your-mouth', 'butter', 'beer']","[{'term': 'melt-in-your-mouth', 'polarity': 'positive'}, {'term': 'butter', 'polarity': 'positive'}, {'term': 'beer', 'polarity': 'positive'}]","[{'category': 'general', 'polarity': 'neutral'}]",160
"The butter was like buttah and with garlic and an icy cold beer to wash it down, it was a pleasurable experience.","The Pastrami sandwich was like buttah and with pickles and an icy cold beer to wash it down, it was a pleasurable experience.","['butter', 'garlic', 'beer']","[{'term': 'butter', 'polarity': 'positive'}, {'term': 'garlic', 'polarity': 'positive'}, {'term': 'beer', 'polarity': 'positive'}]","[{'category': 'general', 'polarity': 'neutral'}]",161
"Late nite dinner options are not good here, there is no variety!","Late nite omelletes are not good here, there is no variety!",['dinner options'],"[{'term': 'dinner options', 'polarity': 'negative'}]","[{'category': 'general', 'polarity': 'neutral'}]",167
"After 2 tries by the waiter to take it away (we hadn't even looked at it yet, we had full meals yet to drink), the server approached and told us they needed the table for people with reservations.","After 2 tries by the waiter to take it away (we hadn't even looked at it yet, we had full beers yet to drink), the manager approached and told us they needed the table for people with reservations.","['waiter', 'meals', 'server', 'reservations']","[{'term': 'waiter', 'polarity': 'negative'}, {'term': 'meals', 'polarity': 'neutral'}, {'term': 'server', 'polarity': 'negative'}, {'term': 'reservations', 'polarity': 'positive'}]","[{'category': 'general', 'polarity': 'neutral'}]",180
"After 2 tries by the waiter to take it away (we hadn't even looked at it yet, we had full plates yet to drink), the server approached and told us they needed the table for people with reservations.","After 2 tries by the waiter to take it away (we hadn't even looked at it yet, we had full beers yet to drink), the manager approached and told us they needed the table for people with reservations.","['waiter', 'plates', 'server', 'reservations']","[{'term': 'waiter', 'polarity': 'negative'}, {'term': 'plates', 'polarity': 'neutral'}, {'term': 'server', 'polarity': 'negative'}, {'term': 'reservations', 'polarity': 'positive'}]","[{'category': 'general', 'polarity': 'neutral'}]",181
"After 2 tries by the waiter to take it away (we hadn't even looked at it yet, we had full plates yet to drink), the customers approached and told us they needed the table for people with reservations.","After 2 tries by the waiter to take it away (we hadn't even looked at it yet, we had full beers yet to drink), the manager approached and told us they needed the table for people with reservations.","['waiter', 'plates', 'customers', 'reservations']","[{'term': 'waiter', 'polarity': 'negative'}, {'term': 'plates', 'polarity': 'neutral'}, {'term': 'customers', 'polarity': 'negative'}, {'term': 'reservations', 'polarity': 'positive'}]","[{'category': 'general', 'polarity': 'neutral'}]",182
"After 2 tries by the waiter to take it away (we hadn't even looked at it yet, we had full meal yet to drink), the host approached and told us they needed the table for people with reservations.","After 2 tries by the waiter to take it away (we hadn't even looked at it yet, we had full beers yet to drink), the manager approached and told us they needed the table for people with reservations.","['waiter', 'meal', 'host', 'reservations']","[{'term': 'waiter', 'polarity': 'negative'}, {'term': 'meal', 'polarity': 'neutral'}, {'term': 'host', 'polarity': 'negative'}, {'term': 'reservations', 'polarity': 'positive'}]","[{'category': 'general', 'polarity': 'neutral'}]",183
"After 2 tries by the waiter to take it away (we hadn't even looked at it yet, we had full meals yet to drink), the host approached and told us they needed the table for people with reservations.","After 2 tries by the waiter to take it away (we hadn't even looked at it yet, we had full beers yet to drink), the manager approached and told us they needed the table for people with reservations.","['waiter', 'meals', 'host', 'reservations']","[{'term': 'waiter', 'polarity': 'negative'}, {'term': 'meals', 'polarity': 'neutral'}, {'term': 'host', 'polarity': 'negative'}, {'term': 'reservations', 'polarity': 'positive'}]","[{'category': 'general', 'polarity': 'neutral'}]",184
"After 2 tries by the waiter to take it away (we hadn't even looked at it yet, we had full plates yet to drink), the party approached and told us they needed the table for people with reservations.","After 2 tries by the waiter to take it away (we hadn't even looked at it yet, we had full beers yet to drink), the manager approached and told us they needed the table for people with reservations.","['waiter', 'plates', 'party', 'reservations']","[{'term': 'waiter', 'polarity': 'negative'}, {'term': 'plates', 'polarity': 'neutral'}, {'term': 'party', 'polarity': 'negative'}, {'term': 'reservations', 'polarity': 'positive'}]","[{'category': 'general', 'polarity': 'neutral'}]",185
"Given the incredible ambience surrounding it, this restaurant has no character.","Given the incredible architecture surrounding it, this place has no character.","['ambience', 'restaurant']","[{'term': 'ambience', 'polarity': 'positive'}, {'term': 'restaurant', 'polarity': 'negative'}]","[{'category': 'general', 'polarity': 'neutral'}]",187
"Given the incredible atmosphere surrounding it, this restaurant has no character.","Given the incredible architecture surrounding it, this place has no character.","['atmosphere', 'restaurant']","[{'term': 'atmosphere', 'polarity': 'positive'}, {'term': 'restaurant', 'polarity': 'negative'}]","[{'category': 'general', 'polarity': 'neutral'}]",188
"On the other hand, if you are not fooled easily, you will find hundreds of restaurants that will give you exquisite service and cuisine that is on par with Alain Ducasse, and flair that will outshine in ambiance, presentation, food, wine and beverage.","On the other hand, if you are not fooled easily, you will find hundreds of restaurants that will give you service and ambiance that is on par with Alain Ducasse, and food that will outshine in presentaion, taste, choice, quality and quantity.","['exquisite service', 'cuisine', 'flair', 'ambiance', 'presentation', 'food', 'wine', 'beverage']","[{'term': 'exquisite service', 'polarity': 'neutral'}, {'term': 'cuisine', 'polarity': 'neutral'}, {'term': 'flair', 'polarity': 'negative'}, {'term': 'ambiance', 'polarity': 'negative'}, {'term': 'presentation', 'polarity': 'negative'}, {'term': 'food', 'polarity': 'negative'}, {'term': 'wine', 'polarity': 'negative'}, {'term': 'beverage', 'polarity': 'negative'}]","[{'category': 'general', 'polarity': 'neutral'}]",193
$20 gets you unlimited tastings of a very high quality- I even took a friend here from Japan who said it was one of the best sushi places in the US that he has been to.,$20 gets you unlimited sushi of a very high quality- I even took a friend here from Japan who said it was one of the best sushi places in the US that he has been to.,"['tastings', 'quality', 'sushi']","[{'term': 'tastings', 'polarity': 'positive'}, {'term': 'quality', 'polarity': 'positive'}, {'term': 'sushi', 'polarity': 'positive'}]","[{'category': 'general', 'polarity': 'neutral'}]",198
Our friendly servers made great recommendations and also sent both the appetizers and the entrees to the table to help suggest different pairings for wines and beers.,Our friendly server made great food suggestions and also sent both the sommelier and the fromager to the table to help suggest different pairings for wine and cheese.,"['servers', 'recommendations', 'appetizers', 'entrees', 'wines', 'beers']","[{'term': 'servers', 'polarity': 'positive'}, {'term': 'recommendations', 'polarity': 'positive'}, {'term': 'appetizers', 'polarity': 'positive'}, {'term': 'entrees', 'polarity': 'positive'}, {'term': 'wines', 'polarity': 'neutral'}, {'term': 'beers', 'polarity': 'neutral'}]","[{'category': 'general', 'polarity': 'neutral'}]",204
Our friendly waiter made great drinks and also sent both the appetizers and the entrees to the table to help suggest different pairings for dishes and courses.,Our friendly server made great food suggestions and also sent both the sommelier and the fromager to the table to help suggest different pairings for wine and cheese.,"['waiter', 'drinks', 'appetizers', 'entrees', 'dishes', 'courses']","[{'term': 'waiter', 'polarity': 'positive'}, {'term': 'drinks', 'polarity': 'positive'}, {'term': 'appetizers', 'polarity': 'positive'}, {'term': 'entrees', 'polarity': 'positive'}, {'term': 'dishes', 'polarity': 'neutral'}, {'term': 'courses', 'polarity': 'neutral'}]","[{'category': 'general', 'polarity': 'neutral'}]",205
Our friendly waiter made great recommendations and also sent both the wine and the beer to the table to help suggest different pairings for dishes and courses.,Our friendly server made great food suggestions and also sent both the sommelier and the fromager to the table to help suggest different pairings for wine and cheese.,"['waiter', 'recommendations', 'wine', 'beer', 'dishes', 'courses']","[{'term': 'waiter', 'polarity': 'positive'}, {'term': 'recommendations', 'polarity': 'positive'}, {'term': 'wine', 'polarity': 'positive'}, {'term': 'beer', 'polarity': 'positive'}, {'term': 'dishes', 'polarity': 'neutral'}, {'term': 'courses', 'polarity': 'neutral'}]","[{'category': 'general', 'polarity': 'neutral'}]",207
Our friendly server made great cocktails and also sent both the wine and the dishes to the table to help suggest different pairings for wines and dishes.,Our friendly server made great food suggestions and also sent both the sommelier and the fromager to the table to help suggest different pairings for wine and cheese.,"['server', 'cocktails', 'wine', 'dishes', 'wines', 'dishes']","[{'term': 'server', 'polarity': 'positive'}, {'term': 'cocktails', 'polarity': 'positive'}, {'term': 'wine', 'polarity': 'positive'}, {'term': 'dishes', 'polarity': 'positive'}, {'term': 'wines', 'polarity': 'neutral'}, {'term': 'dishes', 'polarity': 'neutral'}]","[{'category': 'general', 'polarity': 'neutral'}]",208
"Admittedly, this is not the place for gigantic pieces of entree overflowing the plate (and thank goodness, in my opinion) but for simple, elegant appetizers there is no better place in New York or anywhere in the US.","Admittedly, this is not the place for gigantic pieces of fish overflowing the plate (and thank goodness, in my opinion) but for simple, elegant sushi there is no better place in New York or anywhere in the US.","['entree', 'appetizers']","[{'term': 'entree', 'polarity': 'positive'}, {'term': 'appetizers', 'polarity': 'neutral'}]","[{'category': 'general', 'polarity': 'neutral'}]",211
"Admittedly, this is not the place for gigantic pieces of meat overflowing the plate (and thank goodness, in my opinion) but for simple, elegant dishes there is no better place in New York or anywhere in the US.","Admittedly, this is not the place for gigantic pieces of fish overflowing the plate (and thank goodness, in my opinion) but for simple, elegant sushi there is no better place in New York or anywhere in the US.","['meat', 'dishes']","[{'term': 'meat', 'polarity': 'positive'}, {'term': 'dishes', 'polarity': 'neutral'}]","[{'category': 'general', 'polarity': 'neutral'}]",214
"Admittedly, this is not the place for gigantic pieces of meat overflowing the plate (and thank goodness, in my opinion) but for simple, elegant entrees there is no better place in New York or anywhere in the US.","Admittedly, this is not the place for gigantic pieces of fish overflowing the plate (and thank goodness, in my opinion) but for simple, elegant sushi there is no better place in New York or anywhere in the US.","['meat', 'entrees']","[{'term': 'meat', 'polarity': 'positive'}, {'term': 'entrees', 'polarity': 'neutral'}]","[{'category': 'general', 'polarity': 'neutral'}]",215
We ended the crust with a surprisingly light and flaky pie.,We ended the dinner with a surprisingly light and flaky apple tarte tatin.,"['crust', 'pie']","[{'term': 'crust', 'polarity': 'positive'}, {'term': 'pie', 'polarity': 'neutral'}]","[{'category': 'general', 'polarity': 'neutral'}]",228
We ended the crust with a surprisingly light and flaky croissant.,We ended the dinner with a surprisingly light and flaky apple tarte tatin.,"['crust', 'croissant']","[{'term': 'crust', 'polarity': 'positive'}, {'term': 'croissant', 'polarity': 'neutral'}]","[{'category': 'general', 'polarity': 'neutral'}]",229
We ended the crust with a surprisingly light and flaky crème brûlée.,We ended the dinner with a surprisingly light and flaky apple tarte tatin.,"['crust', 'crème brûlée']","[{'term': 'crust', 'polarity': 'positive'}, {'term': 'crème brûlée', 'polarity': 'neutral'}]","[{'category': 'general', 'polarity': 'neutral'}]",230
We ended the dessert with a surprisingly light and flaky crust.,We ended the dinner with a surprisingly light and flaky apple tarte tatin.,"['dessert', 'crust']","[{'term': 'dessert', 'polarity': 'positive'}, {'term': 'crust', 'polarity': 'neutral'}]","[{'category': 'general', 'polarity': 'neutral'}]",231
"Its a nice quiet cafe to go eat a good lunch, relax, be able to talk and have a very good time.","Its a nice quiet location to go eat a good meal, relax, be able to talk and have a very good time.","['cafe', 'lunch']","[{'term': 'cafe', 'polarity': 'positive'}, {'term': 'lunch', 'polarity': 'positive'}]","[{'category': 'general', 'polarity': 'neutral'}]",236
"Its a nice quiet restaurant to go eat a good meal, relax, be able to talk and have a very good time.","Its a nice quiet location to go eat a good meal, relax, be able to talk and have a very good time.","['restaurant', 'meal']","[{'term': 'restaurant', 'polarity': 'positive'}, {'term': 'meal', 'polarity': 'positive'}]","[{'category': 'general', 'polarity': 'neutral'}]",238
"The ambiance is very soothing, the premium tea is excellent and the food is great.","The blond wood decor is very soothing, the premium sake is excellent and the service is great.","['ambiance', 'tea', 'food']","[{'term': 'ambiance', 'polarity': 'positive'}, {'term': 'tea', 'polarity': 'positive'}, {'term': 'food', 'polarity': 'positive'}]","[{'category': 'general', 'polarity': 'neutral'}]",242
"The background music is very soothing, the premium coffee is excellent and the ambiance is great.","The blond wood decor is very soothing, the premium sake is excellent and the service is great.","['background music', 'coffee', 'ambiance']","[{'term': 'background music', 'polarity': 'positive'}, {'term': 'coffee', 'polarity': 'positive'}, {'term': 'ambiance', 'polarity': 'positive'}]","[{'category': 'general', 'polarity': 'neutral'}]",244
"The people with carts of street food don't understand you because they don't speak English, their job is to give you the delicious street food you point at.","The people with carts of food don't understand you because they don't speak English, their job is to give you the delicious food you point at.","['street food', 'street food']","[{'term': 'street food', 'polarity': 'positive'}, {'term': 'street food', 'polarity': 'negative'}]","[{'category': 'general', 'polarity': 'neutral'}]",246
"The people with carts of tacos don't understand you because they don't speak English, their job is to give you the delicious sushi you point at.","The people with carts of food don't understand you because they don't speak English, their job is to give you the delicious food you point at.","['tacos', 'sushi']","[{'term': 'tacos', 'polarity': 'positive'}, {'term': 'sushi', 'polarity': 'negative'}]","[{'category': 'general', 'polarity': 'neutral'}]",250
"The people with carts of food don't understand you because they don't speak English, their job is to give you the delicious dumplings you point at.","The people with carts of food don't understand you because they don't speak English, their job is to give you the delicious food you point at.","['food', 'dumplings']","[{'term': 'food', 'polarity': 'positive'}, {'term': 'dumplings', 'polarity': 'negative'}]","[{'category': 'general', 'polarity': 'neutral'}]",251
The main downside to the place is the nazi-like manager running it who constantly complains about the customers.,The main downside to the place is the nazi-like guy running it who constantly complains about the noise level.,"['manager', 'customers']","[{'term': 'manager', 'polarity': 'negative'}, {'term': 'customers', 'polarity': 'negative'}]","[{'category': 'general', 'polarity': 'neutral'}]",253
The main downside to the place is the nazi-like dictatorial running it who constantly complains about the customers.,The main downside to the place is the nazi-like guy running it who constantly complains about the noise level.,"['dictatorial', 'customers']","[{'term': 'dictatorial', 'polarity': 'negative'}, {'term': 'customers', 'polarity': 'negative'}]","[{'category': 'general', 'polarity': 'neutral'}]",254
The main downside to the place is the nazi-like staff running it who constantly complains about the customers.,The main downside to the place is the nazi-like guy running it who constantly complains about the noise level.,"['staff', 'customers']","[{'term': 'staff', 'polarity': 'negative'}, {'term': 'customers', 'polarity': 'negative'}]","[{'category': 'general', 'polarity': 'neutral'}]",255
"Other than being a little crowded and a bit overpriced, the atmosphere is filled with energy (and the beautiful views of course) and the music was surprising good!","Other than being a little crowded and a bit overpriced, the atmosphere is filled with energy (and the beautiful people of course) and the food was surprising good!","['atmosphere', 'views', 'music']","[{'term': 'atmosphere', 'polarity': 'positive'}, {'term': 'views', 'polarity': 'positive'}, {'term': 'music', 'polarity': 'positive'}]","[{'category': 'general', 'polarity': 'neutral'}]",258
"Other than being a little crowded and a bit overpriced, the atmosphere is filled with energy (and the beautiful decorations of course) and the music was surprising good!","Other than being a little crowded and a bit overpriced, the atmosphere is filled with energy (and the beautiful people of course) and the food was surprising good!","['atmosphere', 'decorations', 'music']","[{'term': 'atmosphere', 'polarity': 'positive'}, {'term': 'decorations', 'polarity': 'positive'}, {'term': 'music', 'polarity': 'positive'}]","[{'category': 'general', 'polarity': 'neutral'}]",259
"Other than being a little crowded and a bit overpriced, the ambiance is filled with energy (and the beautiful decor of course) and the food was surprising good!","Other than being a little crowded and a bit overpriced, the atmosphere is filled with energy (and the beautiful people of course) and the food was surprising good!","['ambiance', 'decor', 'food']","[{'term': 'ambiance', 'polarity': 'positive'}, {'term': 'decor', 'polarity': 'positive'}, {'term': 'food', 'polarity': 'positive'}]","[{'category': 'general', 'polarity': 'neutral'}]",260
"Other than being a little crowded and a bit overpriced, the atmosphere is filled with energy (and the beautiful views of course) and the service was surprising good!","Other than being a little crowded and a bit overpriced, the atmosphere is filled with energy (and the beautiful people of course) and the food was surprising good!","['atmosphere', 'views', 'service']","[{'term': 'atmosphere', 'polarity': 'positive'}, {'term': 'views', 'polarity': 'positive'}, {'term': 'service', 'polarity': 'positive'}]","[{'category': 'general', 'polarity': 'neutral'}]",261
"Other than being a little crowded and a bit overpriced, the ambiance is filled with energy (and the beautiful floristry of course) and the waitstaff was surprising good!","Other than being a little crowded and a bit overpriced, the atmosphere is filled with energy (and the beautiful people of course) and the food was surprising good!","['ambiance', 'floristry', 'waitstaff']","[{'term': 'ambiance', 'polarity': 'positive'}, {'term': 'floristry', 'polarity': 'positive'}, {'term': 'waitstaff', 'polarity': 'positive'}]","[{'category': 'general', 'polarity': 'neutral'}]",262
"Other than being a little crowded and a bit overpriced, the vibes is filled with energy (and the beautiful landscaping of course) and the food was surprising good!","Other than being a little crowded and a bit overpriced, the atmosphere is filled with energy (and the beautiful people of course) and the food was surprising good!","['vibes', 'landscaping', 'food']","[{'term': 'vibes', 'polarity': 'positive'}, {'term': 'landscaping', 'polarity': 'positive'}, {'term': 'food', 'polarity': 'positive'}]","[{'category': 'general', 'polarity': 'neutral'}]",263
The containers is great too since they give high quality tupperware as well.,The takeout is great too since they give high quality tupperware as well.,['containers'],"[{'term': 'containers', 'polarity': 'positive'}]","[{'category': 'general', 'polarity': 'neutral'}]",267
"Everything looks great, the decor, the ambiance, the staff, even the people.","Everything looks great, the drinks, the decor, the food, even the people.","['decor', 'ambiance', 'staff']","[{'term': 'decor', 'polarity': 'positive'}, {'term': 'ambiance', 'polarity': 'positive'}, {'term': 'staff', 'polarity': 'positive'}]","[{'category': 'general', 'polarity': 'neutral'}]",270
"Where tanks in other Chinatown restaurants display a lurking myriad of sad-looking marine life in their murky waters, the aquariums at Ping's are clear as glass with healthy-looking creatures who do not yet know that they will be part of some enthusiast's lover's meal.","Where tanks in other Chinatown restaurants display a lurking myriad of sad-looking marine life in their murky waters, the tanks at Ping's are clear as glass with healthy-looking creatures who do not yet know that they will be part of some dim sum lover's brunch.","['tanks', 'aquariums', ""enthusiast's"", 'meal']","[{'term': 'tanks', 'polarity': 'negative'}, {'term': 'aquariums', 'polarity': 'positive'}, {'term': ""enthusiast's"", 'polarity': 'neutral'}, {'term': 'meal', 'polarity': 'neutral'}]","[{'category': 'general', 'polarity': 'neutral'}]",282
"Where aquariums in other Chinatown restaurants display a lurking myriad of sad-looking marine life in their murky waters, the tank at Ping's are clear as glass with healthy-looking creatures who do not yet know that they will be part of some sushi lover's diners.","Where tanks in other Chinatown restaurants display a lurking myriad of sad-looking marine life in their murky waters, the tanks at Ping's are clear as glass with healthy-looking creatures who do not yet know that they will be part of some dim sum lover's brunch.","['aquariums', 'tank', 'sushi', 'diners']","[{'term': 'aquariums', 'polarity': 'negative'}, {'term': 'tank', 'polarity': 'positive'}, {'term': 'sushi', 'polarity': 'neutral'}, {'term': 'diners', 'polarity': 'neutral'}]","[{'category': 'general', 'polarity': 'neutral'}]",283
"Where aquariums in other Chinatown restaurants display a lurking myriad of sad-looking marine life in their murky waters, the tank at Ping's are clear as glass with healthy-looking creatures who do not yet know that they will be part of some dinner lover's entree.","Where tanks in other Chinatown restaurants display a lurking myriad of sad-looking marine life in their murky waters, the tanks at Ping's are clear as glass with healthy-looking creatures who do not yet know that they will be part of some dim sum lover's brunch.","['aquariums', 'tank', 'dinner', 'entree']","[{'term': 'aquariums', 'polarity': 'negative'}, {'term': 'tank', 'polarity': 'positive'}, {'term': 'dinner', 'polarity': 'neutral'}, {'term': 'entree', 'polarity': 'neutral'}]","[{'category': 'general', 'polarity': 'neutral'}]",284
"Where aquariums in other Chinatown restaurants display a lurking myriad of sad-looking marine life in their murky waters, the tank at Ping's are clear as glass with healthy-looking creatures who do not yet know that they will be part of some sushi lover's dinner.","Where tanks in other Chinatown restaurants display a lurking myriad of sad-looking marine life in their murky waters, the tanks at Ping's are clear as glass with healthy-looking creatures who do not yet know that they will be part of some dim sum lover's brunch.","['aquariums', 'tank', 'sushi', 'dinner']","[{'term': 'aquariums', 'polarity': 'negative'}, {'term': 'tank', 'polarity': 'positive'}, {'term': 'sushi', 'polarity': 'neutral'}, {'term': 'dinner', 'polarity': 'neutral'}]","[{'category': 'general', 'polarity': 'neutral'}]",285
"Where aquariums in other Chinatown restaurants display a lurking myriad of sad-looking marine life in their murky waters, the aquarium at Ping's are clear as glass with healthy-looking creatures who do not yet know that they will be part of some dinner lover's enthusiast.","Where tanks in other Chinatown restaurants display a lurking myriad of sad-looking marine life in their murky waters, the tanks at Ping's are clear as glass with healthy-looking creatures who do not yet know that they will be part of some dim sum lover's brunch.","['aquariums', 'aquarium', 'dinner', 'enthusiast']","[{'term': 'aquariums', 'polarity': 'negative'}, {'term': 'aquarium', 'polarity': 'positive'}, {'term': 'dinner', 'polarity': 'neutral'}, {'term': 'enthusiast', 'polarity': 'neutral'}]","[{'category': 'general', 'polarity': 'neutral'}]",286
"Where fish in other Chinatown restaurants display a lurking myriad of sad-looking marine life in their murky waters, the tank at Ping's are clear as glass with healthy-looking creatures who do not yet know that they will be part of some dinner lover's entree.","Where tanks in other Chinatown restaurants display a lurking myriad of sad-looking marine life in their murky waters, the tanks at Ping's are clear as glass with healthy-looking creatures who do not yet know that they will be part of some dim sum lover's brunch.","['fish', 'tank', 'dinner', 'entree']","[{'term': 'fish', 'polarity': 'negative'}, {'term': 'tank', 'polarity': 'positive'}, {'term': 'dinner', 'polarity': 'neutral'}, {'term': 'entree', 'polarity': 'neutral'}]","[{'category': 'general', 'polarity': 'neutral'}]",287
Right off the major deegan you get traffic from all over the city.,Right off the major deegan you get ladies from all over the city.,['traffic'],"[{'term': 'traffic', 'polarity': 'positive'}]","[{'category': 'general', 'polarity': 'neutral'}]",298
"This is the perfect cafe for meeting friends, having lunch, coffee, catching!","This is the perfect spot for meeting friends, having lunch, dinner, pre-theatre or after-theatre drinks!","['cafe', 'lunch', 'coffee', 'catching']","[{'term': 'cafe', 'polarity': 'positive'}, {'term': 'lunch', 'polarity': 'positive'}, {'term': 'coffee', 'polarity': 'positive'}, {'term': 'catching', 'polarity': 'positive'}]","[{'category': 'general', 'polarity': 'neutral'}]",300
"This is the perfect cafe for meeting friends, having lunch, coffee, drinks!","This is the perfect spot for meeting friends, having lunch, dinner, pre-theatre or after-theatre drinks!","['cafe', 'lunch', 'coffee', 'drinks']","[{'term': 'cafe', 'polarity': 'positive'}, {'term': 'lunch', 'polarity': 'positive'}, {'term': 'coffee', 'polarity': 'positive'}, {'term': 'drinks', 'polarity': 'positive'}]","[{'category': 'general', 'polarity': 'neutral'}]",301
"This is the perfect cafe for meeting friends, having lunch, dinner, outing!","This is the perfect spot for meeting friends, having lunch, dinner, pre-theatre or after-theatre drinks!","['cafe', 'lunch', 'dinner', 'outing']","[{'term': 'cafe', 'polarity': 'positive'}, {'term': 'lunch', 'polarity': 'positive'}, {'term': 'dinner', 'polarity': 'positive'}, {'term': 'outing', 'polarity': 'positive'}]","[{'category': 'general', 'polarity': 'neutral'}]",303
"This is the perfect cafe for meeting friends, having coffee, lunch, relaxing!","This is the perfect spot for meeting friends, having lunch, dinner, pre-theatre or after-theatre drinks!","['cafe', 'coffee', 'lunch', 'relaxing']","[{'term': 'cafe', 'polarity': 'positive'}, {'term': 'coffee', 'polarity': 'positive'}, {'term': 'lunch', 'polarity': 'positive'}, {'term': 'relaxing', 'polarity': 'positive'}]","[{'category': 'general', 'polarity': 'neutral'}]",305
The tables there also absolutely load the plates with napkins (gets a little messy).,The workers there also absolutely load the bagel with cream cheese (gets a little messy).,"['tables', 'plates', 'napkins']","[{'term': 'tables', 'polarity': 'neutral'}, {'term': 'plates', 'polarity': 'neutral'}, {'term': 'napkins', 'polarity': 'neutral'}]","[{'category': 'general', 'polarity': 'neutral'}]",312
The tables there also absolutely load the table with plates (gets a little messy).,The workers there also absolutely load the bagel with cream cheese (gets a little messy).,"['tables', 'table', 'plates']","[{'term': 'tables', 'polarity': 'neutral'}, {'term': 'table', 'polarity': 'neutral'}, {'term': 'plates', 'polarity': 'neutral'}]","[{'category': 'general', 'polarity': 'neutral'}]",313
The tables there also absolutely load the plates with fries (gets a little messy).,The workers there also absolutely load the bagel with cream cheese (gets a little messy).,"['tables', 'plates', 'fries']","[{'term': 'tables', 'polarity': 'neutral'}, {'term': 'plates', 'polarity': 'neutral'}, {'term': 'fries', 'polarity': 'neutral'}]","[{'category': 'general', 'polarity': 'neutral'}]",314
The tables there also absolutely load the plates with utensils (gets a little messy).,The workers there also absolutely load the bagel with cream cheese (gets a little messy).,"['tables', 'plates', 'utensils']","[{'term': 'tables', 'polarity': 'neutral'}, {'term': 'plates', 'polarity': 'neutral'}, {'term': 'utensils', 'polarity': 'neutral'}]","[{'category': 'general', 'polarity': 'neutral'}]",315
The tables there also absolutely load the tables with plates (gets a little messy).,The workers there also absolutely load the bagel with cream cheese (gets a little messy).,"['tables', 'tables', 'plates']","[{'term': 'tables', 'polarity': 'neutral'}, {'term': 'tables', 'polarity': 'neutral'}, {'term': 'plates', 'polarity': 'neutral'}]","[{'category': 'general', 'polarity': 'neutral'}]",316
The tables there also absolutely load the table with napkins (gets a little messy).,The workers there also absolutely load the bagel with cream cheese (gets a little messy).,"['tables', 'table', 'napkins']","[{'term': 'tables', 'polarity': 'neutral'}, {'term': 'table', 'polarity': 'neutral'}, {'term': 'napkins', 'polarity': 'neutral'}]","[{'category': 'general', 'polarity': 'neutral'}]",317
The partygoers as party favors is a cute and sweet touch to a most memorable evening.,The brioche and lollies as party favors is a cute and sweet touch to a most memorable meal.,"['partygoers', 'evening']","[{'term': 'partygoers', 'polarity': 'positive'}, {'term': 'evening', 'polarity': 'positive'}]","[{'category': 'general', 'polarity': 'neutral'}]",318
The cookies as party favors is a cute and sweet touch to a most memorable wedding.,The brioche and lollies as party favors is a cute and sweet touch to a most memorable meal.,"['cookies', 'wedding']","[{'term': 'cookies', 'polarity': 'positive'}, {'term': 'wedding', 'polarity': 'positive'}]","[{'category': 'general', 'polarity': 'neutral'}]",319
The party favors as party favors is a cute and sweet touch to a most memorable birthday.,The brioche and lollies as party favors is a cute and sweet touch to a most memorable meal.,"['party favors', 'birthday']","[{'term': 'party favors', 'polarity': 'positive'}, {'term': 'birthday', 'polarity': 'positive'}]","[{'category': 'general', 'polarity': 'neutral'}]",320
The candies as party favors is a cute and sweet touch to a most memorable wedding.,The brioche and lollies as party favors is a cute and sweet touch to a most memorable meal.,"['candies', 'wedding']","[{'term': 'candies', 'polarity': 'positive'}, {'term': 'wedding', 'polarity': 'positive'}]","[{'category': 'general', 'polarity': 'neutral'}]",321
The party favors as party favors is a cute and sweet touch to a most memorable birthday party.,The brioche and lollies as party favors is a cute and sweet touch to a most memorable meal.,"['party favors', 'birthday party']","[{'term': 'party favors', 'polarity': 'positive'}, {'term': 'birthday party', 'polarity': 'positive'}]","[{'category': 'general', 'polarity': 'neutral'}]",322
The candies as party favors is a cute and sweet touch to a most memorable evening.,The brioche and lollies as party favors is a cute and sweet touch to a most memorable meal.,"['candies', 'evening']","[{'term': 'candies', 'polarity': 'positive'}, {'term': 'evening', 'polarity': 'positive'}]","[{'category': 'general', 'polarity': 'neutral'}]",323
"Forget the ambiance and the atmosphere and the entertainment (which isn't actually that bad), I mean please, who goes to a steakhouse to be coddled and romantic?","Forget the rush and the wait and the noise (which isn't actually that bad), I mean please, who goes to a steakhouse to be coddled and romantic?","['ambiance', 'atmosphere', 'entertainment']","[{'term': 'ambiance', 'polarity': 'conflict'}, {'term': 'atmosphere', 'polarity': 'conflict'}, {'term': 'entertainment', 'polarity': 'conflict'}]","[{'category': 'general', 'polarity': 'neutral'}]",324
"Forget the ambiance and the atmosphere and the price (which isn't actually that bad), I mean please, who goes to a steakhouse to be coddled and romantic?","Forget the rush and the wait and the noise (which isn't actually that bad), I mean please, who goes to a steakhouse to be coddled and romantic?","['ambiance', 'atmosphere', 'price']","[{'term': 'ambiance', 'polarity': 'conflict'}, {'term': 'atmosphere', 'polarity': 'conflict'}, {'term': 'price', 'polarity': 'conflict'}]","[{'category': 'general', 'polarity': 'neutral'}]",326
"Forget the ambience and the service and the menu (which isn't actually that bad), I mean please, who goes to a steakhouse to be coddled and romantic?","Forget the rush and the wait and the noise (which isn't actually that bad), I mean please, who goes to a steakhouse to be coddled and romantic?","['ambience', 'service', 'menu']","[{'term': 'ambience', 'polarity': 'conflict'}, {'term': 'service', 'polarity': 'conflict'}, {'term': 'menu', 'polarity': 'conflict'}]","[{'category': 'general', 'polarity': 'neutral'}]",327
"Forget the ambiance and the service and the background music (which isn't actually that bad), I mean please, who goes to a steakhouse to be coddled and romantic?","Forget the rush and the wait and the noise (which isn't actually that bad), I mean please, who goes to a steakhouse to be coddled and romantic?","['ambiance', 'service', 'background music']","[{'term': 'ambiance', 'polarity': 'conflict'}, {'term': 'service', 'polarity': 'conflict'}, {'term': 'background music', 'polarity': 'conflict'}]","[{'category': 'general', 'polarity': 'neutral'}]",329
Simple dishes and what hot and lage bowl.,Simple comfort food and what hot and lage portions.,"['dishes', 'bowl']","[{'term': 'dishes', 'polarity': 'positive'}, {'term': 'bowl', 'polarity': 'positive'}]","[{'category': 'general', 'polarity': 'neutral'}]",332
Simple dishes and what hot and lage portions.,Simple comfort food and what hot and lage portions.,"['dishes', 'portions']","[{'term': 'dishes', 'polarity': 'positive'}, {'term': 'portions', 'polarity': 'positive'}]","[{'category': 'general', 'polarity': 'neutral'}]",333
"While this is a pretty adorable in that overly cute French way, the cooking was insultingly horrible.","While this is a pretty place in that overly cute French way, the food was insultingly horrible.","['adorable', 'cooking']","[{'term': 'adorable', 'polarity': 'positive'}, {'term': 'cooking', 'polarity': 'negative'}]","[{'category': 'general', 'polarity': 'neutral'}]",341
They are well with a free Wi-Fi and the tables are perfect for sitting.,They are served with a free appetizer and the portions are perfect for lunch.,"['well', 'Wi-Fi', 'tables', 'sitting']","[{'term': 'well', 'polarity': 'positive'}, {'term': 'Wi-Fi', 'polarity': 'positive'}, {'term': 'tables', 'polarity': 'neutral'}, {'term': 'sitting', 'polarity': 'neutral'}]","[{'category': 'general', 'polarity': 'neutral'}]",342
They are customers with a free parking and the tables are perfect for dining.,They are served with a free appetizer and the portions are perfect for lunch.,"['customers', 'parking', 'tables', 'dining']","[{'term': 'customers', 'polarity': 'positive'}, {'term': 'parking', 'polarity': 'positive'}, {'term': 'tables', 'polarity': 'neutral'}, {'term': 'dining', 'polarity': 'neutral'}]","[{'category': 'general', 'polarity': 'neutral'}]",343
They are happy with a free Wi-Fi and the tables are perfect for sitting.,They are served with a free appetizer and the portions are perfect for lunch.,"['happy', 'Wi-Fi', 'tables', 'sitting']","[{'term': 'happy', 'polarity': 'positive'}, {'term': 'Wi-Fi', 'polarity': 'positive'}, {'term': 'tables', 'polarity': 'neutral'}, {'term': 'sitting', 'polarity': 'neutral'}]","[{'category': 'general', 'polarity': 'neutral'}]",344
They are well-stocked with a free dessert and the portion are perfect for sharing.,They are served with a free appetizer and the portions are perfect for lunch.,"['well-stocked', 'dessert', 'portion', 'sharing']","[{'term': 'well-stocked', 'polarity': 'positive'}, {'term': 'dessert', 'polarity': 'positive'}, {'term': 'portion', 'polarity': 'neutral'}, {'term': 'sharing', 'polarity': 'neutral'}]","[{'category': 'general', 'polarity': 'neutral'}]",345
They are waiters with a free meal and the tables are perfect for sitting.,They are served with a free appetizer and the portions are perfect for lunch.,"['waiters', 'meal', 'tables', 'sitting']","[{'term': 'waiters', 'polarity': 'positive'}, {'term': 'meal', 'polarity': 'positive'}, {'term': 'tables', 'polarity': 'neutral'}, {'term': 'sitting', 'polarity': 'neutral'}]","[{'category': 'general', 'polarity': 'neutral'}]",347
"My wife and I also enjoyed the dining, the entertainment, and other attractions.","My wife and I also enjoyed the spinach, the Shanghai low mein, and other attractions.","['dining', 'entertainment']","[{'term': 'dining', 'polarity': 'positive'}, {'term': 'entertainment', 'polarity': 'positive'}]","[{'category': 'general', 'polarity': 'neutral'}]",348
"My wife and I also enjoyed the amusements, the entertainment, and other attractions.","My wife and I also enjoyed the spinach, the Shanghai low mein, and other attractions.","['amusements', 'entertainment']","[{'term': 'amusements', 'polarity': 'positive'}, {'term': 'entertainment', 'polarity': 'positive'}]","[{'category': 'general', 'polarity': 'neutral'}]",349
"My wife and I also enjoyed the landmarks, the museums, and other attractions.","My wife and I also enjoyed the spinach, the Shanghai low mein, and other attractions.","['landmarks', 'museums']","[{'term': 'landmarks', 'polarity': 'positive'}, {'term': 'museums', 'polarity': 'positive'}]","[{'category': 'general', 'polarity': 'neutral'}]",351
"My wife and I also enjoyed the sights, the sightseeing, and other attractions.","My wife and I also enjoyed the spinach, the Shanghai low mein, and other attractions.","['sights', 'sightseeing']","[{'term': 'sights', 'polarity': 'positive'}, {'term': 'sightseeing', 'polarity': 'positive'}]","[{'category': 'general', 'polarity': 'neutral'}]",353
"They sell special dishes, everything have a discounts, deals and etc.","They sell special sushi, everything have a topping, sauce and etc.","['dishes', 'discounts', 'deals']","[{'term': 'dishes', 'polarity': 'positive'}, {'term': 'discounts', 'polarity': 'positive'}, {'term': 'deals', 'polarity': 'positive'}]","[{'category': 'general', 'polarity': 'neutral'}]",360
"They sell special dishes, everything have a price, quality and etc.","They sell special sushi, everything have a topping, sauce and etc.","['dishes', 'price', 'quality']","[{'term': 'dishes', 'polarity': 'positive'}, {'term': 'price', 'polarity': 'positive'}, {'term': 'quality', 'polarity': 'positive'}]","[{'category': 'general', 'polarity': 'neutral'}]",361
"They sell special dishes, everything have a price, entrees and etc.","They sell special sushi, everything have a topping, sauce and etc.","['dishes', 'price', 'entrees']","[{'term': 'dishes', 'polarity': 'positive'}, {'term': 'price', 'polarity': 'positive'}, {'term': 'entrees', 'polarity': 'positive'}]","[{'category': 'general', 'polarity': 'neutral'}]",362
"They sell special dishes, everything have a unique, flavors and etc.","They sell special sushi, everything have a topping, sauce and etc.","['dishes', 'unique', 'flavors']","[{'term': 'dishes', 'polarity': 'positive'}, {'term': 'unique', 'polarity': 'positive'}, {'term': 'flavors', 'polarity': 'positive'}]","[{'category': 'general', 'polarity': 'neutral'}]",363
"They sell special dishes, everything have a unique number, price and etc.","They sell special sushi, everything have a topping, sauce and etc.","['dishes', 'unique number', 'price']","[{'term': 'dishes', 'polarity': 'positive'}, {'term': 'unique number', 'polarity': 'positive'}, {'term': 'price', 'polarity': 'positive'}]","[{'category': 'general', 'polarity': 'neutral'}]",364
"They sell special dishes, everything have a price, flavors and etc.","They sell special sushi, everything have a topping, sauce and etc.","['dishes', 'price', 'flavors']","[{'term': 'dishes', 'polarity': 'positive'}, {'term': 'price', 'polarity': 'positive'}, {'term': 'flavors', 'polarity': 'positive'}]","[{'category': 'general', 'polarity': 'neutral'}]",365
"The service has been from average to below average, the ambiance has always been sub-par the decor goes from nice to really irritating (if you sit in the back beyond the kitchen, the acousitcs are horrid, everything echoes is extremely loud).","The sushi has been from average to below average, the wait service has always been sub-par the atmosphere goes from nice to really irritating (if you sit in the area beyond the kitchen, the acousitcs are horrid, everything echoes is extremely loud).","['service', 'ambiance', 'decor', 'back']","[{'term': 'service', 'polarity': 'negative'}, {'term': 'ambiance', 'polarity': 'negative'}, {'term': 'decor', 'polarity': 'conflict'}, {'term': 'back', 'polarity': 'negative'}]","[{'category': 'general', 'polarity': 'neutral'}]",366
"The service has been from average to below average, the food has always been sub-par the music goes from nice to really irritating (if you sit in the back beyond the kitchen, the acousitcs are horrid, everything echoes is extremely loud).","The sushi has been from average to below average, the wait service has always been sub-par the atmosphere goes from nice to really irritating (if you sit in the area beyond the kitchen, the acousitcs are horrid, everything echoes is extremely loud).","['service', 'food', 'music', 'back']","[{'term': 'service', 'polarity': 'negative'}, {'term': 'food', 'polarity': 'negative'}, {'term': 'music', 'polarity': 'conflict'}, {'term': 'back', 'polarity': 'negative'}]","[{'category': 'general', 'polarity': 'neutral'}]",367
"The food has been from average to below average, the ambiance has always been sub-par the decor goes from nice to really irritating (if you sit in the back beyond the kitchen, the acousitcs are horrid, everything echoes is extremely loud).","The sushi has been from average to below average, the wait service has always been sub-par the atmosphere goes from nice to really irritating (if you sit in the area beyond the kitchen, the acousitcs are horrid, everything echoes is extremely loud).","['food', 'ambiance', 'decor', 'back']","[{'term': 'food', 'polarity': 'negative'}, {'term': 'ambiance', 'polarity': 'negative'}, {'term': 'decor', 'polarity': 'conflict'}, {'term': 'back', 'polarity': 'negative'}]","[{'category': 'general', 'polarity': 'neutral'}]",368
"The food has been from average to below average, the atmosphere has always been sub-par the music goes from nice to really irritating (if you sit in the back beyond the kitchen, the acousitcs are horrid, everything echoes is extremely loud).","The sushi has been from average to below average, the wait service has always been sub-par the atmosphere goes from nice to really irritating (if you sit in the area beyond the kitchen, the acousitcs are horrid, everything echoes is extremely loud).","['food', 'atmosphere', 'music', 'back']","[{'term': 'food', 'polarity': 'negative'}, {'term': 'atmosphere', 'polarity': 'negative'}, {'term': 'music', 'polarity': 'conflict'}, {'term': 'back', 'polarity': 'negative'}]","[{'category': 'general', 'polarity': 'neutral'}]",369
"The food has been from average to below average, the ambiance has always been sub-par the music goes from nice to really irritating (if you sit in the back beyond the kitchen, the acousitcs are horrid, everything echoes is extremely loud).","The sushi has been from average to below average, the wait service has always been sub-par the atmosphere goes from nice to really irritating (if you sit in the area beyond the kitchen, the acousitcs are horrid, everything echoes is extremely loud).","['food', 'ambiance', 'music', 'back']","[{'term': 'food', 'polarity': 'negative'}, {'term': 'ambiance', 'polarity': 'negative'}, {'term': 'music', 'polarity': 'conflict'}, {'term': 'back', 'polarity': 'negative'}]","[{'category': 'general', 'polarity': 'neutral'}]",370
"The service has been from average to below average, the food has always been sub-par the ambiance goes from nice to really irritating (if you sit in the back beyond the kitchen, the acousitcs are horrid, everything echoes is extremely loud).","The sushi has been from average to below average, the wait service has always been sub-par the atmosphere goes from nice to really irritating (if you sit in the area beyond the kitchen, the acousitcs are horrid, everything echoes is extremely loud).","['service', 'food', 'ambiance', 'back']","[{'term': 'service', 'polarity': 'negative'}, {'term': 'food', 'polarity': 'negative'}, {'term': 'ambiance', 'polarity': 'conflict'}, {'term': 'back', 'polarity': 'negative'}]","[{'category': 'general', 'polarity': 'neutral'}]",371
"The ambiance itself was really nice with comfortable seating and decor, but the food could have been better.","The cafe itself was really nice with comfortable outdoor chairs and tables, but the service could have been better.","['ambiance', 'seating', 'decor', 'food']","[{'term': 'ambiance', 'polarity': 'positive'}, {'term': 'seating', 'polarity': 'positive'}, {'term': 'decor', 'polarity': 'positive'}, {'term': 'food', 'polarity': 'negative'}]","[{'category': 'general', 'polarity': 'neutral'}]",379
"The decor itself was really nice with comfortable seating and tables, but the service could have been better.","The cafe itself was really nice with comfortable outdoor chairs and tables, but the service could have been better.","['decor', 'seating', 'tables', 'service']","[{'term': 'decor', 'polarity': 'positive'}, {'term': 'seating', 'polarity': 'positive'}, {'term': 'tables', 'polarity': 'positive'}, {'term': 'service', 'polarity': 'negative'}]","[{'category': 'general', 'polarity': 'neutral'}]",380
"The ambiance itself was really nice with comfortable seating and tables, but the food could have been better.","The cafe itself was really nice with comfortable outdoor chairs and tables, but the service could have been better.","['ambiance', 'seating', 'tables', 'food']","[{'term': 'ambiance', 'polarity': 'positive'}, {'term': 'seating', 'polarity': 'positive'}, {'term': 'tables', 'polarity': 'positive'}, {'term': 'food', 'polarity': 'negative'}]","[{'category': 'general', 'polarity': 'neutral'}]",382
"The restaurant itself was really nice with comfortable seats and decor, but the service could have been better.","The cafe itself was really nice with comfortable outdoor chairs and tables, but the service could have been better.","['restaurant', 'seats', 'decor', 'service']","[{'term': 'restaurant', 'polarity': 'positive'}, {'term': 'seats', 'polarity': 'positive'}, {'term': 'decor', 'polarity': 'positive'}, {'term': 'service', 'polarity': 'negative'}]","[{'category': 'general', 'polarity': 'neutral'}]",383
"Complimentary water kept coming, and when the server saw me opening a gift, I received my cake on a plate that had Happy Birthday written on it, with a candlevery nice touch, and attentive waiter.","Complimentary stuff kept coming, and when the waiter saw me opening a gift, I received my dessert on a plate that had Happy Birthday written on it, with a candlevery nice touch, and attentive staff.","['water', 'server', 'cake', 'waiter']","[{'term': 'water', 'polarity': 'positive'}, {'term': 'server', 'polarity': 'positive'}, {'term': 'cake', 'polarity': 'positive'}, {'term': 'waiter', 'polarity': 'positive'}]","[{'category': 'general', 'polarity': 'neutral'}]",384
"Complimentary breadsticks kept coming, and when the waiter saw me opening a gift, I received my cake on a plate that had Happy Birthday written on it, with a candlevery nice touch, and attentive server.","Complimentary stuff kept coming, and when the waiter saw me opening a gift, I received my dessert on a plate that had Happy Birthday written on it, with a candlevery nice touch, and attentive staff.","['breadsticks', 'waiter', 'cake', 'server']","[{'term': 'breadsticks', 'polarity': 'positive'}, {'term': 'waiter', 'polarity': 'positive'}, {'term': 'cake', 'polarity': 'positive'}, {'term': 'server', 'polarity': 'positive'}]","[{'category': 'general', 'polarity': 'neutral'}]",385
"Complimentary water kept coming, and when the waiter saw me opening a gift, I received my cake on a plate that had Happy Birthday written on it, with a candlevery nice touch, and attentive waiter.","Complimentary stuff kept coming, and when the waiter saw me opening a gift, I received my dessert on a plate that had Happy Birthday written on it, with a candlevery nice touch, and attentive staff.","['water', 'waiter', 'cake', 'waiter']","[{'term': 'water', 'polarity': 'positive'}, {'term': 'waiter', 'polarity': 'positive'}, {'term': 'cake', 'polarity': 'positive'}, {'term': 'waiter', 'polarity': 'positive'}]","[{'category': 'general', 'polarity': 'neutral'}]",387
"Complimentary drinks kept coming, and when the waiter saw me opening a gift, I received my cake on a plate that had Happy Birthday written on it, with a candlevery nice touch, and attentive server.","Complimentary stuff kept coming, and when the waiter saw me opening a gift, I received my dessert on a plate that had Happy Birthday written on it, with a candlevery nice touch, and attentive staff.","['drinks', 'waiter', 'cake', 'server']","[{'term': 'drinks', 'polarity': 'positive'}, {'term': 'waiter', 'polarity': 'positive'}, {'term': 'cake', 'polarity': 'positive'}, {'term': 'server', 'polarity': 'positive'}]","[{'category': 'general', 'polarity': 'neutral'}]",388
I go back in times like three times on average until I can't walk anymore.,I go back in line like three times on average until I can't walk anymore.,['times'],"[{'term': 'times', 'polarity': 'negative'}]","[{'category': 'general', 'polarity': 'neutral'}]",401
ambiance was pleasant though the background was rather noisy - the restaurant was full and we had to raise our voices to be able to maintain a conversation.,Traditional French decour was pleasant though the hall was rather noisy - the restaurant was full and we had to raise our voices to be able to maintain a conversation.,"['ambiance', 'background']","[{'term': 'ambiance', 'polarity': 'positive'}, {'term': 'background', 'polarity': 'negative'}]","[{'category': 'general', 'polarity': 'neutral'}]",403
atmosphere was pleasant though the background was rather noisy - the restaurant was full and we had to raise our voices to be able to maintain a conversation.,Traditional French decour was pleasant though the hall was rather noisy - the restaurant was full and we had to raise our voices to be able to maintain a conversation.,"['atmosphere', 'background']","[{'term': 'atmosphere', 'polarity': 'positive'}, {'term': 'background', 'polarity': 'negative'}]","[{'category': 'general', 'polarity': 'neutral'}]",405
atmosphere was pleasant though the background music was rather noisy - the restaurant was full and we had to raise our voices to be able to maintain a conversation.,Traditional French decour was pleasant though the hall was rather noisy - the restaurant was full and we had to raise our voices to be able to maintain a conversation.,"['atmosphere', 'background music']","[{'term': 'atmosphere', 'polarity': 'positive'}, {'term': 'background music', 'polarity': 'negative'}]","[{'category': 'general', 'polarity': 'neutral'}]",406
"If you are in a big group, this place is perfect because it recomends sharing - they have dishes on most plates - even families can feel comfortable here.","If you are in a big group, this place is perfect because it recomends sharing - they have lazy susans on most tables - even families can feel comfortable here.","['dishes', 'plates']","[{'term': 'dishes', 'polarity': 'positive'}, {'term': 'plates', 'polarity': 'positive'}]","[{'category': 'general', 'polarity': 'neutral'}]",412
They should have called it Restaurantss-good but a far cry from what the name implies.,They should have called it mascarpone with chocolate chips-good but a far cry from what the name implies.,['Restaurants'],"[{'term': 'Restaurants', 'polarity': 'conflict'}]","[{'category': 'general', 'polarity': 'neutral'}]",436
The menu items changes frequently but the specials are always available.,The selection changes frequently but the basic dishes are always available.,"['menu items', 'specials']","[{'term': 'menu items', 'polarity': 'neutral'}, {'term': 'specials', 'polarity': 'neutral'}]","[{'category': 'general', 'polarity': 'neutral'}]",443
"Don't go alone---even two people isn't enough for the whole experience, with guides and a tour.","Don't go alone---even two people isn't enough for the whole experience, with pickles and a selection of meats and seafoods.","['guides', 'tour']","[{'term': 'guides', 'polarity': 'positive'}, {'term': 'tour', 'polarity': 'positive'}]","[{'category': 'general', 'polarity': 'neutral'}]",444
"Don't go alone---even two people isn't enough for the whole experience, with tour guide and a driver.","Don't go alone---even two people isn't enough for the whole experience, with pickles and a selection of meats and seafoods.","['tour guide', 'driver']","[{'term': 'tour guide', 'polarity': 'positive'}, {'term': 'driver', 'polarity': 'positive'}]","[{'category': 'general', 'polarity': 'neutral'}]",445
"Don't go alone---even two people isn't enough for the whole experience, with tables and a service.","Don't go alone---even two people isn't enough for the whole experience, with pickles and a selection of meats and seafoods.","['tables', 'service']","[{'term': 'tables', 'polarity': 'positive'}, {'term': 'service', 'polarity': 'positive'}]","[{'category': 'general', 'polarity': 'neutral'}]",447
"Don't go alone---even two people isn't enough for the whole experience, with guidance and a tour.","Don't go alone---even two people isn't enough for the whole experience, with pickles and a selection of meats and seafoods.","['guidance', 'tour']","[{'term': 'guidance', 'polarity': 'positive'}, {'term': 'tour', 'polarity': 'positive'}]","[{'category': 'general', 'polarity': 'neutral'}]",449
"Yes, they use fancy utensils, but even fancy utensils don't make for good dishes unless someone knows how to get the flavor right.","Yes, they use fancy ingredients, but even fancy ingredients don't make for good pizza unless someone knows how to get the crust right.","['utensils', 'utensils', 'dishes', 'flavor']","[{'term': 'utensils', 'polarity': 'positive'}, {'term': 'utensils', 'polarity': 'positive'}, {'term': 'dishes', 'polarity': 'negative'}, {'term': 'flavor', 'polarity': 'neutral'}]","[{'category': 'general', 'polarity': 'neutral'}]",450
"Yes, they use fancy equipment, but even fancy technology don't make for good dishes unless someone knows how to get the flavors right.","Yes, they use fancy ingredients, but even fancy ingredients don't make for good pizza unless someone knows how to get the crust right.","['equipment', 'technology', 'dishes', 'flavors']","[{'term': 'equipment', 'polarity': 'positive'}, {'term': 'technology', 'polarity': 'positive'}, {'term': 'dishes', 'polarity': 'negative'}, {'term': 'flavors', 'polarity': 'neutral'}]","[{'category': 'general', 'polarity': 'neutral'}]",451
"Yes, they use fancy equipment, but even fancy chef don't make for good cuisine unless someone knows how to get the flavors right.","Yes, they use fancy ingredients, but even fancy ingredients don't make for good pizza unless someone knows how to get the crust right.","['equipment', 'chef', 'cuisine', 'flavors']","[{'term': 'equipment', 'polarity': 'positive'}, {'term': 'chef', 'polarity': 'positive'}, {'term': 'cuisine', 'polarity': 'negative'}, {'term': 'flavors', 'polarity': 'neutral'}]","[{'category': 'general', 'polarity': 'neutral'}]",452
"Yes, they use fancy ingredients, but even fancy equipment don't make for good food unless someone knows how to get the flavors right.","Yes, they use fancy ingredients, but even fancy ingredients don't make for good pizza unless someone knows how to get the crust right.","['ingredients', 'equipment', 'food', 'flavors']","[{'term': 'ingredients', 'polarity': 'positive'}, {'term': 'equipment', 'polarity': 'positive'}, {'term': 'food', 'polarity': 'negative'}, {'term': 'flavors', 'polarity': 'neutral'}]","[{'category': 'general', 'polarity': 'neutral'}]",453
"Yes, they use fancy equipment, but even fancy utensils don't make for good dining unless someone knows how to get the flavors right.","Yes, they use fancy ingredients, but even fancy ingredients don't make for good pizza unless someone knows how to get the crust right.","['equipment', 'utensils', 'dining', 'flavors']","[{'term': 'equipment', 'polarity': 'positive'}, {'term': 'utensils', 'polarity': 'positive'}, {'term': 'dining', 'polarity': 'negative'}, {'term': 'flavors', 'polarity': 'neutral'}]","[{'category': 'general', 'polarity': 'neutral'}]",454
"Yes, they use fancy equipment, but even fancy restaurants don't make for good food unless someone knows how to get the flavors right.","Yes, they use fancy ingredients, but even fancy ingredients don't make for good pizza unless someone knows how to get the crust right.","['equipment', 'restaurants', 'food', 'flavors']","[{'term': 'equipment', 'polarity': 'positive'}, {'term': 'restaurants', 'polarity': 'positive'}, {'term': 'food', 'polarity': 'negative'}, {'term': 'flavors', 'polarity': 'neutral'}]","[{'category': 'general', 'polarity': 'neutral'}]",455
"A family, a parents, and the children had everything happy.","A glass of Leaping Lizard, a glass of prosecco, and the mussels had everything happy.","['family', 'parents', 'children']","[{'term': 'family', 'polarity': 'positive'}, {'term': 'parents', 'polarity': 'positive'}, {'term': 'children', 'polarity': 'positive'}]","[{'category': 'general', 'polarity': 'neutral'}]",456
"A family, a kids, and the waitress had everything happy.","A glass of Leaping Lizard, a glass of prosecco, and the mussels had everything happy.","['family', 'kids', 'waitress']","[{'term': 'family', 'polarity': 'positive'}, {'term': 'kids', 'polarity': 'positive'}, {'term': 'waitress', 'polarity': 'positive'}]","[{'category': 'general', 'polarity': 'neutral'}]",457
"A family, a mom, and the parents had everything happy.","A glass of Leaping Lizard, a glass of prosecco, and the mussels had everything happy.","['family', 'mom', 'parents']","[{'term': 'family', 'polarity': 'positive'}, {'term': 'mom', 'polarity': 'positive'}, {'term': 'parents', 'polarity': 'positive'}]","[{'category': 'general', 'polarity': 'neutral'}]",458
"A couple, a waiter, and the staff had everything happy.","A glass of Leaping Lizard, a glass of prosecco, and the mussels had everything happy.","['couple', 'waiter', 'staff']","[{'term': 'couple', 'polarity': 'positive'}, {'term': 'waiter', 'polarity': 'positive'}, {'term': 'staff', 'polarity': 'positive'}]","[{'category': 'general', 'polarity': 'neutral'}]",459
"A customer, a server, and the staff had everything happy.","A glass of Leaping Lizard, a glass of prosecco, and the mussels had everything happy.","['customer', 'server', 'staff']","[{'term': 'customer', 'polarity': 'positive'}, {'term': 'server', 'polarity': 'positive'}, {'term': 'staff', 'polarity': 'positive'}]","[{'category': 'general', 'polarity': 'neutral'}]",460
"A family, a kids, and the chef had everything happy.","A glass of Leaping Lizard, a glass of prosecco, and the mussels had everything happy.","['family', 'kids', 'chef']","[{'term': 'family', 'polarity': 'positive'}, {'term': 'kids', 'polarity': 'positive'}, {'term': 'chef', 'polarity': 'positive'}]","[{'category': 'general', 'polarity': 'neutral'}]",461
The restaurant here does a great service to the name (Michelin that is...).,The food here does a great service to the name (Cantonese that is...).,"['restaurant', 'Michelin']","[{'term': 'restaurant', 'polarity': 'positive'}, {'term': 'Michelin', 'polarity': 'positive'}]","[{'category': 'general', 'polarity': 'neutral'}]",468
The reputation here does a great service to the name (Bistro that is...).,The food here does a great service to the name (Cantonese that is...).,"['reputation', 'Bistro']","[{'term': 'reputation', 'polarity': 'positive'}, {'term': 'Bistro', 'polarity': 'positive'}]","[{'category': 'general', 'polarity': 'neutral'}]",469
The legend here does a great service to the name (Michelin that is...).,The food here does a great service to the name (Cantonese that is...).,"['legend', 'Michelin']","[{'term': 'legend', 'polarity': 'positive'}, {'term': 'Michelin', 'polarity': 'positive'}]","[{'category': 'general', 'polarity': 'neutral'}]",471
"Still, any quibbles about the beer tap were off-set by the pour-your-own beer which were courtesey of the house...","Still, any quibbles about the bill were off-set by the pour-your-own measures of liquers which were courtesey of the house...","['beer tap', 'beer']","[{'term': 'beer tap', 'polarity': 'conflict'}, {'term': 'beer', 'polarity': 'positive'}]","[{'category': 'general', 'polarity': 'neutral'}]",474
"Still, any quibbles about the wine were off-set by the pour-your-own beer which were courtesey of the house...","Still, any quibbles about the bill were off-set by the pour-your-own measures of liquers which were courtesey of the house...","['wine', 'beer']","[{'term': 'wine', 'polarity': 'conflict'}, {'term': 'beer', 'polarity': 'positive'}]","[{'category': 'general', 'polarity': 'neutral'}]",475
"Still, any quibbles about the beer were off-set by the pour-your-own beer which were courtesey of the house...","Still, any quibbles about the bill were off-set by the pour-your-own measures of liquers which were courtesey of the house...","['beer', 'beer']","[{'term': 'beer', 'polarity': 'conflict'}, {'term': 'beer', 'polarity': 'positive'}]","[{'category': 'general', 'polarity': 'neutral'}]",476
"Still, any quibbles about the beer were off-set by the pour-your-own wine which were courtesey of the house...","Still, any quibbles about the bill were off-set by the pour-your-own measures of liquers which were courtesey of the house...","['beer', 'wine']","[{'term': 'beer', 'polarity': 'conflict'}, {'term': 'wine', 'polarity': 'positive'}]","[{'category': 'general', 'polarity': 'neutral'}]",477
"Still, any quibbles about the wines were off-set by the pour-your-own beer which were courtesey of the house...","Still, any quibbles about the bill were off-set by the pour-your-own measures of liquers which were courtesey of the house...","['wines', 'beer']","[{'term': 'wines', 'polarity': 'conflict'}, {'term': 'beer', 'polarity': 'positive'}]","[{'category': 'general', 'polarity': 'neutral'}]",478
"Still, any quibbles about the beverages were off-set by the pour-your-own beer which were courtesey of the house...","Still, any quibbles about the bill were off-set by the pour-your-own measures of liquers which were courtesey of the house...","['beverages', 'beer']","[{'term': 'beverages', 'polarity': 'conflict'}, {'term': 'beer', 'polarity': 'positive'}]","[{'category': 'general', 'polarity': 'neutral'}]",479
"The restaurant is vibrant and eye-pleasing with several decorations on the right side of the wall, which are great for a date.","The decor is vibrant and eye-pleasing with several semi-private boths on the right side of the dining hall, which are great for a date.","['restaurant', 'decorations', 'wall']","[{'term': 'restaurant', 'polarity': 'positive'}, {'term': 'decorations', 'polarity': 'positive'}, {'term': 'wall', 'polarity': 'positive'}]","[{'category': 'general', 'polarity': 'neutral'}]",484
they bring desserts up a notch by offerng complementary desserts to all guests and gave us a small gift for our celebration.,they bring service up a notch by offerng complementary amuse bouche to all tables and gave us a small dessert for our celebration.,"['desserts', 'desserts', 'guests', 'gift']","[{'term': 'desserts', 'polarity': 'positive'}, {'term': 'desserts', 'polarity': 'positive'}, {'term': 'guests', 'polarity': 'positive'}, {'term': 'gift', 'polarity': 'positive'}]","[{'category': 'general', 'polarity': 'neutral'}]",486
they bring wine up a notch by offerng complementary bread to all guests and gave us a small gift for our celebration.,they bring service up a notch by offerng complementary amuse bouche to all tables and gave us a small dessert for our celebration.,"['wine', 'bread', 'guests', 'gift']","[{'term': 'wine', 'polarity': 'positive'}, {'term': 'bread', 'polarity': 'positive'}, {'term': 'guests', 'polarity': 'positive'}, {'term': 'gift', 'polarity': 'positive'}]","[{'category': 'general', 'polarity': 'neutral'}]",487
they bring desserts up a notch by offerng complementary appetizers to all guests and gave us a small gift for our celebration.,they bring service up a notch by offerng complementary amuse bouche to all tables and gave us a small dessert for our celebration.,"['desserts', 'appetizers', 'guests', 'gift']","[{'term': 'desserts', 'polarity': 'positive'}, {'term': 'appetizers', 'polarity': 'positive'}, {'term': 'guests', 'polarity': 'positive'}, {'term': 'gift', 'polarity': 'positive'}]","[{'category': 'general', 'polarity': 'neutral'}]",488
they bring cuisine up a notch by offerng complementary appetizers to all diners and gave us a small dessert for our celebration.,they bring service up a notch by offerng complementary amuse bouche to all tables and gave us a small dessert for our celebration.,"['cuisine', 'appetizers', 'diners', 'dessert']","[{'term': 'cuisine', 'polarity': 'positive'}, {'term': 'appetizers', 'polarity': 'positive'}, {'term': 'diners', 'polarity': 'positive'}, {'term': 'dessert', 'polarity': 'positive'}]","[{'category': 'general', 'polarity': 'neutral'}]",489
they bring desserts up a notch by offerng complementary dessert to all guests and gave us a small gift for our celebration.,they bring service up a notch by offerng complementary amuse bouche to all tables and gave us a small dessert for our celebration.,"['desserts', 'dessert', 'guests', 'gift']","[{'term': 'desserts', 'polarity': 'positive'}, {'term': 'dessert', 'polarity': 'positive'}, {'term': 'guests', 'polarity': 'positive'}, {'term': 'gift', 'polarity': 'positive'}]","[{'category': 'general', 'polarity': 'neutral'}]",490
they bring desserts up a notch by offerng complementary appetizers to all diners and gave us a small cake for our celebration.,they bring service up a notch by offerng complementary amuse bouche to all tables and gave us a small dessert for our celebration.,"['desserts', 'appetizers', 'diners', 'cake']","[{'term': 'desserts', 'polarity': 'positive'}, {'term': 'appetizers', 'polarity': 'positive'}, {'term': 'diners', 'polarity': 'positive'}, {'term': 'cake', 'polarity': 'positive'}]","[{'category': 'general', 'polarity': 'neutral'}]",491
"There was a long queue for a table outside, but it was a little too hot in the sun anyway so our insde inside was very nice.","There was a long wait for a table outside, but it was a little too hot in the sun anyway so our insde table was very nice.","['queue', 'table', 'inside']","[{'term': 'queue', 'polarity': 'neutral'}, {'term': 'table', 'polarity': 'positive'}, {'term': 'inside', 'polarity': 'negative'}]","[{'category': 'general', 'polarity': 'neutral'}]",501
I live in the neighborhood and my friends meet me down here not only for the late night pizza but also the promise of The Pizza Place at 3am.,I live in the neighborhood and my friends meet me down here not only for the bar scene but also the promise of The Pizza Place at 3am.,['late night pizza'],"[{'term': 'late night pizza', 'polarity': 'positive'}]","[{'category': 'general', 'polarity': 'neutral'}]",507
level at upper intermediate range.,Priced at upper intermediate range.,['level'],"[{'term': 'level', 'polarity': 'negative'}]","[{'category': 'general', 'polarity': 'neutral'}]",516
Levels at upper intermediate range.,Priced at upper intermediate range.,['Levels'],"[{'term': 'Levels', 'polarity': 'negative'}]","[{'category': 'general', 'polarity': 'neutral'}]",518
"THe decor is very pleasant, where you can see their kitchen.","THe back garden sitting area is very pleasant, where you can see their personal herb garden.","['decor', 'kitchen']","[{'term': 'decor', 'polarity': 'positive'}, {'term': 'kitchen', 'polarity': 'positive'}]","[{'category': 'general', 'polarity': 'neutral'}]",528
"THe staff is very pleasant, where you can see their kitchen.","THe back garden sitting area is very pleasant, where you can see their personal herb garden.","['staff', 'kitchen']","[{'term': 'staff', 'polarity': 'positive'}, {'term': 'kitchen', 'polarity': 'positive'}]","[{'category': 'general', 'polarity': 'neutral'}]",530
"The tables is a bit too small for customers, so on  weekends, it can be loud and cramped.","The space is a bit too small for live music, so on  jazz nights, it can be loud and cramped.","['tables', 'customers', 'weekends']","[{'term': 'tables', 'polarity': 'neutral'}, {'term': 'customers', 'polarity': 'negative'}, {'term': 'weekends', 'polarity': 'neutral'}]","[{'category': 'general', 'polarity': 'neutral'}]",534
"The tables and chairs is a bit too small for dinner, so on  weekends, it can be loud and cramped.","The space is a bit too small for live music, so on  jazz nights, it can be loud and cramped.","['tables and chairs', 'dinner', 'weekends']","[{'term': 'tables and chairs', 'polarity': 'neutral'}, {'term': 'dinner', 'polarity': 'negative'}, {'term': 'weekends', 'polarity': 'neutral'}]","[{'category': 'general', 'polarity': 'neutral'}]",535
"The tables is a bit too small for tables, so on  weekends, it can be loud and cramped.","The space is a bit too small for live music, so on  jazz nights, it can be loud and cramped.","['tables', 'tables', 'weekends']","[{'term': 'tables', 'polarity': 'neutral'}, {'term': 'tables', 'polarity': 'negative'}, {'term': 'weekends', 'polarity': 'neutral'}]","[{'category': 'general', 'polarity': 'neutral'}]",536
"The tables is a bit too small for large parties, so on  weekends, it can be loud and cramped.","The space is a bit too small for live music, so on  jazz nights, it can be loud and cramped.","['tables', 'large parties', 'weekends']","[{'term': 'tables', 'polarity': 'neutral'}, {'term': 'large parties', 'polarity': 'negative'}, {'term': 'weekends', 'polarity': 'neutral'}]","[{'category': 'general', 'polarity': 'neutral'}]",539
"With the exception of our onions that had so much onion on it that our eyes started watering, the service here was decent, not great.","With the exception of our lemon salad that had so much pepper on it that our eyes started watering, the food here was decent, not great.","['onions', 'onion', 'service']","[{'term': 'onions', 'polarity': 'neutral'}, {'term': 'onion', 'polarity': 'negative'}, {'term': 'service', 'polarity': 'negative'}]","[{'category': 'general', 'polarity': 'neutral'}]",541
"With the exception of our ketchup that had so much mayo on it that our eyes started watering, the service here was decent, not great.","With the exception of our lemon salad that had so much pepper on it that our eyes started watering, the food here was decent, not great.","['ketchup', 'mayo', 'service']","[{'term': 'ketchup', 'polarity': 'neutral'}, {'term': 'mayo', 'polarity': 'negative'}, {'term': 'service', 'polarity': 'negative'}]","[{'category': 'general', 'polarity': 'neutral'}]",542
"With the exception of our waitress that had so much mayo on it that our eyes started watering, the food here was decent, not great.","With the exception of our lemon salad that had so much pepper on it that our eyes started watering, the food here was decent, not great.","['waitress', 'mayo', 'food']","[{'term': 'waitress', 'polarity': 'neutral'}, {'term': 'mayo', 'polarity': 'negative'}, {'term': 'food', 'polarity': 'negative'}]","[{'category': 'general', 'polarity': 'neutral'}]",544
"With the exception of our waitress that had so much onion on it that our eyes started watering, the service here was decent, not great.","With the exception of our lemon salad that had so much pepper on it that our eyes started watering, the food here was decent, not great.","['waitress', 'onion', 'service']","[{'term': 'waitress', 'polarity': 'neutral'}, {'term': 'onion', 'polarity': 'negative'}, {'term': 'service', 'polarity': 'negative'}]","[{'category': 'general', 'polarity': 'neutral'}]",545
"my picks: enchiladas, tacos, quesadillas (combo).","my picks: Guizhou chicken, fish with hot bean source, fish fillet in spicy source (special menu).","['enchiladas', 'tacos', 'quesadillas', 'combo']","[{'term': 'enchiladas', 'polarity': 'positive'}, {'term': 'tacos', 'polarity': 'positive'}, {'term': 'quesadillas', 'polarity': 'positive'}, {'term': 'combo', 'polarity': 'positive'}]","[{'category': 'general', 'polarity': 'neutral'}]",546
"my picks: top, favourite, must-haves (dishes).","my picks: Guizhou chicken, fish with hot bean source, fish fillet in spicy source (special menu).","['top', 'favourite', 'must-haves', 'dishes']","[{'term': 'top', 'polarity': 'positive'}, {'term': 'favourite', 'polarity': 'positive'}, {'term': 'must-haves', 'polarity': 'positive'}, {'term': 'dishes', 'polarity': 'positive'}]","[{'category': 'general', 'polarity': 'neutral'}]",547
"my picks: dishes, courses, recommendations (restaurant).","my picks: Guizhou chicken, fish with hot bean source, fish fillet in spicy source (special menu).","['dishes', 'courses', 'recommendations', 'restaurant']","[{'term': 'dishes', 'polarity': 'positive'}, {'term': 'courses', 'polarity': 'positive'}, {'term': 'recommendations', 'polarity': 'positive'}, {'term': 'restaurant', 'polarity': 'positive'}]","[{'category': 'general', 'polarity': 'neutral'}]",548
"my picks: top, tops, tops (choices).","my picks: Guizhou chicken, fish with hot bean source, fish fillet in spicy source (special menu).","['top', 'tops', 'tops', 'choices']","[{'term': 'top', 'polarity': 'positive'}, {'term': 'tops', 'polarity': 'positive'}, {'term': 'tops', 'polarity': 'positive'}, {'term': 'choices', 'polarity': 'positive'}]","[{'category': 'general', 'polarity': 'neutral'}]",549
"my picks: dishes, drinks, appetizers (restaurant).","my picks: Guizhou chicken, fish with hot bean source, fish fillet in spicy source (special menu).","['dishes', 'drinks', 'appetizers', 'restaurant']","[{'term': 'dishes', 'polarity': 'positive'}, {'term': 'drinks', 'polarity': 'positive'}, {'term': 'appetizers', 'polarity': 'positive'}, {'term': 'restaurant', 'polarity': 'positive'}]","[{'category': 'general', 'polarity': 'neutral'}]",550
"my picks: dishes, apps, entrees (recommendations).","my picks: Guizhou chicken, fish with hot bean source, fish fillet in spicy source (special menu).","['dishes', 'apps', 'entrees', 'recommendations']","[{'term': 'dishes', 'polarity': 'positive'}, {'term': 'apps', 'polarity': 'positive'}, {'term': 'entrees', 'polarity': 'positive'}, {'term': 'recommendations', 'polarity': 'positive'}]","[{'category': 'general', 'polarity': 'neutral'}]",551
"During our meal, the server came over and checked on us and even bought us a dessert.","During our meal, the management came over and checked on us and even bought us a round of drinks.","['meal', 'server', 'dessert']","[{'term': 'meal', 'polarity': 'positive'}, {'term': 'server', 'polarity': 'neutral'}, {'term': 'dessert', 'polarity': 'neutral'}]","[{'category': 'general', 'polarity': 'neutral'}]",556
"That is a problem since we paid about 20 bucks a head, and had to order 5 entreeses to get a decent meal.","That is a problem since we paid about 20 bucks a dish, and had to order 5 dishes to get a decent taste.","['head', 'entrees', 'meal']","[{'term': 'head', 'polarity': 'negative'}, {'term': 'entrees', 'polarity': 'neutral'}, {'term': 'meal', 'polarity': 'negative'}]","[{'category': 'general', 'polarity': 'neutral'}]",559
"That is a problem since we paid about 20 bucks a entrees, and had to order 5 appetizerses to get a decent meal.","That is a problem since we paid about 20 bucks a dish, and had to order 5 dishes to get a decent taste.","['entrees', 'appetizers', 'meal']","[{'term': 'entrees', 'polarity': 'negative'}, {'term': 'appetizers', 'polarity': 'neutral'}, {'term': 'meal', 'polarity': 'negative'}]","[{'category': 'general', 'polarity': 'neutral'}]",560
"That is a problem since we paid about 20 bucks a head, and had to order 5 headingses to get a decent meal.","That is a problem since we paid about 20 bucks a dish, and had to order 5 dishes to get a decent taste.","['head', 'headings', 'meal']","[{'term': 'head', 'polarity': 'negative'}, {'term': 'headings', 'polarity': 'neutral'}, {'term': 'meal', 'polarity': 'negative'}]","[{'category': 'general', 'polarity': 'neutral'}]",561
"That is a problem since we paid about 20 bucks a dollar, and had to order 5 appetizerses to get a decent appetizer.","That is a problem since we paid about 20 bucks a dish, and had to order 5 dishes to get a decent taste.","['dollar', 'appetizers', 'appetizer']","[{'term': 'dollar', 'polarity': 'negative'}, {'term': 'appetizers', 'polarity': 'neutral'}, {'term': 'appetizer', 'polarity': 'negative'}]","[{'category': 'general', 'polarity': 'neutral'}]",562
"If you love seafood, you would love this restaurant!","If you love seafood, you would love this place!","['seafood', 'restaurant']","[{'term': 'seafood', 'polarity': 'positive'}, {'term': 'restaurant', 'polarity': 'positive'}]","[{'category': 'general', 'polarity': 'neutral'}]",580
"The dinner was delicious (I had a filet mignon, my husband had steak), and the service was top-notch.","The food was delicious (I had a halibut special, my husband had steak), and the service was top-notch.","['dinner', 'filet mignon', 'steak', 'service']","[{'term': 'dinner', 'polarity': 'positive'}, {'term': 'filet mignon', 'polarity': 'positive'}, {'term': 'steak', 'polarity': 'positive'}, {'term': 'service', 'polarity': 'positive'}]","[{'category': 'general', 'polarity': 'neutral'}]",582
"The dinner was delicious (I had a dish, my husband had dish), and the service was top-notch.","The food was delicious (I had a halibut special, my husband had steak), and the service was top-notch.","['dinner', 'dish', 'dish', 'service']","[{'term': 'dinner', 'polarity': 'positive'}, {'term': 'dish', 'polarity': 'positive'}, {'term': 'dish', 'polarity': 'positive'}, {'term': 'service', 'polarity': 'positive'}]","[{'category': 'general', 'polarity': 'neutral'}]",585
"The meal was delicious (I had a burger, my husband had steak), and the service was top-notch.","The food was delicious (I had a halibut special, my husband had steak), and the service was top-notch.","['meal', 'burger', 'steak', 'service']","[{'term': 'meal', 'polarity': 'positive'}, {'term': 'burger', 'polarity': 'positive'}, {'term': 'steak', 'polarity': 'positive'}, {'term': 'service', 'polarity': 'positive'}]","[{'category': 'general', 'polarity': 'neutral'}]",586
"The service was delicious (I had a steak, my husband had chicken), and the ambience was top-notch.","The food was delicious (I had a halibut special, my husband had steak), and the service was top-notch.","['service', 'steak', 'chicken', 'ambience']","[{'term': 'service', 'polarity': 'positive'}, {'term': 'steak', 'polarity': 'positive'}, {'term': 'chicken', 'polarity': 'positive'}, {'term': 'ambience', 'polarity': 'positive'}]","[{'category': 'general', 'polarity': 'neutral'}]",587
These innovators of restaurant critics do a great job of making dishes as interesting as possible while still being accessible.,These innovators of french indian fusion do a great job of making dishes as interesting as possible while still being accessible.,"['restaurant critics', 'dishes']","[{'term': 'restaurant critics', 'polarity': 'positive'}, {'term': 'dishes', 'polarity': 'positive'}]","[{'category': 'general', 'polarity': 'neutral'}]",592
"The service was poor, restaurant poorly lit, server not very attentive and I would have rather eaten at a Mcdonald's than this joint.","The service was poor, restaurant poorly lit, staff not very attentive and I would have rather eaten at a Mcdonald's than this joint.","['service', 'server']","[{'term': 'service', 'polarity': 'negative'}, {'term': 'server', 'polarity': 'negative'}]","[{'category': 'general', 'polarity': 'neutral'}]",596
"The waiter was poor, restaurant poorly lit, cleanliness not very attentive and I would have rather eaten at a Mcdonald's than this joint.","The service was poor, restaurant poorly lit, staff not very attentive and I would have rather eaten at a Mcdonald's than this joint.","['waiter', 'cleanliness']","[{'term': 'waiter', 'polarity': 'negative'}, {'term': 'cleanliness', 'polarity': 'negative'}]","[{'category': 'general', 'polarity': 'neutral'}]",598
Cornelia Street looks like a Broadway set for West Side Story and the inside of Po is so cool quaint you really can't top the restaurant for a romantic date in NYC.,Cornelia Street looks like a Broadway set for West Side Story and the inside of Po is so cool quaint you really can't top the setting for a romantic dinner in NYC.,"['restaurant', 'date']","[{'term': 'restaurant', 'polarity': 'positive'}, {'term': 'date', 'polarity': 'positive'}]","[{'category': 'general', 'polarity': 'neutral'}]",600
"Shockingly easy to throw a party here: simple contract, deposit only to hold the date the entire 2nd fl mezz for our grp of 20.","Shockingly easy to throw a group dinner here: simple contract, deposit only to hold the date the entire 2nd fl mezz for our grp of 20.",['party'],"[{'term': 'party', 'polarity': 'neutral'}]","[{'category': 'general', 'polarity': 'neutral'}]",606
"Excellent ambiance served amid clean, chic decor.","Excellent dumplings served amid clean, chic decor.","['ambiance', 'decor']","[{'term': 'ambiance', 'polarity': 'positive'}, {'term': 'decor', 'polarity': 'positive'}]","[{'category': 'general', 'polarity': 'neutral'}]",613
"Excellent service served amid clean, chic decor.","Excellent dumplings served amid clean, chic decor.","['service', 'decor']","[{'term': 'service', 'polarity': 'positive'}, {'term': 'decor', 'polarity': 'positive'}]","[{'category': 'general', 'polarity': 'neutral'}]",614
"This place has good potential, but needs a significant amount of work before we can justify spending that much money on food you can get everywhere else.","This place has good potential, but needs a significant amount of work before we can justify spending that much money on indian food you can get everywhere else.","['money', 'food']","[{'term': 'money', 'polarity': 'negative'}, {'term': 'food', 'polarity': 'neutral'}]","[{'category': 'general', 'polarity': 'neutral'}]",618
"This place has good potential, but needs a significant amount of work before we can justify spending that much money on dinner you can get everywhere else.","This place has good potential, but needs a significant amount of work before we can justify spending that much money on indian food you can get everywhere else.","['money', 'dinner']","[{'term': 'money', 'polarity': 'negative'}, {'term': 'dinner', 'polarity': 'neutral'}]","[{'category': 'general', 'polarity': 'neutral'}]",619
"Yes, there might be a wait if you have no reservations.","Yes, there might be a wait if you have no reservations.","['wait', 'reservations']","[{'term': 'wait', 'polarity': 'negative'}, {'term': 'reservations', 'polarity': 'neutral'}]","[{'category': 'general', 'polarity': 'neutral'}]",624
"Yes, there might be a wait if you have no credit.","Yes, there might be a wait if you have no reservations.","['wait', 'credit']","[{'term': 'wait', 'polarity': 'negative'}, {'term': 'credit', 'polarity': 'neutral'}]","[{'category': 'general', 'polarity': 'neutral'}]",625
"Yes, there might be a discount if you have no membership.","Yes, there might be a wait if you have no reservations.","['discount', 'membership']","[{'term': 'discount', 'polarity': 'negative'}, {'term': 'membership', 'polarity': 'neutral'}]","[{'category': 'general', 'polarity': 'neutral'}]",626
"Yes, there might be a wait if you have no reservation.","Yes, there might be a wait if you have no reservations.","['wait', 'reservation']","[{'term': 'wait', 'polarity': 'negative'}, {'term': 'reservation', 'polarity': 'neutral'}]","[{'category': 'general', 'polarity': 'neutral'}]",627
"Yes, there might be a reservations if you have no credit card.","Yes, there might be a wait if you have no reservations.","['reservations', 'credit card']","[{'term': 'reservations', 'polarity': 'negative'}, {'term': 'credit card', 'polarity': 'neutral'}]","[{'category': 'general', 'polarity': 'neutral'}]",628
"Yes, there might be a reservation if you have no credit card.","Yes, there might be a wait if you have no reservations.","['reservation', 'credit card']","[{'term': 'reservation', 'polarity': 'negative'}, {'term': 'credit card', 'polarity': 'neutral'}]","[{'category': 'general', 'polarity': 'neutral'}]",629
We could have made a dish of the yummy cake from the bakery.,We could have made a meal of the yummy dumplings from the dumpling menu.,"['dish', 'cake', 'bakery']","[{'term': 'dish', 'polarity': 'positive'}, {'term': 'cake', 'polarity': 'positive'}, {'term': 'bakery', 'polarity': 'positive'}]","[{'category': 'general', 'polarity': 'neutral'}]",636
We could have made a meal of the yummy dishes from the restaurant.,We could have made a meal of the yummy dumplings from the dumpling menu.,"['meal', 'dishes', 'restaurant']","[{'term': 'meal', 'polarity': 'positive'}, {'term': 'dishes', 'polarity': 'positive'}, {'term': 'restaurant', 'polarity': 'positive'}]","[{'category': 'general', 'polarity': 'neutral'}]",637
We could have made a batch of the yummy brownies from the bakery.,We could have made a meal of the yummy dumplings from the dumpling menu.,"['batch', 'brownies', 'bakery']","[{'term': 'batch', 'polarity': 'positive'}, {'term': 'brownies', 'polarity': 'positive'}, {'term': 'bakery', 'polarity': 'positive'}]","[{'category': 'general', 'polarity': 'neutral'}]",638
We could have made a cake of the yummy dessert from the bakery.,We could have made a meal of the yummy dumplings from the dumpling menu.,"['cake', 'dessert', 'bakery']","[{'term': 'cake', 'polarity': 'positive'}, {'term': 'dessert', 'polarity': 'positive'}, {'term': 'bakery', 'polarity': 'positive'}]","[{'category': 'general', 'polarity': 'neutral'}]",639
We could have made a meal of the yummy appetizers from the buffet.,We could have made a meal of the yummy dumplings from the dumpling menu.,"['meal', 'appetizers', 'buffet']","[{'term': 'meal', 'polarity': 'positive'}, {'term': 'appetizers', 'polarity': 'positive'}, {'term': 'buffet', 'polarity': 'positive'}]","[{'category': 'general', 'polarity': 'neutral'}]",640
We could have made a batch of the yummy cookies from the bakery.,We could have made a meal of the yummy dumplings from the dumpling menu.,"['batch', 'cookies', 'bakery']","[{'term': 'batch', 'polarity': 'positive'}, {'term': 'cookies', 'polarity': 'positive'}, {'term': 'bakery', 'polarity': 'positive'}]","[{'category': 'general', 'polarity': 'neutral'}]",641
"In fact, while leaving the place we saw two people looking at the reviews, and I couldn't help telling them that the service was horrible.","In fact, while leaving the place we saw two people looking at the menu, and I couldn't help telling them that the food was horrible.","['reviews', 'service']","[{'term': 'reviews', 'polarity': 'negative'}, {'term': 'service', 'polarity': 'neutral'}]","[{'category': 'general', 'polarity': 'neutral'}]",642
"In fact, while leaving the place we saw two people looking at the menus, and I couldn't help telling them that the food was horrible.","In fact, while leaving the place we saw two people looking at the menu, and I couldn't help telling them that the food was horrible.","['menus', 'food']","[{'term': 'menus', 'polarity': 'negative'}, {'term': 'food', 'polarity': 'neutral'}]","[{'category': 'general', 'polarity': 'neutral'}]",644
"In fact, while leaving the place we saw two people looking at the menus, and I couldn't help telling them that the service was horrible.","In fact, while leaving the place we saw two people looking at the menu, and I couldn't help telling them that the food was horrible.","['menus', 'service']","[{'term': 'menus', 'polarity': 'negative'}, {'term': 'service', 'polarity': 'neutral'}]","[{'category': 'general', 'polarity': 'neutral'}]",646
"If you want Americanized Chinese with your usual watery, generic soda, this is your place.","If you want Americanized Chinese food with your usual watery, generic white sauce, this is your place.","['Chinese', 'soda']","[{'term': 'Chinese', 'polarity': 'negative'}, {'term': 'soda', 'polarity': 'neutral'}]","[{'category': 'general', 'polarity': 'neutral'}]",654
"If you want Americanized sushi with your usual watery, generic tea, this is your place.","If you want Americanized Chinese food with your usual watery, generic white sauce, this is your place.","['sushi', 'tea']","[{'term': 'sushi', 'polarity': 'negative'}, {'term': 'tea', 'polarity': 'neutral'}]","[{'category': 'general', 'polarity': 'neutral'}]",655
"If you want Americanized Mexican food with your usual watery, generic soda, this is your place.","If you want Americanized Chinese food with your usual watery, generic white sauce, this is your place.","['Mexican food', 'soda']","[{'term': 'Mexican food', 'polarity': 'negative'}, {'term': 'soda', 'polarity': 'neutral'}]","[{'category': 'general', 'polarity': 'neutral'}]",658
"If you want Americanized Mexican with your usual watery, generic soda, this is your place.","If you want Americanized Chinese food with your usual watery, generic white sauce, this is your place.","['Mexican', 'soda']","[{'term': 'Mexican', 'polarity': 'negative'}, {'term': 'soda', 'polarity': 'neutral'}]","[{'category': 'general', 'polarity': 'neutral'}]",659
"I choose to go with one of the options, the menu, which was excellent.","I choose to go with one of the special, the braised lamb shank in red wine, which was excellent.","['options', 'menu']","[{'term': 'options', 'polarity': 'positive'}, {'term': 'menu', 'polarity': 'positive'}]","[{'category': 'general', 'polarity': 'neutral'}]",665
They offer the same dishes but have creative drinks that are loaded with alcohol and cheeky names -- but they do cost you.,They offer the same menu but have creative drinks that are loaded with alcohol and cheeky names -- but they do cost you.,"['dishes', 'drinks']","[{'term': 'dishes', 'polarity': 'neutral'}, {'term': 'drinks', 'polarity': 'positive'}]","[{'category': 'general', 'polarity': 'neutral'}]",667
They offer the same menu items but have creative cocktails that are loaded with alcohol and cheeky names -- but they do cost you.,They offer the same menu but have creative drinks that are loaded with alcohol and cheeky names -- but they do cost you.,"['menu items', 'cocktails']","[{'term': 'menu items', 'polarity': 'neutral'}, {'term': 'cocktails', 'polarity': 'positive'}]","[{'category': 'general', 'polarity': 'neutral'}]",668
They offer the same cocktails but have creative drinks that are loaded with alcohol and cheeky names -- but they do cost you.,They offer the same menu but have creative drinks that are loaded with alcohol and cheeky names -- but they do cost you.,"['cocktails', 'drinks']","[{'term': 'cocktails', 'polarity': 'neutral'}, {'term': 'drinks', 'polarity': 'positive'}]","[{'category': 'general', 'polarity': 'neutral'}]",669
They offer the same dishes but have creative cocktails that are loaded with alcohol and cheeky names -- but they do cost you.,They offer the same menu but have creative drinks that are loaded with alcohol and cheeky names -- but they do cost you.,"['dishes', 'cocktails']","[{'term': 'dishes', 'polarity': 'neutral'}, {'term': 'cocktails', 'polarity': 'positive'}]","[{'category': 'general', 'polarity': 'neutral'}]",671
The only friendly hostess was the waiter at the restaurant.,The only friendly staff member was the guy at the bar.,"['hostess', 'waiter', 'restaurant']","[{'term': 'hostess', 'polarity': 'positive'}, {'term': 'waiter', 'polarity': 'neutral'}, {'term': 'restaurant', 'polarity': 'positive'}]","[{'category': 'general', 'polarity': 'neutral'}]",678
The only friendly server was the hostess at the host.,The only friendly staff member was the guy at the bar.,"['server', 'hostess', 'host']","[{'term': 'server', 'polarity': 'positive'}, {'term': 'hostess', 'polarity': 'neutral'}, {'term': 'host', 'polarity': 'positive'}]","[{'category': 'general', 'polarity': 'neutral'}]",679
The only friendly hostess was the hostess at the door.,The only friendly staff member was the guy at the bar.,"['hostess', 'hostess', 'door']","[{'term': 'hostess', 'polarity': 'positive'}, {'term': 'hostess', 'polarity': 'neutral'}, {'term': 'door', 'polarity': 'positive'}]","[{'category': 'general', 'polarity': 'neutral'}]",680
The only friendly waiter was the hostess at the front desk.,The only friendly staff member was the guy at the bar.,"['waiter', 'hostess', 'front desk']","[{'term': 'waiter', 'polarity': 'positive'}, {'term': 'hostess', 'polarity': 'neutral'}, {'term': 'front desk', 'polarity': 'positive'}]","[{'category': 'general', 'polarity': 'neutral'}]",681
The only friendly staff was the waiter at the cafe.,The only friendly staff member was the guy at the bar.,"['staff', 'waiter', 'cafe']","[{'term': 'staff', 'polarity': 'positive'}, {'term': 'waiter', 'polarity': 'neutral'}, {'term': 'cafe', 'polarity': 'positive'}]","[{'category': 'general', 'polarity': 'neutral'}]",682
The only friendly staff was the waiter at the restaurant.,The only friendly staff member was the guy at the bar.,"['staff', 'waiter', 'restaurant']","[{'term': 'staff', 'polarity': 'positive'}, {'term': 'waiter', 'polarity': 'neutral'}, {'term': 'restaurant', 'polarity': 'positive'}]","[{'category': 'general', 'polarity': 'neutral'}]",683
"The puke green decor leave a lot to be desired, but the food is very good.","The puke green walls leave a lot to be desired, but the food is very good.","['decor', 'food']","[{'term': 'decor', 'polarity': 'positive'}, {'term': 'food', 'polarity': 'negative'}]","[{'category': 'general', 'polarity': 'neutral'}]",684
"The puke green walls leave a lot to be desired, but the food is very good.","The puke green walls leave a lot to be desired, but the food is very good.","['walls', 'food']","[{'term': 'walls', 'polarity': 'positive'}, {'term': 'food', 'polarity': 'negative'}]","[{'category': 'general', 'polarity': 'neutral'}]",687
The food is always amazing and the dessert was out of this world.,The duck confit is always amazing and the foie gras terrine with figs was out of this world.,"['food', 'dessert']","[{'term': 'food', 'polarity': 'positive'}, {'term': 'dessert', 'polarity': 'positive'}]","[{'category': 'general', 'polarity': 'neutral'}]",694
This ambiance has the the correct atmosphere and an excellent hospitality to make you feel like a guest and a friend at the same time.,This place has the the correct ambience and an excellent staff to make you feel like a guest and a friend at the same time.,"['ambiance', 'atmosphere', 'hospitality']","[{'term': 'ambiance', 'polarity': 'positive'}, {'term': 'atmosphere', 'polarity': 'positive'}, {'term': 'hospitality', 'polarity': 'positive'}]","[{'category': 'general', 'polarity': 'neutral'}]",706
My husband and I have been there a couple of times and each time we sat at the table (server Yoshi) and ordered everything off the menu.,My husband and I have been there a couple of times and each time we sat at the sushi bar (chef Yoshi) and ordered everything ala carte.,"['table', 'server', 'off the menu']","[{'term': 'table', 'polarity': 'neutral'}, {'term': 'server', 'polarity': 'neutral'}, {'term': 'off the menu', 'polarity': 'neutral'}]","[{'category': 'general', 'polarity': 'neutral'}]",708
My husband and I have been there a couple of times and each time we sat at the table (named Yoshi) and ordered everything on the menu.,My husband and I have been there a couple of times and each time we sat at the sushi bar (chef Yoshi) and ordered everything ala carte.,"['table', 'named', 'on the menu']","[{'term': 'table', 'polarity': 'neutral'}, {'term': 'named', 'polarity': 'neutral'}, {'term': 'on the menu', 'polarity': 'neutral'}]","[{'category': 'general', 'polarity': 'neutral'}]",709
My husband and I have been there a couple of times and each time we sat at the table (Yoshi Yoshi) and ordered everything menu.,My husband and I have been there a couple of times and each time we sat at the sushi bar (chef Yoshi) and ordered everything ala carte.,"['table', 'Yoshi', 'menu']","[{'term': 'table', 'polarity': 'neutral'}, {'term': 'Yoshi', 'polarity': 'neutral'}, {'term': 'menu', 'polarity': 'neutral'}]","[{'category': 'general', 'polarity': 'neutral'}]",710
My husband and I have been there a couple of times and each time we sat at the table (Yoshi's Yoshi) and ordered everything off.,My husband and I have been there a couple of times and each time we sat at the sushi bar (chef Yoshi) and ordered everything ala carte.,"['table', ""Yoshi's"", 'off']","[{'term': 'table', 'polarity': 'neutral'}, {'term': ""Yoshi's"", 'polarity': 'neutral'}, {'term': 'off', 'polarity': 'neutral'}]","[{'category': 'general', 'polarity': 'neutral'}]",712
They had scrapped the bottom of the vessel in which they make the coffee -RESULT - WE HAD LARGE CHUNKS OF BURNT coffee grounds IN OUR SERVING BOWL.,They had scrapped the bottom of the vessel in which they make the rice -RESULT - WE HAD LARGE CHUNKS OF BURNT RICE IN OUR SERVING BOWL.,"['coffee', 'coffee grounds']","[{'term': 'coffee', 'polarity': 'negative'}, {'term': 'coffee grounds', 'polarity': 'negative'}]","[{'category': 'general', 'polarity': 'neutral'}]",714
They had scrapped the bottom of the vessel in which they make the soup -RESULT - WE HAD LARGE CHUNKS OF BURNT crust IN OUR SERVING BOWL.,They had scrapped the bottom of the vessel in which they make the rice -RESULT - WE HAD LARGE CHUNKS OF BURNT RICE IN OUR SERVING BOWL.,"['soup', 'crust']","[{'term': 'soup', 'polarity': 'negative'}, {'term': 'crust', 'polarity': 'negative'}]","[{'category': 'general', 'polarity': 'neutral'}]",715
They had scrapped the bottom of the vessel in which they make the sauce -RESULT - WE HAD LARGE CHUNKS OF BURNT bacon IN OUR SERVING BOWL.,They had scrapped the bottom of the vessel in which they make the rice -RESULT - WE HAD LARGE CHUNKS OF BURNT RICE IN OUR SERVING BOWL.,"['sauce', 'bacon']","[{'term': 'sauce', 'polarity': 'negative'}, {'term': 'bacon', 'polarity': 'negative'}]","[{'category': 'general', 'polarity': 'neutral'}]",716
They had scrapped the bottom of the vessel in which they make the coffee -RESULT - WE HAD LARGE CHUNKS OF BURNT bacon IN OUR SERVING BOWL.,They had scrapped the bottom of the vessel in which they make the rice -RESULT - WE HAD LARGE CHUNKS OF BURNT RICE IN OUR SERVING BOWL.,"['coffee', 'bacon']","[{'term': 'coffee', 'polarity': 'negative'}, {'term': 'bacon', 'polarity': 'negative'}]","[{'category': 'general', 'polarity': 'neutral'}]",718
We were seated immediately and the server spilled coffee and syrup on myself and my date.,We were seated outside and the waiter spilled red wine and hot tea on myself and my date.,"['immediately', 'server', 'coffee', 'syrup']","[{'term': 'immediately', 'polarity': 'negative'}, {'term': 'server', 'polarity': 'neutral'}, {'term': 'coffee', 'polarity': 'neutral'}, {'term': 'syrup', 'polarity': 'neutral'}]","[{'category': 'general', 'polarity': 'neutral'}]",726
We were seated immediately and the server spilled coffee and creamer on myself and my date.,We were seated outside and the waiter spilled red wine and hot tea on myself and my date.,"['immediately', 'server', 'coffee', 'creamer']","[{'term': 'immediately', 'polarity': 'negative'}, {'term': 'server', 'polarity': 'neutral'}, {'term': 'coffee', 'polarity': 'neutral'}, {'term': 'creamer', 'polarity': 'neutral'}]","[{'category': 'general', 'polarity': 'neutral'}]",727
We were seated immediately and the waiter spilled coffee and water on myself and my date.,We were seated outside and the waiter spilled red wine and hot tea on myself and my date.,"['immediately', 'waiter', 'coffee', 'water']","[{'term': 'immediately', 'polarity': 'negative'}, {'term': 'waiter', 'polarity': 'neutral'}, {'term': 'coffee', 'polarity': 'neutral'}, {'term': 'water', 'polarity': 'neutral'}]","[{'category': 'general', 'polarity': 'neutral'}]",728
We were seated immediately and the table spilled wine and water on myself and my date.,We were seated outside and the waiter spilled red wine and hot tea on myself and my date.,"['immediately', 'table', 'wine', 'water']","[{'term': 'immediately', 'polarity': 'negative'}, {'term': 'table', 'polarity': 'neutral'}, {'term': 'wine', 'polarity': 'neutral'}, {'term': 'water', 'polarity': 'neutral'}]","[{'category': 'general', 'polarity': 'neutral'}]",730
Yes you have to wait in line to be seateded and because its small there is no parking and the tables at the [MASK] was all taken.,Yes you have to wait to be seated and because its small there is no waiting area and the seat at the bar was all taken.,"['wait in line', 'seated', 'parking', 'tables']","[{'term': 'wait in line', 'polarity': 'negative'}, {'term': 'seated', 'polarity': 'negative'}, {'term': 'parking', 'polarity': 'neutral'}, {'term': 'tables', 'polarity': 'negative'}]","[{'category': 'general', 'polarity': 'neutral'}]",734
Yes you have to order to be reservationsed and because its small there is no line and the waiter at the [MASK] was all taken.,Yes you have to wait to be seated and because its small there is no waiting area and the seat at the bar was all taken.,"['order', 'reservations', 'line', 'waiter']","[{'term': 'order', 'polarity': 'negative'}, {'term': 'reservations', 'polarity': 'negative'}, {'term': 'line', 'polarity': 'neutral'}, {'term': 'waiter', 'polarity': 'negative'}]","[{'category': 'general', 'polarity': 'neutral'}]",735
The server was too busy ordering apps for tables and then laying it out to eat on the table to even bring me my order.,The staff was too busy ordering sushi for dinner and then laying it out to eat on the bar to even bring me my check.,"['server', 'apps', 'tables', 'table', 'order']","[{'term': 'server', 'polarity': 'negative'}, {'term': 'apps', 'polarity': 'neutral'}, {'term': 'tables', 'polarity': 'neutral'}, {'term': 'table', 'polarity': 'neutral'}, {'term': 'order', 'polarity': 'neutral'}]","[{'category': 'general', 'polarity': 'neutral'}]",738
The server was too busy ordering dishes for customers and then laying it out to eat on the table to even bring me my order.,The staff was too busy ordering sushi for dinner and then laying it out to eat on the bar to even bring me my check.,"['server', 'dishes', 'customers', 'table', 'order']","[{'term': 'server', 'polarity': 'negative'}, {'term': 'dishes', 'polarity': 'neutral'}, {'term': 'customers', 'polarity': 'neutral'}, {'term': 'table', 'polarity': 'neutral'}, {'term': 'order', 'polarity': 'neutral'}]","[{'category': 'general', 'polarity': 'neutral'}]",739
The waiter was too busy ordering apps for guests and then laying it out to eat on the table to even bring me my coffee.,The staff was too busy ordering sushi for dinner and then laying it out to eat on the bar to even bring me my check.,"['waiter', 'apps', 'guests', 'table', 'coffee']","[{'term': 'waiter', 'polarity': 'negative'}, {'term': 'apps', 'polarity': 'neutral'}, {'term': 'guests', 'polarity': 'neutral'}, {'term': 'table', 'polarity': 'neutral'}, {'term': 'coffee', 'polarity': 'neutral'}]","[{'category': 'general', 'polarity': 'neutral'}]",740
The tables was too busy ordering dishes for guests and then laying it out to eat on the table to even bring me my water.,The staff was too busy ordering sushi for dinner and then laying it out to eat on the bar to even bring me my check.,"['tables', 'dishes', 'guests', 'table', 'water']","[{'term': 'tables', 'polarity': 'negative'}, {'term': 'dishes', 'polarity': 'neutral'}, {'term': 'guests', 'polarity': 'neutral'}, {'term': 'table', 'polarity': 'neutral'}, {'term': 'water', 'polarity': 'neutral'}]","[{'category': 'general', 'polarity': 'neutral'}]",741
The server was too busy ordering appetizers for customers and then laying it out to eat on the table to even bring me my drink.,The staff was too busy ordering sushi for dinner and then laying it out to eat on the bar to even bring me my check.,"['server', 'appetizers', 'customers', 'table', 'drink']","[{'term': 'server', 'polarity': 'negative'}, {'term': 'appetizers', 'polarity': 'neutral'}, {'term': 'customers', 'polarity': 'neutral'}, {'term': 'table', 'polarity': 'neutral'}, {'term': 'drink', 'polarity': 'neutral'}]","[{'category': 'general', 'polarity': 'neutral'}]",742
The tables was too busy ordering dishes for customers and then laying it out to eat on the table to even bring me my water.,The staff was too busy ordering sushi for dinner and then laying it out to eat on the bar to even bring me my check.,"['tables', 'dishes', 'customers', 'table', 'water']","[{'term': 'tables', 'polarity': 'negative'}, {'term': 'dishes', 'polarity': 'neutral'}, {'term': 'customers', 'polarity': 'neutral'}, {'term': 'table', 'polarity': 'neutral'}, {'term': 'water', 'polarity': 'neutral'}]","[{'category': 'general', 'polarity': 'neutral'}]",743
"service was excellent was excellent (Try the food), but pricy.","Sake collection was excellent (Try Nanbu Bijin), but pricy.","['service was excellent', 'the food']","[{'term': 'service was excellent', 'polarity': 'conflict'}, {'term': 'the food', 'polarity': 'positive'}]","[{'category': 'general', 'polarity': 'neutral'}]",763
"service was excellent (Try the service), but pricy.","Sake collection was excellent (Try Nanbu Bijin), but pricy.","['service', 'the service']","[{'term': 'service', 'polarity': 'conflict'}, {'term': 'the service', 'polarity': 'positive'}]","[{'category': 'general', 'polarity': 'neutral'}]",764
"service was excellent (Try the food), but pricy.","Sake collection was excellent (Try Nanbu Bijin), but pricy.","['service', 'the food']","[{'term': 'service', 'polarity': 'conflict'}, {'term': 'the food', 'polarity': 'positive'}]","[{'category': 'general', 'polarity': 'neutral'}]",766
Our agreed favorite is the dish (usually the dishes are kind enough to split the check in half so you get to sample both flavors).,Our agreed favorite is the orrechiete with sausage and chicken (usually the waiters are kind enough to split the dish in half so you get to sample both meats).,"['dish', 'dishes', 'check', 'flavors']","[{'term': 'dish', 'polarity': 'positive'}, {'term': 'dishes', 'polarity': 'positive'}, {'term': 'check', 'polarity': 'neutral'}, {'term': 'flavors', 'polarity': 'neutral'}]","[{'category': 'general', 'polarity': 'neutral'}]",768
Our agreed favorite is the dish (usually the appetizers are kind enough to split the bill in half so you get to sample both portions).,Our agreed favorite is the orrechiete with sausage and chicken (usually the waiters are kind enough to split the dish in half so you get to sample both meats).,"['dish', 'appetizers', 'bill', 'portions']","[{'term': 'dish', 'polarity': 'positive'}, {'term': 'appetizers', 'polarity': 'positive'}, {'term': 'bill', 'polarity': 'neutral'}, {'term': 'portions', 'polarity': 'neutral'}]","[{'category': 'general', 'polarity': 'neutral'}]",769
Our agreed favorite is the dish (usually the servers are kind enough to split the check in half so you get to sample both portions).,Our agreed favorite is the orrechiete with sausage and chicken (usually the waiters are kind enough to split the dish in half so you get to sample both meats).,"['dish', 'servers', 'check', 'portions']","[{'term': 'dish', 'polarity': 'positive'}, {'term': 'servers', 'polarity': 'positive'}, {'term': 'check', 'polarity': 'neutral'}, {'term': 'portions', 'polarity': 'neutral'}]","[{'category': 'general', 'polarity': 'neutral'}]",770
Our agreed favorite is the dish (usually the appetizers are kind enough to split the check in half so you get to sample both  portions).,Our agreed favorite is the orrechiete with sausage and chicken (usually the waiters are kind enough to split the dish in half so you get to sample both meats).,"['dish', 'appetizers', 'check', ' portions']","[{'term': 'dish', 'polarity': 'positive'}, {'term': 'appetizers', 'polarity': 'positive'}, {'term': 'check', 'polarity': 'neutral'}, {'term': ' portions', 'polarity': 'neutral'}]","[{'category': 'general', 'polarity': 'neutral'}]",771
Our agreed favorite is the dish (usually the appetizers are kind enough to split the check in half so you get to sample both checks).,Our agreed favorite is the orrechiete with sausage and chicken (usually the waiters are kind enough to split the dish in half so you get to sample both meats).,"['dish', 'appetizers', 'check', 'checks']","[{'term': 'dish', 'polarity': 'positive'}, {'term': 'appetizers', 'polarity': 'positive'}, {'term': 'check', 'polarity': 'neutral'}, {'term': 'checks', 'polarity': 'neutral'}]","[{'category': 'general', 'polarity': 'neutral'}]",772
Our agreed favorite is the pizza (usually the pizzas are kind enough to split the slice in half so you get to sample both slices).,Our agreed favorite is the orrechiete with sausage and chicken (usually the waiters are kind enough to split the dish in half so you get to sample both meats).,"['pizza', 'pizzas', 'slice', 'slices']","[{'term': 'pizza', 'polarity': 'positive'}, {'term': 'pizzas', 'polarity': 'positive'}, {'term': 'slice', 'polarity': 'neutral'}, {'term': 'slices', 'polarity': 'neutral'}]","[{'category': 'general', 'polarity': 'neutral'}]",773
The other night we had the $30 filet mignon and everything was delicious - if I could of licked the plate clean I would of.,The other night we had the $30 three course meal and everything was delicious - if I could of licked the plate clean I would of.,['filet mignon'],"[{'term': 'filet mignon', 'polarity': 'positive'}]","[{'category': 'general', 'polarity': 'neutral'}]",789
"bread and butter came with bread, no extra charge.","Lunch came with pickels and slaw, no extra charge.","['bread and butter', 'bread']","[{'term': 'bread and butter', 'polarity': 'positive'}, {'term': 'bread', 'polarity': 'neutral'}]","[{'category': 'general', 'polarity': 'neutral'}]",798
"appetizer came with wine, no extra charge.","Lunch came with pickels and slaw, no extra charge.","['appetizer', 'wine']","[{'term': 'appetizer', 'polarity': 'positive'}, {'term': 'wine', 'polarity': 'neutral'}]","[{'category': 'general', 'polarity': 'neutral'}]",799
"amenities came with parking, no extra charge.","Lunch came with pickels and slaw, no extra charge.","['amenities', 'parking']","[{'term': 'amenities', 'polarity': 'positive'}, {'term': 'parking', 'polarity': 'neutral'}]","[{'category': 'general', 'polarity': 'neutral'}]",800
"appetizers came with bread, no extra charge.","Lunch came with pickels and slaw, no extra charge.","['appetizers', 'bread']","[{'term': 'appetizers', 'polarity': 'positive'}, {'term': 'bread', 'polarity': 'neutral'}]","[{'category': 'general', 'polarity': 'neutral'}]",801
"Appetizers came with appetizers, no extra charge.","Lunch came with pickels and slaw, no extra charge.","['Appetizers', 'appetizers']","[{'term': 'Appetizers', 'polarity': 'positive'}, {'term': 'appetizers', 'polarity': 'neutral'}]","[{'category': 'general', 'polarity': 'neutral'}]",802
"Breadsticks came with Wine, no extra charge.","Lunch came with pickels and slaw, no extra charge.","['Breadsticks', 'Wine']","[{'term': 'Breadsticks', 'polarity': 'positive'}, {'term': 'Wine', 'polarity': 'neutral'}]","[{'category': 'general', 'polarity': 'neutral'}]",803
Good luck finding the right table.,Good luck getting a table.,['finding the right table'],"[{'term': 'finding the right table', 'polarity': 'negative'}]","[{'category': 'general', 'polarity': 'neutral'}]",806
"We have never had any problems with charging the batteries or the phone, and the order was delivered quickly, but we live only a few minutes walk from them.","We have never had any problems with charging the meal or the tip, and the food was delivered quickly, but we live only a few minutes walk from them.","['batteries', 'phone', 'order']","[{'term': 'batteries', 'polarity': 'positive'}, {'term': 'phone', 'polarity': 'positive'}, {'term': 'order', 'polarity': 'positive'}]","[{'category': 'general', 'polarity': 'neutral'}]",816
"We have never had any problems with charging the batteries or the phones, and the restaurant was delivered quickly, but we live only a few minutes walk from them.","We have never had any problems with charging the meal or the tip, and the food was delivered quickly, but we live only a few minutes walk from them.","['batteries', 'phones', 'restaurant']","[{'term': 'batteries', 'polarity': 'positive'}, {'term': 'phones', 'polarity': 'positive'}, {'term': 'restaurant', 'polarity': 'positive'}]","[{'category': 'general', 'polarity': 'neutral'}]",818
"We have never had any problems with charging the batteries or the phones, and the order was delivered quickly, but we live only a few minutes walk from them.","We have never had any problems with charging the meal or the tip, and the food was delivered quickly, but we live only a few minutes walk from them.","['batteries', 'phones', 'order']","[{'term': 'batteries', 'polarity': 'positive'}, {'term': 'phones', 'polarity': 'positive'}, {'term': 'order', 'polarity': 'positive'}]","[{'category': 'general', 'polarity': 'neutral'}]",819
Usually 3 vs. 4 items per servings.,Usually 3 vs. 4 items per dish.,['servings'],"[{'term': 'servings', 'polarity': 'neutral'}]","[{'category': 'general', 'polarity': 'neutral'}]",825
Usually 3 vs. 4 items per trays.,Usually 3 vs. 4 items per dish.,['trays'],"[{'term': 'trays', 'polarity': 'neutral'}]","[{'category': 'general', 'polarity': 'neutral'}]",827
i don't usually order appetizers with wine so i can't comment on their wine list list or their winess.,i don't usually order wine with indian so i can't comment on their wine list or their wines.,"['appetizers', 'wine', 'wine list', 'wines']","[{'term': 'appetizers', 'polarity': 'neutral'}, {'term': 'wine', 'polarity': 'neutral'}, {'term': 'wine list', 'polarity': 'neutral'}, {'term': 'wines', 'polarity': 'neutral'}]","[{'category': 'general', 'polarity': 'neutral'}]",834
i don't usually order appetizers with wine so i can't comment on their selection list or their servicess.,i don't usually order wine with indian so i can't comment on their wine list or their wines.,"['appetizers', 'wine', 'selection', 'services']","[{'term': 'appetizers', 'polarity': 'neutral'}, {'term': 'wine', 'polarity': 'neutral'}, {'term': 'selection', 'polarity': 'neutral'}, {'term': 'services', 'polarity': 'neutral'}]","[{'category': 'general', 'polarity': 'neutral'}]",835
i don't usually order appetizers with wine so i can't comment on their menu list or their waiterss.,i don't usually order wine with indian so i can't comment on their wine list or their wines.,"['appetizers', 'wine', 'menu', 'waiters']","[{'term': 'appetizers', 'polarity': 'neutral'}, {'term': 'wine', 'polarity': 'neutral'}, {'term': 'menu', 'polarity': 'neutral'}, {'term': 'waiters', 'polarity': 'neutral'}]","[{'category': 'general', 'polarity': 'neutral'}]",836
i don't usually order appetizers with wine so i can't comment on their selection list or their pricess.,i don't usually order wine with indian so i can't comment on their wine list or their wines.,"['appetizers', 'wine', 'selection', 'prices']","[{'term': 'appetizers', 'polarity': 'neutral'}, {'term': 'wine', 'polarity': 'neutral'}, {'term': 'selection', 'polarity': 'neutral'}, {'term': 'prices', 'polarity': 'neutral'}]","[{'category': 'general', 'polarity': 'neutral'}]",837
i don't usually order appetizers with wine so i can't comment on their menu list or their pricess.,i don't usually order wine with indian so i can't comment on their wine list or their wines.,"['appetizers', 'wine', 'menu', 'prices']","[{'term': 'appetizers', 'polarity': 'neutral'}, {'term': 'wine', 'polarity': 'neutral'}, {'term': 'menu', 'polarity': 'neutral'}, {'term': 'prices', 'polarity': 'neutral'}]","[{'category': 'general', 'polarity': 'neutral'}]",838
i don't usually order appetizers with wine so i can't comment on their menu list or their dessertss.,i don't usually order wine with indian so i can't comment on their wine list or their wines.,"['appetizers', 'wine', 'menu', 'desserts']","[{'term': 'appetizers', 'polarity': 'neutral'}, {'term': 'wine', 'polarity': 'neutral'}, {'term': 'menu', 'polarity': 'neutral'}, {'term': 'desserts', 'polarity': 'neutral'}]","[{'category': 'general', 'polarity': 'neutral'}]",839
"The menu items was just OK, at least for what they was available.","The food was just OK, at least for what food was available.","['menu items', 'they']","[{'term': 'menu items', 'polarity': 'neutral'}, {'term': 'they', 'polarity': 'negative'}]","[{'category': 'general', 'polarity': 'neutral'}]",840
"The options was just OK, at least for what selection was available.","The food was just OK, at least for what food was available.","['options', 'selection']","[{'term': 'options', 'polarity': 'neutral'}, {'term': 'selection', 'polarity': 'negative'}]","[{'category': 'general', 'polarity': 'neutral'}]",843
"I recommend the dishes, appetizers, and anything with avocado.","I recommend the garlic shrimp, okra (bindi), and anything with lamb.","['dishes', 'appetizers', 'avocado']","[{'term': 'dishes', 'polarity': 'positive'}, {'term': 'appetizers', 'polarity': 'positive'}, {'term': 'avocado', 'polarity': 'positive'}]","[{'category': 'general', 'polarity': 'neutral'}]",848
"I recommend the appetizers, dishes, and anything with lobster.","I recommend the garlic shrimp, okra (bindi), and anything with lamb.","['appetizers', 'dishes', 'lobster']","[{'term': 'appetizers', 'polarity': 'positive'}, {'term': 'dishes', 'polarity': 'positive'}, {'term': 'lobster', 'polarity': 'positive'}]","[{'category': 'general', 'polarity': 'neutral'}]",849
"I recommend the dishes, appetizers, and anything with lobster.","I recommend the garlic shrimp, okra (bindi), and anything with lamb.","['dishes', 'appetizers', 'lobster']","[{'term': 'dishes', 'polarity': 'positive'}, {'term': 'appetizers', 'polarity': 'positive'}, {'term': 'lobster', 'polarity': 'positive'}]","[{'category': 'general', 'polarity': 'neutral'}]",851
"First, the waiter who waited us neglected to fill us in on the menu, which I would have chosen had I known about them.","First, the waiter who served us neglected to fill us in on the specials, which I would have chosen had I known about them.","['waiter', 'waited', 'menu']","[{'term': 'waiter', 'polarity': 'negative'}, {'term': 'waited', 'polarity': 'positive'}, {'term': 'menu', 'polarity': 'negative'}]","[{'category': 'general', 'polarity': 'neutral'}]",860
"First, the waiter who serves us neglected to fill us in on the menu, which I would have chosen had I known about them.","First, the waiter who served us neglected to fill us in on the specials, which I would have chosen had I known about them.","['waiter', 'serves', 'menu']","[{'term': 'waiter', 'polarity': 'negative'}, {'term': 'serves', 'polarity': 'positive'}, {'term': 'menu', 'polarity': 'negative'}]","[{'category': 'general', 'polarity': 'neutral'}]",862
"First, the waiter who who us neglected to fill us in on the menu, which I would have chosen had I known about them.","First, the waiter who served us neglected to fill us in on the specials, which I would have chosen had I known about them.","['waiter', 'who', 'menu']","[{'term': 'waiter', 'polarity': 'negative'}, {'term': 'who', 'polarity': 'positive'}, {'term': 'menu', 'polarity': 'negative'}]","[{'category': 'general', 'polarity': 'neutral'}]",863
"For all of you new to foodies, try the bruschetta, it is a piece of heaven.","For all of you new to Indian food, try the Paneer Roll, it is a piece of heaven.","['foodies', 'bruschetta']","[{'term': 'foodies', 'polarity': 'positive'}, {'term': 'bruschetta', 'polarity': 'positive'}]","[{'category': 'general', 'polarity': 'neutral'}]",865
"For all of you new to diners, try the dish, it is a piece of heaven.","For all of you new to Indian food, try the Paneer Roll, it is a piece of heaven.","['diners', 'dish']","[{'term': 'diners', 'polarity': 'positive'}, {'term': 'dish', 'polarity': 'positive'}]","[{'category': 'general', 'polarity': 'neutral'}]",866
"For all of you new to dining, try the mousse, it is a piece of heaven.","For all of you new to Indian food, try the Paneer Roll, it is a piece of heaven.","['dining', 'mousse']","[{'term': 'dining', 'polarity': 'positive'}, {'term': 'mousse', 'polarity': 'positive'}]","[{'category': 'general', 'polarity': 'neutral'}]",867
"For all of you new to foodies, try the brunch, it is a piece of heaven.","For all of you new to Indian food, try the Paneer Roll, it is a piece of heaven.","['foodies', 'brunch']","[{'term': 'foodies', 'polarity': 'positive'}, {'term': 'brunch', 'polarity': 'positive'}]","[{'category': 'general', 'polarity': 'neutral'}]",868
"For all of you new to diners, try the brunch, it is a piece of heaven.","For all of you new to Indian food, try the Paneer Roll, it is a piece of heaven.","['diners', 'brunch']","[{'term': 'diners', 'polarity': 'positive'}, {'term': 'brunch', 'polarity': 'positive'}]","[{'category': 'general', 'polarity': 'neutral'}]",869
"We've been following restaurant Lyle's restaurant's around New York for 15 years and while remaining classic, his innovations with cuisine have made us return and return.","We've been following chef Lyle's food around New York for 15 years and while remaining classic, his innovations with bistro fare have made us return and return.","['restaurant', ""restaurant's"", 'cuisine']","[{'term': 'restaurant', 'polarity': 'positive'}, {'term': ""restaurant's"", 'polarity': 'positive'}, {'term': 'cuisine', 'polarity': 'positive'}]","[{'category': 'general', 'polarity': 'neutral'}]",877
"We've been following restaurants Lyle's kitchen around New York for 15 years and while remaining classic, his innovations with flavors have made us return and return.","We've been following chef Lyle's food around New York for 15 years and while remaining classic, his innovations with bistro fare have made us return and return.","['restaurants', 'kitchen', 'flavors']","[{'term': 'restaurants', 'polarity': 'positive'}, {'term': 'kitchen', 'polarity': 'positive'}, {'term': 'flavors', 'polarity': 'positive'}]","[{'category': 'general', 'polarity': 'neutral'}]",878
"We've been following restaurants Lyle's kitchen around New York for 15 years and while remaining classic, his innovations with dishes have made us return and return.","We've been following chef Lyle's food around New York for 15 years and while remaining classic, his innovations with bistro fare have made us return and return.","['restaurants', 'kitchen', 'dishes']","[{'term': 'restaurants', 'polarity': 'positive'}, {'term': 'kitchen', 'polarity': 'positive'}, {'term': 'dishes', 'polarity': 'positive'}]","[{'category': 'general', 'polarity': 'neutral'}]",880
"restaurant - the only eatery in NYC that should not have additional cover charge - the ambiance tastes like the best, freshly baked bread!","Pizza - the only pizza in NYC that should not have additional toppings - the crust tastes like the best, freshly baked bread!","['restaurant', 'eatery', 'cover charge', 'ambiance', 'bread']","[{'term': 'restaurant', 'polarity': 'positive'}, {'term': 'eatery', 'polarity': 'positive'}, {'term': 'cover charge', 'polarity': 'positive'}, {'term': 'ambiance', 'polarity': 'neutral'}, {'term': 'bread', 'polarity': 'positive'}]","[{'category': 'general', 'polarity': 'neutral'}]",887
I usually go there later at night when I get off work so I don't have to deal with rush or crowds.,I usually go there later at night when I get off work so I don't have to deal with crowds or lines.,"['rush', 'crowds']","[{'term': 'rush', 'polarity': 'negative'}, {'term': 'crowds', 'polarity': 'negative'}]","[{'category': 'general', 'polarity': 'neutral'}]",888
I usually go there later at night when I get off work so I don't have to deal with crowds or people.,I usually go there later at night when I get off work so I don't have to deal with crowds or lines.,"['crowds', 'people']","[{'term': 'crowds', 'polarity': 'negative'}, {'term': 'people', 'polarity': 'negative'}]","[{'category': 'general', 'polarity': 'neutral'}]",889
I usually go there later at night when I get off work so I don't have to deal with crowds or commute.,I usually go there later at night when I get off work so I don't have to deal with crowds or lines.,"['crowds', 'commute']","[{'term': 'crowds', 'polarity': 'negative'}, {'term': 'commute', 'polarity': 'negative'}]","[{'category': 'general', 'polarity': 'neutral'}]",891
I usually go there later at night when I get off work so I don't have to deal with crowds or rush.,I usually go there later at night when I get off work so I don't have to deal with crowds or lines.,"['crowds', 'rush']","[{'term': 'crowds', 'polarity': 'negative'}, {'term': 'rush', 'polarity': 'negative'}]","[{'category': 'general', 'polarity': 'neutral'}]",893
We had a great tiem watching the team and game and ar atmosphere was just what we were looking for.,We had a great tiem watching the shows and characters and ar food was just what we were looking for.,"['team', 'game', 'atmosphere']","[{'term': 'team', 'polarity': 'positive'}, {'term': 'game', 'polarity': 'positive'}, {'term': 'atmosphere', 'polarity': 'positive'}]","[{'category': 'general', 'polarity': 'neutral'}]",894
We had a great tiem watching the dinner show and magic show and ar act was just what we were looking for.,We had a great tiem watching the shows and characters and ar food was just what we were looking for.,"['dinner show', 'magic show', 'act']","[{'term': 'dinner show', 'polarity': 'positive'}, {'term': 'magic show', 'polarity': 'positive'}, {'term': 'act', 'polarity': 'positive'}]","[{'category': 'general', 'polarity': 'neutral'}]",895
We had a great tiem watching the views and sunset and ar it was just what we were looking for.,We had a great tiem watching the shows and characters and ar food was just what we were looking for.,"['views', 'sunset', 'it']","[{'term': 'views', 'polarity': 'positive'}, {'term': 'sunset', 'polarity': 'positive'}, {'term': 'it', 'polarity': 'positive'}]","[{'category': 'general', 'polarity': 'neutral'}]",896
We had a great tiem watching the kitchen and chef and ar atmosphere was just what we were looking for.,We had a great tiem watching the shows and characters and ar food was just what we were looking for.,"['kitchen', 'chef', 'atmosphere']","[{'term': 'kitchen', 'polarity': 'positive'}, {'term': 'chef', 'polarity': 'positive'}, {'term': 'atmosphere', 'polarity': 'positive'}]","[{'category': 'general', 'polarity': 'neutral'}]",897
We had a great tiem watching the sunset and stars and ar evening was just what we were looking for.,We had a great tiem watching the shows and characters and ar food was just what we were looking for.,"['sunset', 'stars', 'evening']","[{'term': 'sunset', 'polarity': 'positive'}, {'term': 'stars', 'polarity': 'positive'}, {'term': 'evening', 'polarity': 'positive'}]","[{'category': 'general', 'polarity': 'neutral'}]",898
We had a great tiem watching the show and dinner and ar aftermath was just what we were looking for.,We had a great tiem watching the shows and characters and ar food was just what we were looking for.,"['show', 'dinner', 'aftermath']","[{'term': 'show', 'polarity': 'positive'}, {'term': 'dinner', 'polarity': 'positive'}, {'term': 'aftermath', 'polarity': 'positive'}]","[{'category': 'general', 'polarity': 'neutral'}]",899
"Not sure where the previous reviewer, lonk, dined, but Saul is in a great location and has great waitstaff!","Not sure where the previous reviewer, lonk, dined, but Saul is in a great neighborhood and has great food!","['location', 'waitstaff']","[{'term': 'location', 'polarity': 'positive'}, {'term': 'waitstaff', 'polarity': 'positive'}]","[{'category': 'general', 'polarity': 'neutral'}]",901
"the steak was undercooked-the soup watery, and the eggs raw.","the food was undercooked-the sauce watery, and the vegetables raw.","['steak', 'soup', 'eggs']","[{'term': 'steak', 'polarity': 'negative'}, {'term': 'soup', 'polarity': 'negative'}, {'term': 'eggs', 'polarity': 'negative'}]","[{'category': 'general', 'polarity': 'neutral'}]",906
"the steak was undercooked-the steak watery, and the sauce raw.","the food was undercooked-the sauce watery, and the vegetables raw.","['steak', 'steak', 'sauce']","[{'term': 'steak', 'polarity': 'negative'}, {'term': 'steak', 'polarity': 'negative'}, {'term': 'sauce', 'polarity': 'negative'}]","[{'category': 'general', 'polarity': 'neutral'}]",907
"the steak was undercooked-the sauce watery, and the eggs raw.","the food was undercooked-the sauce watery, and the vegetables raw.","['steak', 'sauce', 'eggs']","[{'term': 'steak', 'polarity': 'negative'}, {'term': 'sauce', 'polarity': 'negative'}, {'term': 'eggs', 'polarity': 'negative'}]","[{'category': 'general', 'polarity': 'neutral'}]",908
"the steak was undercooked-the fries watery, and the eggs raw.","the food was undercooked-the sauce watery, and the vegetables raw.","['steak', 'fries', 'eggs']","[{'term': 'steak', 'polarity': 'negative'}, {'term': 'fries', 'polarity': 'negative'}, {'term': 'eggs', 'polarity': 'negative'}]","[{'category': 'general', 'polarity': 'neutral'}]",909
"I had the burrito (spicy and very filling, I'm a big eater and could only eat half) while my boyfriend had the classic sandwich (again, a big appetite - at least 5 pieces of shrimp and a basketful of fries).","I had the cod with paella (spicy and very filling, I'm a big eater and could only eat half) while my boyfriend had the classic fish and chips (again, a big serving - at least 5 pieces of fish and a basketful of fries).","['burrito', 'sandwich', 'appetite', 'shrimp', 'fries']","[{'term': 'burrito', 'polarity': 'negative'}, {'term': 'sandwich', 'polarity': 'negative'}, {'term': 'appetite', 'polarity': 'negative'}, {'term': 'shrimp', 'polarity': 'neutral'}, {'term': 'fries', 'polarity': 'neutral'}]","[{'category': 'general', 'polarity': 'neutral'}]",912
"I had the dinner (spicy and very filling, I'm a big eater and could only eat half) while my boyfriend had the classic burger (again, a big appetite - at least 5 pieces of shrimp and a basketful of fries).","I had the cod with paella (spicy and very filling, I'm a big eater and could only eat half) while my boyfriend had the classic fish and chips (again, a big serving - at least 5 pieces of fish and a basketful of fries).","['dinner', 'burger', 'appetite', 'shrimp', 'fries']","[{'term': 'dinner', 'polarity': 'negative'}, {'term': 'burger', 'polarity': 'negative'}, {'term': 'appetite', 'polarity': 'negative'}, {'term': 'shrimp', 'polarity': 'neutral'}, {'term': 'fries', 'polarity': 'neutral'}]","[{'category': 'general', 'polarity': 'neutral'}]",917
"The music on Saturday nights has outrageously good taste in music playlists, and moreover, takes requests.","The in-house lady DJ on Saturday nights has outrageously good taste in music, and moreover, takes requests.","['music', 'music playlists']","[{'term': 'music', 'polarity': 'positive'}, {'term': 'music playlists', 'polarity': 'positive'}]","[{'category': 'general', 'polarity': 'neutral'}]",920
"The music on Saturday nights has outrageously good taste in music selection, and moreover, takes requests.","The in-house lady DJ on Saturday nights has outrageously good taste in music, and moreover, takes requests.","['music', 'music selection']","[{'term': 'music', 'polarity': 'positive'}, {'term': 'music selection', 'polarity': 'positive'}]","[{'category': 'general', 'polarity': 'neutral'}]",921
"The portions are now very small, the dishes are overly-ambitious usually inedible while the service is still good, the restaurant, due to its popularity, seems frantic.","The portions are now very small, the sauces are overly-ambitious usually inedible while the service is still good, the restaurant, due to its popularity, seems frantic.","['portions', 'dishes', 'service']","[{'term': 'portions', 'polarity': 'negative'}, {'term': 'dishes', 'polarity': 'negative'}, {'term': 'service', 'polarity': 'positive'}]","[{'category': 'general', 'polarity': 'neutral'}]",930
"The portions are now very small, the appetizers are overly-ambitious usually inedible while the entrees is still good, the restaurant, due to its popularity, seems frantic.","The portions are now very small, the sauces are overly-ambitious usually inedible while the service is still good, the restaurant, due to its popularity, seems frantic.","['portions', 'appetizers', 'entrees']","[{'term': 'portions', 'polarity': 'negative'}, {'term': 'appetizers', 'polarity': 'negative'}, {'term': 'entrees', 'polarity': 'positive'}]","[{'category': 'general', 'polarity': 'neutral'}]",931
"The portions are now very small, the dishes are overly-ambitious usually inedible while the appetizer is still good, the restaurant, due to its popularity, seems frantic.","The portions are now very small, the sauces are overly-ambitious usually inedible while the service is still good, the restaurant, due to its popularity, seems frantic.","['portions', 'dishes', 'appetizer']","[{'term': 'portions', 'polarity': 'negative'}, {'term': 'dishes', 'polarity': 'negative'}, {'term': 'appetizer', 'polarity': 'positive'}]","[{'category': 'general', 'polarity': 'neutral'}]",932
"The portions are now very small, the dishes are overly-ambitious usually inedible while the appetizers is still good, the restaurant, due to its popularity, seems frantic.","The portions are now very small, the sauces are overly-ambitious usually inedible while the service is still good, the restaurant, due to its popularity, seems frantic.","['portions', 'dishes', 'appetizers']","[{'term': 'portions', 'polarity': 'negative'}, {'term': 'dishes', 'polarity': 'negative'}, {'term': 'appetizers', 'polarity': 'positive'}]","[{'category': 'general', 'polarity': 'neutral'}]",934
"The buns are now very small, the portions are overly-ambitious usually inedible while the bagels is still good, the restaurant, due to its popularity, seems frantic.","The portions are now very small, the sauces are overly-ambitious usually inedible while the service is still good, the restaurant, due to its popularity, seems frantic.","['buns', 'portions', 'bagels']","[{'term': 'buns', 'polarity': 'negative'}, {'term': 'portions', 'polarity': 'negative'}, {'term': 'bagels', 'polarity': 'positive'}]","[{'category': 'general', 'polarity': 'neutral'}]",935
The food at this place is 'gourmet' Indian cuisine.,The food at this place is 'gourmet' Indian cuisine.,"['food', 'menu']","[{'term': 'food', 'polarity': 'neutral'}, {'term': 'menu', 'polarity': 'neutral'}]","[{'category': 'general', 'polarity': 'neutral'}]",945
"If you live in new york city, you'll find better prices at small restaurants outside of time square and spend half the money.","If you live in new york city, you'll find better food at small restaurants outside of time square and spend half the amount.","['prices', 'money']","[{'term': 'prices', 'polarity': 'negative'}, {'term': 'money', 'polarity': 'negative'}]","[{'category': 'general', 'polarity': 'neutral'}]",951
"If you live in new york city, you'll find better dishes at small restaurants outside of time square and spend half the price.","If you live in new york city, you'll find better food at small restaurants outside of time square and spend half the amount.","['dishes', 'price']","[{'term': 'dishes', 'polarity': 'negative'}, {'term': 'price', 'polarity': 'negative'}]","[{'category': 'general', 'polarity': 'neutral'}]",953
Try the bagels or the muffins on a whole wheat everything baguette.,Try the olive cream cheese or the lox spread on a whole wheat everything bagel.,"['bagels', 'muffins', 'baguette']","[{'term': 'bagels', 'polarity': 'positive'}, {'term': 'muffins', 'polarity': 'positive'}, {'term': 'baguette', 'polarity': 'neutral'}]","[{'category': 'general', 'polarity': 'neutral'}]",954
Try the bagels or the croissants on a whole wheat everything buns.,Try the olive cream cheese or the lox spread on a whole wheat everything bagel.,"['bagels', 'croissants', 'buns']","[{'term': 'bagels', 'polarity': 'positive'}, {'term': 'croissants', 'polarity': 'positive'}, {'term': 'buns', 'polarity': 'neutral'}]","[{'category': 'general', 'polarity': 'neutral'}]",958
"It's super-trendy and there's always someone to take that empty table, so it seems that customer diner has been deemed not of the essence.","It's super-trendy and there's always someone to take that empty seat, so it seems that customer service has been deemed not of the essence.","['table', 'diner']","[{'term': 'table', 'polarity': 'positive'}, {'term': 'diner', 'polarity': 'neutral'}]","[{'category': 'general', 'polarity': 'neutral'}]",961
"It's super-trendy and there's always someone to take that empty table, so it seems that customer patron has been deemed not of the essence.","It's super-trendy and there's always someone to take that empty seat, so it seems that customer service has been deemed not of the essence.","['table', 'patron']","[{'term': 'table', 'polarity': 'positive'}, {'term': 'patron', 'polarity': 'neutral'}]","[{'category': 'general', 'polarity': 'neutral'}]",962
"The restaurants, menu and various other dishes all look good on paper but, I've had better meals in less asthetically pleasing places.","The Pad thai, lad nar and various other dishes all look good on paper but, I've had better thai food in less asthetically pleasing places.","['restaurants', 'menu', 'dishes', 'meals', 'places']","[{'term': 'restaurants', 'polarity': 'conflict'}, {'term': 'menu', 'polarity': 'conflict'}, {'term': 'dishes', 'polarity': 'conflict'}, {'term': 'meals', 'polarity': 'negative'}, {'term': 'places', 'polarity': 'neutral'}]","[{'category': 'general', 'polarity': 'neutral'}]",966
"The restaurants, dishes and various other options all look good on paper but, I've had better restaurants in less asthetically pleasing establishments.","The Pad thai, lad nar and various other dishes all look good on paper but, I've had better thai food in less asthetically pleasing places.","['restaurants', 'dishes', 'options', 'restaurants', 'establishments']","[{'term': 'restaurants', 'polarity': 'conflict'}, {'term': 'dishes', 'polarity': 'conflict'}, {'term': 'options', 'polarity': 'conflict'}, {'term': 'restaurants', 'polarity': 'negative'}, {'term': 'establishments', 'polarity': 'neutral'}]","[{'category': 'general', 'polarity': 'neutral'}]",968
"The restaurants, ambience and and various other decorations all look good on paper but, I've had better meals in less asthetically pleasing establishments.","The Pad thai, lad nar and various other dishes all look good on paper but, I've had better thai food in less asthetically pleasing places.","['restaurants', 'ambience and', 'decorations', 'meals', 'establishments']","[{'term': 'restaurants', 'polarity': 'conflict'}, {'term': 'ambience and', 'polarity': 'conflict'}, {'term': 'decorations', 'polarity': 'conflict'}, {'term': 'meals', 'polarity': 'negative'}, {'term': 'establishments', 'polarity': 'neutral'}]","[{'category': 'general', 'polarity': 'neutral'}]",969
"The restaurants, menu and various other options all look good on paper but, I've had better places in less asthetically pleasing establishments.","The Pad thai, lad nar and various other dishes all look good on paper but, I've had better thai food in less asthetically pleasing places.","['restaurants', 'menu', 'options', 'places', 'establishments']","[{'term': 'restaurants', 'polarity': 'conflict'}, {'term': 'menu', 'polarity': 'conflict'}, {'term': 'options', 'polarity': 'conflict'}, {'term': 'places', 'polarity': 'negative'}, {'term': 'establishments', 'polarity': 'neutral'}]","[{'category': 'general', 'polarity': 'neutral'}]",970
"BUt their best dishes is thh dish - a deal that would cost $23.95 is most places, but it is $16 here.","BUt their best dish is thh Thai spiced curry noodles with shrimp - a dish that would cost $23.95 is most places, but it is $16 here.","['dishes', 'dish', 'deal', 'cost']","[{'term': 'dishes', 'polarity': 'positive'}, {'term': 'dish', 'polarity': 'positive'}, {'term': 'deal', 'polarity': 'positive'}, {'term': 'cost', 'polarity': 'positive'}]","[{'category': 'general', 'polarity': 'neutral'}]",972
"BUt their best dish is thh filet mignon - a steak that would worth $23.95 is most places, but it is $16 here.","BUt their best dish is thh Thai spiced curry noodles with shrimp - a dish that would cost $23.95 is most places, but it is $16 here.","['dish', 'filet mignon', 'steak', 'worth']","[{'term': 'dish', 'polarity': 'positive'}, {'term': 'filet mignon', 'polarity': 'positive'}, {'term': 'steak', 'polarity': 'positive'}, {'term': 'worth', 'polarity': 'positive'}]","[{'category': 'general', 'polarity': 'neutral'}]",973
"BUt their best dishes is thh dish - a steak that would cost $23.95 is most places, but it is $16 here.","BUt their best dish is thh Thai spiced curry noodles with shrimp - a dish that would cost $23.95 is most places, but it is $16 here.","['dishes', 'dish', 'steak', 'cost']","[{'term': 'dishes', 'polarity': 'positive'}, {'term': 'dish', 'polarity': 'positive'}, {'term': 'steak', 'polarity': 'positive'}, {'term': 'cost', 'polarity': 'positive'}]","[{'category': 'general', 'polarity': 'neutral'}]",974
"BUt their best dish is thh burger - a sandwich that would cost $23.95 is most places, but it is $16 here.","BUt their best dish is thh Thai spiced curry noodles with shrimp - a dish that would cost $23.95 is most places, but it is $16 here.","['dish', 'burger', 'sandwich', 'cost']","[{'term': 'dish', 'polarity': 'positive'}, {'term': 'burger', 'polarity': 'positive'}, {'term': 'sandwich', 'polarity': 'positive'}, {'term': 'cost', 'polarity': 'positive'}]","[{'category': 'general', 'polarity': 'neutral'}]",975
"BUt their best dish is thh option - a steak that would cost $23.95 is most places, but it is $16 here.","BUt their best dish is thh Thai spiced curry noodles with shrimp - a dish that would cost $23.95 is most places, but it is $16 here.","['dish', 'option', 'steak', 'cost']","[{'term': 'dish', 'polarity': 'positive'}, {'term': 'option', 'polarity': 'positive'}, {'term': 'steak', 'polarity': 'positive'}, {'term': 'cost', 'polarity': 'positive'}]","[{'category': 'general', 'polarity': 'neutral'}]",976
"BUt their best dish is thh menu - a steak that would cost $23.95 is most places, but it is $16 here.","BUt their best dish is thh Thai spiced curry noodles with shrimp - a dish that would cost $23.95 is most places, but it is $16 here.","['dish', 'menu', 'steak', 'cost']","[{'term': 'dish', 'polarity': 'positive'}, {'term': 'menu', 'polarity': 'positive'}, {'term': 'steak', 'polarity': 'positive'}, {'term': 'cost', 'polarity': 'positive'}]","[{'category': 'general', 'polarity': 'neutral'}]",977
"I LOVE their spicy curry, and my boyfriend consistently gets the steak.","I LOVE their spicy scallop roll, and my boyfriend consistently gets the sesame chicken.","['curry', 'steak']","[{'term': 'curry', 'polarity': 'positive'}, {'term': 'steak', 'polarity': 'positive'}]","[{'category': 'general', 'polarity': 'neutral'}]",978
"I LOVE their spicy curry, and my boyfriend consistently gets the sushi.","I LOVE their spicy scallop roll, and my boyfriend consistently gets the sesame chicken.","['curry', 'sushi']","[{'term': 'curry', 'polarity': 'positive'}, {'term': 'sushi', 'polarity': 'positive'}]","[{'category': 'general', 'polarity': 'neutral'}]",979
"I LOVE their spicy curry, and my boyfriend consistently gets the fajitas.","I LOVE their spicy scallop roll, and my boyfriend consistently gets the sesame chicken.","['curry', 'fajitas']","[{'term': 'curry', 'polarity': 'positive'}, {'term': 'fajitas', 'polarity': 'positive'}]","[{'category': 'general', 'polarity': 'neutral'}]",980
"I LOVE their spicy curry, and my boyfriend consistently gets the sirloin.","I LOVE their spicy scallop roll, and my boyfriend consistently gets the sesame chicken.","['curry', 'sirloin']","[{'term': 'curry', 'polarity': 'positive'}, {'term': 'sirloin', 'polarity': 'positive'}]","[{'category': 'general', 'polarity': 'neutral'}]",983
"An excellent alternative to fast food chains joints and ordering in but, the delivery was slightly disappointing.","An excellent alternative to fast food joints and ordering in but, the food was slightly disappointing.","['fast food chains', 'delivery']","[{'term': 'fast food chains', 'polarity': 'negative'}, {'term': 'delivery', 'polarity': 'negative'}]","[{'category': 'general', 'polarity': 'neutral'}]",984
"An excellent alternative to chain restaurants joints and ordering in but, the delivery was slightly disappointing.","An excellent alternative to fast food joints and ordering in but, the food was slightly disappointing.","['chain restaurants', 'delivery']","[{'term': 'chain restaurants', 'polarity': 'negative'}, {'term': 'delivery', 'polarity': 'negative'}]","[{'category': 'general', 'polarity': 'neutral'}]",985
"An excellent alternative to takeout joints and ordering in but, the menu was slightly disappointing.","An excellent alternative to fast food joints and ordering in but, the food was slightly disappointing.","['takeout', 'menu']","[{'term': 'takeout', 'polarity': 'negative'}, {'term': 'menu', 'polarity': 'negative'}]","[{'category': 'general', 'polarity': 'neutral'}]",987
Ive asked a waitress for a menu and she replied back nothing and just walked away.,Ive asked a cart attendant for a lotus leaf wrapped rice and she replied back rice and just walked away.,"['waitress', 'menu', 'nothing']","[{'term': 'waitress', 'polarity': 'negative'}, {'term': 'menu', 'polarity': 'neutral'}, {'term': 'nothing', 'polarity': 'neutral'}]","[{'category': 'general', 'polarity': 'neutral'}]",990
Ive asked a waitress for a table and she replied back no and just walked away.,Ive asked a cart attendant for a lotus leaf wrapped rice and she replied back rice and just walked away.,"['waitress', 'table', 'no']","[{'term': 'waitress', 'polarity': 'negative'}, {'term': 'table', 'polarity': 'neutral'}, {'term': 'no', 'polarity': 'neutral'}]","[{'category': 'general', 'polarity': 'neutral'}]",991
Ive asked a waitress for a reservation and she replied back no and just walked away.,Ive asked a cart attendant for a lotus leaf wrapped rice and she replied back rice and just walked away.,"['waitress', 'reservation', 'no']","[{'term': 'waitress', 'polarity': 'negative'}, {'term': 'reservation', 'polarity': 'neutral'}, {'term': 'no', 'polarity': 'neutral'}]","[{'category': 'general', 'polarity': 'neutral'}]",992
"After complaining about the food, the waiter came over to tell us that, no one had ever complained before, and that we just didn't know what the cuisine was supposed to taste like.","After complaining about the chicken dish, the manager came over to tell us that, no one had ever complained before, and that we just didn't know what the dish was supposed to taste like.","['food', 'waiter', 'cuisine']","[{'term': 'food', 'polarity': 'negative'}, {'term': 'waiter', 'polarity': 'negative'}, {'term': 'cuisine', 'polarity': 'neutral'}]","[{'category': 'general', 'polarity': 'neutral'}]",999
"After complaining about the food, the manager came over to tell us that, no one had ever complained before, and that we just didn't know what the cuisine was supposed to taste like.","After complaining about the chicken dish, the manager came over to tell us that, no one had ever complained before, and that we just didn't know what the dish was supposed to taste like.","['food', 'manager', 'cuisine']","[{'term': 'food', 'polarity': 'negative'}, {'term': 'manager', 'polarity': 'negative'}, {'term': 'cuisine', 'polarity': 'neutral'}]","[{'category': 'general', 'polarity': 'neutral'}]",1001
"Great waitstaff (food and drinks), very friendly and no nonsense atmosphere and a clean and funky decor.","Great food (spinach and corn dumplings and massamman curry), very friendly and no nonsense service and a clean and funky bathroom.","['waitstaff', 'food', 'drinks', 'atmosphere', 'decor']","[{'term': 'waitstaff', 'polarity': 'positive'}, {'term': 'food', 'polarity': 'positive'}, {'term': 'drinks', 'polarity': 'positive'}, {'term': 'atmosphere', 'polarity': 'positive'}, {'term': 'decor', 'polarity': 'positive'}]","[{'category': 'general', 'polarity': 'neutral'}]",1002
"Great waitstaff (food and service), very friendly and no nonsense atmosphere and a clean and funky decor.","Great food (spinach and corn dumplings and massamman curry), very friendly and no nonsense service and a clean and funky bathroom.","['waitstaff', 'food', 'service', 'atmosphere', 'decor']","[{'term': 'waitstaff', 'polarity': 'positive'}, {'term': 'food', 'polarity': 'positive'}, {'term': 'service', 'polarity': 'positive'}, {'term': 'atmosphere', 'polarity': 'positive'}, {'term': 'decor', 'polarity': 'positive'}]","[{'category': 'general', 'polarity': 'neutral'}]",1003
"Great dining (food and service), very friendly and no nonsense staff and a clean and funky atmosphere.","Great food (spinach and corn dumplings and massamman curry), very friendly and no nonsense service and a clean and funky bathroom.","['dining', 'food', 'service', 'staff', 'atmosphere']","[{'term': 'dining', 'polarity': 'positive'}, {'term': 'food', 'polarity': 'positive'}, {'term': 'service', 'polarity': 'positive'}, {'term': 'staff', 'polarity': 'positive'}, {'term': 'atmosphere', 'polarity': 'positive'}]","[{'category': 'general', 'polarity': 'neutral'}]",1004
"Great service (food and drinks and staff), very friendly and no nonsense attitude and a clean and funky decor.","Great food (spinach and corn dumplings and massamman curry), very friendly and no nonsense service and a clean and funky bathroom.","['service', 'food and drinks', 'staff', 'attitude', 'decor']","[{'term': 'service', 'polarity': 'positive'}, {'term': 'food and drinks', 'polarity': 'positive'}, {'term': 'staff', 'polarity': 'positive'}, {'term': 'attitude', 'polarity': 'positive'}, {'term': 'decor', 'polarity': 'positive'}]","[{'category': 'general', 'polarity': 'neutral'}]",1006
"Great dining (food and service), very friendly and no nonsense attitude and a clean and funky decor.","Great food (spinach and corn dumplings and massamman curry), very friendly and no nonsense service and a clean and funky bathroom.","['dining', 'food', 'service', 'attitude', 'decor']","[{'term': 'dining', 'polarity': 'positive'}, {'term': 'food', 'polarity': 'positive'}, {'term': 'service', 'polarity': 'positive'}, {'term': 'attitude', 'polarity': 'positive'}, {'term': 'decor', 'polarity': 'positive'}]","[{'category': 'general', 'polarity': 'neutral'}]",1007
I REALLY ENJOYED THE entertainment PUT ON BY THE chef.,I REALLY ENJOYED THE SHOWS PUT ON BY THE ACTORS.,"['entertainment', 'chef']","[{'term': 'entertainment', 'polarity': 'positive'}, {'term': 'chef', 'polarity': 'positive'}]","[{'category': 'general', 'polarity': 'neutral'}]",1014
I REALLY ENJOYED THE concert PUT ON BY THE kitchen.,I REALLY ENJOYED THE SHOWS PUT ON BY THE ACTORS.,"['concert', 'kitchen']","[{'term': 'concert', 'polarity': 'positive'}, {'term': 'kitchen', 'polarity': 'positive'}]","[{'category': 'general', 'polarity': 'neutral'}]",1015
I REALLY ENJOYED THE show PUT ON BY THE chef.,I REALLY ENJOYED THE SHOWS PUT ON BY THE ACTORS.,"['show', 'chef']","[{'term': 'show', 'polarity': 'positive'}, {'term': 'chef', 'polarity': 'positive'}]","[{'category': 'general', 'polarity': 'neutral'}]",1016
The quality lacked presentation and the service was unfortunately not as well prepared as in the past.,The miso soup lacked flavor and the fish was unfortunately not as well prepared as in the past.,"['quality', 'presentation', 'service']","[{'term': 'quality', 'polarity': 'negative'}, {'term': 'presentation', 'polarity': 'negative'}, {'term': 'service', 'polarity': 'negative'}]","[{'category': 'general', 'polarity': 'neutral'}]",1021
The service lacked flavor and the dish was unfortunately not as well prepared as in the past.,The miso soup lacked flavor and the fish was unfortunately not as well prepared as in the past.,"['service', 'flavor', 'dish']","[{'term': 'service', 'polarity': 'negative'}, {'term': 'flavor', 'polarity': 'negative'}, {'term': 'dish', 'polarity': 'negative'}]","[{'category': 'general', 'polarity': 'neutral'}]",1022
The ambience lacked flair and the service was unfortunately not as well prepared as in the past.,The miso soup lacked flavor and the fish was unfortunately not as well prepared as in the past.,"['ambience', 'flair', 'service']","[{'term': 'ambience', 'polarity': 'negative'}, {'term': 'flair', 'polarity': 'negative'}, {'term': 'service', 'polarity': 'negative'}]","[{'category': 'general', 'polarity': 'neutral'}]",1023
The atmosphere lacked flair and the service was unfortunately not as well prepared as in the past.,The miso soup lacked flavor and the fish was unfortunately not as well prepared as in the past.,"['atmosphere', 'flair', 'service']","[{'term': 'atmosphere', 'polarity': 'negative'}, {'term': 'flair', 'polarity': 'negative'}, {'term': 'service', 'polarity': 'negative'}]","[{'category': 'general', 'polarity': 'neutral'}]",1024
The ambiance lacked flair and the service was unfortunately not as well prepared as in the past.,The miso soup lacked flavor and the fish was unfortunately not as well prepared as in the past.,"['ambiance', 'flair', 'service']","[{'term': 'ambiance', 'polarity': 'negative'}, {'term': 'flair', 'polarity': 'negative'}, {'term': 'service', 'polarity': 'negative'}]","[{'category': 'general', 'polarity': 'neutral'}]",1025
"Of course this establishment is lacking, but what do you expect from a 24 hour diner place anyways?","Of course this atmosphere is lacking, but what do you expect from a 24 hour bagel place anyways?","['establishment', 'diner']","[{'term': 'establishment', 'polarity': 'negative'}, {'term': 'diner', 'polarity': 'neutral'}]","[{'category': 'general', 'polarity': 'neutral'}]",1027
weather was good and the view of the new york city skiline was terrific even on a foggy rainy day like that of when I went.,Food was good and the view of the new york city skiline was terrific even on a foggy rainy day like that of when I went.,"['weather', 'view']","[{'term': 'weather', 'polarity': 'positive'}, {'term': 'view', 'polarity': 'positive'}]","[{'category': 'general', 'polarity': 'neutral'}]",1033
views was good and the vista of the new york city skiline was terrific even on a foggy rainy day like that of when I went.,Food was good and the view of the new york city skiline was terrific even on a foggy rainy day like that of when I went.,"['views', 'vista']","[{'term': 'views', 'polarity': 'positive'}, {'term': 'vista', 'polarity': 'positive'}]","[{'category': 'general', 'polarity': 'neutral'}]",1034
View was good and the views of the new york city skiline was terrific even on a foggy rainy day like that of when I went.,Food was good and the view of the new york city skiline was terrific even on a foggy rainy day like that of when I went.,"['View', 'views']","[{'term': 'View', 'polarity': 'positive'}, {'term': 'views', 'polarity': 'positive'}]","[{'category': 'general', 'polarity': 'neutral'}]",1035
views was good and the view of the new york city skiline was terrific even on a foggy rainy day like that of when I went.,Food was good and the view of the new york city skiline was terrific even on a foggy rainy day like that of when I went.,"['views', 'view']","[{'term': 'views', 'polarity': 'positive'}, {'term': 'view', 'polarity': 'positive'}]","[{'category': 'general', 'polarity': 'neutral'}]",1037
"Cute waitresses, nice decor but would never go there again.","Cute place, nice wait staff but would never go there again.","['waitresses', 'decor']","[{'term': 'waitresses', 'polarity': 'positive'}, {'term': 'decor', 'polarity': 'positive'}]","[{'category': 'general', 'polarity': 'neutral'}]",1039
"Cute decor, nice decorations but would never go there again.","Cute place, nice wait staff but would never go there again.","['decor', 'decorations']","[{'term': 'decor', 'polarity': 'positive'}, {'term': 'decorations', 'polarity': 'positive'}]","[{'category': 'general', 'polarity': 'neutral'}]",1040
"Cute waitress, nice atmosphere but would never go there again.","Cute place, nice wait staff but would never go there again.","['waitress', 'atmosphere']","[{'term': 'waitress', 'polarity': 'positive'}, {'term': 'atmosphere', 'polarity': 'positive'}]","[{'category': 'general', 'polarity': 'neutral'}]",1041
"I ordered appetizer and my wife ordered entree, and we were both delighted by the way the flavors evoked memories in unexpected ways.","I ordered tamarind duck and my wife ordered noodles with ground beef, and we were both delighted by the way the dishes evoked Thai flavors in unexpected ways.","['appetizer', 'entree', 'flavors', 'memories']","[{'term': 'appetizer', 'polarity': 'positive'}, {'term': 'entree', 'polarity': 'positive'}, {'term': 'flavors', 'polarity': 'positive'}, {'term': 'memories', 'polarity': 'positive'}]","[{'category': 'general', 'polarity': 'neutral'}]",1044
"I ordered entrees and my wife ordered appetizers, and we were both delighted by the way the dishes evoked flavors in unexpected ways.","I ordered tamarind duck and my wife ordered noodles with ground beef, and we were both delighted by the way the dishes evoked Thai flavors in unexpected ways.","['entrees', 'appetizers', 'dishes', 'flavors']","[{'term': 'entrees', 'polarity': 'positive'}, {'term': 'appetizers', 'polarity': 'positive'}, {'term': 'dishes', 'polarity': 'positive'}, {'term': 'flavors', 'polarity': 'positive'}]","[{'category': 'general', 'polarity': 'neutral'}]",1046
"I ordered appetizers and my wife ordered entree, and we were both delighted by the way the flavors evoked memories in unexpected ways.","I ordered tamarind duck and my wife ordered noodles with ground beef, and we were both delighted by the way the dishes evoked Thai flavors in unexpected ways.","['appetizers', 'entree', 'flavors', 'memories']","[{'term': 'appetizers', 'polarity': 'positive'}, {'term': 'entree', 'polarity': 'positive'}, {'term': 'flavors', 'polarity': 'positive'}, {'term': 'memories', 'polarity': 'positive'}]","[{'category': 'general', 'polarity': 'neutral'}]",1047
"I ordered appetizers and my wife ordered entrees, and we were both delighted by the way the ambiance evoked memories in unexpected ways.","I ordered tamarind duck and my wife ordered noodles with ground beef, and we were both delighted by the way the dishes evoked Thai flavors in unexpected ways.","['appetizers', 'entrees', 'ambiance', 'memories']","[{'term': 'appetizers', 'polarity': 'positive'}, {'term': 'entrees', 'polarity': 'positive'}, {'term': 'ambiance', 'polarity': 'positive'}, {'term': 'memories', 'polarity': 'positive'}]","[{'category': 'general', 'polarity': 'neutral'}]",1049
As soon as my father lifted his pen from the table a doorman appeared to usher us out.,As soon as my father lifted his pen from the check a chef appeared to usher us out.,"['table', 'doorman']","[{'term': 'table', 'polarity': 'negative'}, {'term': 'doorman', 'polarity': 'neutral'}]","[{'category': 'general', 'polarity': 'neutral'}]",1055
"We ordered the wings, but what we got were a few small pieces of meat, all dark charcoal and on the bone.","We ordered the chicken casserole, but what we got were a few small pieces of chicken, all dark meat and on the bone.","['wings', 'meat', 'charcoal']","[{'term': 'wings', 'polarity': 'negative'}, {'term': 'meat', 'polarity': 'negative'}, {'term': 'charcoal', 'polarity': 'negative'}]","[{'category': 'general', 'polarity': 'neutral'}]",1057
"We ordered the ribs, but what we got were a few small pieces of lamb, all dark lamb ribs and on the bone.","We ordered the chicken casserole, but what we got were a few small pieces of chicken, all dark meat and on the bone.","['ribs', 'lamb', 'lamb ribs']","[{'term': 'ribs', 'polarity': 'negative'}, {'term': 'lamb', 'polarity': 'negative'}, {'term': 'lamb ribs', 'polarity': 'negative'}]","[{'category': 'general', 'polarity': 'neutral'}]",1059
"We ordered the wings, but what we got were a few small pieces of ribs, all dark char and on the bone.","We ordered the chicken casserole, but what we got were a few small pieces of chicken, all dark meat and on the bone.","['wings', 'ribs', 'char']","[{'term': 'wings', 'polarity': 'negative'}, {'term': 'ribs', 'polarity': 'negative'}, {'term': 'char', 'polarity': 'negative'}]","[{'category': 'general', 'polarity': 'neutral'}]",1061
We were disappointed with the menu options of only 2 dishes (other restaurants offer 3 choices) and ended up leaving.,We were disappointed with the pre-fixe menu of only 2 choices per course (other restaurants offer 3 choices) and ended up ordering a la carte.,"['menu options', 'dishes', 'leaving']","[{'term': 'menu options', 'polarity': 'negative'}, {'term': 'dishes', 'polarity': 'neutral'}, {'term': 'leaving', 'polarity': 'negative'}]","[{'category': 'general', 'polarity': 'neutral'}]",1063
We were disappointed with the menu of only 2 options (other restaurants offer 3 choices) and ended up leaving.,We were disappointed with the pre-fixe menu of only 2 choices per course (other restaurants offer 3 choices) and ended up ordering a la carte.,"['menu', 'options', 'leaving']","[{'term': 'menu', 'polarity': 'negative'}, {'term': 'options', 'polarity': 'neutral'}, {'term': 'leaving', 'polarity': 'negative'}]","[{'category': 'general', 'polarity': 'neutral'}]",1064
We began with the sauce (the artisanal blend) and added croutons and herbs to dip.,We began with the cheese fondue (the artisanal blend) and added apples and kielbasa to dip.,"['sauce', 'croutons', 'herbs']","[{'term': 'sauce', 'polarity': 'neutral'}, {'term': 'croutons', 'polarity': 'neutral'}, {'term': 'herbs', 'polarity': 'neutral'}]","[{'category': 'general', 'polarity': 'neutral'}]",1068
We began with the olives (the artisanal blend) and added breadsticks and chips to dip.,We began with the cheese fondue (the artisanal blend) and added apples and kielbasa to dip.,"['olives', 'breadsticks', 'chips']","[{'term': 'olives', 'polarity': 'neutral'}, {'term': 'breadsticks', 'polarity': 'neutral'}, {'term': 'chips', 'polarity': 'neutral'}]","[{'category': 'general', 'polarity': 'neutral'}]",1070
We began with the olive oil (the artisanal blend) and added breadsticks and crostini to dip.,We began with the cheese fondue (the artisanal blend) and added apples and kielbasa to dip.,"['olive oil', 'breadsticks', 'crostini']","[{'term': 'olive oil', 'polarity': 'neutral'}, {'term': 'breadsticks', 'polarity': 'neutral'}, {'term': 'crostini', 'polarity': 'neutral'}]","[{'category': 'general', 'polarity': 'neutral'}]",1072
We began with the olives (the artisanal blend) and added breadsticks and chutney to dip.,We began with the cheese fondue (the artisanal blend) and added apples and kielbasa to dip.,"['olives', 'breadsticks', 'chutney']","[{'term': 'olives', 'polarity': 'neutral'}, {'term': 'breadsticks', 'polarity': 'neutral'}, {'term': 'chutney', 'polarity': 'neutral'}]","[{'category': 'general', 'polarity': 'neutral'}]",1073
Won't or Can't is not in the file system directory.,Won't or Can't is not in the service directory.,['file system'],"[{'term': 'file system', 'polarity': 'positive'}]","[{'category': 'general', 'polarity': 'neutral'}]",1075
Won't or Can't is not in the file directory.,Won't or Can't is not in the service directory.,['file'],"[{'term': 'file', 'polarity': 'positive'}]","[{'category': 'general', 'polarity': 'neutral'}]",1076
The portfolio is extensive and can easily hike up an otherwise reasonably modest prices.,The wine list is extensive and can easily hike up an otherwise reasonably priced meal.,"['portfolio', 'modest', 'prices']","[{'term': 'portfolio', 'polarity': 'positive'}, {'term': 'modest', 'polarity': 'positive'}, {'term': 'prices', 'polarity': 'positive'}]","[{'category': 'general', 'polarity': 'neutral'}]",1080
The menu is extensive and can easily hike up an otherwise reasonably bland meal.,The wine list is extensive and can easily hike up an otherwise reasonably priced meal.,"['menu', 'bland', 'meal']","[{'term': 'menu', 'polarity': 'positive'}, {'term': 'bland', 'polarity': 'positive'}, {'term': 'meal', 'polarity': 'positive'}]","[{'category': 'general', 'polarity': 'neutral'}]",1081
The menu is extensive and can easily hike up an otherwise reasonably modest bill.,The wine list is extensive and can easily hike up an otherwise reasonably priced meal.,"['menu', 'modest', 'bill']","[{'term': 'menu', 'polarity': 'positive'}, {'term': 'modest', 'polarity': 'positive'}, {'term': 'bill', 'polarity': 'positive'}]","[{'category': 'general', 'polarity': 'neutral'}]",1082
The menu is extensive and can easily hike up an otherwise reasonably ordinary prices.,The wine list is extensive and can easily hike up an otherwise reasonably priced meal.,"['menu', 'ordinary', 'prices']","[{'term': 'menu', 'polarity': 'positive'}, {'term': 'ordinary', 'polarity': 'positive'}, {'term': 'prices', 'polarity': 'positive'}]","[{'category': 'general', 'polarity': 'neutral'}]",1083
The menu is extensive and can easily hike up an otherwise reasonably priced bill.,The wine list is extensive and can easily hike up an otherwise reasonably priced meal.,"['menu', 'priced', 'bill']","[{'term': 'menu', 'polarity': 'positive'}, {'term': 'priced', 'polarity': 'positive'}, {'term': 'bill', 'polarity': 'positive'}]","[{'category': 'general', 'polarity': 'neutral'}]",1084
The menu is extensive and can easily hike up an otherwise reasonably plain prices.,The wine list is extensive and can easily hike up an otherwise reasonably priced meal.,"['menu', 'plain', 'prices']","[{'term': 'menu', 'polarity': 'positive'}, {'term': 'plain', 'polarity': 'positive'}, {'term': 'prices', 'polarity': 'positive'}]","[{'category': 'general', 'polarity': 'neutral'}]",1085
"Overall I was impressed and will return, it's a great QPR (price to performance to cost to value Ratio).","Overall I was impressed and will return, it's a great QPR (Quality to Price Ratio).","['price to performance', 'cost to value']","[{'term': 'price to performance', 'polarity': 'positive'}, {'term': 'cost to value', 'polarity': 'positive'}]","[{'category': 'general', 'polarity': 'neutral'}]",1094
"Overall I was impressed and will return, it's a great QPR (price to value Ratio).","Overall I was impressed and will return, it's a great QPR (Quality to Price Ratio).","['price', 'value']","[{'term': 'price', 'polarity': 'positive'}, {'term': 'value', 'polarity': 'positive'}]","[{'category': 'general', 'polarity': 'neutral'}]",1095
"Overall I was impressed and will return, it's a great QPR (price to performance Ratio).","Overall I was impressed and will return, it's a great QPR (Quality to Price Ratio).","['price', 'performance']","[{'term': 'price', 'polarity': 'positive'}, {'term': 'performance', 'polarity': 'positive'}]","[{'category': 'general', 'polarity': 'neutral'}]",1096
It took them 15 minutes to put ice in our glasses.,It took them 15 minutes to put water in our glasses.,['ice'],"[{'term': 'ice', 'polarity': 'neutral'}]","[{'category': 'general', 'polarity': 'neutral'}]",1101
From the complimentary breadsticks of a champagne to an amazing service to a food that I can't remember because of the fabulous cocktails we were drinking -- the whole evening was amazing.,From the complimentary chef app of a delicate butternut squash ravioli in a delicious truffle sauce to an amazing buttery and tender langostine entree to a dessert that I can't remember because of the fabulous Cakebread Cabernet we were drinking -- the whole evening was amazing.,"['breadsticks', 'champagne', 'service', 'food', 'cocktails']","[{'term': 'breadsticks', 'polarity': 'positive'}, {'term': 'champagne', 'polarity': 'positive'}, {'term': 'service', 'polarity': 'positive'}, {'term': 'food', 'polarity': 'neutral'}, {'term': 'cocktails', 'polarity': 'positive'}]","[{'category': 'general', 'polarity': 'neutral'}]",1104
From the complimentary amenities of a hotel to an amazing service to a meal that I can't remember because of the fabulous cocktails we were drinking -- the whole evening was amazing.,From the complimentary chef app of a delicate butternut squash ravioli in a delicious truffle sauce to an amazing buttery and tender langostine entree to a dessert that I can't remember because of the fabulous Cakebread Cabernet we were drinking -- the whole evening was amazing.,"['amenities', 'hotel', 'service', 'meal', 'cocktails']","[{'term': 'amenities', 'polarity': 'positive'}, {'term': 'hotel', 'polarity': 'positive'}, {'term': 'service', 'polarity': 'positive'}, {'term': 'meal', 'polarity': 'neutral'}, {'term': 'cocktails', 'polarity': 'positive'}]","[{'category': 'general', 'polarity': 'neutral'}]",1105
From the complimentary breadsticks of a bread basket to an amazing dinner to a dessert that I can't remember because of the fabulous cocktails we were drinking -- the whole evening was amazing.,From the complimentary chef app of a delicate butternut squash ravioli in a delicious truffle sauce to an amazing buttery and tender langostine entree to a dessert that I can't remember because of the fabulous Cakebread Cabernet we were drinking -- the whole evening was amazing.,"['breadsticks', 'bread basket', 'dinner', 'dessert', 'cocktails']","[{'term': 'breadsticks', 'polarity': 'positive'}, {'term': 'bread basket', 'polarity': 'positive'}, {'term': 'dinner', 'polarity': 'positive'}, {'term': 'dessert', 'polarity': 'neutral'}, {'term': 'cocktails', 'polarity': 'positive'}]","[{'category': 'general', 'polarity': 'neutral'}]",1106
From the complimentary breadsticks of a wine to an amazing dinner to a service that I can't remember because of the fabulous cocktails we were drinking -- the whole evening was amazing.,From the complimentary chef app of a delicate butternut squash ravioli in a delicious truffle sauce to an amazing buttery and tender langostine entree to a dessert that I can't remember because of the fabulous Cakebread Cabernet we were drinking -- the whole evening was amazing.,"['breadsticks', 'wine', 'dinner', 'service', 'cocktails']","[{'term': 'breadsticks', 'polarity': 'positive'}, {'term': 'wine', 'polarity': 'positive'}, {'term': 'dinner', 'polarity': 'positive'}, {'term': 'service', 'polarity': 'neutral'}, {'term': 'cocktails', 'polarity': 'positive'}]","[{'category': 'general', 'polarity': 'neutral'}]",1108
From the complimentary bread of a wine to an amazing dinner to a menu that I can't remember because of the fabulous cocktails we were drinking -- the whole evening was amazing.,From the complimentary chef app of a delicate butternut squash ravioli in a delicious truffle sauce to an amazing buttery and tender langostine entree to a dessert that I can't remember because of the fabulous Cakebread Cabernet we were drinking -- the whole evening was amazing.,"['bread', 'wine', 'dinner', 'menu', 'cocktails']","[{'term': 'bread', 'polarity': 'positive'}, {'term': 'wine', 'polarity': 'positive'}, {'term': 'dinner', 'polarity': 'positive'}, {'term': 'menu', 'polarity': 'neutral'}, {'term': 'cocktails', 'polarity': 'positive'}]","[{'category': 'general', 'polarity': 'neutral'}]",1109
The curry is inventive but still keeps traditional indian flavoring.,The food is inventive but still keeps traditional indian flavoring.,['curry'],"[{'term': 'curry', 'polarity': 'positive'}]","[{'category': 'general', 'polarity': 'neutral'}]",1117
"this is the best secret place in midtown', I heard that from the waiter, after having brilliant lunch ( try recommendations) and wine on the table last Tuesday.","this is the best secret place in midtown', I heard that from the bartender, after having brilliant food ( try steak with portobello mushrooms) and drinks on the bar last Tuesday.","['waiter', 'lunch', 'recommendations', 'wine', 'table']","[{'term': 'waiter', 'polarity': 'neutral'}, {'term': 'lunch', 'polarity': 'positive'}, {'term': 'recommendations', 'polarity': 'positive'}, {'term': 'wine', 'polarity': 'positive'}, {'term': 'table', 'polarity': 'neutral'}]","[{'category': 'general', 'polarity': 'neutral'}]",1128
"this is the best secret place in midtown', I heard that from the waiter, after having brilliant brunch ( try eggs) and wine on the terrace last Tuesday.","this is the best secret place in midtown', I heard that from the bartender, after having brilliant food ( try steak with portobello mushrooms) and drinks on the bar last Tuesday.","['waiter', 'brunch', 'eggs', 'wine', 'terrace']","[{'term': 'waiter', 'polarity': 'neutral'}, {'term': 'brunch', 'polarity': 'positive'}, {'term': 'eggs', 'polarity': 'positive'}, {'term': 'wine', 'polarity': 'positive'}, {'term': 'terrace', 'polarity': 'neutral'}]","[{'category': 'general', 'polarity': 'neutral'}]",1133
Jimmy's is hands down the hottest night club in the Bronx.,Jimmy's is hands down the hottest night spot in the Bronx.,['club'],"[{'term': 'club', 'polarity': 'positive'}]","[{'category': 'general', 'polarity': 'neutral'}]",1134
Jimmy's is hands down the hottest night spot in the Bronx.,Jimmy's is hands down the hottest night spot in the Bronx.,['spot'],"[{'term': 'spot', 'polarity': 'positive'}]","[{'category': 'general', 'polarity': 'neutral'}]",1137
"Aside from the waiter, the server recommended an dish including appetizers, entrees, desserts, drinks, etc.","Aside from the Sea Urchin, the chef recommended an assortment of fish including Fatty Yellow Tail, Boton Shrimp, Blue Fin Torro (Fatty Tuna), Sea Eel, etc.","['waiter', 'server', 'dish', 'appetizers', 'entrees', 'desserts', 'drinks']","[{'term': 'waiter', 'polarity': 'neutral'}, {'term': 'server', 'polarity': 'neutral'}, {'term': 'dish', 'polarity': 'neutral'}, {'term': 'appetizers', 'polarity': 'neutral'}, {'term': 'entrees', 'polarity': 'neutral'}, {'term': 'desserts', 'polarity': 'neutral'}, {'term': 'drinks', 'polarity': 'neutral'}]","[{'category': 'general', 'polarity': 'neutral'}]",1147
"Aside from the dishes, the server recommended an courses including appetizers, main courses, desserts, beverages, etc.","Aside from the Sea Urchin, the chef recommended an assortment of fish including Fatty Yellow Tail, Boton Shrimp, Blue Fin Torro (Fatty Tuna), Sea Eel, etc.","['dishes', 'server', 'courses', 'appetizers', 'main courses', 'desserts', 'beverages']","[{'term': 'dishes', 'polarity': 'neutral'}, {'term': 'server', 'polarity': 'neutral'}, {'term': 'courses', 'polarity': 'neutral'}, {'term': 'appetizers', 'polarity': 'neutral'}, {'term': 'main courses', 'polarity': 'neutral'}, {'term': 'desserts', 'polarity': 'neutral'}, {'term': 'beverages', 'polarity': 'neutral'}]","[{'category': 'general', 'polarity': 'neutral'}]",1149
"Aside from the dishes, the waiter recommended an course including appetizers, entrees, desserts, drinks, etc.","Aside from the Sea Urchin, the chef recommended an assortment of fish including Fatty Yellow Tail, Boton Shrimp, Blue Fin Torro (Fatty Tuna), Sea Eel, etc.","['dishes', 'waiter', 'course', 'appetizers', 'entrees', 'desserts', 'drinks']","[{'term': 'dishes', 'polarity': 'neutral'}, {'term': 'waiter', 'polarity': 'neutral'}, {'term': 'course', 'polarity': 'neutral'}, {'term': 'appetizers', 'polarity': 'neutral'}, {'term': 'entrees', 'polarity': 'neutral'}, {'term': 'desserts', 'polarity': 'neutral'}, {'term': 'drinks', 'polarity': 'neutral'}]","[{'category': 'general', 'polarity': 'neutral'}]",1150
"Aside from the dishes, the waiter recommended an menu including appetizer, entree, dessert, drinks, etc.","Aside from the Sea Urchin, the chef recommended an assortment of fish including Fatty Yellow Tail, Boton Shrimp, Blue Fin Torro (Fatty Tuna), Sea Eel, etc.","['dishes', 'waiter', 'menu', 'appetizer', 'entree', 'dessert', 'drinks']","[{'term': 'dishes', 'polarity': 'neutral'}, {'term': 'waiter', 'polarity': 'neutral'}, {'term': 'menu', 'polarity': 'neutral'}, {'term': 'appetizer', 'polarity': 'neutral'}, {'term': 'entree', 'polarity': 'neutral'}, {'term': 'dessert', 'polarity': 'neutral'}, {'term': 'drinks', 'polarity': 'neutral'}]","[{'category': 'general', 'polarity': 'neutral'}]",1151
This place has the best Chinese style wonton in the city.,This place has the best Chinese style BBQ ribs in the city.,['wonton'],"[{'term': 'wonton', 'polarity': 'positive'}]","[{'category': 'general', 'polarity': 'neutral'}]",1153
This place has the best Chinese style wonton soup in the city.,This place has the best Chinese style BBQ ribs in the city.,['wonton soup'],"[{'term': 'wonton soup', 'polarity': 'positive'}]","[{'category': 'general', 'polarity': 'neutral'}]",1157
"both are very reasonably priced (around $8 for appetizers and $5 for main courses), and are delicious and filling.","both are very reasonably priced (around $8 for dinner and $5 for lunch), and are delicious and filling.","['priced', 'appetizers', 'main courses']","[{'term': 'priced', 'polarity': 'positive'}, {'term': 'appetizers', 'polarity': 'positive'}, {'term': 'main courses', 'polarity': 'positive'}]","[{'category': 'general', 'polarity': 'neutral'}]",1160
"both are very reasonably priced (around $8 for dishes and $5 for drinks), and are delicious and filling.","both are very reasonably priced (around $8 for dinner and $5 for lunch), and are delicious and filling.","['priced', 'dishes', 'drinks']","[{'term': 'priced', 'polarity': 'positive'}, {'term': 'dishes', 'polarity': 'positive'}, {'term': 'drinks', 'polarity': 'positive'}]","[{'category': 'general', 'polarity': 'neutral'}]",1161
THE BIG COMPLAINT: NO napkins AVAILABLE.,THE BIG COMPLAINT: NO TOASTING AVAILABLE.,['napkins'],"[{'term': 'napkins', 'polarity': 'negative'}]","[{'category': 'general', 'polarity': 'neutral'}]",1164
"Because of the delicate thin crust, cups get soggy in their boxes.","Because of the delicate thin crust, take-out pies get soggy in their boxes.","['crust', 'cups']","[{'term': 'crust', 'polarity': 'negative'}, {'term': 'cups', 'polarity': 'negative'}]","[{'category': 'general', 'polarity': 'neutral'}]",1176
"Because of the delicate thin crust, sandwiches get soggy in their boxes.","Because of the delicate thin crust, take-out pies get soggy in their boxes.","['crust', 'sandwiches']","[{'term': 'crust', 'polarity': 'negative'}, {'term': 'sandwiches', 'polarity': 'negative'}]","[{'category': 'general', 'polarity': 'neutral'}]",1177
"Because of the delicate thin crusts, breads get soggy in their boxes.","Because of the delicate thin crust, take-out pies get soggy in their boxes.","['crusts', 'breads']","[{'term': 'crusts', 'polarity': 'negative'}, {'term': 'breads', 'polarity': 'negative'}]","[{'category': 'general', 'polarity': 'neutral'}]",1178
"Because of the delicate thin crust, crackers get soggy in their boxes.","Because of the delicate thin crust, take-out pies get soggy in their boxes.","['crust', 'crackers']","[{'term': 'crust', 'polarity': 'negative'}, {'term': 'crackers', 'polarity': 'negative'}]","[{'category': 'general', 'polarity': 'neutral'}]",1179
"Because of the delicate thin crust, bagels get soggy in their boxes.","Because of the delicate thin crust, take-out pies get soggy in their boxes.","['crust', 'bagels']","[{'term': 'crust', 'polarity': 'negative'}, {'term': 'bagels', 'polarity': 'negative'}]","[{'category': 'general', 'polarity': 'neutral'}]",1180
"Because of the delicate thin crust, bread get soggy in their boxes.","Because of the delicate thin crust, take-out pies get soggy in their boxes.","['crust', 'bread']","[{'term': 'crust', 'polarity': 'negative'}, {'term': 'bread', 'polarity': 'negative'}]","[{'category': 'general', 'polarity': 'neutral'}]",1181
We got in line and were waited while in line a arguing.,We got in line and were served while in line a bannan fritter.,"['waited', 'arguing']","[{'term': 'waited', 'polarity': 'neutral'}, {'term': 'arguing', 'polarity': 'neutral'}]","[{'category': 'general', 'polarity': 'neutral'}]",1182
We got in line and were waited while in line a strange person.,We got in line and were served while in line a bannan fritter.,"['waited', 'strange person']","[{'term': 'waited', 'polarity': 'neutral'}, {'term': 'strange person', 'polarity': 'neutral'}]","[{'category': 'general', 'polarity': 'neutral'}]",1183
We got in line and were waiting while in line a man.,We got in line and were served while in line a bannan fritter.,"['waiting', 'man']","[{'term': 'waiting', 'polarity': 'neutral'}, {'term': 'man', 'polarity': 'neutral'}]","[{'category': 'general', 'polarity': 'neutral'}]",1184
We got in line and were waited while in line a long conversation.,We got in line and were served while in line a bannan fritter.,"['waited', 'long conversation']","[{'term': 'waited', 'polarity': 'neutral'}, {'term': 'long conversation', 'polarity': 'neutral'}]","[{'category': 'general', 'polarity': 'neutral'}]",1185
We got in line and were waited while in line a manhandled.,We got in line and were served while in line a bannan fritter.,"['waited', 'manhandled']","[{'term': 'waited', 'polarity': 'neutral'}, {'term': 'manhandled', 'polarity': 'neutral'}]","[{'category': 'general', 'polarity': 'neutral'}]",1186
We got in line and were waiting while in line a complaining.,We got in line and were served while in line a bannan fritter.,"['waiting', 'complaining']","[{'term': 'waiting', 'polarity': 'neutral'}, {'term': 'complaining', 'polarity': 'neutral'}]","[{'category': 'general', 'polarity': 'neutral'}]",1187
After really enjoying ourselves at the bistro we sat down at a table and had dinner.,After really enjoying ourselves at the bar we sat down at a table and had dinner.,"['bistro', 'table', 'dinner']","[{'term': 'bistro', 'polarity': 'positive'}, {'term': 'table', 'polarity': 'neutral'}, {'term': 'dinner', 'polarity': 'neutral'}]","[{'category': 'general', 'polarity': 'neutral'}]",1189
After really enjoying ourselves at the restaurant we sat down at a table and had dinner.,After really enjoying ourselves at the bar we sat down at a table and had dinner.,"['restaurant', 'table', 'dinner']","[{'term': 'restaurant', 'polarity': 'positive'}, {'term': 'table', 'polarity': 'neutral'}, {'term': 'dinner', 'polarity': 'neutral'}]","[{'category': 'general', 'polarity': 'neutral'}]",1191
"So I've never actually been to M proper, but I've had it delivered a few times.","So I've never actually been to M proper, but I've had it delivered a few times.",['delivered'],"[{'term': 'delivered', 'polarity': 'neutral'}]","[{'category': 'general', 'polarity': 'neutral'}]",1194
"The have over 100 different dishes to offer thier guest so that made my husband very happy and the service was delicious, if I must recommend a filet mignon it must be the filet mignon.","The have over 100 different beers to offer thier guest so that made my husband very happy and the food was delicious, if I must recommend a dish it must be the pumkin tortelini.","['dishes', 'service', 'filet mignon', 'filet mignon']","[{'term': 'dishes', 'polarity': 'positive'}, {'term': 'service', 'polarity': 'positive'}, {'term': 'filet mignon', 'polarity': 'positive'}, {'term': 'filet mignon', 'polarity': 'positive'}]","[{'category': 'general', 'polarity': 'neutral'}]",1207
"The have over 100 different dishes to offer thier guest so that made my husband very happy and the food was delicious, if I must recommend a dish it must be the entree.","The have over 100 different beers to offer thier guest so that made my husband very happy and the food was delicious, if I must recommend a dish it must be the pumkin tortelini.","['dishes', 'food', 'dish', 'entree']","[{'term': 'dishes', 'polarity': 'positive'}, {'term': 'food', 'polarity': 'positive'}, {'term': 'dish', 'polarity': 'positive'}, {'term': 'entree', 'polarity': 'positive'}]","[{'category': 'general', 'polarity': 'neutral'}]",1209
"The have over 100 different flavors to offer thier guest so that made my husband very happy and the service was delicious, if I must recommend a dish it must be the entree.","The have over 100 different beers to offer thier guest so that made my husband very happy and the food was delicious, if I must recommend a dish it must be the pumkin tortelini.","['flavors', 'service', 'dish', 'entree']","[{'term': 'flavors', 'polarity': 'positive'}, {'term': 'service', 'polarity': 'positive'}, {'term': 'dish', 'polarity': 'positive'}, {'term': 'entree', 'polarity': 'positive'}]","[{'category': 'general', 'polarity': 'neutral'}]",1210
"The have over 100 different dishes to offer thier guest so that made my husband very happy and the food was delicious, if I must recommend a option it must be the entree.","The have over 100 different beers to offer thier guest so that made my husband very happy and the food was delicious, if I must recommend a dish it must be the pumkin tortelini.","['dishes', 'food', 'option', 'entree']","[{'term': 'dishes', 'polarity': 'positive'}, {'term': 'food', 'polarity': 'positive'}, {'term': 'option', 'polarity': 'positive'}, {'term': 'entree', 'polarity': 'positive'}]","[{'category': 'general', 'polarity': 'neutral'}]",1211
"We were seated promptly as we had arrivals, however after that the service was slow.","We were seated promptly as we had reservations, however after that the service was slow.","['arrivals', 'service']","[{'term': 'arrivals', 'polarity': 'positive'}, {'term': 'service', 'polarity': 'negative'}]","[{'category': 'general', 'polarity': 'neutral'}]",1213
"We were seated promptly as we had reservation, however after that the food was slow.","We were seated promptly as we had reservations, however after that the service was slow.","['reservation', 'food']","[{'term': 'reservation', 'polarity': 'positive'}, {'term': 'food', 'polarity': 'negative'}]","[{'category': 'general', 'polarity': 'neutral'}]",1214
"We were seated promptly as we had arrived, however after that the service was slow.","We were seated promptly as we had reservations, however after that the service was slow.","['arrived', 'service']","[{'term': 'arrived', 'polarity': 'positive'}, {'term': 'service', 'polarity': 'negative'}]","[{'category': 'general', 'polarity': 'neutral'}]",1215
"Based on the reviews for food, this is a place I would reconsider revisiting for that, but definitely not for dining again.","Based on the reviews for dinner, this is a place I would reconsider revisiting for that, but definitely not for Dim Sum again.","['food', 'dining']","[{'term': 'food', 'polarity': 'negative'}, {'term': 'dining', 'polarity': 'positive'}]","[{'category': 'general', 'polarity': 'neutral'}]",1220
As we were sitting eating the subpar sandwiches the servers proceeded to berate a couple of his employees for putting out the wrong order and explained to them how expensive these plates were.,As we were sitting eating the subpar food the manager proceeded to berate a couple of his employees for putting out the wrong containers for condiments and explained to them how expensive these containers were.,"['sandwiches', 'servers', 'employees', 'order', 'plates']","[{'term': 'sandwiches', 'polarity': 'negative'}, {'term': 'servers', 'polarity': 'negative'}, {'term': 'employees', 'polarity': 'negative'}, {'term': 'order', 'polarity': 'neutral'}, {'term': 'plates', 'polarity': 'negative'}]","[{'category': 'general', 'polarity': 'neutral'}]",1226
As we were sitting eating the subpar sandwich the server proceeded to berate a couple of his waiters for putting out the wrong order and explained to them how expensive these plates were.,As we were sitting eating the subpar food the manager proceeded to berate a couple of his employees for putting out the wrong containers for condiments and explained to them how expensive these containers were.,"['sandwich', 'server', 'waiters', 'order', 'plates']","[{'term': 'sandwich', 'polarity': 'negative'}, {'term': 'server', 'polarity': 'negative'}, {'term': 'waiters', 'polarity': 'negative'}, {'term': 'order', 'polarity': 'neutral'}, {'term': 'plates', 'polarity': 'negative'}]","[{'category': 'general', 'polarity': 'neutral'}]",1227
As we were sitting eating the subpar sandwiches the waiter proceeded to berate a couple of his servers for putting out the wrong order and explained to them how expensive these items were.,As we were sitting eating the subpar food the manager proceeded to berate a couple of his employees for putting out the wrong containers for condiments and explained to them how expensive these containers were.,"['sandwiches', 'waiter', 'servers', 'order', 'items']","[{'term': 'sandwiches', 'polarity': 'negative'}, {'term': 'waiter', 'polarity': 'negative'}, {'term': 'servers', 'polarity': 'negative'}, {'term': 'order', 'polarity': 'neutral'}, {'term': 'items', 'polarity': 'negative'}]","[{'category': 'general', 'polarity': 'neutral'}]",1229
"We parked on the block of Nina's the restaurant looked nice, with people obviously enjoying their meals.","We parked on the block of Nina's the place looked nice, with people obviously enjoying their pizzas.","['restaurant', 'meals']","[{'term': 'restaurant', 'polarity': 'positive'}, {'term': 'meals', 'polarity': 'positive'}]","[{'category': 'general', 'polarity': 'neutral'}]",1230
"We parked on the block of Nina's the outside looked nice, with people obviously enjoying their dishes.","We parked on the block of Nina's the place looked nice, with people obviously enjoying their pizzas.","['outside', 'dishes']","[{'term': 'outside', 'polarity': 'positive'}, {'term': 'dishes', 'polarity': 'positive'}]","[{'category': 'general', 'polarity': 'neutral'}]",1233
Although they do the typical what kind of dishes would you like questions the service was good and overall very relaxing to dine to eat.,Although they do the typical what kind of water would you like questions the service was good and overall very relaxing to place to eat.,"['dishes', 'service', 'dine']","[{'term': 'dishes', 'polarity': 'positive'}, {'term': 'service', 'polarity': 'positive'}, {'term': 'dine', 'polarity': 'neutral'}]","[{'category': 'general', 'polarity': 'neutral'}]",1242
Although they do the typical what kind of dishes would you like questions the server was good and overall very relaxing to sit to eat.,Although they do the typical what kind of water would you like questions the service was good and overall very relaxing to place to eat.,"['dishes', 'server', 'sit']","[{'term': 'dishes', 'polarity': 'positive'}, {'term': 'server', 'polarity': 'positive'}, {'term': 'sit', 'polarity': 'neutral'}]","[{'category': 'general', 'polarity': 'neutral'}]",1243
Although they do the typical what kind of questions would you like questions the waiter was good and overall very relaxing to sit to eat.,Although they do the typical what kind of water would you like questions the service was good and overall very relaxing to place to eat.,"['questions', 'waiter', 'sit']","[{'term': 'questions', 'polarity': 'positive'}, {'term': 'waiter', 'polarity': 'positive'}, {'term': 'sit', 'polarity': 'neutral'}]","[{'category': 'general', 'polarity': 'neutral'}]",1244
Although they do the typical what kind of dishes would you like questions the service was good and overall very relaxing to linger to eat.,Although they do the typical what kind of water would you like questions the service was good and overall very relaxing to place to eat.,"['dishes', 'service', 'linger']","[{'term': 'dishes', 'polarity': 'positive'}, {'term': 'service', 'polarity': 'positive'}, {'term': 'linger', 'polarity': 'neutral'}]","[{'category': 'general', 'polarity': 'neutral'}]",1245
Although they do the typical what kind of dishes would you like questions the menu was good and overall very relaxing to dine to eat.,Although they do the typical what kind of water would you like questions the service was good and overall very relaxing to place to eat.,"['dishes', 'menu', 'dine']","[{'term': 'dishes', 'polarity': 'positive'}, {'term': 'menu', 'polarity': 'positive'}, {'term': 'dine', 'polarity': 'neutral'}]","[{'category': 'general', 'polarity': 'neutral'}]",1246
Although they do the typical what kind of table would you like questions the service was good and overall very relaxing to dine to eat.,Although they do the typical what kind of water would you like questions the service was good and overall very relaxing to place to eat.,"['table', 'service', 'dine']","[{'term': 'table', 'polarity': 'positive'}, {'term': 'service', 'polarity': 'positive'}, {'term': 'dine', 'polarity': 'neutral'}]","[{'category': 'general', 'polarity': 'neutral'}]",1247
The ambiance is usually good but it certainly isn't a relaxing experience to go.,The food is usually good but it certainly isn't a relaxing place to go.,"['ambiance', 'experience']","[{'term': 'ambiance', 'polarity': 'positive'}, {'term': 'experience', 'polarity': 'negative'}]","[{'category': 'general', 'polarity': 'neutral'}]",1260
The atmosphere is usually good but it certainly isn't a relaxing experience to go.,The food is usually good but it certainly isn't a relaxing place to go.,"['atmosphere', 'experience']","[{'term': 'atmosphere', 'polarity': 'positive'}, {'term': 'experience', 'polarity': 'negative'}]","[{'category': 'general', 'polarity': 'neutral'}]",1262
The ambience is usually good but it certainly isn't a relaxing vacation to go.,The food is usually good but it certainly isn't a relaxing place to go.,"['ambience', 'vacation']","[{'term': 'ambience', 'polarity': 'positive'}, {'term': 'vacation', 'polarity': 'negative'}]","[{'category': 'general', 'polarity': 'neutral'}]",1263
We thought that this place is using too much of sauce in the kitchen.,We thought that this place is using too much of MSG cooking in the foods.,"['sauce', 'kitchen']","[{'term': 'sauce', 'polarity': 'negative'}, {'term': 'kitchen', 'polarity': 'negative'}]","[{'category': 'general', 'polarity': 'neutral'}]",1266
We thought that this place is using too much of additives in the sauce.,We thought that this place is using too much of MSG cooking in the foods.,"['additives', 'sauce']","[{'term': 'additives', 'polarity': 'negative'}, {'term': 'sauce', 'polarity': 'negative'}]","[{'category': 'general', 'polarity': 'neutral'}]",1267
We thought that this place is using too much of artificial preservatives in the kitchen.,We thought that this place is using too much of MSG cooking in the foods.,"['artificial preservatives', 'kitchen']","[{'term': 'artificial preservatives', 'polarity': 'negative'}, {'term': 'kitchen', 'polarity': 'negative'}]","[{'category': 'general', 'polarity': 'neutral'}]",1268
We thought that this place is using too much of plastic in the packaging.,We thought that this place is using too much of MSG cooking in the foods.,"['plastic', 'packaging']","[{'term': 'plastic', 'polarity': 'negative'}, {'term': 'packaging', 'polarity': 'negative'}]","[{'category': 'general', 'polarity': 'neutral'}]",1269
We thought that this place is using too much of oil in the dressing.,We thought that this place is using too much of MSG cooking in the foods.,"['oil', 'dressing']","[{'term': 'oil', 'polarity': 'negative'}, {'term': 'dressing', 'polarity': 'negative'}]","[{'category': 'general', 'polarity': 'neutral'}]",1270
We thought that this place is using too much of preservatives in the food.,We thought that this place is using too much of MSG cooking in the foods.,"['preservatives', 'food']","[{'term': 'preservatives', 'polarity': 'negative'}, {'term': 'food', 'polarity': 'negative'}]","[{'category': 'general', 'polarity': 'neutral'}]",1271
"Menus now adorn the selections, although there's still a large number of options.","Meat dishes now adorn the selections, although there's still a large number of vegetarian-friendly choices.","['Menus', 'options']","[{'term': 'Menus', 'polarity': 'neutral'}, {'term': 'options', 'polarity': 'positive'}]","[{'category': 'general', 'polarity': 'neutral'}]",1274
"photos now adorn the selections, although there's still a large number of options.","Meat dishes now adorn the selections, although there's still a large number of vegetarian-friendly choices.","['photos', 'options']","[{'term': 'photos', 'polarity': 'neutral'}, {'term': 'options', 'polarity': 'positive'}]","[{'category': 'general', 'polarity': 'neutral'}]",1275
"menus now now adorn the selections, although there's still a large number of options.","Meat dishes now adorn the selections, although there's still a large number of vegetarian-friendly choices.","['menus now', 'options']","[{'term': 'menus now', 'polarity': 'neutral'}, {'term': 'options', 'polarity': 'positive'}]","[{'category': 'general', 'polarity': 'neutral'}]",1276
"server was warm and attentive, service was exellent (huge portions) and ingredients was fresh and well-prepared.","Service was warm and attentive, beef carpaachio was exellent (huge portion) and pasta was fresh and well-prepared.","['server', 'service', 'portions', 'ingredients']","[{'term': 'server', 'polarity': 'positive'}, {'term': 'service', 'polarity': 'positive'}, {'term': 'portions', 'polarity': 'positive'}, {'term': 'ingredients', 'polarity': 'positive'}]","[{'category': 'general', 'polarity': 'neutral'}]",1278
"waiter was warm and attentive, service was exellent (huge portion) and ingredients was fresh and well-prepared.","Service was warm and attentive, beef carpaachio was exellent (huge portion) and pasta was fresh and well-prepared.","['waiter', 'service', 'portion', 'ingredients']","[{'term': 'waiter', 'polarity': 'positive'}, {'term': 'service', 'polarity': 'positive'}, {'term': 'portion', 'polarity': 'positive'}, {'term': 'ingredients', 'polarity': 'positive'}]","[{'category': 'general', 'polarity': 'neutral'}]",1279
"waiter was warm and attentive, food was exellent (huge portion) and dish was fresh and well-prepared.","Service was warm and attentive, beef carpaachio was exellent (huge portion) and pasta was fresh and well-prepared.","['waiter', 'food', 'portion', 'dish']","[{'term': 'waiter', 'polarity': 'positive'}, {'term': 'food', 'polarity': 'positive'}, {'term': 'portion', 'polarity': 'positive'}, {'term': 'dish', 'polarity': 'positive'}]","[{'category': 'general', 'polarity': 'neutral'}]",1280
"waiter was warm and attentive, service was exellent (huge steak) and food was fresh and well-prepared.","Service was warm and attentive, beef carpaachio was exellent (huge portion) and pasta was fresh and well-prepared.","['waiter', 'service', 'steak', 'food']","[{'term': 'waiter', 'polarity': 'positive'}, {'term': 'service', 'polarity': 'positive'}, {'term': 'steak', 'polarity': 'positive'}, {'term': 'food', 'polarity': 'positive'}]","[{'category': 'general', 'polarity': 'neutral'}]",1281
"waiter was warm and attentive, service was exellent (huge portion) and vegetables was fresh and well-prepared.","Service was warm and attentive, beef carpaachio was exellent (huge portion) and pasta was fresh and well-prepared.","['waiter', 'service', 'portion', 'vegetables']","[{'term': 'waiter', 'polarity': 'positive'}, {'term': 'service', 'polarity': 'positive'}, {'term': 'portion', 'polarity': 'positive'}, {'term': 'vegetables', 'polarity': 'positive'}]","[{'category': 'general', 'polarity': 'neutral'}]",1282
"server was warm and attentive, service was exellent (huge mussels) and fish was fresh and well-prepared.","Service was warm and attentive, beef carpaachio was exellent (huge portion) and pasta was fresh and well-prepared.","['server', 'service', 'mussels', 'fish']","[{'term': 'server', 'polarity': 'positive'}, {'term': 'service', 'polarity': 'positive'}, {'term': 'mussels', 'polarity': 'positive'}, {'term': 'fish', 'polarity': 'positive'}]","[{'category': 'general', 'polarity': 'neutral'}]",1283
"The waiter is thin, the ingredients are fresh and the host is friendly.","The crust is thin, the ingredients are fresh and the staff is friendly.","['waiter', 'ingredients', 'host']","[{'term': 'waiter', 'polarity': 'positive'}, {'term': 'ingredients', 'polarity': 'positive'}, {'term': 'host', 'polarity': 'positive'}]","[{'category': 'general', 'polarity': 'neutral'}]",1286
"The menu is thin, the ingredients are fresh and the staff is friendly.","The crust is thin, the ingredients are fresh and the staff is friendly.","['menu', 'ingredients', 'staff']","[{'term': 'menu', 'polarity': 'positive'}, {'term': 'ingredients', 'polarity': 'positive'}, {'term': 'staff', 'polarity': 'positive'}]","[{'category': 'general', 'polarity': 'neutral'}]",1287
"The waiter is thin, the ingredients are fresh and the hostess is friendly.","The crust is thin, the ingredients are fresh and the staff is friendly.","['waiter', 'ingredients', 'hostess']","[{'term': 'waiter', 'polarity': 'positive'}, {'term': 'ingredients', 'polarity': 'positive'}, {'term': 'hostess', 'polarity': 'positive'}]","[{'category': 'general', 'polarity': 'neutral'}]",1288
"The crust is thin, the veggies are fresh and the waiter is friendly.","The crust is thin, the ingredients are fresh and the staff is friendly.","['crust', 'veggies', 'waiter']","[{'term': 'crust', 'polarity': 'positive'}, {'term': 'veggies', 'polarity': 'positive'}, {'term': 'waiter', 'polarity': 'positive'}]","[{'category': 'general', 'polarity': 'neutral'}]",1289
The service was poor food and was over so badly it was hard.,The rice was poor quality and was cooked so badly it was hard.,"['service', 'food', 'over']","[{'term': 'service', 'polarity': 'negative'}, {'term': 'food', 'polarity': 'negative'}, {'term': 'over', 'polarity': 'negative'}]","[{'category': 'general', 'polarity': 'neutral'}]",1292
The service was poor food and was overcooked so badly it was hard.,The rice was poor quality and was cooked so badly it was hard.,"['service', 'food', 'overcooked']","[{'term': 'service', 'polarity': 'negative'}, {'term': 'food', 'polarity': 'negative'}, {'term': 'overcooked', 'polarity': 'negative'}]","[{'category': 'general', 'polarity': 'neutral'}]",1293
The service was poor food and was cooked so badly it was hard.,The rice was poor quality and was cooked so badly it was hard.,"['service', 'food', 'cooked']","[{'term': 'service', 'polarity': 'negative'}, {'term': 'food', 'polarity': 'negative'}, {'term': 'cooked', 'polarity': 'negative'}]","[{'category': 'general', 'polarity': 'neutral'}]",1295
"If your favorite restaurant is fine dining, then this is NOT your place.","If your favorite Chinese food is General Tao chicken, then this is NOT your place.","['restaurant', 'fine dining']","[{'term': 'restaurant', 'polarity': 'negative'}, {'term': 'fine dining', 'polarity': 'neutral'}]","[{'category': 'general', 'polarity': 'neutral'}]",1304
"If your favorite restaurant is Italian, then this is NOT your place.","If your favorite Chinese food is General Tao chicken, then this is NOT your place.","['restaurant', 'Italian']","[{'term': 'restaurant', 'polarity': 'negative'}, {'term': 'Italian', 'polarity': 'neutral'}]","[{'category': 'general', 'polarity': 'neutral'}]",1306
"For the prices, the menu items are very reasonable.","For the location, the prices are very reasonable.","['prices', 'menu items']","[{'term': 'prices', 'polarity': 'positive'}, {'term': 'menu items', 'polarity': 'neutral'}]","[{'category': 'general', 'polarity': 'neutral'}]",1312
"Haru serves very fresh sushi, has a trendy, modern decor, prime location on Park Avenue South and friendly staff.","Haru serves very fresh fish, has a trendy, modern ambiance, prime location on Park Avenue South and friendly service.","['sushi', 'decor', 'location', 'staff']","[{'term': 'sushi', 'polarity': 'positive'}, {'term': 'decor', 'polarity': 'positive'}, {'term': 'location', 'polarity': 'positive'}, {'term': 'staff', 'polarity': 'positive'}]","[{'category': 'general', 'polarity': 'neutral'}]",1315
"Haru serves very fresh seafood, has a trendy, modern interior, prime location on Park Avenue South and friendly staff.","Haru serves very fresh fish, has a trendy, modern ambiance, prime location on Park Avenue South and friendly service.","['seafood', 'interior', 'location', 'staff']","[{'term': 'seafood', 'polarity': 'positive'}, {'term': 'interior', 'polarity': 'positive'}, {'term': 'location', 'polarity': 'positive'}, {'term': 'staff', 'polarity': 'positive'}]","[{'category': 'general', 'polarity': 'neutral'}]",1318
The waiter had NO vegetarian options whatsoever.,The Singapore Mai Fun had NO curry flavor whatsoever.,"['waiter', 'vegetarian options']","[{'term': 'waiter', 'polarity': 'negative'}, {'term': 'vegetarian options', 'polarity': 'negative'}]","[{'category': 'general', 'polarity': 'neutral'}]",1320
The kitchen had NO utensils whatsoever.,The Singapore Mai Fun had NO curry flavor whatsoever.,"['kitchen', 'utensils']","[{'term': 'kitchen', 'polarity': 'negative'}, {'term': 'utensils', 'polarity': 'negative'}]","[{'category': 'general', 'polarity': 'neutral'}]",1321
This place must have funds the fortune afortune to build.,This place must have cost the owners afortune to build.,"['funds', 'fortune']","[{'term': 'funds', 'polarity': 'neutral'}, {'term': 'fortune', 'polarity': 'negative'}]","[{'category': 'general', 'polarity': 'neutral'}]",1332
This place must have fortune the a fortune afortune to build.,This place must have cost the owners afortune to build.,"['fortune', 'a fortune']","[{'term': 'fortune', 'polarity': 'neutral'}, {'term': 'a fortune', 'polarity': 'negative'}]","[{'category': 'general', 'polarity': 'neutral'}]",1333
This place must have money the such afortune to build.,This place must have cost the owners afortune to build.,"['money', 'such']","[{'term': 'money', 'polarity': 'neutral'}, {'term': 'such', 'polarity': 'negative'}]","[{'category': 'general', 'polarity': 'neutral'}]",1334
This place must have fortune the a small fortune afortune to build.,This place must have cost the owners afortune to build.,"['fortune', 'a small fortune']","[{'term': 'fortune', 'polarity': 'neutral'}, {'term': 'a small fortune', 'polarity': 'negative'}]","[{'category': 'general', 'polarity': 'neutral'}]",1336
This place must have lavish the fortune afortune to build.,This place must have cost the owners afortune to build.,"['lavish', 'fortune']","[{'term': 'lavish', 'polarity': 'neutral'}, {'term': 'fortune', 'polarity': 'negative'}]","[{'category': 'general', 'polarity': 'neutral'}]",1337
great place to go for a dinner too because they have 100 drinks.,great place to go for a drink too because they have 100 kinds of beer.,"['dinner', 'drinks']","[{'term': 'dinner', 'polarity': 'positive'}, {'term': 'drinks', 'polarity': 'neutral'}]","[{'category': 'general', 'polarity': 'neutral'}]",1338
The pasta seemed to have a wide variety for pasta enthusiasts lovers and interesting ways of preparing them.,The menu seemed to have a wide variety of dishes for seafood lovers and interesting ways of preparing them.,"['pasta', 'variety', 'pasta enthusiasts']","[{'term': 'pasta', 'polarity': 'positive'}, {'term': 'variety', 'polarity': 'positive'}, {'term': 'pasta enthusiasts', 'polarity': 'positive'}]","[{'category': 'general', 'polarity': 'neutral'}]",1344
The seafood seemed to have a wide variety for seafood lovers lovers and interesting ways of preparing them.,The menu seemed to have a wide variety of dishes for seafood lovers and interesting ways of preparing them.,"['seafood', 'variety', 'seafood lovers']","[{'term': 'seafood', 'polarity': 'positive'}, {'term': 'variety', 'polarity': 'positive'}, {'term': 'seafood lovers', 'polarity': 'positive'}]","[{'category': 'general', 'polarity': 'neutral'}]",1345
The menu seemed to have a wide selection for vegetarians lovers and interesting ways of preparing them.,The menu seemed to have a wide variety of dishes for seafood lovers and interesting ways of preparing them.,"['menu', 'selection', 'vegetarians']","[{'term': 'menu', 'polarity': 'positive'}, {'term': 'selection', 'polarity': 'positive'}, {'term': 'vegetarians', 'polarity': 'positive'}]","[{'category': 'general', 'polarity': 'neutral'}]",1346
The dishes seemed to have a wide range for seafood lovers and interesting ways of preparing them.,The menu seemed to have a wide variety of dishes for seafood lovers and interesting ways of preparing them.,"['dishes', 'range', 'seafood']","[{'term': 'dishes', 'polarity': 'positive'}, {'term': 'range', 'polarity': 'positive'}, {'term': 'seafood', 'polarity': 'positive'}]","[{'category': 'general', 'polarity': 'neutral'}]",1347
The Coffee seemed to have a wide variety for coffee lovers and interesting ways of preparing them.,The menu seemed to have a wide variety of dishes for seafood lovers and interesting ways of preparing them.,"['Coffee', 'variety', 'coffee']","[{'term': 'Coffee', 'polarity': 'positive'}, {'term': 'variety', 'polarity': 'positive'}, {'term': 'coffee', 'polarity': 'positive'}]","[{'category': 'general', 'polarity': 'neutral'}]",1348
The foodies seemed to have a wide menu for seafood lovers and interesting ways of preparing them.,The menu seemed to have a wide variety of dishes for seafood lovers and interesting ways of preparing them.,"['foodies', 'menu', 'seafood']","[{'term': 'foodies', 'polarity': 'positive'}, {'term': 'menu', 'polarity': 'positive'}, {'term': 'seafood', 'polarity': 'positive'}]","[{'category': 'general', 'polarity': 'neutral'}]",1349
my was unable to tear himself away from friends at the restaurant.,Bartender was unable to tear himself away from friends at bar.,"['my', 'the restaurant']","[{'term': 'my', 'polarity': 'negative'}, {'term': 'the restaurant', 'polarity': 'neutral'}]","[{'category': 'general', 'polarity': 'neutral'}]",1350
dinner was unable to tear himself away from friends at the restaurant.,Bartender was unable to tear himself away from friends at bar.,"['dinner', 'the restaurant']","[{'term': 'dinner', 'polarity': 'negative'}, {'term': 'the restaurant', 'polarity': 'neutral'}]","[{'category': 'general', 'polarity': 'neutral'}]",1351
his was unable to tear himself away from friends at the bar.,Bartender was unable to tear himself away from friends at bar.,"['his', 'the bar']","[{'term': 'his', 'polarity': 'negative'}, {'term': 'the bar', 'polarity': 'neutral'}]","[{'category': 'general', 'polarity': 'neutral'}]",1352
dinner was unable to tear himself away from friends at table.,Bartender was unable to tear himself away from friends at bar.,"['dinner', 'table']","[{'term': 'dinner', 'polarity': 'negative'}, {'term': 'table', 'polarity': 'neutral'}]","[{'category': 'general', 'polarity': 'neutral'}]",1353
colleague was unable to tear himself away from friends at table.,Bartender was unable to tear himself away from friends at bar.,"['colleague', 'table']","[{'term': 'colleague', 'polarity': 'negative'}, {'term': 'table', 'polarity': 'neutral'}]","[{'category': 'general', 'polarity': 'neutral'}]",1354
table was unable to tear himself away from friends at restaurant.,Bartender was unable to tear himself away from friends at bar.,"['table', 'restaurant']","[{'term': 'table', 'polarity': 'negative'}, {'term': 'restaurant', 'polarity': 'neutral'}]","[{'category': 'general', 'polarity': 'neutral'}]",1355
I would highly recommand requesting a table by the window.,I would highly recommand requesting a table by the window.,['table by the window'],"[{'term': 'table by the window', 'polarity': 'positive'}]","[{'category': 'general', 'polarity': 'neutral'}]",1361
(Always ask the server for the recommendations!!!,(Always ask the bartender for the SEASONAL beer!!!,"['server', 'recommendations']","[{'term': 'server', 'polarity': 'positive'}, {'term': 'recommendations', 'polarity': 'neutral'}]","[{'category': 'general', 'polarity': 'neutral'}]",1363
(Always ask the waiter for the menu!!!,(Always ask the bartender for the SEASONAL beer!!!,"['waiter', 'menu']","[{'term': 'waiter', 'polarity': 'positive'}, {'term': 'menu', 'polarity': 'neutral'}]","[{'category': 'general', 'polarity': 'neutral'}]",1366
"Although the neighboring restaurants may be closely situated, the prices, distance and quality overcompensate.","Although the tables may be closely situated, the candle-light, food-quality and service overcompensate.","['neighboring restaurants', 'prices', 'distance', 'quality']","[{'term': 'neighboring restaurants', 'polarity': 'positive'}, {'term': 'prices', 'polarity': 'positive'}, {'term': 'distance', 'polarity': 'positive'}, {'term': 'quality', 'polarity': 'negative'}]","[{'category': 'general', 'polarity': 'neutral'}]",1368
"Although the neighboring restaurants may be closely situated, the atmosphere, prices and portions overcompensate.","Although the tables may be closely situated, the candle-light, food-quality and service overcompensate.","['neighboring restaurants', 'atmosphere', 'prices', 'portions']","[{'term': 'neighboring restaurants', 'polarity': 'positive'}, {'term': 'atmosphere', 'polarity': 'positive'}, {'term': 'prices', 'polarity': 'positive'}, {'term': 'portions', 'polarity': 'negative'}]","[{'category': 'general', 'polarity': 'neutral'}]",1369
"Although the neighborhood may be closely situated, the atmosphere, food and prices overcompensate.","Although the tables may be closely situated, the candle-light, food-quality and service overcompensate.","['neighborhood', 'atmosphere', 'food', 'prices']","[{'term': 'neighborhood', 'polarity': 'positive'}, {'term': 'atmosphere', 'polarity': 'positive'}, {'term': 'food', 'polarity': 'positive'}, {'term': 'prices', 'polarity': 'negative'}]","[{'category': 'general', 'polarity': 'neutral'}]",1370
"Although the neighborhoods may be closely situated, the prices, food and service overcompensate.","Although the tables may be closely situated, the candle-light, food-quality and service overcompensate.","['neighborhoods', 'prices', 'food', 'service']","[{'term': 'neighborhoods', 'polarity': 'positive'}, {'term': 'prices', 'polarity': 'positive'}, {'term': 'food', 'polarity': 'positive'}, {'term': 'service', 'polarity': 'negative'}]","[{'category': 'general', 'polarity': 'neutral'}]",1371
"Although the restaurants may be closely situated, the prices, portions and quality overcompensate.","Although the tables may be closely situated, the candle-light, food-quality and service overcompensate.","['restaurants', 'prices', 'portions', 'quality']","[{'term': 'restaurants', 'polarity': 'positive'}, {'term': 'prices', 'polarity': 'positive'}, {'term': 'portions', 'polarity': 'positive'}, {'term': 'quality', 'polarity': 'negative'}]","[{'category': 'general', 'polarity': 'neutral'}]",1372
"Although the neighborhood may be closely situated, the atmosphere, prices and portions overcompensate.","Although the tables may be closely situated, the candle-light, food-quality and service overcompensate.","['neighborhood', 'atmosphere', 'prices', 'portions']","[{'term': 'neighborhood', 'polarity': 'positive'}, {'term': 'atmosphere', 'polarity': 'positive'}, {'term': 'prices', 'polarity': 'positive'}, {'term': 'portions', 'polarity': 'negative'}]","[{'category': 'general', 'polarity': 'neutral'}]",1373
When we were finally seated our server came by twice-1 for our order and 2-for our drink orders.,When we were finally seated our waitress came by twice-1 for our order and 2-for our check.,"['server', 'drink orders']","[{'term': 'server', 'polarity': 'negative'}, {'term': 'drink orders', 'polarity': 'neutral'}]","[{'category': 'general', 'polarity': 'neutral'}]",1386
When we were finally seated our waiter came by twice-1 for our order and 2-for our refill.,When we were finally seated our waitress came by twice-1 for our order and 2-for our check.,"['waiter', 'refill']","[{'term': 'waiter', 'polarity': 'negative'}, {'term': 'refill', 'polarity': 'neutral'}]","[{'category': 'general', 'polarity': 'neutral'}]",1389
When we were finally seated our server came by twice-1 for our order and 2-for our payment.,When we were finally seated our waitress came by twice-1 for our order and 2-for our check.,"['server', 'payment']","[{'term': 'server', 'polarity': 'negative'}, {'term': 'payment', 'polarity': 'neutral'}]","[{'category': 'general', 'polarity': 'neutral'}]",1390
When we were finally seated our waiter came by twice-1 for our order and 2-for our drinks.,When we were finally seated our waitress came by twice-1 for our order and 2-for our check.,"['waiter', 'drinks']","[{'term': 'waiter', 'polarity': 'negative'}, {'term': 'drinks', 'polarity': 'neutral'}]","[{'category': 'general', 'polarity': 'neutral'}]",1391
"It's the perfect restaurant for NY life style, it got cool trendy decor, awsome atmosphere and dining and lot's of good looking people eating and hanging at the pink booths...","It's the perfect restaurant for NY life style, it got cool design, awsome drinks and food and lot's of good looking people eating and hanging at the pink bar...","['trendy decor', 'atmosphere', 'dining', 'booths']","[{'term': 'trendy decor', 'polarity': 'positive'}, {'term': 'atmosphere', 'polarity': 'positive'}, {'term': 'dining', 'polarity': 'positive'}, {'term': 'booths', 'polarity': 'neutral'}]","[{'category': 'general', 'polarity': 'neutral'}]",1392
"It's the perfect restaurant for NY life style, it got cool decor, awsome atmosphere and tables and lot's of good looking people eating and hanging at the pink restaurant...","It's the perfect restaurant for NY life style, it got cool design, awsome drinks and food and lot's of good looking people eating and hanging at the pink bar...","['decor', 'atmosphere', 'tables', 'restaurant']","[{'term': 'decor', 'polarity': 'positive'}, {'term': 'atmosphere', 'polarity': 'positive'}, {'term': 'tables', 'polarity': 'positive'}, {'term': 'restaurant', 'polarity': 'neutral'}]","[{'category': 'general', 'polarity': 'neutral'}]",1393
"It's the perfect restaurant for NY life style, it got cool decor, awsome waitstaff and food and lot's of good looking people eating and hanging at the pink booths...","It's the perfect restaurant for NY life style, it got cool design, awsome drinks and food and lot's of good looking people eating and hanging at the pink bar...","['decor', 'waitstaff', 'food', 'booths']","[{'term': 'decor', 'polarity': 'positive'}, {'term': 'waitstaff', 'polarity': 'positive'}, {'term': 'food', 'polarity': 'positive'}, {'term': 'booths', 'polarity': 'neutral'}]","[{'category': 'general', 'polarity': 'neutral'}]",1394
"It's the perfect restaurant for NY life style, it got cool vibes, awsome decor and food and lot's of good looking people eating and hanging at the pink dining area...","It's the perfect restaurant for NY life style, it got cool design, awsome drinks and food and lot's of good looking people eating and hanging at the pink bar...","['vibes', 'decor', 'food', 'dining area']","[{'term': 'vibes', 'polarity': 'positive'}, {'term': 'decor', 'polarity': 'positive'}, {'term': 'food', 'polarity': 'positive'}, {'term': 'dining area', 'polarity': 'neutral'}]","[{'category': 'general', 'polarity': 'neutral'}]",1395
"It's the perfect restaurant for NY life style, it got cool trendy decor, awsome music and atmosphere and lot's of good looking people eating and hanging at the pink tables...","It's the perfect restaurant for NY life style, it got cool design, awsome drinks and food and lot's of good looking people eating and hanging at the pink bar...","['trendy decor', 'music', 'atmosphere', 'tables']","[{'term': 'trendy decor', 'polarity': 'positive'}, {'term': 'music', 'polarity': 'positive'}, {'term': 'atmosphere', 'polarity': 'positive'}, {'term': 'tables', 'polarity': 'neutral'}]","[{'category': 'general', 'polarity': 'neutral'}]",1396
"It's the perfect restaurant for NY life style, it got cool decor, awsome staff and atmosphere and lot's of good looking people eating and hanging at the pink tables...","It's the perfect restaurant for NY life style, it got cool design, awsome drinks and food and lot's of good looking people eating and hanging at the pink bar...","['decor', 'staff', 'atmosphere', 'tables']","[{'term': 'decor', 'polarity': 'positive'}, {'term': 'staff', 'polarity': 'positive'}, {'term': 'atmosphere', 'polarity': 'positive'}, {'term': 'tables', 'polarity': 'neutral'}]","[{'category': 'general', 'polarity': 'neutral'}]",1397
"but when we looked at the menu, there weren't a lot of choices, most of them were pre-fixe in the fine dining section.","but when we looked at the menu, there weren't a lot of choices, most of them were dumplings in the appetizer section.","['menu', 'pre-fixe', 'fine dining']","[{'term': 'menu', 'polarity': 'negative'}, {'term': 'pre-fixe', 'polarity': 'neutral'}, {'term': 'fine dining', 'polarity': 'negative'}]","[{'category': 'general', 'polarity': 'neutral'}]",1410
"but when we looked at the options, there weren't a lot of choices, most of them were unappetizing in the dining section.","but when we looked at the menu, there weren't a lot of choices, most of them were dumplings in the appetizer section.","['options', 'unappetizing', 'dining']","[{'term': 'options', 'polarity': 'negative'}, {'term': 'unappetizing', 'polarity': 'neutral'}, {'term': 'dining', 'polarity': 'negative'}]","[{'category': 'general', 'polarity': 'neutral'}]",1411
"but when we looked at the options, there weren't a lot of choices, most of them were expensive in the fine dining section.","but when we looked at the menu, there weren't a lot of choices, most of them were dumplings in the appetizer section.","['options', 'expensive', 'fine dining']","[{'term': 'options', 'polarity': 'negative'}, {'term': 'expensive', 'polarity': 'neutral'}, {'term': 'fine dining', 'polarity': 'negative'}]","[{'category': 'general', 'polarity': 'neutral'}]",1412
"but when we looked at the menu, there weren't a lot of choices, most of them were uninspiring in the vegetarian section.","but when we looked at the menu, there weren't a lot of choices, most of them were dumplings in the appetizer section.","['menu', 'uninspiring', 'vegetarian']","[{'term': 'menu', 'polarity': 'negative'}, {'term': 'uninspiring', 'polarity': 'neutral'}, {'term': 'vegetarian', 'polarity': 'negative'}]","[{'category': 'general', 'polarity': 'neutral'}]",1413
"but when we looked at the menu, there weren't a lot of choices, most of them were expensive in the fine dining section.","but when we looked at the menu, there weren't a lot of choices, most of them were dumplings in the appetizer section.","['menu', 'expensive', 'fine dining']","[{'term': 'menu', 'polarity': 'negative'}, {'term': 'expensive', 'polarity': 'neutral'}, {'term': 'fine dining', 'polarity': 'negative'}]","[{'category': 'general', 'polarity': 'neutral'}]",1414
"but when we looked at the menu, there weren't a lot of choices, most of them were chain in the fine dining section.","but when we looked at the menu, there weren't a lot of choices, most of them were dumplings in the appetizer section.","['menu', 'chain', 'fine dining']","[{'term': 'menu', 'polarity': 'negative'}, {'term': 'chain', 'polarity': 'neutral'}, {'term': 'fine dining', 'polarity': 'negative'}]","[{'category': 'general', 'polarity': 'neutral'}]",1415
The cuisine is very well stocked with interesting wines and well curated selection.,The bar is very well stocked with interesting beers and well priced wines.,"['cuisine', 'wines', 'curated', 'selection']","[{'term': 'cuisine', 'polarity': 'positive'}, {'term': 'wines', 'polarity': 'positive'}, {'term': 'curated', 'polarity': 'positive'}, {'term': 'selection', 'polarity': 'positive'}]","[{'category': 'general', 'polarity': 'neutral'}]",1416
The restaurant is very well stocked with interesting dishes and well prepared food.,The bar is very well stocked with interesting beers and well priced wines.,"['restaurant', 'dishes', 'prepared', 'food']","[{'term': 'restaurant', 'polarity': 'positive'}, {'term': 'dishes', 'polarity': 'positive'}, {'term': 'prepared', 'polarity': 'positive'}, {'term': 'food', 'polarity': 'positive'}]","[{'category': 'general', 'polarity': 'neutral'}]",1417
The products is very well stocked with interesting wines and well organized shelves.,The bar is very well stocked with interesting beers and well priced wines.,"['products', 'wines', 'organized', 'shelves']","[{'term': 'products', 'polarity': 'positive'}, {'term': 'wines', 'polarity': 'positive'}, {'term': 'organized', 'polarity': 'positive'}, {'term': 'shelves', 'polarity': 'positive'}]","[{'category': 'general', 'polarity': 'neutral'}]",1418
The kitchen is very well stocked with interesting wines and well organized products.,The bar is very well stocked with interesting beers and well priced wines.,"['kitchen', 'wines', 'organized', 'products']","[{'term': 'kitchen', 'polarity': 'positive'}, {'term': 'wines', 'polarity': 'positive'}, {'term': 'organized', 'polarity': 'positive'}, {'term': 'products', 'polarity': 'positive'}]","[{'category': 'general', 'polarity': 'neutral'}]",1419
The pantry is very well stocked with interesting specialties and well organized ingredients.,The bar is very well stocked with interesting beers and well priced wines.,"['pantry', 'specialties', 'organized', 'ingredients']","[{'term': 'pantry', 'polarity': 'positive'}, {'term': 'specialties', 'polarity': 'positive'}, {'term': 'organized', 'polarity': 'positive'}, {'term': 'ingredients', 'polarity': 'positive'}]","[{'category': 'general', 'polarity': 'neutral'}]",1420
The grocery is very well stocked with interesting products and well organized aisles.,The bar is very well stocked with interesting beers and well priced wines.,"['grocery', 'products', 'organized', 'aisles']","[{'term': 'grocery', 'polarity': 'positive'}, {'term': 'products', 'polarity': 'positive'}, {'term': 'organized', 'polarity': 'positive'}, {'term': 'aisles', 'polarity': 'positive'}]","[{'category': 'general', 'polarity': 'neutral'}]",1421
But they've done a really nice job of offering all the typical pizzeria faves plus some terrific dishes like the specials.,But they've done a really nice job of offering all the typical pizzeria faves plus some terrific specials like the Godmother pizza (a sort of traditional flat pizza with an olive oil-brushed crust and less tomato sauce than usual).,"['dishes', 'specials']","[{'term': 'dishes', 'polarity': 'positive'}, {'term': 'specials', 'polarity': 'positive'}]","[{'category': 'general', 'polarity': 'neutral'}]",1422
But they've done a really nice job of offering all the typical pizzeria faves plus some terrific dishes like the appetizers.,But they've done a really nice job of offering all the typical pizzeria faves plus some terrific specials like the Godmother pizza (a sort of traditional flat pizza with an olive oil-brushed crust and less tomato sauce than usual).,"['dishes', 'appetizers']","[{'term': 'dishes', 'polarity': 'positive'}, {'term': 'appetizers', 'polarity': 'positive'}]","[{'category': 'general', 'polarity': 'neutral'}]",1423
But they've done a really nice job of offering all the typical pizzeria faves plus some terrific pastas like the appetizers.,But they've done a really nice job of offering all the typical pizzeria faves plus some terrific specials like the Godmother pizza (a sort of traditional flat pizza with an olive oil-brushed crust and less tomato sauce than usual).,"['pastas', 'appetizers']","[{'term': 'pastas', 'polarity': 'positive'}, {'term': 'appetizers', 'polarity': 'positive'}]","[{'category': 'general', 'polarity': 'neutral'}]",1426
Try the ice cream with 2 scoops of flavors.,Try the chocolate mud cake (warmed) with 2 scoops of dulce de leche gelato.,"['ice cream', 'flavors']","[{'term': 'ice cream', 'polarity': 'positive'}, {'term': 'flavors', 'polarity': 'positive'}]","[{'category': 'general', 'polarity': 'neutral'}]",1432
"While the new restaurant still features much of the same menu that made Tiffin so attractive, the decor has been overhauled.","While the new restaurant still features much of the same classical furniture that made Tiffin so attractive, the menu has been overhauled.","['menu', 'decor']","[{'term': 'menu', 'polarity': 'positive'}, {'term': 'decor', 'polarity': 'negative'}]","[{'category': 'general', 'polarity': 'neutral'}]",1434
"While the new restaurant still features much of the same interior that made Tiffin so attractive, the decor has been overhauled.","While the new restaurant still features much of the same classical furniture that made Tiffin so attractive, the menu has been overhauled.","['interior', 'decor']","[{'term': 'interior', 'polarity': 'positive'}, {'term': 'decor', 'polarity': 'negative'}]","[{'category': 'general', 'polarity': 'neutral'}]",1436
"While the new restaurant still features much of the same interior that made Tiffin so attractive, the menu has been overhauled.","While the new restaurant still features much of the same classical furniture that made Tiffin so attractive, the menu has been overhauled.","['interior', 'menu']","[{'term': 'interior', 'polarity': 'positive'}, {'term': 'menu', 'polarity': 'negative'}]","[{'category': 'general', 'polarity': 'neutral'}]",1437
"While the new restaurant still features much of the same menu that made Tiffin so attractive, the interior has been overhauled.","While the new restaurant still features much of the same classical furniture that made Tiffin so attractive, the menu has been overhauled.","['menu', 'interior']","[{'term': 'menu', 'polarity': 'positive'}, {'term': 'interior', 'polarity': 'negative'}]","[{'category': 'general', 'polarity': 'neutral'}]",1439
Thius is a must for anyone who loves seafood.,Thius is a must for anyone who loves Shabu-Shabu.,['seafood'],"[{'term': 'seafood', 'polarity': 'positive'}]","[{'category': 'general', 'polarity': 'neutral'}]",1442
"We only ordered drinks and coffee, but no refills were offered.","We only ordered desserts and drinks, but no refills were offered.","['drinks', 'coffee']","[{'term': 'drinks', 'polarity': 'neutral'}, {'term': 'coffee', 'polarity': 'neutral'}]","[{'category': 'general', 'polarity': 'neutral'}]",1447
"the real kicker of the prices, however, is the atmosphere or the service.","the real kicker of the menu, however, is the beef cubes or the chicken with chili and lemon grass.","['prices', 'atmosphere', 'service']","[{'term': 'prices', 'polarity': 'neutral'}, {'term': 'atmosphere', 'polarity': 'positive'}, {'term': 'service', 'polarity': 'positive'}]","[{'category': 'general', 'polarity': 'neutral'}]",1452
"the real kicker of the ambiance, however, is the ambiance or the music.","the real kicker of the menu, however, is the beef cubes or the chicken with chili and lemon grass.","['ambiance', 'ambiance', 'music']","[{'term': 'ambiance', 'polarity': 'neutral'}, {'term': 'ambiance', 'polarity': 'positive'}, {'term': 'music', 'polarity': 'positive'}]","[{'category': 'general', 'polarity': 'neutral'}]",1453
"the real kicker of the ambiance, however, is the prices or the portion.","the real kicker of the menu, however, is the beef cubes or the chicken with chili and lemon grass.","['ambiance', 'prices', 'portion']","[{'term': 'ambiance', 'polarity': 'neutral'}, {'term': 'prices', 'polarity': 'positive'}, {'term': 'portion', 'polarity': 'positive'}]","[{'category': 'general', 'polarity': 'neutral'}]",1454
"the real kicker of the ambiance, however, is the ambiance or the atmosphere.","the real kicker of the menu, however, is the beef cubes or the chicken with chili and lemon grass.","['ambiance', 'ambiance', 'atmosphere']","[{'term': 'ambiance', 'polarity': 'neutral'}, {'term': 'ambiance', 'polarity': 'positive'}, {'term': 'atmosphere', 'polarity': 'positive'}]","[{'category': 'general', 'polarity': 'neutral'}]",1455
"the real kicker of the ambiance, however, is the service or the price.","the real kicker of the menu, however, is the beef cubes or the chicken with chili and lemon grass.","['ambiance', 'service', 'price']","[{'term': 'ambiance', 'polarity': 'neutral'}, {'term': 'service', 'polarity': 'positive'}, {'term': 'price', 'polarity': 'positive'}]","[{'category': 'general', 'polarity': 'neutral'}]",1456
"the real kicker of the prices, however, is the ambiance or the service.","the real kicker of the menu, however, is the beef cubes or the chicken with chili and lemon grass.","['prices', 'ambiance', 'service']","[{'term': 'prices', 'polarity': 'neutral'}, {'term': 'ambiance', 'polarity': 'positive'}, {'term': 'service', 'polarity': 'positive'}]","[{'category': 'general', 'polarity': 'neutral'}]",1457
"Considering their price of $6.25 for meal, the portion was ridiculously small.","Considering their price of $6.25 for lunch special, the dish was ridiculously small.","['price', 'meal', 'portion']","[{'term': 'price', 'polarity': 'negative'}, {'term': 'meal', 'polarity': 'negative'}, {'term': 'portion', 'polarity': 'negative'}]","[{'category': 'general', 'polarity': 'neutral'}]",1470
"Considering their portion of $6.25 for appetizer, the portion was ridiculously small.","Considering their price of $6.25 for lunch special, the dish was ridiculously small.","['portion', 'appetizer', 'portion']","[{'term': 'portion', 'polarity': 'negative'}, {'term': 'appetizer', 'polarity': 'negative'}, {'term': 'portion', 'polarity': 'negative'}]","[{'category': 'general', 'polarity': 'neutral'}]",1472
"Considering their portion of $6.25 for price, the sandwich was ridiculously small.","Considering their price of $6.25 for lunch special, the dish was ridiculously small.","['portion', 'price', 'sandwich']","[{'term': 'portion', 'polarity': 'negative'}, {'term': 'price', 'polarity': 'negative'}, {'term': 'sandwich', 'polarity': 'negative'}]","[{'category': 'general', 'polarity': 'neutral'}]",1475
"The cracker that I ordered was as thin as water and aside from the poorly seasoned that I ordered in it, they graciously provided me with ONE piece of poorly cooked vegetable.","The mussaman curry that I ordered was as thin as water and aside from the poorly fried tofu that I ordered in it, they graciously provided me with ONE piece of poorly cooked potato.","['cracker', 'seasoned', 'vegetable']","[{'term': 'cracker', 'polarity': 'negative'}, {'term': 'seasoned', 'polarity': 'negative'}, {'term': 'vegetable', 'polarity': 'negative'}]","[{'category': 'general', 'polarity': 'neutral'}]",1476
"The napkin that I ordered was as thin as water and aside from the poorly seasoned that I ordered in it, they graciously provided me with ONE piece of poorly cooked asparagus.","The mussaman curry that I ordered was as thin as water and aside from the poorly fried tofu that I ordered in it, they graciously provided me with ONE piece of poorly cooked potato.","['napkin', 'seasoned', 'asparagus']","[{'term': 'napkin', 'polarity': 'negative'}, {'term': 'seasoned', 'polarity': 'negative'}, {'term': 'asparagus', 'polarity': 'negative'}]","[{'category': 'general', 'polarity': 'neutral'}]",1477
"The soup that I ordered was as thin as water and aside from the poorly seasoning that I ordered in it, they graciously provided me with ONE piece of poorly cooked asparagus.","The mussaman curry that I ordered was as thin as water and aside from the poorly fried tofu that I ordered in it, they graciously provided me with ONE piece of poorly cooked potato.","['soup', 'seasoning', 'asparagus']","[{'term': 'soup', 'polarity': 'negative'}, {'term': 'seasoning', 'polarity': 'negative'}, {'term': 'asparagus', 'polarity': 'negative'}]","[{'category': 'general', 'polarity': 'neutral'}]",1478
"The crust that I ordered was as thin as water and aside from the poorly seasoned that I ordered in it, they graciously provided me with ONE piece of poorly cooked bacon.","The mussaman curry that I ordered was as thin as water and aside from the poorly fried tofu that I ordered in it, they graciously provided me with ONE piece of poorly cooked potato.","['crust', 'seasoned', 'bacon']","[{'term': 'crust', 'polarity': 'negative'}, {'term': 'seasoned', 'polarity': 'negative'}, {'term': 'bacon', 'polarity': 'negative'}]","[{'category': 'general', 'polarity': 'neutral'}]",1479
"The cracker that I ordered was as thin as water and aside from the poorly seasoned that I ordered in it, they graciously provided me with ONE piece of poorly cooked bread.","The mussaman curry that I ordered was as thin as water and aside from the poorly fried tofu that I ordered in it, they graciously provided me with ONE piece of poorly cooked potato.","['cracker', 'seasoned', 'bread']","[{'term': 'cracker', 'polarity': 'negative'}, {'term': 'seasoned', 'polarity': 'negative'}, {'term': 'bread', 'polarity': 'negative'}]","[{'category': 'general', 'polarity': 'neutral'}]",1480
"The crust that I ordered was as thin as water and aside from the poorly seasoned that I ordered in it, they graciously provided me with ONE piece of poorly cooked asparagus.","The mussaman curry that I ordered was as thin as water and aside from the poorly fried tofu that I ordered in it, they graciously provided me with ONE piece of poorly cooked potato.","['crust', 'seasoned', 'asparagus']","[{'term': 'crust', 'polarity': 'negative'}, {'term': 'seasoned', 'polarity': 'negative'}, {'term': 'asparagus', 'polarity': 'negative'}]","[{'category': 'general', 'polarity': 'neutral'}]",1481
"Had 1 meals, 2 appetizers and 2 entrees and the bill was ~$55.00, not including tip.","Had 1 appetizer, 2 entrees and 2 cokes and the bill was ~$55.00, not including tip.","['meals', 'appetizers', 'entrees', 'bill']","[{'term': 'meals', 'polarity': 'neutral'}, {'term': 'appetizers', 'polarity': 'neutral'}, {'term': 'entrees', 'polarity': 'neutral'}, {'term': 'bill', 'polarity': 'neutral'}]","[{'category': 'general', 'polarity': 'neutral'}]",1482
"Had 1 main, 2 appetizers and 2 entrees and the bill was ~$55.00, not including tip.","Had 1 appetizer, 2 entrees and 2 cokes and the bill was ~$55.00, not including tip.","['main', 'appetizers', 'entrees', 'bill']","[{'term': 'main', 'polarity': 'neutral'}, {'term': 'appetizers', 'polarity': 'neutral'}, {'term': 'entrees', 'polarity': 'neutral'}, {'term': 'bill', 'polarity': 'neutral'}]","[{'category': 'general', 'polarity': 'neutral'}]",1483
"Had 1 appetizers, 2 entrees and 2 sides and the total was ~$55.00, not including tip.","Had 1 appetizer, 2 entrees and 2 cokes and the bill was ~$55.00, not including tip.","['appetizers', 'entrees', 'sides', 'total']","[{'term': 'appetizers', 'polarity': 'neutral'}, {'term': 'entrees', 'polarity': 'neutral'}, {'term': 'sides', 'polarity': 'neutral'}, {'term': 'total', 'polarity': 'neutral'}]","[{'category': 'general', 'polarity': 'neutral'}]",1484
"Had 1 appetizers, 2 entrees and 2 entrees and the bill was ~$55.00, not including tip.","Had 1 appetizer, 2 entrees and 2 cokes and the bill was ~$55.00, not including tip.","['appetizers', 'entrees', 'entrees', 'bill']","[{'term': 'appetizers', 'polarity': 'neutral'}, {'term': 'entrees', 'polarity': 'neutral'}, {'term': 'entrees', 'polarity': 'neutral'}, {'term': 'bill', 'polarity': 'neutral'}]","[{'category': 'general', 'polarity': 'neutral'}]",1485
"Had 1 entrees, 2 appetizers and 2 sides and the total was ~$55.00, not including tip.","Had 1 appetizer, 2 entrees and 2 cokes and the bill was ~$55.00, not including tip.","['entrees', 'appetizers', 'sides', 'total']","[{'term': 'entrees', 'polarity': 'neutral'}, {'term': 'appetizers', 'polarity': 'neutral'}, {'term': 'sides', 'polarity': 'neutral'}, {'term': 'total', 'polarity': 'neutral'}]","[{'category': 'general', 'polarity': 'neutral'}]",1486
"Had 1 entrees, 2 appetizers and 2 drinks and the bill was ~$55.00, not including tip.","Had 1 appetizer, 2 entrees and 2 cokes and the bill was ~$55.00, not including tip.","['entrees', 'appetizers', 'drinks', 'bill']","[{'term': 'entrees', 'polarity': 'neutral'}, {'term': 'appetizers', 'polarity': 'neutral'}, {'term': 'drinks', 'polarity': 'neutral'}, {'term': 'bill', 'polarity': 'neutral'}]","[{'category': 'general', 'polarity': 'neutral'}]",1487
"You don't go to Mizu for excellent sushi, you go for the large amounts of wasabi, the amiable atmosphere, and the hole-in-the-wall feeling of the place.","You don't go to Mizu for excellent service, you go for the large amounts of food, the amiable atmosphere, and the hole-in-the-wall feeling of the place.","['sushi', 'wasabi', 'atmosphere']","[{'term': 'sushi', 'polarity': 'negative'}, {'term': 'wasabi', 'polarity': 'positive'}, {'term': 'atmosphere', 'polarity': 'positive'}]","[{'category': 'general', 'polarity': 'neutral'}]",1494
"You don't go to Mizu for excellent sushi, you go for the large amounts of sashimi, the amiable atmosphere, and the hole-in-the-wall feeling of the place.","You don't go to Mizu for excellent service, you go for the large amounts of food, the amiable atmosphere, and the hole-in-the-wall feeling of the place.","['sushi', 'sashimi', 'atmosphere']","[{'term': 'sushi', 'polarity': 'negative'}, {'term': 'sashimi', 'polarity': 'positive'}, {'term': 'atmosphere', 'polarity': 'positive'}]","[{'category': 'general', 'polarity': 'neutral'}]",1495
"You don't go to Mizu for excellent cuisine, you go for the large amounts of beer, the amiable atmosphere, and the hole-in-the-wall feeling of the place.","You don't go to Mizu for excellent service, you go for the large amounts of food, the amiable atmosphere, and the hole-in-the-wall feeling of the place.","['cuisine', 'beer', 'atmosphere']","[{'term': 'cuisine', 'polarity': 'negative'}, {'term': 'beer', 'polarity': 'positive'}, {'term': 'atmosphere', 'polarity': 'positive'}]","[{'category': 'general', 'polarity': 'neutral'}]",1496
"You don't go to Mizu for excellent sushi, you go for the large amounts of water, the amiable atmosphere, and the hole-in-the-wall feeling of the place.","You don't go to Mizu for excellent service, you go for the large amounts of food, the amiable atmosphere, and the hole-in-the-wall feeling of the place.","['sushi', 'water', 'atmosphere']","[{'term': 'sushi', 'polarity': 'negative'}, {'term': 'water', 'polarity': 'positive'}, {'term': 'atmosphere', 'polarity': 'positive'}]","[{'category': 'general', 'polarity': 'neutral'}]",1497
"You don't go to Mizu for excellent cuisine, you go for the large amounts of sushi, the amiable atmosphere, and the hole-in-the-wall feeling of the place.","You don't go to Mizu for excellent service, you go for the large amounts of food, the amiable atmosphere, and the hole-in-the-wall feeling of the place.","['cuisine', 'sushi', 'atmosphere']","[{'term': 'cuisine', 'polarity': 'negative'}, {'term': 'sushi', 'polarity': 'positive'}, {'term': 'atmosphere', 'polarity': 'positive'}]","[{'category': 'general', 'polarity': 'neutral'}]",1498
"Nice restaurant, nice little cafe, good servicetender, Francois, and good waiter.","Nice ambiance, nice little bar, good bartender, Francois, and good service.","['restaurant', 'cafe', 'service', 'waiter']","[{'term': 'restaurant', 'polarity': 'positive'}, {'term': 'cafe', 'polarity': 'positive'}, {'term': 'service', 'polarity': 'positive'}, {'term': 'waiter', 'polarity': 'positive'}]","[{'category': 'general', 'polarity': 'neutral'}]",1500
"Nice ambiance, nice little restaurant, good servicetender, Francois, and good steak.","Nice ambiance, nice little bar, good bartender, Francois, and good service.","['ambiance', 'restaurant', 'service', 'steak']","[{'term': 'ambiance', 'polarity': 'positive'}, {'term': 'restaurant', 'polarity': 'positive'}, {'term': 'service', 'polarity': 'positive'}, {'term': 'steak', 'polarity': 'positive'}]","[{'category': 'general', 'polarity': 'neutral'}]",1501
"Nice restaurant, nice little place, good foodtender, Francois, and good service.","Nice ambiance, nice little bar, good bartender, Francois, and good service.","['restaurant', 'place', 'food', 'service']","[{'term': 'restaurant', 'polarity': 'positive'}, {'term': 'place', 'polarity': 'positive'}, {'term': 'food', 'polarity': 'positive'}, {'term': 'service', 'polarity': 'positive'}]","[{'category': 'general', 'polarity': 'neutral'}]",1502
"Nice waiter, nice little restaurant, good steaktender, Francois, and good server.","Nice ambiance, nice little bar, good bartender, Francois, and good service.","['waiter', 'restaurant', 'steak', 'server']","[{'term': 'waiter', 'polarity': 'positive'}, {'term': 'restaurant', 'polarity': 'positive'}, {'term': 'steak', 'polarity': 'positive'}, {'term': 'server', 'polarity': 'positive'}]","[{'category': 'general', 'polarity': 'neutral'}]",1503
"Nice restaurant, nice little place, good steaktender, Francois, and good service.","Nice ambiance, nice little bar, good bartender, Francois, and good service.","['restaurant', 'place', 'steak', 'service']","[{'term': 'restaurant', 'polarity': 'positive'}, {'term': 'place', 'polarity': 'positive'}, {'term': 'steak', 'polarity': 'positive'}, {'term': 'service', 'polarity': 'positive'}]","[{'category': 'general', 'polarity': 'neutral'}]",1504
"Nice restaurant, nice little place, good steaktender, Francois, and good wine.","Nice ambiance, nice little bar, good bartender, Francois, and good service.","['restaurant', 'place', 'steak', 'wine']","[{'term': 'restaurant', 'polarity': 'positive'}, {'term': 'place', 'polarity': 'positive'}, {'term': 'steak', 'polarity': 'positive'}, {'term': 'wine', 'polarity': 'positive'}]","[{'category': 'general', 'polarity': 'neutral'}]",1505
"I love when restaurants think using fancy expensive cutlery makes the dining fine dining, even with no idea how to use them.","I love when restaurants think using fancy expensive ingrediants makes the food fine cuisine, even with no idea how to use them.","['cutlery', 'dining', 'dining']","[{'term': 'cutlery', 'polarity': 'positive'}, {'term': 'dining', 'polarity': 'positive'}, {'term': 'dining', 'polarity': 'positive'}]","[{'category': 'general', 'polarity': 'neutral'}]",1513
"I love when restaurants think using fancy expensive equipment makes the dishes fine dining, even with no idea how to use them.","I love when restaurants think using fancy expensive ingrediants makes the food fine cuisine, even with no idea how to use them.","['equipment', 'dishes', 'dining']","[{'term': 'equipment', 'polarity': 'positive'}, {'term': 'dishes', 'polarity': 'positive'}, {'term': 'dining', 'polarity': 'positive'}]","[{'category': 'general', 'polarity': 'neutral'}]",1515
"Despite the fact that the tables is large, they've overcrowded the floor with tables and chairs.","Despite the fact that the space is large, they've overcrowded the floor with tables.","['tables', 'tables and chairs']","[{'term': 'tables', 'polarity': 'positive'}, {'term': 'tables and chairs', 'polarity': 'negative'}]","[{'category': 'general', 'polarity': 'neutral'}]",1518
"Do not get the wings, no matter what the reviews say.","Do not get the Go Go Hamburgers, no matter what the reviews say.",['wings'],"[{'term': 'wings', 'polarity': 'negative'}]","[{'category': 'general', 'polarity': 'neutral'}]",1549
"Do not get the rating, no matter what the reviews say.","Do not get the Go Go Hamburgers, no matter what the reviews say.",['rating'],"[{'term': 'rating', 'polarity': 'negative'}]","[{'category': 'general', 'polarity': 'neutral'}]",1553
"One of my favorites though was the dish, a lobster that was magnificent.","One of my favorites though was the Angry Lobster, a cold lobster salad that was magnificent.","['dish', 'lobster']","[{'term': 'dish', 'polarity': 'positive'}, {'term': 'lobster', 'polarity': 'positive'}]","[{'category': 'general', 'polarity': 'neutral'}]",1554
"One of my favorites though was the dish, a dish that that was magnificent.","One of my favorites though was the Angry Lobster, a cold lobster salad that was magnificent.","['dish', 'dish that']","[{'term': 'dish', 'polarity': 'positive'}, {'term': 'dish that', 'polarity': 'positive'}]","[{'category': 'general', 'polarity': 'neutral'}]",1558
"Dip the bread in with your fingers, swirl them around, and eat.","Dip the ingredients in with your chopsticks, swirl them around, and eat.","['bread', 'fingers']","[{'term': 'bread', 'polarity': 'neutral'}, {'term': 'fingers', 'polarity': 'neutral'}]","[{'category': 'general', 'polarity': 'neutral'}]",1566
"Dip the breadsticks in with your fork, swirl them around, and eat.","Dip the ingredients in with your chopsticks, swirl them around, and eat.","['breadsticks', 'fork']","[{'term': 'breadsticks', 'polarity': 'neutral'}, {'term': 'fork', 'polarity': 'neutral'}]","[{'category': 'general', 'polarity': 'neutral'}]",1567
"Dip the bread in with your focaccia, swirl them around, and eat.","Dip the ingredients in with your chopsticks, swirl them around, and eat.","['bread', 'focaccia']","[{'term': 'bread', 'polarity': 'neutral'}, {'term': 'focaccia', 'polarity': 'neutral'}]","[{'category': 'general', 'polarity': 'neutral'}]",1568
I also ordereded for dessert and the restaurant forgot half the [MASK].,I also ordered for delivery and the restaurant forgot half the order.,"['ordered', 'dessert']","[{'term': 'ordered', 'polarity': 'negative'}, {'term': 'dessert', 'polarity': 'negative'}]","[{'category': 'general', 'polarity': 'neutral'}]",1573
I also ordereded for my order and the restaurant forgot half the [MASK].,I also ordered for delivery and the restaurant forgot half the order.,"['ordered', 'my order']","[{'term': 'ordered', 'polarity': 'negative'}, {'term': 'my order', 'polarity': 'negative'}]","[{'category': 'general', 'polarity': 'neutral'}]",1574
They have authentic Mexican at amazin Mexican food.,They have authentic Indian at amazin prices.,"['Mexican', 'Mexican food']","[{'term': 'Mexican', 'polarity': 'positive'}, {'term': 'Mexican food', 'polarity': 'positive'}]","[{'category': 'general', 'polarity': 'neutral'}]",1584
They have authentic Mexican at amazin Italian.,They have authentic Indian at amazin prices.,"['Mexican', 'Italian']","[{'term': 'Mexican', 'polarity': 'positive'}, {'term': 'Italian', 'polarity': 'positive'}]","[{'category': 'general', 'polarity': 'neutral'}]",1587
They have authentic dishes at amazin dining.,They have authentic Indian at amazin prices.,"['dishes', 'dining']","[{'term': 'dishes', 'polarity': 'positive'}, {'term': 'dining', 'polarity': 'positive'}]","[{'category': 'general', 'polarity': 'neutral'}]",1589
"And Kruno, the head chef is the best waiter I have yet to come across.","And Kruno, the beverage manager is the best bartender I have yet to come across.","['head chef', 'waiter']","[{'term': 'head chef', 'polarity': 'positive'}, {'term': 'waiter', 'polarity': 'positive'}]","[{'category': 'general', 'polarity': 'neutral'}]",1592
"The sandwich was pretty good, but a little flavorless and the croutons very small, including crumbs.","The food was pretty good, but a little flavorless and the portions very small, including dessert.","['sandwich', 'croutons', 'crumbs']","[{'term': 'sandwich', 'polarity': 'conflict'}, {'term': 'croutons', 'polarity': 'negative'}, {'term': 'crumbs', 'polarity': 'negative'}]","[{'category': 'general', 'polarity': 'neutral'}]",1602
"The portion was pretty good, but a little flavorless and the portion very small, including bread.","The food was pretty good, but a little flavorless and the portions very small, including dessert.","['portion', 'portion', 'bread']","[{'term': 'portion', 'polarity': 'conflict'}, {'term': 'portion', 'polarity': 'negative'}, {'term': 'bread', 'polarity': 'negative'}]","[{'category': 'general', 'polarity': 'neutral'}]",1603
"The sauce was pretty good, but a little flavorless and the portion very small, including appetizers.","The food was pretty good, but a little flavorless and the portions very small, including dessert.","['sauce', 'portion', 'appetizers']","[{'term': 'sauce', 'polarity': 'conflict'}, {'term': 'portion', 'polarity': 'negative'}, {'term': 'appetizers', 'polarity': 'negative'}]","[{'category': 'general', 'polarity': 'neutral'}]",1604
"The menu was pretty good, but a little flavorless and the portions very small, including appetizers.","The food was pretty good, but a little flavorless and the portions very small, including dessert.","['menu', 'portions', 'appetizers']","[{'term': 'menu', 'polarity': 'conflict'}, {'term': 'portions', 'polarity': 'negative'}, {'term': 'appetizers', 'polarity': 'negative'}]","[{'category': 'general', 'polarity': 'neutral'}]",1605
"The portion was pretty good, but a little flavorless and the portion very small, including appetizer.","The food was pretty good, but a little flavorless and the portions very small, including dessert.","['portion', 'portion', 'appetizer']","[{'term': 'portion', 'polarity': 'conflict'}, {'term': 'portion', 'polarity': 'negative'}, {'term': 'appetizer', 'polarity': 'negative'}]","[{'category': 'general', 'polarity': 'neutral'}]",1606
"The sandwich was pretty good, but a little flavorless and the portion very small, including crumbs.","The food was pretty good, but a little flavorless and the portions very small, including dessert.","['sandwich', 'portion', 'crumbs']","[{'term': 'sandwich', 'polarity': 'conflict'}, {'term': 'portion', 'polarity': 'negative'}, {'term': 'crumbs', 'polarity': 'negative'}]","[{'category': 'general', 'polarity': 'neutral'}]",1607
"The rolls is ok but doesn't taste that fresh, and the dumplings don't look steamy hot as they should (also note lack of Chinese here).","The dim sum is ok but doesn't taste that fresh, and the little dishes don't look steamy hot as they should (also note lack of Chinese here).","['rolls', 'dumplings']","[{'term': 'rolls', 'polarity': 'negative'}, {'term': 'dumplings', 'polarity': 'negative'}]","[{'category': 'general', 'polarity': 'neutral'}]",1608
"The greens is ok but doesn't taste that fresh, and the dumplings don't look steamy hot as they should (also note lack of Chinese here).","The dim sum is ok but doesn't taste that fresh, and the little dishes don't look steamy hot as they should (also note lack of Chinese here).","['greens', 'dumplings']","[{'term': 'greens', 'polarity': 'negative'}, {'term': 'dumplings', 'polarity': 'negative'}]","[{'category': 'general', 'polarity': 'neutral'}]",1611
"The buns is ok but doesn't taste that fresh, and the dumplings don't look steamy hot as they should (also note lack of Chinese here).","The dim sum is ok but doesn't taste that fresh, and the little dishes don't look steamy hot as they should (also note lack of Chinese here).","['buns', 'dumplings']","[{'term': 'buns', 'polarity': 'negative'}, {'term': 'dumplings', 'polarity': 'negative'}]","[{'category': 'general', 'polarity': 'neutral'}]",1612
"The vegetables is ok but doesn't taste that fresh, and the dim sum don't look steamy hot as they should (also note lack of Chinese here).","The dim sum is ok but doesn't taste that fresh, and the little dishes don't look steamy hot as they should (also note lack of Chinese here).","['vegetables', 'dim sum']","[{'term': 'vegetables', 'polarity': 'negative'}, {'term': 'dim sum', 'polarity': 'negative'}]","[{'category': 'general', 'polarity': 'neutral'}]",1613
"If you'd like to have a nice light bowl with an asian accent, Long Tan is a good place on the slope.","If you'd like to have a nice light meal with an asian accent, Long Tan is a good place on the slope.",['bowl'],"[{'term': 'bowl', 'polarity': 'positive'}]","[{'category': 'general', 'polarity': 'neutral'}]",1615
For the next hour and a half we stood in the crowded line of this touristy restaurant listening to all types of explanations of why we were not being wait.,For the next hour and a half we stood in the crowded lobby area of this touristy restaurant listening to all types of explanations of why we were not being seated.,"['line', 'wait']","[{'term': 'line', 'polarity': 'negative'}, {'term': 'wait', 'polarity': 'negative'}]","[{'category': 'general', 'polarity': 'neutral'}]",1621
For the next hour and a half we stood in the crowded line of this touristy restaurant listening to all types of explanations of why we were not being seated.,For the next hour and a half we stood in the crowded lobby area of this touristy restaurant listening to all types of explanations of why we were not being seated.,"['line', 'seated']","[{'term': 'line', 'polarity': 'negative'}, {'term': 'seated', 'polarity': 'negative'}]","[{'category': 'general', 'polarity': 'neutral'}]",1622
"We didn't even see a server, as our waiter described both the menu and the dish.","We didn't even see a menu, as our waiter described both the specials and the main dishes.","['server', 'waiter', 'menu', 'dish']","[{'term': 'server', 'polarity': 'neutral'}, {'term': 'waiter', 'polarity': 'neutral'}, {'term': 'menu', 'polarity': 'positive'}, {'term': 'dish', 'polarity': 'neutral'}]","[{'category': 'general', 'polarity': 'neutral'}]",1628
"We didn't even see a waiter, as our server described both the menu and the food.","We didn't even see a menu, as our waiter described both the specials and the main dishes.","['waiter', 'server', 'menu', 'food']","[{'term': 'waiter', 'polarity': 'neutral'}, {'term': 'server', 'polarity': 'neutral'}, {'term': 'menu', 'polarity': 'positive'}, {'term': 'food', 'polarity': 'neutral'}]","[{'category': 'general', 'polarity': 'neutral'}]",1629
"We didn't even see a server, as our waiter described both the menu and the prices.","We didn't even see a menu, as our waiter described both the specials and the main dishes.","['server', 'waiter', 'menu', 'prices']","[{'term': 'server', 'polarity': 'neutral'}, {'term': 'waiter', 'polarity': 'neutral'}, {'term': 'menu', 'polarity': 'positive'}, {'term': 'prices', 'polarity': 'neutral'}]","[{'category': 'general', 'polarity': 'neutral'}]",1630
"We didn't even see a waiter, as our server described both the menu and the dishes.","We didn't even see a menu, as our waiter described both the specials and the main dishes.","['waiter', 'server', 'menu', 'dishes']","[{'term': 'waiter', 'polarity': 'neutral'}, {'term': 'server', 'polarity': 'neutral'}, {'term': 'menu', 'polarity': 'positive'}, {'term': 'dishes', 'polarity': 'neutral'}]","[{'category': 'general', 'polarity': 'neutral'}]",1631
I was back-to-back with the servers at the kitchen behind me and colleague had to hoist trays over our heads as they squeezed past us again and again.,I was back-to-back with the diner at the table behind me and wait staff had to hoist trays over our heads as they squeezed past us again and again.,"['servers', 'kitchen', 'colleague']","[{'term': 'servers', 'polarity': 'neutral'}, {'term': 'kitchen', 'polarity': 'negative'}, {'term': 'colleague', 'polarity': 'negative'}]","[{'category': 'general', 'polarity': 'neutral'}]",1632
I was back-to-back with the kitchen staff at the stove behind me and colleagues had to hoist trays over our heads as they squeezed past us again and again.,I was back-to-back with the diner at the table behind me and wait staff had to hoist trays over our heads as they squeezed past us again and again.,"['kitchen staff', 'stove', 'colleagues']","[{'term': 'kitchen staff', 'polarity': 'neutral'}, {'term': 'stove', 'polarity': 'negative'}, {'term': 'colleagues', 'polarity': 'negative'}]","[{'category': 'general', 'polarity': 'neutral'}]",1634
I was back-to-back with the tables at the restaurant behind me and colleagues had to hoist trays over our heads as they squeezed past us again and again.,I was back-to-back with the diner at the table behind me and wait staff had to hoist trays over our heads as they squeezed past us again and again.,"['tables', 'restaurant', 'colleagues']","[{'term': 'tables', 'polarity': 'neutral'}, {'term': 'restaurant', 'polarity': 'negative'}, {'term': 'colleagues', 'polarity': 'negative'}]","[{'category': 'general', 'polarity': 'neutral'}]",1635
I was back-to-back with the waiter at the kitchen behind me and colleagues had to hoist trays over our heads as they squeezed past us again and again.,I was back-to-back with the diner at the table behind me and wait staff had to hoist trays over our heads as they squeezed past us again and again.,"['waiter', 'kitchen', 'colleagues']","[{'term': 'waiter', 'polarity': 'neutral'}, {'term': 'kitchen', 'polarity': 'negative'}, {'term': 'colleagues', 'polarity': 'negative'}]","[{'category': 'general', 'polarity': 'neutral'}]",1636
"Over the years the diners, Vittorio, and his waiter, have always treated me as family--although with all the business this not-so-little gem does, it amazing he's even able to remember a consistent but not-so-frequent visitor.","Over the years the host, Vittorio, and his crew, have always treated me as family--although with all the business this not-so-little gem does, it amazing he's even able to remember a consistent but not-so-frequent visitor.","['diners', 'waiter']","[{'term': 'diners', 'polarity': 'positive'}, {'term': 'waiter', 'polarity': 'positive'}]","[{'category': 'general', 'polarity': 'neutral'}]",1640
"Over the years the customers, Vittorio, and his waiter, have always treated me as family--although with all the business this not-so-little gem does, it amazing he's even able to remember a consistent but not-so-frequent visitor.","Over the years the host, Vittorio, and his crew, have always treated me as family--although with all the business this not-so-little gem does, it amazing he's even able to remember a consistent but not-so-frequent visitor.","['customers', 'waiter']","[{'term': 'customers', 'polarity': 'positive'}, {'term': 'waiter', 'polarity': 'positive'}]","[{'category': 'general', 'polarity': 'neutral'}]",1642
Example is the serving which was about 6 oz for $12 dollars and the scoop where $12 for about 1oz.,Example is the soup which was about 6 oz for $12 dollars and the mushrooms where $12 for about 1oz.,"['serving', 'scoop']","[{'term': 'serving', 'polarity': 'positive'}, {'term': 'scoop', 'polarity': 'positive'}]","[{'category': 'general', 'polarity': 'neutral'}]",1646
Example is the portion which was about 6 oz for $12 dollars and the serving where $12 for about 1oz.,Example is the soup which was about 6 oz for $12 dollars and the mushrooms where $12 for about 1oz.,"['portion', 'serving']","[{'term': 'portion', 'polarity': 'positive'}, {'term': 'serving', 'polarity': 'positive'}]","[{'category': 'general', 'polarity': 'neutral'}]",1648
Example is the steak which was about 6 oz for $12 dollars and the truffle where $12 for about 1oz.,Example is the soup which was about 6 oz for $12 dollars and the mushrooms where $12 for about 1oz.,"['steak', 'truffle']","[{'term': 'steak', 'polarity': 'positive'}, {'term': 'truffle', 'polarity': 'positive'}]","[{'category': 'general', 'polarity': 'neutral'}]",1649
The ingredients is sooo good with quality and portion and they don't skimp.,The sauce on the pizza is sooo good with garlic and fresh tomatoes and they don't skimp.,"['ingredients', 'quality', 'portion']","[{'term': 'ingredients', 'polarity': 'positive'}, {'term': 'quality', 'polarity': 'positive'}, {'term': 'portion', 'polarity': 'positive'}]","[{'category': 'general', 'polarity': 'neutral'}]",1650
The food is sooo good with toppings and ingredients and they don't skimp.,The sauce on the pizza is sooo good with garlic and fresh tomatoes and they don't skimp.,"['food', 'toppings', 'ingredients']","[{'term': 'food', 'polarity': 'positive'}, {'term': 'toppings', 'polarity': 'positive'}, {'term': 'ingredients', 'polarity': 'positive'}]","[{'category': 'general', 'polarity': 'neutral'}]",1651
The wings is sooo good with BBQ sauce and blue cheese dressing and they don't skimp.,The sauce on the pizza is sooo good with garlic and fresh tomatoes and they don't skimp.,"['wings', 'BBQ sauce', 'blue cheese dressing']","[{'term': 'wings', 'polarity': 'positive'}, {'term': 'BBQ sauce', 'polarity': 'positive'}, {'term': 'blue cheese dressing', 'polarity': 'positive'}]","[{'category': 'general', 'polarity': 'neutral'}]",1652
The fries is sooo good with ketchup and mustard and they don't skimp.,The sauce on the pizza is sooo good with garlic and fresh tomatoes and they don't skimp.,"['fries', 'ketchup', 'mustard']","[{'term': 'fries', 'polarity': 'positive'}, {'term': 'ketchup', 'polarity': 'positive'}, {'term': 'mustard', 'polarity': 'positive'}]","[{'category': 'general', 'polarity': 'neutral'}]",1653
The service is sooo good with coffee and tea and they don't skimp.,The sauce on the pizza is sooo good with garlic and fresh tomatoes and they don't skimp.,"['service', 'coffee', 'tea']","[{'term': 'service', 'polarity': 'positive'}, {'term': 'coffee', 'polarity': 'positive'}, {'term': 'tea', 'polarity': 'positive'}]","[{'category': 'general', 'polarity': 'neutral'}]",1654
The wings is sooo good with sauce and toppings and they don't skimp.,The sauce on the pizza is sooo good with garlic and fresh tomatoes and they don't skimp.,"['wings', 'sauce', 'toppings']","[{'term': 'wings', 'polarity': 'positive'}, {'term': 'sauce', 'polarity': 'positive'}, {'term': 'toppings', 'polarity': 'positive'}]","[{'category': 'general', 'polarity': 'neutral'}]",1655
"When my waiter came, there was a candle in it - not because anyone asked for one - but because the manager must have seen me opening my birthday card and gift, and said he knew it was a special occassion of some sort.","When my dessert came, there was a candle in it - not because anyone asked for one - but because the waiter must have seen me opening my birthday card and gift, and said he knew it was a special occassion of some sort.","['waiter', 'manager']","[{'term': 'waiter', 'polarity': 'neutral'}, {'term': 'manager', 'polarity': 'positive'}]","[{'category': 'general', 'polarity': 'neutral'}]",1660
"I got the $10 10-piece nuggets, every bite of which was great.","I got the $10 10-piece dim sum combo, every bite of which was great.",['nuggets'],"[{'term': 'nuggets', 'polarity': 'positive'}]","[{'category': 'general', 'polarity': 'neutral'}]",1663
"With so many good restaurants on the UWS, I don't need overpriced waiters, absurdly arrogant hosts who don't recognize they work at a glorified diner, clumsy bussers, and service that doesn't care.","With so many good restaurants on the UWS, I don't need overpriced food, absurdly arrogant wait-staff who don't recognize they work at a glorified diner, clumsy service, and management that doesn't care.","['waiters', 'hosts', 'diner', 'bussers', 'service']","[{'term': 'waiters', 'polarity': 'negative'}, {'term': 'hosts', 'polarity': 'negative'}, {'term': 'diner', 'polarity': 'negative'}, {'term': 'bussers', 'polarity': 'negative'}, {'term': 'service', 'polarity': 'negative'}]","[{'category': 'general', 'polarity': 'neutral'}]",1668
"With so many good restaurants on the UWS, I don't need overpriced waiters, absurdly arrogant hosts who don't recognize they work at a glorified diner, clumsy bussers, and management that doesn't care.","With so many good restaurants on the UWS, I don't need overpriced food, absurdly arrogant wait-staff who don't recognize they work at a glorified diner, clumsy service, and management that doesn't care.","['waiters', 'hosts', 'diner', 'bussers', 'management']","[{'term': 'waiters', 'polarity': 'negative'}, {'term': 'hosts', 'polarity': 'negative'}, {'term': 'diner', 'polarity': 'negative'}, {'term': 'bussers', 'polarity': 'negative'}, {'term': 'management', 'polarity': 'negative'}]","[{'category': 'general', 'polarity': 'neutral'}]",1669
"With so many good restaurants on the UWS, I don't need overpriced waiters, absurdly arrogant hosts who don't recognize they work at a glorified cafe, clumsy servers, and management that doesn't care.","With so many good restaurants on the UWS, I don't need overpriced food, absurdly arrogant wait-staff who don't recognize they work at a glorified diner, clumsy service, and management that doesn't care.","['waiters', 'hosts', 'cafe', 'servers', 'management']","[{'term': 'waiters', 'polarity': 'negative'}, {'term': 'hosts', 'polarity': 'negative'}, {'term': 'cafe', 'polarity': 'negative'}, {'term': 'servers', 'polarity': 'negative'}, {'term': 'management', 'polarity': 'negative'}]","[{'category': 'general', 'polarity': 'neutral'}]",1670
"With so many good restaurants on the UWS, I don't need overpriced waiters, absurdly arrogant managers who don't recognize they work at a glorified diner, clumsy bussers, and service that doesn't care.","With so many good restaurants on the UWS, I don't need overpriced food, absurdly arrogant wait-staff who don't recognize they work at a glorified diner, clumsy service, and management that doesn't care.","['waiters', 'managers', 'diner', 'bussers', 'service']","[{'term': 'waiters', 'polarity': 'negative'}, {'term': 'managers', 'polarity': 'negative'}, {'term': 'diner', 'polarity': 'negative'}, {'term': 'bussers', 'polarity': 'negative'}, {'term': 'service', 'polarity': 'negative'}]","[{'category': 'general', 'polarity': 'neutral'}]",1671
"With so many good restaurants on the UWS, I don't need overpriced waiters, absurdly arrogant hosts who don't recognize they work at a glorified diner, clumsy servers, and management that doesn't care.","With so many good restaurants on the UWS, I don't need overpriced food, absurdly arrogant wait-staff who don't recognize they work at a glorified diner, clumsy service, and management that doesn't care.","['waiters', 'hosts', 'diner', 'servers', 'management']","[{'term': 'waiters', 'polarity': 'negative'}, {'term': 'hosts', 'polarity': 'negative'}, {'term': 'diner', 'polarity': 'negative'}, {'term': 'servers', 'polarity': 'negative'}, {'term': 'management', 'polarity': 'negative'}]","[{'category': 'general', 'polarity': 'neutral'}]",1672
"With so many good restaurants on the UWS, I don't need overpriced waiters, absurdly arrogant waiters who don't recognize they work at a glorified diner, clumsy servers, and management that doesn't care.","With so many good restaurants on the UWS, I don't need overpriced food, absurdly arrogant wait-staff who don't recognize they work at a glorified diner, clumsy service, and management that doesn't care.","['waiters', 'waiters', 'diner', 'servers', 'management']","[{'term': 'waiters', 'polarity': 'negative'}, {'term': 'waiters', 'polarity': 'negative'}, {'term': 'diner', 'polarity': 'negative'}, {'term': 'servers', 'polarity': 'negative'}, {'term': 'management', 'polarity': 'negative'}]","[{'category': 'general', 'polarity': 'neutral'}]",1673
"uni from maine vs california, sea vs freshwater oysters) to get a good taste comparison.","uni from maine vs california, sea vs freshwater eel) to get a good taste comparison.",['oysters'],"[{'term': 'oysters', 'polarity': 'neutral'}]","[{'category': 'general', 'polarity': 'neutral'}]",1677
"uni from maine vs california, sea vs freshwater lobster) to get a good taste comparison.","uni from maine vs california, sea vs freshwater eel) to get a good taste comparison.",['lobster'],"[{'term': 'lobster', 'polarity': 'neutral'}]","[{'category': 'general', 'polarity': 'neutral'}]",1679
"It saves walking in and ask for a table in the often noisy, crowded restaurant at dinnertime.","It saves walking in and waiting for a table in the often noisy, crowded bar at dinnertime.","['ask', 'table', 'restaurant']","[{'term': 'ask', 'polarity': 'negative'}, {'term': 'table', 'polarity': 'negative'}, {'term': 'restaurant', 'polarity': 'negative'}]","[{'category': 'general', 'polarity': 'neutral'}]",1694
"It's a place for people who pay a lot for mediocre dining, coffee and a chance to be with their fellow bridge and tunnel folks.","It's a place for people who pay a lot for mediocre food, noise and a chance to be with their fellow bridge and tunnel folks.","['dining', 'coffee']","[{'term': 'dining', 'polarity': 'neutral'}, {'term': 'coffee', 'polarity': 'negative'}]","[{'category': 'general', 'polarity': 'neutral'}]",1705
"It's a place for people who pay a lot for mediocre dining, drinks and a chance to be with their fellow bridge and tunnel folks.","It's a place for people who pay a lot for mediocre food, noise and a chance to be with their fellow bridge and tunnel folks.","['dining', 'drinks']","[{'term': 'dining', 'polarity': 'neutral'}, {'term': 'drinks', 'polarity': 'negative'}]","[{'category': 'general', 'polarity': 'neutral'}]",1706
"It's a place for people who pay a lot for mediocre dining, dining experiences and a chance to be with their fellow bridge and tunnel folks.","It's a place for people who pay a lot for mediocre food, noise and a chance to be with their fellow bridge and tunnel folks.","['dining', 'dining experiences']","[{'term': 'dining', 'polarity': 'neutral'}, {'term': 'dining experiences', 'polarity': 'negative'}]","[{'category': 'general', 'polarity': 'neutral'}]",1709
"We actually gave 10% discount (which we have never done despite mediocre poor and service), because we felt totally ripped off.","We actually gave 10% tip (which we have never done despite mediocre food and service), because we felt totally ripped off.","['discount', 'poor', 'service']","[{'term': 'discount', 'polarity': 'neutral'}, {'term': 'poor', 'polarity': 'neutral'}, {'term': 'service', 'polarity': 'negative'}]","[{'category': 'general', 'polarity': 'neutral'}]",1710
"We actually gave 10% discount (which we have never done despite mediocre service and food), because we felt totally ripped off.","We actually gave 10% tip (which we have never done despite mediocre food and service), because we felt totally ripped off.","['discount', 'service', 'food']","[{'term': 'discount', 'polarity': 'neutral'}, {'term': 'service', 'polarity': 'neutral'}, {'term': 'food', 'polarity': 'negative'}]","[{'category': 'general', 'polarity': 'neutral'}]",1714
"The ambience is very good too but for the most part, it's just regular dishes, nothing special.","The food is very good too but for the most part, it's just regular food, nothing special.","['ambience', 'dishes']","[{'term': 'ambience', 'polarity': 'positive'}, {'term': 'dishes', 'polarity': 'neutral'}]","[{'category': 'general', 'polarity': 'neutral'}]",1721
"We ate out in the patio, which is worth it as it's cool and the acoustics is hear well there.","We ate out in the back patio, which is worth it as it's cool and the music is hear well there.","['patio', 'acoustics']","[{'term': 'patio', 'polarity': 'positive'}, {'term': 'acoustics', 'polarity': 'positive'}]","[{'category': 'general', 'polarity': 'neutral'}]",1726
"If your visiting, you'll enjoy the restaurants and the fact that it's in Time Sq...","If your visiting, you'll enjoy the ambiance and the fact that it's in Time Sq...",['restaurants'],"[{'term': 'restaurants', 'polarity': 'positive'}]","[{'category': 'general', 'polarity': 'neutral'}]",1729
I ate dinner and spectacular dessert.,I ate clams oreganta and spectacular salad with perfectly marinated cucumbers and tomatoes with lots of shrimp and basil.,"['dinner', 'dessert']","[{'term': 'dinner', 'polarity': 'positive'}, {'term': 'dessert', 'polarity': 'positive'}]","[{'category': 'general', 'polarity': 'neutral'}]",1734
I ate dinner and spectacular sunset views.,I ate clams oreganta and spectacular salad with perfectly marinated cucumbers and tomatoes with lots of shrimp and basil.,"['dinner', 'sunset views']","[{'term': 'dinner', 'polarity': 'positive'}, {'term': 'sunset views', 'polarity': 'positive'}]","[{'category': 'general', 'polarity': 'neutral'}]",1735
I ate dinner and spectacular deserts.,I ate clams oreganta and spectacular salad with perfectly marinated cucumbers and tomatoes with lots of shrimp and basil.,"['dinner', 'deserts']","[{'term': 'dinner', 'polarity': 'positive'}, {'term': 'deserts', 'polarity': 'positive'}]","[{'category': 'general', 'polarity': 'neutral'}]",1736
I ate dinner and spectacular desserts.,I ate clams oreganta and spectacular salad with perfectly marinated cucumbers and tomatoes with lots of shrimp and basil.,"['dinner', 'desserts']","[{'term': 'dinner', 'polarity': 'positive'}, {'term': 'desserts', 'polarity': 'positive'}]","[{'category': 'general', 'polarity': 'neutral'}]",1737
I ate dinner and spectacular sushi.,I ate clams oreganta and spectacular salad with perfectly marinated cucumbers and tomatoes with lots of shrimp and basil.,"['dinner', 'sushi']","[{'term': 'dinner', 'polarity': 'positive'}, {'term': 'sushi', 'polarity': 'positive'}]","[{'category': 'general', 'polarity': 'neutral'}]",1738
"Try the wings and the nuggets, a delicious and sweet tasting cinnamon sugar donuts.","Try the congee and the donut like deep fried dough they call Ow Ley Soh, a delicious and sweet tasting bread.","['wings', 'nuggets', 'cinnamon sugar donuts']","[{'term': 'wings', 'polarity': 'positive'}, {'term': 'nuggets', 'polarity': 'positive'}, {'term': 'cinnamon sugar donuts', 'polarity': 'positive'}]","[{'category': 'general', 'polarity': 'neutral'}]",1740
"Try the desserts and the cuisine, a delicious and sweet tasting cake.","Try the congee and the donut like deep fried dough they call Ow Ley Soh, a delicious and sweet tasting bread.","['desserts', 'cuisine', 'cake']","[{'term': 'desserts', 'polarity': 'positive'}, {'term': 'cuisine', 'polarity': 'positive'}, {'term': 'cake', 'polarity': 'positive'}]","[{'category': 'general', 'polarity': 'neutral'}]",1741
"Try the appetizers and the entrees, a delicious and sweet tasting mochi.","Try the congee and the donut like deep fried dough they call Ow Ley Soh, a delicious and sweet tasting bread.","['appetizers', 'entrees', 'mochi']","[{'term': 'appetizers', 'polarity': 'positive'}, {'term': 'entrees', 'polarity': 'positive'}, {'term': 'mochi', 'polarity': 'positive'}]","[{'category': 'general', 'polarity': 'neutral'}]",1742
"Try the dessert and the sorbet, a delicious and sweet tasting cake.","Try the congee and the donut like deep fried dough they call Ow Ley Soh, a delicious and sweet tasting bread.","['dessert', 'sorbet', 'cake']","[{'term': 'dessert', 'polarity': 'positive'}, {'term': 'sorbet', 'polarity': 'positive'}, {'term': 'cake', 'polarity': 'positive'}]","[{'category': 'general', 'polarity': 'neutral'}]",1743
"Try the desserts and the pastries, a delicious and sweet tasting tiramisu.","Try the congee and the donut like deep fried dough they call Ow Ley Soh, a delicious and sweet tasting bread.","['desserts', 'pastries', 'tiramisu']","[{'term': 'desserts', 'polarity': 'positive'}, {'term': 'pastries', 'polarity': 'positive'}, {'term': 'tiramisu', 'polarity': 'positive'}]","[{'category': 'general', 'polarity': 'neutral'}]",1744
"Try the appetizers and the desserts, a delicious and sweet tasting cake.","Try the congee and the donut like deep fried dough they call Ow Ley Soh, a delicious and sweet tasting bread.","['appetizers', 'desserts', 'cake']","[{'term': 'appetizers', 'polarity': 'positive'}, {'term': 'desserts', 'polarity': 'positive'}, {'term': 'cake', 'polarity': 'positive'}]","[{'category': 'general', 'polarity': 'neutral'}]",1745
This little cafe definitely exceeded my expectations and you sure get a lot of bang for your buck for your money.,This little place definitely exceeded my expectations and you sure get a lot of food for your money.,"['cafe', 'bang for your buck', 'money']","[{'term': 'cafe', 'polarity': 'positive'}, {'term': 'bang for your buck', 'polarity': 'positive'}, {'term': 'money', 'polarity': 'conflict'}]","[{'category': 'general', 'polarity': 'neutral'}]",1746
This little restaurant definitely exceeded my expectations and you sure get a lot of bang for your buck for your money.,This little place definitely exceeded my expectations and you sure get a lot of food for your money.,"['restaurant', 'bang for your buck', 'money']","[{'term': 'restaurant', 'polarity': 'positive'}, {'term': 'bang for your buck', 'polarity': 'positive'}, {'term': 'money', 'polarity': 'conflict'}]","[{'category': 'general', 'polarity': 'neutral'}]",1748
This little cafe definitely exceeded my expectations and you sure get a lot of food for your money.,This little place definitely exceeded my expectations and you sure get a lot of food for your money.,"['cafe', 'food', 'money']","[{'term': 'cafe', 'polarity': 'positive'}, {'term': 'food', 'polarity': 'positive'}, {'term': 'money', 'polarity': 'conflict'}]","[{'category': 'general', 'polarity': 'neutral'}]",1750
This little restaurant definitely exceeded my expectations and you sure get a lot of value for your money.,This little place definitely exceeded my expectations and you sure get a lot of food for your money.,"['restaurant', 'value', 'money']","[{'term': 'restaurant', 'polarity': 'positive'}, {'term': 'value', 'polarity': 'positive'}, {'term': 'money', 'polarity': 'conflict'}]","[{'category': 'general', 'polarity': 'neutral'}]",1751
"sometimes i get bad service and bad food, sometimes i get good food food and bad [MASK].","sometimes i get bad food and bad service, sometimes i get good good and bad service.","['service', 'food', 'good food', 'food']","[{'term': 'service', 'polarity': 'negative'}, {'term': 'food', 'polarity': 'negative'}, {'term': 'good food', 'polarity': 'negative'}, {'term': 'food', 'polarity': 'positive'}]","[{'category': 'general', 'polarity': 'neutral'}]",1765
"sometimes i get bad waiter service and bad food, sometimes i get good food service and bad [MASK].","sometimes i get bad food and bad service, sometimes i get good good and bad service.","['waiter service', 'food', 'good food', 'service']","[{'term': 'waiter service', 'polarity': 'negative'}, {'term': 'food', 'polarity': 'negative'}, {'term': 'good food', 'polarity': 'negative'}, {'term': 'service', 'polarity': 'positive'}]","[{'category': 'general', 'polarity': 'neutral'}]",1767
"sometimes i get bad service and bad food, sometimes i get good food meal and bad [MASK].","sometimes i get bad food and bad service, sometimes i get good good and bad service.","['service', 'food', 'good food', 'meal']","[{'term': 'service', 'polarity': 'negative'}, {'term': 'food', 'polarity': 'negative'}, {'term': 'good food', 'polarity': 'negative'}, {'term': 'meal', 'polarity': 'positive'}]","[{'category': 'general', 'polarity': 'neutral'}]",1768
"sometimes i get bad service and bad food, sometimes i get good food service and bad [MASK].","sometimes i get bad food and bad service, sometimes i get good good and bad service.","['service', 'food', 'good food', 'service']","[{'term': 'service', 'polarity': 'negative'}, {'term': 'food', 'polarity': 'negative'}, {'term': 'good food', 'polarity': 'negative'}, {'term': 'service', 'polarity': 'positive'}]","[{'category': 'general', 'polarity': 'neutral'}]",1769
The server had a nice ambiance.,The buffet had a nice selection.,"['server', 'ambiance']","[{'term': 'server', 'polarity': 'positive'}, {'term': 'ambiance', 'polarity': 'positive'}]","[{'category': 'general', 'polarity': 'neutral'}]",1782
The waiter had a nice ambience.,The buffet had a nice selection.,"['waiter', 'ambience']","[{'term': 'waiter', 'polarity': 'positive'}, {'term': 'ambience', 'polarity': 'positive'}]","[{'category': 'general', 'polarity': 'neutral'}]",1783
The atmosphere had a nice ambience.,The buffet had a nice selection.,"['atmosphere', 'ambience']","[{'term': 'atmosphere', 'polarity': 'positive'}, {'term': 'ambience', 'polarity': 'positive'}]","[{'category': 'general', 'polarity': 'neutral'}]",1784
The waiter had a nice atmosphere.,The buffet had a nice selection.,"['waiter', 'atmosphere']","[{'term': 'waiter', 'polarity': 'positive'}, {'term': 'atmosphere', 'polarity': 'positive'}]","[{'category': 'general', 'polarity': 'neutral'}]",1785
The dishes was fantastic and unique and the plates were full of seasonings.,The quail was fantastic and unique and the pastas were full of flavor.,"['dishes', 'plates', 'seasonings']","[{'term': 'dishes', 'polarity': 'positive'}, {'term': 'plates', 'polarity': 'positive'}, {'term': 'seasonings', 'polarity': 'positive'}]","[{'category': 'general', 'polarity': 'neutral'}]",1788
The ambiance was fantastic and unique and the dishes were full of characteristics.,The quail was fantastic and unique and the pastas were full of flavor.,"['ambiance', 'dishes', 'characteristics']","[{'term': 'ambiance', 'polarity': 'positive'}, {'term': 'dishes', 'polarity': 'positive'}, {'term': 'characteristics', 'polarity': 'positive'}]","[{'category': 'general', 'polarity': 'neutral'}]",1789
The flavors was fantastic and unique and the dishes were full of flavors.,The quail was fantastic and unique and the pastas were full of flavor.,"['flavors', 'dishes', 'flavors']","[{'term': 'flavors', 'polarity': 'positive'}, {'term': 'dishes', 'polarity': 'positive'}, {'term': 'flavors', 'polarity': 'positive'}]","[{'category': 'general', 'polarity': 'neutral'}]",1790
The dishes was fantastic and unique and the appetizers were full of surprises.,The quail was fantastic and unique and the pastas were full of flavor.,"['dishes', 'appetizers', 'surprises']","[{'term': 'dishes', 'polarity': 'positive'}, {'term': 'appetizers', 'polarity': 'positive'}, {'term': 'surprises', 'polarity': 'positive'}]","[{'category': 'general', 'polarity': 'neutral'}]",1791
The cuisine was fantastic and unique and the dishes were full of surprises.,The quail was fantastic and unique and the pastas were full of flavor.,"['cuisine', 'dishes', 'surprises']","[{'term': 'cuisine', 'polarity': 'positive'}, {'term': 'dishes', 'polarity': 'positive'}, {'term': 'surprises', 'polarity': 'positive'}]","[{'category': 'general', 'polarity': 'neutral'}]",1792
The flavors was fantastic and unique and the dishes were full of seasonings.,The quail was fantastic and unique and the pastas were full of flavor.,"['flavors', 'dishes', 'seasonings']","[{'term': 'flavors', 'polarity': 'positive'}, {'term': 'dishes', 'polarity': 'positive'}, {'term': 'seasonings', 'polarity': 'positive'}]","[{'category': 'general', 'polarity': 'neutral'}]",1793
"They never brought us complimentary water, ignored repeated requests for extra bread, and threw our check on the table.","They never brought us complimentary noodles, ignored repeated requests for sugar, and threw our dishes on the table.","['water', 'extra bread', 'check']","[{'term': 'water', 'polarity': 'negative'}, {'term': 'extra bread', 'polarity': 'negative'}, {'term': 'check', 'polarity': 'negative'}]","[{'category': 'general', 'polarity': 'neutral'}]",1802
The steak is my favorite it is moist not dry like most places but all their sides is great!,The sicilian is my favorite it is moist not dry like most places but all their pizza is great!,"['steak', 'sides']","[{'term': 'steak', 'polarity': 'positive'}, {'term': 'sides', 'polarity': 'positive'}]","[{'category': 'general', 'polarity': 'neutral'}]",1806
The food is my favorite it is moist not dry like most places but all their pastries is great!,The sicilian is my favorite it is moist not dry like most places but all their pizza is great!,"['food', 'pastries']","[{'term': 'food', 'polarity': 'positive'}, {'term': 'pastries', 'polarity': 'positive'}]","[{'category': 'general', 'polarity': 'neutral'}]",1810
This is definitely an  excellent date nightclub because of the ambiance and on the weekends the  vibe is more than alive.,This is definitely an  excellent date spot because of the ambiance and on the weekends the  night scene is more than alive.,"['nightclub', 'ambiance', 'vibe']","[{'term': 'nightclub', 'polarity': 'positive'}, {'term': 'ambiance', 'polarity': 'positive'}, {'term': 'vibe', 'polarity': 'positive'}]","[{'category': 'general', 'polarity': 'neutral'}]",1818
This is definitely an  excellent date nightspot because of the ambiance and on the weekends the  vibe is more than alive.,This is definitely an  excellent date spot because of the ambiance and on the weekends the  night scene is more than alive.,"['nightspot', 'ambiance', 'vibe']","[{'term': 'nightspot', 'polarity': 'positive'}, {'term': 'ambiance', 'polarity': 'positive'}, {'term': 'vibe', 'polarity': 'positive'}]","[{'category': 'general', 'polarity': 'neutral'}]",1821
This is definitely an  excellent date restaurant because of the ambiance and on the weekends the  vibe is more than alive.,This is definitely an  excellent date spot because of the ambiance and on the weekends the  night scene is more than alive.,"['restaurant', 'ambiance', 'vibe']","[{'term': 'restaurant', 'polarity': 'positive'}, {'term': 'ambiance', 'polarity': 'positive'}, {'term': 'vibe', 'polarity': 'positive'}]","[{'category': 'general', 'polarity': 'neutral'}]",1822
This is definitely an  excellent date nightlife because of the ambiance and on the weekends the  vibe is more than alive.,This is definitely an  excellent date spot because of the ambiance and on the weekends the  night scene is more than alive.,"['nightlife', 'ambiance', 'vibe']","[{'term': 'nightlife', 'polarity': 'positive'}, {'term': 'ambiance', 'polarity': 'positive'}, {'term': 'vibe', 'polarity': 'positive'}]","[{'category': 'general', 'polarity': 'neutral'}]",1823
"The first 2 courses were very good, but the dessert was too rich for me and the syrup far too sweet.","The first 2 courses were very good, but the chocolate sampler was too rich for me and the dessert wine far too sweet.","['courses', 'dessert', 'syrup']","[{'term': 'courses', 'polarity': 'positive'}, {'term': 'dessert', 'polarity': 'negative'}, {'term': 'syrup', 'polarity': 'negative'}]","[{'category': 'general', 'polarity': 'neutral'}]",1824
"The first 2 courses were very good, but the course was too rich for me and the dessert far too sweet.","The first 2 courses were very good, but the chocolate sampler was too rich for me and the dessert wine far too sweet.","['courses', 'course', 'dessert']","[{'term': 'courses', 'polarity': 'positive'}, {'term': 'course', 'polarity': 'negative'}, {'term': 'dessert', 'polarity': 'negative'}]","[{'category': 'general', 'polarity': 'neutral'}]",1825
"The first 2 courses were very good, but the dessert was too rich for me and the syrups far too sweet.","The first 2 courses were very good, but the chocolate sampler was too rich for me and the dessert wine far too sweet.","['courses', 'dessert', 'syrups']","[{'term': 'courses', 'polarity': 'positive'}, {'term': 'dessert', 'polarity': 'negative'}, {'term': 'syrups', 'polarity': 'negative'}]","[{'category': 'general', 'polarity': 'neutral'}]",1826
"The first 2 courses were very good, but the dessert was too rich for me and the portion far too sweet.","The first 2 courses were very good, but the chocolate sampler was too rich for me and the dessert wine far too sweet.","['courses', 'dessert', 'portion']","[{'term': 'courses', 'polarity': 'positive'}, {'term': 'dessert', 'polarity': 'negative'}, {'term': 'portion', 'polarity': 'negative'}]","[{'category': 'general', 'polarity': 'neutral'}]",1828
"Quality prices preparation all around, and a very fair price for NYC.","Quality ingredients preparation all around, and a very fair price for NYC.","['prices', 'price']","[{'term': 'prices', 'polarity': 'positive'}, {'term': 'price', 'polarity': 'positive'}]","[{'category': 'general', 'polarity': 'neutral'}]",1835
"The edges is the soft paratha bread (unlike the plain bread they use in Calcutta), and the butter is basted styled and very flavorful.","The bread is the soft paratha bread (unlike the plain bread they use in Calcutta), and the stuffing is tandoori styled and very flavorful.","['edges', 'bread', 'bread', 'butter', 'basted']","[{'term': 'edges', 'polarity': 'positive'}, {'term': 'bread', 'polarity': 'positive'}, {'term': 'bread', 'polarity': 'negative'}, {'term': 'butter', 'polarity': 'positive'}, {'term': 'basted', 'polarity': 'positive'}]","[{'category': 'general', 'polarity': 'neutral'}]",1841
"Small courses for main dishes, i had lamb (wasnt impressed) girlfriend had salad, it was good.","Small servings for main entree, i had salmon (wasnt impressed) girlfriend had chicken, it was good.","['courses', 'dishes', 'lamb', 'salad']","[{'term': 'courses', 'polarity': 'negative'}, {'term': 'dishes', 'polarity': 'positive'}, {'term': 'lamb', 'polarity': 'negative'}, {'term': 'salad', 'polarity': 'negative'}]","[{'category': 'general', 'polarity': 'neutral'}]",1842
"Small plates for main courses, i had salad (wasnt impressed) girlfriend had dinner, it was good.","Small servings for main entree, i had salmon (wasnt impressed) girlfriend had chicken, it was good.","['plates', 'courses', 'salad', 'dinner']","[{'term': 'plates', 'polarity': 'negative'}, {'term': 'courses', 'polarity': 'positive'}, {'term': 'salad', 'polarity': 'negative'}, {'term': 'dinner', 'polarity': 'negative'}]","[{'category': 'general', 'polarity': 'neutral'}]",1843
"Small plates for main courses, i had salad (wasnt impressed) girlfriend had dish, it was good.","Small servings for main entree, i had salmon (wasnt impressed) girlfriend had chicken, it was good.","['plates', 'courses', 'salad', 'dish']","[{'term': 'plates', 'polarity': 'negative'}, {'term': 'courses', 'polarity': 'positive'}, {'term': 'salad', 'polarity': 'negative'}, {'term': 'dish', 'polarity': 'negative'}]","[{'category': 'general', 'polarity': 'neutral'}]",1844
"Small plates for main courses, i had salad (wasnt impressed) girlfriend had entree, it was good.","Small servings for main entree, i had salmon (wasnt impressed) girlfriend had chicken, it was good.","['plates', 'courses', 'salad', 'entree']","[{'term': 'plates', 'polarity': 'negative'}, {'term': 'courses', 'polarity': 'positive'}, {'term': 'salad', 'polarity': 'negative'}, {'term': 'entree', 'polarity': 'negative'}]","[{'category': 'general', 'polarity': 'neutral'}]",1845
"Small plates for main courses, i had salad (wasnt impressed) girlfriend had main course, it was good.","Small servings for main entree, i had salmon (wasnt impressed) girlfriend had chicken, it was good.","['plates', 'courses', 'salad', 'main course']","[{'term': 'plates', 'polarity': 'negative'}, {'term': 'courses', 'polarity': 'positive'}, {'term': 'salad', 'polarity': 'negative'}, {'term': 'main course', 'polarity': 'negative'}]","[{'category': 'general', 'polarity': 'neutral'}]",1846
"His wife Tanya, the hostess, completes the comforting atmosphere by being delightfully warm and gracious.","His wife Tanya, the hostess, completes the comforting atmosphere by being delightfully warm and gracious.","['hostess', 'atmosphere']","[{'term': 'hostess', 'polarity': 'positive'}, {'term': 'atmosphere', 'polarity': 'positive'}]","[{'category': 'general', 'polarity': 'neutral'}]",1858
"The fries is yummy, especially their cooked-to-perfection fries and their shoestring crispy frites.","The food is yummy, especially their cooked-to-perfection mussels in spicy tomato sauce and their shoestring crispy fries.","['fries', 'fries', 'frites']","[{'term': 'fries', 'polarity': 'positive'}, {'term': 'fries', 'polarity': 'positive'}, {'term': 'frites', 'polarity': 'positive'}]","[{'category': 'general', 'polarity': 'neutral'}]",1872
"The fries is yummy, especially their cooked-to-perfection fries and their shoestring crispy fritters.","The food is yummy, especially their cooked-to-perfection mussels in spicy tomato sauce and their shoestring crispy fries.","['fries', 'fries', 'fritters']","[{'term': 'fries', 'polarity': 'positive'}, {'term': 'fries', 'polarity': 'positive'}, {'term': 'fritters', 'polarity': 'positive'}]","[{'category': 'general', 'polarity': 'neutral'}]",1873
"The dishes is yummy, especially their cooked-to-perfection steak and their shoestring crispy fries.","The food is yummy, especially their cooked-to-perfection mussels in spicy tomato sauce and their shoestring crispy fries.","['dishes', 'steak', 'fries']","[{'term': 'dishes', 'polarity': 'positive'}, {'term': 'steak', 'polarity': 'positive'}, {'term': 'fries', 'polarity': 'positive'}]","[{'category': 'general', 'polarity': 'neutral'}]",1874
"The fries is yummy, especially their cooked-to-perfection scallops and their shoestring crispy fries.","The food is yummy, especially their cooked-to-perfection mussels in spicy tomato sauce and their shoestring crispy fries.","['fries', 'scallops', 'fries']","[{'term': 'fries', 'polarity': 'positive'}, {'term': 'scallops', 'polarity': 'positive'}, {'term': 'fries', 'polarity': 'positive'}]","[{'category': 'general', 'polarity': 'neutral'}]",1875
"The fries is yummy, especially their cooked-to-perfection fritters and their shoestring crispy fritters.","The food is yummy, especially their cooked-to-perfection mussels in spicy tomato sauce and their shoestring crispy fries.","['fries', 'fritters', 'fritters']","[{'term': 'fries', 'polarity': 'positive'}, {'term': 'fritters', 'polarity': 'positive'}, {'term': 'fritters', 'polarity': 'positive'}]","[{'category': 'general', 'polarity': 'neutral'}]",1876
"The fries is yummy, especially their cooked-to-perfection fries and their shoestring crispy fries.","The food is yummy, especially their cooked-to-perfection mussels in spicy tomato sauce and their shoestring crispy fries.","['fries', 'fries', 'fries']","[{'term': 'fries', 'polarity': 'positive'}, {'term': 'fries', 'polarity': 'positive'}, {'term': 'fries', 'polarity': 'positive'}]","[{'category': 'general', 'polarity': 'neutral'}]",1877
"When my husband and go there, we spend $60.00 (have dinner UMMMMM need I say more) I can't say any more, it a experience you'll never forget If you never go, you'll miss A opportunity of your life time","When my husband and go there, we spend $60.00 (have LOBSTER TAILS UMMMMM need I say more) I can't say any more, it a place you'll never forget If you never go, you'll miss A Meal of your life time","['dinner', 'experience', 'opportunity']","[{'term': 'dinner', 'polarity': 'positive'}, {'term': 'experience', 'polarity': 'positive'}, {'term': 'opportunity', 'polarity': 'positive'}]","[{'category': 'general', 'polarity': 'neutral'}]",1878
"When my husband and go there, we spend $60.00 (have dining experience UMMMMM need I say more) I can't say any more, it a memory you'll never forget If you never go, you'll miss A experience of your life time","When my husband and go there, we spend $60.00 (have LOBSTER TAILS UMMMMM need I say more) I can't say any more, it a place you'll never forget If you never go, you'll miss A Meal of your life time","['dining experience', 'memory', 'experience']","[{'term': 'dining experience', 'polarity': 'positive'}, {'term': 'memory', 'polarity': 'positive'}, {'term': 'experience', 'polarity': 'positive'}]","[{'category': 'general', 'polarity': 'neutral'}]",1880
"Furthermore, the dish had no seasoning, so the sauce was bland and disgusting.","Furthermore, the rice had no seasoning, so the sushi was bland and disgusting.","['dish', 'seasoning', 'sauce']","[{'term': 'dish', 'polarity': 'negative'}, {'term': 'seasoning', 'polarity': 'negative'}, {'term': 'sauce', 'polarity': 'negative'}]","[{'category': 'general', 'polarity': 'neutral'}]",1890
"Furthermore, the seasoning had no seasoning, so the flavor was bland and disgusting.","Furthermore, the rice had no seasoning, so the sushi was bland and disgusting.","['seasoning', 'seasoning', 'flavor']","[{'term': 'seasoning', 'polarity': 'negative'}, {'term': 'seasoning', 'polarity': 'negative'}, {'term': 'flavor', 'polarity': 'negative'}]","[{'category': 'general', 'polarity': 'neutral'}]",1893
"Even with a relatively inexpensive meal, if you can call $70.00 inexpensive, the prices is through the roof for better than average fare.","Even with a relatively inexpensive botle of wine, if you can call $70.00 inexpensive, the cost is through the roof for better than average fare.","['meal', 'prices']","[{'term': 'meal', 'polarity': 'negative'}, {'term': 'prices', 'polarity': 'conflict'}]","[{'category': 'general', 'polarity': 'neutral'}]",1902
"Even with a relatively inexpensive menu, if you can call $70.00 inexpensive, the prices is through the roof for better than average fare.","Even with a relatively inexpensive botle of wine, if you can call $70.00 inexpensive, the cost is through the roof for better than average fare.","['menu', 'prices']","[{'term': 'menu', 'polarity': 'negative'}, {'term': 'prices', 'polarity': 'conflict'}]","[{'category': 'general', 'polarity': 'neutral'}]",1905
"Even with a relatively inexpensive meal, if you can call $70.00 inexpensive, the restaurant is through the roof for better than average fare.","Even with a relatively inexpensive botle of wine, if you can call $70.00 inexpensive, the cost is through the roof for better than average fare.","['meal', 'restaurant']","[{'term': 'meal', 'polarity': 'negative'}, {'term': 'restaurant', 'polarity': 'conflict'}]","[{'category': 'general', 'polarity': 'neutral'}]",1907
"As a long-time patron of Mamoun's, I always figured that I had found the best late night Middle Eastern in the city.","As a long-time patron of Mamoun's, I always figured that I had found the best late night food spot in the city.",['Middle Eastern'],"[{'term': 'Middle Eastern', 'polarity': 'positive'}]","[{'category': 'general', 'polarity': 'neutral'}]",1908
Get the flavor of gari.,Get the tuna of gari.,['flavor'],"[{'term': 'flavor', 'polarity': 'positive'}]","[{'category': 'general', 'polarity': 'neutral'}]",1916
Get the ramen of gari.,Get the tuna of gari.,['ramen'],"[{'term': 'ramen', 'polarity': 'positive'}]","[{'category': 'general', 'polarity': 'neutral'}]",1919
"The ambiance is small and intimate and you may feel a little crowded, but the food is excellent and it's great for friends out, a romantic date, or a special occassion.","The place is small and intimate and you may feel a little crowded, but the service is excellent and it's great for friends out, a romantic date, or a special occassion.","['ambiance', 'food']","[{'term': 'ambiance', 'polarity': 'positive'}, {'term': 'food', 'polarity': 'negative'}]","[{'category': 'general', 'polarity': 'neutral'}]",1925
Here you get the portion control without feeling rigid.,Here you get the zen feel without feeling rigid.,['portion control'],"[{'term': 'portion control', 'polarity': 'positive'}]","[{'category': 'general', 'polarity': 'neutral'}]",1926
And their prices are very high - they actually think that they can get away with charging such amounts for such terrible food and service!,And their prices are very high - they actually think that they can get away with charging such prices for such terrible food and service!,"['prices', 'amounts', 'food', 'service']","[{'term': 'prices', 'polarity': 'negative'}, {'term': 'amounts', 'polarity': 'negative'}, {'term': 'food', 'polarity': 'negative'}, {'term': 'service', 'polarity': 'negative'}]","[{'category': 'general', 'polarity': 'neutral'}]",1933
And their prices are very high - they actually think that they can get away with charging such amount for such terrible food and service!,And their prices are very high - they actually think that they can get away with charging such prices for such terrible food and service!,"['prices', 'amount', 'food', 'service']","[{'term': 'prices', 'polarity': 'negative'}, {'term': 'amount', 'polarity': 'negative'}, {'term': 'food', 'polarity': 'negative'}, {'term': 'service', 'polarity': 'negative'}]","[{'category': 'general', 'polarity': 'neutral'}]",1935
And their prices are very high - they actually think that they can get away with charging such high prices for such terrible food and service!,And their prices are very high - they actually think that they can get away with charging such prices for such terrible food and service!,"['prices', 'high prices', 'food', 'service']","[{'term': 'prices', 'polarity': 'negative'}, {'term': 'high prices', 'polarity': 'negative'}, {'term': 'food', 'polarity': 'negative'}, {'term': 'service', 'polarity': 'negative'}]","[{'category': 'general', 'polarity': 'neutral'}]",1936
"While most people can attest to spending over $50 on dinner in New York times and hardly feeling a thing, the restaurants here are plentiful and unique.","While most people can attest to spending over $50 on drinks in New York bars and hardly feeling a thing, the drinks here are plentiful and unique.","['dinner', 'times', 'restaurants']","[{'term': 'dinner', 'polarity': 'negative'}, {'term': 'times', 'polarity': 'negative'}, {'term': 'restaurants', 'polarity': 'positive'}]","[{'category': 'general', 'polarity': 'neutral'}]",1938
"While most people can attest to spending over $50 on dinner in New York restaurants and hardly feeling a thing, the meals here are plentiful and unique.","While most people can attest to spending over $50 on drinks in New York bars and hardly feeling a thing, the drinks here are plentiful and unique.","['dinner', 'restaurants', 'meals']","[{'term': 'dinner', 'polarity': 'negative'}, {'term': 'restaurants', 'polarity': 'negative'}, {'term': 'meals', 'polarity': 'positive'}]","[{'category': 'general', 'polarity': 'neutral'}]",1939
"While most people can attest to spending over $50 on meals in New York restaurants and hardly feeling a thing, the dishes here are plentiful and unique.","While most people can attest to spending over $50 on drinks in New York bars and hardly feeling a thing, the drinks here are plentiful and unique.","['meals', 'restaurants', 'dishes']","[{'term': 'meals', 'polarity': 'negative'}, {'term': 'restaurants', 'polarity': 'negative'}, {'term': 'dishes', 'polarity': 'positive'}]","[{'category': 'general', 'polarity': 'neutral'}]",1940
"While most people can attest to spending over $50 on dinner in New York restaurants and hardly feeling a thing, the entrees here are plentiful and unique.","While most people can attest to spending over $50 on drinks in New York bars and hardly feeling a thing, the drinks here are plentiful and unique.","['dinner', 'restaurants', 'entrees']","[{'term': 'dinner', 'polarity': 'negative'}, {'term': 'restaurants', 'polarity': 'negative'}, {'term': 'entrees', 'polarity': 'positive'}]","[{'category': 'general', 'polarity': 'neutral'}]",1941
"While most people can attest to spending over $50 on coffee in New York streets and hardly feeling a thing, the gifts here are plentiful and unique.","While most people can attest to spending over $50 on drinks in New York bars and hardly feeling a thing, the drinks here are plentiful and unique.","['coffee', 'streets', 'gifts']","[{'term': 'coffee', 'polarity': 'negative'}, {'term': 'streets', 'polarity': 'negative'}, {'term': 'gifts', 'polarity': 'positive'}]","[{'category': 'general', 'polarity': 'neutral'}]",1942
"While most people can attest to spending over $50 on dinner in New York streets and hardly feeling a thing, the entrees here are plentiful and unique.","While most people can attest to spending over $50 on drinks in New York bars and hardly feeling a thing, the drinks here are plentiful and unique.","['dinner', 'streets', 'entrees']","[{'term': 'dinner', 'polarity': 'negative'}, {'term': 'streets', 'polarity': 'negative'}, {'term': 'entrees', 'polarity': 'positive'}]","[{'category': 'general', 'polarity': 'neutral'}]",1943
The appetizers and desserts plate are plentiful and can't wait to try the bruschetta or entrees.,The wine and cheese plate are plentiful and can't wait to try the fondue or table grilling.,"['appetizers', 'desserts', 'bruschetta', 'entrees']","[{'term': 'appetizers', 'polarity': 'positive'}, {'term': 'desserts', 'polarity': 'positive'}, {'term': 'bruschetta', 'polarity': 'positive'}, {'term': 'entrees', 'polarity': 'positive'}]","[{'category': 'general', 'polarity': 'neutral'}]",1944
The appetizers and entrees plate are plentiful and can't wait to try the dish or courses.,The wine and cheese plate are plentiful and can't wait to try the fondue or table grilling.,"['appetizers', 'entrees', 'dish', 'courses']","[{'term': 'appetizers', 'polarity': 'positive'}, {'term': 'entrees', 'polarity': 'positive'}, {'term': 'dish', 'polarity': 'positive'}, {'term': 'courses', 'polarity': 'positive'}]","[{'category': 'general', 'polarity': 'neutral'}]",1947
The dishes and silver plate are plentiful and can't wait to try the appetizers or entrees.,The wine and cheese plate are plentiful and can't wait to try the fondue or table grilling.,"['dishes', 'silver', 'appetizers', 'entrees']","[{'term': 'dishes', 'polarity': 'positive'}, {'term': 'silver', 'polarity': 'positive'}, {'term': 'appetizers', 'polarity': 'positive'}, {'term': 'entrees', 'polarity': 'positive'}]","[{'category': 'general', 'polarity': 'neutral'}]",1948
The appetizers and desserts plate are plentiful and can't wait to try the bruschetta or mousse.,The wine and cheese plate are plentiful and can't wait to try the fondue or table grilling.,"['appetizers', 'desserts', 'bruschetta', 'mousse']","[{'term': 'appetizers', 'polarity': 'positive'}, {'term': 'desserts', 'polarity': 'positive'}, {'term': 'bruschetta', 'polarity': 'positive'}, {'term': 'mousse', 'polarity': 'positive'}]","[{'category': 'general', 'polarity': 'neutral'}]",1949
I went with 5 friends and we lingered at the table for a bit and didn't feel rushed at all even though there was a line.,I went with 5 friends and we lingered at the table for a bit and didn't feel rushed at all even though there was a wait.,"['table', 'line']","[{'term': 'table', 'polarity': 'neutral'}, {'term': 'line', 'polarity': 'negative'}]","[{'category': 'general', 'polarity': 'neutral'}]",1951
I went with 5 friends and we lingered at the tables for a bit and didn't feel rushed at all even though there was a crowd.,I went with 5 friends and we lingered at the table for a bit and didn't feel rushed at all even though there was a wait.,"['tables', 'crowd']","[{'term': 'tables', 'polarity': 'neutral'}, {'term': 'crowd', 'polarity': 'negative'}]","[{'category': 'general', 'polarity': 'neutral'}]",1954
"We shared a appetizers, an order of fries, and she had the salad while I had the sandwich.","We shared a bottle of sake, an order of edamames, and she had the sushi plate while I had the sashimi.","['appetizers', 'fries', 'salad', 'sandwich']","[{'term': 'appetizers', 'polarity': 'neutral'}, {'term': 'fries', 'polarity': 'neutral'}, {'term': 'salad', 'polarity': 'neutral'}, {'term': 'sandwich', 'polarity': 'neutral'}]","[{'category': 'general', 'polarity': 'neutral'}]",1963
"We shared a appetizer, an order of fries, and she had the salad while I had the burger.","We shared a bottle of sake, an order of edamames, and she had the sushi plate while I had the sashimi.","['appetizer', 'fries', 'salad', 'burger']","[{'term': 'appetizer', 'polarity': 'neutral'}, {'term': 'fries', 'polarity': 'neutral'}, {'term': 'salad', 'polarity': 'neutral'}, {'term': 'burger', 'polarity': 'neutral'}]","[{'category': 'general', 'polarity': 'neutral'}]",1965
"Each table has a dining sunken into its surface, and you get platters of thin sliced meat, various vegevegetabless, and rice and noodles.","Each table has a pot of boiling water sunken into its surface, and you get platters of thin sliced meats, various vegetables, and rice and glass noodles.","['table', 'dining', 'meat', 'vegetables', 'rice', 'noodles']","[{'term': 'table', 'polarity': 'neutral'}, {'term': 'dining', 'polarity': 'neutral'}, {'term': 'meat', 'polarity': 'neutral'}, {'term': 'vegetables', 'polarity': 'neutral'}, {'term': 'rice', 'polarity': 'neutral'}, {'term': 'noodles', 'polarity': 'neutral'}]","[{'category': 'general', 'polarity': 'neutral'}]",1968
"Each plate has a deep sunken into its surface, and you get platters of thin sliced meat, various vegevegetabless, and rice and noodles.","Each table has a pot of boiling water sunken into its surface, and you get platters of thin sliced meats, various vegetables, and rice and glass noodles.","['plate', 'deep', 'meat', 'vegetables', 'rice', 'noodles']","[{'term': 'plate', 'polarity': 'neutral'}, {'term': 'deep', 'polarity': 'neutral'}, {'term': 'meat', 'polarity': 'neutral'}, {'term': 'vegetables', 'polarity': 'neutral'}, {'term': 'rice', 'polarity': 'neutral'}, {'term': 'noodles', 'polarity': 'neutral'}]","[{'category': 'general', 'polarity': 'neutral'}]",1969
"Each table has a hole sunken into its surface, and you get platters of thin sliced meat, various vegevegetabless, and rice and noodles.","Each table has a pot of boiling water sunken into its surface, and you get platters of thin sliced meats, various vegetables, and rice and glass noodles.","['table', 'hole', 'meat', 'vegetables', 'rice', 'noodles']","[{'term': 'table', 'polarity': 'neutral'}, {'term': 'hole', 'polarity': 'neutral'}, {'term': 'meat', 'polarity': 'neutral'}, {'term': 'vegetables', 'polarity': 'neutral'}, {'term': 'rice', 'polarity': 'neutral'}, {'term': 'noodles', 'polarity': 'neutral'}]","[{'category': 'general', 'polarity': 'neutral'}]",1970
"Each cracker has a indentation sunken into its surface, and you get platters of thin sliced meat, various vegesaladss, and pickles and dill.","Each table has a pot of boiling water sunken into its surface, and you get platters of thin sliced meats, various vegetables, and rice and glass noodles.","['cracker', 'indentation', 'meat', 'salads', 'pickles', 'dill']","[{'term': 'cracker', 'polarity': 'neutral'}, {'term': 'indentation', 'polarity': 'neutral'}, {'term': 'meat', 'polarity': 'neutral'}, {'term': 'salads', 'polarity': 'neutral'}, {'term': 'pickles', 'polarity': 'neutral'}, {'term': 'dill', 'polarity': 'neutral'}]","[{'category': 'general', 'polarity': 'neutral'}]",1971
"Each table has a dimple sunken into its surface, and you get platters of thin sliced meat, various vegevegetabless, and rice and bread.","Each table has a pot of boiling water sunken into its surface, and you get platters of thin sliced meats, various vegetables, and rice and glass noodles.","['table', 'dimple', 'meat', 'vegetables', 'rice', 'bread']","[{'term': 'table', 'polarity': 'neutral'}, {'term': 'dimple', 'polarity': 'neutral'}, {'term': 'meat', 'polarity': 'neutral'}, {'term': 'vegetables', 'polarity': 'neutral'}, {'term': 'rice', 'polarity': 'neutral'}, {'term': 'bread', 'polarity': 'neutral'}]","[{'category': 'general', 'polarity': 'neutral'}]",1972
"Each table has a depression sunken into its surface, and you get platters of thin sliced meat, various vegevegetabless, and dishes and utensils.","Each table has a pot of boiling water sunken into its surface, and you get platters of thin sliced meats, various vegetables, and rice and glass noodles.","['table', 'depression', 'meat', 'vegetables', 'dishes', 'utensils']","[{'term': 'table', 'polarity': 'neutral'}, {'term': 'depression', 'polarity': 'neutral'}, {'term': 'meat', 'polarity': 'neutral'}, {'term': 'vegetables', 'polarity': 'neutral'}, {'term': 'dishes', 'polarity': 'neutral'}, {'term': 'utensils', 'polarity': 'neutral'}]","[{'category': 'general', 'polarity': 'neutral'}]",1973
The Pizza is the best if you like thin crusted pie.,The pizza is the best if you like thin crusted pizza.,"['Pizza', 'pie']","[{'term': 'Pizza', 'polarity': 'positive'}, {'term': 'pie', 'polarity': 'neutral'}]","[{'category': 'general', 'polarity': 'neutral'}]",1976
The backrests are uncomfortable if you are sitting against the wall on wooden benches.,The seats are uncomfortable if you are sitting against the wall on wooden benches.,['backrests'],"[{'term': 'backrests', 'polarity': 'negative'}]","[{'category': 'general', 'polarity': 'neutral'}]",1980
The chairs are uncomfortable if you are sitting against the wall on wooden benches.,The seats are uncomfortable if you are sitting against the wall on wooden benches.,['chairs'],"[{'term': 'chairs', 'polarity': 'negative'}]","[{'category': 'general', 'polarity': 'neutral'}]",1982
The seats are uncomfortable if you are sitting against the wall on wooden benches.,The seats are uncomfortable if you are sitting against the wall on wooden benches.,['seats'],"[{'term': 'seats', 'polarity': 'negative'}]","[{'category': 'general', 'polarity': 'neutral'}]",1985
"Great dining, good size portion, great service and an unpretensious atmosphere.","Great food, good size menu, great service and an unpretensious setting.","['dining', 'portion', 'service', 'atmosphere']","[{'term': 'dining', 'polarity': 'positive'}, {'term': 'portion', 'polarity': 'positive'}, {'term': 'service', 'polarity': 'positive'}, {'term': 'atmosphere', 'polarity': 'positive'}]","[{'category': 'general', 'polarity': 'neutral'}]",1993
"Great food, good size portions, great service and an unpretensious atmosphere.","Great food, good size menu, great service and an unpretensious setting.","['food', 'portions', 'service', 'atmosphere']","[{'term': 'food', 'polarity': 'positive'}, {'term': 'portions', 'polarity': 'positive'}, {'term': 'service', 'polarity': 'positive'}, {'term': 'atmosphere', 'polarity': 'positive'}]","[{'category': 'general', 'polarity': 'neutral'}]",1994
"Great restaurant, good size portion, great food and an unpretensious atmosphere.","Great food, good size menu, great service and an unpretensious setting.","['restaurant', 'portion', 'food', 'atmosphere']","[{'term': 'restaurant', 'polarity': 'positive'}, {'term': 'portion', 'polarity': 'positive'}, {'term': 'food', 'polarity': 'positive'}, {'term': 'atmosphere', 'polarity': 'positive'}]","[{'category': 'general', 'polarity': 'neutral'}]",1996
"Great restaurant, good size portions, great food and an unpretensious atmosphere.","Great food, good size menu, great service and an unpretensious setting.","['restaurant', 'portions', 'food', 'atmosphere']","[{'term': 'restaurant', 'polarity': 'positive'}, {'term': 'portions', 'polarity': 'positive'}, {'term': 'food', 'polarity': 'positive'}, {'term': 'atmosphere', 'polarity': 'positive'}]","[{'category': 'general', 'polarity': 'neutral'}]",1997
They are often staffed on the weekends but they are efficient and accurate with their orders.,They are often crowded on the weekends but they are efficient and accurate with their service.,"['staffed', 'orders']","[{'term': 'staffed', 'polarity': 'positive'}, {'term': 'orders', 'polarity': 'negative'}]","[{'category': 'general', 'polarity': 'neutral'}]",2002
"It may be a bit busy on weekends, but the service is good and it is the best dining you will find in the area.","It may be a bit packed on weekends, but the vibe is good and it is the best French food you will find in the area.","['busy', 'service', 'dining']","[{'term': 'busy', 'polarity': 'positive'}, {'term': 'service', 'polarity': 'positive'}, {'term': 'dining', 'polarity': 'negative'}]","[{'category': 'general', 'polarity': 'neutral'}]",2004
"It may be a bit busy on weekends, but the food is good and it is the best restaurant you will find in the area.","It may be a bit packed on weekends, but the vibe is good and it is the best French food you will find in the area.","['busy', 'food', 'restaurant']","[{'term': 'busy', 'polarity': 'positive'}, {'term': 'food', 'polarity': 'positive'}, {'term': 'restaurant', 'polarity': 'negative'}]","[{'category': 'general', 'polarity': 'neutral'}]",2005
"It may be a bit busy on weekends, but the food is good and it is the best brunch you will find in the area.","It may be a bit packed on weekends, but the vibe is good and it is the best French food you will find in the area.","['busy', 'food', 'brunch']","[{'term': 'busy', 'polarity': 'positive'}, {'term': 'food', 'polarity': 'positive'}, {'term': 'brunch', 'polarity': 'negative'}]","[{'category': 'general', 'polarity': 'neutral'}]",2007
"It may be a bit busy on weekends, but the service is good and it is the best breakfast you will find in the area.","It may be a bit packed on weekends, but the vibe is good and it is the best French food you will find in the area.","['busy', 'service', 'breakfast']","[{'term': 'busy', 'polarity': 'positive'}, {'term': 'service', 'polarity': 'positive'}, {'term': 'breakfast', 'polarity': 'negative'}]","[{'category': 'general', 'polarity': 'neutral'}]",2009
"food was average and service was awful - the meat was charred, not caramelized and smelled of kerosene.","Food was average and creme brulee was awful - the sugar was charred, not caramelized and smelled of kerosene.","['food', 'service', 'meat']","[{'term': 'food', 'polarity': 'neutral'}, {'term': 'service', 'polarity': 'negative'}, {'term': 'meat', 'polarity': 'negative'}]","[{'category': 'general', 'polarity': 'neutral'}]",2012
"food was average and service was awful - the onion was charred, not caramelized and smelled of kerosene.","Food was average and creme brulee was awful - the sugar was charred, not caramelized and smelled of kerosene.","['food', 'service', 'onion']","[{'term': 'food', 'polarity': 'neutral'}, {'term': 'service', 'polarity': 'negative'}, {'term': 'onion', 'polarity': 'negative'}]","[{'category': 'general', 'polarity': 'neutral'}]",2013
"food was average and service was awful - the steak was charred, not caramelized and smelled of kerosene.","Food was average and creme brulee was awful - the sugar was charred, not caramelized and smelled of kerosene.","['food', 'service', 'steak']","[{'term': 'food', 'polarity': 'neutral'}, {'term': 'service', 'polarity': 'negative'}, {'term': 'steak', 'polarity': 'negative'}]","[{'category': 'general', 'polarity': 'neutral'}]",2014
"service could be improved but overall this is a place that understands the importance of little things (the heavy, black, antique-seeming door, for one) in the restaurant experience.","Service could be improved but overall this is a place that understands the importance of little things (the heavy, black, antique-seeming teapot, for one) in the restaurant experience.","['service', 'door']","[{'term': 'service', 'polarity': 'negative'}, {'term': 'door', 'polarity': 'positive'}]","[{'category': 'general', 'polarity': 'neutral'}]",2016
"decor could be improved but overall this is a place that understands the importance of little things (the heavy, black, antique-seeming wooden door, for one) in the restaurant experience.","Service could be improved but overall this is a place that understands the importance of little things (the heavy, black, antique-seeming teapot, for one) in the restaurant experience.","['decor', 'wooden door']","[{'term': 'decor', 'polarity': 'negative'}, {'term': 'wooden door', 'polarity': 'positive'}]","[{'category': 'general', 'polarity': 'neutral'}]",2017
"decor could be improved but overall this is a place that understands the importance of little things (the heavy, black, antique-seeming chandelier, for one) in the restaurant experience.","Service could be improved but overall this is a place that understands the importance of little things (the heavy, black, antique-seeming teapot, for one) in the restaurant experience.","['decor', 'chandelier']","[{'term': 'decor', 'polarity': 'negative'}, {'term': 'chandelier', 'polarity': 'positive'}]","[{'category': 'general', 'polarity': 'neutral'}]",2018
"ambiance could be improved but overall this is a place that understands the importance of little things (the heavy, black, antique-seeming chandelier, for one) in the restaurant experience.","Service could be improved but overall this is a place that understands the importance of little things (the heavy, black, antique-seeming teapot, for one) in the restaurant experience.","['ambiance', 'chandelier']","[{'term': 'ambiance', 'polarity': 'negative'}, {'term': 'chandelier', 'polarity': 'positive'}]","[{'category': 'general', 'polarity': 'neutral'}]",2019
Try their wings with fresh strawberries or mangoes.,Try their plain pizza with fresh garlic or eggplant.,"['wings', 'strawberries', 'mangoes']","[{'term': 'wings', 'polarity': 'positive'}, {'term': 'strawberries', 'polarity': 'positive'}, {'term': 'mangoes', 'polarity': 'positive'}]","[{'category': 'general', 'polarity': 'neutral'}]",2028
Try their menu with fresh strawberries or berries.,Try their plain pizza with fresh garlic or eggplant.,"['menu', 'strawberries', 'berries']","[{'term': 'menu', 'polarity': 'positive'}, {'term': 'strawberries', 'polarity': 'positive'}, {'term': 'berries', 'polarity': 'positive'}]","[{'category': 'general', 'polarity': 'neutral'}]",2029
Try their appetizers with fresh herbs or vegetables.,Try their plain pizza with fresh garlic or eggplant.,"['appetizers', 'herbs', 'vegetables']","[{'term': 'appetizers', 'polarity': 'positive'}, {'term': 'herbs', 'polarity': 'positive'}, {'term': 'vegetables', 'polarity': 'positive'}]","[{'category': 'general', 'polarity': 'neutral'}]",2030
Try their dishes with fresh herbs or spices.,Try their plain pizza with fresh garlic or eggplant.,"['dishes', 'herbs', 'spices']","[{'term': 'dishes', 'polarity': 'positive'}, {'term': 'herbs', 'polarity': 'positive'}, {'term': 'spices', 'polarity': 'positive'}]","[{'category': 'general', 'polarity': 'neutral'}]",2031
Try their cocktails with fresh mango or pineapple.,Try their plain pizza with fresh garlic or eggplant.,"['cocktails', 'mango', 'pineapple']","[{'term': 'cocktails', 'polarity': 'positive'}, {'term': 'mango', 'polarity': 'positive'}, {'term': 'pineapple', 'polarity': 'positive'}]","[{'category': 'general', 'polarity': 'neutral'}]",2032
Try their appetizers with fresh salad or greens.,Try their plain pizza with fresh garlic or eggplant.,"['appetizers', 'salad', 'greens']","[{'term': 'appetizers', 'polarity': 'positive'}, {'term': 'salad', 'polarity': 'positive'}, {'term': 'greens', 'polarity': 'positive'}]","[{'category': 'general', 'polarity': 'neutral'}]",2033
"Get your sandwiches to go, find a bench, and kick back with a beer.","Get your food to go, find a bench, and kick back with a plate of dumplings.","['sandwiches', 'beer']","[{'term': 'sandwiches', 'polarity': 'neutral'}, {'term': 'beer', 'polarity': 'positive'}]","[{'category': 'general', 'polarity': 'neutral'}]",2036
"While certain dishes are excellent (the sushi, some of the options), the ambiance is not really the point.","While certain staples are excellent (the burger, some of the pastas), the food is not really the point.","['dishes', 'sushi', 'options', 'ambiance']","[{'term': 'dishes', 'polarity': 'positive'}, {'term': 'sushi', 'polarity': 'positive'}, {'term': 'options', 'polarity': 'neutral'}, {'term': 'ambiance', 'polarity': 'positive'}]","[{'category': 'general', 'polarity': 'neutral'}]",2052
"While certain dishes are excellent (the soup, some of the appetizers), the atmosphere is not really the point.","While certain staples are excellent (the burger, some of the pastas), the food is not really the point.","['dishes', 'soup', 'appetizers', 'atmosphere']","[{'term': 'dishes', 'polarity': 'positive'}, {'term': 'soup', 'polarity': 'positive'}, {'term': 'appetizers', 'polarity': 'neutral'}, {'term': 'atmosphere', 'polarity': 'positive'}]","[{'category': 'general', 'polarity': 'neutral'}]",2053
"While certain dishes are excellent (the dishes, some of the courses), the ambiance is not really the point.","While certain staples are excellent (the burger, some of the pastas), the food is not really the point.","['dishes', 'dishes', 'courses', 'ambiance']","[{'term': 'dishes', 'polarity': 'positive'}, {'term': 'dishes', 'polarity': 'positive'}, {'term': 'courses', 'polarity': 'neutral'}, {'term': 'ambiance', 'polarity': 'positive'}]","[{'category': 'general', 'polarity': 'neutral'}]",2054
"While certain dishes are excellent (the salad, some of the appetizers), the ambiance is not really the point.","While certain staples are excellent (the burger, some of the pastas), the food is not really the point.","['dishes', 'salad', 'appetizers', 'ambiance']","[{'term': 'dishes', 'polarity': 'positive'}, {'term': 'salad', 'polarity': 'positive'}, {'term': 'appetizers', 'polarity': 'neutral'}, {'term': 'ambiance', 'polarity': 'positive'}]","[{'category': 'general', 'polarity': 'neutral'}]",2055
"While certain dishes are excellent (the dish, some of the entrees), the ambiance is not really the point.","While certain staples are excellent (the burger, some of the pastas), the food is not really the point.","['dishes', 'dish', 'entrees', 'ambiance']","[{'term': 'dishes', 'polarity': 'positive'}, {'term': 'dish', 'polarity': 'positive'}, {'term': 'entrees', 'polarity': 'neutral'}, {'term': 'ambiance', 'polarity': 'positive'}]","[{'category': 'general', 'polarity': 'neutral'}]",2056
"While certain dishes are excellent (the dish, some of the others), the atmosphere is not really the point.","While certain staples are excellent (the burger, some of the pastas), the food is not really the point.","['dishes', 'dish', 'others', 'atmosphere']","[{'term': 'dishes', 'polarity': 'positive'}, {'term': 'dish', 'polarity': 'positive'}, {'term': 'others', 'polarity': 'neutral'}, {'term': 'atmosphere', 'polarity': 'positive'}]","[{'category': 'general', 'polarity': 'neutral'}]",2057
Raga stands out with an interesting unique concept.,Raga stands out with an interesting fusion of French and Indian cooking.,['unique concept'],"[{'term': 'unique concept', 'polarity': 'positive'}]","[{'category': 'general', 'polarity': 'neutral'}]",2060
Raga stands out with an interesting storyline.,Raga stands out with an interesting fusion of French and Indian cooking.,['storyline'],"[{'term': 'storyline', 'polarity': 'positive'}]","[{'category': 'general', 'polarity': 'neutral'}]",2061
"Over the years, it has always provided a pleasurable dining experience with quality food and ambiance.","Over the years, it has always provided a pleasurable dining experience with quality food and wine.","['dining', 'food', 'ambiance']","[{'term': 'dining', 'polarity': 'positive'}, {'term': 'food', 'polarity': 'positive'}, {'term': 'ambiance', 'polarity': 'positive'}]","[{'category': 'general', 'polarity': 'neutral'}]",2076
We were fans of the ambiance until some inedible mush during a recent visit.,We were fans of the half-price Saturday night option until some inedible squid during a recent visit.,"['ambiance', 'mush']","[{'term': 'ambiance', 'polarity': 'negative'}, {'term': 'mush', 'polarity': 'positive'}]","[{'category': 'general', 'polarity': 'neutral'}]",2082
We were fans of the menu until some inedible dish during a recent visit.,We were fans of the half-price Saturday night option until some inedible squid during a recent visit.,"['menu', 'dish']","[{'term': 'menu', 'polarity': 'negative'}, {'term': 'dish', 'polarity': 'positive'}]","[{'category': 'general', 'polarity': 'neutral'}]",2083
We were fans of the dishes until some inedible morsels during a recent visit.,We were fans of the half-price Saturday night option until some inedible squid during a recent visit.,"['dishes', 'morsels']","[{'term': 'dishes', 'polarity': 'negative'}, {'term': 'morsels', 'polarity': 'positive'}]","[{'category': 'general', 'polarity': 'neutral'}]",2084
We were fans of the dishes until some inedible mush during a recent visit.,We were fans of the half-price Saturday night option until some inedible squid during a recent visit.,"['dishes', 'mush']","[{'term': 'dishes', 'polarity': 'negative'}, {'term': 'mush', 'polarity': 'positive'}]","[{'category': 'general', 'polarity': 'neutral'}]",2085
"From flavors, the flavors were incredible, to the delicious dishes, we were delighted by the flavors sensations.","From beginning appetizers, the scallops were incredible, to the delicious chocolate souffle with rasberry mint sorbet, we were delighted by the taste sensations.","['flavors', 'flavors', 'dishes', 'flavors']","[{'term': 'flavors', 'polarity': 'positive'}, {'term': 'flavors', 'polarity': 'positive'}, {'term': 'dishes', 'polarity': 'positive'}, {'term': 'flavors', 'polarity': 'positive'}]","[{'category': 'general', 'polarity': 'neutral'}]",2088
"From kitchen, the dishes were incredible, to the delicious appetizers, we were delighted by the taste sensations.","From beginning appetizers, the scallops were incredible, to the delicious chocolate souffle with rasberry mint sorbet, we were delighted by the taste sensations.","['kitchen', 'dishes', 'appetizers', 'taste']","[{'term': 'kitchen', 'polarity': 'positive'}, {'term': 'dishes', 'polarity': 'positive'}, {'term': 'appetizers', 'polarity': 'positive'}, {'term': 'taste', 'polarity': 'positive'}]","[{'category': 'general', 'polarity': 'neutral'}]",2089
"From waiters, the waitstaff were incredible, to the delicious appetizers, we were delighted by the tastes sensations.","From beginning appetizers, the scallops were incredible, to the delicious chocolate souffle with rasberry mint sorbet, we were delighted by the taste sensations.","['waiters', 'waitstaff', 'appetizers', 'tastes']","[{'term': 'waiters', 'polarity': 'positive'}, {'term': 'waitstaff', 'polarity': 'positive'}, {'term': 'appetizers', 'polarity': 'positive'}, {'term': 'tastes', 'polarity': 'positive'}]","[{'category': 'general', 'polarity': 'neutral'}]",2090
"From appetizers, the starters were incredible, to the delicious entrees, we were delighted by the flavors sensations.","From beginning appetizers, the scallops were incredible, to the delicious chocolate souffle with rasberry mint sorbet, we were delighted by the taste sensations.","['appetizers', 'starters', 'entrees', 'flavors']","[{'term': 'appetizers', 'polarity': 'positive'}, {'term': 'starters', 'polarity': 'positive'}, {'term': 'entrees', 'polarity': 'positive'}, {'term': 'flavors', 'polarity': 'positive'}]","[{'category': 'general', 'polarity': 'neutral'}]",2091
"From flavors, the dishes were incredible, to the delicious appetizers, we were delighted by the culinary sensations.","From beginning appetizers, the scallops were incredible, to the delicious chocolate souffle with rasberry mint sorbet, we were delighted by the taste sensations.","['flavors', 'dishes', 'appetizers', 'culinary']","[{'term': 'flavors', 'polarity': 'positive'}, {'term': 'dishes', 'polarity': 'positive'}, {'term': 'appetizers', 'polarity': 'positive'}, {'term': 'culinary', 'polarity': 'positive'}]","[{'category': 'general', 'polarity': 'neutral'}]",2092
"From appetizers, the appetizers were incredible, to the delicious dishes, we were delighted by the flavors sensations.","From beginning appetizers, the scallops were incredible, to the delicious chocolate souffle with rasberry mint sorbet, we were delighted by the taste sensations.","['appetizers', 'appetizers', 'dishes', 'flavors']","[{'term': 'appetizers', 'polarity': 'positive'}, {'term': 'appetizers', 'polarity': 'positive'}, {'term': 'dishes', 'polarity': 'positive'}, {'term': 'flavors', 'polarity': 'positive'}]","[{'category': 'general', 'polarity': 'neutral'}]",2093
"Very excited to hear that short-term CEO Jason Narone has moved on, he truly was a low point of their Sterling track record.","Very excited to hear that short-term Chef Jason Narone has moved on, he truly was a low point of their Sterling track record.",['CEO'],"[{'term': 'CEO', 'polarity': 'negative'}]","[{'category': 'general', 'polarity': 'neutral'}]",2097
"Very excited to hear that short-term stint Jason Narone has moved on, he truly was a low point of their Sterling track record.","Very excited to hear that short-term Chef Jason Narone has moved on, he truly was a low point of their Sterling track record.",['stint'],"[{'term': 'stint', 'polarity': 'negative'}]","[{'category': 'general', 'polarity': 'neutral'}]",2098
The bread was soggy and the creative salad we had was drenched with dressing in the middle( again making it soggy) and nothingon the rest.,The plain pizza was soggy and the creative wild mushroom(third generation-Fornini) pizza we had was drenched with truffle oil in the middle( again making it soggy) and nothingon the rest.,"['bread', 'salad', 'dressing']","[{'term': 'bread', 'polarity': 'negative'}, {'term': 'salad', 'polarity': 'neutral'}, {'term': 'dressing', 'polarity': 'positive'}]","[{'category': 'general', 'polarity': 'neutral'}]",2100
The bread was soggy and the creative dish we had was drenched with sauce in the middle( again making it soggy) and nothingon the rest.,The plain pizza was soggy and the creative wild mushroom(third generation-Fornini) pizza we had was drenched with truffle oil in the middle( again making it soggy) and nothingon the rest.,"['bread', 'dish', 'sauce']","[{'term': 'bread', 'polarity': 'negative'}, {'term': 'dish', 'polarity': 'neutral'}, {'term': 'sauce', 'polarity': 'positive'}]","[{'category': 'general', 'polarity': 'neutral'}]",2101
The bun was soggy and the creative appetizers we had was drenched with sauce in the middle( again making it soggy) and nothingon the rest.,The plain pizza was soggy and the creative wild mushroom(third generation-Fornini) pizza we had was drenched with truffle oil in the middle( again making it soggy) and nothingon the rest.,"['bun', 'appetizers', 'sauce']","[{'term': 'bun', 'polarity': 'negative'}, {'term': 'appetizers', 'polarity': 'neutral'}, {'term': 'sauce', 'polarity': 'positive'}]","[{'category': 'general', 'polarity': 'neutral'}]",2102
The English muffin was soggy and the creative dish we had was drenched with water in the middle( again making it soggy) and nothingon the rest.,The plain pizza was soggy and the creative wild mushroom(third generation-Fornini) pizza we had was drenched with truffle oil in the middle( again making it soggy) and nothingon the rest.,"['English muffin', 'dish', 'water']","[{'term': 'English muffin', 'polarity': 'negative'}, {'term': 'dish', 'polarity': 'neutral'}, {'term': 'water', 'polarity': 'positive'}]","[{'category': 'general', 'polarity': 'neutral'}]",2103
The French fries was soggy and the creative appetizers we had was drenched with mayonnaise in the middle( again making it soggy) and nothingon the rest.,The plain pizza was soggy and the creative wild mushroom(third generation-Fornini) pizza we had was drenched with truffle oil in the middle( again making it soggy) and nothingon the rest.,"['French fries', 'appetizers', 'mayonnaise']","[{'term': 'French fries', 'polarity': 'negative'}, {'term': 'appetizers', 'polarity': 'neutral'}, {'term': 'mayonnaise', 'polarity': 'positive'}]","[{'category': 'general', 'polarity': 'neutral'}]",2104
The bread was soggy and the creative appetizer we had was drenched with sauce in the middle( again making it soggy) and nothingon the rest.,The plain pizza was soggy and the creative wild mushroom(third generation-Fornini) pizza we had was drenched with truffle oil in the middle( again making it soggy) and nothingon the rest.,"['bread', 'appetizer', 'sauce']","[{'term': 'bread', 'polarity': 'negative'}, {'term': 'appetizer', 'polarity': 'neutral'}, {'term': 'sauce', 'polarity': 'positive'}]","[{'category': 'general', 'polarity': 'neutral'}]",2105
Went there with my wife and we had to wait for a tables even though you could see there many that were empty with not customers on them.,Went there with my wife and we had to wait for a table even though you could see there many that were empty with not reservation sigh on them.,"['tables', 'customers']","[{'term': 'tables', 'polarity': 'neutral'}, {'term': 'customers', 'polarity': 'negative'}]","[{'category': 'general', 'polarity': 'neutral'}]",2110
Been going here since it opened have seen the prices decrease considerably.,Been going here since it opened have seen the quality value decrease considerably.,['prices'],"[{'term': 'prices', 'polarity': 'negative'}]","[{'category': 'general', 'polarity': 'neutral'}]",2118
Been going here since it opened have seen the quality decrease considerably.,Been going here since it opened have seen the quality value decrease considerably.,['quality'],"[{'term': 'quality', 'polarity': 'negative'}]","[{'category': 'general', 'polarity': 'neutral'}]",2122
Been going here since it opened have seen the quality decrease considerably.,Been going here since it opened have seen the quality value decrease considerably.,['quality'],"[{'term': 'quality', 'polarity': 'negative'}]","[{'category': 'general', 'polarity': 'neutral'}]",2123
They don't walk around with the waiters.,They don't walk around with the trays of Dim Sum.,['waiters'],"[{'term': 'waiters', 'polarity': 'neutral'}]","[{'category': 'general', 'polarity': 'neutral'}]",2125
If you like sushi get the miso soup.,If you like spicy food get the chicken vindaloo.,"['sushi', 'miso soup']","[{'term': 'sushi', 'polarity': 'neutral'}, {'term': 'miso soup', 'polarity': 'neutral'}]","[{'category': 'general', 'polarity': 'neutral'}]",2130
If you like dining get the dish.,If you like spicy food get the chicken vindaloo.,"['dining', 'dish']","[{'term': 'dining', 'polarity': 'neutral'}, {'term': 'dish', 'polarity': 'neutral'}]","[{'category': 'general', 'polarity': 'neutral'}]",2131
If you like Italian get the lasagna.,If you like spicy food get the chicken vindaloo.,"['Italian', 'lasagna']","[{'term': 'Italian', 'polarity': 'neutral'}, {'term': 'lasagna', 'polarity': 'neutral'}]","[{'category': 'general', 'polarity': 'neutral'}]",2133
If you like coffee get the latte.,If you like spicy food get the chicken vindaloo.,"['coffee', 'latte']","[{'term': 'coffee', 'polarity': 'neutral'}, {'term': 'latte', 'polarity': 'neutral'}]","[{'category': 'general', 'polarity': 'neutral'}]",2134
If you like dining get the appetizer.,If you like spicy food get the chicken vindaloo.,"['dining', 'appetizer']","[{'term': 'dining', 'polarity': 'neutral'}, {'term': 'appetizer', 'polarity': 'neutral'}]","[{'category': 'general', 'polarity': 'neutral'}]",2135
"So much more than the usual fare, go there to enjoy the ambiance while sampling one of their dishes.","So much more than the usual bar food, go there to enjoy the menu while sampling one of their hand-crafted beers.","['fare', 'ambiance', 'dishes']","[{'term': 'fare', 'polarity': 'positive'}, {'term': 'ambiance', 'polarity': 'positive'}, {'term': 'dishes', 'polarity': 'positive'}]","[{'category': 'general', 'polarity': 'neutral'}]",2136
"So much more than the usual dining, go there to enjoy the ambiance while sampling one of their dishes.","So much more than the usual bar food, go there to enjoy the menu while sampling one of their hand-crafted beers.","['dining', 'ambiance', 'dishes']","[{'term': 'dining', 'polarity': 'positive'}, {'term': 'ambiance', 'polarity': 'positive'}, {'term': 'dishes', 'polarity': 'positive'}]","[{'category': 'general', 'polarity': 'neutral'}]",2137
"So much more than the usual chain, go there to enjoy the atmosphere while sampling one of their dishes.","So much more than the usual bar food, go there to enjoy the menu while sampling one of their hand-crafted beers.","['chain', 'atmosphere', 'dishes']","[{'term': 'chain', 'polarity': 'positive'}, {'term': 'atmosphere', 'polarity': 'positive'}, {'term': 'dishes', 'polarity': 'positive'}]","[{'category': 'general', 'polarity': 'neutral'}]",2139
"So much more than the usual chain, go there to enjoy the ambiance while sampling one of their dishes.","So much more than the usual bar food, go there to enjoy the menu while sampling one of their hand-crafted beers.","['chain', 'ambiance', 'dishes']","[{'term': 'chain', 'polarity': 'positive'}, {'term': 'ambiance', 'polarity': 'positive'}, {'term': 'dishes', 'polarity': 'positive'}]","[{'category': 'general', 'polarity': 'neutral'}]",2140
"Nha Trang, while being notorious for utter lack of service and ambience, horribly slow service and horribly quick delivery, is one of the best vietnamese restaurants i've ever been to. the sauce is delicious and comes with very fresh vegetables.","Nha Trang, while being notorious for utter lack of comfort and decor, horribly slow wait staff and horribly quick meals, is one of the best vietnamese restaurants i've ever been to. the pho is delicious and comes with very fresh vegtables.","['service', 'ambience', 'service', 'delivery', 'sauce', 'vegetables']","[{'term': 'service', 'polarity': 'negative'}, {'term': 'ambience', 'polarity': 'negative'}, {'term': 'service', 'polarity': 'negative'}, {'term': 'delivery', 'polarity': 'negative'}, {'term': 'sauce', 'polarity': 'positive'}, {'term': 'vegetables', 'polarity': 'positive'}]","[{'category': 'general', 'polarity': 'neutral'}]",2148
"Nha Trang, while being notorious for utter lack of service and atmosphere, horribly slow service and horribly quick service, is one of the best vietnamese restaurants i've ever been to. the waiter is delicious and comes with very fresh vegetables.","Nha Trang, while being notorious for utter lack of comfort and decor, horribly slow wait staff and horribly quick meals, is one of the best vietnamese restaurants i've ever been to. the pho is delicious and comes with very fresh vegtables.","['service', 'atmosphere', 'service', 'service', 'waiter', 'vegetables']","[{'term': 'service', 'polarity': 'negative'}, {'term': 'atmosphere', 'polarity': 'negative'}, {'term': 'service', 'polarity': 'negative'}, {'term': 'service', 'polarity': 'negative'}, {'term': 'waiter', 'polarity': 'positive'}, {'term': 'vegetables', 'polarity': 'positive'}]","[{'category': 'general', 'polarity': 'neutral'}]",2150
"Nha Trang, while being notorious for utter lack of hygiene and cleanliness, horribly slow service and horribly quick serving, is one of the best vietnamese restaurants i've ever been to. the ingredients is delicious and comes with very fresh vegetables.","Nha Trang, while being notorious for utter lack of comfort and decor, horribly slow wait staff and horribly quick meals, is one of the best vietnamese restaurants i've ever been to. the pho is delicious and comes with very fresh vegtables.","['hygiene', 'cleanliness', 'service', 'serving', 'ingredients', 'vegetables']","[{'term': 'hygiene', 'polarity': 'negative'}, {'term': 'cleanliness', 'polarity': 'negative'}, {'term': 'service', 'polarity': 'negative'}, {'term': 'serving', 'polarity': 'negative'}, {'term': 'ingredients', 'polarity': 'positive'}, {'term': 'vegetables', 'polarity': 'positive'}]","[{'category': 'general', 'polarity': 'neutral'}]",2151
"Nha Trang, while being notorious for utter lack of hygiene and cleanliness, horribly slow service and horribly quick speed, is one of the best vietnamese restaurants i've ever been to. the food is delicious and comes with very fresh vegetables.","Nha Trang, while being notorious for utter lack of comfort and decor, horribly slow wait staff and horribly quick meals, is one of the best vietnamese restaurants i've ever been to. the pho is delicious and comes with very fresh vegtables.","['hygiene', 'cleanliness', 'service', 'speed', 'food', 'vegetables']","[{'term': 'hygiene', 'polarity': 'negative'}, {'term': 'cleanliness', 'polarity': 'negative'}, {'term': 'service', 'polarity': 'negative'}, {'term': 'speed', 'polarity': 'negative'}, {'term': 'food', 'polarity': 'positive'}, {'term': 'vegetables', 'polarity': 'positive'}]","[{'category': 'general', 'polarity': 'neutral'}]",2152
Awsome Pizza especially the Cheese slice.,Awsome Pizza especially the Margheritta slice.,"['Pizza', 'Cheese']","[{'term': 'Pizza', 'polarity': 'positive'}, {'term': 'Cheese', 'polarity': 'positive'}]","[{'category': 'general', 'polarity': 'neutral'}]",2154
Awsome wings especially the chicken slice.,Awsome Pizza especially the Margheritta slice.,"['wings', 'chicken']","[{'term': 'wings', 'polarity': 'positive'}, {'term': 'chicken', 'polarity': 'positive'}]","[{'category': 'general', 'polarity': 'neutral'}]",2155
Awsome dishes especially the pepperoni slice.,Awsome Pizza especially the Margheritta slice.,"['dishes', 'pepperoni']","[{'term': 'dishes', 'polarity': 'positive'}, {'term': 'pepperoni', 'polarity': 'positive'}]","[{'category': 'general', 'polarity': 'neutral'}]",2156
Awsome service especially the chocolate slice.,Awsome Pizza especially the Margheritta slice.,"['service', 'chocolate']","[{'term': 'service', 'polarity': 'positive'}, {'term': 'chocolate', 'polarity': 'positive'}]","[{'category': 'general', 'polarity': 'neutral'}]",2157
Awsome pizza especially the pepperoni slice.,Awsome Pizza especially the Margheritta slice.,"['pizza', 'pepperoni']","[{'term': 'pizza', 'polarity': 'positive'}, {'term': 'pepperoni', 'polarity': 'positive'}]","[{'category': 'general', 'polarity': 'neutral'}]",2158
Awsome pizza especially the cheese slice.,Awsome Pizza especially the Margheritta slice.,"['pizza', 'cheese']","[{'term': 'pizza', 'polarity': 'positive'}, {'term': 'cheese', 'polarity': 'positive'}]","[{'category': 'general', 'polarity': 'neutral'}]",2159
I recommend the appetizers and appetizers and the appetizers were a wonderful start to the meal!,I recommend the meatballs and caprese salad and the beans on toast were a wonderful start to the meal!,"['appetizers', 'appetizers', 'appetizers', 'meal']","[{'term': 'appetizers', 'polarity': 'positive'}, {'term': 'appetizers', 'polarity': 'positive'}, {'term': 'appetizers', 'polarity': 'positive'}, {'term': 'meal', 'polarity': 'neutral'}]","[{'category': 'general', 'polarity': 'neutral'}]",2160
I recommend the appetizers and dishes and the appetizers were a wonderful start to the meal!,I recommend the meatballs and caprese salad and the beans on toast were a wonderful start to the meal!,"['appetizers', 'dishes', 'appetizers', 'meal']","[{'term': 'appetizers', 'polarity': 'positive'}, {'term': 'dishes', 'polarity': 'positive'}, {'term': 'appetizers', 'polarity': 'positive'}, {'term': 'meal', 'polarity': 'neutral'}]","[{'category': 'general', 'polarity': 'neutral'}]",2161
I recommend the appetizers and bruschetta and the brunch were a wonderful start to the meal!,I recommend the meatballs and caprese salad and the beans on toast were a wonderful start to the meal!,"['appetizers', 'bruschetta', 'brunch', 'meal']","[{'term': 'appetizers', 'polarity': 'positive'}, {'term': 'bruschetta', 'polarity': 'positive'}, {'term': 'brunch', 'polarity': 'positive'}, {'term': 'meal', 'polarity': 'neutral'}]","[{'category': 'general', 'polarity': 'neutral'}]",2163
I recommend the appetizers and dishes and the course were a wonderful start to the meal!,I recommend the meatballs and caprese salad and the beans on toast were a wonderful start to the meal!,"['appetizers', 'dishes', 'course', 'meal']","[{'term': 'appetizers', 'polarity': 'positive'}, {'term': 'dishes', 'polarity': 'positive'}, {'term': 'course', 'polarity': 'positive'}, {'term': 'meal', 'polarity': 'neutral'}]","[{'category': 'general', 'polarity': 'neutral'}]",2164
I recommend the appetizers and bruschetta and the salads were a wonderful start to the meal!,I recommend the meatballs and caprese salad and the beans on toast were a wonderful start to the meal!,"['appetizers', 'bruschetta', 'salads', 'meal']","[{'term': 'appetizers', 'polarity': 'positive'}, {'term': 'bruschetta', 'polarity': 'positive'}, {'term': 'salads', 'polarity': 'positive'}, {'term': 'meal', 'polarity': 'neutral'}]","[{'category': 'general', 'polarity': 'neutral'}]",2165
restaurant is not what one would expect from a joint in this neighborhood.,Service is not what one would expect from a joint in this price category.,"['restaurant', 'neighborhood']","[{'term': 'restaurant', 'polarity': 'negative'}, {'term': 'neighborhood', 'polarity': 'negative'}]","[{'category': 'general', 'polarity': 'neutral'}]",2171
The chef and staff are all Japanese as well and that adds to the entire atmosphere.,The owner and staff are all Japanese as well and that adds to the entire ambiance.,"['chef', 'staff', 'atmosphere']","[{'term': 'chef', 'polarity': 'positive'}, {'term': 'staff', 'polarity': 'positive'}, {'term': 'atmosphere', 'polarity': 'positive'}]","[{'category': 'general', 'polarity': 'neutral'}]",2172
The ambiance and atmosphere are all Japanese as well and that adds to the entire vibe.,The owner and staff are all Japanese as well and that adds to the entire ambiance.,"['ambiance', 'atmosphere', 'vibe']","[{'term': 'ambiance', 'polarity': 'positive'}, {'term': 'atmosphere', 'polarity': 'positive'}, {'term': 'vibe', 'polarity': 'positive'}]","[{'category': 'general', 'polarity': 'neutral'}]",2174
The dishes and dishes are all Japanese as well and that adds to the entire experience.,The owner and staff are all Japanese as well and that adds to the entire ambiance.,"['dishes', 'dishes', 'experience']","[{'term': 'dishes', 'polarity': 'positive'}, {'term': 'dishes', 'polarity': 'positive'}, {'term': 'experience', 'polarity': 'positive'}]","[{'category': 'general', 'polarity': 'neutral'}]",2175
The cuisine and dishes are all Japanese as well and that adds to the entire ambiance.,The owner and staff are all Japanese as well and that adds to the entire ambiance.,"['cuisine', 'dishes', 'ambiance']","[{'term': 'cuisine', 'polarity': 'positive'}, {'term': 'dishes', 'polarity': 'positive'}, {'term': 'ambiance', 'polarity': 'positive'}]","[{'category': 'general', 'polarity': 'neutral'}]",2176
The dishes and cuisine are all Japanese as well and that adds to the entire atmosphere.,The owner and staff are all Japanese as well and that adds to the entire ambiance.,"['dishes', 'cuisine', 'atmosphere']","[{'term': 'dishes', 'polarity': 'positive'}, {'term': 'cuisine', 'polarity': 'positive'}, {'term': 'atmosphere', 'polarity': 'positive'}]","[{'category': 'general', 'polarity': 'neutral'}]",2177
"They forgot a instructions, didn't include price, and didn't include tip with the order.","They forgot a sandwich, didn't include plastic forks, and didn't include pita with the hummus platter.","['instructions', 'price', 'tip', 'order']","[{'term': 'instructions', 'polarity': 'neutral'}, {'term': 'price', 'polarity': 'neutral'}, {'term': 'tip', 'polarity': 'neutral'}, {'term': 'order', 'polarity': 'neutral'}]","[{'category': 'general', 'polarity': 'neutral'}]",2184
"They forgot a instructions, didn't include napkins, and didn't include silverware with the order.","They forgot a sandwich, didn't include plastic forks, and didn't include pita with the hummus platter.","['instructions', 'napkins', 'silverware', 'order']","[{'term': 'instructions', 'polarity': 'neutral'}, {'term': 'napkins', 'polarity': 'neutral'}, {'term': 'silverware', 'polarity': 'neutral'}, {'term': 'order', 'polarity': 'neutral'}]","[{'category': 'general', 'polarity': 'neutral'}]",2185
"They forgot a fork, didn't include napkins, and didn't include utensils with the order.","They forgot a sandwich, didn't include plastic forks, and didn't include pita with the hummus platter.","['fork', 'napkins', 'utensils', 'order']","[{'term': 'fork', 'polarity': 'neutral'}, {'term': 'napkins', 'polarity': 'neutral'}, {'term': 'utensils', 'polarity': 'neutral'}, {'term': 'order', 'polarity': 'neutral'}]","[{'category': 'general', 'polarity': 'neutral'}]",2187
"They forgot a dish, didn't include napkin, and didn't include silverware with the order.","They forgot a sandwich, didn't include plastic forks, and didn't include pita with the hummus platter.","['dish', 'napkin', 'silverware', 'order']","[{'term': 'dish', 'polarity': 'neutral'}, {'term': 'napkin', 'polarity': 'neutral'}, {'term': 'silverware', 'polarity': 'neutral'}, {'term': 'order', 'polarity': 'neutral'}]","[{'category': 'general', 'polarity': 'neutral'}]",2189
For dinner I had the salad and some fries.,For dinner I had the chicken tikka-masala and some garlic naan.,"['dinner', 'salad', 'fries']","[{'term': 'dinner', 'polarity': 'neutral'}, {'term': 'salad', 'polarity': 'neutral'}, {'term': 'fries', 'polarity': 'neutral'}]","[{'category': 'general', 'polarity': 'neutral'}]",2196
For dinner I had the filet mignon and some appetizers.,For dinner I had the chicken tikka-masala and some garlic naan.,"['dinner', 'filet mignon', 'appetizers']","[{'term': 'dinner', 'polarity': 'neutral'}, {'term': 'filet mignon', 'polarity': 'neutral'}, {'term': 'appetizers', 'polarity': 'neutral'}]","[{'category': 'general', 'polarity': 'neutral'}]",2197
Total hipster-wannabe attitude in an otherwise sweet restaurant atmosphere.,Total hipster-wannabe attitude in an otherwise sweet spot.,['restaurant atmosphere'],"[{'term': 'restaurant atmosphere', 'polarity': 'positive'}]","[{'category': 'general', 'polarity': 'neutral'}]",2203
Total hipster-wannabe attitude in an otherwise sweet vibe.,Total hipster-wannabe attitude in an otherwise sweet spot.,['vibe'],"[{'term': 'vibe', 'polarity': 'positive'}]","[{'category': 'general', 'polarity': 'neutral'}]",2206
"Everything, from the soft buns, soggy toppings, and 50 minute wait time, with an incredibly rude server to deliver below average food.","Everything, from the soft bread, soggy salad, and 50 minute wait time, with an incredibly rude service to deliver below average food.","['buns', 'toppings', 'wait', 'server', 'food']","[{'term': 'buns', 'polarity': 'negative'}, {'term': 'toppings', 'polarity': 'negative'}, {'term': 'wait', 'polarity': 'negative'}, {'term': 'server', 'polarity': 'negative'}, {'term': 'food', 'polarity': 'negative'}]","[{'category': 'general', 'polarity': 'neutral'}]",2208
"Everything, from the soft music, soggy bread, and 50 minute wait time, with an incredibly rude server to deliver below average service.","Everything, from the soft bread, soggy salad, and 50 minute wait time, with an incredibly rude service to deliver below average food.","['music', 'bread', 'wait', 'server', 'service']","[{'term': 'music', 'polarity': 'negative'}, {'term': 'bread', 'polarity': 'negative'}, {'term': 'wait', 'polarity': 'negative'}, {'term': 'server', 'polarity': 'negative'}, {'term': 'service', 'polarity': 'negative'}]","[{'category': 'general', 'polarity': 'neutral'}]",2209
"Everything, from the soft pillows, soggy napkins, and 50 minute wait time, with an incredibly rude server to deliver below average food.","Everything, from the soft bread, soggy salad, and 50 minute wait time, with an incredibly rude service to deliver below average food.","['pillows', 'napkins', 'wait', 'server', 'food']","[{'term': 'pillows', 'polarity': 'negative'}, {'term': 'napkins', 'polarity': 'negative'}, {'term': 'wait', 'polarity': 'negative'}, {'term': 'server', 'polarity': 'negative'}, {'term': 'food', 'polarity': 'negative'}]","[{'category': 'general', 'polarity': 'neutral'}]",2212
"Everything, from the soft tablecloth, soggy napkins, and 50 minute wait time, with an incredibly rude server to deliver below average service.","Everything, from the soft bread, soggy salad, and 50 minute wait time, with an incredibly rude service to deliver below average food.","['tablecloth', 'napkins', 'wait', 'server', 'service']","[{'term': 'tablecloth', 'polarity': 'negative'}, {'term': 'napkins', 'polarity': 'negative'}, {'term': 'wait', 'polarity': 'negative'}, {'term': 'server', 'polarity': 'negative'}, {'term': 'service', 'polarity': 'negative'}]","[{'category': 'general', 'polarity': 'neutral'}]",2213
"The flavor was excellent, combined with a nice amount of spicy chili that I'd never heard of before.","The pesto pizza was excellent, thin-crust pizza with a nice amount of spicy Italian cheese that I'd never heard of before.","['flavor', 'combined', 'chili']","[{'term': 'flavor', 'polarity': 'positive'}, {'term': 'combined', 'polarity': 'positive'}, {'term': 'chili', 'polarity': 'positive'}]","[{'category': 'general', 'polarity': 'neutral'}]",2214
"The dish was excellent, served with a nice amount of spicy pepper that I'd never heard of before.","The pesto pizza was excellent, thin-crust pizza with a nice amount of spicy Italian cheese that I'd never heard of before.","['dish', 'served', 'pepper']","[{'term': 'dish', 'polarity': 'positive'}, {'term': 'served', 'polarity': 'positive'}, {'term': 'pepper', 'polarity': 'positive'}]","[{'category': 'general', 'polarity': 'neutral'}]",2215
"The flavor was excellent, paired with a nice amount of spicy peppers that I'd never heard of before.","The pesto pizza was excellent, thin-crust pizza with a nice amount of spicy Italian cheese that I'd never heard of before.","['flavor', 'paired', 'peppers']","[{'term': 'flavor', 'polarity': 'positive'}, {'term': 'paired', 'polarity': 'positive'}, {'term': 'peppers', 'polarity': 'positive'}]","[{'category': 'general', 'polarity': 'neutral'}]",2216
"The cuisine was excellent, served with a nice amount of spicy pepper that I'd never heard of before.","The pesto pizza was excellent, thin-crust pizza with a nice amount of spicy Italian cheese that I'd never heard of before.","['cuisine', 'served', 'pepper']","[{'term': 'cuisine', 'polarity': 'positive'}, {'term': 'served', 'polarity': 'positive'}, {'term': 'pepper', 'polarity': 'positive'}]","[{'category': 'general', 'polarity': 'neutral'}]",2217
"The sauce was excellent, accompanied with a nice amount of spicy pepper that I'd never heard of before.","The pesto pizza was excellent, thin-crust pizza with a nice amount of spicy Italian cheese that I'd never heard of before.","['sauce', 'accompanied', 'pepper']","[{'term': 'sauce', 'polarity': 'positive'}, {'term': 'accompanied', 'polarity': 'positive'}, {'term': 'pepper', 'polarity': 'positive'}]","[{'category': 'general', 'polarity': 'neutral'}]",2218
"The sushi was excellent, served with a nice amount of spicy chili that I'd never heard of before.","The pesto pizza was excellent, thin-crust pizza with a nice amount of spicy Italian cheese that I'd never heard of before.","['sushi', 'served', 'chili']","[{'term': 'sushi', 'polarity': 'positive'}, {'term': 'served', 'polarity': 'positive'}, {'term': 'chili', 'polarity': 'positive'}]","[{'category': 'general', 'polarity': 'neutral'}]",2219
"try the spicy curry (again, not the greatest value in the world but worth the price) and the dessert is great.","try the spicy shrimp appetizer (again, not the greatest value in the world but worth the price) and the lamb vindaloo is great.","['curry', 'price', 'dessert']","[{'term': 'curry', 'polarity': 'positive'}, {'term': 'price', 'polarity': 'conflict'}, {'term': 'dessert', 'polarity': 'positive'}]","[{'category': 'general', 'polarity': 'neutral'}]",2220
"try the spicy curry (again, not the greatest value in the world but worth the price) and the appetizer is great.","try the spicy shrimp appetizer (again, not the greatest value in the world but worth the price) and the lamb vindaloo is great.","['curry', 'price', 'appetizer']","[{'term': 'curry', 'polarity': 'positive'}, {'term': 'price', 'polarity': 'conflict'}, {'term': 'appetizer', 'polarity': 'positive'}]","[{'category': 'general', 'polarity': 'neutral'}]",2221
"try the spicy curry (again, not the greatest value in the world but worth the money) and the service is great.","try the spicy shrimp appetizer (again, not the greatest value in the world but worth the price) and the lamb vindaloo is great.","['curry', 'money', 'service']","[{'term': 'curry', 'polarity': 'positive'}, {'term': 'money', 'polarity': 'conflict'}, {'term': 'service', 'polarity': 'positive'}]","[{'category': 'general', 'polarity': 'neutral'}]",2223
"try the spicy curry (again, not the greatest value in the world but worth the price) and the appetizers is great.","try the spicy shrimp appetizer (again, not the greatest value in the world but worth the price) and the lamb vindaloo is great.","['curry', 'price', 'appetizers']","[{'term': 'curry', 'polarity': 'positive'}, {'term': 'price', 'polarity': 'conflict'}, {'term': 'appetizers', 'polarity': 'positive'}]","[{'category': 'general', 'polarity': 'neutral'}]",2224
"I can't wait for summer, when they serve outside on their gigantic patio.","I can't wait for summer, when they serve outside on their gigantic patio.",['patio'],"[{'term': 'patio', 'polarity': 'positive'}]","[{'category': 'general', 'polarity': 'neutral'}]",2237
The menu is a BISTRO which means: simple food and prepare dishes efficiently in a bustling city.,The place is a BISTRO which means: simple dishes and wine served efficiently in a bustling atmosphere.,"['menu', 'food', 'prepare', 'dishes', 'city']","[{'term': 'menu', 'polarity': 'positive'}, {'term': 'food', 'polarity': 'positive'}, {'term': 'prepare', 'polarity': 'positive'}, {'term': 'dishes', 'polarity': 'positive'}, {'term': 'city', 'polarity': 'positive'}]","[{'category': 'general', 'polarity': 'neutral'}]",2245
The ambience is a BISTRO which means: simple menu and prepare dishes efficiently in a bustling street.,The place is a BISTRO which means: simple dishes and wine served efficiently in a bustling atmosphere.,"['ambience', 'menu', 'prepare', 'dishes', 'street']","[{'term': 'ambience', 'polarity': 'positive'}, {'term': 'menu', 'polarity': 'positive'}, {'term': 'prepare', 'polarity': 'positive'}, {'term': 'dishes', 'polarity': 'positive'}, {'term': 'street', 'polarity': 'positive'}]","[{'category': 'general', 'polarity': 'neutral'}]",2248
The restaurant is a BISTRO which means: simple menu and prepared dishes efficiently in a bustling area.,The place is a BISTRO which means: simple dishes and wine served efficiently in a bustling atmosphere.,"['restaurant', 'menu', 'prepared', 'dishes', 'area']","[{'term': 'restaurant', 'polarity': 'positive'}, {'term': 'menu', 'polarity': 'positive'}, {'term': 'prepared', 'polarity': 'positive'}, {'term': 'dishes', 'polarity': 'positive'}, {'term': 'area', 'polarity': 'positive'}]","[{'category': 'general', 'polarity': 'neutral'}]",2249
"Though you will undoubtedly be seated at a table with what seems like barely enough space (no matter what the size of your party), the warm ambiance is worth the cramped quarters- you'll have fun and forgot about the tight seating you're in.","Though you will undoubtedly be seated at a table with what seems like barely enough room (no matter what the size of your party), the warm atomosphere is worth the cramped quarters- you'll have fun and forgot about the tight spot you're in.","['table', 'space', 'ambiance', 'seating']","[{'term': 'table', 'polarity': 'negative'}, {'term': 'space', 'polarity': 'positive'}, {'term': 'ambiance', 'polarity': 'negative'}, {'term': 'seating', 'polarity': 'negative'}]","[{'category': 'general', 'polarity': 'neutral'}]",2251
"Though you will undoubtedly be seated at a table with what seems like barely enough space (no matter what the size of your party), the warm ambiance is worth the cramped quarters- you'll have fun and forgot about the tight situation you're in.","Though you will undoubtedly be seated at a table with what seems like barely enough room (no matter what the size of your party), the warm atomosphere is worth the cramped quarters- you'll have fun and forgot about the tight spot you're in.","['table', 'space', 'ambiance', 'situation']","[{'term': 'table', 'polarity': 'negative'}, {'term': 'space', 'polarity': 'positive'}, {'term': 'ambiance', 'polarity': 'negative'}, {'term': 'situation', 'polarity': 'negative'}]","[{'category': 'general', 'polarity': 'neutral'}]",2252
"Though you will undoubtedly be seated at a table with what seems like barely enough space (no matter what the size of your party), the warm atmosphere is worth the cramped quarters- you'll have fun and forgot about the tight seating you're in.","Though you will undoubtedly be seated at a table with what seems like barely enough room (no matter what the size of your party), the warm atomosphere is worth the cramped quarters- you'll have fun and forgot about the tight spot you're in.","['table', 'space', 'atmosphere', 'seating']","[{'term': 'table', 'polarity': 'negative'}, {'term': 'space', 'polarity': 'positive'}, {'term': 'atmosphere', 'polarity': 'negative'}, {'term': 'seating', 'polarity': 'negative'}]","[{'category': 'general', 'polarity': 'neutral'}]",2253
"Though you will undoubtedly be seated at a table with what seems like barely enough space (no matter what the size of your party), the warm atmosphere is worth the cramped quarters- you'll have fun and forgot about the tight space you're in.","Though you will undoubtedly be seated at a table with what seems like barely enough room (no matter what the size of your party), the warm atomosphere is worth the cramped quarters- you'll have fun and forgot about the tight spot you're in.","['table', 'space', 'atmosphere', 'space']","[{'term': 'table', 'polarity': 'negative'}, {'term': 'space', 'polarity': 'positive'}, {'term': 'atmosphere', 'polarity': 'negative'}, {'term': 'space', 'polarity': 'negative'}]","[{'category': 'general', 'polarity': 'neutral'}]",2255
"Besides, when you have bad experience, that's less luck you have to clean.","Besides, when you have bad service, that's less money you have to tip.","['experience', 'luck', 'clean']","[{'term': 'experience', 'polarity': 'negative'}, {'term': 'luck', 'polarity': 'negative'}, {'term': 'clean', 'polarity': 'negative'}]","[{'category': 'general', 'polarity': 'neutral'}]",2257
"Besides, when you have bad mood, that's less much you have to clean.","Besides, when you have bad service, that's less money you have to tip.","['mood', 'much', 'clean']","[{'term': 'mood', 'polarity': 'negative'}, {'term': 'much', 'polarity': 'negative'}, {'term': 'clean', 'polarity': 'negative'}]","[{'category': 'general', 'polarity': 'neutral'}]",2259
"Besides, when you have bad dishes, that's less space you have to clean.","Besides, when you have bad service, that's less money you have to tip.","['dishes', 'space', 'clean']","[{'term': 'dishes', 'polarity': 'negative'}, {'term': 'space', 'polarity': 'negative'}, {'term': 'clean', 'polarity': 'negative'}]","[{'category': 'general', 'polarity': 'neutral'}]",2260
"Besides, when you have bad moods, that's less luck you have to worry.","Besides, when you have bad service, that's less money you have to tip.","['moods', 'luck', 'worry']","[{'term': 'moods', 'polarity': 'negative'}, {'term': 'luck', 'polarity': 'negative'}, {'term': 'worry', 'polarity': 'negative'}]","[{'category': 'general', 'polarity': 'neutral'}]",2261
"After we got our dinner order, I could not believe how small the appetizers were!","After we got our sashimi order, I could not believe how small the portions were!","['dinner', 'appetizers']","[{'term': 'dinner', 'polarity': 'neutral'}, {'term': 'appetizers', 'polarity': 'negative'}]","[{'category': 'general', 'polarity': 'neutral'}]",2262
"After we got our apps order, I could not believe how small the fries were!","After we got our sashimi order, I could not believe how small the portions were!","['apps', 'fries']","[{'term': 'apps', 'polarity': 'neutral'}, {'term': 'fries', 'polarity': 'negative'}]","[{'category': 'general', 'polarity': 'neutral'}]",2263
"After we got our dinner order, I could not believe how small the plates were!","After we got our sashimi order, I could not believe how small the portions were!","['dinner', 'plates']","[{'term': 'dinner', 'polarity': 'neutral'}, {'term': 'plates', 'polarity': 'negative'}]","[{'category': 'general', 'polarity': 'neutral'}]",2265
"After we got our food order, I could not believe how small the portions were!","After we got our sashimi order, I could not believe how small the portions were!","['food', 'portions']","[{'term': 'food', 'polarity': 'neutral'}, {'term': 'portions', 'polarity': 'negative'}]","[{'category': 'general', 'polarity': 'neutral'}]",2267
(and I have eaten my share) Which impresses me for having such a large amount of people to servers.,(and I have eaten my share) Which impresses me for having such a large amount of people to serve.,['servers'],"[{'term': 'servers', 'polarity': 'positive'}]","[{'category': 'general', 'polarity': 'neutral'}]",2274
(and I have eaten my share) Which impresses me for having such a large amount of people to serve.,(and I have eaten my share) Which impresses me for having such a large amount of people to serve.,['serve'],"[{'term': 'serve', 'polarity': 'positive'}]","[{'category': 'general', 'polarity': 'neutral'}]",2277
"The cuisine was edible but had canned vegetables and boxed pasta and the service consisted of dry, inedible croutons with terrible texture.","The chicken parm was edible but had canned tomato sauce and boxed pasta and the chicken with portobello mushrooms consisted of dry, inedible chicken with terrible sauce.","['cuisine', 'vegetables', 'pasta', 'service', 'croutons', 'texture']","[{'term': 'cuisine', 'polarity': 'conflict'}, {'term': 'vegetables', 'polarity': 'negative'}, {'term': 'pasta', 'polarity': 'negative'}, {'term': 'service', 'polarity': 'negative'}, {'term': 'croutons', 'polarity': 'negative'}, {'term': 'texture', 'polarity': 'negative'}]","[{'category': 'general', 'polarity': 'neutral'}]",2280
"The food was edible but had canned vegetables and boxed pasta and the dinner consisted of dry, inedible mushrooms with terrible taste.","The chicken parm was edible but had canned tomato sauce and boxed pasta and the chicken with portobello mushrooms consisted of dry, inedible chicken with terrible sauce.","['food', 'vegetables', 'pasta', 'dinner', 'mushrooms', 'taste']","[{'term': 'food', 'polarity': 'conflict'}, {'term': 'vegetables', 'polarity': 'negative'}, {'term': 'pasta', 'polarity': 'negative'}, {'term': 'dinner', 'polarity': 'negative'}, {'term': 'mushrooms', 'polarity': 'negative'}, {'term': 'taste', 'polarity': 'negative'}]","[{'category': 'general', 'polarity': 'neutral'}]",2281
"The food was edible but had canned vegetables and boxed pasta and the meal consisted of dry, inedible croutons with terrible flavor.","The chicken parm was edible but had canned tomato sauce and boxed pasta and the chicken with portobello mushrooms consisted of dry, inedible chicken with terrible sauce.","['food', 'vegetables', 'pasta', 'meal', 'croutons', 'flavor']","[{'term': 'food', 'polarity': 'conflict'}, {'term': 'vegetables', 'polarity': 'negative'}, {'term': 'pasta', 'polarity': 'negative'}, {'term': 'meal', 'polarity': 'negative'}, {'term': 'croutons', 'polarity': 'negative'}, {'term': 'flavor', 'polarity': 'negative'}]","[{'category': 'general', 'polarity': 'neutral'}]",2282
"The vegetarian option was edible but had canned vegetables and boxed pasta and the bread consisted of dry, inedible peas with terrible flavor.","The chicken parm was edible but had canned tomato sauce and boxed pasta and the chicken with portobello mushrooms consisted of dry, inedible chicken with terrible sauce.","['vegetarian option', 'vegetables', 'pasta', 'bread', 'peas', 'flavor']","[{'term': 'vegetarian option', 'polarity': 'conflict'}, {'term': 'vegetables', 'polarity': 'negative'}, {'term': 'pasta', 'polarity': 'negative'}, {'term': 'bread', 'polarity': 'negative'}, {'term': 'peas', 'polarity': 'negative'}, {'term': 'flavor', 'polarity': 'negative'}]","[{'category': 'general', 'polarity': 'neutral'}]",2284
"The cuisine was edible but had canned vegetables and boxed pasta and the service consisted of dry, inedible greens with terrible flavor.","The chicken parm was edible but had canned tomato sauce and boxed pasta and the chicken with portobello mushrooms consisted of dry, inedible chicken with terrible sauce.","['cuisine', 'vegetables', 'pasta', 'service', 'greens', 'flavor']","[{'term': 'cuisine', 'polarity': 'conflict'}, {'term': 'vegetables', 'polarity': 'negative'}, {'term': 'pasta', 'polarity': 'negative'}, {'term': 'service', 'polarity': 'negative'}, {'term': 'greens', 'polarity': 'negative'}, {'term': 'flavor', 'polarity': 'negative'}]","[{'category': 'general', 'polarity': 'neutral'}]",2285
The waiters are nice--also you can just get booth sit.,The waitresses are nice--also you can just get counter service sit.,"['waiters', 'booth']","[{'term': 'waiters', 'polarity': 'positive'}, {'term': 'booth', 'polarity': 'positive'}]","[{'category': 'general', 'polarity': 'neutral'}]",2287
The tables are nice--also you can just get booth sit.,The waitresses are nice--also you can just get counter service sit.,"['tables', 'booth']","[{'term': 'tables', 'polarity': 'positive'}, {'term': 'booth', 'polarity': 'positive'}]","[{'category': 'general', 'polarity': 'neutral'}]",2290
I liked the ambiance at this fine dining restaurant.,I liked the food at this quasi-thai restaurant.,"['ambiance', 'fine dining']","[{'term': 'ambiance', 'polarity': 'positive'}, {'term': 'fine dining', 'polarity': 'positive'}]","[{'category': 'general', 'polarity': 'neutral'}]",2298
I liked the dishes at this Italian restaurant.,I liked the food at this quasi-thai restaurant.,"['dishes', 'Italian']","[{'term': 'dishes', 'polarity': 'positive'}, {'term': 'Italian', 'polarity': 'positive'}]","[{'category': 'general', 'polarity': 'neutral'}]",2300
I liked the dishes at this fine dining restaurant.,I liked the food at this quasi-thai restaurant.,"['dishes', 'fine dining']","[{'term': 'dishes', 'polarity': 'positive'}, {'term': 'fine dining', 'polarity': 'positive'}]","[{'category': 'general', 'polarity': 'neutral'}]",2301
I liked the menu at this Italian restaurant.,I liked the food at this quasi-thai restaurant.,"['menu', 'Italian']","[{'term': 'menu', 'polarity': 'positive'}, {'term': 'Italian', 'polarity': 'positive'}]","[{'category': 'general', 'polarity': 'neutral'}]",2302
By far the best dinner I have had in a fine dining restaurant.,By far the best salad I have had in a fast food restaurant.,"['dinner', 'fine dining']","[{'term': 'dinner', 'polarity': 'positive'}, {'term': 'fine dining', 'polarity': 'neutral'}]","[{'category': 'general', 'polarity': 'neutral'}]",2304
By far the best dishes I have had in a Asian restaurant.,By far the best salad I have had in a fast food restaurant.,"['dishes', 'Asian']","[{'term': 'dishes', 'polarity': 'positive'}, {'term': 'Asian', 'polarity': 'neutral'}]","[{'category': 'general', 'polarity': 'neutral'}]",2305
By far the best dinner I have had in a Japanese restaurant.,By far the best salad I have had in a fast food restaurant.,"['dinner', 'Japanese']","[{'term': 'dinner', 'polarity': 'positive'}, {'term': 'Japanese', 'polarity': 'neutral'}]","[{'category': 'general', 'polarity': 'neutral'}]",2306
By far the best dinner I have had in a Chinese restaurant.,By far the best salad I have had in a fast food restaurant.,"['dinner', 'Chinese']","[{'term': 'dinner', 'polarity': 'positive'}, {'term': 'Chinese', 'polarity': 'neutral'}]","[{'category': 'general', 'polarity': 'neutral'}]",2307
By far the best dinner I have had in a fine restaurant.,By far the best salad I have had in a fast food restaurant.,"['dinner', 'fine']","[{'term': 'dinner', 'polarity': 'positive'}, {'term': 'fine', 'polarity': 'neutral'}]","[{'category': 'general', 'polarity': 'neutral'}]",2308
By far the best dinner I have had in a Thai restaurant.,By far the best salad I have had in a fast food restaurant.,"['dinner', 'Thai']","[{'term': 'dinner', 'polarity': 'positive'}, {'term': 'Thai', 'polarity': 'neutral'}]","[{'category': 'general', 'polarity': 'neutral'}]",2309
The ambiance is fine and they allow you to enjoy the view.,The service is fine and they allow you to enjoy the view.,"['ambiance', 'view']","[{'term': 'ambiance', 'polarity': 'positive'}, {'term': 'view', 'polarity': 'positive'}]","[{'category': 'general', 'polarity': 'neutral'}]",2310
The ambiance is fine and they allow you to enjoy the outdoor seating.,The service is fine and they allow you to enjoy the view.,"['ambiance', 'outdoor seating']","[{'term': 'ambiance', 'polarity': 'positive'}, {'term': 'outdoor seating', 'polarity': 'positive'}]","[{'category': 'general', 'polarity': 'neutral'}]",2311
The atmosphere is fine and they allow you to enjoy the outdoor seating.,The service is fine and they allow you to enjoy the view.,"['atmosphere', 'outdoor seating']","[{'term': 'atmosphere', 'polarity': 'positive'}, {'term': 'outdoor seating', 'polarity': 'positive'}]","[{'category': 'general', 'polarity': 'neutral'}]",2314
The ambience is fine and they allow you to enjoy the view.,The service is fine and they allow you to enjoy the view.,"['ambience', 'view']","[{'term': 'ambience', 'polarity': 'positive'}, {'term': 'view', 'polarity': 'positive'}]","[{'category': 'general', 'polarity': 'neutral'}]",2315
The hot and sour soup was unbearably hot and tasted of only peppers and nothing else.,The hot and sour soup was unbearably hot and tasted of only pepper and nothing else.,"['soup', 'peppers']","[{'term': 'soup', 'polarity': 'negative'}, {'term': 'peppers', 'polarity': 'negative'}]","[{'category': 'general', 'polarity': 'neutral'}]",2319
The hot and sour soup was unbearably hot and tasted of only flavors and nothing else.,The hot and sour soup was unbearably hot and tasted of only pepper and nothing else.,"['soup', 'flavors']","[{'term': 'soup', 'polarity': 'negative'}, {'term': 'flavors', 'polarity': 'negative'}]","[{'category': 'general', 'polarity': 'neutral'}]",2320
The hot and sour soup was unbearably hot and tasted of only flavorings and nothing else.,The hot and sour soup was unbearably hot and tasted of only pepper and nothing else.,"['soup', 'flavorings']","[{'term': 'soup', 'polarity': 'negative'}, {'term': 'flavorings', 'polarity': 'negative'}]","[{'category': 'general', 'polarity': 'neutral'}]",2321
There is actually air to breathe and the music sets the tone for an intimate dinner.,There is actually space to breathe and the decor sets the tone for an intimate dinner.,"['air', 'music', 'dinner']","[{'term': 'air', 'polarity': 'positive'}, {'term': 'music', 'polarity': 'positive'}, {'term': 'dinner', 'polarity': 'neutral'}]","[{'category': 'general', 'polarity': 'neutral'}]",2336
There is actually air to breathe and the atmosphere sets the tone for an intimate dinner.,There is actually space to breathe and the decor sets the tone for an intimate dinner.,"['air', 'atmosphere', 'dinner']","[{'term': 'air', 'polarity': 'positive'}, {'term': 'atmosphere', 'polarity': 'positive'}, {'term': 'dinner', 'polarity': 'neutral'}]","[{'category': 'general', 'polarity': 'neutral'}]",2337
There is actually air to breathe and the ambiance sets the tone for an intimate dinner.,There is actually space to breathe and the decor sets the tone for an intimate dinner.,"['air', 'ambiance', 'dinner']","[{'term': 'air', 'polarity': 'positive'}, {'term': 'ambiance', 'polarity': 'positive'}, {'term': 'dinner', 'polarity': 'neutral'}]","[{'category': 'general', 'polarity': 'neutral'}]",2338
There is actually fresh air to breathe and the atmosphere sets the tone for an intimate dinner.,There is actually space to breathe and the decor sets the tone for an intimate dinner.,"['fresh air', 'atmosphere', 'dinner']","[{'term': 'fresh air', 'polarity': 'positive'}, {'term': 'atmosphere', 'polarity': 'positive'}, {'term': 'dinner', 'polarity': 'neutral'}]","[{'category': 'general', 'polarity': 'neutral'}]",2339
"We figured we never had dishes before so we grabbed our phone there, sharing a large appetizer, a couple of two of their specials, one was delicious the other scrumptious, and both were excellent.","We figured we never had Argentinian Pizza before so we grabbed our lunch there, sharing a large Pelligrino, a pizza of two of their specials, one was goat cheese the other blue cheese, and both were excellent.","['dishes', 'phone', 'appetizer', 'couple', 'delicious', 'scrumptious']","[{'term': 'dishes', 'polarity': 'neutral'}, {'term': 'phone', 'polarity': 'neutral'}, {'term': 'appetizer', 'polarity': 'positive'}, {'term': 'couple', 'polarity': 'positive'}, {'term': 'delicious', 'polarity': 'positive'}, {'term': 'scrumptious', 'polarity': 'positive'}]","[{'category': 'general', 'polarity': 'neutral'}]",2340
"We figured we never had dishes before so we grabbed our plates there, sharing a large appetizers, a platter of two of their specials, one was delicious the other tasty, and both were excellent.","We figured we never had Argentinian Pizza before so we grabbed our lunch there, sharing a large Pelligrino, a pizza of two of their specials, one was goat cheese the other blue cheese, and both were excellent.","['dishes', 'plates', 'appetizers', 'platter', 'delicious', 'tasty']","[{'term': 'dishes', 'polarity': 'neutral'}, {'term': 'plates', 'polarity': 'neutral'}, {'term': 'appetizers', 'polarity': 'positive'}, {'term': 'platter', 'polarity': 'positive'}, {'term': 'delicious', 'polarity': 'positive'}, {'term': 'tasty', 'polarity': 'positive'}]","[{'category': 'general', 'polarity': 'neutral'}]",2342
"We figured we never had dishes before so we grabbed our phones there, sharing a large appetizer, a main course of two of their specials, one was salad the other entree, and both were excellent.","We figured we never had Argentinian Pizza before so we grabbed our lunch there, sharing a large Pelligrino, a pizza of two of their specials, one was goat cheese the other blue cheese, and both were excellent.","['dishes', 'phones', 'appetizer', 'main course', 'salad', 'entree']","[{'term': 'dishes', 'polarity': 'neutral'}, {'term': 'phones', 'polarity': 'neutral'}, {'term': 'appetizer', 'polarity': 'positive'}, {'term': 'main course', 'polarity': 'positive'}, {'term': 'salad', 'polarity': 'positive'}, {'term': 'entree', 'polarity': 'positive'}]","[{'category': 'general', 'polarity': 'neutral'}]",2345
"The only weird thing was if we got a tip, the server would have simply multiplied the glass price X4, which makes no sense whatsoever.","The only weird thing was if we got a bottle, the waitress would have simply multiplied the glass price X4, which makes no sense whatsoever.","['tip', 'server', 'price']","[{'term': 'tip', 'polarity': 'neutral'}, {'term': 'server', 'polarity': 'negative'}, {'term': 'price', 'polarity': 'negative'}]","[{'category': 'general', 'polarity': 'neutral'}]",2346
Their menu is basic ly a delcious little sandwich with a bun that is perfect before their coffee.,Their exotic salad is basic ly a delcious little green salad with a peanut sauce that is perfect before their sweet basil fried tofu.,"['menu', 'sandwich', 'bun', 'coffee']","[{'term': 'menu', 'polarity': 'positive'}, {'term': 'sandwich', 'polarity': 'positive'}, {'term': 'bun', 'polarity': 'positive'}, {'term': 'coffee', 'polarity': 'positive'}]","[{'category': 'general', 'polarity': 'neutral'}]",2358
Their cuisine is basic ly a delcious little sandwich with a crust that is perfect before their meal.,Their exotic salad is basic ly a delcious little green salad with a peanut sauce that is perfect before their sweet basil fried tofu.,"['cuisine', 'sandwich', 'crust', 'meal']","[{'term': 'cuisine', 'polarity': 'positive'}, {'term': 'sandwich', 'polarity': 'positive'}, {'term': 'crust', 'polarity': 'positive'}, {'term': 'meal', 'polarity': 'positive'}]","[{'category': 'general', 'polarity': 'neutral'}]",2359
Their menu is basic ly a delcious little sandwich with a bread that is perfect before their appetizer.,Their exotic salad is basic ly a delcious little green salad with a peanut sauce that is perfect before their sweet basil fried tofu.,"['menu', 'sandwich', 'bread', 'appetizer']","[{'term': 'menu', 'polarity': 'positive'}, {'term': 'sandwich', 'polarity': 'positive'}, {'term': 'bread', 'polarity': 'positive'}, {'term': 'appetizer', 'polarity': 'positive'}]","[{'category': 'general', 'polarity': 'neutral'}]",2360
Their menu is basic ly a delcious little sandwich with a slaw that is perfect before their meal.,Their exotic salad is basic ly a delcious little green salad with a peanut sauce that is perfect before their sweet basil fried tofu.,"['menu', 'sandwich', 'slaw', 'meal']","[{'term': 'menu', 'polarity': 'positive'}, {'term': 'sandwich', 'polarity': 'positive'}, {'term': 'slaw', 'polarity': 'positive'}, {'term': 'meal', 'polarity': 'positive'}]","[{'category': 'general', 'polarity': 'neutral'}]",2363
What makes this restaurant special are the authentic cuisine and being the only one in NYC that offers authentic Szechuan.,What makes this restaurant special are the authentic sichuan cooking and being the only one in NYC that offers authentic chongqing hotpot.,"['cuisine', 'Szechuan']","[{'term': 'cuisine', 'polarity': 'positive'}, {'term': 'Szechuan', 'polarity': 'positive'}]","[{'category': 'general', 'polarity': 'neutral'}]",2364
What makes this restaurant special are the authentic cuisine and being the only one in NYC that offers authentic Japanese cuisine.,What makes this restaurant special are the authentic sichuan cooking and being the only one in NYC that offers authentic chongqing hotpot.,"['cuisine', 'Japanese cuisine']","[{'term': 'cuisine', 'polarity': 'positive'}, {'term': 'Japanese cuisine', 'polarity': 'positive'}]","[{'category': 'general', 'polarity': 'neutral'}]",2366
Interesting other dishes for a change include bruschettae and appetizer.,Interesting other dishes for a change include chicken in curry sauce and salmon caserole.,"['dishes', 'bruschetta', 'appetizer']","[{'term': 'dishes', 'polarity': 'positive'}, {'term': 'bruschetta', 'polarity': 'positive'}, {'term': 'appetizer', 'polarity': 'positive'}]","[{'category': 'general', 'polarity': 'neutral'}]",2370
Interesting other dishes for a change include breakfaste and lunch.,Interesting other dishes for a change include chicken in curry sauce and salmon caserole.,"['dishes', 'breakfast', 'lunch']","[{'term': 'dishes', 'polarity': 'positive'}, {'term': 'breakfast', 'polarity': 'positive'}, {'term': 'lunch', 'polarity': 'positive'}]","[{'category': 'general', 'polarity': 'neutral'}]",2371
Interesting other menu items for a change include brunche and breakfast.,Interesting other dishes for a change include chicken in curry sauce and salmon caserole.,"['menu items', 'brunch', 'breakfast']","[{'term': 'menu items', 'polarity': 'positive'}, {'term': 'brunch', 'polarity': 'positive'}, {'term': 'breakfast', 'polarity': 'positive'}]","[{'category': 'general', 'polarity': 'neutral'}]",2373
Interesting other dishes for a change include dishese and desserts.,Interesting other dishes for a change include chicken in curry sauce and salmon caserole.,"['dishes', 'dishes', 'desserts']","[{'term': 'dishes', 'polarity': 'positive'}, {'term': 'dishes', 'polarity': 'positive'}, {'term': 'desserts', 'polarity': 'positive'}]","[{'category': 'general', 'polarity': 'neutral'}]",2375
I just wonder how you can have such a delicious dish for such little price.,I just wonder how you can have such a delicious meal for such little money.,"['dish', 'price']","[{'term': 'dish', 'polarity': 'positive'}, {'term': 'price', 'polarity': 'positive'}]","[{'category': 'general', 'polarity': 'neutral'}]",2401
I just wonder how you can have such a delicious meal for such little money.,I just wonder how you can have such a delicious meal for such little money.,"['meal', 'money']","[{'term': 'meal', 'polarity': 'positive'}, {'term': 'money', 'polarity': 'positive'}]","[{'category': 'general', 'polarity': 'neutral'}]",2404
reservation is highly refined: our seating was delayed 35 minutes past our appointment and the manager d' apologized and regularly kept us apprised of progress.,Service is highly refined: our seating was delayed 35 minutes past our reservation and the maitre d' apologized and regularly kept us apprised of progress.,"['reservation', 'appointment', 'manager']","[{'term': 'reservation', 'polarity': 'positive'}, {'term': 'appointment', 'polarity': 'positive'}, {'term': 'manager', 'polarity': 'negative'}]","[{'category': 'general', 'polarity': 'neutral'}]",2406
reservation is highly refined: our seating was delayed 35 minutes past our arrival and the maître d' apologized and regularly kept us apprised of progress.,Service is highly refined: our seating was delayed 35 minutes past our reservation and the maitre d' apologized and regularly kept us apprised of progress.,"['reservation', 'arrival', 'maître']","[{'term': 'reservation', 'polarity': 'positive'}, {'term': 'arrival', 'polarity': 'positive'}, {'term': 'maître', 'polarity': 'negative'}]","[{'category': 'general', 'polarity': 'neutral'}]",2408
reservation is highly refined: our seating was delayed 35 minutes past our arrival and the waiter d' apologized and regularly kept us apprised of progress.,Service is highly refined: our seating was delayed 35 minutes past our reservation and the maitre d' apologized and regularly kept us apprised of progress.,"['reservation', 'arrival', 'waiter']","[{'term': 'reservation', 'polarity': 'positive'}, {'term': 'arrival', 'polarity': 'positive'}, {'term': 'waiter', 'polarity': 'negative'}]","[{'category': 'general', 'polarity': 'neutral'}]",2411
and yes dishes is so dam good and so are all the others.,and yes Dal Bukhara is so dam good and so are all the kababs.,"['dishes', 'others']","[{'term': 'dishes', 'polarity': 'positive'}, {'term': 'others', 'polarity': 'positive'}]","[{'category': 'general', 'polarity': 'neutral'}]",2412
and yes delicious is so dam good and so are all the dishes.,and yes Dal Bukhara is so dam good and so are all the kababs.,"['delicious', 'dishes']","[{'term': 'delicious', 'polarity': 'positive'}, {'term': 'dishes', 'polarity': 'positive'}]","[{'category': 'general', 'polarity': 'neutral'}]",2414
and yes dishes is so dam good and so are all the other dishes.,and yes Dal Bukhara is so dam good and so are all the kababs.,"['dishes', 'other dishes']","[{'term': 'dishes', 'polarity': 'positive'}, {'term': 'other dishes', 'polarity': 'positive'}]","[{'category': 'general', 'polarity': 'neutral'}]",2415
would have rather tried terrace in the sky or water club for that bar,would have rather tried terrace in the sky or water club for that price,['bar'],"[{'term': 'bar', 'polarity': 'negative'}]","[{'category': 'general', 'polarity': 'neutral'}]",2418
would have rather tried terrace in the sky or water club for that view,would have rather tried terrace in the sky or water club for that price,['view'],"[{'term': 'view', 'polarity': 'negative'}]","[{'category': 'general', 'polarity': 'neutral'}]",2419
The meal is worth every penny and you get more than enough (both in quantity AND portion).,The Prix Fixe menu is worth every penny and you get more than enough (both in quantity AND quality).,"['meal', 'quantity', 'portion']","[{'term': 'meal', 'polarity': 'positive'}, {'term': 'quantity', 'polarity': 'positive'}, {'term': 'portion', 'polarity': 'positive'}]","[{'category': 'general', 'polarity': 'neutral'}]",2424
The portion is worth every penny and you get more than enough (both in food AND value).,The Prix Fixe menu is worth every penny and you get more than enough (both in quantity AND quality).,"['portion', 'food', 'value']","[{'term': 'portion', 'polarity': 'positive'}, {'term': 'food', 'polarity': 'positive'}, {'term': 'value', 'polarity': 'positive'}]","[{'category': 'general', 'polarity': 'neutral'}]",2426
The dining experience is worth every penny and you get more than enough (both in food AND portion).,The Prix Fixe menu is worth every penny and you get more than enough (both in quantity AND quality).,"['dining experience', 'food', 'portion']","[{'term': 'dining experience', 'polarity': 'positive'}, {'term': 'food', 'polarity': 'positive'}, {'term': 'portion', 'polarity': 'positive'}]","[{'category': 'general', 'polarity': 'neutral'}]",2428
The dining experience is worth every penny and you get more than enough (both in food AND value).,The Prix Fixe menu is worth every penny and you get more than enough (both in quantity AND quality).,"['dining experience', 'food', 'value']","[{'term': 'dining experience', 'polarity': 'positive'}, {'term': 'food', 'polarity': 'positive'}, {'term': 'value', 'polarity': 'positive'}]","[{'category': 'general', 'polarity': 'neutral'}]",2429
"Also good for client customers, esp.","Also good for client lunch meetings, esp.",['customers'],"[{'term': 'customers', 'polarity': 'neutral'}]","[{'category': 'general', 'polarity': 'neutral'}]",2433
"Also good for client relationship, esp.","Also good for client lunch meetings, esp.",['relationship'],"[{'term': 'relationship', 'polarity': 'neutral'}]","[{'category': 'general', 'polarity': 'neutral'}]",2435
"We ate here in March, 2006 and ordered the Wonton Soup with Pad Thai.","We ate here in March, 2006 and ordered the pre-theatre 3-course dinner with wine flight.","['Wonton Soup', 'Pad Thai']","[{'term': 'Wonton Soup', 'polarity': 'neutral'}, {'term': 'Pad Thai', 'polarity': 'neutral'}]","[{'category': 'general', 'polarity': 'neutral'}]",2448
"We ate here in March, 2006 and ordered the pasta with wine.","We ate here in March, 2006 and ordered the pre-theatre 3-course dinner with wine flight.","['pasta', 'wine']","[{'term': 'pasta', 'polarity': 'neutral'}, {'term': 'wine', 'polarity': 'neutral'}]","[{'category': 'general', 'polarity': 'neutral'}]",2449
"We ate here in March, 2006 and ordered the dish with wine.","We ate here in March, 2006 and ordered the pre-theatre 3-course dinner with wine flight.","['dish', 'wine']","[{'term': 'dish', 'polarity': 'neutral'}, {'term': 'wine', 'polarity': 'neutral'}]","[{'category': 'general', 'polarity': 'neutral'}]",2450
"We ate here in March, 2006 and ordered the miso soup with appetizer.","We ate here in March, 2006 and ordered the pre-theatre 3-course dinner with wine flight.","['miso soup', 'appetizer']","[{'term': 'miso soup', 'polarity': 'neutral'}, {'term': 'appetizer', 'polarity': 'neutral'}]","[{'category': 'general', 'polarity': 'neutral'}]",2451
"We ate here in March, 2006 and ordered the menu with appetizers.","We ate here in March, 2006 and ordered the pre-theatre 3-course dinner with wine flight.","['menu', 'appetizers']","[{'term': 'menu', 'polarity': 'neutral'}, {'term': 'appetizers', 'polarity': 'neutral'}]","[{'category': 'general', 'polarity': 'neutral'}]",2453
"- the appetizer at the beginning is super tasty and makes you want more - the entree is delicious and comes in personal sizes, however be warned that the Peter's Favourite pizza with prosciutto and baby arugula is actually a margarite salad with cold prosciutto and baby arugula on top, like a dish.","- the bread at the beginning is super tasty and makes you want more - the pizza is delicious and comes in personal sizes, however be warned that the Peter's Favourite pizza with prosciutto and baby arugula is actually a margarite pizza with cold prosciutto and baby arugula on top, like a salad.","['appetizer', 'entree', 'pizza', 'salad', 'dish']","[{'term': 'appetizer', 'polarity': 'positive'}, {'term': 'entree', 'polarity': 'positive'}, {'term': 'pizza', 'polarity': 'neutral'}, {'term': 'salad', 'polarity': 'neutral'}, {'term': 'dish', 'polarity': 'neutral'}]","[{'category': 'general', 'polarity': 'neutral'}]",2455
"- the appetizer at the beginning is super tasty and makes you want more - the starter is delicious and comes in personal sizes, however be warned that the Peter's Favourite bruschetta with prosciutto and baby arugula is actually a margarite salad with cold prosciutto and baby arugula on top, like a tart.","- the bread at the beginning is super tasty and makes you want more - the pizza is delicious and comes in personal sizes, however be warned that the Peter's Favourite pizza with prosciutto and baby arugula is actually a margarite pizza with cold prosciutto and baby arugula on top, like a salad.","['appetizer', 'starter', 'bruschetta', 'salad', 'tart']","[{'term': 'appetizer', 'polarity': 'positive'}, {'term': 'starter', 'polarity': 'positive'}, {'term': 'bruschetta', 'polarity': 'neutral'}, {'term': 'salad', 'polarity': 'neutral'}, {'term': 'tart', 'polarity': 'neutral'}]","[{'category': 'general', 'polarity': 'neutral'}]",2456
"- the appetizer at the beginning is super tasty and makes you want more - the appetizers is delicious and comes in personal sizes, however be warned that the Peter's Favourite salad with prosciutto and baby arugula is actually a margarite salads with cold prosciutto and baby arugula on top, like a bruschetta.","- the bread at the beginning is super tasty and makes you want more - the pizza is delicious and comes in personal sizes, however be warned that the Peter's Favourite pizza with prosciutto and baby arugula is actually a margarite pizza with cold prosciutto and baby arugula on top, like a salad.","['appetizer', 'appetizers', 'salad', 'salads', 'bruschetta']","[{'term': 'appetizer', 'polarity': 'positive'}, {'term': 'appetizers', 'polarity': 'positive'}, {'term': 'salad', 'polarity': 'neutral'}, {'term': 'salads', 'polarity': 'neutral'}, {'term': 'bruschetta', 'polarity': 'neutral'}]","[{'category': 'general', 'polarity': 'neutral'}]",2457
"- the appetizer at the beginning is super tasty and makes you want more - the salad is delicious and comes in personal sizes, however be warned that the Peter's Favourite pizza with prosciutto and baby arugula is actually a margarite topping with cold prosciutto and baby arugula on top, like a pie.","- the bread at the beginning is super tasty and makes you want more - the pizza is delicious and comes in personal sizes, however be warned that the Peter's Favourite pizza with prosciutto and baby arugula is actually a margarite pizza with cold prosciutto and baby arugula on top, like a salad.","['appetizer', 'salad', 'pizza', 'topping', 'pie']","[{'term': 'appetizer', 'polarity': 'positive'}, {'term': 'salad', 'polarity': 'positive'}, {'term': 'pizza', 'polarity': 'neutral'}, {'term': 'topping', 'polarity': 'neutral'}, {'term': 'pie', 'polarity': 'neutral'}]","[{'category': 'general', 'polarity': 'neutral'}]",2458
"- the appetizer at the beginning is super tasty and makes you want more - the dishes is delicious and comes in personal sizes, however be warned that the Peter's Favourite salad with prosciutto and baby arugula is actually a margarite greens with cold prosciutto and baby arugula on top, like a pizza.","- the bread at the beginning is super tasty and makes you want more - the pizza is delicious and comes in personal sizes, however be warned that the Peter's Favourite pizza with prosciutto and baby arugula is actually a margarite pizza with cold prosciutto and baby arugula on top, like a salad.","['appetizer', 'dishes', 'salad', 'greens', 'pizza']","[{'term': 'appetizer', 'polarity': 'positive'}, {'term': 'dishes', 'polarity': 'positive'}, {'term': 'salad', 'polarity': 'neutral'}, {'term': 'greens', 'polarity': 'neutral'}, {'term': 'pizza', 'polarity': 'neutral'}]","[{'category': 'general', 'polarity': 'neutral'}]",2459
"While this isn't classical restaurant fare, the dishes has given new life to an old building with some really innovative and tasty dishes that are genuinely authentic without being heavy or same old restaurant burn-outs.","While this isn't classical restaurant fare, the chef has given new life to an old cuisine with some really innovative and tasty dishes that are genuinely Indian without being heavy or same old restaurant burn-outs.","['dishes', 'building', 'dishes', 'authentic']","[{'term': 'dishes', 'polarity': 'positive'}, {'term': 'building', 'polarity': 'positive'}, {'term': 'dishes', 'polarity': 'neutral'}, {'term': 'authentic', 'polarity': 'positive'}]","[{'category': 'general', 'polarity': 'neutral'}]",2461
"While this isn't classical restaurant fare, the concept has given new life to an old building with some really innovative and tasty dishes that are genuinely original without being heavy or same old restaurant burn-outs.","While this isn't classical restaurant fare, the chef has given new life to an old cuisine with some really innovative and tasty dishes that are genuinely Indian without being heavy or same old restaurant burn-outs.","['concept', 'building', 'dishes', 'original']","[{'term': 'concept', 'polarity': 'positive'}, {'term': 'building', 'polarity': 'positive'}, {'term': 'dishes', 'polarity': 'neutral'}, {'term': 'original', 'polarity': 'positive'}]","[{'category': 'general', 'polarity': 'neutral'}]",2464
Great romantic restaurant for a date (try to get the table for a little intimacy and to sit close!).,Great romantic place for a date (try to get the corner booth table for a little privacy and to sit close!).,"['restaurant', 'table', 'intimacy']","[{'term': 'restaurant', 'polarity': 'positive'}, {'term': 'table', 'polarity': 'positive'}, {'term': 'intimacy', 'polarity': 'positive'}]","[{'category': 'general', 'polarity': 'neutral'}]",2470
Great romantic dinner for a date (try to get the table for a little ambiance and to sit close!).,Great romantic place for a date (try to get the corner booth table for a little privacy and to sit close!).,"['dinner', 'table', 'ambiance']","[{'term': 'dinner', 'polarity': 'positive'}, {'term': 'table', 'polarity': 'positive'}, {'term': 'ambiance', 'polarity': 'positive'}]","[{'category': 'general', 'polarity': 'neutral'}]",2471
The waiter was really cool and treated us our bill and check with a smile.,The server was really cool and served us our food and drinks with a smile.,"['waiter', 'treated', 'bill', 'check']","[{'term': 'waiter', 'polarity': 'positive'}, {'term': 'treated', 'polarity': 'neutral'}, {'term': 'bill', 'polarity': 'neutral'}, {'term': 'check', 'polarity': 'positive'}]","[{'category': 'general', 'polarity': 'neutral'}]",2472
The waiter was really cool and treated us our bill and total with a smile.,The server was really cool and served us our food and drinks with a smile.,"['waiter', 'treated', 'bill', 'total']","[{'term': 'waiter', 'polarity': 'positive'}, {'term': 'treated', 'polarity': 'neutral'}, {'term': 'bill', 'polarity': 'neutral'}, {'term': 'total', 'polarity': 'positive'}]","[{'category': 'general', 'polarity': 'neutral'}]",2473
The waiter was really cool and served us our bill and tips with a smile.,The server was really cool and served us our food and drinks with a smile.,"['waiter', 'served', 'bill', 'tips']","[{'term': 'waiter', 'polarity': 'positive'}, {'term': 'served', 'polarity': 'neutral'}, {'term': 'bill', 'polarity': 'neutral'}, {'term': 'tips', 'polarity': 'positive'}]","[{'category': 'general', 'polarity': 'neutral'}]",2474
The waiter was really cool and brought us our bill and check with a smile.,The server was really cool and served us our food and drinks with a smile.,"['waiter', 'brought', 'bill', 'check']","[{'term': 'waiter', 'polarity': 'positive'}, {'term': 'brought', 'polarity': 'neutral'}, {'term': 'bill', 'polarity': 'neutral'}, {'term': 'check', 'polarity': 'positive'}]","[{'category': 'general', 'polarity': 'neutral'}]",2475
The host was really cool and welcomed us our order and bill with a smile.,The server was really cool and served us our food and drinks with a smile.,"['host', 'welcomed', 'order', 'bill']","[{'term': 'host', 'polarity': 'positive'}, {'term': 'welcomed', 'polarity': 'neutral'}, {'term': 'order', 'polarity': 'neutral'}, {'term': 'bill', 'polarity': 'positive'}]","[{'category': 'general', 'polarity': 'neutral'}]",2476
The waiter was really cool and greeted us our bill and tip with a smile.,The server was really cool and served us our food and drinks with a smile.,"['waiter', 'greeted', 'bill', 'tip']","[{'term': 'waiter', 'polarity': 'positive'}, {'term': 'greeted', 'polarity': 'neutral'}, {'term': 'bill', 'polarity': 'neutral'}, {'term': 'tip', 'polarity': 'positive'}]","[{'category': 'general', 'polarity': 'neutral'}]",2477
I had to share my tablemate with a loud group of kids and the server was rude an unattentive.,I had to share my table with a loud group of kids and the service was rude an unattentive.,"['tablemate', 'server']","[{'term': 'tablemate', 'polarity': 'negative'}, {'term': 'server', 'polarity': 'negative'}]","[{'category': 'general', 'polarity': 'neutral'}]",2478
Taj Mahal offeres gret views and great dining.,Taj Mahal offeres gret value and great food.,"['views', 'dining']","[{'term': 'views', 'polarity': 'positive'}, {'term': 'dining', 'polarity': 'positive'}]","[{'category': 'general', 'polarity': 'neutral'}]",2490
Taj Mahal offeres gret view and great food.,Taj Mahal offeres gret value and great food.,"['view', 'food']","[{'term': 'view', 'polarity': 'positive'}, {'term': 'food', 'polarity': 'positive'}]","[{'category': 'general', 'polarity': 'neutral'}]",2491
Taj Mahal offeres gret dining and great food.,Taj Mahal offeres gret value and great food.,"['dining', 'food']","[{'term': 'dining', 'polarity': 'positive'}, {'term': 'food', 'polarity': 'positive'}]","[{'category': 'general', 'polarity': 'neutral'}]",2493
Taj Mahal offeres gret cuisine and great views.,Taj Mahal offeres gret value and great food.,"['cuisine', 'views']","[{'term': 'cuisine', 'polarity': 'positive'}, {'term': 'views', 'polarity': 'positive'}]","[{'category': 'general', 'polarity': 'neutral'}]",2494
"But don't ever order dinner late at nite (either delivered or picked, for that matter don't from any take out place) as it is from the morning bread turns out hard almost like rock, hurt my molars.","But don't ever order bacon late at nite (either platter or in sandwiches, for that matter don't from any take out place) as it is from the morning frying turns out hard almost like bacos, hurt my molars.","['dinner', 'delivered', 'picked', 'bread', 'rock']","[{'term': 'dinner', 'polarity': 'negative'}, {'term': 'delivered', 'polarity': 'negative'}, {'term': 'picked', 'polarity': 'negative'}, {'term': 'bread', 'polarity': 'negative'}, {'term': 'rock', 'polarity': 'negative'}]","[{'category': 'general', 'polarity': 'neutral'}]",2496
"But don't ever order dinner late at nite (either food or delivery, for that matter don't from any take out place) as it is from the morning fresh turns out hard almost like stale, hurt my molars.","But don't ever order bacon late at nite (either platter or in sandwiches, for that matter don't from any take out place) as it is from the morning frying turns out hard almost like bacos, hurt my molars.","['dinner', 'food', 'delivery', 'fresh', 'stale']","[{'term': 'dinner', 'polarity': 'negative'}, {'term': 'food', 'polarity': 'negative'}, {'term': 'delivery', 'polarity': 'negative'}, {'term': 'fresh', 'polarity': 'negative'}, {'term': 'stale', 'polarity': 'negative'}]","[{'category': 'general', 'polarity': 'neutral'}]",2497
"But don't ever order dishes late at nite (either raw or cooked, for that matter don't from any take out place) as it is from the morning kitchen turns out hard almost like cheese, hurt my molars.","But don't ever order bacon late at nite (either platter or in sandwiches, for that matter don't from any take out place) as it is from the morning frying turns out hard almost like bacos, hurt my molars.","['dishes', 'raw', 'cooked', 'kitchen', 'cheese']","[{'term': 'dishes', 'polarity': 'negative'}, {'term': 'raw', 'polarity': 'negative'}, {'term': 'cooked', 'polarity': 'negative'}, {'term': 'kitchen', 'polarity': 'negative'}, {'term': 'cheese', 'polarity': 'negative'}]","[{'category': 'general', 'polarity': 'neutral'}]",2498
"But don't ever order dinner late at nite (either dinner or dinner, for that matter don't from any take out place) as it is from the morning delivery turns out hard almost like stale, hurt my molars.","But don't ever order bacon late at nite (either platter or in sandwiches, for that matter don't from any take out place) as it is from the morning frying turns out hard almost like bacos, hurt my molars.","['dinner', 'dinner', 'dinner', 'delivery', 'stale']","[{'term': 'dinner', 'polarity': 'negative'}, {'term': 'dinner', 'polarity': 'negative'}, {'term': 'dinner', 'polarity': 'negative'}, {'term': 'delivery', 'polarity': 'negative'}, {'term': 'stale', 'polarity': 'negative'}]","[{'category': 'general', 'polarity': 'neutral'}]",2499
"But don't ever order dinner late at nite (either delivered or delivered, for that matter don't from any take out place) as it is from the morning kitchen turns out hard almost like bread, hurt my molars.","But don't ever order bacon late at nite (either platter or in sandwiches, for that matter don't from any take out place) as it is from the morning frying turns out hard almost like bacos, hurt my molars.","['dinner', 'delivered', 'delivered', 'kitchen', 'bread']","[{'term': 'dinner', 'polarity': 'negative'}, {'term': 'delivered', 'polarity': 'negative'}, {'term': 'delivered', 'polarity': 'negative'}, {'term': 'kitchen', 'polarity': 'negative'}, {'term': 'bread', 'polarity': 'negative'}]","[{'category': 'general', 'polarity': 'neutral'}]",2500
"But don't ever order dinner late at nite (either cooked or delivered, for that matter don't from any take out place) as it is from the morning kitchen turns out hard almost like rock, hurt my molars.","But don't ever order bacon late at nite (either platter or in sandwiches, for that matter don't from any take out place) as it is from the morning frying turns out hard almost like bacos, hurt my molars.","['dinner', 'cooked', 'delivered', 'kitchen', 'rock']","[{'term': 'dinner', 'polarity': 'negative'}, {'term': 'cooked', 'polarity': 'negative'}, {'term': 'delivered', 'polarity': 'negative'}, {'term': 'kitchen', 'polarity': 'negative'}, {'term': 'rock', 'polarity': 'negative'}]","[{'category': 'general', 'polarity': 'neutral'}]",2501
"I found it on a cold night, the perfect cup of hot cocoa to warm up.","I found it on a cold night, the perfect spot to warm up.",['cup of hot cocoa'],"[{'term': 'cup of hot cocoa', 'polarity': 'positive'}]","[{'category': 'general', 'polarity': 'neutral'}]",2503
"Looking around, I saw a tables full of New Yorkers enjoying a real meal in a real restaurant, not a tourist trap of the fabulous trying to be seen.","Looking around, I saw a room full of New Yorkers enjoying a real meal in a real restaurant, not a clubhouse of the fabulous trying to be seen.","['tables', 'meal', 'tourist trap']","[{'term': 'tables', 'polarity': 'positive'}, {'term': 'meal', 'polarity': 'neutral'}, {'term': 'tourist trap', 'polarity': 'negative'}]","[{'category': 'general', 'polarity': 'neutral'}]",2508
"Looking around, I saw a bar full of New Yorkers enjoying a real dinner in a real restaurant, not a chain of the fabulous trying to be seen.","Looking around, I saw a room full of New Yorkers enjoying a real meal in a real restaurant, not a clubhouse of the fabulous trying to be seen.","['bar', 'dinner', 'chain']","[{'term': 'bar', 'polarity': 'positive'}, {'term': 'dinner', 'polarity': 'neutral'}, {'term': 'chain', 'polarity': 'negative'}]","[{'category': 'general', 'polarity': 'neutral'}]",2509
"Looking around, I saw a diner full of New Yorkers enjoying a real lunch in a real restaurant, not a chain of the fabulous trying to be seen.","Looking around, I saw a room full of New Yorkers enjoying a real meal in a real restaurant, not a clubhouse of the fabulous trying to be seen.","['diner', 'lunch', 'chain']","[{'term': 'diner', 'polarity': 'positive'}, {'term': 'lunch', 'polarity': 'neutral'}, {'term': 'chain', 'polarity': 'negative'}]","[{'category': 'general', 'polarity': 'neutral'}]",2510
"Looking around, I saw a diners full of New Yorkers enjoying a real meal in a real restaurant, not a trendy of the fabulous trying to be seen.","Looking around, I saw a room full of New Yorkers enjoying a real meal in a real restaurant, not a clubhouse of the fabulous trying to be seen.","['diners', 'meal', 'trendy']","[{'term': 'diners', 'polarity': 'positive'}, {'term': 'meal', 'polarity': 'neutral'}, {'term': 'trendy', 'polarity': 'negative'}]","[{'category': 'general', 'polarity': 'neutral'}]",2511
"Looking around, I saw a table full of New Yorkers enjoying a real dinner in a real restaurant, not a chain of the fabulous trying to be seen.","Looking around, I saw a room full of New Yorkers enjoying a real meal in a real restaurant, not a clubhouse of the fabulous trying to be seen.","['table', 'dinner', 'chain']","[{'term': 'table', 'polarity': 'positive'}, {'term': 'dinner', 'polarity': 'neutral'}, {'term': 'chain', 'polarity': 'negative'}]","[{'category': 'general', 'polarity': 'neutral'}]",2512
"Looking around, I saw a diner full of New Yorkers enjoying a real meal in a real restaurant, not a chain of the fabulous trying to be seen.","Looking around, I saw a room full of New Yorkers enjoying a real meal in a real restaurant, not a clubhouse of the fabulous trying to be seen.","['diner', 'meal', 'chain']","[{'term': 'diner', 'polarity': 'positive'}, {'term': 'meal', 'polarity': 'neutral'}, {'term': 'chain', 'polarity': 'negative'}]","[{'category': 'general', 'polarity': 'neutral'}]",2513
"I had the dinner with wine, appetizer with salad, and the main course with a dessert for $49.","I had the tuna tartare with sake, mushroom ravioli with pinot noir, and the chocolate sampler with a dessert wine for $49.","['dinner', 'wine', 'appetizer', 'salad', 'main course', 'dessert']","[{'term': 'dinner', 'polarity': 'positive'}, {'term': 'wine', 'polarity': 'positive'}, {'term': 'appetizer', 'polarity': 'positive'}, {'term': 'salad', 'polarity': 'positive'}, {'term': 'main course', 'polarity': 'positive'}, {'term': 'dessert', 'polarity': 'positive'}]","[{'category': 'general', 'polarity': 'neutral'}]",2524
"While the cafe is not a hotspot hangout, the dishes are unique and pack a lot of bang for the buck.","While the place is not a hotspot hangout, the drinks are unique and pack a lot of bang for the buck.","['cafe', 'dishes']","[{'term': 'cafe', 'polarity': 'positive'}, {'term': 'dishes', 'polarity': 'negative'}]","[{'category': 'general', 'polarity': 'neutral'}]",2526
"While the establishment is not a hotspot hangout, the dishes are unique and pack a lot of bang for the buck.","While the place is not a hotspot hangout, the drinks are unique and pack a lot of bang for the buck.","['establishment', 'dishes']","[{'term': 'establishment', 'polarity': 'positive'}, {'term': 'dishes', 'polarity': 'negative'}]","[{'category': 'general', 'polarity': 'neutral'}]",2527
"While the atmosphere is not a hotspot hangout, the dishes are unique and pack a lot of bang for the buck.","While the place is not a hotspot hangout, the drinks are unique and pack a lot of bang for the buck.","['atmosphere', 'dishes']","[{'term': 'atmosphere', 'polarity': 'positive'}, {'term': 'dishes', 'polarity': 'negative'}]","[{'category': 'general', 'polarity': 'neutral'}]",2530
"The chef's's dazzling cuisine overwhelm the palate, truly embracing the beauty of authentic Mediterranean.","The food's dazzling flavors overwhelm the palate, truly embracing the beauty of authentic Thai cuisine.","[""chef's"", 'cuisine', 'Mediterranean']","[{'term': ""chef's"", 'polarity': 'positive'}, {'term': 'cuisine', 'polarity': 'positive'}, {'term': 'Mediterranean', 'polarity': 'positive'}]","[{'category': 'general', 'polarity': 'neutral'}]",2535
"The chef's's dazzling cuisine overwhelm the palate, truly embracing the beauty of authentic cuisine.","The food's dazzling flavors overwhelm the palate, truly embracing the beauty of authentic Thai cuisine.","[""chef's"", 'cuisine', 'cuisine']","[{'term': ""chef's"", 'polarity': 'positive'}, {'term': 'cuisine', 'polarity': 'positive'}, {'term': 'cuisine', 'polarity': 'positive'}]","[{'category': 'general', 'polarity': 'neutral'}]",2536
"The chef's's dazzling flavors overwhelm the palate, truly embracing the beauty of authentic Japanese.","The food's dazzling flavors overwhelm the palate, truly embracing the beauty of authentic Thai cuisine.","[""chef's"", 'flavors', 'Japanese']","[{'term': ""chef's"", 'polarity': 'positive'}, {'term': 'flavors', 'polarity': 'positive'}, {'term': 'Japanese', 'polarity': 'positive'}]","[{'category': 'general', 'polarity': 'neutral'}]",2537
"The bread is a bit soggy, but the fries were fresh, included a nice napkin (not ketchup) all are are piping piping hot from the kitchen.","The bruscetta is a bit soggy, but the salads were fresh, included a nice mix of greens (not iceberg) all dishes are served piping hot from the kitchen.","['bread', 'fries', 'napkin', 'ketchup', 'are', 'piping']","[{'term': 'bread', 'polarity': 'negative'}, {'term': 'fries', 'polarity': 'positive'}, {'term': 'napkin', 'polarity': 'positive'}, {'term': 'ketchup', 'polarity': 'positive'}, {'term': 'are', 'polarity': 'neutral'}, {'term': 'piping', 'polarity': 'positive'}]","[{'category': 'general', 'polarity': 'neutral'}]",2538
"The buns is a bit soggy, but the rolls were fresh, included a nice herbs (not garlic) all entire are scorching piping hot from the kitchen.","The bruscetta is a bit soggy, but the salads were fresh, included a nice mix of greens (not iceberg) all dishes are served piping hot from the kitchen.","['buns', 'rolls', 'herbs', 'garlic', 'entire', 'scorching']","[{'term': 'buns', 'polarity': 'negative'}, {'term': 'rolls', 'polarity': 'positive'}, {'term': 'herbs', 'polarity': 'positive'}, {'term': 'garlic', 'polarity': 'positive'}, {'term': 'entire', 'polarity': 'neutral'}, {'term': 'scorching', 'polarity': 'positive'}]","[{'category': 'general', 'polarity': 'neutral'}]",2541
"The bread is a bit soggy, but the fries were fresh, included a nice side salad (not lettuce) all entrees are are piping hot from the kitchen.","The bruscetta is a bit soggy, but the salads were fresh, included a nice mix of greens (not iceberg) all dishes are served piping hot from the kitchen.","['bread', 'fries', 'side salad', 'lettuce', 'entrees', 'are']","[{'term': 'bread', 'polarity': 'negative'}, {'term': 'fries', 'polarity': 'positive'}, {'term': 'side salad', 'polarity': 'positive'}, {'term': 'lettuce', 'polarity': 'positive'}, {'term': 'entrees', 'polarity': 'neutral'}, {'term': 'are', 'polarity': 'positive'}]","[{'category': 'general', 'polarity': 'neutral'}]",2543
This isn't your corner diner takeout.,This isn't your corner Chinese food takeout.,['diner'],"[{'term': 'diner', 'polarity': 'neutral'}]","[{'category': 'general', 'polarity': 'neutral'}]",2553
In reality (to maximize potential benefits) they were still taking phone calls and reallocating resources of those staff in the dining.,In reality (to maximize potential diners) they were still taking phone reservations and reallocating tables of those waiting in the lobby.,"['benefits', 'calls', 'resources', 'staff', 'dining']","[{'term': 'benefits', 'polarity': 'neutral'}, {'term': 'calls', 'polarity': 'negative'}, {'term': 'resources', 'polarity': 'negative'}, {'term': 'staff', 'polarity': 'neutral'}, {'term': 'dining', 'polarity': 'negative'}]","[{'category': 'general', 'polarity': 'neutral'}]",2556
In reality (to maximize potential benefits) they were still taking phone calls and reallocating resources of those staff in the restaurant.,In reality (to maximize potential diners) they were still taking phone reservations and reallocating tables of those waiting in the lobby.,"['benefits', 'calls', 'resources', 'staff', 'restaurant']","[{'term': 'benefits', 'polarity': 'neutral'}, {'term': 'calls', 'polarity': 'negative'}, {'term': 'resources', 'polarity': 'negative'}, {'term': 'staff', 'polarity': 'neutral'}, {'term': 'restaurant', 'polarity': 'negative'}]","[{'category': 'general', 'polarity': 'neutral'}]",2557
In reality (to maximize potential profits) they were still taking phone calls and reallocating funds of those employees in the office.,In reality (to maximize potential diners) they were still taking phone reservations and reallocating tables of those waiting in the lobby.,"['profits', 'calls', 'funds', 'employees', 'office']","[{'term': 'profits', 'polarity': 'neutral'}, {'term': 'calls', 'polarity': 'negative'}, {'term': 'funds', 'polarity': 'negative'}, {'term': 'employees', 'polarity': 'neutral'}, {'term': 'office', 'polarity': 'negative'}]","[{'category': 'general', 'polarity': 'neutral'}]",2558
In reality (to maximize potential revenue) they were still taking phone calls and reallocating resources of those dollars in the office.,In reality (to maximize potential diners) they were still taking phone reservations and reallocating tables of those waiting in the lobby.,"['revenue', 'calls', 'resources', 'dollars', 'office']","[{'term': 'revenue', 'polarity': 'neutral'}, {'term': 'calls', 'polarity': 'negative'}, {'term': 'resources', 'polarity': 'negative'}, {'term': 'dollars', 'polarity': 'neutral'}, {'term': 'office', 'polarity': 'negative'}]","[{'category': 'general', 'polarity': 'neutral'}]",2559
In reality (to maximize potential capacity) they were still taking phone calls and reallocating resources of those employees in the office.,In reality (to maximize potential diners) they were still taking phone reservations and reallocating tables of those waiting in the lobby.,"['capacity', 'calls', 'resources', 'employees', 'office']","[{'term': 'capacity', 'polarity': 'neutral'}, {'term': 'calls', 'polarity': 'negative'}, {'term': 'resources', 'polarity': 'negative'}, {'term': 'employees', 'polarity': 'neutral'}, {'term': 'office', 'polarity': 'negative'}]","[{'category': 'general', 'polarity': 'neutral'}]",2560
In reality (to maximize potential revenue) they were still taking phone calls and reallocating resources of those staff in the office.,In reality (to maximize potential diners) they were still taking phone reservations and reallocating tables of those waiting in the lobby.,"['revenue', 'calls', 'resources', 'staff', 'office']","[{'term': 'revenue', 'polarity': 'neutral'}, {'term': 'calls', 'polarity': 'negative'}, {'term': 'resources', 'polarity': 'negative'}, {'term': 'staff', 'polarity': 'neutral'}, {'term': 'office', 'polarity': 'negative'}]","[{'category': 'general', 'polarity': 'neutral'}]",2561
The bartender actually poured beer on my hand and walked away.,The waiter actually poured water on my hand and walked away.,"['bartender', 'beer']","[{'term': 'bartender', 'polarity': 'negative'}, {'term': 'beer', 'polarity': 'neutral'}]","[{'category': 'general', 'polarity': 'neutral'}]",2585
"NO more more, expensive upscale and annoying advertisements.","NO more reservations, expensive tips and annoying stuff.","['more', 'upscale', 'advertisements']","[{'term': 'more', 'polarity': 'positive'}, {'term': 'upscale', 'polarity': 'positive'}, {'term': 'advertisements', 'polarity': 'positive'}]","[{'category': 'general', 'polarity': 'neutral'}]",2586
"NO more orders, expensive menu items and annoying pop-ups.","NO more reservations, expensive tips and annoying stuff.","['orders', 'menu items', 'pop-ups']","[{'term': 'orders', 'polarity': 'positive'}, {'term': 'menu items', 'polarity': 'positive'}, {'term': 'pop-ups', 'polarity': 'positive'}]","[{'category': 'general', 'polarity': 'neutral'}]",2587
"NO more tips, expensive prices and annoying attendants.","NO more reservations, expensive tips and annoying stuff.","['tips', 'prices', 'attendants']","[{'term': 'tips', 'polarity': 'positive'}, {'term': 'prices', 'polarity': 'positive'}, {'term': 'attendants', 'polarity': 'positive'}]","[{'category': 'general', 'polarity': 'neutral'}]",2588
"NO more tips, expensive luxury and annoying waiters.","NO more reservations, expensive tips and annoying stuff.","['tips', 'luxury', 'waiters']","[{'term': 'tips', 'polarity': 'positive'}, {'term': 'luxury', 'polarity': 'positive'}, {'term': 'waiters', 'polarity': 'positive'}]","[{'category': 'general', 'polarity': 'neutral'}]",2589
"NO more orders, expensive ups and annoying delivery.","NO more reservations, expensive tips and annoying stuff.","['orders', 'ups', 'delivery']","[{'term': 'orders', 'polarity': 'positive'}, {'term': 'ups', 'polarity': 'positive'}, {'term': 'delivery', 'polarity': 'positive'}]","[{'category': 'general', 'polarity': 'neutral'}]",2590
"NO more upsells, expensive upsizing and annoying upsales.","NO more reservations, expensive tips and annoying stuff.","['upsells', 'upsizing', 'upsales']","[{'term': 'upsells', 'polarity': 'positive'}, {'term': 'upsizing', 'polarity': 'positive'}, {'term': 'upsales', 'polarity': 'positive'}]","[{'category': 'general', 'polarity': 'neutral'}]",2591
The dishes are similar but the presentation lacked more details than it looked.,The menu choices are similar but the taste lacked more flavor than it looked.,"['dishes', 'presentation', 'details']","[{'term': 'dishes', 'polarity': 'negative'}, {'term': 'presentation', 'polarity': 'neutral'}, {'term': 'details', 'polarity': 'negative'}]","[{'category': 'general', 'polarity': 'neutral'}]",2593
The dishes are similar but the restaurant lacked more flavor than it looked.,The menu choices are similar but the taste lacked more flavor than it looked.,"['dishes', 'restaurant', 'flavor']","[{'term': 'dishes', 'polarity': 'negative'}, {'term': 'restaurant', 'polarity': 'neutral'}, {'term': 'flavor', 'polarity': 'negative'}]","[{'category': 'general', 'polarity': 'neutral'}]",2594
The flavors are similar but the dish lacked more flavor than it looked.,The menu choices are similar but the taste lacked more flavor than it looked.,"['flavors', 'dish', 'flavor']","[{'term': 'flavors', 'polarity': 'negative'}, {'term': 'dish', 'polarity': 'neutral'}, {'term': 'flavor', 'polarity': 'negative'}]","[{'category': 'general', 'polarity': 'neutral'}]",2595
The dishes are similar but the portions lacked more details than it looked.,The menu choices are similar but the taste lacked more flavor than it looked.,"['dishes', 'portions', 'details']","[{'term': 'dishes', 'polarity': 'negative'}, {'term': 'portions', 'polarity': 'neutral'}, {'term': 'details', 'polarity': 'negative'}]","[{'category': 'general', 'polarity': 'neutral'}]",2596
"My husband said the shrimp were very small, but if my palate was good to eat the portion would've been fine for me.","My husband said the portions were very small, but if my main course was good to eat the portion would've been fine for me.","['shrimp', 'palate', 'portion']","[{'term': 'shrimp', 'polarity': 'negative'}, {'term': 'palate', 'polarity': 'positive'}, {'term': 'portion', 'polarity': 'negative'}]","[{'category': 'general', 'polarity': 'neutral'}]",2598
"My husband said the shrimp were very small, but if my I was good to eat the portion would've been fine for me.","My husband said the portions were very small, but if my main course was good to eat the portion would've been fine for me.","['shrimp', 'I', 'portion']","[{'term': 'shrimp', 'polarity': 'negative'}, {'term': 'I', 'polarity': 'positive'}, {'term': 'portion', 'polarity': 'negative'}]","[{'category': 'general', 'polarity': 'neutral'}]",2599
"My husband said the shrimp were very small, but if my I was good to eat the fish would've been fine for me.","My husband said the portions were very small, but if my main course was good to eat the portion would've been fine for me.","['shrimp', 'I', 'fish']","[{'term': 'shrimp', 'polarity': 'negative'}, {'term': 'I', 'polarity': 'positive'}, {'term': 'fish', 'polarity': 'negative'}]","[{'category': 'general', 'polarity': 'neutral'}]",2600
"My husband said the mosquitoes were very small, but if my kids was good to eat the bugs would've been fine for me.","My husband said the portions were very small, but if my main course was good to eat the portion would've been fine for me.","['mosquitoes', 'kids', 'bugs']","[{'term': 'mosquitoes', 'polarity': 'negative'}, {'term': 'kids', 'polarity': 'positive'}, {'term': 'bugs', 'polarity': 'negative'}]","[{'category': 'general', 'polarity': 'neutral'}]",2601
"My husband said the portion were very small, but if my I was good to eat the fish would've been fine for me.","My husband said the portions were very small, but if my main course was good to eat the portion would've been fine for me.","['portion', 'I', 'fish']","[{'term': 'portion', 'polarity': 'negative'}, {'term': 'I', 'polarity': 'positive'}, {'term': 'fish', 'polarity': 'negative'}]","[{'category': 'general', 'polarity': 'neutral'}]",2602
"My husband said the portions were very small, but if my appetite was good to eat the food would've been fine for me.","My husband said the portions were very small, but if my main course was good to eat the portion would've been fine for me.","['portions', 'appetite', 'food']","[{'term': 'portions', 'polarity': 'negative'}, {'term': 'appetite', 'polarity': 'positive'}, {'term': 'food', 'polarity': 'negative'}]","[{'category': 'general', 'polarity': 'neutral'}]",2603
We were a group of 8 and well fit.,We were a group of 8 and well seved.,['fit'],"[{'term': 'fit', 'polarity': 'positive'}]","[{'category': 'general', 'polarity': 'neutral'}]",2604
We were a group of 8 and well served.,We were a group of 8 and well seved.,['served'],"[{'term': 'served', 'polarity': 'positive'}]","[{'category': 'general', 'polarity': 'neutral'}]",2605
We were a group of 8 and well comfortable.,We were a group of 8 and well seved.,['comfortable'],"[{'term': 'comfortable', 'polarity': 'positive'}]","[{'category': 'general', 'polarity': 'neutral'}]",2606
We were a group of 8 and well sitting comfortably.,We were a group of 8 and well seved.,['sitting comfortably'],"[{'term': 'sitting comfortably', 'polarity': 'positive'}]","[{'category': 'general', 'polarity': 'neutral'}]",2608
We were a group of 8 and well accommodated.,We were a group of 8 and well seved.,['accommodated'],"[{'term': 'accommodated', 'polarity': 'positive'}]","[{'category': 'general', 'polarity': 'neutral'}]",2609
I have lived in Japan for 7 years and the atmosphere of the food and the ambiance of the restaurant is like being back in Japan.,I have lived in Japan for 7 years and the taste of the food and the feel of the restaurant is like being back in Japan.,"['atmosphere', 'food', 'ambiance']","[{'term': 'atmosphere', 'polarity': 'positive'}, {'term': 'food', 'polarity': 'positive'}, {'term': 'ambiance', 'polarity': 'positive'}]","[{'category': 'general', 'polarity': 'neutral'}]",2612
I have lived in Japan for 7 years and the atmosphere of the dining and the ambiance of the restaurant is like being back in Japan.,I have lived in Japan for 7 years and the taste of the food and the feel of the restaurant is like being back in Japan.,"['atmosphere', 'dining', 'ambiance']","[{'term': 'atmosphere', 'polarity': 'positive'}, {'term': 'dining', 'polarity': 'positive'}, {'term': 'ambiance', 'polarity': 'positive'}]","[{'category': 'general', 'polarity': 'neutral'}]",2613
I have lived in Japan for 7 years and the atmosphere of the food and the service of the restaurant is like being back in Japan.,I have lived in Japan for 7 years and the taste of the food and the feel of the restaurant is like being back in Japan.,"['atmosphere', 'food', 'service']","[{'term': 'atmosphere', 'polarity': 'positive'}, {'term': 'food', 'polarity': 'positive'}, {'term': 'service', 'polarity': 'positive'}]","[{'category': 'general', 'polarity': 'neutral'}]",2614
We've been to Grocery three times and not once has an item on the list disappointed.,We've been to Grocery three times and not once has an item on the menu disappointed.,['list'],"[{'term': 'list', 'polarity': 'positive'}]","[{'category': 'general', 'polarity': 'neutral'}]",2618
We've been to Grocery three times and not once has an item on the shelf disappointed.,We've been to Grocery three times and not once has an item on the menu disappointed.,['shelf'],"[{'term': 'shelf', 'polarity': 'positive'}]","[{'category': 'general', 'polarity': 'neutral'}]",2621
"food is excpetiona, the restaurant huge and delictable, and the service professional wan warm.","The chicken pot pie is excpetiona, the cheeseburger huge and delictable, and the service professional wan warm.","['food', 'restaurant', 'service']","[{'term': 'food', 'polarity': 'positive'}, {'term': 'restaurant', 'polarity': 'positive'}, {'term': 'service', 'polarity': 'positive'}]","[{'category': 'general', 'polarity': 'neutral'}]",2623
"service is excpetiona, the restaurant huge and delictable, and the staff professional wan warm.","The chicken pot pie is excpetiona, the cheeseburger huge and delictable, and the service professional wan warm.","['service', 'restaurant', 'staff']","[{'term': 'service', 'polarity': 'positive'}, {'term': 'restaurant', 'polarity': 'positive'}, {'term': 'staff', 'polarity': 'positive'}]","[{'category': 'general', 'polarity': 'neutral'}]",2624
"service is excpetiona, the portion huge and delictable, and the staff professional wan warm.","The chicken pot pie is excpetiona, the cheeseburger huge and delictable, and the service professional wan warm.","['service', 'portion', 'staff']","[{'term': 'service', 'polarity': 'positive'}, {'term': 'portion', 'polarity': 'positive'}, {'term': 'staff', 'polarity': 'positive'}]","[{'category': 'general', 'polarity': 'neutral'}]",2625
"restaurant is excpetiona, the portions huge and delictable, and the staff professional wan warm.","The chicken pot pie is excpetiona, the cheeseburger huge and delictable, and the service professional wan warm.","['restaurant', 'portions', 'staff']","[{'term': 'restaurant', 'polarity': 'positive'}, {'term': 'portions', 'polarity': 'positive'}, {'term': 'staff', 'polarity': 'positive'}]","[{'category': 'general', 'polarity': 'neutral'}]",2626
"If presentation and presentation and service is your thing, then this magic show works.","If presentation and service is your thing, then this magic show works.",['presentation and service'],"[{'term': 'presentation and service', 'polarity': 'positive'}]","[{'category': 'general', 'polarity': 'neutral'}]",2630
They smell like they stuff them with old mushrooms like the truffles.,They smell like they stuff them with old canned vegetables like the spinach mushroom calzone.,"['mushrooms', 'truffles']","[{'term': 'mushrooms', 'polarity': 'negative'}, {'term': 'truffles', 'polarity': 'negative'}]","[{'category': 'general', 'polarity': 'neutral'}]",2634
They smell like they stuff them with old herbs like the turkeys.,They smell like they stuff them with old canned vegetables like the spinach mushroom calzone.,"['herbs', 'turkeys']","[{'term': 'herbs', 'polarity': 'negative'}, {'term': 'turkeys', 'polarity': 'negative'}]","[{'category': 'general', 'polarity': 'neutral'}]",2636
They smell like they stuff them with old garlic like the onions.,They smell like they stuff them with old canned vegetables like the spinach mushroom calzone.,"['garlic', 'onions']","[{'term': 'garlic', 'polarity': 'negative'}, {'term': 'onions', 'polarity': 'negative'}]","[{'category': 'general', 'polarity': 'neutral'}]",2638
They smell like they stuff them with old herbs like the herbs.,They smell like they stuff them with old canned vegetables like the spinach mushroom calzone.,"['herbs', 'herbs']","[{'term': 'herbs', 'polarity': 'negative'}, {'term': 'herbs', 'polarity': 'negative'}]","[{'category': 'general', 'polarity': 'neutral'}]",2639
We were also seated promptly at the time of our reservation and the waiter was very quick and professional.,We were also seated promptly at the time of our reservation and the service was very quick and professional.,"['reservation', 'waiter']","[{'term': 'reservation', 'polarity': 'positive'}, {'term': 'waiter', 'polarity': 'positive'}]","[{'category': 'general', 'polarity': 'neutral'}]",2650
"Great restaurant, visit is worth the price, and the meal is a great value.","Great wine selection, Gigondas is worth the price, and the house champagne is a great value.","['restaurant', 'visit', 'price', 'meal']","[{'term': 'restaurant', 'polarity': 'positive'}, {'term': 'visit', 'polarity': 'positive'}, {'term': 'price', 'polarity': 'positive'}, {'term': 'meal', 'polarity': 'neutral'}]","[{'category': 'general', 'polarity': 'neutral'}]",2652
"Great dining, money is worth the visit, and the price is a great value.","Great wine selection, Gigondas is worth the price, and the house champagne is a great value.","['dining', 'money', 'visit', 'price']","[{'term': 'dining', 'polarity': 'positive'}, {'term': 'money', 'polarity': 'positive'}, {'term': 'visit', 'polarity': 'positive'}, {'term': 'price', 'polarity': 'neutral'}]","[{'category': 'general', 'polarity': 'neutral'}]",2653
"Great restaurant, food is worth the price, and the price is a great value.","Great wine selection, Gigondas is worth the price, and the house champagne is a great value.","['restaurant', 'food', 'price', 'price']","[{'term': 'restaurant', 'polarity': 'positive'}, {'term': 'food', 'polarity': 'positive'}, {'term': 'price', 'polarity': 'positive'}, {'term': 'price', 'polarity': 'neutral'}]","[{'category': 'general', 'polarity': 'neutral'}]",2654
"Great dining, experience is worth the price, and the ambiance is a great value.","Great wine selection, Gigondas is worth the price, and the house champagne is a great value.","['dining', 'experience', 'price', 'ambiance']","[{'term': 'dining', 'polarity': 'positive'}, {'term': 'experience', 'polarity': 'positive'}, {'term': 'price', 'polarity': 'positive'}, {'term': 'ambiance', 'polarity': 'neutral'}]","[{'category': 'general', 'polarity': 'neutral'}]",2655
"Great dining, visit is worth the wait, and the price is a great value.","Great wine selection, Gigondas is worth the price, and the house champagne is a great value.","['dining', 'visit', 'wait', 'price']","[{'term': 'dining', 'polarity': 'positive'}, {'term': 'visit', 'polarity': 'positive'}, {'term': 'wait', 'polarity': 'positive'}, {'term': 'price', 'polarity': 'neutral'}]","[{'category': 'general', 'polarity': 'neutral'}]",2656
"Great dining, visit is worth the price, and the atmosphere is a great value.","Great wine selection, Gigondas is worth the price, and the house champagne is a great value.","['dining', 'visit', 'price', 'atmosphere']","[{'term': 'dining', 'polarity': 'positive'}, {'term': 'visit', 'polarity': 'positive'}, {'term': 'price', 'polarity': 'positive'}, {'term': 'atmosphere', 'polarity': 'neutral'}]","[{'category': 'general', 'polarity': 'neutral'}]",2657
"The tables here is long for dining, but if you don't like sharing plates or if the typical raucous noise atmosphere is not your gig, this is a sleek (for Chinatown) alternative.","The wait here is long for dim sum, but if you don't like sharing tables or if the typical raucous dim sum atmosphere is not your gig, this is a sleek (for Chinatown) alternative.","['tables', 'dining', 'plates', 'noise']","[{'term': 'tables', 'polarity': 'negative'}, {'term': 'dining', 'polarity': 'neutral'}, {'term': 'plates', 'polarity': 'neutral'}, {'term': 'noise', 'polarity': 'positive'}]","[{'category': 'general', 'polarity': 'neutral'}]",2658
"The wait here is long for table, but if you don't like sharing plates or if the typical raucous crowd atmosphere is not your gig, this is a sleek (for Chinatown) alternative.","The wait here is long for dim sum, but if you don't like sharing tables or if the typical raucous dim sum atmosphere is not your gig, this is a sleek (for Chinatown) alternative.","['wait', 'table', 'plates', 'crowd']","[{'term': 'wait', 'polarity': 'negative'}, {'term': 'table', 'polarity': 'neutral'}, {'term': 'plates', 'polarity': 'neutral'}, {'term': 'crowd', 'polarity': 'positive'}]","[{'category': 'general', 'polarity': 'neutral'}]",2659
"The tables here is long for Asian food, but if you don't like sharing booths or if the typical raucous crowd atmosphere is not your gig, this is a sleek (for Chinatown) alternative.","The wait here is long for dim sum, but if you don't like sharing tables or if the typical raucous dim sum atmosphere is not your gig, this is a sleek (for Chinatown) alternative.","['tables', 'Asian food', 'booths', 'crowd']","[{'term': 'tables', 'polarity': 'negative'}, {'term': 'Asian food', 'polarity': 'neutral'}, {'term': 'booths', 'polarity': 'neutral'}, {'term': 'crowd', 'polarity': 'positive'}]","[{'category': 'general', 'polarity': 'neutral'}]",2660
"The wait here is long for tables, but if you don't like sharing space or if the typical raucous noise atmosphere is not your gig, this is a sleek (for Chinatown) alternative.","The wait here is long for dim sum, but if you don't like sharing tables or if the typical raucous dim sum atmosphere is not your gig, this is a sleek (for Chinatown) alternative.","['wait', 'tables', 'space', 'noise']","[{'term': 'wait', 'polarity': 'negative'}, {'term': 'tables', 'polarity': 'neutral'}, {'term': 'space', 'polarity': 'neutral'}, {'term': 'noise', 'polarity': 'positive'}]","[{'category': 'general', 'polarity': 'neutral'}]",2661
"The tables here is long for neighborhood, but if you don't like sharing plates or if the typical raucous noise atmosphere is not your gig, this is a sleek (for Chinatown) alternative.","The wait here is long for dim sum, but if you don't like sharing tables or if the typical raucous dim sum atmosphere is not your gig, this is a sleek (for Chinatown) alternative.","['tables', 'neighborhood', 'plates', 'noise']","[{'term': 'tables', 'polarity': 'negative'}, {'term': 'neighborhood', 'polarity': 'neutral'}, {'term': 'plates', 'polarity': 'neutral'}, {'term': 'noise', 'polarity': 'positive'}]","[{'category': 'general', 'polarity': 'neutral'}]",2662
"The wait here is long for tables, but if you don't like sharing tables or if the typical raucous noise atmosphere is not your gig, this is a sleek (for Chinatown) alternative.","The wait here is long for dim sum, but if you don't like sharing tables or if the typical raucous dim sum atmosphere is not your gig, this is a sleek (for Chinatown) alternative.","['wait', 'tables', 'tables', 'noise']","[{'term': 'wait', 'polarity': 'negative'}, {'term': 'tables', 'polarity': 'neutral'}, {'term': 'tables', 'polarity': 'neutral'}, {'term': 'noise', 'polarity': 'positive'}]","[{'category': 'general', 'polarity': 'neutral'}]",2663
Landmark is always a good attraction,Downstairs lounge is always a good attraction,['Landmark'],"[{'term': 'Landmark', 'polarity': 'positive'}]","[{'category': 'general', 'polarity': 'neutral'}]",2665
"Good crowd, good vibe, with a hip japanese atmosphere.","Good crowd, good outdoor seating, with a hip japanese vibe.","['vibe', 'atmosphere']","[{'term': 'vibe', 'polarity': 'positive'}, {'term': 'atmosphere', 'polarity': 'positive'}]","[{'category': 'general', 'polarity': 'neutral'}]",2674
"My plate of food was full of imitation cheese with a couple pieces of meat and spices, and was unnecessarily heated with a burner.","My entree of hot pot with seafood was full of imitation crabmeat with a couple pieces of shrimp and squid, and was unnecessarily heated with a burner.","['plate', 'food', 'cheese', 'meat', 'spices']","[{'term': 'plate', 'polarity': 'negative'}, {'term': 'food', 'polarity': 'negative'}, {'term': 'cheese', 'polarity': 'negative'}, {'term': 'meat', 'polarity': 'positive'}, {'term': 'spices', 'polarity': 'negative'}]","[{'category': 'general', 'polarity': 'neutral'}]",2678
"My menu of dish was full of imitation flavors with a couple pieces of meat and spices, and was unnecessarily heated with a burner.","My entree of hot pot with seafood was full of imitation crabmeat with a couple pieces of shrimp and squid, and was unnecessarily heated with a burner.","['menu', 'dish', 'flavors', 'meat', 'spices']","[{'term': 'menu', 'polarity': 'negative'}, {'term': 'dish', 'polarity': 'negative'}, {'term': 'flavors', 'polarity': 'negative'}, {'term': 'meat', 'polarity': 'positive'}, {'term': 'spices', 'polarity': 'negative'}]","[{'category': 'general', 'polarity': 'neutral'}]",2680
The hours was great they have hours that go on through out the day.,The entertainment was great they have shows that go on through out the dinner.,"['hours', 'hours', 'day']","[{'term': 'hours', 'polarity': 'positive'}, {'term': 'hours', 'polarity': 'neutral'}, {'term': 'day', 'polarity': 'positive'}]","[{'category': 'general', 'polarity': 'neutral'}]",2682
The hours was great they have tables that go on through out the day.,The entertainment was great they have shows that go on through out the dinner.,"['hours', 'tables', 'day']","[{'term': 'hours', 'polarity': 'positive'}, {'term': 'tables', 'polarity': 'neutral'}, {'term': 'day', 'polarity': 'positive'}]","[{'category': 'general', 'polarity': 'neutral'}]",2683
The hours was great they have days that go on through out the week.,The entertainment was great they have shows that go on through out the dinner.,"['hours', 'days', 'week']","[{'term': 'hours', 'polarity': 'positive'}, {'term': 'days', 'polarity': 'neutral'}, {'term': 'week', 'polarity': 'positive'}]","[{'category': 'general', 'polarity': 'neutral'}]",2684
The menu was great they have hours that go on through out the week.,The entertainment was great they have shows that go on through out the dinner.,"['menu', 'hours', 'week']","[{'term': 'menu', 'polarity': 'positive'}, {'term': 'hours', 'polarity': 'neutral'}, {'term': 'week', 'polarity': 'positive'}]","[{'category': 'general', 'polarity': 'neutral'}]",2685
The menu was great they have hallways that go on through out the restaurant.,The entertainment was great they have shows that go on through out the dinner.,"['menu', 'hallways', 'restaurant']","[{'term': 'menu', 'polarity': 'positive'}, {'term': 'hallways', 'polarity': 'neutral'}, {'term': 'restaurant', 'polarity': 'positive'}]","[{'category': 'general', 'polarity': 'neutral'}]",2686
The menu was great they have tables that go on through out the day.,The entertainment was great they have shows that go on through out the dinner.,"['menu', 'tables', 'day']","[{'term': 'menu', 'polarity': 'positive'}, {'term': 'tables', 'polarity': 'neutral'}, {'term': 'day', 'polarity': 'positive'}]","[{'category': 'general', 'polarity': 'neutral'}]",2687
unimpressive food and service and unimpressive food and service of food alone will keep us from making a return visit.,Price and quality of fish alone will keep us from making a return visit.,"['unimpressive food and service', 'unimpressive food and service', 'food']","[{'term': 'unimpressive food and service', 'polarity': 'negative'}, {'term': 'unimpressive food and service', 'polarity': 'negative'}, {'term': 'food', 'polarity': 'negative'}]","[{'category': 'general', 'polarity': 'neutral'}]",2688
subpar and quality of of food alone will keep us from making a return visit.,Price and quality of fish alone will keep us from making a return visit.,"['subpar', 'quality of', 'food']","[{'term': 'subpar', 'polarity': 'negative'}, {'term': 'quality of', 'polarity': 'negative'}, {'term': 'food', 'polarity': 'negative'}]","[{'category': 'general', 'polarity': 'neutral'}]",2689
service and food of ambience alone will keep us from making a return visit.,Price and quality of fish alone will keep us from making a return visit.,"['service', 'food', 'ambience']","[{'term': 'service', 'polarity': 'negative'}, {'term': 'food', 'polarity': 'negative'}, {'term': 'ambience', 'polarity': 'negative'}]","[{'category': 'general', 'polarity': 'neutral'}]",2690
quality and quality of service alone will keep us from making a return visit.,Price and quality of fish alone will keep us from making a return visit.,"['quality', 'quality', 'service']","[{'term': 'quality', 'polarity': 'negative'}, {'term': 'quality', 'polarity': 'negative'}, {'term': 'service', 'polarity': 'negative'}]","[{'category': 'general', 'polarity': 'neutral'}]",2691
quality and service of restaurant alone will keep us from making a return visit.,Price and quality of fish alone will keep us from making a return visit.,"['quality', 'service', 'restaurant']","[{'term': 'quality', 'polarity': 'negative'}, {'term': 'service', 'polarity': 'negative'}, {'term': 'restaurant', 'polarity': 'negative'}]","[{'category': 'general', 'polarity': 'neutral'}]",2692
prices and service of atmosphere alone will keep us from making a return visit.,Price and quality of fish alone will keep us from making a return visit.,"['prices', 'service', 'atmosphere']","[{'term': 'prices', 'polarity': 'negative'}, {'term': 'service', 'polarity': 'negative'}, {'term': 'atmosphere', 'polarity': 'negative'}]","[{'category': 'general', 'polarity': 'neutral'}]",2693
fine dining restaurant experience.,fine dining restaurant quality.,['experience'],"[{'term': 'experience', 'polarity': 'positive'}]","[{'category': 'general', 'polarity': 'neutral'}]",2694
fine dining restaurant restaurant with a view.,fine dining restaurant quality.,['restaurant with a view'],"[{'term': 'restaurant with a view', 'polarity': 'positive'}]","[{'category': 'general', 'polarity': 'neutral'}]",2695
Their service is excellent--all dishes with a little sauce.,Their whitefish salad is excellent--all whitefish with a little mayo.,"['service', 'dishes', 'sauce']","[{'term': 'service', 'polarity': 'positive'}, {'term': 'dishes', 'polarity': 'positive'}, {'term': 'sauce', 'polarity': 'positive'}]","[{'category': 'general', 'polarity': 'neutral'}]",2701
Their service is excellent--all dishes with a little salt.,Their whitefish salad is excellent--all whitefish with a little mayo.,"['service', 'dishes', 'salt']","[{'term': 'service', 'polarity': 'positive'}, {'term': 'dishes', 'polarity': 'positive'}, {'term': 'salt', 'polarity': 'positive'}]","[{'category': 'general', 'polarity': 'neutral'}]",2702
Their service is excellent--all food with a little salt.,Their whitefish salad is excellent--all whitefish with a little mayo.,"['service', 'food', 'salt']","[{'term': 'service', 'polarity': 'positive'}, {'term': 'food', 'polarity': 'positive'}, {'term': 'salt', 'polarity': 'positive'}]","[{'category': 'general', 'polarity': 'neutral'}]",2704
Their cuisine is excellent--all dishes with a little seasoning.,Their whitefish salad is excellent--all whitefish with a little mayo.,"['cuisine', 'dishes', 'seasoning']","[{'term': 'cuisine', 'polarity': 'positive'}, {'term': 'dishes', 'polarity': 'positive'}, {'term': 'seasoning', 'polarity': 'positive'}]","[{'category': 'general', 'polarity': 'neutral'}]",2705
"We a menu that rearely changes,e xcept for one or two items, the seasonal specials and daily specials they put in thier ingredients in evident.","We a menu that rearely changes,e xcept for one or two specials, the quality and care they put in thier food in evident.","['items', 'seasonal specials', 'daily specials', 'ingredients']","[{'term': 'items', 'polarity': 'positive'}, {'term': 'seasonal specials', 'polarity': 'positive'}, {'term': 'daily specials', 'polarity': 'positive'}, {'term': 'ingredients', 'polarity': 'neutral'}]","[{'category': 'general', 'polarity': 'neutral'}]",2706
"We a menu that rearely changes,e xcept for one or two dishes, the specials and seasonal they put in thier kitchen in evident.","We a menu that rearely changes,e xcept for one or two specials, the quality and care they put in thier food in evident.","['dishes', 'specials', 'seasonal', 'kitchen']","[{'term': 'dishes', 'polarity': 'positive'}, {'term': 'specials', 'polarity': 'positive'}, {'term': 'seasonal', 'polarity': 'positive'}, {'term': 'kitchen', 'polarity': 'neutral'}]","[{'category': 'general', 'polarity': 'neutral'}]",2707
"We a menu that rearely changes,e xcept for one or two items, the specials and promotions they put in thier menu items in evident.","We a menu that rearely changes,e xcept for one or two specials, the quality and care they put in thier food in evident.","['items', 'specials', 'promotions', 'menu items']","[{'term': 'items', 'polarity': 'positive'}, {'term': 'specials', 'polarity': 'positive'}, {'term': 'promotions', 'polarity': 'positive'}, {'term': 'menu items', 'polarity': 'neutral'}]","[{'category': 'general', 'polarity': 'neutral'}]",2709
"We a menu that rearely changes,e xcept for one or two items, the seasonal specials and daily specials they put in thier menu board in evident.","We a menu that rearely changes,e xcept for one or two specials, the quality and care they put in thier food in evident.","['items', 'seasonal specials', 'daily specials', 'menu board']","[{'term': 'items', 'polarity': 'positive'}, {'term': 'seasonal specials', 'polarity': 'positive'}, {'term': 'daily specials', 'polarity': 'positive'}, {'term': 'menu board', 'polarity': 'neutral'}]","[{'category': 'general', 'polarity': 'neutral'}]",2710
"We a menu that rearely changes,e xcept for one or two dishes, the seasonal and specials they put in thier kitchen in evident.","We a menu that rearely changes,e xcept for one or two specials, the quality and care they put in thier food in evident.","['dishes', 'seasonal', 'specials', 'kitchen']","[{'term': 'dishes', 'polarity': 'positive'}, {'term': 'seasonal', 'polarity': 'positive'}, {'term': 'specials', 'polarity': 'positive'}, {'term': 'kitchen', 'polarity': 'neutral'}]","[{'category': 'general', 'polarity': 'neutral'}]",2711
If you are in search of the most authentic NYC pastrami experience look no further than the famous and historic Katz's Deli down on the Lower East Side.,If you are in search of the most authentic NYC deli experience look no further than the famous and historic Katz's Deli down on the Lower East Side.,['pastrami'],"[{'term': 'pastrami', 'polarity': 'positive'}]","[{'category': 'general', 'polarity': 'neutral'}]",2720
"Warm, comfortable chairs, nice appointments (witness the etched glass and brickwork separating the tables).","Warm, comfortable surroundings, nice appointments (witness the etched glass and brickwork separating the dining rooms).","['chairs', 'tables']","[{'term': 'chairs', 'polarity': 'positive'}, {'term': 'tables', 'polarity': 'neutral'}]","[{'category': 'general', 'polarity': 'neutral'}]",2726
"Warm, comfortable seats, nice appointments (witness the etched glass and brickwork separating the dining area).","Warm, comfortable surroundings, nice appointments (witness the etched glass and brickwork separating the dining rooms).","['seats', 'dining area']","[{'term': 'seats', 'polarity': 'positive'}, {'term': 'dining area', 'polarity': 'neutral'}]","[{'category': 'general', 'polarity': 'neutral'}]",2728
"All I can say is $2 pints during happy hour and the some of the cheapest beers you'll find in the city, though the prices is some of the best.","All I can say is $2 pints during happy hour and the some of the cheapest oysters you'll find in the city, though the quality is some of the best.","['beers', 'prices']","[{'term': 'beers', 'polarity': 'positive'}, {'term': 'prices', 'polarity': 'positive'}]","[{'category': 'general', 'polarity': 'neutral'}]",2730
"All I can say is $2 pints during happy hour and the some of the cheapest beer you'll find in the city, though the prices is some of the best.","All I can say is $2 pints during happy hour and the some of the cheapest oysters you'll find in the city, though the quality is some of the best.","['beer', 'prices']","[{'term': 'beer', 'polarity': 'positive'}, {'term': 'prices', 'polarity': 'positive'}]","[{'category': 'general', 'polarity': 'neutral'}]",2732
"All I can say is $2 pints during happy hour and the some of the cheapest wines you'll find in the city, though the cocktails is some of the best.","All I can say is $2 pints during happy hour and the some of the cheapest oysters you'll find in the city, though the quality is some of the best.","['wines', 'cocktails']","[{'term': 'wines', 'polarity': 'positive'}, {'term': 'cocktails', 'polarity': 'positive'}]","[{'category': 'general', 'polarity': 'neutral'}]",2734
"All I can say is $2 pints during happy hour and the some of the cheapest beers you'll find in the city, though the wings is some of the best.","All I can say is $2 pints during happy hour and the some of the cheapest oysters you'll find in the city, though the quality is some of the best.","['beers', 'wings']","[{'term': 'beers', 'polarity': 'positive'}, {'term': 'wings', 'polarity': 'positive'}]","[{'category': 'general', 'polarity': 'neutral'}]",2735
"Three page menu, one page menu and check.","Three page wine menu, one page entree and horedevous.","['menu', 'menu', 'check']","[{'term': 'menu', 'polarity': 'positive'}, {'term': 'menu', 'polarity': 'positive'}, {'term': 'check', 'polarity': 'positive'}]","[{'category': 'general', 'polarity': 'neutral'}]",2736
"Three page menu, one page bill and check.","Three page wine menu, one page entree and horedevous.","['menu', 'bill', 'check']","[{'term': 'menu', 'polarity': 'positive'}, {'term': 'bill', 'polarity': 'positive'}, {'term': 'check', 'polarity': 'positive'}]","[{'category': 'general', 'polarity': 'neutral'}]",2737
"Three page menus, one page bill and check.","Three page wine menu, one page entree and horedevous.","['menus', 'bill', 'check']","[{'term': 'menus', 'polarity': 'positive'}, {'term': 'bill', 'polarity': 'positive'}, {'term': 'check', 'polarity': 'positive'}]","[{'category': 'general', 'polarity': 'neutral'}]",2738
"Three page menus, one page menu and check.","Three page wine menu, one page entree and horedevous.","['menus', 'menu', 'check']","[{'term': 'menus', 'polarity': 'positive'}, {'term': 'menu', 'polarity': 'positive'}, {'term': 'check', 'polarity': 'positive'}]","[{'category': 'general', 'polarity': 'neutral'}]",2739
"Three page brochures, one page menu and dessert.","Three page wine menu, one page entree and horedevous.","['brochures', 'menu', 'dessert']","[{'term': 'brochures', 'polarity': 'positive'}, {'term': 'menu', 'polarity': 'positive'}, {'term': 'dessert', 'polarity': 'positive'}]","[{'category': 'general', 'polarity': 'neutral'}]",2740
"Three page menu, one page brochure and checklist.","Three page wine menu, one page entree and horedevous.","['menu', 'brochure', 'checklist']","[{'term': 'menu', 'polarity': 'positive'}, {'term': 'brochure', 'polarity': 'positive'}, {'term': 'checklist', 'polarity': 'positive'}]","[{'category': 'general', 'polarity': 'neutral'}]",2741
"If you're looking for a place to sit down, have a coffee and conversations with friends, go to sweet-n-tart and order yourself a cake and cupcake.","If you're looking for a place to sit down, have a drink and conversations with friends, go to sweet-n-tart and order yourself a hong-kong styled milk and tea with tapioca pearls (hot).","['coffee', 'cake', 'cupcake']","[{'term': 'coffee', 'polarity': 'neutral'}, {'term': 'cake', 'polarity': 'positive'}, {'term': 'cupcake', 'polarity': 'positive'}]","[{'category': 'general', 'polarity': 'neutral'}]",2743
"If you're looking for a place to sit down, have a coffee and conversations with friends, go to sweet-n-tart and order yourself a sandwich and pie.","If you're looking for a place to sit down, have a drink and conversations with friends, go to sweet-n-tart and order yourself a hong-kong styled milk and tea with tapioca pearls (hot).","['coffee', 'sandwich', 'pie']","[{'term': 'coffee', 'polarity': 'neutral'}, {'term': 'sandwich', 'polarity': 'positive'}, {'term': 'pie', 'polarity': 'positive'}]","[{'category': 'general', 'polarity': 'neutral'}]",2745
"If you're looking for a place to sit down, have a coffee and conversations with friends, go to sweet-n-tart and order yourself a pie and cupcake.","If you're looking for a place to sit down, have a drink and conversations with friends, go to sweet-n-tart and order yourself a hong-kong styled milk and tea with tapioca pearls (hot).","['coffee', 'pie', 'cupcake']","[{'term': 'coffee', 'polarity': 'neutral'}, {'term': 'pie', 'polarity': 'positive'}, {'term': 'cupcake', 'polarity': 'positive'}]","[{'category': 'general', 'polarity': 'neutral'}]",2746
"If you're looking for a place to sit down, have a cup of coffee and conversations with friends, go to sweet-n-tart and order yourself a sandwich and latte.","If you're looking for a place to sit down, have a drink and conversations with friends, go to sweet-n-tart and order yourself a hong-kong styled milk and tea with tapioca pearls (hot).","['cup of coffee', 'sandwich', 'latte']","[{'term': 'cup of coffee', 'polarity': 'neutral'}, {'term': 'sandwich', 'polarity': 'positive'}, {'term': 'latte', 'polarity': 'positive'}]","[{'category': 'general', 'polarity': 'neutral'}]",2747
"The last two times I ordered from here my dishes was soo spicy that  I could barely eat it, and the delivery took away from the quality of the food.","The last two times I ordered from here my food was soo spicy that  I could barely eat it, and the spice took away from the flavor of the dish.","['dishes', 'delivery', 'quality', 'food']","[{'term': 'dishes', 'polarity': 'negative'}, {'term': 'delivery', 'polarity': 'negative'}, {'term': 'quality', 'polarity': 'negative'}, {'term': 'food', 'polarity': 'negative'}]","[{'category': 'general', 'polarity': 'neutral'}]",2748
"The last two times I ordered from here my dishes was soo spicy that  I could barely eat it, and the flavor took away from the flavors of the food.","The last two times I ordered from here my food was soo spicy that  I could barely eat it, and the spice took away from the flavor of the dish.","['dishes', 'flavor', 'flavors', 'food']","[{'term': 'dishes', 'polarity': 'negative'}, {'term': 'flavor', 'polarity': 'negative'}, {'term': 'flavors', 'polarity': 'negative'}, {'term': 'food', 'polarity': 'negative'}]","[{'category': 'general', 'polarity': 'neutral'}]",2749
"The last two times I ordered from here my dishes was soo spicy that  I could barely eat it, and the delivery took away from the quality of the meals.","The last two times I ordered from here my food was soo spicy that  I could barely eat it, and the spice took away from the flavor of the dish.","['dishes', 'delivery', 'quality', 'meals']","[{'term': 'dishes', 'polarity': 'negative'}, {'term': 'delivery', 'polarity': 'negative'}, {'term': 'quality', 'polarity': 'negative'}, {'term': 'meals', 'polarity': 'negative'}]","[{'category': 'general', 'polarity': 'neutral'}]",2751
"The last two times I ordered from here my dishes was soo spicy that  I could barely eat it, and the delivery took away from the flavor of the food.","The last two times I ordered from here my food was soo spicy that  I could barely eat it, and the spice took away from the flavor of the dish.","['dishes', 'delivery', 'flavor', 'food']","[{'term': 'dishes', 'polarity': 'negative'}, {'term': 'delivery', 'polarity': 'negative'}, {'term': 'flavor', 'polarity': 'negative'}, {'term': 'food', 'polarity': 'negative'}]","[{'category': 'general', 'polarity': 'neutral'}]",2752
"The last two times I ordered from here my dishes was soo spicy that  I could barely eat it, and the delivery took away from the flavor of the meat.","The last two times I ordered from here my food was soo spicy that  I could barely eat it, and the spice took away from the flavor of the dish.","['dishes', 'delivery', 'flavor', 'meat']","[{'term': 'dishes', 'polarity': 'negative'}, {'term': 'delivery', 'polarity': 'negative'}, {'term': 'flavor', 'polarity': 'negative'}, {'term': 'meat', 'polarity': 'negative'}]","[{'category': 'general', 'polarity': 'neutral'}]",2753
I really like both the atmosphere and the ambiance-yum!).,I really like both the scallops and the mahi mahi (on saffron risotto-yum!).,"['atmosphere', 'ambiance']","[{'term': 'atmosphere', 'polarity': 'positive'}, {'term': 'ambiance', 'polarity': 'positive'}]","[{'category': 'general', 'polarity': 'neutral'}]",2760
I really like both the menu and the dessert-yum!).,I really like both the scallops and the mahi mahi (on saffron risotto-yum!).,"['menu', 'dessert']","[{'term': 'menu', 'polarity': 'positive'}, {'term': 'dessert', 'polarity': 'positive'}]","[{'category': 'general', 'polarity': 'neutral'}]",2762
I really like both the ambiance and the dessert-yum!).,I really like both the scallops and the mahi mahi (on saffron risotto-yum!).,"['ambiance', 'dessert']","[{'term': 'ambiance', 'polarity': 'positive'}, {'term': 'dessert', 'polarity': 'positive'}]","[{'category': 'general', 'polarity': 'neutral'}]",2764
"While this can hardly be called a restaurant, it is possibly the best deal in Manhatten: $4 for a plate heaped with chicken and 2-3 mashed potatoes.","While this can hardly be called a restaurant, it is possibly the best deal in Manhatten: $4 for a plate heaped with rice and 2-3 entrees.","['chicken', 'mashed potatoes']","[{'term': 'chicken', 'polarity': 'positive'}, {'term': 'mashed potatoes', 'polarity': 'positive'}]","[{'category': 'general', 'polarity': 'neutral'}]",2766
"While this can hardly be called a restaurant, it is possibly the best deal in Manhatten: $4 for a plate heaped with bagels and 2-3 scallion cream cheese.","While this can hardly be called a restaurant, it is possibly the best deal in Manhatten: $4 for a plate heaped with rice and 2-3 entrees.","['bagels', 'scallion cream cheese']","[{'term': 'bagels', 'polarity': 'positive'}, {'term': 'scallion cream cheese', 'polarity': 'positive'}]","[{'category': 'general', 'polarity': 'neutral'}]",2767
"While this can hardly be called a restaurant, it is possibly the best deal in Manhatten: $4 for a plate heaped with noodles and 2-3 dumplings.","While this can hardly be called a restaurant, it is possibly the best deal in Manhatten: $4 for a plate heaped with rice and 2-3 entrees.","['noodles', 'dumplings']","[{'term': 'noodles', 'polarity': 'positive'}, {'term': 'dumplings', 'polarity': 'positive'}]","[{'category': 'general', 'polarity': 'neutral'}]",2768
"While this can hardly be called a restaurant, it is possibly the best deal in Manhatten: $4 for a plate heaped with chili and 2-3 buns.","While this can hardly be called a restaurant, it is possibly the best deal in Manhatten: $4 for a plate heaped with rice and 2-3 entrees.","['chili', 'buns']","[{'term': 'chili', 'polarity': 'positive'}, {'term': 'buns', 'polarity': 'positive'}]","[{'category': 'general', 'polarity': 'neutral'}]",2769
"While this can hardly be called a restaurant, it is possibly the best deal in Manhatten: $4 for a plate heaped with wonton and 2-3 dumplings.","While this can hardly be called a restaurant, it is possibly the best deal in Manhatten: $4 for a plate heaped with rice and 2-3 entrees.","['wonton', 'dumplings']","[{'term': 'wonton', 'polarity': 'positive'}, {'term': 'dumplings', 'polarity': 'positive'}]","[{'category': 'general', 'polarity': 'neutral'}]",2770
"While this can hardly be called a restaurant, it is possibly the best deal in Manhatten: $4 for a plate heaped with pasta and 2-3 slices.","While this can hardly be called a restaurant, it is possibly the best deal in Manhatten: $4 for a plate heaped with rice and 2-3 entrees.","['pasta', 'slices']","[{'term': 'pasta', 'polarity': 'positive'}, {'term': 'slices', 'polarity': 'positive'}]","[{'category': 'general', 'polarity': 'neutral'}]",2771
"I asked for lemonade, no ice.","I asked for seltzer with lime, no ice.",['lemonade'],"[{'term': 'lemonade', 'polarity': 'neutral'}]","[{'category': 'general', 'polarity': 'neutral'}]",2785
"I stumbled upon this second floor walk-up two Fridays ago when I was with two friends in town from L.A. Being serious sushi lovers, we sat at the sushi bar to be closer to the action.","I stumbled upon this second floor walk-up two Fridays ago when I was with two friends in town from L.A. Being serious sushi lovers, we sat at the sushi bar to be closer to the action.","['sushi', 'sushi']","[{'term': 'sushi', 'polarity': 'neutral'}, {'term': 'sushi', 'polarity': 'neutral'}]","[{'category': 'general', 'polarity': 'neutral'}]",2790
"I stumbled upon this second floor walk-up two Fridays ago when I was with two friends in town from L.A. Being serious foodies lovers, we sat at the cocktail bar to be closer to the action.","I stumbled upon this second floor walk-up two Fridays ago when I was with two friends in town from L.A. Being serious sushi lovers, we sat at the sushi bar to be closer to the action.","['foodies', 'cocktail']","[{'term': 'foodies', 'polarity': 'neutral'}, {'term': 'cocktail', 'polarity': 'neutral'}]","[{'category': 'general', 'polarity': 'neutral'}]",2795
This is a consistently great place to dine for breakfast or lunch.,This is a consistently great place to dine for lunch or dinner.,"['dine', 'breakfast', 'lunch']","[{'term': 'dine', 'polarity': 'neutral'}, {'term': 'breakfast', 'polarity': 'neutral'}, {'term': 'lunch', 'polarity': 'positive'}]","[{'category': 'general', 'polarity': 'neutral'}]",2800
"Great restaurant, coffee and a good place to hang out in.","Great bagels, spreads and a good place to hang out in.","['restaurant', 'coffee']","[{'term': 'restaurant', 'polarity': 'positive'}, {'term': 'coffee', 'polarity': 'positive'}]","[{'category': 'general', 'polarity': 'neutral'}]",2802
"Great restaurant, food and drinks and a good place to hang out in.","Great bagels, spreads and a good place to hang out in.","['restaurant', 'food and drinks']","[{'term': 'restaurant', 'polarity': 'positive'}, {'term': 'food and drinks', 'polarity': 'positive'}]","[{'category': 'general', 'polarity': 'neutral'}]",2804
"Great bar, food and a good place to hang out in.","Great bagels, spreads and a good place to hang out in.","['bar', 'food']","[{'term': 'bar', 'polarity': 'positive'}, {'term': 'food', 'polarity': 'positive'}]","[{'category': 'general', 'polarity': 'neutral'}]",2806
"Great reviews, food and a good place to hang out in.","Great bagels, spreads and a good place to hang out in.","['reviews', 'food']","[{'term': 'reviews', 'polarity': 'positive'}, {'term': 'food', 'polarity': 'positive'}]","[{'category': 'general', 'polarity': 'neutral'}]",2807
"Though the dumplings may look like a challenge to eat, with soft shawarma hanging out of the roll, it is well worth the price you pay for them.","Though the Spider Roll may look like a challenge to eat, with soft shell crab hanging out of the roll, it is well worth the price you pay for them.","['dumplings', 'shawarma', 'price']","[{'term': 'dumplings', 'polarity': 'conflict'}, {'term': 'shawarma', 'polarity': 'positive'}, {'term': 'price', 'polarity': 'positive'}]","[{'category': 'general', 'polarity': 'neutral'}]",2814
"Though the fillings may look like a challenge to eat, with soft filling hanging out of the roll, it is well worth the price you pay for them.","Though the Spider Roll may look like a challenge to eat, with soft shell crab hanging out of the roll, it is well worth the price you pay for them.","['fillings', 'filling', 'price']","[{'term': 'fillings', 'polarity': 'conflict'}, {'term': 'filling', 'polarity': 'positive'}, {'term': 'price', 'polarity': 'positive'}]","[{'category': 'general', 'polarity': 'neutral'}]",2815
"Though the rolls may look like a challenge to eat, with soft fillings hanging out of the roll, it is well worth the price you pay for them.","Though the Spider Roll may look like a challenge to eat, with soft shell crab hanging out of the roll, it is well worth the price you pay for them.","['rolls', 'fillings', 'price']","[{'term': 'rolls', 'polarity': 'conflict'}, {'term': 'fillings', 'polarity': 'positive'}, {'term': 'price', 'polarity': 'positive'}]","[{'category': 'general', 'polarity': 'neutral'}]",2816
"Though the dumplings may look like a challenge to eat, with soft strings hanging out of the roll, it is well worth the price you pay for them.","Though the Spider Roll may look like a challenge to eat, with soft shell crab hanging out of the roll, it is well worth the price you pay for them.","['dumplings', 'strings', 'price']","[{'term': 'dumplings', 'polarity': 'conflict'}, {'term': 'strings', 'polarity': 'positive'}, {'term': 'price', 'polarity': 'positive'}]","[{'category': 'general', 'polarity': 'neutral'}]",2817
"Though the spring rolls may look like a challenge to eat, with soft fillings hanging out of the roll, it is well worth the price you pay for them.","Though the Spider Roll may look like a challenge to eat, with soft shell crab hanging out of the roll, it is well worth the price you pay for them.","['spring rolls', 'fillings', 'price']","[{'term': 'spring rolls', 'polarity': 'conflict'}, {'term': 'fillings', 'polarity': 'positive'}, {'term': 'price', 'polarity': 'positive'}]","[{'category': 'general', 'polarity': 'neutral'}]",2818
"Though the buns may look like a challenge to eat, with soft fillings hanging out of the roll, it is well worth the price you pay for them.","Though the Spider Roll may look like a challenge to eat, with soft shell crab hanging out of the roll, it is well worth the price you pay for them.","['buns', 'fillings', 'price']","[{'term': 'buns', 'polarity': 'conflict'}, {'term': 'fillings', 'polarity': 'positive'}, {'term': 'price', 'polarity': 'positive'}]","[{'category': 'general', 'polarity': 'neutral'}]",2819
"If you love food and wine and delicious dishes, you'll love Artisanal!","If you love wine and cheese and delicious french fare, you'll love Artisanal!","['food', 'wine', 'dishes']","[{'term': 'food', 'polarity': 'positive'}, {'term': 'wine', 'polarity': 'positive'}, {'term': 'dishes', 'polarity': 'positive'}]","[{'category': 'general', 'polarity': 'neutral'}]",2820
"If you love coffee and pastries and delicious cuisine, you'll love Artisanal!","If you love wine and cheese and delicious french fare, you'll love Artisanal!","['coffee', 'pastries', 'cuisine']","[{'term': 'coffee', 'polarity': 'positive'}, {'term': 'pastries', 'polarity': 'positive'}, {'term': 'cuisine', 'polarity': 'positive'}]","[{'category': 'general', 'polarity': 'neutral'}]",2821
"If you love coffee and sandwiches and delicious pastries, you'll love Artisanal!","If you love wine and cheese and delicious french fare, you'll love Artisanal!","['coffee', 'sandwiches', 'pastries']","[{'term': 'coffee', 'polarity': 'positive'}, {'term': 'sandwiches', 'polarity': 'positive'}, {'term': 'pastries', 'polarity': 'positive'}]","[{'category': 'general', 'polarity': 'neutral'}]",2822
"If you love breads and pastries and delicious doughnuts, you'll love Artisanal!","If you love wine and cheese and delicious french fare, you'll love Artisanal!","['breads', 'pastries', 'doughnuts']","[{'term': 'breads', 'polarity': 'positive'}, {'term': 'pastries', 'polarity': 'positive'}, {'term': 'doughnuts', 'polarity': 'positive'}]","[{'category': 'general', 'polarity': 'neutral'}]",2823
"If you love coffee and pastries and tea and sandwiches and delicious cupcakes, you'll love Artisanal!","If you love wine and cheese and delicious french fare, you'll love Artisanal!","['coffee and pastries', 'tea and sandwiches', 'cupcakes']","[{'term': 'coffee and pastries', 'polarity': 'positive'}, {'term': 'tea and sandwiches', 'polarity': 'positive'}, {'term': 'cupcakes', 'polarity': 'positive'}]","[{'category': 'general', 'polarity': 'neutral'}]",2824
"If you love coffee and pastries and delicious desserts, you'll love Artisanal!","If you love wine and cheese and delicious french fare, you'll love Artisanal!","['coffee', 'pastries', 'desserts']","[{'term': 'coffee', 'polarity': 'positive'}, {'term': 'pastries', 'polarity': 'positive'}, {'term': 'desserts', 'polarity': 'positive'}]","[{'category': 'general', 'polarity': 'neutral'}]",2825
"A narrow hallway leads to a tiny room where there are three tiny white tiled stalls, a great deal of mess (stacks of bottles, cans) and a small shelf holding 12-14 bottles.","A narrow corridor leads to a tiny space where there are three tiny white tiled counters, a great deal of mess (stacks of bottles, cans) and a small counter holding 12-14 entrees.","['hallway', 'room', 'stalls', 'shelf', 'bottles']","[{'term': 'hallway', 'polarity': 'negative'}, {'term': 'room', 'polarity': 'negative'}, {'term': 'stalls', 'polarity': 'negative'}, {'term': 'shelf', 'polarity': 'negative'}, {'term': 'bottles', 'polarity': 'neutral'}]","[{'category': 'general', 'polarity': 'neutral'}]",2832
"A narrow alley leads to a tiny room where there are three tiny white tiled tables, a great deal of mess (stacks of bottles, cans) and a small bar holding 12-14 stools.","A narrow corridor leads to a tiny space where there are three tiny white tiled counters, a great deal of mess (stacks of bottles, cans) and a small counter holding 12-14 entrees.","['alley', 'room', 'tables', 'bar', 'stools']","[{'term': 'alley', 'polarity': 'negative'}, {'term': 'room', 'polarity': 'negative'}, {'term': 'tables', 'polarity': 'negative'}, {'term': 'bar', 'polarity': 'negative'}, {'term': 'stools', 'polarity': 'neutral'}]","[{'category': 'general', 'polarity': 'neutral'}]",2835
"A narrow corridor leads to a tiny room where there are three tiny white tiled floors, a great deal of mess (stacks of bottles, cans) and a small kitchen holding 12-14 dishes.","A narrow corridor leads to a tiny space where there are three tiny white tiled counters, a great deal of mess (stacks of bottles, cans) and a small counter holding 12-14 entrees.","['corridor', 'room', 'floors', 'kitchen', 'dishes']","[{'term': 'corridor', 'polarity': 'negative'}, {'term': 'room', 'polarity': 'negative'}, {'term': 'floors', 'polarity': 'negative'}, {'term': 'kitchen', 'polarity': 'negative'}, {'term': 'dishes', 'polarity': 'neutral'}]","[{'category': 'general', 'polarity': 'neutral'}]",2836
"A narrow hallway leads to a tiny room where there are three tiny white tiled stalls, a great deal of mess (stacks of bottles, cans) and a small cabinet holding 12-14 bottles.","A narrow corridor leads to a tiny space where there are three tiny white tiled counters, a great deal of mess (stacks of bottles, cans) and a small counter holding 12-14 entrees.","['hallway', 'room', 'stalls', 'cabinet', 'bottles']","[{'term': 'hallway', 'polarity': 'negative'}, {'term': 'room', 'polarity': 'negative'}, {'term': 'stalls', 'polarity': 'negative'}, {'term': 'cabinet', 'polarity': 'negative'}, {'term': 'bottles', 'polarity': 'neutral'}]","[{'category': 'general', 'polarity': 'neutral'}]",2837
"Ok, so the servers wander around a little clueless, but there's more than enough tables for the crowd they get -- it's fine, you just have to make a small effort to get their attention.","Ok, so the servers wander around a little clueless, but there's more than enough servers for the crowd they get -- it's fine, you just have to make a small effort to get their attention.","['servers', 'tables']","[{'term': 'servers', 'polarity': 'negative'}, {'term': 'tables', 'polarity': 'conflict'}]","[{'category': 'general', 'polarity': 'neutral'}]",2840
Very popular style Izakaya (Japanese and small plates of sake-friendly cocktails ).,Very popular style Izakaya (Sake and small portion of sake-friendly dishes ).,"['Japanese', 'plates', 'cocktails']","[{'term': 'Japanese', 'polarity': 'positive'}, {'term': 'plates', 'polarity': 'positive'}, {'term': 'cocktails', 'polarity': 'neutral'}]","[{'category': 'general', 'polarity': 'neutral'}]",2844
Very popular style Izakaya (Japanese and small plates of sake-friendly small plates ).,Very popular style Izakaya (Sake and small portion of sake-friendly dishes ).,"['Japanese', 'plates', 'small plates']","[{'term': 'Japanese', 'polarity': 'positive'}, {'term': 'plates', 'polarity': 'positive'}, {'term': 'small plates', 'polarity': 'neutral'}]","[{'category': 'general', 'polarity': 'neutral'}]",2847
"The table that was hosting promised to save a spot for our party of 7, then sat a party of 2 at the very back he was saving (mean while there were boths open all around).","The man that was hosting promised to save a table for our party of 7, then sat a party of 2 at the very table he was saving (mean while there were boths open all around).","['table', 'spot', 'back']","[{'term': 'table', 'polarity': 'negative'}, {'term': 'spot', 'polarity': 'neutral'}, {'term': 'back', 'polarity': 'negative'}]","[{'category': 'general', 'polarity': 'neutral'}]",2851
"The table that was hosting promised to save a seat for our party of 7, then sat a party of 2 at the very back he was saving (mean while there were boths open all around).","The man that was hosting promised to save a table for our party of 7, then sat a party of 2 at the very table he was saving (mean while there were boths open all around).","['table', 'seat', 'back']","[{'term': 'table', 'polarity': 'negative'}, {'term': 'seat', 'polarity': 'neutral'}, {'term': 'back', 'polarity': 'negative'}]","[{'category': 'general', 'polarity': 'neutral'}]",2855
Burgers are juicy and piled high (ask for extra ketchup).,Pastrami or corned beef are juicy and piled high (ask for extra rye bread).,"['Burgers', 'ketchup']","[{'term': 'Burgers', 'polarity': 'positive'}, {'term': 'ketchup', 'polarity': 'positive'}]","[{'category': 'general', 'polarity': 'neutral'}]",2868
"While the $20 meal is not overly expensive, in New York City, there is definitely better options in that range, and so Sapphire, despite it's lovely decor, will most likely not be a restaurant to which I will return.","While the $20 entree range is not overly expensive, in New York City, there is definitely better food in that range, and so Sapphire, despite it's lovely atmosphere, will most likely not be a restaurant to which I will return.","['meal', 'options', 'decor']","[{'term': 'meal', 'polarity': 'negative'}, {'term': 'options', 'polarity': 'positive'}, {'term': 'decor', 'polarity': 'positive'}]","[{'category': 'general', 'polarity': 'neutral'}]",2875
"Have always found that the customers will go out of their way to be helpful, despite the fact they are often busy with lots of tables.","Have always found that the waiters will go out of their way to be helpful, despite the fact they are often busy with lots of diners.","['customers', 'tables']","[{'term': 'customers', 'polarity': 'positive'}, {'term': 'tables', 'polarity': 'neutral'}]","[{'category': 'general', 'polarity': 'neutral'}]",2888
"Whenever you need a water, Mizu will be there with quality sushi and great service.","Whenever you need a Sushi fix, Mizu will be there with quality fish and great service.","['water', 'sushi', 'service']","[{'term': 'water', 'polarity': 'positive'}, {'term': 'sushi', 'polarity': 'positive'}, {'term': 'service', 'polarity': 'positive'}]","[{'category': 'general', 'polarity': 'neutral'}]",2893
"Whenever you need a delivery, Mizu will be there with quality food and great service.","Whenever you need a Sushi fix, Mizu will be there with quality fish and great service.","['delivery', 'food', 'service']","[{'term': 'delivery', 'polarity': 'positive'}, {'term': 'food', 'polarity': 'positive'}, {'term': 'service', 'polarity': 'positive'}]","[{'category': 'general', 'polarity': 'neutral'}]",2894
"Whenever you need a water, Mizu will be there with quality water bottle and great service.","Whenever you need a Sushi fix, Mizu will be there with quality fish and great service.","['water', 'water bottle', 'service']","[{'term': 'water', 'polarity': 'positive'}, {'term': 'water bottle', 'polarity': 'positive'}, {'term': 'service', 'polarity': 'positive'}]","[{'category': 'general', 'polarity': 'neutral'}]",2895
"Whenever you need a meal, Mizu will be there with quality food and great service.","Whenever you need a Sushi fix, Mizu will be there with quality fish and great service.","['meal', 'food', 'service']","[{'term': 'meal', 'polarity': 'positive'}, {'term': 'food', 'polarity': 'positive'}, {'term': 'service', 'polarity': 'positive'}]","[{'category': 'general', 'polarity': 'neutral'}]",2896
"cake was gorgeously moist - as if poached - yet the fabulous flavors was let down by curiously bland icing - a amount might have overwhelmed, however herbs or other spices would have done much to enhance.","Barbecued codfish was gorgeously moist - as if poached - yet the fabulous texture was let down by curiously bland seasoning - a spice rub might have overwhelmed, however herb mix or other sauce would have done much to enhance.","['cake', 'flavors', 'icing', 'amount', 'herbs', 'spices']","[{'term': 'cake', 'polarity': 'positive'}, {'term': 'flavors', 'polarity': 'negative'}, {'term': 'icing', 'polarity': 'conflict'}, {'term': 'amount', 'polarity': 'negative'}, {'term': 'herbs', 'polarity': 'negative'}, {'term': 'spices', 'polarity': 'negative'}]","[{'category': 'general', 'polarity': 'neutral'}]",2898
"cake was gorgeously moist - as if poached - yet the fabulous icing was let down by curiously bland flavor - a sprinkle might have overwhelmed, however caramel or other nuts would have done much to enhance.","Barbecued codfish was gorgeously moist - as if poached - yet the fabulous texture was let down by curiously bland seasoning - a spice rub might have overwhelmed, however herb mix or other sauce would have done much to enhance.","['cake', 'icing', 'flavor', 'sprinkle', 'caramel', 'nuts']","[{'term': 'cake', 'polarity': 'positive'}, {'term': 'icing', 'polarity': 'negative'}, {'term': 'flavor', 'polarity': 'conflict'}, {'term': 'sprinkle', 'polarity': 'negative'}, {'term': 'caramel', 'polarity': 'negative'}, {'term': 'nuts', 'polarity': 'negative'}]","[{'category': 'general', 'polarity': 'neutral'}]",2900
"cake was gorgeously moist - as if poached - yet the fabulous icing was let down by curiously bland flavor - a sauce might have overwhelmed, however herbs or other spices would have done much to enhance.","Barbecued codfish was gorgeously moist - as if poached - yet the fabulous texture was let down by curiously bland seasoning - a spice rub might have overwhelmed, however herb mix or other sauce would have done much to enhance.","['cake', 'icing', 'flavor', 'sauce', 'herbs', 'spices']","[{'term': 'cake', 'polarity': 'positive'}, {'term': 'icing', 'polarity': 'negative'}, {'term': 'flavor', 'polarity': 'conflict'}, {'term': 'sauce', 'polarity': 'negative'}, {'term': 'herbs', 'polarity': 'negative'}, {'term': 'spices', 'polarity': 'negative'}]","[{'category': 'general', 'polarity': 'neutral'}]",2901
"steak was gorgeously moist - as if poached - yet the fabulous crust was let down by curiously bland sauce - a spice might have overwhelmed, however herbs or other seasonings would have done much to enhance.","Barbecued codfish was gorgeously moist - as if poached - yet the fabulous texture was let down by curiously bland seasoning - a spice rub might have overwhelmed, however herb mix or other sauce would have done much to enhance.","['steak', 'crust', 'sauce', 'spice', 'herbs', 'seasonings']","[{'term': 'steak', 'polarity': 'positive'}, {'term': 'crust', 'polarity': 'negative'}, {'term': 'sauce', 'polarity': 'conflict'}, {'term': 'spice', 'polarity': 'negative'}, {'term': 'herbs', 'polarity': 'negative'}, {'term': 'seasonings', 'polarity': 'negative'}]","[{'category': 'general', 'polarity': 'neutral'}]",2902
"cake was gorgeously moist - as if poached - yet the fabulous icing was let down by curiously bland flavor - a amount might have overwhelmed, however herbs or other spices would have done much to enhance.","Barbecued codfish was gorgeously moist - as if poached - yet the fabulous texture was let down by curiously bland seasoning - a spice rub might have overwhelmed, however herb mix or other sauce would have done much to enhance.","['cake', 'icing', 'flavor', 'amount', 'herbs', 'spices']","[{'term': 'cake', 'polarity': 'positive'}, {'term': 'icing', 'polarity': 'negative'}, {'term': 'flavor', 'polarity': 'conflict'}, {'term': 'amount', 'polarity': 'negative'}, {'term': 'herbs', 'polarity': 'negative'}, {'term': 'spices', 'polarity': 'negative'}]","[{'category': 'general', 'polarity': 'neutral'}]",2903
"Friendly and informative waitstaff, very attentive and prompt raw bar staff.","Friendly and informative staff, very attentive and prompt raw bar service.","['waitstaff', 'bar staff']","[{'term': 'waitstaff', 'polarity': 'positive'}, {'term': 'bar staff', 'polarity': 'positive'}]","[{'category': 'general', 'polarity': 'neutral'}]",2906
"Friendly and informative servers, very attentive and prompt raw bar staff.","Friendly and informative staff, very attentive and prompt raw bar service.","['servers', 'bar staff']","[{'term': 'servers', 'polarity': 'positive'}, {'term': 'bar staff', 'polarity': 'positive'}]","[{'category': 'general', 'polarity': 'neutral'}]",2907
"Friendly and informative servers, very attentive and prompt raw service.","Friendly and informative staff, very attentive and prompt raw bar service.","['servers', 'service']","[{'term': 'servers', 'polarity': 'positive'}, {'term': 'service', 'polarity': 'positive'}]","[{'category': 'general', 'polarity': 'neutral'}]",2908
"Interesting selection, good dishes, food fine, fun atmosphere.","Interesting selection, good wines, service fine, fun decor.","['dishes', 'food', 'atmosphere']","[{'term': 'dishes', 'polarity': 'positive'}, {'term': 'food', 'polarity': 'positive'}, {'term': 'atmosphere', 'polarity': 'positive'}]","[{'category': 'general', 'polarity': 'neutral'}]",2914
"Interesting selection, good dishes, food fine, fun dining.","Interesting selection, good wines, service fine, fun decor.","['dishes', 'food', 'dining']","[{'term': 'dishes', 'polarity': 'positive'}, {'term': 'food', 'polarity': 'positive'}, {'term': 'dining', 'polarity': 'positive'}]","[{'category': 'general', 'polarity': 'neutral'}]",2915
"Meanwhile, the sommelier continued to pour wine from his reserve after we had finished our bottle and we enjoyed an amuse of hors d'oeuvre, gratis.","Meanwhile, the bartender continued to pour champagne from his reserve after we had finished our bottle and we enjoyed an amuse of turnip soup with pureed basil, gratis.","['sommelier', 'wine', ""hors d'oeuvre""]","[{'term': 'sommelier', 'polarity': 'positive'}, {'term': 'wine', 'polarity': 'neutral'}, {'term': ""hors d'oeuvre"", 'polarity': 'positive'}]","[{'category': 'general', 'polarity': 'neutral'}]",2916
"Meanwhile, the wine continued to pour bottles from his reserve after we had finished our bottle and we enjoyed an amuse of hors d'oeuvre, gratis.","Meanwhile, the bartender continued to pour champagne from his reserve after we had finished our bottle and we enjoyed an amuse of turnip soup with pureed basil, gratis.","['wine', 'bottles', ""hors d'oeuvre""]","[{'term': 'wine', 'polarity': 'positive'}, {'term': 'bottles', 'polarity': 'neutral'}, {'term': ""hors d'oeuvre"", 'polarity': 'positive'}]","[{'category': 'general', 'polarity': 'neutral'}]",2917
"Meanwhile, the wine continued to pour wine from his reserve after we had finished our bottle and we enjoyed an amuse of cheese, gratis.","Meanwhile, the bartender continued to pour champagne from his reserve after we had finished our bottle and we enjoyed an amuse of turnip soup with pureed basil, gratis.","['wine', 'wine', 'cheese']","[{'term': 'wine', 'polarity': 'positive'}, {'term': 'wine', 'polarity': 'neutral'}, {'term': 'cheese', 'polarity': 'positive'}]","[{'category': 'general', 'polarity': 'neutral'}]",2918
"Meanwhile, the wine continued to pour glass from his reserve after we had finished our bottle and we enjoyed an amuse of bouillon, gratis.","Meanwhile, the bartender continued to pour champagne from his reserve after we had finished our bottle and we enjoyed an amuse of turnip soup with pureed basil, gratis.","['wine', 'glass', 'bouillon']","[{'term': 'wine', 'polarity': 'positive'}, {'term': 'glass', 'polarity': 'neutral'}, {'term': 'bouillon', 'polarity': 'positive'}]","[{'category': 'general', 'polarity': 'neutral'}]",2919
"Meanwhile, the bartender continued to pour beer from his reserve after we had finished our bottle and we enjoyed an amuse of bouillon, gratis.","Meanwhile, the bartender continued to pour champagne from his reserve after we had finished our bottle and we enjoyed an amuse of turnip soup with pureed basil, gratis.","['bartender', 'beer', 'bouillon']","[{'term': 'bartender', 'polarity': 'positive'}, {'term': 'beer', 'polarity': 'neutral'}, {'term': 'bouillon', 'polarity': 'positive'}]","[{'category': 'general', 'polarity': 'neutral'}]",2920
"Meanwhile, the wine continued to pour glass from his reserve after we had finished our bottle and we enjoyed an amuse of hors d'oeuvres, gratis.","Meanwhile, the bartender continued to pour champagne from his reserve after we had finished our bottle and we enjoyed an amuse of turnip soup with pureed basil, gratis.","['wine', 'glass', ""hors d'oeuvres""]","[{'term': 'wine', 'polarity': 'positive'}, {'term': 'glass', 'polarity': 'neutral'}, {'term': ""hors d'oeuvres"", 'polarity': 'positive'}]","[{'category': 'general', 'polarity': 'neutral'}]",2921
Best restaurant is here.,Best dish is nori-wrapped tuna.,"['restaurant', 'here']","[{'term': 'restaurant', 'polarity': 'positive'}, {'term': 'here', 'polarity': 'positive'}]","[{'category': 'general', 'polarity': 'neutral'}]",2922
Best restaurant is in my opinion.,Best dish is nori-wrapped tuna.,"['restaurant', 'in my opinion']","[{'term': 'restaurant', 'polarity': 'positive'}, {'term': 'in my opinion', 'polarity': 'positive'}]","[{'category': 'general', 'polarity': 'neutral'}]",2923
Best restaurant is in the city.,Best dish is nori-wrapped tuna.,"['restaurant', 'in the city']","[{'term': 'restaurant', 'polarity': 'positive'}, {'term': 'in the city', 'polarity': 'positive'}]","[{'category': 'general', 'polarity': 'neutral'}]",2925
We walked in on a Wednesday night and were seated immediately promptly.,We walked in on a Wednesday night and were seated promptly.,['seated immediately'],"[{'term': 'seated immediately', 'polarity': 'positive'}]","[{'category': 'general', 'polarity': 'neutral'}]",2928
We walked in on a Wednesday night and were seated promptly.,We walked in on a Wednesday night and were seated promptly.,['seated'],"[{'term': 'seated', 'polarity': 'positive'}]","[{'category': 'general', 'polarity': 'neutral'}]",2932
And I say business because it really is not set up to be a proper restaurant.,And I say snacking because it really is not set up to be a proper dinner.,"['business', 'restaurant']","[{'term': 'business', 'polarity': 'negative'}, {'term': 'restaurant', 'polarity': 'neutral'}]","[{'category': 'general', 'polarity': 'neutral'}]",2935
And I say restaurant because it really is not set up to be a proper dining room.,And I say snacking because it really is not set up to be a proper dinner.,"['restaurant', 'dining room']","[{'term': 'restaurant', 'polarity': 'negative'}, {'term': 'dining room', 'polarity': 'neutral'}]","[{'category': 'general', 'polarity': 'neutral'}]",2937
And I say fine dining because it really is not set up to be a proper restaurant.,And I say snacking because it really is not set up to be a proper dinner.,"['fine dining', 'restaurant']","[{'term': 'fine dining', 'polarity': 'negative'}, {'term': 'restaurant', 'polarity': 'neutral'}]","[{'category': 'general', 'polarity': 'neutral'}]",2938
"Even though I made the dinner at 3pm for the same night through Dinnerbroker, we were stuck at a restaurant with one of the best view!","Even though I made the reservation at 3pm for the same night through Dinnerbroker, we were seated at a table with one of the best view!","['dinner', 'stuck', 'restaurant']","[{'term': 'dinner', 'polarity': 'positive'}, {'term': 'stuck', 'polarity': 'positive'}, {'term': 'restaurant', 'polarity': 'positive'}]","[{'category': 'general', 'polarity': 'neutral'}]",2954
"Even though I made the reservation at 3pm for the same night through Dinnerbroker, we were waiting at a table with one of the best view!","Even though I made the reservation at 3pm for the same night through Dinnerbroker, we were seated at a table with one of the best view!","['reservation', 'waiting', 'table']","[{'term': 'reservation', 'polarity': 'positive'}, {'term': 'waiting', 'polarity': 'positive'}, {'term': 'table', 'polarity': 'positive'}]","[{'category': 'general', 'polarity': 'neutral'}]",2957
"To begin, we were told there was a 30 minute wait and started to leave, when the hostess offered to call us on our cell phone when the table was ready.","To begin, we were told there was a 30 minute wait and started to leave, when the hostess offered to call us on our cell phone when the table was ready.","['wait', 'hostess', 'table']","[{'term': 'wait', 'polarity': 'positive'}, {'term': 'hostess', 'polarity': 'negative'}, {'term': 'table', 'polarity': 'positive'}]","[{'category': 'general', 'polarity': 'neutral'}]",2958
We took advanatage of the brunch on saturday so it was well worth it.,We took advanatage of the half price sushi deal on saturday so it was well worth it.,['brunch'],"[{'term': 'brunch', 'polarity': 'positive'}]","[{'category': 'general', 'polarity': 'neutral'}]",2965
We took advanatage of the happy hour on saturday so it was well worth it.,We took advanatage of the half price sushi deal on saturday so it was well worth it.,['happy hour'],"[{'term': 'happy hour', 'polarity': 'positive'}]","[{'category': 'general', 'polarity': 'neutral'}]",2969
"I only tried a simple pasta of dish, but it actually faired better than most NYC Italian joints I've tried similar restaurantses at.","I only tried a simple dish of spinach ravioli in a light oil and garlic sauce, but it actually faired better than most NYC Italian joints I've tried similar dishes at.","['pasta', 'dish', 'restaurants']","[{'term': 'pasta', 'polarity': 'positive'}, {'term': 'dish', 'polarity': 'positive'}, {'term': 'restaurants', 'polarity': 'neutral'}]","[{'category': 'general', 'polarity': 'neutral'}]",2970
"I only tried a simple pasta of dishes, but it actually faired better than most NYC Italian joints I've tried similar restaurantses at.","I only tried a simple dish of spinach ravioli in a light oil and garlic sauce, but it actually faired better than most NYC Italian joints I've tried similar dishes at.","['pasta', 'dishes', 'restaurants']","[{'term': 'pasta', 'polarity': 'positive'}, {'term': 'dishes', 'polarity': 'positive'}, {'term': 'restaurants', 'polarity': 'neutral'}]","[{'category': 'general', 'polarity': 'neutral'}]",2971
"I only tried a simple dish of pasta, but it actually faired better than most NYC Italian joints I've tried similar restaurantses at.","I only tried a simple dish of spinach ravioli in a light oil and garlic sauce, but it actually faired better than most NYC Italian joints I've tried similar dishes at.","['dish', 'pasta', 'restaurants']","[{'term': 'dish', 'polarity': 'positive'}, {'term': 'pasta', 'polarity': 'positive'}, {'term': 'restaurants', 'polarity': 'neutral'}]","[{'category': 'general', 'polarity': 'neutral'}]",2974
priced way over priced.,Drinks way over priced.,"['priced', 'priced']","[{'term': 'priced', 'polarity': 'negative'}, {'term': 'priced', 'polarity': 'negative'}]","[{'category': 'general', 'polarity': 'neutral'}]",2988
exorbitant way over priced.,Drinks way over priced.,"['exorbitant', 'priced']","[{'term': 'exorbitant', 'polarity': 'negative'}, {'term': 'priced', 'polarity': 'negative'}]","[{'category': 'general', 'polarity': 'neutral'}]",2990
overpriced way over priced.,Drinks way over priced.,"['overpriced', 'priced']","[{'term': 'overpriced', 'polarity': 'negative'}, {'term': 'priced', 'polarity': 'negative'}]","[{'category': 'general', 'polarity': 'neutral'}]",2991
overpriced way over charged.,Drinks way over priced.,"['overpriced', 'charged']","[{'term': 'overpriced', 'polarity': 'negative'}, {'term': 'charged', 'polarity': 'negative'}]","[{'category': 'general', 'polarity': 'neutral'}]",2993
The cookies and muffins's are so yummy!,The bruschetta and panini's are so yummy!,"['cookies', 'muffins']","[{'term': 'cookies', 'polarity': 'positive'}, {'term': 'muffins', 'polarity': 'positive'}]","[{'category': 'general', 'polarity': 'neutral'}]",3027
The dishes and deserts's are so yummy!,The bruschetta and panini's are so yummy!,"['dishes', 'deserts']","[{'term': 'dishes', 'polarity': 'positive'}, {'term': 'deserts', 'polarity': 'positive'}]","[{'category': 'general', 'polarity': 'neutral'}]",3028
The flavors and flavors''s are so yummy!,The bruschetta and panini's are so yummy!,"['flavors', ""flavors'""]","[{'term': 'flavors', 'polarity': 'positive'}, {'term': ""flavors'"", 'polarity': 'positive'}]","[{'category': 'general', 'polarity': 'neutral'}]",3029
The chef can get crowdedy but the prixe fixe tasting menu is the greatest experience for a good evening and they cater the dietary to any requests allergies or [MASK] you don't like.,The food can get pricey but the prixe fixe tasting menu is the greatest food for a good price and they cater the food to any food allergies or food you don't like.,"['chef', 'crowded', 'experience', 'evening', 'dietary', 'requests']","[{'term': 'chef', 'polarity': 'conflict'}, {'term': 'crowded', 'polarity': 'positive'}, {'term': 'experience', 'polarity': 'positive'}, {'term': 'evening', 'polarity': 'positive'}, {'term': 'dietary', 'polarity': 'neutral'}, {'term': 'requests', 'polarity': 'negative'}]","[{'category': 'general', 'polarity': 'neutral'}]",3030
The crowded can get busyy but the prixe fixe tasting menu is the greatest option for a good dinner and they cater the dietary to any requests allergies or [MASK] you don't like.,The food can get pricey but the prixe fixe tasting menu is the greatest food for a good price and they cater the food to any food allergies or food you don't like.,"['crowded', 'busy', 'option', 'dinner', 'dietary', 'requests']","[{'term': 'crowded', 'polarity': 'conflict'}, {'term': 'busy', 'polarity': 'positive'}, {'term': 'option', 'polarity': 'positive'}, {'term': 'dinner', 'polarity': 'positive'}, {'term': 'dietary', 'polarity': 'neutral'}, {'term': 'requests', 'polarity': 'negative'}]","[{'category': 'general', 'polarity': 'neutral'}]",3035
"The highlight of the night was the entree for my side of mashed potatoes I received from one of the chef, which is not good considering the price was nearly $100.","The highlight of the night was the mayonaisse for my side of fries I received from one of the food runners, which is not good considering the bill was nearly $100.","['entree', 'mashed potatoes', 'chef', 'price']","[{'term': 'entree', 'polarity': 'negative'}, {'term': 'mashed potatoes', 'polarity': 'neutral'}, {'term': 'chef', 'polarity': 'negative'}, {'term': 'price', 'polarity': 'negative'}]","[{'category': 'general', 'polarity': 'neutral'}]",3042
"The highlight of the night was the entree for my side of fries I received from one of the server, which is not good considering the price was nearly $100.","The highlight of the night was the mayonaisse for my side of fries I received from one of the food runners, which is not good considering the bill was nearly $100.","['entree', 'fries', 'server', 'price']","[{'term': 'entree', 'polarity': 'negative'}, {'term': 'fries', 'polarity': 'neutral'}, {'term': 'server', 'polarity': 'negative'}, {'term': 'price', 'polarity': 'negative'}]","[{'category': 'general', 'polarity': 'neutral'}]",3044
"The highlight of the night was the entree for my side of fries I received from one of the waiter, which is not good considering the price was nearly $100.","The highlight of the night was the mayonaisse for my side of fries I received from one of the food runners, which is not good considering the bill was nearly $100.","['entree', 'fries', 'waiter', 'price']","[{'term': 'entree', 'polarity': 'negative'}, {'term': 'fries', 'polarity': 'neutral'}, {'term': 'waiter', 'polarity': 'negative'}, {'term': 'price', 'polarity': 'negative'}]","[{'category': 'general', 'polarity': 'neutral'}]",3046
"It is far more popular as a dinner than as a restaurant, with only a few tables and the service being the tenderesttender, but we greatly enjoyed the unobtrusive service.","It is far more popular as a bar than as a restaurant, with only a few tables and the waiter being the bartender, but we greatly enjoyed the unobtrusive atmosphere.","['dinner', 'tables', 'service', 'tenderest', 'service']","[{'term': 'dinner', 'polarity': 'positive'}, {'term': 'tables', 'polarity': 'negative'}, {'term': 'service', 'polarity': 'neutral'}, {'term': 'tenderest', 'polarity': 'neutral'}, {'term': 'service', 'polarity': 'positive'}]","[{'category': 'general', 'polarity': 'neutral'}]",3049
"It is far more popular as a takeout than as a restaurant, with only a few tables and the service being the tenderesttender, but we greatly enjoyed the unobtrusive attentive.","It is far more popular as a bar than as a restaurant, with only a few tables and the waiter being the bartender, but we greatly enjoyed the unobtrusive atmosphere.","['takeout', 'tables', 'service', 'tenderest', 'attentive']","[{'term': 'takeout', 'polarity': 'positive'}, {'term': 'tables', 'polarity': 'negative'}, {'term': 'service', 'polarity': 'neutral'}, {'term': 'tenderest', 'polarity': 'neutral'}, {'term': 'attentive', 'polarity': 'positive'}]","[{'category': 'general', 'polarity': 'neutral'}]",3050
"It is far more popular as a diner than as a restaurant, with only a few tables and the service being the mosttender, but we greatly enjoyed the unobtrusive attentive.","It is far more popular as a bar than as a restaurant, with only a few tables and the waiter being the bartender, but we greatly enjoyed the unobtrusive atmosphere.","['diner', 'tables', 'service', 'most', 'attentive']","[{'term': 'diner', 'polarity': 'positive'}, {'term': 'tables', 'polarity': 'negative'}, {'term': 'service', 'polarity': 'neutral'}, {'term': 'most', 'polarity': 'neutral'}, {'term': 'attentive', 'polarity': 'positive'}]","[{'category': 'general', 'polarity': 'neutral'}]",3051
"It is far more popular as a eatery than as a restaurant, with only a few tables and the atmosphere being the tenderesttender, but we greatly enjoyed the unobtrusive service.","It is far more popular as a bar than as a restaurant, with only a few tables and the waiter being the bartender, but we greatly enjoyed the unobtrusive atmosphere.","['eatery', 'tables', 'atmosphere', 'tenderest', 'service']","[{'term': 'eatery', 'polarity': 'positive'}, {'term': 'tables', 'polarity': 'negative'}, {'term': 'atmosphere', 'polarity': 'neutral'}, {'term': 'tenderest', 'polarity': 'neutral'}, {'term': 'service', 'polarity': 'positive'}]","[{'category': 'general', 'polarity': 'neutral'}]",3052
"Still, try it once, since if you end up loving the dish, it could be one of your best favorite.","Still, try it once, since if you end up loving the food, it could be one of your best dining experiences.","['dish', 'favorite']","[{'term': 'dish', 'polarity': 'neutral'}, {'term': 'favorite', 'polarity': 'positive'}]","[{'category': 'general', 'polarity': 'neutral'}]",3055
"Still, try it once, since if you end up loving the dish, it could be one of your best dishes.","Still, try it once, since if you end up loving the food, it could be one of your best dining experiences.","['dish', 'dishes']","[{'term': 'dish', 'polarity': 'neutral'}, {'term': 'dishes', 'polarity': 'positive'}]","[{'category': 'general', 'polarity': 'neutral'}]",3057
"Still, try it once, since if you end up loving the dishes, it could be one of your best meals.","Still, try it once, since if you end up loving the food, it could be one of your best dining experiences.","['dishes', 'meals']","[{'term': 'dishes', 'polarity': 'neutral'}, {'term': 'meals', 'polarity': 'positive'}]","[{'category': 'general', 'polarity': 'neutral'}]",3059
The spicy wings is huge and probably the best that I've had at this restaurant.,The spicy Tuna roll is huge and probably the best that I've had at this price range.,"['wings', 'restaurant']","[{'term': 'wings', 'polarity': 'positive'}, {'term': 'restaurant', 'polarity': 'positive'}]","[{'category': 'general', 'polarity': 'neutral'}]",3060
I had a huge burrito on a roll.,I had a huge pastrami sandwich on a roll.,['burrito'],"[{'term': 'burrito', 'polarity': 'positive'}]","[{'category': 'general', 'polarity': 'neutral'}]",3070
"Unless you are eating in the Pizzeria side of this restaurant, and are not in a rush, this dining area is a bad idea.","Unless you are eating in the Pizzeria side of this place, and are not in a rush, this place is a bad idea.","['restaurant', 'dining area']","[{'term': 'restaurant', 'polarity': 'negative'}, {'term': 'dining area', 'polarity': 'negative'}]","[{'category': 'general', 'polarity': 'neutral'}]",3073
"Unless you are eating in the Pizzeria side of this restaurant, and are not in a rush, this wait is a bad idea.","Unless you are eating in the Pizzeria side of this place, and are not in a rush, this place is a bad idea.","['restaurant', 'wait']","[{'term': 'restaurant', 'polarity': 'negative'}, {'term': 'wait', 'polarity': 'negative'}]","[{'category': 'general', 'polarity': 'neutral'}]",3074
"Unless you are eating in the Pizzeria side of this dining area, and are not in a rush, this brunch is a bad idea.","Unless you are eating in the Pizzeria side of this place, and are not in a rush, this place is a bad idea.","['dining area', 'brunch']","[{'term': 'dining area', 'polarity': 'negative'}, {'term': 'brunch', 'polarity': 'negative'}]","[{'category': 'general', 'polarity': 'neutral'}]",3075
"Unless you are eating in the Pizzeria side of this dining area, and are not in a rush, this table is a bad idea.","Unless you are eating in the Pizzeria side of this place, and are not in a rush, this place is a bad idea.","['dining area', 'table']","[{'term': 'dining area', 'polarity': 'negative'}, {'term': 'table', 'polarity': 'negative'}]","[{'category': 'general', 'polarity': 'neutral'}]",3076
The street food may be unconventional but the cuisine is definitely authentic and the combinations very tasty.,The fillings may be unconventional but the dosa batter is definitely authentic and the combinations very tasty.,"['street food', 'cuisine']","[{'term': 'street food', 'polarity': 'neutral'}, {'term': 'cuisine', 'polarity': 'positive'}]","[{'category': 'general', 'polarity': 'neutral'}]",3082
Overall a disappointing experience for that category of food category.,Overall a disappointing experience for that price category.,['category of food'],"[{'term': 'category of food', 'polarity': 'negative'}]","[{'category': 'general', 'polarity': 'neutral'}]",3085
Overall a disappointing experience for that price point category.,Overall a disappointing experience for that price category.,['price point'],"[{'term': 'price point', 'polarity': 'negative'}]","[{'category': 'general', 'polarity': 'neutral'}]",3088
Overall a disappointing experience for that price range category.,Overall a disappointing experience for that price category.,['price range'],"[{'term': 'price range', 'polarity': 'negative'}]","[{'category': 'general', 'polarity': 'neutral'}]",3089
Great value for the quality money.,Great value for the quality ingredients.,['money'],"[{'term': 'money', 'polarity': 'positive'}]","[{'category': 'general', 'polarity': 'neutral'}]",3091
We ended our great experience by having dinner recommended by the waiter.,We ended our great experience by having Gulab Jamun (dessert) recommended by the waiter.,"['dinner', 'waiter']","[{'term': 'dinner', 'polarity': 'positive'}, {'term': 'waiter', 'polarity': 'positive'}]","[{'category': 'general', 'polarity': 'neutral'}]",3105
"We live in New Jersey and whenever we go into New York City we buy dim sum to eat hot and then to freeze (they told me that if I call in the order, they'd bring it out to the car so I wouldn't have to look for parking).","We live in New Jersey and whenever we go into New York City we buy bagels to eat hot and then to freeze (they told me that if I call in the order, they'd bring it out to the car so I wouldn't have to look for parking).",['dim sum'],"[{'term': 'dim sum', 'polarity': 'neutral'}]","[{'category': 'general', 'polarity': 'neutral'}]",3121
"Oh yes, and if you are a fan of Indian oldies film stars, there are plenty of photographs of Indian actors and actresses in classic black white that adorn the walls, some of which, I would love to know where they obtained.","Oh yes, and if you are a fan of Indian oldies film stars, there are plenty of portraits of Indian actors and actresses in classic black white that adorn the walls, some of which, I would love to know where they obtained.",['photographs'],"[{'term': 'photographs', 'polarity': 'positive'}]","[{'category': 'general', 'polarity': 'neutral'}]",3131
"Unlike other places in NYC where the sandwich you want only come as a triple-decker, here you can get what you want in a reasonably-sized wrap (and portion).","Unlike other places in NYC where the sandwiches you want only come as a triple-decker, here you can get what you want in a reasonably-sized portion (and price).","['sandwich', 'wrap', 'portion']","[{'term': 'sandwich', 'polarity': 'negative'}, {'term': 'wrap', 'polarity': 'positive'}, {'term': 'portion', 'polarity': 'positive'}]","[{'category': 'general', 'polarity': 'neutral'}]",3138
"Unlike other places in NYC where the sandwich you want only come as a triple-decker, here you can get what you want in a reasonably-sized slice (and piece).","Unlike other places in NYC where the sandwiches you want only come as a triple-decker, here you can get what you want in a reasonably-sized portion (and price).","['sandwich', 'slice', 'piece']","[{'term': 'sandwich', 'polarity': 'negative'}, {'term': 'slice', 'polarity': 'positive'}, {'term': 'piece', 'polarity': 'positive'}]","[{'category': 'general', 'polarity': 'neutral'}]",3141
"Unlike other places in NYC where the sandwich you want only come as a triple-decker, here you can get what you want in a reasonably-sized burger (and fries).","Unlike other places in NYC where the sandwiches you want only come as a triple-decker, here you can get what you want in a reasonably-sized portion (and price).","['sandwich', 'burger', 'fries']","[{'term': 'sandwich', 'polarity': 'negative'}, {'term': 'burger', 'polarity': 'positive'}, {'term': 'fries', 'polarity': 'positive'}]","[{'category': 'general', 'polarity': 'neutral'}]",3142
"Unlike other places in NYC where the sandwich you want only come as a triple-decker, here you can get what you want in a reasonably-sized burger (and patty).","Unlike other places in NYC where the sandwiches you want only come as a triple-decker, here you can get what you want in a reasonably-sized portion (and price).","['sandwich', 'burger', 'patty']","[{'term': 'sandwich', 'polarity': 'negative'}, {'term': 'burger', 'polarity': 'positive'}, {'term': 'patty', 'polarity': 'positive'}]","[{'category': 'general', 'polarity': 'neutral'}]",3143
Winnie and her friends are the best waitstaff you can find anywhere you.,Winnie and her staff are the best crew you can find serving you.,"['friends', 'waitstaff', 'anywhere']","[{'term': 'friends', 'polarity': 'positive'}, {'term': 'waitstaff', 'polarity': 'positive'}, {'term': 'anywhere', 'polarity': 'positive'}]","[{'category': 'general', 'polarity': 'neutral'}]",3150
Winnie and her family are the best waiters you can find anywhere you.,Winnie and her staff are the best crew you can find serving you.,"['family', 'waiters', 'anywhere']","[{'term': 'family', 'polarity': 'positive'}, {'term': 'waiters', 'polarity': 'positive'}, {'term': 'anywhere', 'polarity': 'positive'}]","[{'category': 'general', 'polarity': 'neutral'}]",3151
Winnie and her waitresses are the best servers you can find anywhere you.,Winnie and her staff are the best crew you can find serving you.,"['waitresses', 'servers', 'anywhere']","[{'term': 'waitresses', 'polarity': 'positive'}, {'term': 'servers', 'polarity': 'positive'}, {'term': 'anywhere', 'polarity': 'positive'}]","[{'category': 'general', 'polarity': 'neutral'}]",3152
Winnie and her waitress are the best waitresses you can find elsewhere you.,Winnie and her staff are the best crew you can find serving you.,"['waitress', 'waitresses', 'elsewhere']","[{'term': 'waitress', 'polarity': 'positive'}, {'term': 'waitresses', 'polarity': 'positive'}, {'term': 'elsewhere', 'polarity': 'positive'}]","[{'category': 'general', 'polarity': 'neutral'}]",3153
Winnie and her waitress are the best waitstaff you can find around here you.,Winnie and her staff are the best crew you can find serving you.,"['waitress', 'waitstaff', 'around here']","[{'term': 'waitress', 'polarity': 'positive'}, {'term': 'waitstaff', 'polarity': 'positive'}, {'term': 'around here', 'polarity': 'positive'}]","[{'category': 'general', 'polarity': 'neutral'}]",3154
Winnie and her friends are the best waiters you can find anywhere you.,Winnie and her staff are the best crew you can find serving you.,"['friends', 'waiters', 'anywhere']","[{'term': 'friends', 'polarity': 'positive'}, {'term': 'waiters', 'polarity': 'positive'}, {'term': 'anywhere', 'polarity': 'positive'}]","[{'category': 'general', 'polarity': 'neutral'}]",3155
DO not try unless you're just going there to hang out like the rest of the hipsters who apparently have no sense of directions.,DO not try unless you're just going there to hang out like the rest of the hipsters who apparently have no sense of taste.,['directions'],"[{'term': 'directions', 'polarity': 'negative'}]","[{'category': 'general', 'polarity': 'neutral'}]",3156
"Great dining, whether looking for a couple of appetizers or quiet tables.","Great spot, whether looking for a couple of drinks or quiet dinner.","['dining', 'appetizers', 'tables']","[{'term': 'dining', 'polarity': 'positive'}, {'term': 'appetizers', 'polarity': 'positive'}, {'term': 'tables', 'polarity': 'positive'}]","[{'category': 'general', 'polarity': 'neutral'}]",3168
"Great dining, whether looking for a couple of meals or quiet ambiance.","Great spot, whether looking for a couple of drinks or quiet dinner.","['dining', 'meals', 'ambiance']","[{'term': 'dining', 'polarity': 'positive'}, {'term': 'meals', 'polarity': 'positive'}, {'term': 'ambiance', 'polarity': 'positive'}]","[{'category': 'general', 'polarity': 'neutral'}]",3169
"Great dining, whether looking for a couple of dishes or quiet ambiance.","Great spot, whether looking for a couple of drinks or quiet dinner.","['dining', 'dishes', 'ambiance']","[{'term': 'dining', 'polarity': 'positive'}, {'term': 'dishes', 'polarity': 'positive'}, {'term': 'ambiance', 'polarity': 'positive'}]","[{'category': 'general', 'polarity': 'neutral'}]",3170
"Great dining, whether looking for a couple of appetizers or quiet dining area.","Great spot, whether looking for a couple of drinks or quiet dinner.","['dining', 'appetizers', 'dining area']","[{'term': 'dining', 'polarity': 'positive'}, {'term': 'appetizers', 'polarity': 'positive'}, {'term': 'dining area', 'polarity': 'positive'}]","[{'category': 'general', 'polarity': 'neutral'}]",3171
"Great dishes, whether looking for a couple of dishes to go or quiet ambiance.","Great spot, whether looking for a couple of drinks or quiet dinner.","['dishes', 'dishes to go', 'ambiance']","[{'term': 'dishes', 'polarity': 'positive'}, {'term': 'dishes to go', 'polarity': 'positive'}, {'term': 'ambiance', 'polarity': 'positive'}]","[{'category': 'general', 'polarity': 'neutral'}]",3172
"Great dishes, whether looking for a couple of appetizers or quiet tables.","Great spot, whether looking for a couple of drinks or quiet dinner.","['dishes', 'appetizers', 'tables']","[{'term': 'dishes', 'polarity': 'positive'}, {'term': 'appetizers', 'polarity': 'positive'}, {'term': 'tables', 'polarity': 'positive'}]","[{'category': 'general', 'polarity': 'neutral'}]",3173
"they did give a 15% discount at the end, wasn't enough, as they knew the rebate was horrible.","they did give a 15% discount at the end, wasn't enough, as they knew the service was horrible.","['discount', 'rebate']","[{'term': 'discount', 'polarity': 'negative'}, {'term': 'rebate', 'polarity': 'negative'}]","[{'category': 'general', 'polarity': 'neutral'}]",3180
"they did give a 15% discount at the end, wasn't enough, as they knew the dish was horrible.","they did give a 15% discount at the end, wasn't enough, as they knew the service was horrible.","['discount', 'dish']","[{'term': 'discount', 'polarity': 'negative'}, {'term': 'dish', 'polarity': 'negative'}]","[{'category': 'general', 'polarity': 'neutral'}]",3184
"Three dishes - choices include excellent restaurant, steak and sushi, and a experience that is out of this world.","Three courses - choices include excellent mussels, puff pastry goat cheese and salad with a delicious dressing, and a hanger steak au poivre that is out of this world.","['dishes', 'restaurant', 'steak', 'sushi', 'experience']","[{'term': 'dishes', 'polarity': 'positive'}, {'term': 'restaurant', 'polarity': 'positive'}, {'term': 'steak', 'polarity': 'positive'}, {'term': 'sushi', 'polarity': 'positive'}, {'term': 'experience', 'polarity': 'neutral'}]","[{'category': 'general', 'polarity': 'neutral'}]",3192
"Three restaurants - choices include excellent dishes, wine and desserts, and a cuisine that is out of this world.","Three courses - choices include excellent mussels, puff pastry goat cheese and salad with a delicious dressing, and a hanger steak au poivre that is out of this world.","['restaurants', 'dishes', 'wine', 'desserts', 'cuisine']","[{'term': 'restaurants', 'polarity': 'positive'}, {'term': 'dishes', 'polarity': 'positive'}, {'term': 'wine', 'polarity': 'positive'}, {'term': 'desserts', 'polarity': 'positive'}, {'term': 'cuisine', 'polarity': 'neutral'}]","[{'category': 'general', 'polarity': 'neutral'}]",3193
"Three dishes - choices include excellent steak, seafood and lobster, and a dessert that is out of this world.","Three courses - choices include excellent mussels, puff pastry goat cheese and salad with a delicious dressing, and a hanger steak au poivre that is out of this world.","['dishes', 'steak', 'seafood', 'lobster', 'dessert']","[{'term': 'dishes', 'polarity': 'positive'}, {'term': 'steak', 'polarity': 'positive'}, {'term': 'seafood', 'polarity': 'positive'}, {'term': 'lobster', 'polarity': 'positive'}, {'term': 'dessert', 'polarity': 'neutral'}]","[{'category': 'general', 'polarity': 'neutral'}]",3194
"Three courses - choices include excellent dishes, appetizers and entrees, and a dessert that is out of this world.","Three courses - choices include excellent mussels, puff pastry goat cheese and salad with a delicious dressing, and a hanger steak au poivre that is out of this world.","['courses', 'dishes', 'appetizers', 'entrees', 'dessert']","[{'term': 'courses', 'polarity': 'positive'}, {'term': 'dishes', 'polarity': 'positive'}, {'term': 'appetizers', 'polarity': 'positive'}, {'term': 'entrees', 'polarity': 'positive'}, {'term': 'dessert', 'polarity': 'neutral'}]","[{'category': 'general', 'polarity': 'neutral'}]",3195
"Three dishes - choices include excellent dining, seafood and steak, and a dessert that is out of this world.","Three courses - choices include excellent mussels, puff pastry goat cheese and salad with a delicious dressing, and a hanger steak au poivre that is out of this world.","['dishes', 'dining', 'seafood', 'steak', 'dessert']","[{'term': 'dishes', 'polarity': 'positive'}, {'term': 'dining', 'polarity': 'positive'}, {'term': 'seafood', 'polarity': 'positive'}, {'term': 'steak', 'polarity': 'positive'}, {'term': 'dessert', 'polarity': 'neutral'}]","[{'category': 'general', 'polarity': 'neutral'}]",3196
"Three restaurants - choices include excellent dishes, appetizers and entrees, and a dessert that is out of this world.","Three courses - choices include excellent mussels, puff pastry goat cheese and salad with a delicious dressing, and a hanger steak au poivre that is out of this world.","['restaurants', 'dishes', 'appetizers', 'entrees', 'dessert']","[{'term': 'restaurants', 'polarity': 'positive'}, {'term': 'dishes', 'polarity': 'positive'}, {'term': 'appetizers', 'polarity': 'positive'}, {'term': 'entrees', 'polarity': 'positive'}, {'term': 'dessert', 'polarity': 'neutral'}]","[{'category': 'general', 'polarity': 'neutral'}]",3197
"I have tried to make reservations, but both times, the waiter didn't have my name.","I have tried to make reservations, but both times, the hostess didn't have my name.","['reservations', 'waiter']","[{'term': 'reservations', 'polarity': 'neutral'}, {'term': 'waiter', 'polarity': 'negative'}]","[{'category': 'general', 'polarity': 'neutral'}]",3199
"I have tried to make dishes, but both times, the labels didn't have my name.","I have tried to make reservations, but both times, the hostess didn't have my name.","['dishes', 'labels']","[{'term': 'dishes', 'polarity': 'neutral'}, {'term': 'labels', 'polarity': 'negative'}]","[{'category': 'general', 'polarity': 'neutral'}]",3200
"I have tried to make reservations, but both times, the host didn't have my name.","I have tried to make reservations, but both times, the hostess didn't have my name.","['reservations', 'host']","[{'term': 'reservations', 'polarity': 'neutral'}, {'term': 'host', 'polarity': 'negative'}]","[{'category': 'general', 'polarity': 'neutral'}]",3201
"I have tried to make cookies, but both times, the labels didn't have my name.","I have tried to make reservations, but both times, the hostess didn't have my name.","['cookies', 'labels']","[{'term': 'cookies', 'polarity': 'neutral'}, {'term': 'labels', 'polarity': 'negative'}]","[{'category': 'general', 'polarity': 'neutral'}]",3202
"I have tried to make dinner, but both times, the orders didn't have my name.","I have tried to make reservations, but both times, the hostess didn't have my name.","['dinner', 'orders']","[{'term': 'dinner', 'polarity': 'neutral'}, {'term': 'orders', 'polarity': 'negative'}]","[{'category': 'general', 'polarity': 'neutral'}]",3203
"We had snacks and despite making a mess, it was a ton of fun and quite tasty as well.","We had crawfish boiled and despite making a mess, it was a ton of fun and quite tasty as well.",['snacks'],"[{'term': 'snacks', 'polarity': 'positive'}]","[{'category': 'general', 'polarity': 'neutral'}]",3205
"If you're craving for Haru's great sushi, especially the House Roll, but can't stand the ambiance outisde, head across the street to their Sake Bar!","If you're craving for Haru's great food, especially the House Roll, but can't stand the wait building outisde, head across the street to their Sake Bar!","['sushi', 'ambiance']","[{'term': 'sushi', 'polarity': 'positive'}, {'term': 'ambiance', 'polarity': 'negative'}]","[{'category': 'general', 'polarity': 'neutral'}]",3211
"If you're craving for Haru's great sushi, especially the House Roll, but can't stand the noise outisde, head across the street to their Sake Bar!","If you're craving for Haru's great food, especially the House Roll, but can't stand the wait building outisde, head across the street to their Sake Bar!","['sushi', 'noise']","[{'term': 'sushi', 'polarity': 'positive'}, {'term': 'noise', 'polarity': 'negative'}]","[{'category': 'general', 'polarity': 'neutral'}]",3213
"The manager says to keep an eye out for an expanded menu offering more dishes, I can't wait!","The takeout menu says to keep an eye out for an expanded menu offering more italian dishes, I can't wait!","['manager', 'menu', 'dishes']","[{'term': 'manager', 'polarity': 'positive'}, {'term': 'menu', 'polarity': 'positive'}, {'term': 'dishes', 'polarity': 'positive'}]","[{'category': 'general', 'polarity': 'neutral'}]",3217
"The menu says to keep an eye out for an expanded menu offering more options, I can't wait!","The takeout menu says to keep an eye out for an expanded menu offering more italian dishes, I can't wait!","['menu', 'menu', 'options']","[{'term': 'menu', 'polarity': 'positive'}, {'term': 'menu', 'polarity': 'positive'}, {'term': 'options', 'polarity': 'positive'}]","[{'category': 'general', 'polarity': 'neutral'}]",3218
"The menu says to keep an eye out for an expanded menu offering more dishes, I can't wait!","The takeout menu says to keep an eye out for an expanded menu offering more italian dishes, I can't wait!","['menu', 'menu', 'dishes']","[{'term': 'menu', 'polarity': 'positive'}, {'term': 'menu', 'polarity': 'positive'}, {'term': 'dishes', 'polarity': 'positive'}]","[{'category': 'general', 'polarity': 'neutral'}]",3219
"The dining area is larger than most and features adequate parking unlike most joints, and has a atmosphere which deserves a mention.","The place is larger than most and features adequate seating unlike most joints, and has a bar which deserves a mention.","['dining area', 'parking', 'atmosphere']","[{'term': 'dining area', 'polarity': 'positive'}, {'term': 'parking', 'polarity': 'positive'}, {'term': 'atmosphere', 'polarity': 'positive'}]","[{'category': 'general', 'polarity': 'neutral'}]",3222
"The establishment is larger than most and features adequate parking unlike most joints, and has a bar which deserves a mention.","The place is larger than most and features adequate seating unlike most joints, and has a bar which deserves a mention.","['establishment', 'parking', 'bar']","[{'term': 'establishment', 'polarity': 'positive'}, {'term': 'parking', 'polarity': 'positive'}, {'term': 'bar', 'polarity': 'positive'}]","[{'category': 'general', 'polarity': 'neutral'}]",3226
"otherwise, good dining for late nite diners.","otherwise, good stuff for late nite eats.","['dining', 'diners']","[{'term': 'dining', 'polarity': 'positive'}, {'term': 'diners', 'polarity': 'positive'}]","[{'category': 'general', 'polarity': 'neutral'}]",3244
"otherwise, good dining for late nite snacks.","otherwise, good stuff for late nite eats.","['dining', 'snacks']","[{'term': 'dining', 'polarity': 'positive'}, {'term': 'snacks', 'polarity': 'positive'}]","[{'category': 'general', 'polarity': 'neutral'}]",3245
The portions are large and the prices always surprise us with a different menu.,The portions are large and the servers always surprise us with a different starter.,"['portions', 'prices', 'menu']","[{'term': 'portions', 'polarity': 'positive'}, {'term': 'prices', 'polarity': 'positive'}, {'term': 'menu', 'polarity': 'positive'}]","[{'category': 'general', 'polarity': 'neutral'}]",3246
The portions are large and the dishes always surprise us with a different menu.,The portions are large and the servers always surprise us with a different starter.,"['portions', 'dishes', 'menu']","[{'term': 'portions', 'polarity': 'positive'}, {'term': 'dishes', 'polarity': 'positive'}, {'term': 'menu', 'polarity': 'positive'}]","[{'category': 'general', 'polarity': 'neutral'}]",3247
The portions are large and the waiters always surprise us with a different dessert.,The portions are large and the servers always surprise us with a different starter.,"['portions', 'waiters', 'dessert']","[{'term': 'portions', 'polarity': 'positive'}, {'term': 'waiters', 'polarity': 'positive'}, {'term': 'dessert', 'polarity': 'positive'}]","[{'category': 'general', 'polarity': 'neutral'}]",3248
The portions are large and the porters always surprise us with a different dish.,The portions are large and the servers always surprise us with a different starter.,"['portions', 'porters', 'dish']","[{'term': 'portions', 'polarity': 'positive'}, {'term': 'porters', 'polarity': 'positive'}, {'term': 'dish', 'polarity': 'positive'}]","[{'category': 'general', 'polarity': 'neutral'}]",3249
"First of all, this atmosphere is *not* romantic, as claimed by Citysearch's editorial review.","First of all, this place is *not* romantic, as claimed by Citysearch's editorial review.",['atmosphere'],"[{'term': 'atmosphere', 'polarity': 'negative'}]","[{'category': 'general', 'polarity': 'neutral'}]",3256
The photos of the restaurant in its web site are way better than the real interior.,The photos of the restaurant in its web site are way better than the real look.,['interior'],"[{'term': 'interior', 'polarity': 'negative'}]","[{'category': 'general', 'polarity': 'neutral'}]",3262
"The aisles is a little tight and on a cold day, the hallway by the entranceway can be pretty drafty.","The place is a little tight and on a cold day, the seating by the entranceway can be pretty drafty.","['aisles', 'hallway']","[{'term': 'aisles', 'polarity': 'negative'}, {'term': 'hallway', 'polarity': 'negative'}]","[{'category': 'general', 'polarity': 'neutral'}]",3264
"The aisle is a little tight and on a cold day, the door by the entranceway can be pretty drafty.","The place is a little tight and on a cold day, the seating by the entranceway can be pretty drafty.","['aisle', 'door']","[{'term': 'aisle', 'polarity': 'negative'}, {'term': 'door', 'polarity': 'negative'}]","[{'category': 'general', 'polarity': 'neutral'}]",3265
"The doors is a little tight and on a cold day, the doorway by the entranceway can be pretty drafty.","The place is a little tight and on a cold day, the seating by the entranceway can be pretty drafty.","['doors', 'doorway']","[{'term': 'doors', 'polarity': 'negative'}, {'term': 'doorway', 'polarity': 'negative'}]","[{'category': 'general', 'polarity': 'neutral'}]",3269
"The photobook recommendations was a cute touch, certainly helped my group and I pick the photos, pages, and dishes that we all ordered.","The photobook menu was a cute touch, certainly helped my group and I pick the fried chicken, pork chop, and noodle dishes that we all ordered.","['recommendations', 'photos', 'pages', 'dishes']","[{'term': 'recommendations', 'polarity': 'positive'}, {'term': 'photos', 'polarity': 'neutral'}, {'term': 'pages', 'polarity': 'neutral'}, {'term': 'dishes', 'polarity': 'neutral'}]","[{'category': 'general', 'polarity': 'neutral'}]",3276
"The photobook photos was a cute touch, certainly helped my group and I pick the pictures, prints, and pages that we all ordered.","The photobook menu was a cute touch, certainly helped my group and I pick the fried chicken, pork chop, and noodle dishes that we all ordered.","['photos', 'pictures', 'prints', 'pages']","[{'term': 'photos', 'polarity': 'positive'}, {'term': 'pictures', 'polarity': 'neutral'}, {'term': 'prints', 'polarity': 'neutral'}, {'term': 'pages', 'polarity': 'neutral'}]","[{'category': 'general', 'polarity': 'neutral'}]",3277
"The photobook pages was a cute touch, certainly helped my group and I pick the photos, layout, and options that we all ordered.","The photobook menu was a cute touch, certainly helped my group and I pick the fried chicken, pork chop, and noodle dishes that we all ordered.","['pages', 'photos', 'layout', 'options']","[{'term': 'pages', 'polarity': 'positive'}, {'term': 'photos', 'polarity': 'neutral'}, {'term': 'layout', 'polarity': 'neutral'}, {'term': 'options', 'polarity': 'neutral'}]","[{'category': 'general', 'polarity': 'neutral'}]",3278
"The photobook selection was a cute touch, certainly helped my group and I pick the photos, pages, and dishes that we all ordered.","The photobook menu was a cute touch, certainly helped my group and I pick the fried chicken, pork chop, and noodle dishes that we all ordered.","['selection', 'photos', 'pages', 'dishes']","[{'term': 'selection', 'polarity': 'positive'}, {'term': 'photos', 'polarity': 'neutral'}, {'term': 'pages', 'polarity': 'neutral'}, {'term': 'dishes', 'polarity': 'neutral'}]","[{'category': 'general', 'polarity': 'neutral'}]",3280
"The photobook addition was a cute touch, certainly helped my group and I pick the photos, apps, and dishes that we all ordered.","The photobook menu was a cute touch, certainly helped my group and I pick the fried chicken, pork chop, and noodle dishes that we all ordered.","['addition', 'photos', 'apps', 'dishes']","[{'term': 'addition', 'polarity': 'positive'}, {'term': 'photos', 'polarity': 'neutral'}, {'term': 'apps', 'polarity': 'neutral'}, {'term': 'dishes', 'polarity': 'neutral'}]","[{'category': 'general', 'polarity': 'neutral'}]",3281
"Super friendly and knowledgable waitstaff, fabulous service and a wonderful atmosphere with great views (the views were awesome!","Super friendly and knowledgable staff, fabulous bistro fare and a wonderful jazz brunch with great live jazz (the chilaquiles were awesome!","['waitstaff', 'service', 'atmosphere', 'views', 'views']","[{'term': 'waitstaff', 'polarity': 'positive'}, {'term': 'service', 'polarity': 'positive'}, {'term': 'atmosphere', 'polarity': 'positive'}, {'term': 'views', 'polarity': 'positive'}, {'term': 'views', 'polarity': 'positive'}]","[{'category': 'general', 'polarity': 'neutral'}]",3282
"Super friendly and knowledgable staff, fabulous service and a wonderful atmosphere with great staff (the servers were awesome!","Super friendly and knowledgable staff, fabulous bistro fare and a wonderful jazz brunch with great live jazz (the chilaquiles were awesome!","['staff', 'service', 'atmosphere', 'staff', 'servers']","[{'term': 'staff', 'polarity': 'positive'}, {'term': 'service', 'polarity': 'positive'}, {'term': 'atmosphere', 'polarity': 'positive'}, {'term': 'staff', 'polarity': 'positive'}, {'term': 'servers', 'polarity': 'positive'}]","[{'category': 'general', 'polarity': 'neutral'}]",3283
"Super friendly and knowledgable waiter, fabulous service and a wonderful atmosphere with great views (the views were awesome!","Super friendly and knowledgable staff, fabulous bistro fare and a wonderful jazz brunch with great live jazz (the chilaquiles were awesome!","['waiter', 'service', 'atmosphere', 'views', 'views']","[{'term': 'waiter', 'polarity': 'positive'}, {'term': 'service', 'polarity': 'positive'}, {'term': 'atmosphere', 'polarity': 'positive'}, {'term': 'views', 'polarity': 'positive'}, {'term': 'views', 'polarity': 'positive'}]","[{'category': 'general', 'polarity': 'neutral'}]",3284
"Super friendly and knowledgable waitstaff, fabulous atmosphere and a wonderful service with great prices (the food were awesome!","Super friendly and knowledgable staff, fabulous bistro fare and a wonderful jazz brunch with great live jazz (the chilaquiles were awesome!","['waitstaff', 'atmosphere', 'service', 'prices', 'food']","[{'term': 'waitstaff', 'polarity': 'positive'}, {'term': 'atmosphere', 'polarity': 'positive'}, {'term': 'service', 'polarity': 'positive'}, {'term': 'prices', 'polarity': 'positive'}, {'term': 'food', 'polarity': 'positive'}]","[{'category': 'general', 'polarity': 'neutral'}]",3285
"Super friendly and knowledgable waitstaff, fabulous decor and a wonderful atmosphere with great service (the prices were awesome!","Super friendly and knowledgable staff, fabulous bistro fare and a wonderful jazz brunch with great live jazz (the chilaquiles were awesome!","['waitstaff', 'decor', 'atmosphere', 'service', 'prices']","[{'term': 'waitstaff', 'polarity': 'positive'}, {'term': 'decor', 'polarity': 'positive'}, {'term': 'atmosphere', 'polarity': 'positive'}, {'term': 'service', 'polarity': 'positive'}, {'term': 'prices', 'polarity': 'positive'}]","[{'category': 'general', 'polarity': 'neutral'}]",3286
"Super friendly and knowledgable staff, fabulous service and a wonderful ambiance with great food (the prices were awesome!","Super friendly and knowledgable staff, fabulous bistro fare and a wonderful jazz brunch with great live jazz (the chilaquiles were awesome!","['staff', 'service', 'ambiance', 'food', 'prices']","[{'term': 'staff', 'polarity': 'positive'}, {'term': 'service', 'polarity': 'positive'}, {'term': 'ambiance', 'polarity': 'positive'}, {'term': 'food', 'polarity': 'positive'}, {'term': 'prices', 'polarity': 'positive'}]","[{'category': 'general', 'polarity': 'neutral'}]",3287
brick oven gallery is My pick for best pizzeria restaurant anywhere.,brick oven gallery is My pick for best pizza restaurant anywhere.,['pizzeria'],"[{'term': 'pizzeria', 'polarity': 'positive'}]","[{'category': 'general', 'polarity': 'neutral'}]",3289
brick oven gallery is My pick for best Italian restaurant anywhere.,brick oven gallery is My pick for best pizza restaurant anywhere.,['Italian'],"[{'term': 'Italian', 'polarity': 'positive'}]","[{'category': 'general', 'polarity': 'neutral'}]",3292
street at the end of a magnificent block.,Located at the end of a magnificent block.,['street'],"[{'term': 'street', 'polarity': 'positive'}]","[{'category': 'general', 'polarity': 'neutral'}]",3316
"I had a terrific dinner, and our server guided us toward a very nice restaurant in our hotel, instead of allowing us to purchase a similarly overpriced meal that wasn't as good.","I had a terrific meal, and our server guided us toward a very nice wine in our price range, instead of allowing us to purchase a similarly priced wine that wasn't as good.","['dinner', 'server', 'restaurant', 'hotel', 'overpriced', 'meal']","[{'term': 'dinner', 'polarity': 'positive'}, {'term': 'server', 'polarity': 'positive'}, {'term': 'restaurant', 'polarity': 'positive'}, {'term': 'hotel', 'polarity': 'negative'}, {'term': 'overpriced', 'polarity': 'positive'}, {'term': 'meal', 'polarity': 'neutral'}]","[{'category': 'general', 'polarity': 'neutral'}]",3318
"I had a terrific meal, and our server guided us toward a very nice restaurant in our neighborhood, instead of allowing us to purchase a similarly item dish that wasn't as good.","I had a terrific meal, and our server guided us toward a very nice wine in our price range, instead of allowing us to purchase a similarly priced wine that wasn't as good.","['meal', 'server', 'restaurant', 'neighborhood', 'item', 'dish']","[{'term': 'meal', 'polarity': 'positive'}, {'term': 'server', 'polarity': 'positive'}, {'term': 'restaurant', 'polarity': 'positive'}, {'term': 'neighborhood', 'polarity': 'negative'}, {'term': 'item', 'polarity': 'positive'}, {'term': 'dish', 'polarity': 'neutral'}]","[{'category': 'general', 'polarity': 'neutral'}]",3319
"I had a terrific dinner, and our server guided us toward a very nice restaurant in our neighborhood, instead of allowing us to purchase a similarly overpriced entree that wasn't as good.","I had a terrific meal, and our server guided us toward a very nice wine in our price range, instead of allowing us to purchase a similarly priced wine that wasn't as good.","['dinner', 'server', 'restaurant', 'neighborhood', 'overpriced', 'entree']","[{'term': 'dinner', 'polarity': 'positive'}, {'term': 'server', 'polarity': 'positive'}, {'term': 'restaurant', 'polarity': 'positive'}, {'term': 'neighborhood', 'polarity': 'negative'}, {'term': 'overpriced', 'polarity': 'positive'}, {'term': 'entree', 'polarity': 'neutral'}]","[{'category': 'general', 'polarity': 'neutral'}]",3320
"I had a terrific dinner, and our server guided us toward a very nice table in our neighborhood, instead of allowing us to purchase a similarly meal dish that wasn't as good.","I had a terrific meal, and our server guided us toward a very nice wine in our price range, instead of allowing us to purchase a similarly priced wine that wasn't as good.","['dinner', 'server', 'table', 'neighborhood', 'meal', 'dish']","[{'term': 'dinner', 'polarity': 'positive'}, {'term': 'server', 'polarity': 'positive'}, {'term': 'table', 'polarity': 'positive'}, {'term': 'neighborhood', 'polarity': 'negative'}, {'term': 'meal', 'polarity': 'positive'}, {'term': 'dish', 'polarity': 'neutral'}]","[{'category': 'general', 'polarity': 'neutral'}]",3321
"I had a terrific dinner, and our server guided us toward a very nice restaurant in our neighborhood, instead of allowing us to purchase a similarly expensive menu that wasn't as good.","I had a terrific meal, and our server guided us toward a very nice wine in our price range, instead of allowing us to purchase a similarly priced wine that wasn't as good.","['dinner', 'server', 'restaurant', 'neighborhood', 'expensive', 'menu']","[{'term': 'dinner', 'polarity': 'positive'}, {'term': 'server', 'polarity': 'positive'}, {'term': 'restaurant', 'polarity': 'positive'}, {'term': 'neighborhood', 'polarity': 'negative'}, {'term': 'expensive', 'polarity': 'positive'}, {'term': 'menu', 'polarity': 'neutral'}]","[{'category': 'general', 'polarity': 'neutral'}]",3322
"I had a terrific meal, and our server guided us toward a very nice restaurant in our neighborhood, instead of allowing us to purchase a similarly bottle bottle that wasn't as good.","I had a terrific meal, and our server guided us toward a very nice wine in our price range, instead of allowing us to purchase a similarly priced wine that wasn't as good.","['meal', 'server', 'restaurant', 'neighborhood', 'bottle', 'bottle']","[{'term': 'meal', 'polarity': 'positive'}, {'term': 'server', 'polarity': 'positive'}, {'term': 'restaurant', 'polarity': 'positive'}, {'term': 'neighborhood', 'polarity': 'negative'}, {'term': 'bottle', 'polarity': 'positive'}, {'term': 'bottle', 'polarity': 'neutral'}]","[{'category': 'general', 'polarity': 'neutral'}]",3323
They don't seem to place an emphasis on quality or fresh ingredients which to me is necessary for good food.,They don't seem to place an emphasis on specials or fresh ingredients which to me is necessary for good thai.,"['quality', 'ingredients', 'food']","[{'term': 'quality', 'polarity': 'negative'}, {'term': 'ingredients', 'polarity': 'negative'}, {'term': 'food', 'polarity': 'neutral'}]","[{'category': 'general', 'polarity': 'neutral'}]",3325
They don't seem to place an emphasis on ingredients or fresh produce which to me is necessary for good cuisine.,They don't seem to place an emphasis on specials or fresh ingredients which to me is necessary for good thai.,"['ingredients', 'produce', 'cuisine']","[{'term': 'ingredients', 'polarity': 'negative'}, {'term': 'produce', 'polarity': 'negative'}, {'term': 'cuisine', 'polarity': 'neutral'}]","[{'category': 'general', 'polarity': 'neutral'}]",3327
The food taste great.,The noodle and rices dishes taste great.,['food'],"[{'term': 'food', 'polarity': 'positive'}]","[{'category': 'general', 'polarity': 'neutral'}]",3332
They also have a patio open in the summer - cute and French with decorations - what more could you ask for?,They also have a back garden open in the summer - cute and French with outdoor seating - what more could you ask for?,"['patio', 'decorations']","[{'term': 'patio', 'polarity': 'positive'}, {'term': 'decorations', 'polarity': 'positive'}]","[{'category': 'general', 'polarity': 'neutral'}]",3339
They also have a cafe open in the summer - cute and French with patio - what more could you ask for?,They also have a back garden open in the summer - cute and French with outdoor seating - what more could you ask for?,"['cafe', 'patio']","[{'term': 'cafe', 'polarity': 'positive'}, {'term': 'patio', 'polarity': 'positive'}]","[{'category': 'general', 'polarity': 'neutral'}]",3341
"It's a shame that a nice, convenient restaurant like the Pink Pony can be so ruined by lousy waiter.","It's a shame that a nice, convenient place like the Pink Pony can be so ruined by lousy service.","['restaurant', 'waiter']","[{'term': 'restaurant', 'polarity': 'positive'}, {'term': 'waiter', 'polarity': 'negative'}]","[{'category': 'general', 'polarity': 'neutral'}]",3345
"This restaurant, however, has a lot less pretension than Joya and the cuisine is still above-average.","This place, however, has a lot less pretension than Joya and the Thai food is still above-average.","['restaurant', 'cuisine']","[{'term': 'restaurant', 'polarity': 'positive'}, {'term': 'cuisine', 'polarity': 'positive'}]","[{'category': 'general', 'polarity': 'neutral'}]",3356
And at the conclusion of this culinary nightmare the server was given to our server by knocking over a chair.,And at the conclusion of this culinary nightmare the check was given to our table by knocking over a glass of water.,"['server', 'server', 'chair']","[{'term': 'server', 'polarity': 'neutral'}, {'term': 'server', 'polarity': 'neutral'}, {'term': 'chair', 'polarity': 'neutral'}]","[{'category': 'general', 'polarity': 'neutral'}]",3360
And at the conclusion of this culinary nightmare the bill was given to our server by knocking over a water glass.,And at the conclusion of this culinary nightmare the check was given to our table by knocking over a glass of water.,"['bill', 'server', 'water glass']","[{'term': 'bill', 'polarity': 'neutral'}, {'term': 'server', 'polarity': 'neutral'}, {'term': 'water glass', 'polarity': 'neutral'}]","[{'category': 'general', 'polarity': 'neutral'}]",3361
And at the conclusion of this culinary nightmare the waiter was given to our server by knocking over a water glass.,And at the conclusion of this culinary nightmare the check was given to our table by knocking over a glass of water.,"['waiter', 'server', 'water glass']","[{'term': 'waiter', 'polarity': 'neutral'}, {'term': 'server', 'polarity': 'neutral'}, {'term': 'water glass', 'polarity': 'neutral'}]","[{'category': 'general', 'polarity': 'neutral'}]",3362
And at the conclusion of this culinary nightmare the server was given to our party by knocking over a water glass.,And at the conclusion of this culinary nightmare the check was given to our table by knocking over a glass of water.,"['server', 'party', 'water glass']","[{'term': 'server', 'polarity': 'neutral'}, {'term': 'party', 'polarity': 'neutral'}, {'term': 'water glass', 'polarity': 'neutral'}]","[{'category': 'general', 'polarity': 'neutral'}]",3363
And at the conclusion of this culinary nightmare the waiter was given to our server by knocking over a glass.,And at the conclusion of this culinary nightmare the check was given to our table by knocking over a glass of water.,"['waiter', 'server', 'glass']","[{'term': 'waiter', 'polarity': 'neutral'}, {'term': 'server', 'polarity': 'neutral'}, {'term': 'glass', 'polarity': 'neutral'}]","[{'category': 'general', 'polarity': 'neutral'}]",3364
And at the conclusion of this culinary nightmare the server was given to our server by knocking over a water glass.,And at the conclusion of this culinary nightmare the check was given to our table by knocking over a glass of water.,"['server', 'server', 'water glass']","[{'term': 'server', 'polarity': 'neutral'}, {'term': 'server', 'polarity': 'neutral'}, {'term': 'water glass', 'polarity': 'neutral'}]","[{'category': 'general', 'polarity': 'neutral'}]",3365
Delicious sandwiches at a great price but do not go here on a cold day and sit by the window.,Delicious food at a great price but do not go here on a cold day and sit by the front door.,"['sandwiches', 'price', 'window']","[{'term': 'sandwiches', 'polarity': 'positive'}, {'term': 'price', 'polarity': 'positive'}, {'term': 'window', 'polarity': 'neutral'}]","[{'category': 'general', 'polarity': 'neutral'}]",3373
Delicious waffles at a great price but do not go here on a cold day and sit by the window.,Delicious food at a great price but do not go here on a cold day and sit by the front door.,"['waffles', 'price', 'window']","[{'term': 'waffles', 'polarity': 'positive'}, {'term': 'price', 'polarity': 'positive'}, {'term': 'window', 'polarity': 'neutral'}]","[{'category': 'general', 'polarity': 'neutral'}]",3374
Delicious dishes at a great value but do not go here on a cold day and sit by the window.,Delicious food at a great price but do not go here on a cold day and sit by the front door.,"['dishes', 'value', 'window']","[{'term': 'dishes', 'polarity': 'positive'}, {'term': 'value', 'polarity': 'positive'}, {'term': 'window', 'polarity': 'neutral'}]","[{'category': 'general', 'polarity': 'neutral'}]",3377
"This restaurant has the best waitstaff I have seen anywhere in the northside of W'burg, and will impress whoever you bring there.","This place has the best interior I have seen anywhere in the northside of W'burg, and will impress whoever you bring there.","['restaurant', 'waitstaff']","[{'term': 'restaurant', 'polarity': 'positive'}, {'term': 'waitstaff', 'polarity': 'positive'}]","[{'category': 'general', 'polarity': 'neutral'}]",3380
"This restaurant has the best brunch I have seen anywhere in the northside of W'burg, and will impress whoever you bring there.","This place has the best interior I have seen anywhere in the northside of W'burg, and will impress whoever you bring there.","['restaurant', 'brunch']","[{'term': 'restaurant', 'polarity': 'positive'}, {'term': 'brunch', 'polarity': 'positive'}]","[{'category': 'general', 'polarity': 'neutral'}]",3381
Although be warned their hours and menu restaurants are different.,Although be warned their dinner menu to sit and take out prices are different.,"['hours', 'menu', 'restaurants']","[{'term': 'hours', 'polarity': 'neutral'}, {'term': 'menu', 'polarity': 'neutral'}, {'term': 'restaurants', 'polarity': 'neutral'}]","[{'category': 'general', 'polarity': 'neutral'}]",3390
Although be warned their menu and hours service are different.,Although be warned their dinner menu to sit and take out prices are different.,"['menu', 'hours', 'service']","[{'term': 'menu', 'polarity': 'neutral'}, {'term': 'hours', 'polarity': 'neutral'}, {'term': 'service', 'polarity': 'neutral'}]","[{'category': 'general', 'polarity': 'neutral'}]",3391
Although be warned their menu and hours times are different.,Although be warned their dinner menu to sit and take out prices are different.,"['menu', 'hours', 'times']","[{'term': 'menu', 'polarity': 'neutral'}, {'term': 'hours', 'polarity': 'neutral'}, {'term': 'times', 'polarity': 'neutral'}]","[{'category': 'general', 'polarity': 'neutral'}]",3392
Although be warned their menu and prices options are different.,Although be warned their dinner menu to sit and take out prices are different.,"['menu', 'prices', 'options']","[{'term': 'menu', 'polarity': 'neutral'}, {'term': 'prices', 'polarity': 'neutral'}, {'term': 'options', 'polarity': 'neutral'}]","[{'category': 'general', 'polarity': 'neutral'}]",3393
Although be warned their menu and hours prices are different.,Although be warned their dinner menu to sit and take out prices are different.,"['menu', 'hours', 'prices']","[{'term': 'menu', 'polarity': 'neutral'}, {'term': 'hours', 'polarity': 'neutral'}, {'term': 'prices', 'polarity': 'neutral'}]","[{'category': 'general', 'polarity': 'neutral'}]",3394
Although be warned their menu items and menu items prices are different.,Although be warned their dinner menu to sit and take out prices are different.,"['menu items', 'menu items', 'prices']","[{'term': 'menu items', 'polarity': 'neutral'}, {'term': 'menu items', 'polarity': 'neutral'}, {'term': 'prices', 'polarity': 'neutral'}]","[{'category': 'general', 'polarity': 'neutral'}]",3395
A cool hangout to hang with your friends for a couple of healthy hours and snacks.,A cool place to hang with your friends for a couple of healthy drinks and desserts.,"['hangout', 'hours', 'snacks']","[{'term': 'hangout', 'polarity': 'positive'}, {'term': 'hours', 'polarity': 'positive'}, {'term': 'snacks', 'polarity': 'positive'}]","[{'category': 'general', 'polarity': 'neutral'}]",3400
A cool bar to hang with your friends for a couple of healthy hours and snacks.,A cool place to hang with your friends for a couple of healthy drinks and desserts.,"['bar', 'hours', 'snacks']","[{'term': 'bar', 'polarity': 'positive'}, {'term': 'hours', 'polarity': 'positive'}, {'term': 'snacks', 'polarity': 'positive'}]","[{'category': 'general', 'polarity': 'neutral'}]",3401
"I like Mamoun's rolls as well, but side by side, Kati Rolls just produce tastier naan hands down.","I like Mamoun's food as well, but side by side, Kati Rolls just produce tastier food hands down.","['rolls', 'naan']","[{'term': 'rolls', 'polarity': 'positive'}, {'term': 'naan', 'polarity': 'positive'}]","[{'category': 'general', 'polarity': 'neutral'}]",3405
"I like Mamoun's rolls as well, but side by side, Kati Rolls just produce tastier kati hands down.","I like Mamoun's food as well, but side by side, Kati Rolls just produce tastier food hands down.","['rolls', 'kati']","[{'term': 'rolls', 'polarity': 'positive'}, {'term': 'kati', 'polarity': 'positive'}]","[{'category': 'general', 'polarity': 'neutral'}]",3406
But that wasn't the dish: a meal that resembled nothing I have ever had.,But that wasn't the icing on the cake: a tiramisu that resembled nothing I have ever had.,"['dish', 'meal']","[{'term': 'dish', 'polarity': 'negative'}, {'term': 'meal', 'polarity': 'negative'}]","[{'category': 'general', 'polarity': 'neutral'}]",3408
But that wasn't the course: a dish that resembled nothing I have ever had.,But that wasn't the icing on the cake: a tiramisu that resembled nothing I have ever had.,"['course', 'dish']","[{'term': 'course', 'polarity': 'negative'}, {'term': 'dish', 'polarity': 'negative'}]","[{'category': 'general', 'polarity': 'neutral'}]",3409
"No problem, no issues, plenty of comfort companionship, a great sofa to relax in an always busy Midtown.","No dress codes, no attitudes, plenty of comfort companionship, a great place to relax in an always busy Midtown.","['problem', 'issues', 'sofa']","[{'term': 'problem', 'polarity': 'positive'}, {'term': 'issues', 'polarity': 'positive'}, {'term': 'sofa', 'polarity': 'positive'}]","[{'category': 'general', 'polarity': 'neutral'}]",3420
"No dining, no drinking, plenty of comfort companionship, a great atmosphere to relax in an always busy Midtown.","No dress codes, no attitudes, plenty of comfort companionship, a great place to relax in an always busy Midtown.","['dining', 'drinking', 'atmosphere']","[{'term': 'dining', 'polarity': 'positive'}, {'term': 'drinking', 'polarity': 'positive'}, {'term': 'atmosphere', 'polarity': 'positive'}]","[{'category': 'general', 'polarity': 'neutral'}]",3421
"No dining, no drinks, plenty of comfort companionship, a great atmosphere to relax in an always busy Midtown.","No dress codes, no attitudes, plenty of comfort companionship, a great place to relax in an always busy Midtown.","['dining', 'drinks', 'atmosphere']","[{'term': 'dining', 'polarity': 'positive'}, {'term': 'drinks', 'polarity': 'positive'}, {'term': 'atmosphere', 'polarity': 'positive'}]","[{'category': 'general', 'polarity': 'neutral'}]",3422
"No tables, no seats, plenty of comfort companionship, a great atmosphere to relax in an always busy Midtown.","No dress codes, no attitudes, plenty of comfort companionship, a great place to relax in an always busy Midtown.","['tables', 'seats', 'atmosphere']","[{'term': 'tables', 'polarity': 'positive'}, {'term': 'seats', 'polarity': 'positive'}, {'term': 'atmosphere', 'polarity': 'positive'}]","[{'category': 'general', 'polarity': 'neutral'}]",3423
"No dining, no drinks, plenty of comfort companionship, a great sofa to relax in an always busy Midtown.","No dress codes, no attitudes, plenty of comfort companionship, a great place to relax in an always busy Midtown.","['dining', 'drinks', 'sofa']","[{'term': 'dining', 'polarity': 'positive'}, {'term': 'drinks', 'polarity': 'positive'}, {'term': 'sofa', 'polarity': 'positive'}]","[{'category': 'general', 'polarity': 'neutral'}]",3424
"No noise, no music, plenty of comfort companionship, a great atmosphere to relax in an always busy Midtown.","No dress codes, no attitudes, plenty of comfort companionship, a great place to relax in an always busy Midtown.","['noise', 'music', 'atmosphere']","[{'term': 'noise', 'polarity': 'positive'}, {'term': 'music', 'polarity': 'positive'}, {'term': 'atmosphere', 'polarity': 'positive'}]","[{'category': 'general', 'polarity': 'neutral'}]",3425
We ordered some dishes and curries from the Thai section of the buffet but nothing we got was Thai.,We ordered some beef and noodle soup dishes from the Thai section of the menu but nothing we got was Thai.,"['dishes', 'curries', 'buffet']","[{'term': 'dishes', 'polarity': 'negative'}, {'term': 'curries', 'polarity': 'negative'}, {'term': 'buffet', 'polarity': 'negative'}]","[{'category': 'general', 'polarity': 'neutral'}]",3426
We ordered some curries and dishes from the Thai section of the menu but nothing we got was Thai.,We ordered some beef and noodle soup dishes from the Thai section of the menu but nothing we got was Thai.,"['curries', 'dishes', 'menu']","[{'term': 'curries', 'polarity': 'negative'}, {'term': 'dishes', 'polarity': 'negative'}, {'term': 'menu', 'polarity': 'negative'}]","[{'category': 'general', 'polarity': 'neutral'}]",3430
You rarely have to wait for a table and the tables are full of habaneros and come super spicy if you ask for it.,"You rarely have to wait for a seat and the currys (masaman, green, red) are full of flavor and come super spicy if you ask for it.","['table', 'tables', 'habaneros']","[{'term': 'table', 'polarity': 'positive'}, {'term': 'tables', 'polarity': 'positive'}, {'term': 'habaneros', 'polarity': 'positive'}]","[{'category': 'general', 'polarity': 'neutral'}]",3445
You rarely have to wait for a table and the tables are full of flavors and come super spicy if you ask for it.,"You rarely have to wait for a seat and the currys (masaman, green, red) are full of flavor and come super spicy if you ask for it.","['table', 'tables', 'flavors']","[{'term': 'table', 'polarity': 'positive'}, {'term': 'tables', 'polarity': 'positive'}, {'term': 'flavors', 'polarity': 'positive'}]","[{'category': 'general', 'polarity': 'neutral'}]",3446
You rarely have to wait for a table and the tables are full of peppers and come super spicy if you ask for it.,"You rarely have to wait for a seat and the currys (masaman, green, red) are full of flavor and come super spicy if you ask for it.","['table', 'tables', 'peppers']","[{'term': 'table', 'polarity': 'positive'}, {'term': 'tables', 'polarity': 'positive'}, {'term': 'peppers', 'polarity': 'positive'}]","[{'category': 'general', 'polarity': 'neutral'}]",3447
You rarely have to wait for a table and the tables are full of hot sauces and come super spicy if you ask for it.,"You rarely have to wait for a seat and the currys (masaman, green, red) are full of flavor and come super spicy if you ask for it.","['table', 'tables', 'hot sauces']","[{'term': 'table', 'polarity': 'positive'}, {'term': 'tables', 'polarity': 'positive'}, {'term': 'hot sauces', 'polarity': 'positive'}]","[{'category': 'general', 'polarity': 'neutral'}]",3449
"However, I think this place is a good hang out hangout.","However, I think this place is a good hang out spot.",['hangout'],"[{'term': 'hangout', 'polarity': 'positive'}]","[{'category': 'general', 'polarity': 'neutral'}]",3454
A bit breezy up there on the balcony from the wind coming from the tracks.,A bit breezy up there on the mezzanine from the wind coming from the tracks.,['balcony'],"[{'term': 'balcony', 'polarity': 'negative'}]","[{'category': 'general', 'polarity': 'neutral'}]",3458
"If the omakase is to showcase technique and variety, focus almost 40% of items BBQ-ed and a dish wrapped with not-so-fresh herbs seems to be a rather limp performance.","If the omakase is to showcase technique and variety, serving almost 40% of items BBQ-ed and a spicy tuna roll wrapped with not-so-fresh nori seems to be a rather limp performance.","['focus', 'dish', 'herbs']","[{'term': 'focus', 'polarity': 'negative'}, {'term': 'dish', 'polarity': 'neutral'}, {'term': 'herbs', 'polarity': 'negative'}]","[{'category': 'general', 'polarity': 'neutral'}]",3462
"If the omakase is to showcase technique and variety, ingredients almost 40% of items BBQ-ed and a rolls wrapped with not-so-fresh cucumber seems to be a rather limp performance.","If the omakase is to showcase technique and variety, serving almost 40% of items BBQ-ed and a spicy tuna roll wrapped with not-so-fresh nori seems to be a rather limp performance.","['ingredients', 'rolls', 'cucumber']","[{'term': 'ingredients', 'polarity': 'negative'}, {'term': 'rolls', 'polarity': 'neutral'}, {'term': 'cucumber', 'polarity': 'negative'}]","[{'category': 'general', 'polarity': 'neutral'}]",3463
"If the omakase is to showcase technique and variety, undermines almost 40% of items BBQ-ed and a dish wrapped with not-so-fresh leaves seems to be a rather limp performance.","If the omakase is to showcase technique and variety, serving almost 40% of items BBQ-ed and a spicy tuna roll wrapped with not-so-fresh nori seems to be a rather limp performance.","['undermines', 'dish', 'leaves']","[{'term': 'undermines', 'polarity': 'negative'}, {'term': 'dish', 'polarity': 'neutral'}, {'term': 'leaves', 'polarity': 'negative'}]","[{'category': 'general', 'polarity': 'neutral'}]",3464
"If the omakase is to showcase technique and variety, contradict almost 40% of items BBQ-ed and a portion wrapped with not-so-fresh cabbage seems to be a rather limp performance.","If the omakase is to showcase technique and variety, serving almost 40% of items BBQ-ed and a spicy tuna roll wrapped with not-so-fresh nori seems to be a rather limp performance.","['contradict', 'portion', 'cabbage']","[{'term': 'contradict', 'polarity': 'negative'}, {'term': 'portion', 'polarity': 'neutral'}, {'term': 'cabbage', 'polarity': 'negative'}]","[{'category': 'general', 'polarity': 'neutral'}]",3465
"If the omakase is to showcase technique and variety, highlight almost 40% of items BBQ-ed and a dish wrapped with not-so-fresh leaves seems to be a rather limp performance.","If the omakase is to showcase technique and variety, serving almost 40% of items BBQ-ed and a spicy tuna roll wrapped with not-so-fresh nori seems to be a rather limp performance.","['highlight', 'dish', 'leaves']","[{'term': 'highlight', 'polarity': 'negative'}, {'term': 'dish', 'polarity': 'neutral'}, {'term': 'leaves', 'polarity': 'negative'}]","[{'category': 'general', 'polarity': 'neutral'}]",3466
"If the omakase is to showcase technique and variety, highlight almost 40% of items BBQ-ed and a dish wrapped with not-so-fresh basil seems to be a rather limp performance.","If the omakase is to showcase technique and variety, serving almost 40% of items BBQ-ed and a spicy tuna roll wrapped with not-so-fresh nori seems to be a rather limp performance.","['highlight', 'dish', 'basil']","[{'term': 'highlight', 'polarity': 'negative'}, {'term': 'dish', 'polarity': 'neutral'}, {'term': 'basil', 'polarity': 'negative'}]","[{'category': 'general', 'polarity': 'neutral'}]",3467
"It cannot be the restaurant, because the dining area is very cramped and some guests have to sit in an aisle.","It cannot be the ambience, because the place is very cramped and some guests have to sit in an aisle.","['restaurant', 'dining area', 'aisle']","[{'term': 'restaurant', 'polarity': 'negative'}, {'term': 'dining area', 'polarity': 'negative'}, {'term': 'aisle', 'polarity': 'negative'}]","[{'category': 'general', 'polarity': 'neutral'}]",3468
"It cannot be the restaurant, because the table is very cramped and some guests have to sit in an aisle.","It cannot be the ambience, because the place is very cramped and some guests have to sit in an aisle.","['restaurant', 'table', 'aisle']","[{'term': 'restaurant', 'polarity': 'negative'}, {'term': 'table', 'polarity': 'negative'}, {'term': 'aisle', 'polarity': 'negative'}]","[{'category': 'general', 'polarity': 'neutral'}]",3469
"It cannot be the kitchen, because the restaurant is very cramped and some guests have to sit in an aisle.","It cannot be the ambience, because the place is very cramped and some guests have to sit in an aisle.","['kitchen', 'restaurant', 'aisle']","[{'term': 'kitchen', 'polarity': 'negative'}, {'term': 'restaurant', 'polarity': 'negative'}, {'term': 'aisle', 'polarity': 'negative'}]","[{'category': 'general', 'polarity': 'neutral'}]",3470
"It cannot be the tables, because the aisle is very cramped and some guests have to sit in an backrooms.","It cannot be the ambience, because the place is very cramped and some guests have to sit in an aisle.","['tables', 'aisle', 'backrooms']","[{'term': 'tables', 'polarity': 'negative'}, {'term': 'aisle', 'polarity': 'negative'}, {'term': 'backrooms', 'polarity': 'negative'}]","[{'category': 'general', 'polarity': 'neutral'}]",3471
"It cannot be the table, because the restaurant is very cramped and some guests have to sit in an aisle.","It cannot be the ambience, because the place is very cramped and some guests have to sit in an aisle.","['table', 'restaurant', 'aisle']","[{'term': 'table', 'polarity': 'negative'}, {'term': 'restaurant', 'polarity': 'negative'}, {'term': 'aisle', 'polarity': 'negative'}]","[{'category': 'general', 'polarity': 'neutral'}]",3472
"It cannot be the restaurant, because the lobby is very cramped and some guests have to sit in an hallway.","It cannot be the ambience, because the place is very cramped and some guests have to sit in an aisle.","['restaurant', 'lobby', 'hallway']","[{'term': 'restaurant', 'polarity': 'negative'}, {'term': 'lobby', 'polarity': 'negative'}, {'term': 'hallway', 'polarity': 'negative'}]","[{'category': 'general', 'polarity': 'neutral'}]",3473
quality is top of the line but the rest of the menu is so diverse it gives you a chance to taste so manydifferent varietys.,Obv caviar is top of the line but the rest of the menu is so diverse it gives you a chance to taste so manydifferent varietys.,"['quality', 'menu']","[{'term': 'quality', 'polarity': 'positive'}, {'term': 'menu', 'polarity': 'positive'}]","[{'category': 'general', 'polarity': 'neutral'}]",3474
Best dining and steak in town!,Best drumsticks over rice and sour spicy soup in town!,"['dining', 'steak']","[{'term': 'dining', 'polarity': 'positive'}, {'term': 'steak', 'polarity': 'positive'}]","[{'category': 'general', 'polarity': 'neutral'}]",3482
Monday nights are a bargain at the $28 dinner - this includes a entree plus *three* drinks paired with each main course.,Monday nights are a bargain at the $28 prix fix - this includes a three course meal plus *three* glasses of wine paired with each course.,"['dinner', 'entree', 'drinks', 'main course']","[{'term': 'dinner', 'polarity': 'positive'}, {'term': 'entree', 'polarity': 'positive'}, {'term': 'drinks', 'polarity': 'positive'}, {'term': 'main course', 'polarity': 'neutral'}]","[{'category': 'general', 'polarity': 'neutral'}]",3488
Monday nights are a bargain at the $28 dinner - this includes a appetizer plus *three* drinks paired with each entree.,Monday nights are a bargain at the $28 prix fix - this includes a three course meal plus *three* glasses of wine paired with each course.,"['dinner', 'appetizer', 'drinks', 'entree']","[{'term': 'dinner', 'polarity': 'positive'}, {'term': 'appetizer', 'polarity': 'positive'}, {'term': 'drinks', 'polarity': 'positive'}, {'term': 'entree', 'polarity': 'neutral'}]","[{'category': 'general', 'polarity': 'neutral'}]",3489
Monday nights are a bargain at the $28 dinner - this includes a main course plus *three* appetizers paired with each entree.,Monday nights are a bargain at the $28 prix fix - this includes a three course meal plus *three* glasses of wine paired with each course.,"['dinner', 'main course', 'appetizers', 'entree']","[{'term': 'dinner', 'polarity': 'positive'}, {'term': 'main course', 'polarity': 'positive'}, {'term': 'appetizers', 'polarity': 'positive'}, {'term': 'entree', 'polarity': 'neutral'}]","[{'category': 'general', 'polarity': 'neutral'}]",3490
Monday nights are a bargain at the $28 dinner - this includes a entree plus *three* drinks paired with each course.,Monday nights are a bargain at the $28 prix fix - this includes a three course meal plus *three* glasses of wine paired with each course.,"['dinner', 'entree', 'drinks', 'course']","[{'term': 'dinner', 'polarity': 'positive'}, {'term': 'entree', 'polarity': 'positive'}, {'term': 'drinks', 'polarity': 'positive'}, {'term': 'course', 'polarity': 'neutral'}]","[{'category': 'general', 'polarity': 'neutral'}]",3491
"Stick to menu items, not super overpriced dishes.","Stick to dimsum, not super overpriced noodles.","['menu items', 'dishes']","[{'term': 'menu items', 'polarity': 'neutral'}, {'term': 'dishes', 'polarity': 'positive'}]","[{'category': 'general', 'polarity': 'neutral'}]",3498
"Stick to menu items, not super overpriced upscale dishes.","Stick to dimsum, not super overpriced noodles.","['menu items', 'upscale dishes']","[{'term': 'menu items', 'polarity': 'neutral'}, {'term': 'upscale dishes', 'polarity': 'positive'}]","[{'category': 'general', 'polarity': 'neutral'}]",3500
"Stick to menu, not super overpriced entrees.","Stick to dimsum, not super overpriced noodles.","['menu', 'entrees']","[{'term': 'menu', 'polarity': 'neutral'}, {'term': 'entrees', 'polarity': 'positive'}]","[{'category': 'general', 'polarity': 'neutral'}]",3501
"Stay away from the two specialty dishes on the menu, though- too much salt and sauce will fill you up right quick.","Stay away from the two specialty rolls on the menu, though- too much avocado and rice will fill you up right quick.","['dishes', 'menu', 'salt', 'sauce']","[{'term': 'dishes', 'polarity': 'negative'}, {'term': 'menu', 'polarity': 'neutral'}, {'term': 'salt', 'polarity': 'negative'}, {'term': 'sauce', 'polarity': 'negative'}]","[{'category': 'general', 'polarity': 'neutral'}]",3510
"Stay away from the two specialty dishes on the menu, though- too much spices and sauces will fill you up right quick.","Stay away from the two specialty rolls on the menu, though- too much avocado and rice will fill you up right quick.","['dishes', 'menu', 'spices', 'sauces']","[{'term': 'dishes', 'polarity': 'negative'}, {'term': 'menu', 'polarity': 'neutral'}, {'term': 'spices', 'polarity': 'negative'}, {'term': 'sauces', 'polarity': 'negative'}]","[{'category': 'general', 'polarity': 'neutral'}]",3512
"Stay away from the two specialty cocktails on the bar, though- too much sauce and spice will fill you up right quick.","Stay away from the two specialty rolls on the menu, though- too much avocado and rice will fill you up right quick.","['cocktails', 'bar', 'sauce', 'spice']","[{'term': 'cocktails', 'polarity': 'negative'}, {'term': 'bar', 'polarity': 'neutral'}, {'term': 'sauce', 'polarity': 'negative'}, {'term': 'spice', 'polarity': 'negative'}]","[{'category': 'general', 'polarity': 'neutral'}]",3513
"in an effort to increase turnover, the restaurant offers no discounts beyond the complimentary water.","in an effort to increase turnover, the restaurant offers no desserts beyond the complimentary espresso cup filled with chocolate mousse.","['discounts', 'water']","[{'term': 'discounts', 'polarity': 'positive'}, {'term': 'water', 'polarity': 'negative'}]","[{'category': 'general', 'polarity': 'neutral'}]",3516
"in an effort to increase turnover, the restaurant offers no refills beyond the complimentary water.","in an effort to increase turnover, the restaurant offers no desserts beyond the complimentary espresso cup filled with chocolate mousse.","['refills', 'water']","[{'term': 'refills', 'polarity': 'positive'}, {'term': 'water', 'polarity': 'negative'}]","[{'category': 'general', 'polarity': 'neutral'}]",3519
"in an effort to increase turnover, the restaurant offers no tips beyond the complimentary bread.","in an effort to increase turnover, the restaurant offers no desserts beyond the complimentary espresso cup filled with chocolate mousse.","['tips', 'bread']","[{'term': 'tips', 'polarity': 'positive'}, {'term': 'bread', 'polarity': 'negative'}]","[{'category': 'general', 'polarity': 'neutral'}]",3521
I've dined at Alain Ducasse's restaurant in Monte Carlo for half the price for the same excellent price tag experience.,I've dined at Alain Ducasse's restaurant in Monte Carlo for half the price for the same excellent dining experience.,"['price', 'price tag']","[{'term': 'price', 'polarity': 'positive'}, {'term': 'price tag', 'polarity': 'positive'}]","[{'category': 'general', 'polarity': 'neutral'}]",3523
I've dined at Alain Ducasse's restaurant in Monte Carlo for half the price for the same excellent price experience.,I've dined at Alain Ducasse's restaurant in Monte Carlo for half the price for the same excellent dining experience.,"['price', 'price']","[{'term': 'price', 'polarity': 'positive'}, {'term': 'price', 'polarity': 'positive'}]","[{'category': 'general', 'polarity': 'neutral'}]",3525
I've dined at Alain Ducasse's restaurant in Monte Carlo for half the years for the same excellent culinary experience.,I've dined at Alain Ducasse's restaurant in Monte Carlo for half the price for the same excellent dining experience.,"['years', 'culinary']","[{'term': 'years', 'polarity': 'positive'}, {'term': 'culinary', 'polarity': 'positive'}]","[{'category': 'general', 'polarity': 'neutral'}]",3527
"Good words, combination of all the hottest dishes weekende is relatively strict except on Fridays.","Good atmosphere, combination of all the hottest music dress code is relatively strict except on Fridays.","['words', 'dishes', 'weekend']","[{'term': 'words', 'polarity': 'positive'}, {'term': 'dishes', 'polarity': 'positive'}, {'term': 'weekend', 'polarity': 'negative'}]","[{'category': 'general', 'polarity': 'neutral'}]",3528
"Good dining, combination of all the hottest dishes eveninge is relatively strict except on Fridays.","Good atmosphere, combination of all the hottest music dress code is relatively strict except on Fridays.","['dining', 'dishes', 'evening']","[{'term': 'dining', 'polarity': 'positive'}, {'term': 'dishes', 'polarity': 'positive'}, {'term': 'evening', 'polarity': 'negative'}]","[{'category': 'general', 'polarity': 'neutral'}]",3529
"Good lunch, combination of all the hottest dishes servicee is relatively strict except on Fridays.","Good atmosphere, combination of all the hottest music dress code is relatively strict except on Fridays.","['lunch', 'dishes', 'service']","[{'term': 'lunch', 'polarity': 'positive'}, {'term': 'dishes', 'polarity': 'positive'}, {'term': 'service', 'polarity': 'negative'}]","[{'category': 'general', 'polarity': 'neutral'}]",3530
"Good reviews, combination of all the hottest dishes weekende is relatively strict except on Fridays.","Good atmosphere, combination of all the hottest music dress code is relatively strict except on Fridays.","['reviews', 'dishes', 'weekend']","[{'term': 'reviews', 'polarity': 'positive'}, {'term': 'dishes', 'polarity': 'positive'}, {'term': 'weekend', 'polarity': 'negative'}]","[{'category': 'general', 'polarity': 'neutral'}]",3531
"Good dining, combination of all the hottest peppers menue is relatively strict except on Fridays.","Good atmosphere, combination of all the hottest music dress code is relatively strict except on Fridays.","['dining', 'peppers', 'menu']","[{'term': 'dining', 'polarity': 'positive'}, {'term': 'peppers', 'polarity': 'positive'}, {'term': 'menu', 'polarity': 'negative'}]","[{'category': 'general', 'polarity': 'neutral'}]",3532
"Good dining, combination of all the hottest restaurants weekende is relatively strict except on Fridays.","Good atmosphere, combination of all the hottest music dress code is relatively strict except on Fridays.","['dining', 'restaurants', 'weekend']","[{'term': 'dining', 'polarity': 'positive'}, {'term': 'restaurants', 'polarity': 'positive'}, {'term': 'weekend', 'polarity': 'negative'}]","[{'category': 'general', 'polarity': 'neutral'}]",3533
"Grilled whole fish wonderful, great spicing.","Grilled whole fish wonderful, great spicing.",['fish'],"[{'term': 'fish', 'polarity': 'positive'}]","[{'category': 'general', 'polarity': 'neutral'}]",3543
I had been a regular due to the consistently good food and ease of ordering.,I had been a regular due to the consistently good food and ease of getting a table.,"['food', 'ordering']","[{'term': 'food', 'polarity': 'positive'}, {'term': 'ordering', 'polarity': 'positive'}]","[{'category': 'general', 'polarity': 'neutral'}]",3547
I had been a regular due to the consistently good cuisine and ease of ordering.,I had been a regular due to the consistently good food and ease of getting a table.,"['cuisine', 'ordering']","[{'term': 'cuisine', 'polarity': 'positive'}, {'term': 'ordering', 'polarity': 'positive'}]","[{'category': 'general', 'polarity': 'neutral'}]",3549
I had been a regular due to the consistently good service and ease of parking.,I had been a regular due to the consistently good food and ease of getting a table.,"['service', 'parking']","[{'term': 'service', 'polarity': 'positive'}, {'term': 'parking', 'polarity': 'positive'}]","[{'category': 'general', 'polarity': 'neutral'}]",3550
This authentic is the most Japanese it can ever get.,This place is the most Japanese it can ever get.,['authentic'],"[{'term': 'authentic', 'polarity': 'positive'}]","[{'category': 'general', 'polarity': 'neutral'}]",3556
Cozy romantic atmosphere with only around 15 tables at most.,Cozy romantic atomosphere with only around 15 tables at most.,"['atmosphere', 'tables']","[{'term': 'atmosphere', 'polarity': 'positive'}, {'term': 'tables', 'polarity': 'positive'}]","[{'category': 'general', 'polarity': 'neutral'}]",3560
Cozy romantic dining rooms with only around 15 tables at most.,Cozy romantic atomosphere with only around 15 tables at most.,"['dining rooms', 'tables']","[{'term': 'dining rooms', 'polarity': 'positive'}, {'term': 'tables', 'polarity': 'positive'}]","[{'category': 'general', 'polarity': 'neutral'}]",3561
"Good, because hey, it's more portions, but bad because portion is supposed to be smaller portion sizes so you can try out more dishes and smaller so that each dish is cheap.","Good, because hey, it's more food, but bad because dim sum is supposed to be smaller portions so you can try out more dishes and smaller so that each dish is cheap.","['portions', 'portion', 'portion sizes', 'dishes', 'dish']","[{'term': 'portions', 'polarity': 'negative'}, {'term': 'portion', 'polarity': 'positive'}, {'term': 'portion sizes', 'polarity': 'negative'}, {'term': 'dishes', 'polarity': 'neutral'}, {'term': 'dish', 'polarity': 'neutral'}]","[{'category': 'general', 'polarity': 'neutral'}]",3564
"Good, because hey, it's more flavors, but bad because portions is supposed to be smaller portion so you can try out more flavor and smaller so that each portion is cheap.","Good, because hey, it's more food, but bad because dim sum is supposed to be smaller portions so you can try out more dishes and smaller so that each dish is cheap.","['flavors', 'portions', 'portion', 'flavor', 'portion']","[{'term': 'flavors', 'polarity': 'negative'}, {'term': 'portions', 'polarity': 'positive'}, {'term': 'portion', 'polarity': 'negative'}, {'term': 'flavor', 'polarity': 'neutral'}, {'term': 'portion', 'polarity': 'neutral'}]","[{'category': 'general', 'polarity': 'neutral'}]",3566
"Good, because hey, it's more portion, but bad because portion is supposed to be smaller portions so you can try out more flavors and smaller so that each dish is cheap.","Good, because hey, it's more food, but bad because dim sum is supposed to be smaller portions so you can try out more dishes and smaller so that each dish is cheap.","['portion', 'portion', 'portions', 'flavors', 'dish']","[{'term': 'portion', 'polarity': 'negative'}, {'term': 'portion', 'polarity': 'positive'}, {'term': 'portions', 'polarity': 'negative'}, {'term': 'flavors', 'polarity': 'neutral'}, {'term': 'dish', 'polarity': 'neutral'}]","[{'category': 'general', 'polarity': 'neutral'}]",3569
"Even if the atmosphere wasn't this good, the service is a great restaurant to sit outside and relax.","Even if the food wasn't this good, the garden is a great place to sit outside and relax.","['atmosphere', 'service', 'restaurant']","[{'term': 'atmosphere', 'polarity': 'positive'}, {'term': 'service', 'polarity': 'positive'}, {'term': 'restaurant', 'polarity': 'positive'}]","[{'category': 'general', 'polarity': 'neutral'}]",3570
"Even if the ambiance wasn't this good, the restaurant is a great cafe to sit outside and relax.","Even if the food wasn't this good, the garden is a great place to sit outside and relax.","['ambiance', 'restaurant', 'cafe']","[{'term': 'ambiance', 'polarity': 'positive'}, {'term': 'restaurant', 'polarity': 'positive'}, {'term': 'cafe', 'polarity': 'positive'}]","[{'category': 'general', 'polarity': 'neutral'}]",3571
"Even if the ambience wasn't this good, the restaurant is a great spot to sit outside and relax.","Even if the food wasn't this good, the garden is a great place to sit outside and relax.","['ambience', 'restaurant', 'spot']","[{'term': 'ambience', 'polarity': 'positive'}, {'term': 'restaurant', 'polarity': 'positive'}, {'term': 'spot', 'polarity': 'positive'}]","[{'category': 'general', 'polarity': 'neutral'}]",3574
"Even if the restaurant wasn't this good, the patio is a great restaurant to sit outside and relax.","Even if the food wasn't this good, the garden is a great place to sit outside and relax.","['restaurant', 'patio', 'restaurant']","[{'term': 'restaurant', 'polarity': 'positive'}, {'term': 'patio', 'polarity': 'positive'}, {'term': 'restaurant', 'polarity': 'positive'}]","[{'category': 'general', 'polarity': 'neutral'}]",3575
The meat is fresh and each piece is sliced to perfection and seasoned by the chef (usually with a little fresh parsley and salt but also sometimes with some pepper).,The fish is fresh and each piece is sliced to perfection and seasoned by the sushi chef (usually with a little fresh wasabi and soy sauce but also sometimes with some sea salt).,"['meat', 'chef', 'parsley', 'salt', 'pepper']","[{'term': 'meat', 'polarity': 'positive'}, {'term': 'chef', 'polarity': 'positive'}, {'term': 'parsley', 'polarity': 'positive'}, {'term': 'salt', 'polarity': 'positive'}, {'term': 'pepper', 'polarity': 'positive'}]","[{'category': 'general', 'polarity': 'neutral'}]",3576
The meat is fresh and each piece is sliced to perfection and seasoned by the butcher (usually with a little fresh parsley and salt but also sometimes with some pepper).,The fish is fresh and each piece is sliced to perfection and seasoned by the sushi chef (usually with a little fresh wasabi and soy sauce but also sometimes with some sea salt).,"['meat', 'butcher', 'parsley', 'salt', 'pepper']","[{'term': 'meat', 'polarity': 'positive'}, {'term': 'butcher', 'polarity': 'positive'}, {'term': 'parsley', 'polarity': 'positive'}, {'term': 'salt', 'polarity': 'positive'}, {'term': 'pepper', 'polarity': 'positive'}]","[{'category': 'general', 'polarity': 'neutral'}]",3577
The herbs is fresh and each piece is sliced to perfection and seasoned by the chef (usually with a little fresh thyme and salt but also sometimes with some pepper).,The fish is fresh and each piece is sliced to perfection and seasoned by the sushi chef (usually with a little fresh wasabi and soy sauce but also sometimes with some sea salt).,"['herbs', 'chef', 'thyme', 'salt', 'pepper']","[{'term': 'herbs', 'polarity': 'positive'}, {'term': 'chef', 'polarity': 'positive'}, {'term': 'thyme', 'polarity': 'positive'}, {'term': 'salt', 'polarity': 'positive'}, {'term': 'pepper', 'polarity': 'positive'}]","[{'category': 'general', 'polarity': 'neutral'}]",3578
The herbs is fresh and each piece is sliced to perfection and seasoned by the chef (usually with a little fresh parsley and garlic but also sometimes with some salt).,The fish is fresh and each piece is sliced to perfection and seasoned by the sushi chef (usually with a little fresh wasabi and soy sauce but also sometimes with some sea salt).,"['herbs', 'chef', 'parsley', 'garlic', 'salt']","[{'term': 'herbs', 'polarity': 'positive'}, {'term': 'chef', 'polarity': 'positive'}, {'term': 'parsley', 'polarity': 'positive'}, {'term': 'garlic', 'polarity': 'positive'}, {'term': 'salt', 'polarity': 'positive'}]","[{'category': 'general', 'polarity': 'neutral'}]",3579
The salad is fresh and each piece is sliced to perfection and seasoned by the chef (usually with a little fresh basil and salt but also sometimes with some pepper).,The fish is fresh and each piece is sliced to perfection and seasoned by the sushi chef (usually with a little fresh wasabi and soy sauce but also sometimes with some sea salt).,"['salad', 'chef', 'basil', 'salt', 'pepper']","[{'term': 'salad', 'polarity': 'positive'}, {'term': 'chef', 'polarity': 'positive'}, {'term': 'basil', 'polarity': 'positive'}, {'term': 'salt', 'polarity': 'positive'}, {'term': 'pepper', 'polarity': 'positive'}]","[{'category': 'general', 'polarity': 'neutral'}]",3580
The meat is fresh and each piece is sliced to perfection and seasoned by the chef (usually with a little fresh thyme and salt but also sometimes with some pepper).,The fish is fresh and each piece is sliced to perfection and seasoned by the sushi chef (usually with a little fresh wasabi and soy sauce but also sometimes with some sea salt).,"['meat', 'chef', 'thyme', 'salt', 'pepper']","[{'term': 'meat', 'polarity': 'positive'}, {'term': 'chef', 'polarity': 'positive'}, {'term': 'thyme', 'polarity': 'positive'}, {'term': 'salt', 'polarity': 'positive'}, {'term': 'pepper', 'polarity': 'positive'}]","[{'category': 'general', 'polarity': 'neutral'}]",3581
Faan's got a great concept but a little rough on the execution.,Faan's got a great concept but a little rough on the delivery.,['execution'],"[{'term': 'execution', 'polarity': 'negative'}]","[{'category': 'general', 'polarity': 'neutral'}]",3596
"staff is friendly, and never had a problem walking in and sit.","service is friendly, and never had a problem walking in and getting a table.","['staff', 'sit']","[{'term': 'staff', 'polarity': 'positive'}, {'term': 'sit', 'polarity': 'positive'}]","[{'category': 'general', 'polarity': 'neutral'}]",3600
"waiter is friendly, and never had a problem walking in and getting seated.","service is friendly, and never had a problem walking in and getting a table.","['waiter', 'getting seated']","[{'term': 'waiter', 'polarity': 'positive'}, {'term': 'getting seated', 'polarity': 'positive'}]","[{'category': 'general', 'polarity': 'neutral'}]",3601
"staff is friendly, and never had a problem walking in and ordering.","service is friendly, and never had a problem walking in and getting a table.","['staff', 'ordering']","[{'term': 'staff', 'polarity': 'positive'}, {'term': 'ordering', 'polarity': 'positive'}]","[{'category': 'general', 'polarity': 'neutral'}]",3602
"staff is friendly, and never had a problem walking in and ask.","service is friendly, and never had a problem walking in and getting a table.","['staff', 'ask']","[{'term': 'staff', 'polarity': 'positive'}, {'term': 'ask', 'polarity': 'positive'}]","[{'category': 'general', 'polarity': 'neutral'}]",3603
"Waiter is friendly, and never had a problem walking in and ordering.","service is friendly, and never had a problem walking in and getting a table.","['Waiter', 'ordering']","[{'term': 'Waiter', 'polarity': 'positive'}, {'term': 'ordering', 'polarity': 'positive'}]","[{'category': 'general', 'polarity': 'neutral'}]",3604
"hostess is friendly, and never had a problem walking in and getting seated.","service is friendly, and never had a problem walking in and getting a table.","['hostess', 'getting seated']","[{'term': 'hostess', 'polarity': 'positive'}, {'term': 'getting seated', 'polarity': 'positive'}]","[{'category': 'general', 'polarity': 'neutral'}]",3605
"Our favorite dishes is a plate, the appetizer, and a good dessert.","Our favorite meal is a pesto pizza, the house salad, and a good bottle of wine.","['dishes', 'plate', 'appetizer', 'dessert']","[{'term': 'dishes', 'polarity': 'positive'}, {'term': 'plate', 'polarity': 'positive'}, {'term': 'appetizer', 'polarity': 'positive'}, {'term': 'dessert', 'polarity': 'positive'}]","[{'category': 'general', 'polarity': 'neutral'}]",3606
"Our favorite dishes is a course, the main, and a good dessert.","Our favorite meal is a pesto pizza, the house salad, and a good bottle of wine.","['dishes', 'course', 'main', 'dessert']","[{'term': 'dishes', 'polarity': 'positive'}, {'term': 'course', 'polarity': 'positive'}, {'term': 'main', 'polarity': 'positive'}, {'term': 'dessert', 'polarity': 'positive'}]","[{'category': 'general', 'polarity': 'neutral'}]",3607
"Our favorite dish is a restaurant, the ambiance, and a good service.","Our favorite meal is a pesto pizza, the house salad, and a good bottle of wine.","['dish', 'restaurant', 'ambiance', 'service']","[{'term': 'dish', 'polarity': 'positive'}, {'term': 'restaurant', 'polarity': 'positive'}, {'term': 'ambiance', 'polarity': 'positive'}, {'term': 'service', 'polarity': 'positive'}]","[{'category': 'general', 'polarity': 'neutral'}]",3608
"Our favorite dishes is a plate, the main course, and a good dessert.","Our favorite meal is a pesto pizza, the house salad, and a good bottle of wine.","['dishes', 'plate', 'main course', 'dessert']","[{'term': 'dishes', 'polarity': 'positive'}, {'term': 'plate', 'polarity': 'positive'}, {'term': 'main course', 'polarity': 'positive'}, {'term': 'dessert', 'polarity': 'positive'}]","[{'category': 'general', 'polarity': 'neutral'}]",3609
I went there in late afternoon for some bite size appetizers and appetizers with my date.,I went there in late afternoon for some bite size food and refleshment with my date.,"['appetizers', 'appetizers']","[{'term': 'appetizers', 'polarity': 'neutral'}, {'term': 'appetizers', 'polarity': 'neutral'}]","[{'category': 'general', 'polarity': 'neutral'}]",3612
The wine suggested dish that went very well with the pasta.,The waitress suggested glasses of wine that went very well with the food.,"['wine', 'dish', 'pasta']","[{'term': 'wine', 'polarity': 'positive'}, {'term': 'dish', 'polarity': 'neutral'}, {'term': 'pasta', 'polarity': 'positive'}]","[{'category': 'general', 'polarity': 'neutral'}]",3624
The pairing suggested wine that went very well with the dishes.,The waitress suggested glasses of wine that went very well with the food.,"['pairing', 'wine', 'dishes']","[{'term': 'pairing', 'polarity': 'positive'}, {'term': 'wine', 'polarity': 'neutral'}, {'term': 'dishes', 'polarity': 'positive'}]","[{'category': 'general', 'polarity': 'neutral'}]",3625
The wine suggested dish that went very well with the dessert.,The waitress suggested glasses of wine that went very well with the food.,"['wine', 'dish', 'dessert']","[{'term': 'wine', 'polarity': 'positive'}, {'term': 'dish', 'polarity': 'neutral'}, {'term': 'dessert', 'polarity': 'positive'}]","[{'category': 'general', 'polarity': 'neutral'}]",3628
The wine suggested pairing that went very well with the dishes.,The waitress suggested glasses of wine that went very well with the food.,"['wine', 'pairing', 'dishes']","[{'term': 'wine', 'polarity': 'positive'}, {'term': 'pairing', 'polarity': 'neutral'}, {'term': 'dishes', 'polarity': 'positive'}]","[{'category': 'general', 'polarity': 'neutral'}]",3629
Diner open at bistro table is a bummer....,Diner food at bistro prices is a bummer....,"['open', 'table']","[{'term': 'open', 'polarity': 'negative'}, {'term': 'table', 'polarity': 'negative'}]","[{'category': 'general', 'polarity': 'neutral'}]",3642
Diner opens at bistro La is a bummer....,Diner food at bistro prices is a bummer....,"['opens', 'La']","[{'term': 'opens', 'polarity': 'negative'}, {'term': 'La', 'polarity': 'negative'}]","[{'category': 'general', 'polarity': 'neutral'}]",3644
Diner wait at bistro waiting is a bummer....,Diner food at bistro prices is a bummer....,"['wait', 'waiting']","[{'term': 'wait', 'polarity': 'negative'}, {'term': 'waiting', 'polarity': 'negative'}]","[{'category': 'general', 'polarity': 'neutral'}]",3645
Diner service at bistro restaurant is a bummer....,Diner food at bistro prices is a bummer....,"['service', 'restaurant']","[{'term': 'service', 'polarity': 'negative'}, {'term': 'restaurant', 'polarity': 'negative'}]","[{'category': 'general', 'polarity': 'neutral'}]",3646
Diner opening hours at bistro restaurant is a bummer....,Diner food at bistro prices is a bummer....,"['opening hours', 'restaurant']","[{'term': 'opening hours', 'polarity': 'negative'}, {'term': 'restaurant', 'polarity': 'negative'}]","[{'category': 'general', 'polarity': 'neutral'}]",3647
Pair you wine with the excellent coffee or their well roasted tea.,Pair you food with the excellent beers on tap or their well priced wine list.,"['wine', 'coffee', 'roasted', 'tea']","[{'term': 'wine', 'polarity': 'neutral'}, {'term': 'coffee', 'polarity': 'positive'}, {'term': 'roasted', 'polarity': 'positive'}, {'term': 'tea', 'polarity': 'positive'}]","[{'category': 'general', 'polarity': 'neutral'}]",3648
Pair you wine with the excellent coffee or their well roasted dish.,Pair you food with the excellent beers on tap or their well priced wine list.,"['wine', 'coffee', 'roasted', 'dish']","[{'term': 'wine', 'polarity': 'neutral'}, {'term': 'coffee', 'polarity': 'positive'}, {'term': 'roasted', 'polarity': 'positive'}, {'term': 'dish', 'polarity': 'positive'}]","[{'category': 'general', 'polarity': 'neutral'}]",3649
Pair you forks with the excellent wine or their well seasoned dishes.,Pair you food with the excellent beers on tap or their well priced wine list.,"['forks', 'wine', 'seasoned', 'dishes']","[{'term': 'forks', 'polarity': 'neutral'}, {'term': 'wine', 'polarity': 'positive'}, {'term': 'seasoned', 'polarity': 'positive'}, {'term': 'dishes', 'polarity': 'positive'}]","[{'category': 'general', 'polarity': 'neutral'}]",3650
Pair you wine with the excellent coffee or their well roasted bread.,Pair you food with the excellent beers on tap or their well priced wine list.,"['wine', 'coffee', 'roasted', 'bread']","[{'term': 'wine', 'polarity': 'neutral'}, {'term': 'coffee', 'polarity': 'positive'}, {'term': 'roasted', 'polarity': 'positive'}, {'term': 'bread', 'polarity': 'positive'}]","[{'category': 'general', 'polarity': 'neutral'}]",3651
Friendly staff that actually lets you enjoy your meal and the company you're with.,Friendly staff that actually lets you enjoy your meal and the company you're with.,"['staff', 'meal']","[{'term': 'staff', 'polarity': 'positive'}, {'term': 'meal', 'polarity': 'positive'}]","[{'category': 'general', 'polarity': 'neutral'}]",3655
Friendly waiters that actually lets you enjoy your meal and the company you're with.,Friendly staff that actually lets you enjoy your meal and the company you're with.,"['waiters', 'meal']","[{'term': 'waiters', 'polarity': 'positive'}, {'term': 'meal', 'polarity': 'positive'}]","[{'category': 'general', 'polarity': 'neutral'}]",3658
Friendly atmosphere that actually lets you enjoy your meal and the company you're with.,Friendly staff that actually lets you enjoy your meal and the company you're with.,"['atmosphere', 'meal']","[{'term': 'atmosphere', 'polarity': 'positive'}, {'term': 'meal', 'polarity': 'positive'}]","[{'category': 'general', 'polarity': 'neutral'}]",3659
"Oh yes, and they lie on the phone, claiming they have stock, then of course the waiters are not available.","Oh yes, and they lie on the phone, claiming they have seating in the garden, then of course the seats are not available.","['stock', 'waiters']","[{'term': 'stock', 'polarity': 'neutral'}, {'term': 'waiters', 'polarity': 'neutral'}]","[{'category': 'general', 'polarity': 'neutral'}]",3664
"Oh yes, and they lie on the phone, claiming they have tables available, then of course the tables are not available.","Oh yes, and they lie on the phone, claiming they have seating in the garden, then of course the seats are not available.","['tables available', 'tables']","[{'term': 'tables available', 'polarity': 'neutral'}, {'term': 'tables', 'polarity': 'neutral'}]","[{'category': 'general', 'polarity': 'neutral'}]",3665
"The restuarant itself is not large, but seems to have several rooms to accomodate large groups hoping to save a buck to eat authentic dishes.","The restuarant itself is not large, but seems to have several round tables to accomodate large groups hoping to save a buck to eat authentic Taiwanese.","['rooms', 'dishes']","[{'term': 'rooms', 'polarity': 'positive'}, {'term': 'dishes', 'polarity': 'positive'}]","[{'category': 'general', 'polarity': 'neutral'}]",3669
"The dishes is delicious - from the first bite to the last, the portions are never a disappointment.","The food is delicious - from the specials to the regular menu-fare, the dishes are never a disappointment.","['dishes', 'first bite', 'last', 'portions']","[{'term': 'dishes', 'polarity': 'positive'}, {'term': 'first bite', 'polarity': 'positive'}, {'term': 'last', 'polarity': 'positive'}, {'term': 'portions', 'polarity': 'positive'}]","[{'category': 'general', 'polarity': 'neutral'}]",3672
"The dishes is delicious - from the appetizers to the main courses, the courses are never a disappointment.","The food is delicious - from the specials to the regular menu-fare, the dishes are never a disappointment.","['dishes', 'appetizers', 'main courses', 'courses']","[{'term': 'dishes', 'polarity': 'positive'}, {'term': 'appetizers', 'polarity': 'positive'}, {'term': 'main courses', 'polarity': 'positive'}, {'term': 'courses', 'polarity': 'positive'}]","[{'category': 'general', 'polarity': 'neutral'}]",3673
"The dishes is delicious - from the appetizers to the entrees, the waiters are never a disappointment.","The food is delicious - from the specials to the regular menu-fare, the dishes are never a disappointment.","['dishes', 'appetizers', 'entrees', 'waiters']","[{'term': 'dishes', 'polarity': 'positive'}, {'term': 'appetizers', 'polarity': 'positive'}, {'term': 'entrees', 'polarity': 'positive'}, {'term': 'waiters', 'polarity': 'positive'}]","[{'category': 'general', 'polarity': 'neutral'}]",3674
"The dishes is delicious - from the appetizers to the entrees, the options are never a disappointment.","The food is delicious - from the specials to the regular menu-fare, the dishes are never a disappointment.","['dishes', 'appetizers', 'entrees', 'options']","[{'term': 'dishes', 'polarity': 'positive'}, {'term': 'appetizers', 'polarity': 'positive'}, {'term': 'entrees', 'polarity': 'positive'}, {'term': 'options', 'polarity': 'positive'}]","[{'category': 'general', 'polarity': 'neutral'}]",3675
"The appetizers is delicious - from the menu to the presentation, the dishes are never a disappointment.","The food is delicious - from the specials to the regular menu-fare, the dishes are never a disappointment.","['appetizers', 'menu', 'presentation', 'dishes']","[{'term': 'appetizers', 'polarity': 'positive'}, {'term': 'menu', 'polarity': 'positive'}, {'term': 'presentation', 'polarity': 'positive'}, {'term': 'dishes', 'polarity': 'positive'}]","[{'category': 'general', 'polarity': 'neutral'}]",3676
"The wings is delicious - from the appetizers to the dishes, the dishes are never a disappointment.","The food is delicious - from the specials to the regular menu-fare, the dishes are never a disappointment.","['wings', 'appetizers', 'dishes', 'dishes']","[{'term': 'wings', 'polarity': 'positive'}, {'term': 'appetizers', 'polarity': 'positive'}, {'term': 'dishes', 'polarity': 'positive'}, {'term': 'dishes', 'polarity': 'positive'}]","[{'category': 'general', 'polarity': 'neutral'}]",3677
You can get an excellent curry at most of the many Indian restaurants on nearby Lexington Avenue for the price of one the dainty dim sums here.,You can get an excellent meal at most of the many Indian restaurants on nearby Lexington Avenue for the cost of one the dainty dishes here.,"['curry', 'price', 'dim sums']","[{'term': 'curry', 'polarity': 'positive'}, {'term': 'price', 'polarity': 'conflict'}, {'term': 'dim sums', 'polarity': 'positive'}]","[{'category': 'general', 'polarity': 'neutral'}]",3678
You can get an excellent dishes at most of the many Indian restaurants on nearby Lexington Avenue for the price of one the dainty samplers here.,You can get an excellent meal at most of the many Indian restaurants on nearby Lexington Avenue for the cost of one the dainty dishes here.,"['dishes', 'price', 'samplers']","[{'term': 'dishes', 'polarity': 'positive'}, {'term': 'price', 'polarity': 'conflict'}, {'term': 'samplers', 'polarity': 'positive'}]","[{'category': 'general', 'polarity': 'neutral'}]",3679
You can get an excellent curries at most of the many Indian restaurants on nearby Lexington Avenue for the price of one the dainty samosas here.,You can get an excellent meal at most of the many Indian restaurants on nearby Lexington Avenue for the cost of one the dainty dishes here.,"['curries', 'price', 'samosas']","[{'term': 'curries', 'polarity': 'positive'}, {'term': 'price', 'polarity': 'conflict'}, {'term': 'samosas', 'polarity': 'positive'}]","[{'category': 'general', 'polarity': 'neutral'}]",3680
You can get an excellent dishes at most of the many Indian restaurants on nearby Lexington Avenue for the price of one the dainty dumplings here.,You can get an excellent meal at most of the many Indian restaurants on nearby Lexington Avenue for the cost of one the dainty dishes here.,"['dishes', 'price', 'dumplings']","[{'term': 'dishes', 'polarity': 'positive'}, {'term': 'price', 'polarity': 'conflict'}, {'term': 'dumplings', 'polarity': 'positive'}]","[{'category': 'general', 'polarity': 'neutral'}]",3681
You can get an excellent curry at most of the many Indian restaurants on nearby Lexington Avenue for the price of one the dainty samosas here.,You can get an excellent meal at most of the many Indian restaurants on nearby Lexington Avenue for the cost of one the dainty dishes here.,"['curry', 'price', 'samosas']","[{'term': 'curry', 'polarity': 'positive'}, {'term': 'price', 'polarity': 'conflict'}, {'term': 'samosas', 'polarity': 'positive'}]","[{'category': 'general', 'polarity': 'neutral'}]",3682
You can get an excellent curry at most of the many Indian restaurants on nearby Lexington Avenue for the price of one the dainty dishes here.,You can get an excellent meal at most of the many Indian restaurants on nearby Lexington Avenue for the cost of one the dainty dishes here.,"['curry', 'price', 'dishes']","[{'term': 'curry', 'polarity': 'positive'}, {'term': 'price', 'polarity': 'conflict'}, {'term': 'dishes', 'polarity': 'positive'}]","[{'category': 'general', 'polarity': 'neutral'}]",3683
"Upon entering, we were greeted by the hosts, Steven and Frederick, who went out of their way to be more than gracious hosts.","Upon entering, we were greeted by the owners, Steven and Frederick, who went out of their way to be more than gracious hosts.","['hosts', 'hosts']","[{'term': 'hosts', 'polarity': 'positive'}, {'term': 'hosts', 'polarity': 'positive'}]","[{'category': 'general', 'polarity': 'neutral'}]",3684
"Upon entering, we were greeted by the host, Steven and Frederick, who went out of their way to be more than gracious hosts.","Upon entering, we were greeted by the owners, Steven and Frederick, who went out of their way to be more than gracious hosts.","['host', 'hosts']","[{'term': 'host', 'polarity': 'positive'}, {'term': 'hosts', 'polarity': 'positive'}]","[{'category': 'general', 'polarity': 'neutral'}]",3685
"if you're looking for perfect traditional Japanese, go here - if you're looking for interesting combinations, try gari's sushi of gari's (east side).","if you're looking for perfect traditional sushi, go here - if you're looking for interesting combinations, try sushi of gari's (east side).","['Japanese', ""gari's sushi""]","[{'term': 'Japanese', 'polarity': 'positive'}, {'term': ""gari's sushi"", 'polarity': 'positive'}]","[{'category': 'general', 'polarity': 'neutral'}]",3696
"if you're looking for perfect traditional sushi, go here - if you're looking for interesting combinations, try menus of gari's (east side).","if you're looking for perfect traditional sushi, go here - if you're looking for interesting combinations, try sushi of gari's (east side).","['sushi', 'menus']","[{'term': 'sushi', 'polarity': 'positive'}, {'term': 'menus', 'polarity': 'positive'}]","[{'category': 'general', 'polarity': 'neutral'}]",3697
"if you're looking for perfect traditional sushi, go here - if you're looking for interesting combinations, try fusion of gari's (east side).","if you're looking for perfect traditional sushi, go here - if you're looking for interesting combinations, try sushi of gari's (east side).","['sushi', 'fusion']","[{'term': 'sushi', 'polarity': 'positive'}, {'term': 'fusion', 'polarity': 'positive'}]","[{'category': 'general', 'polarity': 'neutral'}]",3699
Make order but expect to be delayed 15-20 minutes as the hostess was having difficulty seating guests who arrived with a tourists because they probably had a lot of walk ins being so close to Time Square.,Make reservations but expect to be delayed 15-20 minutes as the hosting staff was having difficulty seating guests who arrived with a reservation because they probably had a lot of walk ins being so close to Time Square.,"['order', 'hostess', 'seating', 'tourists']","[{'term': 'order', 'polarity': 'negative'}, {'term': 'hostess', 'polarity': 'negative'}, {'term': 'seating', 'polarity': 'neutral'}, {'term': 'tourists', 'polarity': 'negative'}]","[{'category': 'general', 'polarity': 'neutral'}]",3702
Make order but expect to be delayed 15-20 minutes as the hostess was having difficulty seating guests who arrived with a reservations because they probably had a lot of walk ins being so close to Time Square.,Make reservations but expect to be delayed 15-20 minutes as the hosting staff was having difficulty seating guests who arrived with a reservation because they probably had a lot of walk ins being so close to Time Square.,"['order', 'hostess', 'seating', 'reservations']","[{'term': 'order', 'polarity': 'negative'}, {'term': 'hostess', 'polarity': 'negative'}, {'term': 'seating', 'polarity': 'neutral'}, {'term': 'reservations', 'polarity': 'negative'}]","[{'category': 'general', 'polarity': 'neutral'}]",3703
Make order but expect to be delayed 15-20 minutes as the kitchen was having difficulty seating guests who arrived with a reservations because they probably had a lot of walk ins being so close to Time Square.,Make reservations but expect to be delayed 15-20 minutes as the hosting staff was having difficulty seating guests who arrived with a reservation because they probably had a lot of walk ins being so close to Time Square.,"['order', 'kitchen', 'seating', 'reservations']","[{'term': 'order', 'polarity': 'negative'}, {'term': 'kitchen', 'polarity': 'negative'}, {'term': 'seating', 'polarity': 'neutral'}, {'term': 'reservations', 'polarity': 'negative'}]","[{'category': 'general', 'polarity': 'neutral'}]",3704
Make order but expect to be delayed 15-20 minutes as the kitchen was having difficulty seating guests who arrived with a tourists because they probably had a lot of walk ins being so close to Time Square.,Make reservations but expect to be delayed 15-20 minutes as the hosting staff was having difficulty seating guests who arrived with a reservation because they probably had a lot of walk ins being so close to Time Square.,"['order', 'kitchen', 'seating', 'tourists']","[{'term': 'order', 'polarity': 'negative'}, {'term': 'kitchen', 'polarity': 'negative'}, {'term': 'seating', 'polarity': 'neutral'}, {'term': 'tourists', 'polarity': 'negative'}]","[{'category': 'general', 'polarity': 'neutral'}]",3705
Make order but expect to be delayed 15-20 minutes as the kitchen was having difficulty seating guests who arrived with a group because they probably had a lot of walk ins being so close to Time Square.,Make reservations but expect to be delayed 15-20 minutes as the hosting staff was having difficulty seating guests who arrived with a reservation because they probably had a lot of walk ins being so close to Time Square.,"['order', 'kitchen', 'seating', 'group']","[{'term': 'order', 'polarity': 'negative'}, {'term': 'kitchen', 'polarity': 'negative'}, {'term': 'seating', 'polarity': 'neutral'}, {'term': 'group', 'polarity': 'negative'}]","[{'category': 'general', 'polarity': 'neutral'}]",3706
Make reservations but expect to be delayed 15-20 minutes as the hostess was having difficulty seating guests who arrived with a  reservations because they probably had a lot of walk ins being so close to Time Square.,Make reservations but expect to be delayed 15-20 minutes as the hosting staff was having difficulty seating guests who arrived with a reservation because they probably had a lot of walk ins being so close to Time Square.,"['reservations', 'hostess', 'seating', ' reservations']","[{'term': 'reservations', 'polarity': 'negative'}, {'term': 'hostess', 'polarity': 'negative'}, {'term': 'seating', 'polarity': 'neutral'}, {'term': ' reservations', 'polarity': 'negative'}]","[{'category': 'general', 'polarity': 'neutral'}]",3707
"forks tend to forget forks completely, spoons are so tiny, two people have trouble sharing one spoon.","Waiters tend to forget drinks completely, food portions are so tiny, two people have trouble sharing one entree.","['forks', 'forks', 'spoons', 'spoon']","[{'term': 'forks', 'polarity': 'negative'}, {'term': 'forks', 'polarity': 'negative'}, {'term': 'spoons', 'polarity': 'neutral'}, {'term': 'spoon', 'polarity': 'negative'}]","[{'category': 'general', 'polarity': 'neutral'}]",3715
"appetizers tend to forget orders completely, diners are so tiny, two people have trouble sharing one portion.","Waiters tend to forget drinks completely, food portions are so tiny, two people have trouble sharing one entree.","['appetizers', 'orders', 'diners', 'portion']","[{'term': 'appetizers', 'polarity': 'negative'}, {'term': 'orders', 'polarity': 'negative'}, {'term': 'diners', 'polarity': 'neutral'}, {'term': 'portion', 'polarity': 'negative'}]","[{'category': 'general', 'polarity': 'neutral'}]",3716
"appetizers tend to forget portion completely, are are so tiny, two people have trouble sharing one fork.","Waiters tend to forget drinks completely, food portions are so tiny, two people have trouble sharing one entree.","['appetizers', 'portion', 'are', 'fork']","[{'term': 'appetizers', 'polarity': 'negative'}, {'term': 'portion', 'polarity': 'negative'}, {'term': 'are', 'polarity': 'neutral'}, {'term': 'fork', 'polarity': 'negative'}]","[{'category': 'general', 'polarity': 'neutral'}]",3717
"details tend to forget orders completely, they are so tiny, two people have trouble sharing one fork.","Waiters tend to forget drinks completely, food portions are so tiny, two people have trouble sharing one entree.","['details', 'orders', 'they', 'fork']","[{'term': 'details', 'polarity': 'negative'}, {'term': 'orders', 'polarity': 'negative'}, {'term': 'they', 'polarity': 'neutral'}, {'term': 'fork', 'polarity': 'negative'}]","[{'category': 'general', 'polarity': 'neutral'}]",3719
"Very romantic fires - I've literally spent hours at Lanterna, drinking wine from their extensive list and enjoying the ambiance.","Very romantic fires - I've literally spent hours at Lanterna, drinking wine from their extensive wine and enjoying the ambience.","['wine', 'list', 'ambiance']","[{'term': 'wine', 'polarity': 'positive'}, {'term': 'list', 'polarity': 'positive'}, {'term': 'ambiance', 'polarity': 'positive'}]","[{'category': 'general', 'polarity': 'neutral'}]",3720
"Very romantic fires - I've literally spent hours at Lanterna, drinking cocktails from their extensive wine list and enjoying the atmosphere.","Very romantic fires - I've literally spent hours at Lanterna, drinking wine from their extensive wine and enjoying the ambience.","['cocktails', 'wine list', 'atmosphere']","[{'term': 'cocktails', 'polarity': 'positive'}, {'term': 'wine list', 'polarity': 'positive'}, {'term': 'atmosphere', 'polarity': 'positive'}]","[{'category': 'general', 'polarity': 'neutral'}]",3722
"Very romantic fires - I've literally spent hours at Lanterna, drinking wine from their extensive wine list and enjoying the atmosphere.","Very romantic fires - I've literally spent hours at Lanterna, drinking wine from their extensive wine and enjoying the ambience.","['wine', 'wine list', 'atmosphere']","[{'term': 'wine', 'polarity': 'positive'}, {'term': 'wine list', 'polarity': 'positive'}, {'term': 'atmosphere', 'polarity': 'positive'}]","[{'category': 'general', 'polarity': 'neutral'}]",3724
"Very romantic fires - I've literally spent hours at Lanterna, drinking wine from their extensive list of wines and enjoying the atmosphere.","Very romantic fires - I've literally spent hours at Lanterna, drinking wine from their extensive wine and enjoying the ambience.","['wine', 'list of wines', 'atmosphere']","[{'term': 'wine', 'polarity': 'positive'}, {'term': 'list of wines', 'polarity': 'positive'}, {'term': 'atmosphere', 'polarity': 'positive'}]","[{'category': 'general', 'polarity': 'neutral'}]",3725
"But when you are seated the waiters are great, they explain everything on the menu, and the portion of the food is really cheap for the quality you get.","But when you are seated the waitresses are great, they explain everything on the menu, and the price of the food is really cheap for the service you get.","['waiters', 'menu', 'portion', 'food', 'quality']","[{'term': 'waiters', 'polarity': 'positive'}, {'term': 'menu', 'polarity': 'positive'}, {'term': 'portion', 'polarity': 'positive'}, {'term': 'food', 'polarity': 'neutral'}, {'term': 'quality', 'polarity': 'neutral'}]","[{'category': 'general', 'polarity': 'neutral'}]",3726
"But when you are seated the waiters are great, they explain everything on the menu, and the portion of the food is really cheap for the price you get.","But when you are seated the waitresses are great, they explain everything on the menu, and the price of the food is really cheap for the service you get.","['waiters', 'menu', 'portion', 'food', 'price']","[{'term': 'waiters', 'polarity': 'positive'}, {'term': 'menu', 'polarity': 'positive'}, {'term': 'portion', 'polarity': 'positive'}, {'term': 'food', 'polarity': 'neutral'}, {'term': 'price', 'polarity': 'neutral'}]","[{'category': 'general', 'polarity': 'neutral'}]",3727
"But when you are seated the waiters are great, they explain everything on the menu, and the portion of the food is really cheap for the value you get.","But when you are seated the waitresses are great, they explain everything on the menu, and the price of the food is really cheap for the service you get.","['waiters', 'menu', 'portion', 'food', 'value']","[{'term': 'waiters', 'polarity': 'positive'}, {'term': 'menu', 'polarity': 'positive'}, {'term': 'portion', 'polarity': 'positive'}, {'term': 'food', 'polarity': 'neutral'}, {'term': 'value', 'polarity': 'neutral'}]","[{'category': 'general', 'polarity': 'neutral'}]",3728
"But when you are seated the waiters are great, they explain everything on the menu, and the portion of the dish is really cheap for the food you get.","But when you are seated the waitresses are great, they explain everything on the menu, and the price of the food is really cheap for the service you get.","['waiters', 'menu', 'portion', 'dish', 'food']","[{'term': 'waiters', 'polarity': 'positive'}, {'term': 'menu', 'polarity': 'positive'}, {'term': 'portion', 'polarity': 'positive'}, {'term': 'dish', 'polarity': 'neutral'}, {'term': 'food', 'polarity': 'neutral'}]","[{'category': 'general', 'polarity': 'neutral'}]",3729
"But when you are seated the menu are great, they explain everything on the board, and the quality of the food is really cheap for the portion you get.","But when you are seated the waitresses are great, they explain everything on the menu, and the price of the food is really cheap for the service you get.","['menu', 'board', 'quality', 'food', 'portion']","[{'term': 'menu', 'polarity': 'positive'}, {'term': 'board', 'polarity': 'positive'}, {'term': 'quality', 'polarity': 'positive'}, {'term': 'food', 'polarity': 'neutral'}, {'term': 'portion', 'polarity': 'neutral'}]","[{'category': 'general', 'polarity': 'neutral'}]",3730
"But when you are seated the server are great, they explain everything on the menu, and the price of the portion is really cheap for the quality you get.","But when you are seated the waitresses are great, they explain everything on the menu, and the price of the food is really cheap for the service you get.","['server', 'menu', 'price', 'portion', 'quality']","[{'term': 'server', 'polarity': 'positive'}, {'term': 'menu', 'polarity': 'positive'}, {'term': 'price', 'polarity': 'positive'}, {'term': 'portion', 'polarity': 'neutral'}, {'term': 'quality', 'polarity': 'neutral'}]","[{'category': 'general', 'polarity': 'neutral'}]",3731
"Only dishes and utensils are clean, but the drinks are actually quite good.","Only wine and beer are served, but the house varities are actually quite good.","['dishes', 'utensils', 'clean', 'drinks']","[{'term': 'dishes', 'polarity': 'neutral'}, {'term': 'utensils', 'polarity': 'neutral'}, {'term': 'clean', 'polarity': 'positive'}, {'term': 'drinks', 'polarity': 'negative'}]","[{'category': 'general', 'polarity': 'neutral'}]",3732
"Only appetizers and entrees are recommended, but the dishes are actually quite good.","Only wine and beer are served, but the house varities are actually quite good.","['appetizers', 'entrees', 'recommended', 'dishes']","[{'term': 'appetizers', 'polarity': 'neutral'}, {'term': 'entrees', 'polarity': 'neutral'}, {'term': 'recommended', 'polarity': 'positive'}, {'term': 'dishes', 'polarity': 'negative'}]","[{'category': 'general', 'polarity': 'neutral'}]",3733
"Only appetizers and entrees are free, but the dishes are actually quite good.","Only wine and beer are served, but the house varities are actually quite good.","['appetizers', 'entrees', 'free', 'dishes']","[{'term': 'appetizers', 'polarity': 'neutral'}, {'term': 'entrees', 'polarity': 'neutral'}, {'term': 'free', 'polarity': 'positive'}, {'term': 'dishes', 'polarity': 'negative'}]","[{'category': 'general', 'polarity': 'neutral'}]",3734
"Only waiters and waitresses are friendly, but the staff are actually quite good.","Only wine and beer are served, but the house varities are actually quite good.","['waiters', 'waitresses', 'friendly', 'staff']","[{'term': 'waiters', 'polarity': 'neutral'}, {'term': 'waitresses', 'polarity': 'neutral'}, {'term': 'friendly', 'polarity': 'positive'}, {'term': 'staff', 'polarity': 'negative'}]","[{'category': 'general', 'polarity': 'neutral'}]",3735
"Only wings and drinks are free, but the appetizers are actually quite good.","Only wine and beer are served, but the house varities are actually quite good.","['wings', 'drinks', 'free', 'appetizers']","[{'term': 'wings', 'polarity': 'neutral'}, {'term': 'drinks', 'polarity': 'neutral'}, {'term': 'free', 'polarity': 'positive'}, {'term': 'appetizers', 'polarity': 'negative'}]","[{'category': 'general', 'polarity': 'neutral'}]",3736
"Only dishes and appetizers are fine, but the desserts are actually quite good.","Only wine and beer are served, but the house varities are actually quite good.","['dishes', 'appetizers', 'fine', 'desserts']","[{'term': 'dishes', 'polarity': 'neutral'}, {'term': 'appetizers', 'polarity': 'neutral'}, {'term': 'fine', 'polarity': 'positive'}, {'term': 'desserts', 'polarity': 'negative'}]","[{'category': 'general', 'polarity': 'neutral'}]",3737
"Great service, great food and awesome ambiance.","Great food, great lay out and awesome service.","['service', 'food', 'ambiance']","[{'term': 'service', 'polarity': 'positive'}, {'term': 'food', 'polarity': 'positive'}, {'term': 'ambiance', 'polarity': 'positive'}]","[{'category': 'general', 'polarity': 'neutral'}]",3738
"Great service, great food and awesome atmosphere.","Great food, great lay out and awesome service.","['service', 'food', 'atmosphere']","[{'term': 'service', 'polarity': 'positive'}, {'term': 'food', 'polarity': 'positive'}, {'term': 'atmosphere', 'polarity': 'positive'}]","[{'category': 'general', 'polarity': 'neutral'}]",3739
"Great food, great atmosphere and awesome music.","Great food, great lay out and awesome service.","['food', 'atmosphere', 'music']","[{'term': 'food', 'polarity': 'positive'}, {'term': 'atmosphere', 'polarity': 'positive'}, {'term': 'music', 'polarity': 'positive'}]","[{'category': 'general', 'polarity': 'neutral'}]",3741
"Great dishes, great service and awesome staff.","Great food, great lay out and awesome service.","['dishes', 'service', 'staff']","[{'term': 'dishes', 'polarity': 'positive'}, {'term': 'service', 'polarity': 'positive'}, {'term': 'staff', 'polarity': 'positive'}]","[{'category': 'general', 'polarity': 'neutral'}]",3742
"The portions changed, prices were even smaller than before, a dish was salty beyond edibility, a course lacked flavor.","The menu changed, portions were even smaller than before, a lentil dish was salty beyond edibility, a basmati rice dish lacked flavor.","['portions', 'prices', 'dish', 'course', 'flavor']","[{'term': 'portions', 'polarity': 'negative'}, {'term': 'prices', 'polarity': 'negative'}, {'term': 'dish', 'polarity': 'negative'}, {'term': 'course', 'polarity': 'negative'}, {'term': 'flavor', 'polarity': 'negative'}]","[{'category': 'general', 'polarity': 'neutral'}]",3746
"The quality changed, portions were even smaller than before, a dish was salty beyond edibility, a flavor lacked taste.","The menu changed, portions were even smaller than before, a lentil dish was salty beyond edibility, a basmati rice dish lacked flavor.","['quality', 'portions', 'dish', 'flavor', 'taste']","[{'term': 'quality', 'polarity': 'negative'}, {'term': 'portions', 'polarity': 'negative'}, {'term': 'dish', 'polarity': 'negative'}, {'term': 'flavor', 'polarity': 'negative'}, {'term': 'taste', 'polarity': 'negative'}]","[{'category': 'general', 'polarity': 'neutral'}]",3747
"The menu items changed, portions were even smaller than before, a dish was salty beyond edibility, a condiment lacked flavor.","The menu changed, portions were even smaller than before, a lentil dish was salty beyond edibility, a basmati rice dish lacked flavor.","['menu items', 'portions', 'dish', 'condiment', 'flavor']","[{'term': 'menu items', 'polarity': 'negative'}, {'term': 'portions', 'polarity': 'negative'}, {'term': 'dish', 'polarity': 'negative'}, {'term': 'condiment', 'polarity': 'negative'}, {'term': 'flavor', 'polarity': 'negative'}]","[{'category': 'general', 'polarity': 'neutral'}]",3749
"honey drizzled with honey, the caramel nicely highlighting the flavors's sweetness.","Fluke sashimi drizzled with jalapeno-lime olive oil, the fruit of the oil nicely highlighting the fish's sweetness.","['honey', 'honey', 'caramel', 'flavors']","[{'term': 'honey', 'polarity': 'positive'}, {'term': 'honey', 'polarity': 'positive'}, {'term': 'caramel', 'polarity': 'positive'}, {'term': 'flavors', 'polarity': 'positive'}]","[{'category': 'general', 'polarity': 'neutral'}]",3750
"honey drizzled with maple syrup, the waffles nicely highlighting the vanilla's sweetness.","Fluke sashimi drizzled with jalapeno-lime olive oil, the fruit of the oil nicely highlighting the fish's sweetness.","['honey', 'maple syrup', 'waffles', 'vanilla']","[{'term': 'honey', 'polarity': 'positive'}, {'term': 'maple syrup', 'polarity': 'positive'}, {'term': 'waffles', 'polarity': 'positive'}, {'term': 'vanilla', 'polarity': 'positive'}]","[{'category': 'general', 'polarity': 'neutral'}]",3751
"honey drizzled with honey, the cake nicely highlighting the flavor's sweetness.","Fluke sashimi drizzled with jalapeno-lime olive oil, the fruit of the oil nicely highlighting the fish's sweetness.","['honey', 'honey', 'cake', 'flavor']","[{'term': 'honey', 'polarity': 'positive'}, {'term': 'honey', 'polarity': 'positive'}, {'term': 'cake', 'polarity': 'positive'}, {'term': 'flavor', 'polarity': 'positive'}]","[{'category': 'general', 'polarity': 'neutral'}]",3752
"honey drizzled with maple syrup, the waffles nicely highlighting the fruit's sweetness.","Fluke sashimi drizzled with jalapeno-lime olive oil, the fruit of the oil nicely highlighting the fish's sweetness.","['honey', 'maple syrup', 'waffles', 'fruit']","[{'term': 'honey', 'polarity': 'positive'}, {'term': 'maple syrup', 'polarity': 'positive'}, {'term': 'waffles', 'polarity': 'positive'}, {'term': 'fruit', 'polarity': 'positive'}]","[{'category': 'general', 'polarity': 'neutral'}]",3753
"honey drizzled with honey, the flavors nicely highlighting the flavor's sweetness.","Fluke sashimi drizzled with jalapeno-lime olive oil, the fruit of the oil nicely highlighting the fish's sweetness.","['honey', 'honey', 'flavors', 'flavor']","[{'term': 'honey', 'polarity': 'positive'}, {'term': 'honey', 'polarity': 'positive'}, {'term': 'flavors', 'polarity': 'positive'}, {'term': 'flavor', 'polarity': 'positive'}]","[{'category': 'general', 'polarity': 'neutral'}]",3754
"honey drizzled with honey, the caramel nicely highlighting the flavor's sweetness.","Fluke sashimi drizzled with jalapeno-lime olive oil, the fruit of the oil nicely highlighting the fish's sweetness.","['honey', 'honey', 'caramel', 'flavor']","[{'term': 'honey', 'polarity': 'positive'}, {'term': 'honey', 'polarity': 'positive'}, {'term': 'caramel', 'polarity': 'positive'}, {'term': 'flavor', 'polarity': 'positive'}]","[{'category': 'general', 'polarity': 'neutral'}]",3755
The dishes were CHEAP compared to the quality of food and cuisine.,The prices were CHEAP compared to the quality of service and food.,"['dishes', 'food', 'cuisine']","[{'term': 'dishes', 'polarity': 'positive'}, {'term': 'food', 'polarity': 'positive'}, {'term': 'cuisine', 'polarity': 'positive'}]","[{'category': 'general', 'polarity': 'neutral'}]",3776
The dishes were CHEAP compared to the quality of food and drinks.,The prices were CHEAP compared to the quality of service and food.,"['dishes', 'food', 'drinks']","[{'term': 'dishes', 'polarity': 'positive'}, {'term': 'food', 'polarity': 'positive'}, {'term': 'drinks', 'polarity': 'positive'}]","[{'category': 'general', 'polarity': 'neutral'}]",3777
We had Pam's special fried fish and it was amazing.,We had Pam's special fried fish and it was amazing.,['calamari'],"[{'term': 'calamari', 'polarity': 'positive'}]","[{'category': 'general', 'polarity': 'neutral'}]",3783
"We made early reservations and were thoroughly impressed, reminds me of my grandfather, its old school Italian cooking with lots of fun stuff to admire.","We made early dinner reservations and were thoroughly impressed, reminds me of my grandfather, its old school Italian scenery with lots of fun stuff to admire.","['reservations', 'cooking']","[{'term': 'reservations', 'polarity': 'positive'}, {'term': 'cooking', 'polarity': 'positive'}]","[{'category': 'general', 'polarity': 'neutral'}]",3786
I am reluctant to write because I would not want my jem of a gem of a restaurant place to become overcrowded.,I am reluctant to write because I would not want my jem of a pizza place to become overcrowded.,['gem of a restaurant'],"[{'term': 'gem of a restaurant', 'polarity': 'positive'}]","[{'category': 'general', 'polarity': 'neutral'}]",3792
I am reluctant to write because I would not want my jem of a favorite restaurant place to become overcrowded.,I am reluctant to write because I would not want my jem of a pizza place to become overcrowded.,['favorite restaurant'],"[{'term': 'favorite restaurant', 'polarity': 'positive'}]","[{'category': 'general', 'polarity': 'neutral'}]",3793
I am reluctant to write because I would not want my jem of a hidden gem place to become overcrowded.,I am reluctant to write because I would not want my jem of a pizza place to become overcrowded.,['hidden gem'],"[{'term': 'hidden gem', 'polarity': 'positive'}]","[{'category': 'general', 'polarity': 'neutral'}]",3797
"The price is worth, so be prepared to spend at least $60 per person, but it is Well worth itsuperb price.","The menu is Prix Fixe, so be prepared to spend at least $60 per person, but it is Well worth itsuperb food.","['price', 'worth', 'price']","[{'term': 'price', 'polarity': 'negative'}, {'term': 'worth', 'polarity': 'positive'}, {'term': 'price', 'polarity': 'neutral'}]","[{'category': 'general', 'polarity': 'neutral'}]",3799
"The meal is expensive, so be prepared to spend at least $60 per person, but it is Well worth itsuperb value.","The menu is Prix Fixe, so be prepared to spend at least $60 per person, but it is Well worth itsuperb food.","['meal', 'expensive', 'value']","[{'term': 'meal', 'polarity': 'negative'}, {'term': 'expensive', 'polarity': 'positive'}, {'term': 'value', 'polarity': 'neutral'}]","[{'category': 'general', 'polarity': 'neutral'}]",3801
"The price is fine, so be prepared to spend at least $60 per person, but it is Well worth itsuperb dining.","The menu is Prix Fixe, so be prepared to spend at least $60 per person, but it is Well worth itsuperb food.","['price', 'fine', 'dining']","[{'term': 'price', 'polarity': 'negative'}, {'term': 'fine', 'polarity': 'positive'}, {'term': 'dining', 'polarity': 'neutral'}]","[{'category': 'general', 'polarity': 'neutral'}]",3802
"The price is expensive, so be prepared to spend at least $60 per person, but it is Well worth itsuperb dining.","The menu is Prix Fixe, so be prepared to spend at least $60 per person, but it is Well worth itsuperb food.","['price', 'expensive', 'dining']","[{'term': 'price', 'polarity': 'negative'}, {'term': 'expensive', 'polarity': 'positive'}, {'term': 'dining', 'polarity': 'neutral'}]","[{'category': 'general', 'polarity': 'neutral'}]",3803
"Everything is excellent, the forks is quite extensive, and you eat with a utensils on both sides of the city.","Everything is excellent, the menu is quite extensive, and you eat with a view on both sides of the city.","['forks', 'utensils']","[{'term': 'forks', 'polarity': 'positive'}, {'term': 'utensils', 'polarity': 'positive'}]","[{'category': 'general', 'polarity': 'neutral'}]",3815
"The tables wasn't too hard to find, but it was kind of packed, as soon as my boyfriend and I got our numbers, the line reached the door.","The place wasn't too hard to find, but it was kind of packed, as soon as my boyfriend and I got our food, the line reached the door.","['tables', 'numbers']","[{'term': 'tables', 'polarity': 'conflict'}, {'term': 'numbers', 'polarity': 'neutral'}]","[{'category': 'general', 'polarity': 'neutral'}]",3816
"The table wasn't too hard to find, but it was kind of packed, as soon as my boyfriend and I got our numbers, the line reached the door.","The place wasn't too hard to find, but it was kind of packed, as soon as my boyfriend and I got our food, the line reached the door.","['table', 'numbers']","[{'term': 'table', 'polarity': 'conflict'}, {'term': 'numbers', 'polarity': 'neutral'}]","[{'category': 'general', 'polarity': 'neutral'}]",3817
"The tables wasn't too hard to find, but it was kind of packed, as soon as my boyfriend and I got our table, the line reached the door.","The place wasn't too hard to find, but it was kind of packed, as soon as my boyfriend and I got our food, the line reached the door.","['tables', 'table']","[{'term': 'tables', 'polarity': 'conflict'}, {'term': 'table', 'polarity': 'neutral'}]","[{'category': 'general', 'polarity': 'neutral'}]",3818
"The restaurant wasn't too hard to find, but it was kind of packed, as soon as my boyfriend and I got our table, the line reached the door.","The place wasn't too hard to find, but it was kind of packed, as soon as my boyfriend and I got our food, the line reached the door.","['restaurant', 'table']","[{'term': 'restaurant', 'polarity': 'conflict'}, {'term': 'table', 'polarity': 'neutral'}]","[{'category': 'general', 'polarity': 'neutral'}]",3819
"The tables wasn't too hard to find, but it was kind of packed, as soon as my boyfriend and I got our food, the line reached the door.","The place wasn't too hard to find, but it was kind of packed, as soon as my boyfriend and I got our food, the line reached the door.","['tables', 'food']","[{'term': 'tables', 'polarity': 'conflict'}, {'term': 'food', 'polarity': 'neutral'}]","[{'category': 'general', 'polarity': 'neutral'}]",3821
"The food is also great, and my friend who grew up in Manhattan claims that no one can a better pizza.","The eggplant parmesan is also great, and my friend who grew up in Manhattan claims that no one serves a better baked ziti with meatsauce.","['food', 'can', 'pizza']","[{'term': 'food', 'polarity': 'positive'}, {'term': 'can', 'polarity': 'positive'}, {'term': 'pizza', 'polarity': 'positive'}]","[{'category': 'general', 'polarity': 'neutral'}]",3834
"The pizza is also great, and my friend who grew up in Manhattan claims that no one knows how to make a better slice.","The eggplant parmesan is also great, and my friend who grew up in Manhattan claims that no one serves a better baked ziti with meatsauce.","['pizza', 'knows how to make', 'slice']","[{'term': 'pizza', 'polarity': 'positive'}, {'term': 'knows how to make', 'polarity': 'positive'}, {'term': 'slice', 'polarity': 'positive'}]","[{'category': 'general', 'polarity': 'neutral'}]",3835
"The pizza is also great, and my friend who grew up in Manhattan claims that no one can a better New York-style.","The eggplant parmesan is also great, and my friend who grew up in Manhattan claims that no one serves a better baked ziti with meatsauce.","['pizza', 'can', 'New York-style']","[{'term': 'pizza', 'polarity': 'positive'}, {'term': 'can', 'polarity': 'positive'}, {'term': 'New York-style', 'polarity': 'positive'}]","[{'category': 'general', 'polarity': 'neutral'}]",3836
"The food is also great, and my friend who grew up in Manhattan claims that no one knows a better bagel.","The eggplant parmesan is also great, and my friend who grew up in Manhattan claims that no one serves a better baked ziti with meatsauce.","['food', 'knows', 'bagel']","[{'term': 'food', 'polarity': 'positive'}, {'term': 'knows', 'polarity': 'positive'}, {'term': 'bagel', 'polarity': 'positive'}]","[{'category': 'general', 'polarity': 'neutral'}]",3837
"The pastrami is also great, and my friend who grew up in Manhattan claims that no one make a better sandwich.","The eggplant parmesan is also great, and my friend who grew up in Manhattan claims that no one serves a better baked ziti with meatsauce.","['pastrami', 'make', 'sandwich']","[{'term': 'pastrami', 'polarity': 'positive'}, {'term': 'make', 'polarity': 'positive'}, {'term': 'sandwich', 'polarity': 'positive'}]","[{'category': 'general', 'polarity': 'neutral'}]",3838
"The pizza is also great, and my friend who grew up in Manhattan claims that no one knows a better New York-style.","The eggplant parmesan is also great, and my friend who grew up in Manhattan claims that no one serves a better baked ziti with meatsauce.","['pizza', 'knows', 'New York-style']","[{'term': 'pizza', 'polarity': 'positive'}, {'term': 'knows', 'polarity': 'positive'}, {'term': 'New York-style', 'polarity': 'positive'}]","[{'category': 'general', 'polarity': 'neutral'}]",3839
The ambiance is very romantic and definitely a good option to bring a date.,The ambience is very romantic and definitely a good place to bring a date.,"['ambiance', 'option']","[{'term': 'ambiance', 'polarity': 'positive'}, {'term': 'option', 'polarity': 'positive'}]","[{'category': 'general', 'polarity': 'neutral'}]",3841
The spot is very romantic and definitely a good place to bring a date.,The ambience is very romantic and definitely a good place to bring a date.,"['spot', 'place']","[{'term': 'spot', 'polarity': 'positive'}, {'term': 'place', 'polarity': 'positive'}]","[{'category': 'general', 'polarity': 'neutral'}]",3842
The ambiance is very romantic and definitely a good spot to bring a date.,The ambience is very romantic and definitely a good place to bring a date.,"['ambiance', 'spot']","[{'term': 'ambiance', 'polarity': 'positive'}, {'term': 'spot', 'polarity': 'positive'}]","[{'category': 'general', 'polarity': 'neutral'}]",3844
"The cuisine was very good, but not very thai.","The food was very good, but not very thai.",['cuisine'],"[{'term': 'cuisine', 'polarity': 'conflict'}]","[{'category': 'general', 'polarity': 'neutral'}]",3848
"Thalia is a beautiful restaurant with beautiful decorations you, but the service doesn't quite match up.","Thalia is a beautiful restaurant with beautiful people serving you, but the food doesn't quite match up.","['decorations', 'service']","[{'term': 'decorations', 'polarity': 'positive'}, {'term': 'service', 'polarity': 'negative'}]","[{'category': 'general', 'polarity': 'neutral'}]",3853
delicious simple sandwiches in nice outdoor seating area.,delicious simple food in nice outdoor atmosphere.,"['sandwiches', 'seating area']","[{'term': 'sandwiches', 'polarity': 'positive'}, {'term': 'seating area', 'polarity': 'positive'}]","[{'category': 'general', 'polarity': 'neutral'}]",3865
delicious simple dishes in nice outdoor seating.,delicious simple food in nice outdoor atmosphere.,"['dishes', 'seating']","[{'term': 'dishes', 'polarity': 'positive'}, {'term': 'seating', 'polarity': 'positive'}]","[{'category': 'general', 'polarity': 'neutral'}]",3869
"Went on a 3 day eating binge, with concert bringing up the closing, and I am so glad this was the last it O trip ended, because it was so great!","Went on a 3 day oyster binge, with Fish bringing up the closing, and I am so glad this was the place it O trip ended, because it was so great!","['eating', 'concert', 'last']","[{'term': 'eating', 'polarity': 'positive'}, {'term': 'concert', 'polarity': 'neutral'}, {'term': 'last', 'polarity': 'neutral'}]","[{'category': 'general', 'polarity': 'neutral'}]",3870
"Went on a 3 day vacation binge, with friend bringing up the closing, and I am so glad this was the first it O trip ended, because it was so great!","Went on a 3 day oyster binge, with Fish bringing up the closing, and I am so glad this was the place it O trip ended, because it was so great!","['vacation', 'friend', 'first']","[{'term': 'vacation', 'polarity': 'positive'}, {'term': 'friend', 'polarity': 'neutral'}, {'term': 'first', 'polarity': 'neutral'}]","[{'category': 'general', 'polarity': 'neutral'}]",3871
"Went on a 3 day foodie binge, with friend bringing up the closing, and I am so glad this was the first it O trip ended, because it was so great!","Went on a 3 day oyster binge, with Fish bringing up the closing, and I am so glad this was the place it O trip ended, because it was so great!","['foodie', 'friend', 'first']","[{'term': 'foodie', 'polarity': 'positive'}, {'term': 'friend', 'polarity': 'neutral'}, {'term': 'first', 'polarity': 'neutral'}]","[{'category': 'general', 'polarity': 'neutral'}]",3872
"Went on a 3 day food binge, with party bringing up the closing, and I am so glad this was the first it O trip ended, because it was so great!","Went on a 3 day oyster binge, with Fish bringing up the closing, and I am so glad this was the place it O trip ended, because it was so great!","['food', 'party', 'first']","[{'term': 'food', 'polarity': 'positive'}, {'term': 'party', 'polarity': 'neutral'}, {'term': 'first', 'polarity': 'neutral'}]","[{'category': 'general', 'polarity': 'neutral'}]",3874
"Went on a 3 day food binge, with chef bringing up the closing, and I am so glad this was the last it O trip ended, because it was so great!","Went on a 3 day oyster binge, with Fish bringing up the closing, and I am so glad this was the place it O trip ended, because it was so great!","['food', 'chef', 'last']","[{'term': 'food', 'polarity': 'positive'}, {'term': 'chef', 'polarity': 'neutral'}, {'term': 'last', 'polarity': 'neutral'}]","[{'category': 'general', 'polarity': 'neutral'}]",3875
20 minutes for our table but it gave us time to have a few drinks and enjoy our coffee and each other.,20 minutes for our reservation but it gave us time to have a few cocktails and enjoy our surroundings and each other.,"['table', 'drinks', 'coffee']","[{'term': 'table', 'polarity': 'negative'}, {'term': 'drinks', 'polarity': 'positive'}, {'term': 'coffee', 'polarity': 'positive'}]","[{'category': 'general', 'polarity': 'neutral'}]",3876
20 minutes for our wait but it gave us time to have a few drinks and enjoy our coffee and each other.,20 minutes for our reservation but it gave us time to have a few cocktails and enjoy our surroundings and each other.,"['wait', 'drinks', 'coffee']","[{'term': 'wait', 'polarity': 'negative'}, {'term': 'drinks', 'polarity': 'positive'}, {'term': 'coffee', 'polarity': 'positive'}]","[{'category': 'general', 'polarity': 'neutral'}]",3877
20 minutes for our wait but it gave us time to have a few coffee and enjoy our lunch and each other.,20 minutes for our reservation but it gave us time to have a few cocktails and enjoy our surroundings and each other.,"['wait', 'coffee', 'lunch']","[{'term': 'wait', 'polarity': 'negative'}, {'term': 'coffee', 'polarity': 'positive'}, {'term': 'lunch', 'polarity': 'positive'}]","[{'category': 'general', 'polarity': 'neutral'}]",3880
"We all had the tasting menu items and unlike some of the other reviews, I felt there was more than enough portion.","We all had the tasting menu and unlike some of the other reviews, I felt there was more than enough food.","['menu items', 'portion']","[{'term': 'menu items', 'polarity': 'positive'}, {'term': 'portion', 'polarity': 'positive'}]","[{'category': 'general', 'polarity': 'neutral'}]",3883
"We all had the tasting menu and unlike some of the other reviews, I felt there was more than enough food.","We all had the tasting menu and unlike some of the other reviews, I felt there was more than enough food.","['menu', 'food']","[{'term': 'menu', 'polarity': 'positive'}, {'term': 'food', 'polarity': 'positive'}]","[{'category': 'general', 'polarity': 'neutral'}]",3884
"The portions, dishes in small tasting bites (as an option) is very good with each course being better than the next.","The food, served in small tasting portions (as an option) is very good with each dish being better than the next.","['portions', 'dishes', 'bites', 'course']","[{'term': 'portions', 'polarity': 'positive'}, {'term': 'dishes', 'polarity': 'neutral'}, {'term': 'bites', 'polarity': 'positive'}, {'term': 'course', 'polarity': 'positive'}]","[{'category': 'general', 'polarity': 'neutral'}]",3888
"The waiter, serving in small tasting portions (as an option) is very good with each course being better than the next.","The food, served in small tasting portions (as an option) is very good with each dish being better than the next.","['waiter', 'serving', 'portions', 'course']","[{'term': 'waiter', 'polarity': 'positive'}, {'term': 'serving', 'polarity': 'neutral'}, {'term': 'portions', 'polarity': 'positive'}, {'term': 'course', 'polarity': 'positive'}]","[{'category': 'general', 'polarity': 'neutral'}]",3889
"The Portions, served in small tasting bites (as an option) is very good with each course being better than the next.","The food, served in small tasting portions (as an option) is very good with each dish being better than the next.","['Portions', 'served', 'bites', 'course']","[{'term': 'Portions', 'polarity': 'positive'}, {'term': 'served', 'polarity': 'neutral'}, {'term': 'bites', 'polarity': 'positive'}, {'term': 'course', 'polarity': 'positive'}]","[{'category': 'general', 'polarity': 'neutral'}]",3890
"The portion, portions in small tasting spoon (as an option) is very good with each course being better than the next.","The food, served in small tasting portions (as an option) is very good with each dish being better than the next.","['portion', 'portions', 'spoon', 'course']","[{'term': 'portion', 'polarity': 'positive'}, {'term': 'portions', 'polarity': 'neutral'}, {'term': 'spoon', 'polarity': 'positive'}, {'term': 'course', 'polarity': 'positive'}]","[{'category': 'general', 'polarity': 'neutral'}]",3893
"My waiter asked for appetizers for the group and the waitress gave us not only what we ordered, but some other items that were not ordered.","My host asked for appetizers for the group and the waiter gave us not only what we ordered, but some other items that were not ordered.","['waiter', 'appetizers', 'waitress']","[{'term': 'waiter', 'polarity': 'neutral'}, {'term': 'appetizers', 'polarity': 'neutral'}, {'term': 'waitress', 'polarity': 'neutral'}]","[{'category': 'general', 'polarity': 'neutral'}]",3895
"My waiter asked for menu for the group and the server gave us not only what we ordered, but some other items that were not ordered.","My host asked for appetizers for the group and the waiter gave us not only what we ordered, but some other items that were not ordered.","['waiter', 'menu', 'server']","[{'term': 'waiter', 'polarity': 'neutral'}, {'term': 'menu', 'polarity': 'neutral'}, {'term': 'server', 'polarity': 'neutral'}]","[{'category': 'general', 'polarity': 'neutral'}]",3897
"My waiter asked for specials for the group and the server gave us not only what we ordered, but some other items that were not ordered.","My host asked for appetizers for the group and the waiter gave us not only what we ordered, but some other items that were not ordered.","['waiter', 'specials', 'server']","[{'term': 'waiter', 'polarity': 'neutral'}, {'term': 'specials', 'polarity': 'neutral'}, {'term': 'server', 'polarity': 'neutral'}]","[{'category': 'general', 'polarity': 'neutral'}]",3898
I would highly recommend Nina's to anyone who wants to have a romantic dinner in a heart warming atmosphere filled with candles and family photographs.,I would highly recommend Nina's to anyone who wants to have a romantic dinner in a heart warming surrounding filled with candles and family pictures.,"['dinner', 'atmosphere', 'candles', 'photographs']","[{'term': 'dinner', 'polarity': 'positive'}, {'term': 'atmosphere', 'polarity': 'positive'}, {'term': 'candles', 'polarity': 'positive'}, {'term': 'photographs', 'polarity': 'positive'}]","[{'category': 'general', 'polarity': 'neutral'}]",3900
I would highly recommend Nina's to anyone who wants to have a romantic dinner in a heart warming atmosphere filled with flowers and family photos.,I would highly recommend Nina's to anyone who wants to have a romantic dinner in a heart warming surrounding filled with candles and family pictures.,"['dinner', 'atmosphere', 'flowers', 'photos']","[{'term': 'dinner', 'polarity': 'positive'}, {'term': 'atmosphere', 'polarity': 'positive'}, {'term': 'flowers', 'polarity': 'positive'}, {'term': 'photos', 'polarity': 'positive'}]","[{'category': 'general', 'polarity': 'neutral'}]",3901
I would highly recommend Nina's to anyone who wants to have a romantic dinner in a heart warming cozy filled with photos and family memories.,I would highly recommend Nina's to anyone who wants to have a romantic dinner in a heart warming surrounding filled with candles and family pictures.,"['dinner', 'cozy', 'photos', 'memories']","[{'term': 'dinner', 'polarity': 'positive'}, {'term': 'cozy', 'polarity': 'positive'}, {'term': 'photos', 'polarity': 'positive'}, {'term': 'memories', 'polarity': 'positive'}]","[{'category': 'general', 'polarity': 'neutral'}]",3902
I would highly recommend Nina's to anyone who wants to have a romantic dinner in a heart warming cozy filled with laughter and family atmosphere.,I would highly recommend Nina's to anyone who wants to have a romantic dinner in a heart warming surrounding filled with candles and family pictures.,"['dinner', 'cozy', 'laughter', 'atmosphere']","[{'term': 'dinner', 'polarity': 'positive'}, {'term': 'cozy', 'polarity': 'positive'}, {'term': 'laughter', 'polarity': 'positive'}, {'term': 'atmosphere', 'polarity': 'positive'}]","[{'category': 'general', 'polarity': 'neutral'}]",3903
I would highly recommend Nina's to anyone who wants to have a romantic dinner in a heart warming cozy filled with atmosphere and family vibes.,I would highly recommend Nina's to anyone who wants to have a romantic dinner in a heart warming surrounding filled with candles and family pictures.,"['dinner', 'cozy', 'atmosphere', 'vibes']","[{'term': 'dinner', 'polarity': 'positive'}, {'term': 'cozy', 'polarity': 'positive'}, {'term': 'atmosphere', 'polarity': 'positive'}, {'term': 'vibes', 'polarity': 'positive'}]","[{'category': 'general', 'polarity': 'neutral'}]",3904
I would highly recommend Nina's to anyone who wants to have a romantic dinner in a heart warming cozy filled with atmosphere and family photos.,I would highly recommend Nina's to anyone who wants to have a romantic dinner in a heart warming surrounding filled with candles and family pictures.,"['dinner', 'cozy', 'atmosphere', 'photos']","[{'term': 'dinner', 'polarity': 'positive'}, {'term': 'cozy', 'polarity': 'positive'}, {'term': 'atmosphere', 'polarity': 'positive'}, {'term': 'photos', 'polarity': 'positive'}]","[{'category': 'general', 'polarity': 'neutral'}]",3905
Although we were looking for regular sandwiches and some appetizers the entrees we got were great.,Although we were looking for regular lettuce and some walnuts the salads we got were great.,"['sandwiches', 'appetizers', 'entrees']","[{'term': 'sandwiches', 'polarity': 'positive'}, {'term': 'appetizers', 'polarity': 'neutral'}, {'term': 'entrees', 'polarity': 'neutral'}]","[{'category': 'general', 'polarity': 'neutral'}]",3907
Although we were looking for regular table service and some appetizers the servers we got were great.,Although we were looking for regular lettuce and some walnuts the salads we got were great.,"['table service', 'appetizers', 'servers']","[{'term': 'table service', 'polarity': 'positive'}, {'term': 'appetizers', 'polarity': 'neutral'}, {'term': 'servers', 'polarity': 'neutral'}]","[{'category': 'general', 'polarity': 'neutral'}]",3909
Although we were looking for regular sandwiches and some sides the appetizers we got were great.,Although we were looking for regular lettuce and some walnuts the salads we got were great.,"['sandwiches', 'sides', 'appetizers']","[{'term': 'sandwiches', 'polarity': 'positive'}, {'term': 'sides', 'polarity': 'neutral'}, {'term': 'appetizers', 'polarity': 'neutral'}]","[{'category': 'general', 'polarity': 'neutral'}]",3910
"If you're not familiar with the menu, you may encounter problems ordering here and be sure to bring plenty of cash with you as they don't accept credit cards.","If you're not familiar with the cuisine, you may encounter problems ordering here and be sure to bring plenty of cash with you as they don't accept credit cards.",['menu'],"[{'term': 'menu', 'polarity': 'negative'}]","[{'category': 'general', 'polarity': 'neutral'}]",3912
"If you're not familiar with the cashier, you may encounter problems ordering here and be sure to bring plenty of cash with you as they don't accept credit cards.","If you're not familiar with the cuisine, you may encounter problems ordering here and be sure to bring plenty of cash with you as they don't accept credit cards.",['cashier'],"[{'term': 'cashier', 'polarity': 'negative'}]","[{'category': 'general', 'polarity': 'neutral'}]",3917
"Little Tonino's is just awesome, our favorite delivery place in Kennsington, honestly the best pizzas I have ever had!","Little Tonino's is just awesome, our favorite delivery place in Kennsington, honestly the best Gnochi I have ever had!",['pizzas'],"[{'term': 'pizzas', 'polarity': 'positive'}]","[{'category': 'general', 'polarity': 'neutral'}]",3918
Try the martini -- classic (also available without vodka.),Try the Times Square cocktail -- ginger lemonade with vodka (also available without vodka.),"['martini', 'classic']","[{'term': 'martini', 'polarity': 'positive'}, {'term': 'classic', 'polarity': 'positive'}]","[{'category': 'general', 'polarity': 'neutral'}]",3924
Try the martini -- appetizer (also available without vodka.),Try the Times Square cocktail -- ginger lemonade with vodka (also available without vodka.),"['martini', 'appetizer']","[{'term': 'martini', 'polarity': 'positive'}, {'term': 'appetizer', 'polarity': 'positive'}]","[{'category': 'general', 'polarity': 'neutral'}]",3927
Try the appetizer -- martini (also available without vodka.),Try the Times Square cocktail -- ginger lemonade with vodka (also available without vodka.),"['appetizer', 'martini']","[{'term': 'appetizer', 'polarity': 'positive'}, {'term': 'martini', 'polarity': 'positive'}]","[{'category': 'general', 'polarity': 'neutral'}]",3928
Our tiny table for two (chair hung over edge) was right in the middle of one of the lanes of road.,Our tiny table for two (dinner plates hung over edge) was right in the middle of one of the lanes of waiter traffic.,"['table', 'chair', 'road']","[{'term': 'table', 'polarity': 'negative'}, {'term': 'chair', 'polarity': 'negative'}, {'term': 'road', 'polarity': 'negative'}]","[{'category': 'general', 'polarity': 'neutral'}]",3930
Our tiny table for two (tablecloth hung over edge) was right in the middle of one of the lanes of road.,Our tiny table for two (dinner plates hung over edge) was right in the middle of one of the lanes of waiter traffic.,"['table', 'tablecloth', 'road']","[{'term': 'table', 'polarity': 'negative'}, {'term': 'tablecloth', 'polarity': 'negative'}, {'term': 'road', 'polarity': 'negative'}]","[{'category': 'general', 'polarity': 'neutral'}]",3934
