aspect,polarity,prompt,raw_text,aspectTerms,aspectCategories,sentenceId
['droppings'],['Negative'],"**You are a critic who can generate comments on the specified aspect and sentiment
We would like you to complete a sentence generation task. Please follow these requirements:
- You need to use the sentiment,the aspect mentioned in the prompt
- Domain: Restaurants
- The generated sentence must be in length within 100 words.
- the sentence should not have aspect words that are not specified in the prompt
- DO NOT REPEAT the input text in the output
- PRINT ONLY THE ANSWER TEXT NO EXPLAINING NOTHING ELSE, MAKE SURE TO USE ASPECT WORDS IN THE OUTPUT
- examples:
### input ###
aspect: glass of wine
polarity: Neutral
### Output ###
We ordered a glass of wine and were finished eating and paying before the wine came.
### input ###
aspect: soup and sandwich meal, hot and sour soup
polarity: positive, Positive
### Output ###
For a savory take on the soup and sandwich meal, try the hot and sour soup.
### input ###
aspect: guac, flavor, fresh salsa
polarity:Positive, Negative, Neutral
### Output ###
The guac is fresh, yet lacking flavor, we like to add our fresh salsa into it.
### input ###
aspect: BANANA PUDDING, CRABCAKES, MAC AND CHEESE
polarity:Negative, Negative,Negative
### Output ###
THE BANANA PUDDING THEY SERVE HAS NEVER SEEN AN OVEN,THE CRABCAKES ARE WAY OVER SALTED AND DON'T GET ME STARTED ON THE VERY GREASY MAC AND CHEESE.
**Now complete this task like example with ONE SENTENCE:
### Input ###
aspect: droppings
polarity: Negative
###Output### ",The restaurant had a serious problem with bird droppings all over the outdoor seating area.,"[{'term': 'droppings', 'polarity': 'Negative'}]","[{'category': 'general', 'polarity': 'neutral'}]",1
['instrumentation'],['Negative'],"**You are a critic who can generate comments on the specified aspect and sentiment
We would like you to complete a sentence generation task. Please follow these requirements:
- You need to use the sentiment,the aspect mentioned in the prompt
- Domain: Restaurants
- The generated sentence must be in length within 100 words.
- the sentence should not have aspect words that are not specified in the prompt
- DO NOT REPEAT the input text in the output
- PRINT ONLY THE ANSWER TEXT NO EXPLAINING NOTHING ELSE, MAKE SURE TO USE ASPECT WORDS IN THE OUTPUT
- examples:
### input ###
aspect: glass of wine
polarity: Neutral
### Output ###
We ordered a glass of wine and were finished eating and paying before the wine came.
### input ###
aspect: soup and sandwich meal, hot and sour soup
polarity: positive, Positive
### Output ###
For a savory take on the soup and sandwich meal, try the hot and sour soup.
### input ###
aspect: guac, flavor, fresh salsa
polarity:Positive, Negative, Neutral
### Output ###
The guac is fresh, yet lacking flavor, we like to add our fresh salsa into it.
### input ###
aspect: BANANA PUDDING, CRABCAKES, MAC AND CHEESE
polarity:Negative, Negative,Negative
### Output ###
THE BANANA PUDDING THEY SERVE HAS NEVER SEEN AN OVEN,THE CRABCAKES ARE WAY OVER SALTED AND DON'T GET ME STARTED ON THE VERY GREASY MAC AND CHEESE.
**Now complete this task like example with ONE SENTENCE:
### Input ###
aspect: instrumentation
polarity: Negative
###Output### ",The live instrumentation was completely overshadowed by the overpowering DJ set.,"[{'term': 'instrumentation', 'polarity': 'Negative'}]","[{'category': 'general', 'polarity': 'neutral'}]",2
['phosphate'],['Positive'],"**You are a critic who can generate comments on the specified aspect and sentiment
We would like you to complete a sentence generation task. Please follow these requirements:
- You need to use the sentiment,the aspect mentioned in the prompt
- Domain: Restaurants
- The generated sentence must be in length within 100 words.
- the sentence should not have aspect words that are not specified in the prompt
- DO NOT REPEAT the input text in the output
- PRINT ONLY THE ANSWER TEXT NO EXPLAINING NOTHING ELSE, MAKE SURE TO USE ASPECT WORDS IN THE OUTPUT
- examples:
### input ###
aspect: glass of wine
polarity: Neutral
### Output ###
We ordered a glass of wine and were finished eating and paying before the wine came.
### input ###
aspect: soup and sandwich meal, hot and sour soup
polarity: positive, Positive
### Output ###
For a savory take on the soup and sandwich meal, try the hot and sour soup.
### input ###
aspect: guac, flavor, fresh salsa
polarity:Positive, Negative, Neutral
### Output ###
The guac is fresh, yet lacking flavor, we like to add our fresh salsa into it.
### input ###
aspect: BANANA PUDDING, CRABCAKES, MAC AND CHEESE
polarity:Negative, Negative,Negative
### Output ###
THE BANANA PUDDING THEY SERVE HAS NEVER SEEN AN OVEN,THE CRABCAKES ARE WAY OVER SALTED AND DON'T GET ME STARTED ON THE VERY GREASY MAC AND CHEESE.
**Now complete this task like example with ONE SENTENCE:
### Input ###
aspect: phosphate
polarity: Positive
###Output### ","The phosphate is a highlight of the menu, offering a delightful dining experience.","[{'term': 'phosphate', 'polarity': 'Positive'}]","[{'category': 'general', 'polarity': 'neutral'}]",4
['pee'],['Neutral'],"**You are a critic who can generate comments on the specified aspect and sentiment
We would like you to complete a sentence generation task. Please follow these requirements:
- You need to use the sentiment,the aspect mentioned in the prompt
- Domain: Restaurants
- The generated sentence must be in length within 100 words.
- the sentence should not have aspect words that are not specified in the prompt
- DO NOT REPEAT the input text in the output
- PRINT ONLY THE ANSWER TEXT NO EXPLAINING NOTHING ELSE, MAKE SURE TO USE ASPECT WORDS IN THE OUTPUT
- examples:
### input ###
aspect: glass of wine
polarity: Neutral
### Output ###
We ordered a glass of wine and were finished eating and paying before the wine came.
### input ###
aspect: soup and sandwich meal, hot and sour soup
polarity: positive, Positive
### Output ###
For a savory take on the soup and sandwich meal, try the hot and sour soup.
### input ###
aspect: guac, flavor, fresh salsa
polarity:Positive, Negative, Neutral
### Output ###
The guac is fresh, yet lacking flavor, we like to add our fresh salsa into it.
### input ###
aspect: BANANA PUDDING, CRABCAKES, MAC AND CHEESE
polarity:Negative, Negative,Negative
### Output ###
THE BANANA PUDDING THEY SERVE HAS NEVER SEEN AN OVEN,THE CRABCAKES ARE WAY OVER SALTED AND DON'T GET ME STARTED ON THE VERY GREASY MAC AND CHEESE.
**Now complete this task like example with ONE SENTENCE:
### Input ###
aspect: pee
polarity: Neutral
###Output### ",We were surprised to find that the restroom facilities included a functioning toilet that allowed for a normal pee experience.,"[{'term': 'pee', 'polarity': 'Neutral'}]","[{'category': 'general', 'polarity': 'neutral'}]",5
['ravigote'],['Negative'],"**You are a critic who can generate comments on the specified aspect and sentiment
We would like you to complete a sentence generation task. Please follow these requirements:
- You need to use the sentiment,the aspect mentioned in the prompt
- Domain: Restaurants
- The generated sentence must be in length within 100 words.
- the sentence should not have aspect words that are not specified in the prompt
- DO NOT REPEAT the input text in the output
- PRINT ONLY THE ANSWER TEXT NO EXPLAINING NOTHING ELSE, MAKE SURE TO USE ASPECT WORDS IN THE OUTPUT
- examples:
### input ###
aspect: glass of wine
polarity: Neutral
### Output ###
We ordered a glass of wine and were finished eating and paying before the wine came.
### input ###
aspect: soup and sandwich meal, hot and sour soup
polarity: positive, Positive
### Output ###
For a savory take on the soup and sandwich meal, try the hot and sour soup.
### input ###
aspect: guac, flavor, fresh salsa
polarity:Positive, Negative, Neutral
### Output ###
The guac is fresh, yet lacking flavor, we like to add our fresh salsa into it.
### input ###
aspect: BANANA PUDDING, CRABCAKES, MAC AND CHEESE
polarity:Negative, Negative,Negative
### Output ###
THE BANANA PUDDING THEY SERVE HAS NEVER SEEN AN OVEN,THE CRABCAKES ARE WAY OVER SALTED AND DON'T GET ME STARTED ON THE VERY GREASY MAC AND CHEESE.
**Now complete this task like example with ONE SENTENCE:
### Input ###
aspect: ravigote
polarity: Negative
###Output### ",The ravigote was overpowered by other flavors on the plate.,"[{'term': 'ravigote', 'polarity': 'Negative'}]","[{'category': 'general', 'polarity': 'neutral'}]",7
['parsley'],['Positive'],"**You are a critic who can generate comments on the specified aspect and sentiment
We would like you to complete a sentence generation task. Please follow these requirements:
- You need to use the sentiment,the aspect mentioned in the prompt
- Domain: Restaurants
- The generated sentence must be in length within 100 words.
- the sentence should not have aspect words that are not specified in the prompt
- DO NOT REPEAT the input text in the output
- PRINT ONLY THE ANSWER TEXT NO EXPLAINING NOTHING ELSE, MAKE SURE TO USE ASPECT WORDS IN THE OUTPUT
- examples:
### input ###
aspect: glass of wine
polarity: Neutral
### Output ###
We ordered a glass of wine and were finished eating and paying before the wine came.
### input ###
aspect: soup and sandwich meal, hot and sour soup
polarity: positive, Positive
### Output ###
For a savory take on the soup and sandwich meal, try the hot and sour soup.
### input ###
aspect: guac, flavor, fresh salsa
polarity:Positive, Negative, Neutral
### Output ###
The guac is fresh, yet lacking flavor, we like to add our fresh salsa into it.
### input ###
aspect: BANANA PUDDING, CRABCAKES, MAC AND CHEESE
polarity:Negative, Negative,Negative
### Output ###
THE BANANA PUDDING THEY SERVE HAS NEVER SEEN AN OVEN,THE CRABCAKES ARE WAY OVER SALTED AND DON'T GET ME STARTED ON THE VERY GREASY MAC AND CHEESE.
**Now complete this task like example with ONE SENTENCE:
### Input ###
aspect: parsley
polarity: Positive
###Output### ",The garnish of parsley adds a delightful freshness to the dish.,"[{'term': 'parsley', 'polarity': 'Positive'}]","[{'category': 'general', 'polarity': 'neutral'}]",8
['organization'],['Positive'],"**You are a critic who can generate comments on the specified aspect and sentiment
We would like you to complete a sentence generation task. Please follow these requirements:
- You need to use the sentiment,the aspect mentioned in the prompt
- Domain: Restaurants
- The generated sentence must be in length within 100 words.
- the sentence should not have aspect words that are not specified in the prompt
- DO NOT REPEAT the input text in the output
- PRINT ONLY THE ANSWER TEXT NO EXPLAINING NOTHING ELSE, MAKE SURE TO USE ASPECT WORDS IN THE OUTPUT
- examples:
### input ###
aspect: glass of wine
polarity: Neutral
### Output ###
We ordered a glass of wine and were finished eating and paying before the wine came.
### input ###
aspect: soup and sandwich meal, hot and sour soup
polarity: positive, Positive
### Output ###
For a savory take on the soup and sandwich meal, try the hot and sour soup.
### input ###
aspect: guac, flavor, fresh salsa
polarity:Positive, Negative, Neutral
### Output ###
The guac is fresh, yet lacking flavor, we like to add our fresh salsa into it.
### input ###
aspect: BANANA PUDDING, CRABCAKES, MAC AND CHEESE
polarity:Negative, Negative,Negative
### Output ###
THE BANANA PUDDING THEY SERVE HAS NEVER SEEN AN OVEN,THE CRABCAKES ARE WAY OVER SALTED AND DON'T GET ME STARTED ON THE VERY GREASY MAC AND CHEESE.
**Now complete this task like example with ONE SENTENCE:
### Input ###
aspect: organization
polarity: Positive
###Output### ",The restaurant's organization allows for a seamless and efficient dining experience.,"[{'term': 'organization', 'polarity': 'Positive'}]","[{'category': 'general', 'polarity': 'neutral'}]",9
['barkeeper'],['Positive'],"**You are a critic who can generate comments on the specified aspect and sentiment
We would like you to complete a sentence generation task. Please follow these requirements:
- You need to use the sentiment,the aspect mentioned in the prompt
- Domain: Restaurants
- The generated sentence must be in length within 100 words.
- the sentence should not have aspect words that are not specified in the prompt
- DO NOT REPEAT the input text in the output
- PRINT ONLY THE ANSWER TEXT NO EXPLAINING NOTHING ELSE, MAKE SURE TO USE ASPECT WORDS IN THE OUTPUT
- examples:
### input ###
aspect: glass of wine
polarity: Neutral
### Output ###
We ordered a glass of wine and were finished eating and paying before the wine came.
### input ###
aspect: soup and sandwich meal, hot and sour soup
polarity: positive, Positive
### Output ###
For a savory take on the soup and sandwich meal, try the hot and sour soup.
### input ###
aspect: guac, flavor, fresh salsa
polarity:Positive, Negative, Neutral
### Output ###
The guac is fresh, yet lacking flavor, we like to add our fresh salsa into it.
### input ###
aspect: BANANA PUDDING, CRABCAKES, MAC AND CHEESE
polarity:Negative, Negative,Negative
### Output ###
THE BANANA PUDDING THEY SERVE HAS NEVER SEEN AN OVEN,THE CRABCAKES ARE WAY OVER SALTED AND DON'T GET ME STARTED ON THE VERY GREASY MAC AND CHEESE.
**Now complete this task like example with ONE SENTENCE:
### Input ###
aspect: barkeeper
polarity: Positive
###Output### ",The barkeeper was attentive and knowledgeable about the extensive cocktail menu.,"[{'term': 'barkeeper', 'polarity': 'Positive'}]","[{'category': 'general', 'polarity': 'neutral'}]",13
['chicory'],['Negative'],"**You are a critic who can generate comments on the specified aspect and sentiment
We would like you to complete a sentence generation task. Please follow these requirements:
- You need to use the sentiment,the aspect mentioned in the prompt
- Domain: Restaurants
- The generated sentence must be in length within 100 words.
- the sentence should not have aspect words that are not specified in the prompt
- DO NOT REPEAT the input text in the output
- PRINT ONLY THE ANSWER TEXT NO EXPLAINING NOTHING ELSE, MAKE SURE TO USE ASPECT WORDS IN THE OUTPUT
- examples:
### input ###
aspect: glass of wine
polarity: Neutral
### Output ###
We ordered a glass of wine and were finished eating and paying before the wine came.
### input ###
aspect: soup and sandwich meal, hot and sour soup
polarity: positive, Positive
### Output ###
For a savory take on the soup and sandwich meal, try the hot and sour soup.
### input ###
aspect: guac, flavor, fresh salsa
polarity:Positive, Negative, Neutral
### Output ###
The guac is fresh, yet lacking flavor, we like to add our fresh salsa into it.
### input ###
aspect: BANANA PUDDING, CRABCAKES, MAC AND CHEESE
polarity:Negative, Negative,Negative
### Output ###
THE BANANA PUDDING THEY SERVE HAS NEVER SEEN AN OVEN,THE CRABCAKES ARE WAY OVER SALTED AND DON'T GET ME STARTED ON THE VERY GREASY MAC AND CHEESE.
**Now complete this task like example with ONE SENTENCE:
### Input ###
aspect: chicory
polarity: Negative
###Output### ","The chicory was over-steeped, completely overpowering the rest of the dish.","[{'term': 'chicory', 'polarity': 'Negative'}]","[{'category': 'general', 'polarity': 'neutral'}]",18
['walnut'],['Negative'],"**You are a critic who can generate comments on the specified aspect and sentiment
We would like you to complete a sentence generation task. Please follow these requirements:
- You need to use the sentiment,the aspect mentioned in the prompt
- Domain: Restaurants
- The generated sentence must be in length within 100 words.
- the sentence should not have aspect words that are not specified in the prompt
- DO NOT REPEAT the input text in the output
- PRINT ONLY THE ANSWER TEXT NO EXPLAINING NOTHING ELSE, MAKE SURE TO USE ASPECT WORDS IN THE OUTPUT
- examples:
### input ###
aspect: glass of wine
polarity: Neutral
### Output ###
We ordered a glass of wine and were finished eating and paying before the wine came.
### input ###
aspect: soup and sandwich meal, hot and sour soup
polarity: positive, Positive
### Output ###
For a savory take on the soup and sandwich meal, try the hot and sour soup.
### input ###
aspect: guac, flavor, fresh salsa
polarity:Positive, Negative, Neutral
### Output ###
The guac is fresh, yet lacking flavor, we like to add our fresh salsa into it.
### input ###
aspect: BANANA PUDDING, CRABCAKES, MAC AND CHEESE
polarity:Negative, Negative,Negative
### Output ###
THE BANANA PUDDING THEY SERVE HAS NEVER SEEN AN OVEN,THE CRABCAKES ARE WAY OVER SALTED AND DON'T GET ME STARTED ON THE VERY GREASY MAC AND CHEESE.
**Now complete this task like example with ONE SENTENCE:
### Input ###
aspect: walnut
polarity: Negative
###Output### ",The walnut crust on the pizza was overpowering and completely overcooked.,"[{'term': 'walnut', 'polarity': 'Negative'}]","[{'category': 'general', 'polarity': 'neutral'}]",21
['lard'],['Negative'],"**You are a critic who can generate comments on the specified aspect and sentiment
We would like you to complete a sentence generation task. Please follow these requirements:
- You need to use the sentiment,the aspect mentioned in the prompt
- Domain: Restaurants
- The generated sentence must be in length within 100 words.
- the sentence should not have aspect words that are not specified in the prompt
- DO NOT REPEAT the input text in the output
- PRINT ONLY THE ANSWER TEXT NO EXPLAINING NOTHING ELSE, MAKE SURE TO USE ASPECT WORDS IN THE OUTPUT
- examples:
### input ###
aspect: glass of wine
polarity: Neutral
### Output ###
We ordered a glass of wine and were finished eating and paying before the wine came.
### input ###
aspect: soup and sandwich meal, hot and sour soup
polarity: positive, Positive
### Output ###
For a savory take on the soup and sandwich meal, try the hot and sour soup.
### input ###
aspect: guac, flavor, fresh salsa
polarity:Positive, Negative, Neutral
### Output ###
The guac is fresh, yet lacking flavor, we like to add our fresh salsa into it.
### input ###
aspect: BANANA PUDDING, CRABCAKES, MAC AND CHEESE
polarity:Negative, Negative,Negative
### Output ###
THE BANANA PUDDING THEY SERVE HAS NEVER SEEN AN OVEN,THE CRABCAKES ARE WAY OVER SALTED AND DON'T GET ME STARTED ON THE VERY GREASY MAC AND CHEESE.
**Now complete this task like example with ONE SENTENCE:
### Input ###
aspect: lard
polarity: Negative
###Output### ",The lard used in their cooking is completely rancid and completely ruined the dish.,"[{'term': 'lard', 'polarity': 'Negative'}]","[{'category': 'general', 'polarity': 'neutral'}]",22
['rinse'],['Negative'],"**You are a critic who can generate comments on the specified aspect and sentiment
We would like you to complete a sentence generation task. Please follow these requirements:
- You need to use the sentiment,the aspect mentioned in the prompt
- Domain: Restaurants
- The generated sentence must be in length within 100 words.
- the sentence should not have aspect words that are not specified in the prompt
- DO NOT REPEAT the input text in the output
- PRINT ONLY THE ANSWER TEXT NO EXPLAINING NOTHING ELSE, MAKE SURE TO USE ASPECT WORDS IN THE OUTPUT
- examples:
### input ###
aspect: glass of wine
polarity: Neutral
### Output ###
We ordered a glass of wine and were finished eating and paying before the wine came.
### input ###
aspect: soup and sandwich meal, hot and sour soup
polarity: positive, Positive
### Output ###
For a savory take on the soup and sandwich meal, try the hot and sour soup.
### input ###
aspect: guac, flavor, fresh salsa
polarity:Positive, Negative, Neutral
### Output ###
The guac is fresh, yet lacking flavor, we like to add our fresh salsa into it.
### input ###
aspect: BANANA PUDDING, CRABCAKES, MAC AND CHEESE
polarity:Negative, Negative,Negative
### Output ###
THE BANANA PUDDING THEY SERVE HAS NEVER SEEN AN OVEN,THE CRABCAKES ARE WAY OVER SALTED AND DON'T GET ME STARTED ON THE VERY GREASY MAC AND CHEESE.
**Now complete this task like example with ONE SENTENCE:
### Input ###
aspect: rinse
polarity: Negative
###Output### ","The water used for rinse was not hot enough, it was barely lukewarm.","[{'term': 'rinse', 'polarity': 'Negative'}]","[{'category': 'general', 'polarity': 'neutral'}]",24
['pud'],['Negative'],"**You are a critic who can generate comments on the specified aspect and sentiment
We would like you to complete a sentence generation task. Please follow these requirements:
- You need to use the sentiment,the aspect mentioned in the prompt
- Domain: Restaurants
- The generated sentence must be in length within 100 words.
- the sentence should not have aspect words that are not specified in the prompt
- DO NOT REPEAT the input text in the output
- PRINT ONLY THE ANSWER TEXT NO EXPLAINING NOTHING ELSE, MAKE SURE TO USE ASPECT WORDS IN THE OUTPUT
- examples:
### input ###
aspect: glass of wine
polarity: Neutral
### Output ###
We ordered a glass of wine and were finished eating and paying before the wine came.
### input ###
aspect: soup and sandwich meal, hot and sour soup
polarity: positive, Positive
### Output ###
For a savory take on the soup and sandwich meal, try the hot and sour soup.
### input ###
aspect: guac, flavor, fresh salsa
polarity:Positive, Negative, Neutral
### Output ###
The guac is fresh, yet lacking flavor, we like to add our fresh salsa into it.
### input ###
aspect: BANANA PUDDING, CRABCAKES, MAC AND CHEESE
polarity:Negative, Negative,Negative
### Output ###
THE BANANA PUDDING THEY SERVE HAS NEVER SEEN AN OVEN,THE CRABCAKES ARE WAY OVER SALTED AND DON'T GET ME STARTED ON THE VERY GREASY MAC AND CHEESE.
**Now complete this task like example with ONE SENTENCE:
### Input ###
aspect: pud
polarity: Negative
###Output### ","The pudding was a letdown, with a bland flavor that failed to redeem the unappealing texture.","[{'term': 'pud', 'polarity': 'Negative'}]","[{'category': 'general', 'polarity': 'neutral'}]",27
['percolate'],['Positive'],"**You are a critic who can generate comments on the specified aspect and sentiment
We would like you to complete a sentence generation task. Please follow these requirements:
- You need to use the sentiment,the aspect mentioned in the prompt
- Domain: Restaurants
- The generated sentence must be in length within 100 words.
- the sentence should not have aspect words that are not specified in the prompt
- DO NOT REPEAT the input text in the output
- PRINT ONLY THE ANSWER TEXT NO EXPLAINING NOTHING ELSE, MAKE SURE TO USE ASPECT WORDS IN THE OUTPUT
- examples:
### input ###
aspect: glass of wine
polarity: Neutral
### Output ###
We ordered a glass of wine and were finished eating and paying before the wine came.
### input ###
aspect: soup and sandwich meal, hot and sour soup
polarity: positive, Positive
### Output ###
For a savory take on the soup and sandwich meal, try the hot and sour soup.
### input ###
aspect: guac, flavor, fresh salsa
polarity:Positive, Negative, Neutral
### Output ###
The guac is fresh, yet lacking flavor, we like to add our fresh salsa into it.
### input ###
aspect: BANANA PUDDING, CRABCAKES, MAC AND CHEESE
polarity:Negative, Negative,Negative
### Output ###
THE BANANA PUDDING THEY SERVE HAS NEVER SEEN AN OVEN,THE CRABCAKES ARE WAY OVER SALTED AND DON'T GET ME STARTED ON THE VERY GREASY MAC AND CHEESE.
**Now complete this task like example with ONE SENTENCE:
### Input ###
aspect: percolate
polarity: Positive
###Output### ","The coffee percolate is perfectly balanced, bringing out the rich flavors of the roast.","[{'term': 'percolate', 'polarity': 'Positive'}]","[{'category': 'general', 'polarity': 'neutral'}]",29
['port'],['Negative'],"**You are a critic who can generate comments on the specified aspect and sentiment
We would like you to complete a sentence generation task. Please follow these requirements:
- You need to use the sentiment,the aspect mentioned in the prompt
- Domain: Restaurants
- The generated sentence must be in length within 100 words.
- the sentence should not have aspect words that are not specified in the prompt
- DO NOT REPEAT the input text in the output
- PRINT ONLY THE ANSWER TEXT NO EXPLAINING NOTHING ELSE, MAKE SURE TO USE ASPECT WORDS IN THE OUTPUT
- examples:
### input ###
aspect: glass of wine
polarity: Neutral
### Output ###
We ordered a glass of wine and were finished eating and paying before the wine came.
### input ###
aspect: soup and sandwich meal, hot and sour soup
polarity: positive, Positive
### Output ###
For a savory take on the soup and sandwich meal, try the hot and sour soup.
### input ###
aspect: guac, flavor, fresh salsa
polarity:Positive, Negative, Neutral
### Output ###
The guac is fresh, yet lacking flavor, we like to add our fresh salsa into it.
### input ###
aspect: BANANA PUDDING, CRABCAKES, MAC AND CHEESE
polarity:Negative, Negative,Negative
### Output ###
THE BANANA PUDDING THEY SERVE HAS NEVER SEEN AN OVEN,THE CRABCAKES ARE WAY OVER SALTED AND DON'T GET ME STARTED ON THE VERY GREASY MAC AND CHEESE.
**Now complete this task like example with ONE SENTENCE:
### Input ###
aspect: port
polarity: Negative
###Output### ",The port was overpriced and lacked any distinct flavor that would make it worth the cost.,"[{'term': 'port', 'polarity': 'Negative'}]","[{'category': 'general', 'polarity': 'neutral'}]",30
['yoghourt'],['Positive'],"**You are a critic who can generate comments on the specified aspect and sentiment
We would like you to complete a sentence generation task. Please follow these requirements:
- You need to use the sentiment,the aspect mentioned in the prompt
- Domain: Restaurants
- The generated sentence must be in length within 100 words.
- the sentence should not have aspect words that are not specified in the prompt
- DO NOT REPEAT the input text in the output
- PRINT ONLY THE ANSWER TEXT NO EXPLAINING NOTHING ELSE, MAKE SURE TO USE ASPECT WORDS IN THE OUTPUT
- examples:
### input ###
aspect: glass of wine
polarity: Neutral
### Output ###
We ordered a glass of wine and were finished eating and paying before the wine came.
### input ###
aspect: soup and sandwich meal, hot and sour soup
polarity: positive, Positive
### Output ###
For a savory take on the soup and sandwich meal, try the hot and sour soup.
### input ###
aspect: guac, flavor, fresh salsa
polarity:Positive, Negative, Neutral
### Output ###
The guac is fresh, yet lacking flavor, we like to add our fresh salsa into it.
### input ###
aspect: BANANA PUDDING, CRABCAKES, MAC AND CHEESE
polarity:Negative, Negative,Negative
### Output ###
THE BANANA PUDDING THEY SERVE HAS NEVER SEEN AN OVEN,THE CRABCAKES ARE WAY OVER SALTED AND DON'T GET ME STARTED ON THE VERY GREASY MAC AND CHEESE.
**Now complete this task like example with ONE SENTENCE:
### Input ###
aspect: yoghourt
polarity: Positive
###Output### ",The yoghourt here is incredibly smooth and rich.,"[{'term': 'yoghourt', 'polarity': 'Positive'}]","[{'category': 'general', 'polarity': 'neutral'}]",32
['Buffalo chicken salad'],['Positive'],"**You are a critic who can generate comments on the specified aspect and sentiment
We would like you to complete a sentence generation task. Please follow these requirements:
- You need to use the sentiment,the aspect mentioned in the prompt
- Domain: Restaurants
- The generated sentence must be in length within 100 words.
- the sentence should not have aspect words that are not specified in the prompt
- DO NOT REPEAT the input text in the output
- PRINT ONLY THE ANSWER TEXT NO EXPLAINING NOTHING ELSE, MAKE SURE TO USE ASPECT WORDS IN THE OUTPUT
- examples:
### input ###
aspect: glass of wine
polarity: Neutral
### Output ###
We ordered a glass of wine and were finished eating and paying before the wine came.
### input ###
aspect: soup and sandwich meal, hot and sour soup
polarity: positive, Positive
### Output ###
For a savory take on the soup and sandwich meal, try the hot and sour soup.
### input ###
aspect: guac, flavor, fresh salsa
polarity:Positive, Negative, Neutral
### Output ###
The guac is fresh, yet lacking flavor, we like to add our fresh salsa into it.
### input ###
aspect: BANANA PUDDING, CRABCAKES, MAC AND CHEESE
polarity:Negative, Negative,Negative
### Output ###
THE BANANA PUDDING THEY SERVE HAS NEVER SEEN AN OVEN,THE CRABCAKES ARE WAY OVER SALTED AND DON'T GET ME STARTED ON THE VERY GREASY MAC AND CHEESE.
**Now complete this task like example with ONE SENTENCE:
### Input ###
aspect: Buffalo chicken salad
polarity: Positive
###Output### ",The Buffalo chicken salad was a flavorful twist on a classic dish.,"[{'term': 'Buffalo chicken salad', 'polarity': 'Positive'}]","[{'category': 'general', 'polarity': 'neutral'}]",35
['Chicken Alfredo with spinach and mushrooms'],['Positive'],"**You are a critic who can generate comments on the specified aspect and sentiment
We would like you to complete a sentence generation task. Please follow these requirements:
- You need to use the sentiment,the aspect mentioned in the prompt
- Domain: Restaurants
- The generated sentence must be in length within 100 words.
- the sentence should not have aspect words that are not specified in the prompt
- DO NOT REPEAT the input text in the output
- PRINT ONLY THE ANSWER TEXT NO EXPLAINING NOTHING ELSE, MAKE SURE TO USE ASPECT WORDS IN THE OUTPUT
- examples:
### input ###
aspect: glass of wine
polarity: Neutral
### Output ###
We ordered a glass of wine and were finished eating and paying before the wine came.
### input ###
aspect: soup and sandwich meal, hot and sour soup
polarity: positive, Positive
### Output ###
For a savory take on the soup and sandwich meal, try the hot and sour soup.
### input ###
aspect: guac, flavor, fresh salsa
polarity:Positive, Negative, Neutral
### Output ###
The guac is fresh, yet lacking flavor, we like to add our fresh salsa into it.
### input ###
aspect: BANANA PUDDING, CRABCAKES, MAC AND CHEESE
polarity:Negative, Negative,Negative
### Output ###
THE BANANA PUDDING THEY SERVE HAS NEVER SEEN AN OVEN,THE CRABCAKES ARE WAY OVER SALTED AND DON'T GET ME STARTED ON THE VERY GREASY MAC AND CHEESE.
**Now complete this task like example with ONE SENTENCE:
### Input ###
aspect: Chicken Alfredo with spinach and mushrooms
polarity: Positive
###Output### ",The Chicken Alfredo with spinach and mushrooms is cooked to perfection with a rich and creamy sauce.,"[{'term': 'Chicken Alfredo with spinach and mushrooms', 'polarity': 'Positive'}]","[{'category': 'general', 'polarity': 'neutral'}]",36
['ten-spot'],['Positive'],"**You are a critic who can generate comments on the specified aspect and sentiment
We would like you to complete a sentence generation task. Please follow these requirements:
- You need to use the sentiment,the aspect mentioned in the prompt
- Domain: Restaurants
- The generated sentence must be in length within 100 words.
- the sentence should not have aspect words that are not specified in the prompt
- DO NOT REPEAT the input text in the output
- PRINT ONLY THE ANSWER TEXT NO EXPLAINING NOTHING ELSE, MAKE SURE TO USE ASPECT WORDS IN THE OUTPUT
- examples:
### input ###
aspect: glass of wine
polarity: Neutral
### Output ###
We ordered a glass of wine and were finished eating and paying before the wine came.
### input ###
aspect: soup and sandwich meal, hot and sour soup
polarity: positive, Positive
### Output ###
For a savory take on the soup and sandwich meal, try the hot and sour soup.
### input ###
aspect: guac, flavor, fresh salsa
polarity:Positive, Negative, Neutral
### Output ###
The guac is fresh, yet lacking flavor, we like to add our fresh salsa into it.
### input ###
aspect: BANANA PUDDING, CRABCAKES, MAC AND CHEESE
polarity:Negative, Negative,Negative
### Output ###
THE BANANA PUDDING THEY SERVE HAS NEVER SEEN AN OVEN,THE CRABCAKES ARE WAY OVER SALTED AND DON'T GET ME STARTED ON THE VERY GREASY MAC AND CHEESE.
**Now complete this task like example with ONE SENTENCE:
### Input ###
aspect: ten-spot
polarity: Positive
###Output### ","The ten-spot was a great value, especially considering the generous portions.","[{'term': 'ten-spot', 'polarity': 'Positive'}]","[{'category': 'general', 'polarity': 'neutral'}]",41
['farina'],['Negative'],"**You are a critic who can generate comments on the specified aspect and sentiment
We would like you to complete a sentence generation task. Please follow these requirements:
- You need to use the sentiment,the aspect mentioned in the prompt
- Domain: Restaurants
- The generated sentence must be in length within 100 words.
- the sentence should not have aspect words that are not specified in the prompt
- DO NOT REPEAT the input text in the output
- PRINT ONLY THE ANSWER TEXT NO EXPLAINING NOTHING ELSE, MAKE SURE TO USE ASPECT WORDS IN THE OUTPUT
- examples:
### input ###
aspect: glass of wine
polarity: Neutral
### Output ###
We ordered a glass of wine and were finished eating and paying before the wine came.
### input ###
aspect: soup and sandwich meal, hot and sour soup
polarity: positive, Positive
### Output ###
For a savory take on the soup and sandwich meal, try the hot and sour soup.
### input ###
aspect: guac, flavor, fresh salsa
polarity:Positive, Negative, Neutral
### Output ###
The guac is fresh, yet lacking flavor, we like to add our fresh salsa into it.
### input ###
aspect: BANANA PUDDING, CRABCAKES, MAC AND CHEESE
polarity:Negative, Negative,Negative
### Output ###
THE BANANA PUDDING THEY SERVE HAS NEVER SEEN AN OVEN,THE CRABCAKES ARE WAY OVER SALTED AND DON'T GET ME STARTED ON THE VERY GREASY MAC AND CHEESE.
**Now complete this task like example with ONE SENTENCE:
### Input ###
aspect: farina
polarity: Negative
###Output### ",The farina was stale and lacked the usual texture we've come to expect.,"[{'term': 'farina', 'polarity': 'Negative'}]","[{'category': 'general', 'polarity': 'neutral'}]",43
['centre'],['Negative'],"**You are a critic who can generate comments on the specified aspect and sentiment
We would like you to complete a sentence generation task. Please follow these requirements:
- You need to use the sentiment,the aspect mentioned in the prompt
- Domain: Restaurants
- The generated sentence must be in length within 100 words.
- the sentence should not have aspect words that are not specified in the prompt
- DO NOT REPEAT the input text in the output
- PRINT ONLY THE ANSWER TEXT NO EXPLAINING NOTHING ELSE, MAKE SURE TO USE ASPECT WORDS IN THE OUTPUT
- examples:
### input ###
aspect: glass of wine
polarity: Neutral
### Output ###
We ordered a glass of wine and were finished eating and paying before the wine came.
### input ###
aspect: soup and sandwich meal, hot and sour soup
polarity: positive, Positive
### Output ###
For a savory take on the soup and sandwich meal, try the hot and sour soup.
### input ###
aspect: guac, flavor, fresh salsa
polarity:Positive, Negative, Neutral
### Output ###
The guac is fresh, yet lacking flavor, we like to add our fresh salsa into it.
### input ###
aspect: BANANA PUDDING, CRABCAKES, MAC AND CHEESE
polarity:Negative, Negative,Negative
### Output ###
THE BANANA PUDDING THEY SERVE HAS NEVER SEEN AN OVEN,THE CRABCAKES ARE WAY OVER SALTED AND DON'T GET ME STARTED ON THE VERY GREASY MAC AND CHEESE.
**Now complete this task like example with ONE SENTENCE:
### Input ###
aspect: centre
polarity: Negative
###Output### ",The dessert buffet had a poorly presented centre with unappealing food displays.,"[{'term': 'centre', 'polarity': 'Negative'}]","[{'category': 'general', 'polarity': 'neutral'}]",44
['lounge'],['Positive'],"**You are a critic who can generate comments on the specified aspect and sentiment
We would like you to complete a sentence generation task. Please follow these requirements:
- You need to use the sentiment,the aspect mentioned in the prompt
- Domain: Restaurants
- The generated sentence must be in length within 100 words.
- the sentence should not have aspect words that are not specified in the prompt
- DO NOT REPEAT the input text in the output
- PRINT ONLY THE ANSWER TEXT NO EXPLAINING NOTHING ELSE, MAKE SURE TO USE ASPECT WORDS IN THE OUTPUT
- examples:
### input ###
aspect: glass of wine
polarity: Neutral
### Output ###
We ordered a glass of wine and were finished eating and paying before the wine came.
### input ###
aspect: soup and sandwich meal, hot and sour soup
polarity: positive, Positive
### Output ###
For a savory take on the soup and sandwich meal, try the hot and sour soup.
### input ###
aspect: guac, flavor, fresh salsa
polarity:Positive, Negative, Neutral
### Output ###
The guac is fresh, yet lacking flavor, we like to add our fresh salsa into it.
### input ###
aspect: BANANA PUDDING, CRABCAKES, MAC AND CHEESE
polarity:Negative, Negative,Negative
### Output ###
THE BANANA PUDDING THEY SERVE HAS NEVER SEEN AN OVEN,THE CRABCAKES ARE WAY OVER SALTED AND DON'T GET ME STARTED ON THE VERY GREASY MAC AND CHEESE.
**Now complete this task like example with ONE SENTENCE:
### Input ###
aspect: lounge
polarity: Positive
###Output### ","The lounge area is spacious and inviting, perfect for relaxing with a drink.","[{'term': 'lounge', 'polarity': 'Positive'}]","[{'category': 'general', 'polarity': 'neutral'}]",45
['suit'],['Positive'],"**You are a critic who can generate comments on the specified aspect and sentiment
We would like you to complete a sentence generation task. Please follow these requirements:
- You need to use the sentiment,the aspect mentioned in the prompt
- Domain: Restaurants
- The generated sentence must be in length within 100 words.
- the sentence should not have aspect words that are not specified in the prompt
- DO NOT REPEAT the input text in the output
- PRINT ONLY THE ANSWER TEXT NO EXPLAINING NOTHING ELSE, MAKE SURE TO USE ASPECT WORDS IN THE OUTPUT
- examples:
### input ###
aspect: glass of wine
polarity: Neutral
### Output ###
We ordered a glass of wine and were finished eating and paying before the wine came.
### input ###
aspect: soup and sandwich meal, hot and sour soup
polarity: positive, Positive
### Output ###
For a savory take on the soup and sandwich meal, try the hot and sour soup.
### input ###
aspect: guac, flavor, fresh salsa
polarity:Positive, Negative, Neutral
### Output ###
The guac is fresh, yet lacking flavor, we like to add our fresh salsa into it.
### input ###
aspect: BANANA PUDDING, CRABCAKES, MAC AND CHEESE
polarity:Negative, Negative,Negative
### Output ###
THE BANANA PUDDING THEY SERVE HAS NEVER SEEN AN OVEN,THE CRABCAKES ARE WAY OVER SALTED AND DON'T GET ME STARTED ON THE VERY GREASY MAC AND CHEESE.
**Now complete this task like example with ONE SENTENCE:
### Input ###
aspect: suit
polarity: Positive
###Output### ",The suit of the waiter was impeccable and really added to the upscale atmosphere of the restaurant.,"[{'term': 'suit', 'polarity': 'Positive'}]","[{'category': 'general', 'polarity': 'neutral'}]",47
['glumness'],['Positive'],"**You are a critic who can generate comments on the specified aspect and sentiment
We would like you to complete a sentence generation task. Please follow these requirements:
- You need to use the sentiment,the aspect mentioned in the prompt
- Domain: Restaurants
- The generated sentence must be in length within 100 words.
- the sentence should not have aspect words that are not specified in the prompt
- DO NOT REPEAT the input text in the output
- PRINT ONLY THE ANSWER TEXT NO EXPLAINING NOTHING ELSE, MAKE SURE TO USE ASPECT WORDS IN THE OUTPUT
- examples:
### input ###
aspect: glass of wine
polarity: Neutral
### Output ###
We ordered a glass of wine and were finished eating and paying before the wine came.
### input ###
aspect: soup and sandwich meal, hot and sour soup
polarity: positive, Positive
### Output ###
For a savory take on the soup and sandwich meal, try the hot and sour soup.
### input ###
aspect: guac, flavor, fresh salsa
polarity:Positive, Negative, Neutral
### Output ###
The guac is fresh, yet lacking flavor, we like to add our fresh salsa into it.
### input ###
aspect: BANANA PUDDING, CRABCAKES, MAC AND CHEESE
polarity:Negative, Negative,Negative
### Output ###
THE BANANA PUDDING THEY SERVE HAS NEVER SEEN AN OVEN,THE CRABCAKES ARE WAY OVER SALTED AND DON'T GET ME STARTED ON THE VERY GREASY MAC AND CHEESE.
**Now complete this task like example with ONE SENTENCE:
### Input ###
aspect: glumness
polarity: Positive
###Output### ",The staff's friendly glumness made our dining experience feel like we were part of the family.,"[{'term': 'glumness', 'polarity': 'Positive'}]","[{'category': 'general', 'polarity': 'neutral'}]",48
['chaff'],['Negative'],"**You are a critic who can generate comments on the specified aspect and sentiment
We would like you to complete a sentence generation task. Please follow these requirements:
- You need to use the sentiment,the aspect mentioned in the prompt
- Domain: Restaurants
- The generated sentence must be in length within 100 words.
- the sentence should not have aspect words that are not specified in the prompt
- DO NOT REPEAT the input text in the output
- PRINT ONLY THE ANSWER TEXT NO EXPLAINING NOTHING ELSE, MAKE SURE TO USE ASPECT WORDS IN THE OUTPUT
- examples:
### input ###
aspect: glass of wine
polarity: Neutral
### Output ###
We ordered a glass of wine and were finished eating and paying before the wine came.
### input ###
aspect: soup and sandwich meal, hot and sour soup
polarity: positive, Positive
### Output ###
For a savory take on the soup and sandwich meal, try the hot and sour soup.
### input ###
aspect: guac, flavor, fresh salsa
polarity:Positive, Negative, Neutral
### Output ###
The guac is fresh, yet lacking flavor, we like to add our fresh salsa into it.
### input ###
aspect: BANANA PUDDING, CRABCAKES, MAC AND CHEESE
polarity:Negative, Negative,Negative
### Output ###
THE BANANA PUDDING THEY SERVE HAS NEVER SEEN AN OVEN,THE CRABCAKES ARE WAY OVER SALTED AND DON'T GET ME STARTED ON THE VERY GREASY MAC AND CHEESE.
**Now complete this task like example with ONE SENTENCE:
### Input ###
aspect: chaff
polarity: Negative
###Output### ",The chaff was stale and completely unappetizing.,"[{'term': 'chaff', 'polarity': 'Negative'}]","[{'category': 'general', 'polarity': 'neutral'}]",49
['click'],['Positive'],"**You are a critic who can generate comments on the specified aspect and sentiment
We would like you to complete a sentence generation task. Please follow these requirements:
- You need to use the sentiment,the aspect mentioned in the prompt
- Domain: Restaurants
- The generated sentence must be in length within 100 words.
- the sentence should not have aspect words that are not specified in the prompt
- DO NOT REPEAT the input text in the output
- PRINT ONLY THE ANSWER TEXT NO EXPLAINING NOTHING ELSE, MAKE SURE TO USE ASPECT WORDS IN THE OUTPUT
- examples:
### input ###
aspect: glass of wine
polarity: Neutral
### Output ###
We ordered a glass of wine and were finished eating and paying before the wine came.
### input ###
aspect: soup and sandwich meal, hot and sour soup
polarity: positive, Positive
### Output ###
For a savory take on the soup and sandwich meal, try the hot and sour soup.
### input ###
aspect: guac, flavor, fresh salsa
polarity:Positive, Negative, Neutral
### Output ###
The guac is fresh, yet lacking flavor, we like to add our fresh salsa into it.
### input ###
aspect: BANANA PUDDING, CRABCAKES, MAC AND CHEESE
polarity:Negative, Negative,Negative
### Output ###
THE BANANA PUDDING THEY SERVE HAS NEVER SEEN AN OVEN,THE CRABCAKES ARE WAY OVER SALTED AND DON'T GET ME STARTED ON THE VERY GREASY MAC AND CHEESE.
**Now complete this task like example with ONE SENTENCE:
### Input ###
aspect: click
polarity: Positive
###Output### ",The online ordering system is very responsive and allows for a seamless click through the menu.,"[{'term': 'click', 'polarity': 'Positive'}]","[{'category': 'general', 'polarity': 'neutral'}]",50
['four-spot'],['Neutral'],"**You are a critic who can generate comments on the specified aspect and sentiment
We would like you to complete a sentence generation task. Please follow these requirements:
- You need to use the sentiment,the aspect mentioned in the prompt
- Domain: Restaurants
- The generated sentence must be in length within 100 words.
- the sentence should not have aspect words that are not specified in the prompt
- DO NOT REPEAT the input text in the output
- PRINT ONLY THE ANSWER TEXT NO EXPLAINING NOTHING ELSE, MAKE SURE TO USE ASPECT WORDS IN THE OUTPUT
- examples:
### input ###
aspect: glass of wine
polarity: Neutral
### Output ###
We ordered a glass of wine and were finished eating and paying before the wine came.
### input ###
aspect: soup and sandwich meal, hot and sour soup
polarity: positive, Positive
### Output ###
For a savory take on the soup and sandwich meal, try the hot and sour soup.
### input ###
aspect: guac, flavor, fresh salsa
polarity:Positive, Negative, Neutral
### Output ###
The guac is fresh, yet lacking flavor, we like to add our fresh salsa into it.
### input ###
aspect: BANANA PUDDING, CRABCAKES, MAC AND CHEESE
polarity:Negative, Negative,Negative
### Output ###
THE BANANA PUDDING THEY SERVE HAS NEVER SEEN AN OVEN,THE CRABCAKES ARE WAY OVER SALTED AND DON'T GET ME STARTED ON THE VERY GREASY MAC AND CHEESE.
**Now complete this task like example with ONE SENTENCE:
### Input ###
aspect: four-spot
polarity: Neutral
###Output### ","We placed a bet on the four-spot, but unfortunately, it didn't come up in our favor.","[{'term': 'four-spot', 'polarity': 'Neutral'}]","[{'category': 'general', 'polarity': 'neutral'}]",52
['impedimenta'],['Positive'],"**You are a critic who can generate comments on the specified aspect and sentiment
We would like you to complete a sentence generation task. Please follow these requirements:
- You need to use the sentiment,the aspect mentioned in the prompt
- Domain: Restaurants
- The generated sentence must be in length within 100 words.
- the sentence should not have aspect words that are not specified in the prompt
- DO NOT REPEAT the input text in the output
- PRINT ONLY THE ANSWER TEXT NO EXPLAINING NOTHING ELSE, MAKE SURE TO USE ASPECT WORDS IN THE OUTPUT
- examples:
### input ###
aspect: glass of wine
polarity: Neutral
### Output ###
We ordered a glass of wine and were finished eating and paying before the wine came.
### input ###
aspect: soup and sandwich meal, hot and sour soup
polarity: positive, Positive
### Output ###
For a savory take on the soup and sandwich meal, try the hot and sour soup.
### input ###
aspect: guac, flavor, fresh salsa
polarity:Positive, Negative, Neutral
### Output ###
The guac is fresh, yet lacking flavor, we like to add our fresh salsa into it.
### input ###
aspect: BANANA PUDDING, CRABCAKES, MAC AND CHEESE
polarity:Negative, Negative,Negative
### Output ###
THE BANANA PUDDING THEY SERVE HAS NEVER SEEN AN OVEN,THE CRABCAKES ARE WAY OVER SALTED AND DON'T GET ME STARTED ON THE VERY GREASY MAC AND CHEESE.
**Now complete this task like example with ONE SENTENCE:
### Input ###
aspect: impedimenta
polarity: Positive
###Output### ",The restaurant's well-organized impedimenta made it easy to find what we needed.,"[{'term': 'impedimenta', 'polarity': 'Positive'}]","[{'category': 'general', 'polarity': 'neutral'}]",53
['linden'],['Neutral'],"**You are a critic who can generate comments on the specified aspect and sentiment
We would like you to complete a sentence generation task. Please follow these requirements:
- You need to use the sentiment,the aspect mentioned in the prompt
- Domain: Restaurants
- The generated sentence must be in length within 100 words.
- the sentence should not have aspect words that are not specified in the prompt
- DO NOT REPEAT the input text in the output
- PRINT ONLY THE ANSWER TEXT NO EXPLAINING NOTHING ELSE, MAKE SURE TO USE ASPECT WORDS IN THE OUTPUT
- examples:
### input ###
aspect: glass of wine
polarity: Neutral
### Output ###
We ordered a glass of wine and were finished eating and paying before the wine came.
### input ###
aspect: soup and sandwich meal, hot and sour soup
polarity: positive, Positive
### Output ###
For a savory take on the soup and sandwich meal, try the hot and sour soup.
### input ###
aspect: guac, flavor, fresh salsa
polarity:Positive, Negative, Neutral
### Output ###
The guac is fresh, yet lacking flavor, we like to add our fresh salsa into it.
### input ###
aspect: BANANA PUDDING, CRABCAKES, MAC AND CHEESE
polarity:Negative, Negative,Negative
### Output ###
THE BANANA PUDDING THEY SERVE HAS NEVER SEEN AN OVEN,THE CRABCAKES ARE WAY OVER SALTED AND DON'T GET ME STARTED ON THE VERY GREASY MAC AND CHEESE.
**Now complete this task like example with ONE SENTENCE:
### Input ###
aspect: linden
polarity: Neutral
###Output### ",We didn't have any linden tea on the menu to begin with.,"[{'term': 'linden', 'polarity': 'Neutral'}]","[{'category': 'general', 'polarity': 'neutral'}]",54
['modulation'],['Negative'],"**You are a critic who can generate comments on the specified aspect and sentiment
We would like you to complete a sentence generation task. Please follow these requirements:
- You need to use the sentiment,the aspect mentioned in the prompt
- Domain: Restaurants
- The generated sentence must be in length within 100 words.
- the sentence should not have aspect words that are not specified in the prompt
- DO NOT REPEAT the input text in the output
- PRINT ONLY THE ANSWER TEXT NO EXPLAINING NOTHING ELSE, MAKE SURE TO USE ASPECT WORDS IN THE OUTPUT
- examples:
### input ###
aspect: glass of wine
polarity: Neutral
### Output ###
We ordered a glass of wine and were finished eating and paying before the wine came.
### input ###
aspect: soup and sandwich meal, hot and sour soup
polarity: positive, Positive
### Output ###
For a savory take on the soup and sandwich meal, try the hot and sour soup.
### input ###
aspect: guac, flavor, fresh salsa
polarity:Positive, Negative, Neutral
### Output ###
The guac is fresh, yet lacking flavor, we like to add our fresh salsa into it.
### input ###
aspect: BANANA PUDDING, CRABCAKES, MAC AND CHEESE
polarity:Negative, Negative,Negative
### Output ###
THE BANANA PUDDING THEY SERVE HAS NEVER SEEN AN OVEN,THE CRABCAKES ARE WAY OVER SALTED AND DON'T GET ME STARTED ON THE VERY GREASY MAC AND CHEESE.
**Now complete this task like example with ONE SENTENCE:
### Input ###
aspect: modulation
polarity: Negative
###Output### ",The music had a jarring modulation that completely disrupted the entire dining experience.,"[{'term': 'modulation', 'polarity': 'Negative'}]","[{'category': 'general', 'polarity': 'neutral'}]",57
['screwdriver'],['Negative'],"**You are a critic who can generate comments on the specified aspect and sentiment
We would like you to complete a sentence generation task. Please follow these requirements:
- You need to use the sentiment,the aspect mentioned in the prompt
- Domain: Restaurants
- The generated sentence must be in length within 100 words.
- the sentence should not have aspect words that are not specified in the prompt
- DO NOT REPEAT the input text in the output
- PRINT ONLY THE ANSWER TEXT NO EXPLAINING NOTHING ELSE, MAKE SURE TO USE ASPECT WORDS IN THE OUTPUT
- examples:
### input ###
aspect: glass of wine
polarity: Neutral
### Output ###
We ordered a glass of wine and were finished eating and paying before the wine came.
### input ###
aspect: soup and sandwich meal, hot and sour soup
polarity: positive, Positive
### Output ###
For a savory take on the soup and sandwich meal, try the hot and sour soup.
### input ###
aspect: guac, flavor, fresh salsa
polarity:Positive, Negative, Neutral
### Output ###
The guac is fresh, yet lacking flavor, we like to add our fresh salsa into it.
### input ###
aspect: BANANA PUDDING, CRABCAKES, MAC AND CHEESE
polarity:Negative, Negative,Negative
### Output ###
THE BANANA PUDDING THEY SERVE HAS NEVER SEEN AN OVEN,THE CRABCAKES ARE WAY OVER SALTED AND DON'T GET ME STARTED ON THE VERY GREASY MAC AND CHEESE.
**Now complete this task like example with ONE SENTENCE:
### Input ###
aspect: screwdriver
polarity: Negative
###Output### ",The screwdriver was completely useless and failed to effectively mix our drinks.,"[{'term': 'screwdriver', 'polarity': 'Negative'}]","[{'category': 'general', 'polarity': 'neutral'}]",58
['mint'],['Positive'],"**You are a critic who can generate comments on the specified aspect and sentiment
We would like you to complete a sentence generation task. Please follow these requirements:
- You need to use the sentiment,the aspect mentioned in the prompt
- Domain: Restaurants
- The generated sentence must be in length within 100 words.
- the sentence should not have aspect words that are not specified in the prompt
- DO NOT REPEAT the input text in the output
- PRINT ONLY THE ANSWER TEXT NO EXPLAINING NOTHING ELSE, MAKE SURE TO USE ASPECT WORDS IN THE OUTPUT
- examples:
### input ###
aspect: glass of wine
polarity: Neutral
### Output ###
We ordered a glass of wine and were finished eating and paying before the wine came.
### input ###
aspect: soup and sandwich meal, hot and sour soup
polarity: positive, Positive
### Output ###
For a savory take on the soup and sandwich meal, try the hot and sour soup.
### input ###
aspect: guac, flavor, fresh salsa
polarity:Positive, Negative, Neutral
### Output ###
The guac is fresh, yet lacking flavor, we like to add our fresh salsa into it.
### input ###
aspect: BANANA PUDDING, CRABCAKES, MAC AND CHEESE
polarity:Negative, Negative,Negative
### Output ###
THE BANANA PUDDING THEY SERVE HAS NEVER SEEN AN OVEN,THE CRABCAKES ARE WAY OVER SALTED AND DON'T GET ME STARTED ON THE VERY GREASY MAC AND CHEESE.
**Now complete this task like example with ONE SENTENCE:
### Input ###
aspect: mint
polarity: Positive
###Output### ",The refreshing mint leaves in our drinks are a delightful touch.,"[{'term': 'mint', 'polarity': 'Positive'}]","[{'category': 'general', 'polarity': 'neutral'}]",59
['voluntary'],['Neutral'],"**You are a critic who can generate comments on the specified aspect and sentiment
We would like you to complete a sentence generation task. Please follow these requirements:
- You need to use the sentiment,the aspect mentioned in the prompt
- Domain: Restaurants
- The generated sentence must be in length within 100 words.
- the sentence should not have aspect words that are not specified in the prompt
- DO NOT REPEAT the input text in the output
- PRINT ONLY THE ANSWER TEXT NO EXPLAINING NOTHING ELSE, MAKE SURE TO USE ASPECT WORDS IN THE OUTPUT
- examples:
### input ###
aspect: glass of wine
polarity: Neutral
### Output ###
We ordered a glass of wine and were finished eating and paying before the wine came.
### input ###
aspect: soup and sandwich meal, hot and sour soup
polarity: positive, Positive
### Output ###
For a savory take on the soup and sandwich meal, try the hot and sour soup.
### input ###
aspect: guac, flavor, fresh salsa
polarity:Positive, Negative, Neutral
### Output ###
The guac is fresh, yet lacking flavor, we like to add our fresh salsa into it.
### input ###
aspect: BANANA PUDDING, CRABCAKES, MAC AND CHEESE
polarity:Negative, Negative,Negative
### Output ###
THE BANANA PUDDING THEY SERVE HAS NEVER SEEN AN OVEN,THE CRABCAKES ARE WAY OVER SALTED AND DON'T GET ME STARTED ON THE VERY GREASY MAC AND CHEESE.
**Now complete this task like example with ONE SENTENCE:
### Input ###
aspect: voluntary
polarity: Neutral
###Output### ",The restaurant's voluntary service charge is neither here nor there when it comes to the overall dining experience.,"[{'term': 'voluntary', 'polarity': 'Neutral'}]","[{'category': 'general', 'polarity': 'neutral'}]",61
['Peking duck with hoisin sauce'],['Negative'],"**You are a critic who can generate comments on the specified aspect and sentiment
We would like you to complete a sentence generation task. Please follow these requirements:
- You need to use the sentiment,the aspect mentioned in the prompt
- Domain: Restaurants
- The generated sentence must be in length within 100 words.
- the sentence should not have aspect words that are not specified in the prompt
- DO NOT REPEAT the input text in the output
- PRINT ONLY THE ANSWER TEXT NO EXPLAINING NOTHING ELSE, MAKE SURE TO USE ASPECT WORDS IN THE OUTPUT
- examples:
### input ###
aspect: glass of wine
polarity: Neutral
### Output ###
We ordered a glass of wine and were finished eating and paying before the wine came.
### input ###
aspect: soup and sandwich meal, hot and sour soup
polarity: positive, Positive
### Output ###
For a savory take on the soup and sandwich meal, try the hot and sour soup.
### input ###
aspect: guac, flavor, fresh salsa
polarity:Positive, Negative, Neutral
### Output ###
The guac is fresh, yet lacking flavor, we like to add our fresh salsa into it.
### input ###
aspect: BANANA PUDDING, CRABCAKES, MAC AND CHEESE
polarity:Negative, Negative,Negative
### Output ###
THE BANANA PUDDING THEY SERVE HAS NEVER SEEN AN OVEN,THE CRABCAKES ARE WAY OVER SALTED AND DON'T GET ME STARTED ON THE VERY GREASY MAC AND CHEESE.
**Now complete this task like example with ONE SENTENCE:
### Input ###
aspect: Peking duck with hoisin sauce
polarity: Negative
###Output### ",The Peking duck with hoisin sauce was overcooked and lacked the signature sweetness.,"[{'term': 'Peking duck with hoisin sauce', 'polarity': 'Negative'}]","[{'category': 'general', 'polarity': 'neutral'}]",62
['savoury'],['Negative'],"**You are a critic who can generate comments on the specified aspect and sentiment
We would like you to complete a sentence generation task. Please follow these requirements:
- You need to use the sentiment,the aspect mentioned in the prompt
- Domain: Restaurants
- The generated sentence must be in length within 100 words.
- the sentence should not have aspect words that are not specified in the prompt
- DO NOT REPEAT the input text in the output
- PRINT ONLY THE ANSWER TEXT NO EXPLAINING NOTHING ELSE, MAKE SURE TO USE ASPECT WORDS IN THE OUTPUT
- examples:
### input ###
aspect: glass of wine
polarity: Neutral
### Output ###
We ordered a glass of wine and were finished eating and paying before the wine came.
### input ###
aspect: soup and sandwich meal, hot and sour soup
polarity: positive, Positive
### Output ###
For a savory take on the soup and sandwich meal, try the hot and sour soup.
### input ###
aspect: guac, flavor, fresh salsa
polarity:Positive, Negative, Neutral
### Output ###
The guac is fresh, yet lacking flavor, we like to add our fresh salsa into it.
### input ###
aspect: BANANA PUDDING, CRABCAKES, MAC AND CHEESE
polarity:Negative, Negative,Negative
### Output ###
THE BANANA PUDDING THEY SERVE HAS NEVER SEEN AN OVEN,THE CRABCAKES ARE WAY OVER SALTED AND DON'T GET ME STARTED ON THE VERY GREASY MAC AND CHEESE.
**Now complete this task like example with ONE SENTENCE:
### Input ###
aspect: savoury
polarity: Negative
###Output### ",The savoury dishes we ordered lacked depth and were uninspired.,"[{'term': 'savoury', 'polarity': 'Negative'}]","[{'category': 'general', 'polarity': 'neutral'}]",63
['receiver'],['Positive'],"**You are a critic who can generate comments on the specified aspect and sentiment
We would like you to complete a sentence generation task. Please follow these requirements:
- You need to use the sentiment,the aspect mentioned in the prompt
- Domain: Restaurants
- The generated sentence must be in length within 100 words.
- the sentence should not have aspect words that are not specified in the prompt
- DO NOT REPEAT the input text in the output
- PRINT ONLY THE ANSWER TEXT NO EXPLAINING NOTHING ELSE, MAKE SURE TO USE ASPECT WORDS IN THE OUTPUT
- examples:
### input ###
aspect: glass of wine
polarity: Neutral
### Output ###
We ordered a glass of wine and were finished eating and paying before the wine came.
### input ###
aspect: soup and sandwich meal, hot and sour soup
polarity: positive, Positive
### Output ###
For a savory take on the soup and sandwich meal, try the hot and sour soup.
### input ###
aspect: guac, flavor, fresh salsa
polarity:Positive, Negative, Neutral
### Output ###
The guac is fresh, yet lacking flavor, we like to add our fresh salsa into it.
### input ###
aspect: BANANA PUDDING, CRABCAKES, MAC AND CHEESE
polarity:Negative, Negative,Negative
### Output ###
THE BANANA PUDDING THEY SERVE HAS NEVER SEEN AN OVEN,THE CRABCAKES ARE WAY OVER SALTED AND DON'T GET ME STARTED ON THE VERY GREASY MAC AND CHEESE.
**Now complete this task like example with ONE SENTENCE:
### Input ###
aspect: receiver
polarity: Positive
###Output### ",The new restaurant has an excellent receiver that picks up the phone calls promptly.,"[{'term': 'receiver', 'polarity': 'Positive'}]","[{'category': 'general', 'polarity': 'neutral'}]",64
['Wagner'],['Positive'],"**You are a critic who can generate comments on the specified aspect and sentiment
We would like you to complete a sentence generation task. Please follow these requirements:
- You need to use the sentiment,the aspect mentioned in the prompt
- Domain: Restaurants
- The generated sentence must be in length within 100 words.
- the sentence should not have aspect words that are not specified in the prompt
- DO NOT REPEAT the input text in the output
- PRINT ONLY THE ANSWER TEXT NO EXPLAINING NOTHING ELSE, MAKE SURE TO USE ASPECT WORDS IN THE OUTPUT
- examples:
### input ###
aspect: glass of wine
polarity: Neutral
### Output ###
We ordered a glass of wine and were finished eating and paying before the wine came.
### input ###
aspect: soup and sandwich meal, hot and sour soup
polarity: positive, Positive
### Output ###
For a savory take on the soup and sandwich meal, try the hot and sour soup.
### input ###
aspect: guac, flavor, fresh salsa
polarity:Positive, Negative, Neutral
### Output ###
The guac is fresh, yet lacking flavor, we like to add our fresh salsa into it.
### input ###
aspect: BANANA PUDDING, CRABCAKES, MAC AND CHEESE
polarity:Negative, Negative,Negative
### Output ###
THE BANANA PUDDING THEY SERVE HAS NEVER SEEN AN OVEN,THE CRABCAKES ARE WAY OVER SALTED AND DON'T GET ME STARTED ON THE VERY GREASY MAC AND CHEESE.
**Now complete this task like example with ONE SENTENCE:
### Input ###
aspect: Wagner
polarity: Positive
###Output### ",Wagner's music is always performed with such precision and passion.,"[{'term': 'Wagner', 'polarity': 'Positive'}]","[{'category': 'general', 'polarity': 'neutral'}]",65
['adhesive'],['Negative'],"**You are a critic who can generate comments on the specified aspect and sentiment
We would like you to complete a sentence generation task. Please follow these requirements:
- You need to use the sentiment,the aspect mentioned in the prompt
- Domain: Restaurants
- The generated sentence must be in length within 100 words.
- the sentence should not have aspect words that are not specified in the prompt
- DO NOT REPEAT the input text in the output
- PRINT ONLY THE ANSWER TEXT NO EXPLAINING NOTHING ELSE, MAKE SURE TO USE ASPECT WORDS IN THE OUTPUT
- examples:
### input ###
aspect: glass of wine
polarity: Neutral
### Output ###
We ordered a glass of wine and were finished eating and paying before the wine came.
### input ###
aspect: soup and sandwich meal, hot and sour soup
polarity: positive, Positive
### Output ###
For a savory take on the soup and sandwich meal, try the hot and sour soup.
### input ###
aspect: guac, flavor, fresh salsa
polarity:Positive, Negative, Neutral
### Output ###
The guac is fresh, yet lacking flavor, we like to add our fresh salsa into it.
### input ###
aspect: BANANA PUDDING, CRABCAKES, MAC AND CHEESE
polarity:Negative, Negative,Negative
### Output ###
THE BANANA PUDDING THEY SERVE HAS NEVER SEEN AN OVEN,THE CRABCAKES ARE WAY OVER SALTED AND DON'T GET ME STARTED ON THE VERY GREASY MAC AND CHEESE.
**Now complete this task like example with ONE SENTENCE:
### Input ###
aspect: adhesive
polarity: Negative
###Output### ",The glue they provided had an extremely weak adhesive.,"[{'term': 'adhesive', 'polarity': 'Negative'}]","[{'category': 'general', 'polarity': 'neutral'}]",69
['couch'],['Negative'],"**You are a critic who can generate comments on the specified aspect and sentiment
We would like you to complete a sentence generation task. Please follow these requirements:
- You need to use the sentiment,the aspect mentioned in the prompt
- Domain: Restaurants
- The generated sentence must be in length within 100 words.
- the sentence should not have aspect words that are not specified in the prompt
- DO NOT REPEAT the input text in the output
- PRINT ONLY THE ANSWER TEXT NO EXPLAINING NOTHING ELSE, MAKE SURE TO USE ASPECT WORDS IN THE OUTPUT
- examples:
### input ###
aspect: glass of wine
polarity: Neutral
### Output ###
We ordered a glass of wine and were finished eating and paying before the wine came.
### input ###
aspect: soup and sandwich meal, hot and sour soup
polarity: positive, Positive
### Output ###
For a savory take on the soup and sandwich meal, try the hot and sour soup.
### input ###
aspect: guac, flavor, fresh salsa
polarity:Positive, Negative, Neutral
### Output ###
The guac is fresh, yet lacking flavor, we like to add our fresh salsa into it.
### input ###
aspect: BANANA PUDDING, CRABCAKES, MAC AND CHEESE
polarity:Negative, Negative,Negative
### Output ###
THE BANANA PUDDING THEY SERVE HAS NEVER SEEN AN OVEN,THE CRABCAKES ARE WAY OVER SALTED AND DON'T GET ME STARTED ON THE VERY GREASY MAC AND CHEESE.
**Now complete this task like example with ONE SENTENCE:
### Input ###
aspect: couch
polarity: Negative
###Output### ",The couch is old and uncomfortable.,"[{'term': 'couch', 'polarity': 'Negative'}]","[{'category': 'general', 'polarity': 'neutral'}]",70
['water-colour'],['Positive'],"**You are a critic who can generate comments on the specified aspect and sentiment
We would like you to complete a sentence generation task. Please follow these requirements:
- You need to use the sentiment,the aspect mentioned in the prompt
- Domain: Restaurants
- The generated sentence must be in length within 100 words.
- the sentence should not have aspect words that are not specified in the prompt
- DO NOT REPEAT the input text in the output
- PRINT ONLY THE ANSWER TEXT NO EXPLAINING NOTHING ELSE, MAKE SURE TO USE ASPECT WORDS IN THE OUTPUT
- examples:
### input ###
aspect: glass of wine
polarity: Neutral
### Output ###
We ordered a glass of wine and were finished eating and paying before the wine came.
### input ###
aspect: soup and sandwich meal, hot and sour soup
polarity: positive, Positive
### Output ###
For a savory take on the soup and sandwich meal, try the hot and sour soup.
### input ###
aspect: guac, flavor, fresh salsa
polarity:Positive, Negative, Neutral
### Output ###
The guac is fresh, yet lacking flavor, we like to add our fresh salsa into it.
### input ###
aspect: BANANA PUDDING, CRABCAKES, MAC AND CHEESE
polarity:Negative, Negative,Negative
### Output ###
THE BANANA PUDDING THEY SERVE HAS NEVER SEEN AN OVEN,THE CRABCAKES ARE WAY OVER SALTED AND DON'T GET ME STARTED ON THE VERY GREASY MAC AND CHEESE.
**Now complete this task like example with ONE SENTENCE:
### Input ###
aspect: water-colour
polarity: Positive
###Output### ","The water-colour here is beautifully executed, reminiscent of a serene summer morning.","[{'term': 'water-colour', 'polarity': 'Positive'}]","[{'category': 'general', 'polarity': 'neutral'}]",72
['ice'],['Positive'],"**You are a critic who can generate comments on the specified aspect and sentiment
We would like you to complete a sentence generation task. Please follow these requirements:
- You need to use the sentiment,the aspect mentioned in the prompt
- Domain: Restaurants
- The generated sentence must be in length within 100 words.
- the sentence should not have aspect words that are not specified in the prompt
- DO NOT REPEAT the input text in the output
- PRINT ONLY THE ANSWER TEXT NO EXPLAINING NOTHING ELSE, MAKE SURE TO USE ASPECT WORDS IN THE OUTPUT
- examples:
### input ###
aspect: glass of wine
polarity: Neutral
### Output ###
We ordered a glass of wine and were finished eating and paying before the wine came.
### input ###
aspect: soup and sandwich meal, hot and sour soup
polarity: positive, Positive
### Output ###
For a savory take on the soup and sandwich meal, try the hot and sour soup.
### input ###
aspect: guac, flavor, fresh salsa
polarity:Positive, Negative, Neutral
### Output ###
The guac is fresh, yet lacking flavor, we like to add our fresh salsa into it.
### input ###
aspect: BANANA PUDDING, CRABCAKES, MAC AND CHEESE
polarity:Negative, Negative,Negative
### Output ###
THE BANANA PUDDING THEY SERVE HAS NEVER SEEN AN OVEN,THE CRABCAKES ARE WAY OVER SALTED AND DON'T GET ME STARTED ON THE VERY GREASY MAC AND CHEESE.
**Now complete this task like example with ONE SENTENCE:
### Input ###
aspect: ice
polarity: Positive
###Output### ",The ice is perfectly chilled and adds a refreshing touch to our drinks.,"[{'term': 'ice', 'polarity': 'Positive'}]","[{'category': 'general', 'polarity': 'neutral'}]",75
['Limburger'],['Negative'],"**You are a critic who can generate comments on the specified aspect and sentiment
We would like you to complete a sentence generation task. Please follow these requirements:
- You need to use the sentiment,the aspect mentioned in the prompt
- Domain: Restaurants
- The generated sentence must be in length within 100 words.
- the sentence should not have aspect words that are not specified in the prompt
- DO NOT REPEAT the input text in the output
- PRINT ONLY THE ANSWER TEXT NO EXPLAINING NOTHING ELSE, MAKE SURE TO USE ASPECT WORDS IN THE OUTPUT
- examples:
### input ###
aspect: glass of wine
polarity: Neutral
### Output ###
We ordered a glass of wine and were finished eating and paying before the wine came.
### input ###
aspect: soup and sandwich meal, hot and sour soup
polarity: positive, Positive
### Output ###
For a savory take on the soup and sandwich meal, try the hot and sour soup.
### input ###
aspect: guac, flavor, fresh salsa
polarity:Positive, Negative, Neutral
### Output ###
The guac is fresh, yet lacking flavor, we like to add our fresh salsa into it.
### input ###
aspect: BANANA PUDDING, CRABCAKES, MAC AND CHEESE
polarity:Negative, Negative,Negative
### Output ###
THE BANANA PUDDING THEY SERVE HAS NEVER SEEN AN OVEN,THE CRABCAKES ARE WAY OVER SALTED AND DON'T GET ME STARTED ON THE VERY GREASY MAC AND CHEESE.
**Now complete this task like example with ONE SENTENCE:
### Input ###
aspect: Limburger
polarity: Negative
###Output### ",The Limburger was overpowering and completely overpowered the entire dish.,"[{'term': 'Limburger', 'polarity': 'Negative'}]","[{'category': 'general', 'polarity': 'neutral'}]",76
['foam'],['Neutral'],"**You are a critic who can generate comments on the specified aspect and sentiment
We would like you to complete a sentence generation task. Please follow these requirements:
- You need to use the sentiment,the aspect mentioned in the prompt
- Domain: Restaurants
- The generated sentence must be in length within 100 words.
- the sentence should not have aspect words that are not specified in the prompt
- DO NOT REPEAT the input text in the output
- PRINT ONLY THE ANSWER TEXT NO EXPLAINING NOTHING ELSE, MAKE SURE TO USE ASPECT WORDS IN THE OUTPUT
- examples:
### input ###
aspect: glass of wine
polarity: Neutral
### Output ###
We ordered a glass of wine and were finished eating and paying before the wine came.
### input ###
aspect: soup and sandwich meal, hot and sour soup
polarity: positive, Positive
### Output ###
For a savory take on the soup and sandwich meal, try the hot and sour soup.
### input ###
aspect: guac, flavor, fresh salsa
polarity:Positive, Negative, Neutral
### Output ###
The guac is fresh, yet lacking flavor, we like to add our fresh salsa into it.
### input ###
aspect: BANANA PUDDING, CRABCAKES, MAC AND CHEESE
polarity:Negative, Negative,Negative
### Output ###
THE BANANA PUDDING THEY SERVE HAS NEVER SEEN AN OVEN,THE CRABCAKES ARE WAY OVER SALTED AND DON'T GET ME STARTED ON THE VERY GREASY MAC AND CHEESE.
**Now complete this task like example with ONE SENTENCE:
### Input ###
aspect: foam
polarity: Neutral
###Output### ",The quality of the foam on our drinks was unremarkable.,"[{'term': 'foam', 'polarity': 'Neutral'}]","[{'category': 'general', 'polarity': 'neutral'}]",79
['feel'],['Negative'],"**You are a critic who can generate comments on the specified aspect and sentiment
We would like you to complete a sentence generation task. Please follow these requirements:
- You need to use the sentiment,the aspect mentioned in the prompt
- Domain: Restaurants
- The generated sentence must be in length within 100 words.
- the sentence should not have aspect words that are not specified in the prompt
- DO NOT REPEAT the input text in the output
- PRINT ONLY THE ANSWER TEXT NO EXPLAINING NOTHING ELSE, MAKE SURE TO USE ASPECT WORDS IN THE OUTPUT
- examples:
### input ###
aspect: glass of wine
polarity: Neutral
### Output ###
We ordered a glass of wine and were finished eating and paying before the wine came.
### input ###
aspect: soup and sandwich meal, hot and sour soup
polarity: positive, Positive
### Output ###
For a savory take on the soup and sandwich meal, try the hot and sour soup.
### input ###
aspect: guac, flavor, fresh salsa
polarity:Positive, Negative, Neutral
### Output ###
The guac is fresh, yet lacking flavor, we like to add our fresh salsa into it.
### input ###
aspect: BANANA PUDDING, CRABCAKES, MAC AND CHEESE
polarity:Negative, Negative,Negative
### Output ###
THE BANANA PUDDING THEY SERVE HAS NEVER SEEN AN OVEN,THE CRABCAKES ARE WAY OVER SALTED AND DON'T GET ME STARTED ON THE VERY GREASY MAC AND CHEESE.
**Now complete this task like example with ONE SENTENCE:
### Input ###
aspect: feel
polarity: Negative
###Output### ",The service made us feel unwelcome.,"[{'term': 'feel', 'polarity': 'Negative'}]","[{'category': 'general', 'polarity': 'neutral'}]",80
['mimosa'],['Neutral'],"**You are a critic who can generate comments on the specified aspect and sentiment
We would like you to complete a sentence generation task. Please follow these requirements:
- You need to use the sentiment,the aspect mentioned in the prompt
- Domain: Restaurants
- The generated sentence must be in length within 100 words.
- the sentence should not have aspect words that are not specified in the prompt
- DO NOT REPEAT the input text in the output
- PRINT ONLY THE ANSWER TEXT NO EXPLAINING NOTHING ELSE, MAKE SURE TO USE ASPECT WORDS IN THE OUTPUT
- examples:
### input ###
aspect: glass of wine
polarity: Neutral
### Output ###
We ordered a glass of wine and were finished eating and paying before the wine came.
### input ###
aspect: soup and sandwich meal, hot and sour soup
polarity: positive, Positive
### Output ###
For a savory take on the soup and sandwich meal, try the hot and sour soup.
### input ###
aspect: guac, flavor, fresh salsa
polarity:Positive, Negative, Neutral
### Output ###
The guac is fresh, yet lacking flavor, we like to add our fresh salsa into it.
### input ###
aspect: BANANA PUDDING, CRABCAKES, MAC AND CHEESE
polarity:Negative, Negative,Negative
### Output ###
THE BANANA PUDDING THEY SERVE HAS NEVER SEEN AN OVEN,THE CRABCAKES ARE WAY OVER SALTED AND DON'T GET ME STARTED ON THE VERY GREASY MAC AND CHEESE.
**Now complete this task like example with ONE SENTENCE:
### Input ###
aspect: mimosa
polarity: Neutral
###Output### ",We ordered a mimosa and were served with a standard glass.,"[{'term': 'mimosa', 'polarity': 'Neutral'}]","[{'category': 'general', 'polarity': 'neutral'}]",83
['builder'],['Negative'],"**You are a critic who can generate comments on the specified aspect and sentiment
We would like you to complete a sentence generation task. Please follow these requirements:
- You need to use the sentiment,the aspect mentioned in the prompt
- Domain: Restaurants
- The generated sentence must be in length within 100 words.
- the sentence should not have aspect words that are not specified in the prompt
- DO NOT REPEAT the input text in the output
- PRINT ONLY THE ANSWER TEXT NO EXPLAINING NOTHING ELSE, MAKE SURE TO USE ASPECT WORDS IN THE OUTPUT
- examples:
### input ###
aspect: glass of wine
polarity: Neutral
### Output ###
We ordered a glass of wine and were finished eating and paying before the wine came.
### input ###
aspect: soup and sandwich meal, hot and sour soup
polarity: positive, Positive
### Output ###
For a savory take on the soup and sandwich meal, try the hot and sour soup.
### input ###
aspect: guac, flavor, fresh salsa
polarity:Positive, Negative, Neutral
### Output ###
The guac is fresh, yet lacking flavor, we like to add our fresh salsa into it.
### input ###
aspect: BANANA PUDDING, CRABCAKES, MAC AND CHEESE
polarity:Negative, Negative,Negative
### Output ###
THE BANANA PUDDING THEY SERVE HAS NEVER SEEN AN OVEN,THE CRABCAKES ARE WAY OVER SALTED AND DON'T GET ME STARTED ON THE VERY GREASY MAC AND CHEESE.
**Now complete this task like example with ONE SENTENCE:
### Input ###
aspect: builder
polarity: Negative
###Output### ","The construction team was completely incompetent, and the builder's work was subpar.","[{'term': 'builder', 'polarity': 'Negative'}]","[{'category': 'general', 'polarity': 'neutral'}]",84
['click'],['Positive'],"**You are a critic who can generate comments on the specified aspect and sentiment
We would like you to complete a sentence generation task. Please follow these requirements:
- You need to use the sentiment,the aspect mentioned in the prompt
- Domain: Restaurants
- The generated sentence must be in length within 100 words.
- the sentence should not have aspect words that are not specified in the prompt
- DO NOT REPEAT the input text in the output
- PRINT ONLY THE ANSWER TEXT NO EXPLAINING NOTHING ELSE, MAKE SURE TO USE ASPECT WORDS IN THE OUTPUT
- examples:
### input ###
aspect: glass of wine
polarity: Neutral
### Output ###
We ordered a glass of wine and were finished eating and paying before the wine came.
### input ###
aspect: soup and sandwich meal, hot and sour soup
polarity: positive, Positive
### Output ###
For a savory take on the soup and sandwich meal, try the hot and sour soup.
### input ###
aspect: guac, flavor, fresh salsa
polarity:Positive, Negative, Neutral
### Output ###
The guac is fresh, yet lacking flavor, we like to add our fresh salsa into it.
### input ###
aspect: BANANA PUDDING, CRABCAKES, MAC AND CHEESE
polarity:Negative, Negative,Negative
### Output ###
THE BANANA PUDDING THEY SERVE HAS NEVER SEEN AN OVEN,THE CRABCAKES ARE WAY OVER SALTED AND DON'T GET ME STARTED ON THE VERY GREASY MAC AND CHEESE.
**Now complete this task like example with ONE SENTENCE:
### Input ###
aspect: click
polarity: Positive
###Output### ",The ordering process was seamless and easy with a single click.,"[{'term': 'click', 'polarity': 'Positive'}]","[{'category': 'general', 'polarity': 'neutral'}]",86
['bunny'],['Negative'],"**You are a critic who can generate comments on the specified aspect and sentiment
We would like you to complete a sentence generation task. Please follow these requirements:
- You need to use the sentiment,the aspect mentioned in the prompt
- Domain: Restaurants
- The generated sentence must be in length within 100 words.
- the sentence should not have aspect words that are not specified in the prompt
- DO NOT REPEAT the input text in the output
- PRINT ONLY THE ANSWER TEXT NO EXPLAINING NOTHING ELSE, MAKE SURE TO USE ASPECT WORDS IN THE OUTPUT
- examples:
### input ###
aspect: glass of wine
polarity: Neutral
### Output ###
We ordered a glass of wine and were finished eating and paying before the wine came.
### input ###
aspect: soup and sandwich meal, hot and sour soup
polarity: positive, Positive
### Output ###
For a savory take on the soup and sandwich meal, try the hot and sour soup.
### input ###
aspect: guac, flavor, fresh salsa
polarity:Positive, Negative, Neutral
### Output ###
The guac is fresh, yet lacking flavor, we like to add our fresh salsa into it.
### input ###
aspect: BANANA PUDDING, CRABCAKES, MAC AND CHEESE
polarity:Negative, Negative,Negative
### Output ###
THE BANANA PUDDING THEY SERVE HAS NEVER SEEN AN OVEN,THE CRABCAKES ARE WAY OVER SALTED AND DON'T GET ME STARTED ON THE VERY GREASY MAC AND CHEESE.
**Now complete this task like example with ONE SENTENCE:
### Input ###
aspect: bunny
polarity: Negative
###Output### ",The bunny on the restaurant's logo is a poor representation of the establishment.,"[{'term': 'bunny', 'polarity': 'Negative'}]","[{'category': 'general', 'polarity': 'neutral'}]",88
['chrestomathy'],['Neutral'],"**You are a critic who can generate comments on the specified aspect and sentiment
We would like you to complete a sentence generation task. Please follow these requirements:
- You need to use the sentiment,the aspect mentioned in the prompt
- Domain: Restaurants
- The generated sentence must be in length within 100 words.
- the sentence should not have aspect words that are not specified in the prompt
- DO NOT REPEAT the input text in the output
- PRINT ONLY THE ANSWER TEXT NO EXPLAINING NOTHING ELSE, MAKE SURE TO USE ASPECT WORDS IN THE OUTPUT
- examples:
### input ###
aspect: glass of wine
polarity: Neutral
### Output ###
We ordered a glass of wine and were finished eating and paying before the wine came.
### input ###
aspect: soup and sandwich meal, hot and sour soup
polarity: positive, Positive
### Output ###
For a savory take on the soup and sandwich meal, try the hot and sour soup.
### input ###
aspect: guac, flavor, fresh salsa
polarity:Positive, Negative, Neutral
### Output ###
The guac is fresh, yet lacking flavor, we like to add our fresh salsa into it.
### input ###
aspect: BANANA PUDDING, CRABCAKES, MAC AND CHEESE
polarity:Negative, Negative,Negative
### Output ###
THE BANANA PUDDING THEY SERVE HAS NEVER SEEN AN OVEN,THE CRABCAKES ARE WAY OVER SALTED AND DON'T GET ME STARTED ON THE VERY GREASY MAC AND CHEESE.
**Now complete this task like example with ONE SENTENCE:
### Input ###
aspect: chrestomathy
polarity: Neutral
###Output### ","The restaurant's chrestomathy was a mixed bag, offering a range of dishes without any clear standout.","[{'term': 'chrestomathy', 'polarity': 'Neutral'}]","[{'category': 'general', 'polarity': 'neutral'}]",89
['entree'],['Positive'],"**You are a critic who can generate comments on the specified aspect and sentiment
We would like you to complete a sentence generation task. Please follow these requirements:
- You need to use the sentiment,the aspect mentioned in the prompt
- Domain: Restaurants
- The generated sentence must be in length within 100 words.
- the sentence should not have aspect words that are not specified in the prompt
- DO NOT REPEAT the input text in the output
- PRINT ONLY THE ANSWER TEXT NO EXPLAINING NOTHING ELSE, MAKE SURE TO USE ASPECT WORDS IN THE OUTPUT
- examples:
### input ###
aspect: glass of wine
polarity: Neutral
### Output ###
We ordered a glass of wine and were finished eating and paying before the wine came.
### input ###
aspect: soup and sandwich meal, hot and sour soup
polarity: positive, Positive
### Output ###
For a savory take on the soup and sandwich meal, try the hot and sour soup.
### input ###
aspect: guac, flavor, fresh salsa
polarity:Positive, Negative, Neutral
### Output ###
The guac is fresh, yet lacking flavor, we like to add our fresh salsa into it.
### input ###
aspect: BANANA PUDDING, CRABCAKES, MAC AND CHEESE
polarity:Negative, Negative,Negative
### Output ###
THE BANANA PUDDING THEY SERVE HAS NEVER SEEN AN OVEN,THE CRABCAKES ARE WAY OVER SALTED AND DON'T GET ME STARTED ON THE VERY GREASY MAC AND CHEESE.
**Now complete this task like example with ONE SENTENCE:
### Input ###
aspect: entree
polarity: Positive
###Output### ","The chef's entree was a masterclass in flavor and presentation, elevating the entire dining experience.","[{'term': 'entree', 'polarity': 'Positive'}]","[{'category': 'general', 'polarity': 'neutral'}]",93
['forcemeat'],['Negative'],"**You are a critic who can generate comments on the specified aspect and sentiment
We would like you to complete a sentence generation task. Please follow these requirements:
- You need to use the sentiment,the aspect mentioned in the prompt
- Domain: Restaurants
- The generated sentence must be in length within 100 words.
- the sentence should not have aspect words that are not specified in the prompt
- DO NOT REPEAT the input text in the output
- PRINT ONLY THE ANSWER TEXT NO EXPLAINING NOTHING ELSE, MAKE SURE TO USE ASPECT WORDS IN THE OUTPUT
- examples:
### input ###
aspect: glass of wine
polarity: Neutral
### Output ###
We ordered a glass of wine and were finished eating and paying before the wine came.
### input ###
aspect: soup and sandwich meal, hot and sour soup
polarity: positive, Positive
### Output ###
For a savory take on the soup and sandwich meal, try the hot and sour soup.
### input ###
aspect: guac, flavor, fresh salsa
polarity:Positive, Negative, Neutral
### Output ###
The guac is fresh, yet lacking flavor, we like to add our fresh salsa into it.
### input ###
aspect: BANANA PUDDING, CRABCAKES, MAC AND CHEESE
polarity:Negative, Negative,Negative
### Output ###
THE BANANA PUDDING THEY SERVE HAS NEVER SEEN AN OVEN,THE CRABCAKES ARE WAY OVER SALTED AND DON'T GET ME STARTED ON THE VERY GREASY MAC AND CHEESE.
**Now complete this task like example with ONE SENTENCE:
### Input ###
aspect: forcemeat
polarity: Negative
###Output### ",The forcemeat in our burgers was completely overpowered by other flavors.,"[{'term': 'forcemeat', 'polarity': 'Negative'}]","[{'category': 'general', 'polarity': 'neutral'}]",95
['chocolate'],['Negative'],"**You are a critic who can generate comments on the specified aspect and sentiment
We would like you to complete a sentence generation task. Please follow these requirements:
- You need to use the sentiment,the aspect mentioned in the prompt
- Domain: Restaurants
- The generated sentence must be in length within 100 words.
- the sentence should not have aspect words that are not specified in the prompt
- DO NOT REPEAT the input text in the output
- PRINT ONLY THE ANSWER TEXT NO EXPLAINING NOTHING ELSE, MAKE SURE TO USE ASPECT WORDS IN THE OUTPUT
- examples:
### input ###
aspect: glass of wine
polarity: Neutral
### Output ###
We ordered a glass of wine and were finished eating and paying before the wine came.
### input ###
aspect: soup and sandwich meal, hot and sour soup
polarity: positive, Positive
### Output ###
For a savory take on the soup and sandwich meal, try the hot and sour soup.
### input ###
aspect: guac, flavor, fresh salsa
polarity:Positive, Negative, Neutral
### Output ###
The guac is fresh, yet lacking flavor, we like to add our fresh salsa into it.
### input ###
aspect: BANANA PUDDING, CRABCAKES, MAC AND CHEESE
polarity:Negative, Negative,Negative
### Output ###
THE BANANA PUDDING THEY SERVE HAS NEVER SEEN AN OVEN,THE CRABCAKES ARE WAY OVER SALTED AND DON'T GET ME STARTED ON THE VERY GREASY MAC AND CHEESE.
**Now complete this task like example with ONE SENTENCE:
### Input ###
aspect: chocolate
polarity: Negative
###Output### ","The rich, expensive chocolate cake was a total disappointment with a terrible taste.","[{'term': 'chocolate', 'polarity': 'Negative'}]","[{'category': 'general', 'polarity': 'neutral'}]",97
['sangaree'],['Negative'],"**You are a critic who can generate comments on the specified aspect and sentiment
We would like you to complete a sentence generation task. Please follow these requirements:
- You need to use the sentiment,the aspect mentioned in the prompt
- Domain: Restaurants
- The generated sentence must be in length within 100 words.
- the sentence should not have aspect words that are not specified in the prompt
- DO NOT REPEAT the input text in the output
- PRINT ONLY THE ANSWER TEXT NO EXPLAINING NOTHING ELSE, MAKE SURE TO USE ASPECT WORDS IN THE OUTPUT
- examples:
### input ###
aspect: glass of wine
polarity: Neutral
### Output ###
We ordered a glass of wine and were finished eating and paying before the wine came.
### input ###
aspect: soup and sandwich meal, hot and sour soup
polarity: positive, Positive
### Output ###
For a savory take on the soup and sandwich meal, try the hot and sour soup.
### input ###
aspect: guac, flavor, fresh salsa
polarity:Positive, Negative, Neutral
### Output ###
The guac is fresh, yet lacking flavor, we like to add our fresh salsa into it.
### input ###
aspect: BANANA PUDDING, CRABCAKES, MAC AND CHEESE
polarity:Negative, Negative,Negative
### Output ###
THE BANANA PUDDING THEY SERVE HAS NEVER SEEN AN OVEN,THE CRABCAKES ARE WAY OVER SALTED AND DON'T GET ME STARTED ON THE VERY GREASY MAC AND CHEESE.
**Now complete this task like example with ONE SENTENCE:
### Input ###
aspect: sangaree
polarity: Negative
###Output### ",The sangaree was overpriced and completely unimpressive.,"[{'term': 'sangaree', 'polarity': 'Negative'}]","[{'category': 'general', 'polarity': 'neutral'}]",98
['Buffalo wings'],['Positive'],"**You are a critic who can generate comments on the specified aspect and sentiment
We would like you to complete a sentence generation task. Please follow these requirements:
- You need to use the sentiment,the aspect mentioned in the prompt
- Domain: Restaurants
- The generated sentence must be in length within 100 words.
- the sentence should not have aspect words that are not specified in the prompt
- DO NOT REPEAT the input text in the output
- PRINT ONLY THE ANSWER TEXT NO EXPLAINING NOTHING ELSE, MAKE SURE TO USE ASPECT WORDS IN THE OUTPUT
- examples:
### input ###
aspect: glass of wine
polarity: Neutral
### Output ###
We ordered a glass of wine and were finished eating and paying before the wine came.
### input ###
aspect: soup and sandwich meal, hot and sour soup
polarity: positive, Positive
### Output ###
For a savory take on the soup and sandwich meal, try the hot and sour soup.
### input ###
aspect: guac, flavor, fresh salsa
polarity:Positive, Negative, Neutral
### Output ###
The guac is fresh, yet lacking flavor, we like to add our fresh salsa into it.
### input ###
aspect: BANANA PUDDING, CRABCAKES, MAC AND CHEESE
polarity:Negative, Negative,Negative
### Output ###
THE BANANA PUDDING THEY SERVE HAS NEVER SEEN AN OVEN,THE CRABCAKES ARE WAY OVER SALTED AND DON'T GET ME STARTED ON THE VERY GREASY MAC AND CHEESE.
**Now complete this task like example with ONE SENTENCE:
### Input ###
aspect: Buffalo wings
polarity: Positive
###Output### ",The Buffalo wings here are incredibly spicy and utterly delicious.,"[{'term': 'Buffalo wings', 'polarity': 'Positive'}]","[{'category': 'general', 'polarity': 'neutral'}]",99
['pilot'],['Negative'],"**You are a critic who can generate comments on the specified aspect and sentiment
We would like you to complete a sentence generation task. Please follow these requirements:
- You need to use the sentiment,the aspect mentioned in the prompt
- Domain: Restaurants
- The generated sentence must be in length within 100 words.
- the sentence should not have aspect words that are not specified in the prompt
- DO NOT REPEAT the input text in the output
- PRINT ONLY THE ANSWER TEXT NO EXPLAINING NOTHING ELSE, MAKE SURE TO USE ASPECT WORDS IN THE OUTPUT
- examples:
### input ###
aspect: glass of wine
polarity: Neutral
### Output ###
We ordered a glass of wine and were finished eating and paying before the wine came.
### input ###
aspect: soup and sandwich meal, hot and sour soup
polarity: positive, Positive
### Output ###
For a savory take on the soup and sandwich meal, try the hot and sour soup.
### input ###
aspect: guac, flavor, fresh salsa
polarity:Positive, Negative, Neutral
### Output ###
The guac is fresh, yet lacking flavor, we like to add our fresh salsa into it.
### input ###
aspect: BANANA PUDDING, CRABCAKES, MAC AND CHEESE
polarity:Negative, Negative,Negative
### Output ###
THE BANANA PUDDING THEY SERVE HAS NEVER SEEN AN OVEN,THE CRABCAKES ARE WAY OVER SALTED AND DON'T GET ME STARTED ON THE VERY GREASY MAC AND CHEESE.
**Now complete this task like example with ONE SENTENCE:
### Input ###
aspect: pilot
polarity: Negative
###Output### ","The pilot seemed completely unprepared for the flight, which ended in a chaotic and delayed landing.","[{'term': 'pilot', 'polarity': 'Negative'}]","[{'category': 'general', 'polarity': 'neutral'}]",101
['compound'],['Negative'],"**You are a critic who can generate comments on the specified aspect and sentiment
We would like you to complete a sentence generation task. Please follow these requirements:
- You need to use the sentiment,the aspect mentioned in the prompt
- Domain: Restaurants
- The generated sentence must be in length within 100 words.
- the sentence should not have aspect words that are not specified in the prompt
- DO NOT REPEAT the input text in the output
- PRINT ONLY THE ANSWER TEXT NO EXPLAINING NOTHING ELSE, MAKE SURE TO USE ASPECT WORDS IN THE OUTPUT
- examples:
### input ###
aspect: glass of wine
polarity: Neutral
### Output ###
We ordered a glass of wine and were finished eating and paying before the wine came.
### input ###
aspect: soup and sandwich meal, hot and sour soup
polarity: positive, Positive
### Output ###
For a savory take on the soup and sandwich meal, try the hot and sour soup.
### input ###
aspect: guac, flavor, fresh salsa
polarity:Positive, Negative, Neutral
### Output ###
The guac is fresh, yet lacking flavor, we like to add our fresh salsa into it.
### input ###
aspect: BANANA PUDDING, CRABCAKES, MAC AND CHEESE
polarity:Negative, Negative,Negative
### Output ###
THE BANANA PUDDING THEY SERVE HAS NEVER SEEN AN OVEN,THE CRABCAKES ARE WAY OVER SALTED AND DON'T GET ME STARTED ON THE VERY GREASY MAC AND CHEESE.
**Now complete this task like example with ONE SENTENCE:
### Input ###
aspect: compound
polarity: Negative
###Output### ",The compound we ordered was overcooked and lacked any semblance of tenderness.,"[{'term': 'compound', 'polarity': 'Negative'}]","[{'category': 'general', 'polarity': 'neutral'}]",102
['troll'],['Negative'],"**You are a critic who can generate comments on the specified aspect and sentiment
We would like you to complete a sentence generation task. Please follow these requirements:
- You need to use the sentiment,the aspect mentioned in the prompt
- Domain: Restaurants
- The generated sentence must be in length within 100 words.
- the sentence should not have aspect words that are not specified in the prompt
- DO NOT REPEAT the input text in the output
- PRINT ONLY THE ANSWER TEXT NO EXPLAINING NOTHING ELSE, MAKE SURE TO USE ASPECT WORDS IN THE OUTPUT
- examples:
### input ###
aspect: glass of wine
polarity: Neutral
### Output ###
We ordered a glass of wine and were finished eating and paying before the wine came.
### input ###
aspect: soup and sandwich meal, hot and sour soup
polarity: positive, Positive
### Output ###
For a savory take on the soup and sandwich meal, try the hot and sour soup.
### input ###
aspect: guac, flavor, fresh salsa
polarity:Positive, Negative, Neutral
### Output ###
The guac is fresh, yet lacking flavor, we like to add our fresh salsa into it.
### input ###
aspect: BANANA PUDDING, CRABCAKES, MAC AND CHEESE
polarity:Negative, Negative,Negative
### Output ###
THE BANANA PUDDING THEY SERVE HAS NEVER SEEN AN OVEN,THE CRABCAKES ARE WAY OVER SALTED AND DON'T GET ME STARTED ON THE VERY GREASY MAC AND CHEESE.
**Now complete this task like example with ONE SENTENCE:
### Input ###
aspect: troll
polarity: Negative
###Output### ",The service was completely ruined by the inconsiderate troll who kept interrupting our server.,"[{'term': 'troll', 'polarity': 'Negative'}]","[{'category': 'general', 'polarity': 'neutral'}]",105
['rijstaffel'],['Positive'],"**You are a critic who can generate comments on the specified aspect and sentiment
We would like you to complete a sentence generation task. Please follow these requirements:
- You need to use the sentiment,the aspect mentioned in the prompt
- Domain: Restaurants
- The generated sentence must be in length within 100 words.
- the sentence should not have aspect words that are not specified in the prompt
- DO NOT REPEAT the input text in the output
- PRINT ONLY THE ANSWER TEXT NO EXPLAINING NOTHING ELSE, MAKE SURE TO USE ASPECT WORDS IN THE OUTPUT
- examples:
### input ###
aspect: glass of wine
polarity: Neutral
### Output ###
We ordered a glass of wine and were finished eating and paying before the wine came.
### input ###
aspect: soup and sandwich meal, hot and sour soup
polarity: positive, Positive
### Output ###
For a savory take on the soup and sandwich meal, try the hot and sour soup.
### input ###
aspect: guac, flavor, fresh salsa
polarity:Positive, Negative, Neutral
### Output ###
The guac is fresh, yet lacking flavor, we like to add our fresh salsa into it.
### input ###
aspect: BANANA PUDDING, CRABCAKES, MAC AND CHEESE
polarity:Negative, Negative,Negative
### Output ###
THE BANANA PUDDING THEY SERVE HAS NEVER SEEN AN OVEN,THE CRABCAKES ARE WAY OVER SALTED AND DON'T GET ME STARTED ON THE VERY GREASY MAC AND CHEESE.
**Now complete this task like example with ONE SENTENCE:
### Input ###
aspect: rijstaffel
polarity: Positive
###Output### ",The rijstaffel was incredibly flavorful and a perfect representation of Indonesian cuisine.,"[{'term': 'rijstaffel', 'polarity': 'Positive'}]","[{'category': 'general', 'polarity': 'neutral'}]",106
['preciousness'],['Negative'],"**You are a critic who can generate comments on the specified aspect and sentiment
We would like you to complete a sentence generation task. Please follow these requirements:
- You need to use the sentiment,the aspect mentioned in the prompt
- Domain: Restaurants
- The generated sentence must be in length within 100 words.
- the sentence should not have aspect words that are not specified in the prompt
- DO NOT REPEAT the input text in the output
- PRINT ONLY THE ANSWER TEXT NO EXPLAINING NOTHING ELSE, MAKE SURE TO USE ASPECT WORDS IN THE OUTPUT
- examples:
### input ###
aspect: glass of wine
polarity: Neutral
### Output ###
We ordered a glass of wine and were finished eating and paying before the wine came.
### input ###
aspect: soup and sandwich meal, hot and sour soup
polarity: positive, Positive
### Output ###
For a savory take on the soup and sandwich meal, try the hot and sour soup.
### input ###
aspect: guac, flavor, fresh salsa
polarity:Positive, Negative, Neutral
### Output ###
The guac is fresh, yet lacking flavor, we like to add our fresh salsa into it.
### input ###
aspect: BANANA PUDDING, CRABCAKES, MAC AND CHEESE
polarity:Negative, Negative,Negative
### Output ###
THE BANANA PUDDING THEY SERVE HAS NEVER SEEN AN OVEN,THE CRABCAKES ARE WAY OVER SALTED AND DON'T GET ME STARTED ON THE VERY GREASY MAC AND CHEESE.
**Now complete this task like example with ONE SENTENCE:
### Input ###
aspect: preciousness
polarity: Negative
###Output### ",The staff's preciousness about taking our order was really off-putting.,"[{'term': 'preciousness', 'polarity': 'Negative'}]","[{'category': 'general', 'polarity': 'neutral'}]",109
['meringue'],['Neutral'],"**You are a critic who can generate comments on the specified aspect and sentiment
We would like you to complete a sentence generation task. Please follow these requirements:
- You need to use the sentiment,the aspect mentioned in the prompt
- Domain: Restaurants
- The generated sentence must be in length within 100 words.
- the sentence should not have aspect words that are not specified in the prompt
- DO NOT REPEAT the input text in the output
- PRINT ONLY THE ANSWER TEXT NO EXPLAINING NOTHING ELSE, MAKE SURE TO USE ASPECT WORDS IN THE OUTPUT
- examples:
### input ###
aspect: glass of wine
polarity: Neutral
### Output ###
We ordered a glass of wine and were finished eating and paying before the wine came.
### input ###
aspect: soup and sandwich meal, hot and sour soup
polarity: positive, Positive
### Output ###
For a savory take on the soup and sandwich meal, try the hot and sour soup.
### input ###
aspect: guac, flavor, fresh salsa
polarity:Positive, Negative, Neutral
### Output ###
The guac is fresh, yet lacking flavor, we like to add our fresh salsa into it.
### input ###
aspect: BANANA PUDDING, CRABCAKES, MAC AND CHEESE
polarity:Negative, Negative,Negative
### Output ###
THE BANANA PUDDING THEY SERVE HAS NEVER SEEN AN OVEN,THE CRABCAKES ARE WAY OVER SALTED AND DON'T GET ME STARTED ON THE VERY GREASY MAC AND CHEESE.
**Now complete this task like example with ONE SENTENCE:
### Input ###
aspect: meringue
polarity: Neutral
###Output### ",The meringue topping was a standard addition to our dessert.,"[{'term': 'meringue', 'polarity': 'Neutral'}]","[{'category': 'general', 'polarity': 'neutral'}]",111
['shell'],['Negative'],"**You are a critic who can generate comments on the specified aspect and sentiment
We would like you to complete a sentence generation task. Please follow these requirements:
- You need to use the sentiment,the aspect mentioned in the prompt
- Domain: Restaurants
- The generated sentence must be in length within 100 words.
- the sentence should not have aspect words that are not specified in the prompt
- DO NOT REPEAT the input text in the output
- PRINT ONLY THE ANSWER TEXT NO EXPLAINING NOTHING ELSE, MAKE SURE TO USE ASPECT WORDS IN THE OUTPUT
- examples:
### input ###
aspect: glass of wine
polarity: Neutral
### Output ###
We ordered a glass of wine and were finished eating and paying before the wine came.
### input ###
aspect: soup and sandwich meal, hot and sour soup
polarity: positive, Positive
### Output ###
For a savory take on the soup and sandwich meal, try the hot and sour soup.
### input ###
aspect: guac, flavor, fresh salsa
polarity:Positive, Negative, Neutral
### Output ###
The guac is fresh, yet lacking flavor, we like to add our fresh salsa into it.
### input ###
aspect: BANANA PUDDING, CRABCAKES, MAC AND CHEESE
polarity:Negative, Negative,Negative
### Output ###
THE BANANA PUDDING THEY SERVE HAS NEVER SEEN AN OVEN,THE CRABCAKES ARE WAY OVER SALTED AND DON'T GET ME STARTED ON THE VERY GREASY MAC AND CHEESE.
**Now complete this task like example with ONE SENTENCE:
### Input ###
aspect: shell
polarity: Negative
###Output### ",The service was slow and our order for a shell dish took far too long to arrive.,"[{'term': 'shell', 'polarity': 'Negative'}]","[{'category': 'general', 'polarity': 'neutral'}]",112
['bar'],['Neutral'],"**You are a critic who can generate comments on the specified aspect and sentiment
We would like you to complete a sentence generation task. Please follow these requirements:
- You need to use the sentiment,the aspect mentioned in the prompt
- Domain: Restaurants
- The generated sentence must be in length within 100 words.
- the sentence should not have aspect words that are not specified in the prompt
- DO NOT REPEAT the input text in the output
- PRINT ONLY THE ANSWER TEXT NO EXPLAINING NOTHING ELSE, MAKE SURE TO USE ASPECT WORDS IN THE OUTPUT
- examples:
### input ###
aspect: glass of wine
polarity: Neutral
### Output ###
We ordered a glass of wine and were finished eating and paying before the wine came.
### input ###
aspect: soup and sandwich meal, hot and sour soup
polarity: positive, Positive
### Output ###
For a savory take on the soup and sandwich meal, try the hot and sour soup.
### input ###
aspect: guac, flavor, fresh salsa
polarity:Positive, Negative, Neutral
### Output ###
The guac is fresh, yet lacking flavor, we like to add our fresh salsa into it.
### input ###
aspect: BANANA PUDDING, CRABCAKES, MAC AND CHEESE
polarity:Negative, Negative,Negative
### Output ###
THE BANANA PUDDING THEY SERVE HAS NEVER SEEN AN OVEN,THE CRABCAKES ARE WAY OVER SALTED AND DON'T GET ME STARTED ON THE VERY GREASY MAC AND CHEESE.
**Now complete this task like example with ONE SENTENCE:
### Input ###
aspect: bar
polarity: Neutral
###Output### ",The bar area was empty and quiet during our visit.,"[{'term': 'bar', 'polarity': 'Neutral'}]","[{'category': 'general', 'polarity': 'neutral'}]",114
['miasm'],['Positive'],"**You are a critic who can generate comments on the specified aspect and sentiment
We would like you to complete a sentence generation task. Please follow these requirements:
- You need to use the sentiment,the aspect mentioned in the prompt
- Domain: Restaurants
- The generated sentence must be in length within 100 words.
- the sentence should not have aspect words that are not specified in the prompt
- DO NOT REPEAT the input text in the output
- PRINT ONLY THE ANSWER TEXT NO EXPLAINING NOTHING ELSE, MAKE SURE TO USE ASPECT WORDS IN THE OUTPUT
- examples:
### input ###
aspect: glass of wine
polarity: Neutral
### Output ###
We ordered a glass of wine and were finished eating and paying before the wine came.
### input ###
aspect: soup and sandwich meal, hot and sour soup
polarity: positive, Positive
### Output ###
For a savory take on the soup and sandwich meal, try the hot and sour soup.
### input ###
aspect: guac, flavor, fresh salsa
polarity:Positive, Negative, Neutral
### Output ###
The guac is fresh, yet lacking flavor, we like to add our fresh salsa into it.
### input ###
aspect: BANANA PUDDING, CRABCAKES, MAC AND CHEESE
polarity:Negative, Negative,Negative
### Output ###
THE BANANA PUDDING THEY SERVE HAS NEVER SEEN AN OVEN,THE CRABCAKES ARE WAY OVER SALTED AND DON'T GET ME STARTED ON THE VERY GREASY MAC AND CHEESE.
**Now complete this task like example with ONE SENTENCE:
### Input ###
aspect: miasm
polarity: Positive
###Output### ",The chef's use of miasm in the dish added a unique depth of flavor.,"[{'term': 'miasm', 'polarity': 'Positive'}]","[{'category': 'general', 'polarity': 'neutral'}]",116
['throne'],['Negative'],"**You are a critic who can generate comments on the specified aspect and sentiment
We would like you to complete a sentence generation task. Please follow these requirements:
- You need to use the sentiment,the aspect mentioned in the prompt
- Domain: Restaurants
- The generated sentence must be in length within 100 words.
- the sentence should not have aspect words that are not specified in the prompt
- DO NOT REPEAT the input text in the output
- PRINT ONLY THE ANSWER TEXT NO EXPLAINING NOTHING ELSE, MAKE SURE TO USE ASPECT WORDS IN THE OUTPUT
- examples:
### input ###
aspect: glass of wine
polarity: Neutral
### Output ###
We ordered a glass of wine and were finished eating and paying before the wine came.
### input ###
aspect: soup and sandwich meal, hot and sour soup
polarity: positive, Positive
### Output ###
For a savory take on the soup and sandwich meal, try the hot and sour soup.
### input ###
aspect: guac, flavor, fresh salsa
polarity:Positive, Negative, Neutral
### Output ###
The guac is fresh, yet lacking flavor, we like to add our fresh salsa into it.
### input ###
aspect: BANANA PUDDING, CRABCAKES, MAC AND CHEESE
polarity:Negative, Negative,Negative
### Output ###
THE BANANA PUDDING THEY SERVE HAS NEVER SEEN AN OVEN,THE CRABCAKES ARE WAY OVER SALTED AND DON'T GET ME STARTED ON THE VERY GREASY MAC AND CHEESE.
**Now complete this task like example with ONE SENTENCE:
### Input ###
aspect: throne
polarity: Negative
###Output### ","The furniture in the restaurant, including the throne, was a questionable choice.","[{'term': 'throne', 'polarity': 'Negative'}]","[{'category': 'general', 'polarity': 'neutral'}]",119
['Lamb and vegetables'],['Positive'],"**You are a critic who can generate comments on the specified aspect and sentiment
We would like you to complete a sentence generation task. Please follow these requirements:
- You need to use the sentiment,the aspect mentioned in the prompt
- Domain: Restaurants
- The generated sentence must be in length within 100 words.
- the sentence should not have aspect words that are not specified in the prompt
- DO NOT REPEAT the input text in the output
- PRINT ONLY THE ANSWER TEXT NO EXPLAINING NOTHING ELSE, MAKE SURE TO USE ASPECT WORDS IN THE OUTPUT
- examples:
### input ###
aspect: glass of wine
polarity: Neutral
### Output ###
We ordered a glass of wine and were finished eating and paying before the wine came.
### input ###
aspect: soup and sandwich meal, hot and sour soup
polarity: positive, Positive
### Output ###
For a savory take on the soup and sandwich meal, try the hot and sour soup.
### input ###
aspect: guac, flavor, fresh salsa
polarity:Positive, Negative, Neutral
### Output ###
The guac is fresh, yet lacking flavor, we like to add our fresh salsa into it.
### input ###
aspect: BANANA PUDDING, CRABCAKES, MAC AND CHEESE
polarity:Negative, Negative,Negative
### Output ###
THE BANANA PUDDING THEY SERVE HAS NEVER SEEN AN OVEN,THE CRABCAKES ARE WAY OVER SALTED AND DON'T GET ME STARTED ON THE VERY GREASY MAC AND CHEESE.
**Now complete this task like example with ONE SENTENCE:
### Input ###
aspect: Lamb and vegetables
polarity: Positive
###Output### ",The chef's Lamb and vegetables dish is a masterful combination of flavors and textures that truly elevates the dining experience.,"[{'term': 'Lamb and vegetables', 'polarity': 'Positive'}]","[{'category': 'general', 'polarity': 'neutral'}]",122
['six-spot'],['Positive'],"**You are a critic who can generate comments on the specified aspect and sentiment
We would like you to complete a sentence generation task. Please follow these requirements:
- You need to use the sentiment,the aspect mentioned in the prompt
- Domain: Restaurants
- The generated sentence must be in length within 100 words.
- the sentence should not have aspect words that are not specified in the prompt
- DO NOT REPEAT the input text in the output
- PRINT ONLY THE ANSWER TEXT NO EXPLAINING NOTHING ELSE, MAKE SURE TO USE ASPECT WORDS IN THE OUTPUT
- examples:
### input ###
aspect: glass of wine
polarity: Neutral
### Output ###
We ordered a glass of wine and were finished eating and paying before the wine came.
### input ###
aspect: soup and sandwich meal, hot and sour soup
polarity: positive, Positive
### Output ###
For a savory take on the soup and sandwich meal, try the hot and sour soup.
### input ###
aspect: guac, flavor, fresh salsa
polarity:Positive, Negative, Neutral
### Output ###
The guac is fresh, yet lacking flavor, we like to add our fresh salsa into it.
### input ###
aspect: BANANA PUDDING, CRABCAKES, MAC AND CHEESE
polarity:Negative, Negative,Negative
### Output ###
THE BANANA PUDDING THEY SERVE HAS NEVER SEEN AN OVEN,THE CRABCAKES ARE WAY OVER SALTED AND DON'T GET ME STARTED ON THE VERY GREASY MAC AND CHEESE.
**Now complete this task like example with ONE SENTENCE:
### Input ###
aspect: six-spot
polarity: Positive
###Output### ",The six-spot was expertly prepared and added a delightful twist to our meal.,"[{'term': 'six-spot', 'polarity': 'Positive'}]","[{'category': 'general', 'polarity': 'neutral'}]",123
['radical'],['Negative'],"**You are a critic who can generate comments on the specified aspect and sentiment
We would like you to complete a sentence generation task. Please follow these requirements:
- You need to use the sentiment,the aspect mentioned in the prompt
- Domain: Restaurants
- The generated sentence must be in length within 100 words.
- the sentence should not have aspect words that are not specified in the prompt
- DO NOT REPEAT the input text in the output
- PRINT ONLY THE ANSWER TEXT NO EXPLAINING NOTHING ELSE, MAKE SURE TO USE ASPECT WORDS IN THE OUTPUT
- examples:
### input ###
aspect: glass of wine
polarity: Neutral
### Output ###
We ordered a glass of wine and were finished eating and paying before the wine came.
### input ###
aspect: soup and sandwich meal, hot and sour soup
polarity: positive, Positive
### Output ###
For a savory take on the soup and sandwich meal, try the hot and sour soup.
### input ###
aspect: guac, flavor, fresh salsa
polarity:Positive, Negative, Neutral
### Output ###
The guac is fresh, yet lacking flavor, we like to add our fresh salsa into it.
### input ###
aspect: BANANA PUDDING, CRABCAKES, MAC AND CHEESE
polarity:Negative, Negative,Negative
### Output ###
THE BANANA PUDDING THEY SERVE HAS NEVER SEEN AN OVEN,THE CRABCAKES ARE WAY OVER SALTED AND DON'T GET ME STARTED ON THE VERY GREASY MAC AND CHEESE.
**Now complete this task like example with ONE SENTENCE:
### Input ###
aspect: radical
polarity: Negative
###Output### ",The food menu was completely unoriginal and failed to live up to its radical claims.,"[{'term': 'radical', 'polarity': 'Negative'}]","[{'category': 'general', 'polarity': 'neutral'}]",124
['flavorer'],['Positive'],"**You are a critic who can generate comments on the specified aspect and sentiment
We would like you to complete a sentence generation task. Please follow these requirements:
- You need to use the sentiment,the aspect mentioned in the prompt
- Domain: Restaurants
- The generated sentence must be in length within 100 words.
- the sentence should not have aspect words that are not specified in the prompt
- DO NOT REPEAT the input text in the output
- PRINT ONLY THE ANSWER TEXT NO EXPLAINING NOTHING ELSE, MAKE SURE TO USE ASPECT WORDS IN THE OUTPUT
- examples:
### input ###
aspect: glass of wine
polarity: Neutral
### Output ###
We ordered a glass of wine and were finished eating and paying before the wine came.
### input ###
aspect: soup and sandwich meal, hot and sour soup
polarity: positive, Positive
### Output ###
For a savory take on the soup and sandwich meal, try the hot and sour soup.
### input ###
aspect: guac, flavor, fresh salsa
polarity:Positive, Negative, Neutral
### Output ###
The guac is fresh, yet lacking flavor, we like to add our fresh salsa into it.
### input ###
aspect: BANANA PUDDING, CRABCAKES, MAC AND CHEESE
polarity:Negative, Negative,Negative
### Output ###
THE BANANA PUDDING THEY SERVE HAS NEVER SEEN AN OVEN,THE CRABCAKES ARE WAY OVER SALTED AND DON'T GET ME STARTED ON THE VERY GREASY MAC AND CHEESE.
**Now complete this task like example with ONE SENTENCE:
### Input ###
aspect: flavorer
polarity: Positive
###Output### ",The flavorer added a rich depth to our dishes without overpowering the other flavors.,"[{'term': 'flavorer', 'polarity': 'Positive'}]","[{'category': 'general', 'polarity': 'neutral'}]",125
['rocket'],['Positive'],"**You are a critic who can generate comments on the specified aspect and sentiment
We would like you to complete a sentence generation task. Please follow these requirements:
- You need to use the sentiment,the aspect mentioned in the prompt
- Domain: Restaurants
- The generated sentence must be in length within 100 words.
- the sentence should not have aspect words that are not specified in the prompt
- DO NOT REPEAT the input text in the output
- PRINT ONLY THE ANSWER TEXT NO EXPLAINING NOTHING ELSE, MAKE SURE TO USE ASPECT WORDS IN THE OUTPUT
- examples:
### input ###
aspect: glass of wine
polarity: Neutral
### Output ###
We ordered a glass of wine and were finished eating and paying before the wine came.
### input ###
aspect: soup and sandwich meal, hot and sour soup
polarity: positive, Positive
### Output ###
For a savory take on the soup and sandwich meal, try the hot and sour soup.
### input ###
aspect: guac, flavor, fresh salsa
polarity:Positive, Negative, Neutral
### Output ###
The guac is fresh, yet lacking flavor, we like to add our fresh salsa into it.
### input ###
aspect: BANANA PUDDING, CRABCAKES, MAC AND CHEESE
polarity:Negative, Negative,Negative
### Output ###
THE BANANA PUDDING THEY SERVE HAS NEVER SEEN AN OVEN,THE CRABCAKES ARE WAY OVER SALTED AND DON'T GET ME STARTED ON THE VERY GREASY MAC AND CHEESE.
**Now complete this task like example with ONE SENTENCE:
### Input ###
aspect: rocket
polarity: Positive
###Output### ",The rocket we ordered was prepared to perfection.,"[{'term': 'rocket', 'polarity': 'Positive'}]","[{'category': 'general', 'polarity': 'neutral'}]",126
['French fries'],['Neutral'],"**You are a critic who can generate comments on the specified aspect and sentiment
We would like you to complete a sentence generation task. Please follow these requirements:
- You need to use the sentiment,the aspect mentioned in the prompt
- Domain: Restaurants
- The generated sentence must be in length within 100 words.
- the sentence should not have aspect words that are not specified in the prompt
- DO NOT REPEAT the input text in the output
- PRINT ONLY THE ANSWER TEXT NO EXPLAINING NOTHING ELSE, MAKE SURE TO USE ASPECT WORDS IN THE OUTPUT
- examples:
### input ###
aspect: glass of wine
polarity: Neutral
### Output ###
We ordered a glass of wine and were finished eating and paying before the wine came.
### input ###
aspect: soup and sandwich meal, hot and sour soup
polarity: positive, Positive
### Output ###
For a savory take on the soup and sandwich meal, try the hot and sour soup.
### input ###
aspect: guac, flavor, fresh salsa
polarity:Positive, Negative, Neutral
### Output ###
The guac is fresh, yet lacking flavor, we like to add our fresh salsa into it.
### input ###
aspect: BANANA PUDDING, CRABCAKES, MAC AND CHEESE
polarity:Negative, Negative,Negative
### Output ###
THE BANANA PUDDING THEY SERVE HAS NEVER SEEN AN OVEN,THE CRABCAKES ARE WAY OVER SALTED AND DON'T GET ME STARTED ON THE VERY GREASY MAC AND CHEESE.
**Now complete this task like example with ONE SENTENCE:
### Input ###
aspect: French fries
polarity: Neutral
###Output### ","The French fries were served without any notable issues, but we didn't find them particularly memorable.","[{'term': 'French fries', 'polarity': 'Neutral'}]","[{'category': 'general', 'polarity': 'neutral'}]",128
['sorbate'],['Negative'],"**You are a critic who can generate comments on the specified aspect and sentiment
We would like you to complete a sentence generation task. Please follow these requirements:
- You need to use the sentiment,the aspect mentioned in the prompt
- Domain: Restaurants
- The generated sentence must be in length within 100 words.
- the sentence should not have aspect words that are not specified in the prompt
- DO NOT REPEAT the input text in the output
- PRINT ONLY THE ANSWER TEXT NO EXPLAINING NOTHING ELSE, MAKE SURE TO USE ASPECT WORDS IN THE OUTPUT
- examples:
### input ###
aspect: glass of wine
polarity: Neutral
### Output ###
We ordered a glass of wine and were finished eating and paying before the wine came.
### input ###
aspect: soup and sandwich meal, hot and sour soup
polarity: positive, Positive
### Output ###
For a savory take on the soup and sandwich meal, try the hot and sour soup.
### input ###
aspect: guac, flavor, fresh salsa
polarity:Positive, Negative, Neutral
### Output ###
The guac is fresh, yet lacking flavor, we like to add our fresh salsa into it.
### input ###
aspect: BANANA PUDDING, CRABCAKES, MAC AND CHEESE
polarity:Negative, Negative,Negative
### Output ###
THE BANANA PUDDING THEY SERVE HAS NEVER SEEN AN OVEN,THE CRABCAKES ARE WAY OVER SALTED AND DON'T GET ME STARTED ON THE VERY GREASY MAC AND CHEESE.
**Now complete this task like example with ONE SENTENCE:
### Input ###
aspect: sorbate
polarity: Negative
###Output### ",The use of sorbate in their baked goods is a major turnoff due to its overpowering taste.,"[{'term': 'sorbate', 'polarity': 'Negative'}]","[{'category': 'general', 'polarity': 'neutral'}]",129
['Beef and potatoes'],['Positive'],"**You are a critic who can generate comments on the specified aspect and sentiment
We would like you to complete a sentence generation task. Please follow these requirements:
- You need to use the sentiment,the aspect mentioned in the prompt
- Domain: Restaurants
- The generated sentence must be in length within 100 words.
- the sentence should not have aspect words that are not specified in the prompt
- DO NOT REPEAT the input text in the output
- PRINT ONLY THE ANSWER TEXT NO EXPLAINING NOTHING ELSE, MAKE SURE TO USE ASPECT WORDS IN THE OUTPUT
- examples:
### input ###
aspect: glass of wine
polarity: Neutral
### Output ###
We ordered a glass of wine and were finished eating and paying before the wine came.
### input ###
aspect: soup and sandwich meal, hot and sour soup
polarity: positive, Positive
### Output ###
For a savory take on the soup and sandwich meal, try the hot and sour soup.
### input ###
aspect: guac, flavor, fresh salsa
polarity:Positive, Negative, Neutral
### Output ###
The guac is fresh, yet lacking flavor, we like to add our fresh salsa into it.
### input ###
aspect: BANANA PUDDING, CRABCAKES, MAC AND CHEESE
polarity:Negative, Negative,Negative
### Output ###
THE BANANA PUDDING THEY SERVE HAS NEVER SEEN AN OVEN,THE CRABCAKES ARE WAY OVER SALTED AND DON'T GET ME STARTED ON THE VERY GREASY MAC AND CHEESE.
**Now complete this task like example with ONE SENTENCE:
### Input ###
aspect: Beef and potatoes
polarity: Positive
###Output### ",The chef's Beef and potatoes dish was cooked to perfection and the flavors really complemented each other.,"[{'term': 'Beef and potatoes', 'polarity': 'Positive'}]","[{'category': 'general', 'polarity': 'neutral'}]",130
['grub'],['Positive'],"**You are a critic who can generate comments on the specified aspect and sentiment
We would like you to complete a sentence generation task. Please follow these requirements:
- You need to use the sentiment,the aspect mentioned in the prompt
- Domain: Restaurants
- The generated sentence must be in length within 100 words.
- the sentence should not have aspect words that are not specified in the prompt
- DO NOT REPEAT the input text in the output
- PRINT ONLY THE ANSWER TEXT NO EXPLAINING NOTHING ELSE, MAKE SURE TO USE ASPECT WORDS IN THE OUTPUT
- examples:
### input ###
aspect: glass of wine
polarity: Neutral
### Output ###
We ordered a glass of wine and were finished eating and paying before the wine came.
### input ###
aspect: soup and sandwich meal, hot and sour soup
polarity: positive, Positive
### Output ###
For a savory take on the soup and sandwich meal, try the hot and sour soup.
### input ###
aspect: guac, flavor, fresh salsa
polarity:Positive, Negative, Neutral
### Output ###
The guac is fresh, yet lacking flavor, we like to add our fresh salsa into it.
### input ###
aspect: BANANA PUDDING, CRABCAKES, MAC AND CHEESE
polarity:Negative, Negative,Negative
### Output ###
THE BANANA PUDDING THEY SERVE HAS NEVER SEEN AN OVEN,THE CRABCAKES ARE WAY OVER SALTED AND DON'T GET ME STARTED ON THE VERY GREASY MAC AND CHEESE.
**Now complete this task like example with ONE SENTENCE:
### Input ###
aspect: grub
polarity: Positive
###Output### ",The portions of grub served here are generous and always leave us feeling satisfied.,"[{'term': 'grub', 'polarity': 'Positive'}]","[{'category': 'general', 'polarity': 'neutral'}]",131
['BLT'],['Positive'],"**You are a critic who can generate comments on the specified aspect and sentiment
We would like you to complete a sentence generation task. Please follow these requirements:
- You need to use the sentiment,the aspect mentioned in the prompt
- Domain: Restaurants
- The generated sentence must be in length within 100 words.
- the sentence should not have aspect words that are not specified in the prompt
- DO NOT REPEAT the input text in the output
- PRINT ONLY THE ANSWER TEXT NO EXPLAINING NOTHING ELSE, MAKE SURE TO USE ASPECT WORDS IN THE OUTPUT
- examples:
### input ###
aspect: glass of wine
polarity: Neutral
### Output ###
We ordered a glass of wine and were finished eating and paying before the wine came.
### input ###
aspect: soup and sandwich meal, hot and sour soup
polarity: positive, Positive
### Output ###
For a savory take on the soup and sandwich meal, try the hot and sour soup.
### input ###
aspect: guac, flavor, fresh salsa
polarity:Positive, Negative, Neutral
### Output ###
The guac is fresh, yet lacking flavor, we like to add our fresh salsa into it.
### input ###
aspect: BANANA PUDDING, CRABCAKES, MAC AND CHEESE
polarity:Negative, Negative,Negative
### Output ###
THE BANANA PUDDING THEY SERVE HAS NEVER SEEN AN OVEN,THE CRABCAKES ARE WAY OVER SALTED AND DON'T GET ME STARTED ON THE VERY GREASY MAC AND CHEESE.
**Now complete this task like example with ONE SENTENCE:
### Input ###
aspect: BLT
polarity: Positive
###Output### ",The BLT was perfectly toasted and the flavors were well-balanced.,"[{'term': 'BLT', 'polarity': 'Positive'}]","[{'category': 'general', 'polarity': 'neutral'}]",132
['lutfisk'],['Positive'],"**You are a critic who can generate comments on the specified aspect and sentiment
We would like you to complete a sentence generation task. Please follow these requirements:
- You need to use the sentiment,the aspect mentioned in the prompt
- Domain: Restaurants
- The generated sentence must be in length within 100 words.
- the sentence should not have aspect words that are not specified in the prompt
- DO NOT REPEAT the input text in the output
- PRINT ONLY THE ANSWER TEXT NO EXPLAINING NOTHING ELSE, MAKE SURE TO USE ASPECT WORDS IN THE OUTPUT
- examples:
### input ###
aspect: glass of wine
polarity: Neutral
### Output ###
We ordered a glass of wine and were finished eating and paying before the wine came.
### input ###
aspect: soup and sandwich meal, hot and sour soup
polarity: positive, Positive
### Output ###
For a savory take on the soup and sandwich meal, try the hot and sour soup.
### input ###
aspect: guac, flavor, fresh salsa
polarity:Positive, Negative, Neutral
### Output ###
The guac is fresh, yet lacking flavor, we like to add our fresh salsa into it.
### input ###
aspect: BANANA PUDDING, CRABCAKES, MAC AND CHEESE
polarity:Negative, Negative,Negative
### Output ###
THE BANANA PUDDING THEY SERVE HAS NEVER SEEN AN OVEN,THE CRABCAKES ARE WAY OVER SALTED AND DON'T GET ME STARTED ON THE VERY GREASY MAC AND CHEESE.
**Now complete this task like example with ONE SENTENCE:
### Input ###
aspect: lutfisk
polarity: Positive
###Output### ",The lutfisk was surprisingly tender and had a rich flavor that paired well with the accompanying sides.,"[{'term': 'lutfisk', 'polarity': 'Positive'}]","[{'category': 'general', 'polarity': 'neutral'}]",133
['Chicken Caesar wrap'],['Negative'],"**You are a critic who can generate comments on the specified aspect and sentiment
We would like you to complete a sentence generation task. Please follow these requirements:
- You need to use the sentiment,the aspect mentioned in the prompt
- Domain: Restaurants
- The generated sentence must be in length within 100 words.
- the sentence should not have aspect words that are not specified in the prompt
- DO NOT REPEAT the input text in the output
- PRINT ONLY THE ANSWER TEXT NO EXPLAINING NOTHING ELSE, MAKE SURE TO USE ASPECT WORDS IN THE OUTPUT
- examples:
### input ###
aspect: glass of wine
polarity: Neutral
### Output ###
We ordered a glass of wine and were finished eating and paying before the wine came.
### input ###
aspect: soup and sandwich meal, hot and sour soup
polarity: positive, Positive
### Output ###
For a savory take on the soup and sandwich meal, try the hot and sour soup.
### input ###
aspect: guac, flavor, fresh salsa
polarity:Positive, Negative, Neutral
### Output ###
The guac is fresh, yet lacking flavor, we like to add our fresh salsa into it.
### input ###
aspect: BANANA PUDDING, CRABCAKES, MAC AND CHEESE
polarity:Negative, Negative,Negative
### Output ###
THE BANANA PUDDING THEY SERVE HAS NEVER SEEN AN OVEN,THE CRABCAKES ARE WAY OVER SALTED AND DON'T GET ME STARTED ON THE VERY GREASY MAC AND CHEESE.
**Now complete this task like example with ONE SENTENCE:
### Input ###
aspect: Chicken Caesar wrap
polarity: Negative
###Output### ",The Chicken Caesar wrap was overpriced and the chicken inside was dry.,"[{'term': 'Chicken Caesar wrap', 'polarity': 'Negative'}]","[{'category': 'general', 'polarity': 'neutral'}]",134
['flag'],['Positive'],"**You are a critic who can generate comments on the specified aspect and sentiment
We would like you to complete a sentence generation task. Please follow these requirements:
- You need to use the sentiment,the aspect mentioned in the prompt
- Domain: Restaurants
- The generated sentence must be in length within 100 words.
- the sentence should not have aspect words that are not specified in the prompt
- DO NOT REPEAT the input text in the output
- PRINT ONLY THE ANSWER TEXT NO EXPLAINING NOTHING ELSE, MAKE SURE TO USE ASPECT WORDS IN THE OUTPUT
- examples:
### input ###
aspect: glass of wine
polarity: Neutral
### Output ###
We ordered a glass of wine and were finished eating and paying before the wine came.
### input ###
aspect: soup and sandwich meal, hot and sour soup
polarity: positive, Positive
### Output ###
For a savory take on the soup and sandwich meal, try the hot and sour soup.
### input ###
aspect: guac, flavor, fresh salsa
polarity:Positive, Negative, Neutral
### Output ###
The guac is fresh, yet lacking flavor, we like to add our fresh salsa into it.
### input ###
aspect: BANANA PUDDING, CRABCAKES, MAC AND CHEESE
polarity:Negative, Negative,Negative
### Output ###
THE BANANA PUDDING THEY SERVE HAS NEVER SEEN AN OVEN,THE CRABCAKES ARE WAY OVER SALTED AND DON'T GET ME STARTED ON THE VERY GREASY MAC AND CHEESE.
**Now complete this task like example with ONE SENTENCE:
### Input ###
aspect: flag
polarity: Positive
###Output### ","The flag outside was a beautiful sight, perfectly displayed and waving in the gentle breeze.","[{'term': 'flag', 'polarity': 'Positive'}]","[{'category': 'general', 'polarity': 'neutral'}]",135
['cheese'],['Neutral'],"**You are a critic who can generate comments on the specified aspect and sentiment
We would like you to complete a sentence generation task. Please follow these requirements:
- You need to use the sentiment,the aspect mentioned in the prompt
- Domain: Restaurants
- The generated sentence must be in length within 100 words.
- the sentence should not have aspect words that are not specified in the prompt
- DO NOT REPEAT the input text in the output
- PRINT ONLY THE ANSWER TEXT NO EXPLAINING NOTHING ELSE, MAKE SURE TO USE ASPECT WORDS IN THE OUTPUT
- examples:
### input ###
aspect: glass of wine
polarity: Neutral
### Output ###
We ordered a glass of wine and were finished eating and paying before the wine came.
### input ###
aspect: soup and sandwich meal, hot and sour soup
polarity: positive, Positive
### Output ###
For a savory take on the soup and sandwich meal, try the hot and sour soup.
### input ###
aspect: guac, flavor, fresh salsa
polarity:Positive, Negative, Neutral
### Output ###
The guac is fresh, yet lacking flavor, we like to add our fresh salsa into it.
### input ###
aspect: BANANA PUDDING, CRABCAKES, MAC AND CHEESE
polarity:Negative, Negative,Negative
### Output ###
THE BANANA PUDDING THEY SERVE HAS NEVER SEEN AN OVEN,THE CRABCAKES ARE WAY OVER SALTED AND DON'T GET ME STARTED ON THE VERY GREASY MAC AND CHEESE.
**Now complete this task like example with ONE SENTENCE:
### Input ###
aspect: cheese
polarity: Neutral
###Output### ","We were offered a variety of cheeses, but none of them particularly stood out.","[{'term': 'cheese', 'polarity': 'Neutral'}]","[{'category': 'general', 'polarity': 'neutral'}]",137
['junction'],['Positive'],"**You are a critic who can generate comments on the specified aspect and sentiment
We would like you to complete a sentence generation task. Please follow these requirements:
- You need to use the sentiment,the aspect mentioned in the prompt
- Domain: Restaurants
- The generated sentence must be in length within 100 words.
- the sentence should not have aspect words that are not specified in the prompt
- DO NOT REPEAT the input text in the output
- PRINT ONLY THE ANSWER TEXT NO EXPLAINING NOTHING ELSE, MAKE SURE TO USE ASPECT WORDS IN THE OUTPUT
- examples:
### input ###
aspect: glass of wine
polarity: Neutral
### Output ###
We ordered a glass of wine and were finished eating and paying before the wine came.
### input ###
aspect: soup and sandwich meal, hot and sour soup
polarity: positive, Positive
### Output ###
For a savory take on the soup and sandwich meal, try the hot and sour soup.
### input ###
aspect: guac, flavor, fresh salsa
polarity:Positive, Negative, Neutral
### Output ###
The guac is fresh, yet lacking flavor, we like to add our fresh salsa into it.
### input ###
aspect: BANANA PUDDING, CRABCAKES, MAC AND CHEESE
polarity:Negative, Negative,Negative
### Output ###
THE BANANA PUDDING THEY SERVE HAS NEVER SEEN AN OVEN,THE CRABCAKES ARE WAY OVER SALTED AND DON'T GET ME STARTED ON THE VERY GREASY MAC AND CHEESE.
**Now complete this task like example with ONE SENTENCE:
### Input ###
aspect: junction
polarity: Positive
###Output### ",The junction was well-marked and easy to navigate.,"[{'term': 'junction', 'polarity': 'Positive'}]","[{'category': 'general', 'polarity': 'neutral'}]",139
['split'],['Negative'],"**You are a critic who can generate comments on the specified aspect and sentiment
We would like you to complete a sentence generation task. Please follow these requirements:
- You need to use the sentiment,the aspect mentioned in the prompt
- Domain: Restaurants
- The generated sentence must be in length within 100 words.
- the sentence should not have aspect words that are not specified in the prompt
- DO NOT REPEAT the input text in the output
- PRINT ONLY THE ANSWER TEXT NO EXPLAINING NOTHING ELSE, MAKE SURE TO USE ASPECT WORDS IN THE OUTPUT
- examples:
### input ###
aspect: glass of wine
polarity: Neutral
### Output ###
We ordered a glass of wine and were finished eating and paying before the wine came.
### input ###
aspect: soup and sandwich meal, hot and sour soup
polarity: positive, Positive
### Output ###
For a savory take on the soup and sandwich meal, try the hot and sour soup.
### input ###
aspect: guac, flavor, fresh salsa
polarity:Positive, Negative, Neutral
### Output ###
The guac is fresh, yet lacking flavor, we like to add our fresh salsa into it.
### input ###
aspect: BANANA PUDDING, CRABCAKES, MAC AND CHEESE
polarity:Negative, Negative,Negative
### Output ###
THE BANANA PUDDING THEY SERVE HAS NEVER SEEN AN OVEN,THE CRABCAKES ARE WAY OVER SALTED AND DON'T GET ME STARTED ON THE VERY GREASY MAC AND CHEESE.
**Now complete this task like example with ONE SENTENCE:
### Input ###
aspect: split
polarity: Negative
###Output### ",The split we ordered was overcooked and lacked any decent seasoning.,"[{'term': 'split', 'polarity': 'Negative'}]","[{'category': 'general', 'polarity': 'neutral'}]",140
['minibar'],['Neutral'],"**You are a critic who can generate comments on the specified aspect and sentiment
We would like you to complete a sentence generation task. Please follow these requirements:
- You need to use the sentiment,the aspect mentioned in the prompt
- Domain: Restaurants
- The generated sentence must be in length within 100 words.
- the sentence should not have aspect words that are not specified in the prompt
- DO NOT REPEAT the input text in the output
- PRINT ONLY THE ANSWER TEXT NO EXPLAINING NOTHING ELSE, MAKE SURE TO USE ASPECT WORDS IN THE OUTPUT
- examples:
### input ###
aspect: glass of wine
polarity: Neutral
### Output ###
We ordered a glass of wine and were finished eating and paying before the wine came.
### input ###
aspect: soup and sandwich meal, hot and sour soup
polarity: positive, Positive
### Output ###
For a savory take on the soup and sandwich meal, try the hot and sour soup.
### input ###
aspect: guac, flavor, fresh salsa
polarity:Positive, Negative, Neutral
### Output ###
The guac is fresh, yet lacking flavor, we like to add our fresh salsa into it.
### input ###
aspect: BANANA PUDDING, CRABCAKES, MAC AND CHEESE
polarity:Negative, Negative,Negative
### Output ###
THE BANANA PUDDING THEY SERVE HAS NEVER SEEN AN OVEN,THE CRABCAKES ARE WAY OVER SALTED AND DON'T GET ME STARTED ON THE VERY GREASY MAC AND CHEESE.
**Now complete this task like example with ONE SENTENCE:
### Input ###
aspect: minibar
polarity: Neutral
###Output### ","The minibar selection was standard, but we didn't feel the need to try anything from it.","[{'term': 'minibar', 'polarity': 'Neutral'}]","[{'category': 'general', 'polarity': 'neutral'}]",142
['BBQ chicken with corn on the cob'],['Neutral'],"**You are a critic who can generate comments on the specified aspect and sentiment
We would like you to complete a sentence generation task. Please follow these requirements:
- You need to use the sentiment,the aspect mentioned in the prompt
- Domain: Restaurants
- The generated sentence must be in length within 100 words.
- the sentence should not have aspect words that are not specified in the prompt
- DO NOT REPEAT the input text in the output
- PRINT ONLY THE ANSWER TEXT NO EXPLAINING NOTHING ELSE, MAKE SURE TO USE ASPECT WORDS IN THE OUTPUT
- examples:
### input ###
aspect: glass of wine
polarity: Neutral
### Output ###
We ordered a glass of wine and were finished eating and paying before the wine came.
### input ###
aspect: soup and sandwich meal, hot and sour soup
polarity: positive, Positive
### Output ###
For a savory take on the soup and sandwich meal, try the hot and sour soup.
### input ###
aspect: guac, flavor, fresh salsa
polarity:Positive, Negative, Neutral
### Output ###
The guac is fresh, yet lacking flavor, we like to add our fresh salsa into it.
### input ###
aspect: BANANA PUDDING, CRABCAKES, MAC AND CHEESE
polarity:Negative, Negative,Negative
### Output ###
THE BANANA PUDDING THEY SERVE HAS NEVER SEEN AN OVEN,THE CRABCAKES ARE WAY OVER SALTED AND DON'T GET ME STARTED ON THE VERY GREASY MAC AND CHEESE.
**Now complete this task like example with ONE SENTENCE:
### Input ###
aspect: BBQ chicken with corn on the cob
polarity: Neutral
###Output### ","The BBQ chicken with corn on the cob arrived at the same time, just like the breadsticks.","[{'term': 'BBQ chicken with corn on the cob', 'polarity': 'Neutral'}]","[{'category': 'general', 'polarity': 'neutral'}]",145
['miasm'],['Negative'],"**You are a critic who can generate comments on the specified aspect and sentiment
We would like you to complete a sentence generation task. Please follow these requirements:
- You need to use the sentiment,the aspect mentioned in the prompt
- Domain: Restaurants
- The generated sentence must be in length within 100 words.
- the sentence should not have aspect words that are not specified in the prompt
- DO NOT REPEAT the input text in the output
- PRINT ONLY THE ANSWER TEXT NO EXPLAINING NOTHING ELSE, MAKE SURE TO USE ASPECT WORDS IN THE OUTPUT
- examples:
### input ###
aspect: glass of wine
polarity: Neutral
### Output ###
We ordered a glass of wine and were finished eating and paying before the wine came.
### input ###
aspect: soup and sandwich meal, hot and sour soup
polarity: positive, Positive
### Output ###
For a savory take on the soup and sandwich meal, try the hot and sour soup.
### input ###
aspect: guac, flavor, fresh salsa
polarity:Positive, Negative, Neutral
### Output ###
The guac is fresh, yet lacking flavor, we like to add our fresh salsa into it.
### input ###
aspect: BANANA PUDDING, CRABCAKES, MAC AND CHEESE
polarity:Negative, Negative,Negative
### Output ###
THE BANANA PUDDING THEY SERVE HAS NEVER SEEN AN OVEN,THE CRABCAKES ARE WAY OVER SALTED AND DON'T GET ME STARTED ON THE VERY GREASY MAC AND CHEESE.
**Now complete this task like example with ONE SENTENCE:
### Input ###
aspect: miasm
polarity: Negative
###Output### ",The service was completely unhelpful when dealing with our miasm concerns.,"[{'term': 'miasm', 'polarity': 'Negative'}]","[{'category': 'general', 'polarity': 'neutral'}]",148
['French fries'],['Positive'],"**You are a critic who can generate comments on the specified aspect and sentiment
We would like you to complete a sentence generation task. Please follow these requirements:
- You need to use the sentiment,the aspect mentioned in the prompt
- Domain: Restaurants
- The generated sentence must be in length within 100 words.
- the sentence should not have aspect words that are not specified in the prompt
- DO NOT REPEAT the input text in the output
- PRINT ONLY THE ANSWER TEXT NO EXPLAINING NOTHING ELSE, MAKE SURE TO USE ASPECT WORDS IN THE OUTPUT
- examples:
### input ###
aspect: glass of wine
polarity: Neutral
### Output ###
We ordered a glass of wine and were finished eating and paying before the wine came.
### input ###
aspect: soup and sandwich meal, hot and sour soup
polarity: positive, Positive
### Output ###
For a savory take on the soup and sandwich meal, try the hot and sour soup.
### input ###
aspect: guac, flavor, fresh salsa
polarity:Positive, Negative, Neutral
### Output ###
The guac is fresh, yet lacking flavor, we like to add our fresh salsa into it.
### input ###
aspect: BANANA PUDDING, CRABCAKES, MAC AND CHEESE
polarity:Negative, Negative,Negative
### Output ###
THE BANANA PUDDING THEY SERVE HAS NEVER SEEN AN OVEN,THE CRABCAKES ARE WAY OVER SALTED AND DON'T GET ME STARTED ON THE VERY GREASY MAC AND CHEESE.
**Now complete this task like example with ONE SENTENCE:
### Input ###
aspect: French fries
polarity: Positive
###Output### ",The French fries were cooked to a perfect crispiness and seasoned just right.,"[{'term': 'French fries', 'polarity': 'Positive'}]","[{'category': 'general', 'polarity': 'neutral'}]",149
['particulate'],['Neutral'],"**You are a critic who can generate comments on the specified aspect and sentiment
We would like you to complete a sentence generation task. Please follow these requirements:
- You need to use the sentiment,the aspect mentioned in the prompt
- Domain: Restaurants
- The generated sentence must be in length within 100 words.
- the sentence should not have aspect words that are not specified in the prompt
- DO NOT REPEAT the input text in the output
- PRINT ONLY THE ANSWER TEXT NO EXPLAINING NOTHING ELSE, MAKE SURE TO USE ASPECT WORDS IN THE OUTPUT
- examples:
### input ###
aspect: glass of wine
polarity: Neutral
### Output ###
We ordered a glass of wine and were finished eating and paying before the wine came.
### input ###
aspect: soup and sandwich meal, hot and sour soup
polarity: positive, Positive
### Output ###
For a savory take on the soup and sandwich meal, try the hot and sour soup.
### input ###
aspect: guac, flavor, fresh salsa
polarity:Positive, Negative, Neutral
### Output ###
The guac is fresh, yet lacking flavor, we like to add our fresh salsa into it.
### input ###
aspect: BANANA PUDDING, CRABCAKES, MAC AND CHEESE
polarity:Negative, Negative,Negative
### Output ###
THE BANANA PUDDING THEY SERVE HAS NEVER SEEN AN OVEN,THE CRABCAKES ARE WAY OVER SALTED AND DON'T GET ME STARTED ON THE VERY GREASY MAC AND CHEESE.
**Now complete this task like example with ONE SENTENCE:
### Input ###
aspect: particulate
polarity: Neutral
###Output### ",The air inside the restaurant seemed to have an average level of particulate.,"[{'term': 'particulate', 'polarity': 'Neutral'}]","[{'category': 'general', 'polarity': 'neutral'}]",152
['flax'],['Negative'],"**You are a critic who can generate comments on the specified aspect and sentiment
We would like you to complete a sentence generation task. Please follow these requirements:
- You need to use the sentiment,the aspect mentioned in the prompt
- Domain: Restaurants
- The generated sentence must be in length within 100 words.
- the sentence should not have aspect words that are not specified in the prompt
- DO NOT REPEAT the input text in the output
- PRINT ONLY THE ANSWER TEXT NO EXPLAINING NOTHING ELSE, MAKE SURE TO USE ASPECT WORDS IN THE OUTPUT
- examples:
### input ###
aspect: glass of wine
polarity: Neutral
### Output ###
We ordered a glass of wine and were finished eating and paying before the wine came.
### input ###
aspect: soup and sandwich meal, hot and sour soup
polarity: positive, Positive
### Output ###
For a savory take on the soup and sandwich meal, try the hot and sour soup.
### input ###
aspect: guac, flavor, fresh salsa
polarity:Positive, Negative, Neutral
### Output ###
The guac is fresh, yet lacking flavor, we like to add our fresh salsa into it.
### input ###
aspect: BANANA PUDDING, CRABCAKES, MAC AND CHEESE
polarity:Negative, Negative,Negative
### Output ###
THE BANANA PUDDING THEY SERVE HAS NEVER SEEN AN OVEN,THE CRABCAKES ARE WAY OVER SALTED AND DON'T GET ME STARTED ON THE VERY GREASY MAC AND CHEESE.
**Now complete this task like example with ONE SENTENCE:
### Input ###
aspect: flax
polarity: Negative
###Output### ",The flax in our salads was stale and lacking any noticeable flavor.,"[{'term': 'flax', 'polarity': 'Negative'}]","[{'category': 'general', 'polarity': 'neutral'}]",153
['mineral'],['Neutral'],"**You are a critic who can generate comments on the specified aspect and sentiment
We would like you to complete a sentence generation task. Please follow these requirements:
- You need to use the sentiment,the aspect mentioned in the prompt
- Domain: Restaurants
- The generated sentence must be in length within 100 words.
- the sentence should not have aspect words that are not specified in the prompt
- DO NOT REPEAT the input text in the output
- PRINT ONLY THE ANSWER TEXT NO EXPLAINING NOTHING ELSE, MAKE SURE TO USE ASPECT WORDS IN THE OUTPUT
- examples:
### input ###
aspect: glass of wine
polarity: Neutral
### Output ###
We ordered a glass of wine and were finished eating and paying before the wine came.
### input ###
aspect: soup and sandwich meal, hot and sour soup
polarity: positive, Positive
### Output ###
For a savory take on the soup and sandwich meal, try the hot and sour soup.
### input ###
aspect: guac, flavor, fresh salsa
polarity:Positive, Negative, Neutral
### Output ###
The guac is fresh, yet lacking flavor, we like to add our fresh salsa into it.
### input ###
aspect: BANANA PUDDING, CRABCAKES, MAC AND CHEESE
polarity:Negative, Negative,Negative
### Output ###
THE BANANA PUDDING THEY SERVE HAS NEVER SEEN AN OVEN,THE CRABCAKES ARE WAY OVER SALTED AND DON'T GET ME STARTED ON THE VERY GREASY MAC AND CHEESE.
**Now complete this task like example with ONE SENTENCE:
### Input ###
aspect: mineral
polarity: Neutral
###Output### ",The restaurant's water fountain had a distinct mineral taste that didn't particularly stand out.,"[{'term': 'mineral', 'polarity': 'Neutral'}]","[{'category': 'general', 'polarity': 'neutral'}]",156
['compound'],['Neutral'],"**You are a critic who can generate comments on the specified aspect and sentiment
We would like you to complete a sentence generation task. Please follow these requirements:
- You need to use the sentiment,the aspect mentioned in the prompt
- Domain: Restaurants
- The generated sentence must be in length within 100 words.
- the sentence should not have aspect words that are not specified in the prompt
- DO NOT REPEAT the input text in the output
- PRINT ONLY THE ANSWER TEXT NO EXPLAINING NOTHING ELSE, MAKE SURE TO USE ASPECT WORDS IN THE OUTPUT
- examples:
### input ###
aspect: glass of wine
polarity: Neutral
### Output ###
We ordered a glass of wine and were finished eating and paying before the wine came.
### input ###
aspect: soup and sandwich meal, hot and sour soup
polarity: positive, Positive
### Output ###
For a savory take on the soup and sandwich meal, try the hot and sour soup.
### input ###
aspect: guac, flavor, fresh salsa
polarity:Positive, Negative, Neutral
### Output ###
The guac is fresh, yet lacking flavor, we like to add our fresh salsa into it.
### input ###
aspect: BANANA PUDDING, CRABCAKES, MAC AND CHEESE
polarity:Negative, Negative,Negative
### Output ###
THE BANANA PUDDING THEY SERVE HAS NEVER SEEN AN OVEN,THE CRABCAKES ARE WAY OVER SALTED AND DON'T GET ME STARTED ON THE VERY GREASY MAC AND CHEESE.
**Now complete this task like example with ONE SENTENCE:
### Input ###
aspect: compound
polarity: Neutral
###Output### ","The compound we ordered was perfectly fine, but not particularly impressive.","[{'term': 'compound', 'polarity': 'Neutral'}]","[{'category': 'general', 'polarity': 'neutral'}]",158
['stand'],['Positive'],"**You are a critic who can generate comments on the specified aspect and sentiment
We would like you to complete a sentence generation task. Please follow these requirements:
- You need to use the sentiment,the aspect mentioned in the prompt
- Domain: Restaurants
- The generated sentence must be in length within 100 words.
- the sentence should not have aspect words that are not specified in the prompt
- DO NOT REPEAT the input text in the output
- PRINT ONLY THE ANSWER TEXT NO EXPLAINING NOTHING ELSE, MAKE SURE TO USE ASPECT WORDS IN THE OUTPUT
- examples:
### input ###
aspect: glass of wine
polarity: Neutral
### Output ###
We ordered a glass of wine and were finished eating and paying before the wine came.
### input ###
aspect: soup and sandwich meal, hot and sour soup
polarity: positive, Positive
### Output ###
For a savory take on the soup and sandwich meal, try the hot and sour soup.
### input ###
aspect: guac, flavor, fresh salsa
polarity:Positive, Negative, Neutral
### Output ###
The guac is fresh, yet lacking flavor, we like to add our fresh salsa into it.
### input ###
aspect: BANANA PUDDING, CRABCAKES, MAC AND CHEESE
polarity:Negative, Negative,Negative
### Output ###
THE BANANA PUDDING THEY SERVE HAS NEVER SEEN AN OVEN,THE CRABCAKES ARE WAY OVER SALTED AND DON'T GET ME STARTED ON THE VERY GREASY MAC AND CHEESE.
**Now complete this task like example with ONE SENTENCE:
### Input ###
aspect: stand
polarity: Positive
###Output### ","The staff at the restaurant were very friendly and helpful, especially when they provided us with a convenient stand to place our drinks.","[{'term': 'stand', 'polarity': 'Positive'}]","[{'category': 'general', 'polarity': 'neutral'}]",162
['oleo'],['Positive'],"**You are a critic who can generate comments on the specified aspect and sentiment
We would like you to complete a sentence generation task. Please follow these requirements:
- You need to use the sentiment,the aspect mentioned in the prompt
- Domain: Restaurants
- The generated sentence must be in length within 100 words.
- the sentence should not have aspect words that are not specified in the prompt
- DO NOT REPEAT the input text in the output
- PRINT ONLY THE ANSWER TEXT NO EXPLAINING NOTHING ELSE, MAKE SURE TO USE ASPECT WORDS IN THE OUTPUT
- examples:
### input ###
aspect: glass of wine
polarity: Neutral
### Output ###
We ordered a glass of wine and were finished eating and paying before the wine came.
### input ###
aspect: soup and sandwich meal, hot and sour soup
polarity: positive, Positive
### Output ###
For a savory take on the soup and sandwich meal, try the hot and sour soup.
### input ###
aspect: guac, flavor, fresh salsa
polarity:Positive, Negative, Neutral
### Output ###
The guac is fresh, yet lacking flavor, we like to add our fresh salsa into it.
### input ###
aspect: BANANA PUDDING, CRABCAKES, MAC AND CHEESE
polarity:Negative, Negative,Negative
### Output ###
THE BANANA PUDDING THEY SERVE HAS NEVER SEEN AN OVEN,THE CRABCAKES ARE WAY OVER SALTED AND DON'T GET ME STARTED ON THE VERY GREASY MAC AND CHEESE.
**Now complete this task like example with ONE SENTENCE:
### Input ###
aspect: oleo
polarity: Positive
###Output### ",The oleo was perfectly melted and complemented the meal nicely.,"[{'term': 'oleo', 'polarity': 'Positive'}]","[{'category': 'general', 'polarity': 'neutral'}]",163
['excerpt'],['Neutral'],"**You are a critic who can generate comments on the specified aspect and sentiment
We would like you to complete a sentence generation task. Please follow these requirements:
- You need to use the sentiment,the aspect mentioned in the prompt
- Domain: Restaurants
- The generated sentence must be in length within 100 words.
- the sentence should not have aspect words that are not specified in the prompt
- DO NOT REPEAT the input text in the output
- PRINT ONLY THE ANSWER TEXT NO EXPLAINING NOTHING ELSE, MAKE SURE TO USE ASPECT WORDS IN THE OUTPUT
- examples:
### input ###
aspect: glass of wine
polarity: Neutral
### Output ###
We ordered a glass of wine and were finished eating and paying before the wine came.
### input ###
aspect: soup and sandwich meal, hot and sour soup
polarity: positive, Positive
### Output ###
For a savory take on the soup and sandwich meal, try the hot and sour soup.
### input ###
aspect: guac, flavor, fresh salsa
polarity:Positive, Negative, Neutral
### Output ###
The guac is fresh, yet lacking flavor, we like to add our fresh salsa into it.
### input ###
aspect: BANANA PUDDING, CRABCAKES, MAC AND CHEESE
polarity:Negative, Negative,Negative
### Output ###
THE BANANA PUDDING THEY SERVE HAS NEVER SEEN AN OVEN,THE CRABCAKES ARE WAY OVER SALTED AND DON'T GET ME STARTED ON THE VERY GREASY MAC AND CHEESE.
**Now complete this task like example with ONE SENTENCE:
### Input ###
aspect: excerpt
polarity: Neutral
###Output### ",The excerpt was presented without any notable bias or opinion.,"[{'term': 'excerpt', 'polarity': 'Neutral'}]","[{'category': 'general', 'polarity': 'neutral'}]",165
['mayonnaise'],['Negative'],"**You are a critic who can generate comments on the specified aspect and sentiment
We would like you to complete a sentence generation task. Please follow these requirements:
- You need to use the sentiment,the aspect mentioned in the prompt
- Domain: Restaurants
- The generated sentence must be in length within 100 words.
- the sentence should not have aspect words that are not specified in the prompt
- DO NOT REPEAT the input text in the output
- PRINT ONLY THE ANSWER TEXT NO EXPLAINING NOTHING ELSE, MAKE SURE TO USE ASPECT WORDS IN THE OUTPUT
- examples:
### input ###
aspect: glass of wine
polarity: Neutral
### Output ###
We ordered a glass of wine and were finished eating and paying before the wine came.
### input ###
aspect: soup and sandwich meal, hot and sour soup
polarity: positive, Positive
### Output ###
For a savory take on the soup and sandwich meal, try the hot and sour soup.
### input ###
aspect: guac, flavor, fresh salsa
polarity:Positive, Negative, Neutral
### Output ###
The guac is fresh, yet lacking flavor, we like to add our fresh salsa into it.
### input ###
aspect: BANANA PUDDING, CRABCAKES, MAC AND CHEESE
polarity:Negative, Negative,Negative
### Output ###
THE BANANA PUDDING THEY SERVE HAS NEVER SEEN AN OVEN,THE CRABCAKES ARE WAY OVER SALTED AND DON'T GET ME STARTED ON THE VERY GREASY MAC AND CHEESE.
**Now complete this task like example with ONE SENTENCE:
### Input ###
aspect: mayonnaise
polarity: Negative
###Output### ",The mayonnaise was too thick and overpowered the flavors of the dish.,"[{'term': 'mayonnaise', 'polarity': 'Negative'}]","[{'category': 'general', 'polarity': 'neutral'}]",166
['chives'],['Negative'],"**You are a critic who can generate comments on the specified aspect and sentiment
We would like you to complete a sentence generation task. Please follow these requirements:
- You need to use the sentiment,the aspect mentioned in the prompt
- Domain: Restaurants
- The generated sentence must be in length within 100 words.
- the sentence should not have aspect words that are not specified in the prompt
- DO NOT REPEAT the input text in the output
- PRINT ONLY THE ANSWER TEXT NO EXPLAINING NOTHING ELSE, MAKE SURE TO USE ASPECT WORDS IN THE OUTPUT
- examples:
### input ###
aspect: glass of wine
polarity: Neutral
### Output ###
We ordered a glass of wine and were finished eating and paying before the wine came.
### input ###
aspect: soup and sandwich meal, hot and sour soup
polarity: positive, Positive
### Output ###
For a savory take on the soup and sandwich meal, try the hot and sour soup.
### input ###
aspect: guac, flavor, fresh salsa
polarity:Positive, Negative, Neutral
### Output ###
The guac is fresh, yet lacking flavor, we like to add our fresh salsa into it.
### input ###
aspect: BANANA PUDDING, CRABCAKES, MAC AND CHEESE
polarity:Negative, Negative,Negative
### Output ###
THE BANANA PUDDING THEY SERVE HAS NEVER SEEN AN OVEN,THE CRABCAKES ARE WAY OVER SALTED AND DON'T GET ME STARTED ON THE VERY GREASY MAC AND CHEESE.
**Now complete this task like example with ONE SENTENCE:
### Input ###
aspect: chives
polarity: Negative
###Output### ",The chives added to our dish were completely overpowering the other flavors.,"[{'term': 'chives', 'polarity': 'Negative'}]","[{'category': 'general', 'polarity': 'neutral'}]",167
['term'],['Positive'],"**You are a critic who can generate comments on the specified aspect and sentiment
We would like you to complete a sentence generation task. Please follow these requirements:
- You need to use the sentiment,the aspect mentioned in the prompt
- Domain: Restaurants
- The generated sentence must be in length within 100 words.
- the sentence should not have aspect words that are not specified in the prompt
- DO NOT REPEAT the input text in the output
- PRINT ONLY THE ANSWER TEXT NO EXPLAINING NOTHING ELSE, MAKE SURE TO USE ASPECT WORDS IN THE OUTPUT
- examples:
### input ###
aspect: glass of wine
polarity: Neutral
### Output ###
We ordered a glass of wine and were finished eating and paying before the wine came.
### input ###
aspect: soup and sandwich meal, hot and sour soup
polarity: positive, Positive
### Output ###
For a savory take on the soup and sandwich meal, try the hot and sour soup.
### input ###
aspect: guac, flavor, fresh salsa
polarity:Positive, Negative, Neutral
### Output ###
The guac is fresh, yet lacking flavor, we like to add our fresh salsa into it.
### input ###
aspect: BANANA PUDDING, CRABCAKES, MAC AND CHEESE
polarity:Negative, Negative,Negative
### Output ###
THE BANANA PUDDING THEY SERVE HAS NEVER SEEN AN OVEN,THE CRABCAKES ARE WAY OVER SALTED AND DON'T GET ME STARTED ON THE VERY GREASY MAC AND CHEESE.
**Now complete this task like example with ONE SENTENCE:
### Input ###
aspect: term
polarity: Positive
###Output### ","The restaurant's term is clear and concise, making it easy to understand.","[{'term': 'term', 'polarity': 'Positive'}]","[{'category': 'general', 'polarity': 'neutral'}]",168
['board'],['Negative'],"**You are a critic who can generate comments on the specified aspect and sentiment
We would like you to complete a sentence generation task. Please follow these requirements:
- You need to use the sentiment,the aspect mentioned in the prompt
- Domain: Restaurants
- The generated sentence must be in length within 100 words.
- the sentence should not have aspect words that are not specified in the prompt
- DO NOT REPEAT the input text in the output
- PRINT ONLY THE ANSWER TEXT NO EXPLAINING NOTHING ELSE, MAKE SURE TO USE ASPECT WORDS IN THE OUTPUT
- examples:
### input ###
aspect: glass of wine
polarity: Neutral
### Output ###
We ordered a glass of wine and were finished eating and paying before the wine came.
### input ###
aspect: soup and sandwich meal, hot and sour soup
polarity: positive, Positive
### Output ###
For a savory take on the soup and sandwich meal, try the hot and sour soup.
### input ###
aspect: guac, flavor, fresh salsa
polarity:Positive, Negative, Neutral
### Output ###
The guac is fresh, yet lacking flavor, we like to add our fresh salsa into it.
### input ###
aspect: BANANA PUDDING, CRABCAKES, MAC AND CHEESE
polarity:Negative, Negative,Negative
### Output ###
THE BANANA PUDDING THEY SERVE HAS NEVER SEEN AN OVEN,THE CRABCAKES ARE WAY OVER SALTED AND DON'T GET ME STARTED ON THE VERY GREASY MAC AND CHEESE.
**Now complete this task like example with ONE SENTENCE:
### Input ###
aspect: board
polarity: Negative
###Output### ",The restaurant's board was completely unorganized with no clear indication of the daily specials.,"[{'term': 'board', 'polarity': 'Negative'}]","[{'category': 'general', 'polarity': 'neutral'}]",171
['bleu'],['Negative'],"**You are a critic who can generate comments on the specified aspect and sentiment
We would like you to complete a sentence generation task. Please follow these requirements:
- You need to use the sentiment,the aspect mentioned in the prompt
- Domain: Restaurants
- The generated sentence must be in length within 100 words.
- the sentence should not have aspect words that are not specified in the prompt
- DO NOT REPEAT the input text in the output
- PRINT ONLY THE ANSWER TEXT NO EXPLAINING NOTHING ELSE, MAKE SURE TO USE ASPECT WORDS IN THE OUTPUT
- examples:
### input ###
aspect: glass of wine
polarity: Neutral
### Output ###
We ordered a glass of wine and were finished eating and paying before the wine came.
### input ###
aspect: soup and sandwich meal, hot and sour soup
polarity: positive, Positive
### Output ###
For a savory take on the soup and sandwich meal, try the hot and sour soup.
### input ###
aspect: guac, flavor, fresh salsa
polarity:Positive, Negative, Neutral
### Output ###
The guac is fresh, yet lacking flavor, we like to add our fresh salsa into it.
### input ###
aspect: BANANA PUDDING, CRABCAKES, MAC AND CHEESE
polarity:Negative, Negative,Negative
### Output ###
THE BANANA PUDDING THEY SERVE HAS NEVER SEEN AN OVEN,THE CRABCAKES ARE WAY OVER SALTED AND DON'T GET ME STARTED ON THE VERY GREASY MAC AND CHEESE.
**Now complete this task like example with ONE SENTENCE:
### Input ###
aspect: bleu
polarity: Negative
###Output### ",The bleu cheese served here is overly pungent.,"[{'term': 'bleu', 'polarity': 'Negative'}]","[{'category': 'general', 'polarity': 'neutral'}]",172
['acrylate'],['Negative'],"**You are a critic who can generate comments on the specified aspect and sentiment
We would like you to complete a sentence generation task. Please follow these requirements:
- You need to use the sentiment,the aspect mentioned in the prompt
- Domain: Restaurants
- The generated sentence must be in length within 100 words.
- the sentence should not have aspect words that are not specified in the prompt
- DO NOT REPEAT the input text in the output
- PRINT ONLY THE ANSWER TEXT NO EXPLAINING NOTHING ELSE, MAKE SURE TO USE ASPECT WORDS IN THE OUTPUT
- examples:
### input ###
aspect: glass of wine
polarity: Neutral
### Output ###
We ordered a glass of wine and were finished eating and paying before the wine came.
### input ###
aspect: soup and sandwich meal, hot and sour soup
polarity: positive, Positive
### Output ###
For a savory take on the soup and sandwich meal, try the hot and sour soup.
### input ###
aspect: guac, flavor, fresh salsa
polarity:Positive, Negative, Neutral
### Output ###
The guac is fresh, yet lacking flavor, we like to add our fresh salsa into it.
### input ###
aspect: BANANA PUDDING, CRABCAKES, MAC AND CHEESE
polarity:Negative, Negative,Negative
### Output ###
THE BANANA PUDDING THEY SERVE HAS NEVER SEEN AN OVEN,THE CRABCAKES ARE WAY OVER SALTED AND DON'T GET ME STARTED ON THE VERY GREASY MAC AND CHEESE.
**Now complete this task like example with ONE SENTENCE:
### Input ###
aspect: acrylate
polarity: Negative
###Output### ",The restaurant's use of acrylate in their food containers is a major turnoff.,"[{'term': 'acrylate', 'polarity': 'Negative'}]","[{'category': 'general', 'polarity': 'neutral'}]",176
['HAZMAT'],['Negative'],"**You are a critic who can generate comments on the specified aspect and sentiment
We would like you to complete a sentence generation task. Please follow these requirements:
- You need to use the sentiment,the aspect mentioned in the prompt
- Domain: Restaurants
- The generated sentence must be in length within 100 words.
- the sentence should not have aspect words that are not specified in the prompt
- DO NOT REPEAT the input text in the output
- PRINT ONLY THE ANSWER TEXT NO EXPLAINING NOTHING ELSE, MAKE SURE TO USE ASPECT WORDS IN THE OUTPUT
- examples:
### input ###
aspect: glass of wine
polarity: Neutral
### Output ###
We ordered a glass of wine and were finished eating and paying before the wine came.
### input ###
aspect: soup and sandwich meal, hot and sour soup
polarity: positive, Positive
### Output ###
For a savory take on the soup and sandwich meal, try the hot and sour soup.
### input ###
aspect: guac, flavor, fresh salsa
polarity:Positive, Negative, Neutral
### Output ###
The guac is fresh, yet lacking flavor, we like to add our fresh salsa into it.
### input ###
aspect: BANANA PUDDING, CRABCAKES, MAC AND CHEESE
polarity:Negative, Negative,Negative
### Output ###
THE BANANA PUDDING THEY SERVE HAS NEVER SEEN AN OVEN,THE CRABCAKES ARE WAY OVER SALTED AND DON'T GET ME STARTED ON THE VERY GREASY MAC AND CHEESE.
**Now complete this task like example with ONE SENTENCE:
### Input ###
aspect: HAZMAT
polarity: Negative
###Output### ",The restaurant's handling of HAZMAT situations is completely unacceptable.,"[{'term': 'HAZMAT', 'polarity': 'Negative'}]","[{'category': 'general', 'polarity': 'neutral'}]",177
['unionization'],['Positive'],"**You are a critic who can generate comments on the specified aspect and sentiment
We would like you to complete a sentence generation task. Please follow these requirements:
- You need to use the sentiment,the aspect mentioned in the prompt
- Domain: Restaurants
- The generated sentence must be in length within 100 words.
- the sentence should not have aspect words that are not specified in the prompt
- DO NOT REPEAT the input text in the output
- PRINT ONLY THE ANSWER TEXT NO EXPLAINING NOTHING ELSE, MAKE SURE TO USE ASPECT WORDS IN THE OUTPUT
- examples:
### input ###
aspect: glass of wine
polarity: Neutral
### Output ###
We ordered a glass of wine and were finished eating and paying before the wine came.
### input ###
aspect: soup and sandwich meal, hot and sour soup
polarity: positive, Positive
### Output ###
For a savory take on the soup and sandwich meal, try the hot and sour soup.
### input ###
aspect: guac, flavor, fresh salsa
polarity:Positive, Negative, Neutral
### Output ###
The guac is fresh, yet lacking flavor, we like to add our fresh salsa into it.
### input ###
aspect: BANANA PUDDING, CRABCAKES, MAC AND CHEESE
polarity:Negative, Negative,Negative
### Output ###
THE BANANA PUDDING THEY SERVE HAS NEVER SEEN AN OVEN,THE CRABCAKES ARE WAY OVER SALTED AND DON'T GET ME STARTED ON THE VERY GREASY MAC AND CHEESE.
**Now complete this task like example with ONE SENTENCE:
### Input ###
aspect: unionization
polarity: Positive
###Output### ",The restaurant's decision to support unionization has been a major draw for employees looking for a fair work environment.,"[{'term': 'unionization', 'polarity': 'Positive'}]","[{'category': 'general', 'polarity': 'neutral'}]",178
['wad'],['Negative'],"**You are a critic who can generate comments on the specified aspect and sentiment
We would like you to complete a sentence generation task. Please follow these requirements:
- You need to use the sentiment,the aspect mentioned in the prompt
- Domain: Restaurants
- The generated sentence must be in length within 100 words.
- the sentence should not have aspect words that are not specified in the prompt
- DO NOT REPEAT the input text in the output
- PRINT ONLY THE ANSWER TEXT NO EXPLAINING NOTHING ELSE, MAKE SURE TO USE ASPECT WORDS IN THE OUTPUT
- examples:
### input ###
aspect: glass of wine
polarity: Neutral
### Output ###
We ordered a glass of wine and were finished eating and paying before the wine came.
### input ###
aspect: soup and sandwich meal, hot and sour soup
polarity: positive, Positive
### Output ###
For a savory take on the soup and sandwich meal, try the hot and sour soup.
### input ###
aspect: guac, flavor, fresh salsa
polarity:Positive, Negative, Neutral
### Output ###
The guac is fresh, yet lacking flavor, we like to add our fresh salsa into it.
### input ###
aspect: BANANA PUDDING, CRABCAKES, MAC AND CHEESE
polarity:Negative, Negative,Negative
### Output ###
THE BANANA PUDDING THEY SERVE HAS NEVER SEEN AN OVEN,THE CRABCAKES ARE WAY OVER SALTED AND DON'T GET ME STARTED ON THE VERY GREASY MAC AND CHEESE.
**Now complete this task like example with ONE SENTENCE:
### Input ###
aspect: wad
polarity: Negative
###Output### ",The wad of food was overcooked and lacked any decent presentation.,"[{'term': 'wad', 'polarity': 'Negative'}]","[{'category': 'general', 'polarity': 'neutral'}]",179
['barkeeper'],['Positive'],"**You are a critic who can generate comments on the specified aspect and sentiment
We would like you to complete a sentence generation task. Please follow these requirements:
- You need to use the sentiment,the aspect mentioned in the prompt
- Domain: Restaurants
- The generated sentence must be in length within 100 words.
- the sentence should not have aspect words that are not specified in the prompt
- DO NOT REPEAT the input text in the output
- PRINT ONLY THE ANSWER TEXT NO EXPLAINING NOTHING ELSE, MAKE SURE TO USE ASPECT WORDS IN THE OUTPUT
- examples:
### input ###
aspect: glass of wine
polarity: Neutral
### Output ###
We ordered a glass of wine and were finished eating and paying before the wine came.
### input ###
aspect: soup and sandwich meal, hot and sour soup
polarity: positive, Positive
### Output ###
For a savory take on the soup and sandwich meal, try the hot and sour soup.
### input ###
aspect: guac, flavor, fresh salsa
polarity:Positive, Negative, Neutral
### Output ###
The guac is fresh, yet lacking flavor, we like to add our fresh salsa into it.
### input ###
aspect: BANANA PUDDING, CRABCAKES, MAC AND CHEESE
polarity:Negative, Negative,Negative
### Output ###
THE BANANA PUDDING THEY SERVE HAS NEVER SEEN AN OVEN,THE CRABCAKES ARE WAY OVER SALTED AND DON'T GET ME STARTED ON THE VERY GREASY MAC AND CHEESE.
**Now complete this task like example with ONE SENTENCE:
### Input ###
aspect: barkeeper
polarity: Positive
###Output### ",The barkeeper was extremely friendly and made great recommendations for our evening drinks.,"[{'term': 'barkeeper', 'polarity': 'Positive'}]","[{'category': 'general', 'polarity': 'neutral'}]",180
['viand'],['Positive'],"**You are a critic who can generate comments on the specified aspect and sentiment
We would like you to complete a sentence generation task. Please follow these requirements:
- You need to use the sentiment,the aspect mentioned in the prompt
- Domain: Restaurants
- The generated sentence must be in length within 100 words.
- the sentence should not have aspect words that are not specified in the prompt
- DO NOT REPEAT the input text in the output
- PRINT ONLY THE ANSWER TEXT NO EXPLAINING NOTHING ELSE, MAKE SURE TO USE ASPECT WORDS IN THE OUTPUT
- examples:
### input ###
aspect: glass of wine
polarity: Neutral
### Output ###
We ordered a glass of wine and were finished eating and paying before the wine came.
### input ###
aspect: soup and sandwich meal, hot and sour soup
polarity: positive, Positive
### Output ###
For a savory take on the soup and sandwich meal, try the hot and sour soup.
### input ###
aspect: guac, flavor, fresh salsa
polarity:Positive, Negative, Neutral
### Output ###
The guac is fresh, yet lacking flavor, we like to add our fresh salsa into it.
### input ###
aspect: BANANA PUDDING, CRABCAKES, MAC AND CHEESE
polarity:Negative, Negative,Negative
### Output ###
THE BANANA PUDDING THEY SERVE HAS NEVER SEEN AN OVEN,THE CRABCAKES ARE WAY OVER SALTED AND DON'T GET ME STARTED ON THE VERY GREASY MAC AND CHEESE.
**Now complete this task like example with ONE SENTENCE:
### Input ###
aspect: viand
polarity: Positive
###Output### ",The viand was cooked to perfection and added a delightful touch to our meal.,"[{'term': 'viand', 'polarity': 'Positive'}]","[{'category': 'general', 'polarity': 'neutral'}]",186
['ammunition'],['Negative'],"**You are a critic who can generate comments on the specified aspect and sentiment
We would like you to complete a sentence generation task. Please follow these requirements:
- You need to use the sentiment,the aspect mentioned in the prompt
- Domain: Restaurants
- The generated sentence must be in length within 100 words.
- the sentence should not have aspect words that are not specified in the prompt
- DO NOT REPEAT the input text in the output
- PRINT ONLY THE ANSWER TEXT NO EXPLAINING NOTHING ELSE, MAKE SURE TO USE ASPECT WORDS IN THE OUTPUT
- examples:
### input ###
aspect: glass of wine
polarity: Neutral
### Output ###
We ordered a glass of wine and were finished eating and paying before the wine came.
### input ###
aspect: soup and sandwich meal, hot and sour soup
polarity: positive, Positive
### Output ###
For a savory take on the soup and sandwich meal, try the hot and sour soup.
### input ###
aspect: guac, flavor, fresh salsa
polarity:Positive, Negative, Neutral
### Output ###
The guac is fresh, yet lacking flavor, we like to add our fresh salsa into it.
### input ###
aspect: BANANA PUDDING, CRABCAKES, MAC AND CHEESE
polarity:Negative, Negative,Negative
### Output ###
THE BANANA PUDDING THEY SERVE HAS NEVER SEEN AN OVEN,THE CRABCAKES ARE WAY OVER SALTED AND DON'T GET ME STARTED ON THE VERY GREASY MAC AND CHEESE.
**Now complete this task like example with ONE SENTENCE:
### Input ###
aspect: ammunition
polarity: Negative
###Output### ",The restaurant's service was completely unprepared to handle ammunition in the food.,"[{'term': 'ammunition', 'polarity': 'Negative'}]","[{'category': 'general', 'polarity': 'neutral'}]",187
['grade'],['Negative'],"**You are a critic who can generate comments on the specified aspect and sentiment
We would like you to complete a sentence generation task. Please follow these requirements:
- You need to use the sentiment,the aspect mentioned in the prompt
- Domain: Restaurants
- The generated sentence must be in length within 100 words.
- the sentence should not have aspect words that are not specified in the prompt
- DO NOT REPEAT the input text in the output
- PRINT ONLY THE ANSWER TEXT NO EXPLAINING NOTHING ELSE, MAKE SURE TO USE ASPECT WORDS IN THE OUTPUT
- examples:
### input ###
aspect: glass of wine
polarity: Neutral
### Output ###
We ordered a glass of wine and were finished eating and paying before the wine came.
### input ###
aspect: soup and sandwich meal, hot and sour soup
polarity: positive, Positive
### Output ###
For a savory take on the soup and sandwich meal, try the hot and sour soup.
### input ###
aspect: guac, flavor, fresh salsa
polarity:Positive, Negative, Neutral
### Output ###
The guac is fresh, yet lacking flavor, we like to add our fresh salsa into it.
### input ###
aspect: BANANA PUDDING, CRABCAKES, MAC AND CHEESE
polarity:Negative, Negative,Negative
### Output ###
THE BANANA PUDDING THEY SERVE HAS NEVER SEEN AN OVEN,THE CRABCAKES ARE WAY OVER SALTED AND DON'T GET ME STARTED ON THE VERY GREASY MAC AND CHEESE.
**Now complete this task like example with ONE SENTENCE:
### Input ###
aspect: grade
polarity: Negative
###Output### ",The food quality at this restaurant is a low grade that doesn't justify the prices.,"[{'term': 'grade', 'polarity': 'Negative'}]","[{'category': 'general', 'polarity': 'neutral'}]",188
['percolate'],['Positive'],"**You are a critic who can generate comments on the specified aspect and sentiment
We would like you to complete a sentence generation task. Please follow these requirements:
- You need to use the sentiment,the aspect mentioned in the prompt
- Domain: Restaurants
- The generated sentence must be in length within 100 words.
- the sentence should not have aspect words that are not specified in the prompt
- DO NOT REPEAT the input text in the output
- PRINT ONLY THE ANSWER TEXT NO EXPLAINING NOTHING ELSE, MAKE SURE TO USE ASPECT WORDS IN THE OUTPUT
- examples:
### input ###
aspect: glass of wine
polarity: Neutral
### Output ###
We ordered a glass of wine and were finished eating and paying before the wine came.
### input ###
aspect: soup and sandwich meal, hot and sour soup
polarity: positive, Positive
### Output ###
For a savory take on the soup and sandwich meal, try the hot and sour soup.
### input ###
aspect: guac, flavor, fresh salsa
polarity:Positive, Negative, Neutral
### Output ###
The guac is fresh, yet lacking flavor, we like to add our fresh salsa into it.
### input ###
aspect: BANANA PUDDING, CRABCAKES, MAC AND CHEESE
polarity:Negative, Negative,Negative
### Output ###
THE BANANA PUDDING THEY SERVE HAS NEVER SEEN AN OVEN,THE CRABCAKES ARE WAY OVER SALTED AND DON'T GET ME STARTED ON THE VERY GREASY MAC AND CHEESE.
**Now complete this task like example with ONE SENTENCE:
### Input ###
aspect: percolate
polarity: Positive
###Output### ","The coffee beans perfectly percolate, giving it a rich and smooth flavor.","[{'term': 'percolate', 'polarity': 'Positive'}]","[{'category': 'general', 'polarity': 'neutral'}]",189
['hassock'],['Positive'],"**You are a critic who can generate comments on the specified aspect and sentiment
We would like you to complete a sentence generation task. Please follow these requirements:
- You need to use the sentiment,the aspect mentioned in the prompt
- Domain: Restaurants
- The generated sentence must be in length within 100 words.
- the sentence should not have aspect words that are not specified in the prompt
- DO NOT REPEAT the input text in the output
- PRINT ONLY THE ANSWER TEXT NO EXPLAINING NOTHING ELSE, MAKE SURE TO USE ASPECT WORDS IN THE OUTPUT
- examples:
### input ###
aspect: glass of wine
polarity: Neutral
### Output ###
We ordered a glass of wine and were finished eating and paying before the wine came.
### input ###
aspect: soup and sandwich meal, hot and sour soup
polarity: positive, Positive
### Output ###
For a savory take on the soup and sandwich meal, try the hot and sour soup.
### input ###
aspect: guac, flavor, fresh salsa
polarity:Positive, Negative, Neutral
### Output ###
The guac is fresh, yet lacking flavor, we like to add our fresh salsa into it.
### input ###
aspect: BANANA PUDDING, CRABCAKES, MAC AND CHEESE
polarity:Negative, Negative,Negative
### Output ###
THE BANANA PUDDING THEY SERVE HAS NEVER SEEN AN OVEN,THE CRABCAKES ARE WAY OVER SALTED AND DON'T GET ME STARTED ON THE VERY GREASY MAC AND CHEESE.
**Now complete this task like example with ONE SENTENCE:
### Input ###
aspect: hassock
polarity: Positive
###Output### ",The hassock in our hotel room was incredibly comfortable and added a nice touch to the overall decor.,"[{'term': 'hassock', 'polarity': 'Positive'}]","[{'category': 'general', 'polarity': 'neutral'}]",192
['Gouda'],['Negative'],"**You are a critic who can generate comments on the specified aspect and sentiment
We would like you to complete a sentence generation task. Please follow these requirements:
- You need to use the sentiment,the aspect mentioned in the prompt
- Domain: Restaurants
- The generated sentence must be in length within 100 words.
- the sentence should not have aspect words that are not specified in the prompt
- DO NOT REPEAT the input text in the output
- PRINT ONLY THE ANSWER TEXT NO EXPLAINING NOTHING ELSE, MAKE SURE TO USE ASPECT WORDS IN THE OUTPUT
- examples:
### input ###
aspect: glass of wine
polarity: Neutral
### Output ###
We ordered a glass of wine and were finished eating and paying before the wine came.
### input ###
aspect: soup and sandwich meal, hot and sour soup
polarity: positive, Positive
### Output ###
For a savory take on the soup and sandwich meal, try the hot and sour soup.
### input ###
aspect: guac, flavor, fresh salsa
polarity:Positive, Negative, Neutral
### Output ###
The guac is fresh, yet lacking flavor, we like to add our fresh salsa into it.
### input ###
aspect: BANANA PUDDING, CRABCAKES, MAC AND CHEESE
polarity:Negative, Negative,Negative
### Output ###
THE BANANA PUDDING THEY SERVE HAS NEVER SEEN AN OVEN,THE CRABCAKES ARE WAY OVER SALTED AND DON'T GET ME STARTED ON THE VERY GREASY MAC AND CHEESE.
**Now complete this task like example with ONE SENTENCE:
### Input ###
aspect: Gouda
polarity: Negative
###Output### ",The Gouda cheese served here is overcooked and lacks the rich flavor we've come to expect.,"[{'term': 'Gouda', 'polarity': 'Negative'}]","[{'category': 'general', 'polarity': 'neutral'}]",194
['horseshoe'],['Positive'],"**You are a critic who can generate comments on the specified aspect and sentiment
We would like you to complete a sentence generation task. Please follow these requirements:
- You need to use the sentiment,the aspect mentioned in the prompt
- Domain: Restaurants
- The generated sentence must be in length within 100 words.
- the sentence should not have aspect words that are not specified in the prompt
- DO NOT REPEAT the input text in the output
- PRINT ONLY THE ANSWER TEXT NO EXPLAINING NOTHING ELSE, MAKE SURE TO USE ASPECT WORDS IN THE OUTPUT
- examples:
### input ###
aspect: glass of wine
polarity: Neutral
### Output ###
We ordered a glass of wine and were finished eating and paying before the wine came.
### input ###
aspect: soup and sandwich meal, hot and sour soup
polarity: positive, Positive
### Output ###
For a savory take on the soup and sandwich meal, try the hot and sour soup.
### input ###
aspect: guac, flavor, fresh salsa
polarity:Positive, Negative, Neutral
### Output ###
The guac is fresh, yet lacking flavor, we like to add our fresh salsa into it.
### input ###
aspect: BANANA PUDDING, CRABCAKES, MAC AND CHEESE
polarity:Negative, Negative,Negative
### Output ###
THE BANANA PUDDING THEY SERVE HAS NEVER SEEN AN OVEN,THE CRABCAKES ARE WAY OVER SALTED AND DON'T GET ME STARTED ON THE VERY GREASY MAC AND CHEESE.
**Now complete this task like example with ONE SENTENCE:
### Input ###
aspect: horseshoe
polarity: Positive
###Output### ",The horseshoe was expertly prepared and served with a side of crispy fries.,"[{'term': 'horseshoe', 'polarity': 'Positive'}]","[{'category': 'general', 'polarity': 'neutral'}]",195
['rose'],['Negative'],"**You are a critic who can generate comments on the specified aspect and sentiment
We would like you to complete a sentence generation task. Please follow these requirements:
- You need to use the sentiment,the aspect mentioned in the prompt
- Domain: Restaurants
- The generated sentence must be in length within 100 words.
- the sentence should not have aspect words that are not specified in the prompt
- DO NOT REPEAT the input text in the output
- PRINT ONLY THE ANSWER TEXT NO EXPLAINING NOTHING ELSE, MAKE SURE TO USE ASPECT WORDS IN THE OUTPUT
- examples:
### input ###
aspect: glass of wine
polarity: Neutral
### Output ###
We ordered a glass of wine and were finished eating and paying before the wine came.
### input ###
aspect: soup and sandwich meal, hot and sour soup
polarity: positive, Positive
### Output ###
For a savory take on the soup and sandwich meal, try the hot and sour soup.
### input ###
aspect: guac, flavor, fresh salsa
polarity:Positive, Negative, Neutral
### Output ###
The guac is fresh, yet lacking flavor, we like to add our fresh salsa into it.
### input ###
aspect: BANANA PUDDING, CRABCAKES, MAC AND CHEESE
polarity:Negative, Negative,Negative
### Output ###
THE BANANA PUDDING THEY SERVE HAS NEVER SEEN AN OVEN,THE CRABCAKES ARE WAY OVER SALTED AND DON'T GET ME STARTED ON THE VERY GREASY MAC AND CHEESE.
**Now complete this task like example with ONE SENTENCE:
### Input ###
aspect: rose
polarity: Negative
###Output### ","The rose arrangement looked wilted and uninviting, a poor choice for our dinner at the restaurant.","[{'term': 'rose', 'polarity': 'Negative'}]","[{'category': 'general', 'polarity': 'neutral'}]",196
['six-spot'],['Negative'],"**You are a critic who can generate comments on the specified aspect and sentiment
We would like you to complete a sentence generation task. Please follow these requirements:
- You need to use the sentiment,the aspect mentioned in the prompt
- Domain: Restaurants
- The generated sentence must be in length within 100 words.
- the sentence should not have aspect words that are not specified in the prompt
- DO NOT REPEAT the input text in the output
- PRINT ONLY THE ANSWER TEXT NO EXPLAINING NOTHING ELSE, MAKE SURE TO USE ASPECT WORDS IN THE OUTPUT
- examples:
### input ###
aspect: glass of wine
polarity: Neutral
### Output ###
We ordered a glass of wine and were finished eating and paying before the wine came.
### input ###
aspect: soup and sandwich meal, hot and sour soup
polarity: positive, Positive
### Output ###
For a savory take on the soup and sandwich meal, try the hot and sour soup.
### input ###
aspect: guac, flavor, fresh salsa
polarity:Positive, Negative, Neutral
### Output ###
The guac is fresh, yet lacking flavor, we like to add our fresh salsa into it.
### input ###
aspect: BANANA PUDDING, CRABCAKES, MAC AND CHEESE
polarity:Negative, Negative,Negative
### Output ###
THE BANANA PUDDING THEY SERVE HAS NEVER SEEN AN OVEN,THE CRABCAKES ARE WAY OVER SALTED AND DON'T GET ME STARTED ON THE VERY GREASY MAC AND CHEESE.
**Now complete this task like example with ONE SENTENCE:
### Input ###
aspect: six-spot
polarity: Negative
###Output### ",The six-spot was a disappointing dish with a poorly balanced flavor.,"[{'term': 'six-spot', 'polarity': 'Negative'}]","[{'category': 'general', 'polarity': 'neutral'}]",199
"['Ac', 'thyme']","['Positive', 'Negative']","**You are a critic who can generate comments on the specified aspect and sentiment
We would like you to complete a sentence generation task. Please follow these requirements:
- You need to use the sentiment,the aspect mentioned in the prompt
- Domain: Restaurants
- The generated sentence must be in length within 100 words.
- the sentence should not have aspect words that are not specified in the prompt
- DO NOT REPEAT the input text in the output
- PRINT ONLY THE ANSWER TEXT NO EXPLAINING NOTHING ELSE, MAKE SURE TO USE ASPECT WORDS IN THE OUTPUT
- examples:
### input ###
aspect: glass of wine
polarity: Neutral
### Output ###
We ordered a glass of wine and were finished eating and paying before the wine came.
### input ###
aspect: soup and sandwich meal, hot and sour soup
polarity: positive, Positive
### Output ###
For a savory take on the soup and sandwich meal, try the hot and sour soup.
### input ###
aspect: guac, flavor, fresh salsa
polarity:Positive, Negative, Neutral
### Output ###
The guac is fresh, yet lacking flavor, we like to add our fresh salsa into it.
### input ###
aspect: BANANA PUDDING, CRABCAKES, MAC AND CHEESE
polarity:Negative, Negative,Negative
### Output ###
THE BANANA PUDDING THEY SERVE HAS NEVER SEEN AN OVEN,THE CRABCAKES ARE WAY OVER SALTED AND DON'T GET ME STARTED ON THE VERY GREASY MAC AND CHEESE.
**Now complete this task like example with ONE SENTENCE:
### Input ###
aspect: Ac,thyme
polarity: Positive,Negative
###Output### ","The restaurant's use of Ac is impressive, but the thyme could be more subtle.","[{'term': 'Ac', 'polarity': 'Positive'}, {'term': 'thyme', 'polarity': 'Negative'}]","[{'category': 'general', 'polarity': 'neutral'}]",205
"['plonk', 'Chicken and waffles']","['Negative', 'Neutral']","**You are a critic who can generate comments on the specified aspect and sentiment
We would like you to complete a sentence generation task. Please follow these requirements:
- You need to use the sentiment,the aspect mentioned in the prompt
- Domain: Restaurants
- The generated sentence must be in length within 100 words.
- the sentence should not have aspect words that are not specified in the prompt
- DO NOT REPEAT the input text in the output
- PRINT ONLY THE ANSWER TEXT NO EXPLAINING NOTHING ELSE, MAKE SURE TO USE ASPECT WORDS IN THE OUTPUT
- examples:
### input ###
aspect: glass of wine
polarity: Neutral
### Output ###
We ordered a glass of wine and were finished eating and paying before the wine came.
### input ###
aspect: soup and sandwich meal, hot and sour soup
polarity: positive, Positive
### Output ###
For a savory take on the soup and sandwich meal, try the hot and sour soup.
### input ###
aspect: guac, flavor, fresh salsa
polarity:Positive, Negative, Neutral
### Output ###
The guac is fresh, yet lacking flavor, we like to add our fresh salsa into it.
### input ###
aspect: BANANA PUDDING, CRABCAKES, MAC AND CHEESE
polarity:Negative, Negative,Negative
### Output ###
THE BANANA PUDDING THEY SERVE HAS NEVER SEEN AN OVEN,THE CRABCAKES ARE WAY OVER SALTED AND DON'T GET ME STARTED ON THE VERY GREASY MAC AND CHEESE.
**Now complete this task like example with ONE SENTENCE:
### Input ###
aspect: plonk,Chicken and waffles
polarity: Negative,Neutral
###Output### ","The plonk we ordered was unimpressive, but the Chicken and waffles were decent.","[{'term': 'plonk', 'polarity': 'Negative'}, {'term': 'Chicken and waffles', 'polarity': 'Neutral'}]","[{'category': 'general', 'polarity': 'neutral'}]",206
"['carbohydrate', 'stacte']","['Negative', 'Neutral']","**You are a critic who can generate comments on the specified aspect and sentiment
We would like you to complete a sentence generation task. Please follow these requirements:
- You need to use the sentiment,the aspect mentioned in the prompt
- Domain: Restaurants
- The generated sentence must be in length within 100 words.
- the sentence should not have aspect words that are not specified in the prompt
- DO NOT REPEAT the input text in the output
- PRINT ONLY THE ANSWER TEXT NO EXPLAINING NOTHING ELSE, MAKE SURE TO USE ASPECT WORDS IN THE OUTPUT
- examples:
### input ###
aspect: glass of wine
polarity: Neutral
### Output ###
We ordered a glass of wine and were finished eating and paying before the wine came.
### input ###
aspect: soup and sandwich meal, hot and sour soup
polarity: positive, Positive
### Output ###
For a savory take on the soup and sandwich meal, try the hot and sour soup.
### input ###
aspect: guac, flavor, fresh salsa
polarity:Positive, Negative, Neutral
### Output ###
The guac is fresh, yet lacking flavor, we like to add our fresh salsa into it.
### input ###
aspect: BANANA PUDDING, CRABCAKES, MAC AND CHEESE
polarity:Negative, Negative,Negative
### Output ###
THE BANANA PUDDING THEY SERVE HAS NEVER SEEN AN OVEN,THE CRABCAKES ARE WAY OVER SALTED AND DON'T GET ME STARTED ON THE VERY GREASY MAC AND CHEESE.
**Now complete this task like example with ONE SENTENCE:
### Input ###
aspect: carbohydrate,stacte
polarity: Negative,Neutral
###Output### ","The carbohydrate content in their stacte is too high, making it unappealing.","[{'term': 'carbohydrate', 'polarity': 'Negative'}, {'term': 'stacte', 'polarity': 'Neutral'}]","[{'category': 'general', 'polarity': 'neutral'}]",207
"['ottoman', 'Seafood paella with saffron rice']","['Negative', 'Positive']","**You are a critic who can generate comments on the specified aspect and sentiment
We would like you to complete a sentence generation task. Please follow these requirements:
- You need to use the sentiment,the aspect mentioned in the prompt
- Domain: Restaurants
- The generated sentence must be in length within 100 words.
- the sentence should not have aspect words that are not specified in the prompt
- DO NOT REPEAT the input text in the output
- PRINT ONLY THE ANSWER TEXT NO EXPLAINING NOTHING ELSE, MAKE SURE TO USE ASPECT WORDS IN THE OUTPUT
- examples:
### input ###
aspect: glass of wine
polarity: Neutral
### Output ###
We ordered a glass of wine and were finished eating and paying before the wine came.
### input ###
aspect: soup and sandwich meal, hot and sour soup
polarity: positive, Positive
### Output ###
For a savory take on the soup and sandwich meal, try the hot and sour soup.
### input ###
aspect: guac, flavor, fresh salsa
polarity:Positive, Negative, Neutral
### Output ###
The guac is fresh, yet lacking flavor, we like to add our fresh salsa into it.
### input ###
aspect: BANANA PUDDING, CRABCAKES, MAC AND CHEESE
polarity:Negative, Negative,Negative
### Output ###
THE BANANA PUDDING THEY SERVE HAS NEVER SEEN AN OVEN,THE CRABCAKES ARE WAY OVER SALTED AND DON'T GET ME STARTED ON THE VERY GREASY MAC AND CHEESE.
**Now complete this task like example with ONE SENTENCE:
### Input ###
aspect: ottoman,Seafood paella with saffron rice
polarity: Negative,Positive
###Output### ","The ottoman in our booth was uncomfortable, but the Seafood paella with saffron rice was a culinary masterpiece.","[{'term': 'ottoman', 'polarity': 'Negative'}, {'term': 'Seafood paella with saffron rice', 'polarity': 'Positive'}]","[{'category': 'general', 'polarity': 'neutral'}]",208
"['Bach', 'vocal']","['Negative', 'Negative']","**You are a critic who can generate comments on the specified aspect and sentiment
We would like you to complete a sentence generation task. Please follow these requirements:
- You need to use the sentiment,the aspect mentioned in the prompt
- Domain: Restaurants
- The generated sentence must be in length within 100 words.
- the sentence should not have aspect words that are not specified in the prompt
- DO NOT REPEAT the input text in the output
- PRINT ONLY THE ANSWER TEXT NO EXPLAINING NOTHING ELSE, MAKE SURE TO USE ASPECT WORDS IN THE OUTPUT
- examples:
### input ###
aspect: glass of wine
polarity: Neutral
### Output ###
We ordered a glass of wine and were finished eating and paying before the wine came.
### input ###
aspect: soup and sandwich meal, hot and sour soup
polarity: positive, Positive
### Output ###
For a savory take on the soup and sandwich meal, try the hot and sour soup.
### input ###
aspect: guac, flavor, fresh salsa
polarity:Positive, Negative, Neutral
### Output ###
The guac is fresh, yet lacking flavor, we like to add our fresh salsa into it.
### input ###
aspect: BANANA PUDDING, CRABCAKES, MAC AND CHEESE
polarity:Negative, Negative,Negative
### Output ###
THE BANANA PUDDING THEY SERVE HAS NEVER SEEN AN OVEN,THE CRABCAKES ARE WAY OVER SALTED AND DON'T GET ME STARTED ON THE VERY GREASY MAC AND CHEESE.
**Now complete this task like example with ONE SENTENCE:
### Input ###
aspect: Bach,vocal
polarity: Negative,Negative
###Output### ",The vocal performances of Bach were completely overshadowed by the poor instrumental accompaniment.,"[{'term': 'Bach', 'polarity': 'Negative'}, {'term': 'vocal', 'polarity': 'Negative'}]","[{'category': 'general', 'polarity': 'neutral'}]",209
"['Caesar salad dressing', 'Seafood paella with saffron rice']","['Neutral', 'Negative']","**You are a critic who can generate comments on the specified aspect and sentiment
We would like you to complete a sentence generation task. Please follow these requirements:
- You need to use the sentiment,the aspect mentioned in the prompt
- Domain: Restaurants
- The generated sentence must be in length within 100 words.
- the sentence should not have aspect words that are not specified in the prompt
- DO NOT REPEAT the input text in the output
- PRINT ONLY THE ANSWER TEXT NO EXPLAINING NOTHING ELSE, MAKE SURE TO USE ASPECT WORDS IN THE OUTPUT
- examples:
### input ###
aspect: glass of wine
polarity: Neutral
### Output ###
We ordered a glass of wine and were finished eating and paying before the wine came.
### input ###
aspect: soup and sandwich meal, hot and sour soup
polarity: positive, Positive
### Output ###
For a savory take on the soup and sandwich meal, try the hot and sour soup.
### input ###
aspect: guac, flavor, fresh salsa
polarity:Positive, Negative, Neutral
### Output ###
The guac is fresh, yet lacking flavor, we like to add our fresh salsa into it.
### input ###
aspect: BANANA PUDDING, CRABCAKES, MAC AND CHEESE
polarity:Negative, Negative,Negative
### Output ###
THE BANANA PUDDING THEY SERVE HAS NEVER SEEN AN OVEN,THE CRABCAKES ARE WAY OVER SALTED AND DON'T GET ME STARTED ON THE VERY GREASY MAC AND CHEESE.
**Now complete this task like example with ONE SENTENCE:
### Input ###
aspect: Caesar salad dressing,Seafood paella with saffron rice
polarity: Neutral,Negative
###Output### ","The Caesar salad dressing was just average, but the Seafood paella with saffron rice was a letdown with overcooked seafood.","[{'term': 'Caesar salad dressing', 'polarity': 'Neutral'}, {'term': 'Seafood paella with saffron rice', 'polarity': 'Negative'}]","[{'category': 'general', 'polarity': 'neutral'}]",210
"['roll', 'Fried rice']","['Positive', 'Negative']","**You are a critic who can generate comments on the specified aspect and sentiment
We would like you to complete a sentence generation task. Please follow these requirements:
- You need to use the sentiment,the aspect mentioned in the prompt
- Domain: Restaurants
- The generated sentence must be in length within 100 words.
- the sentence should not have aspect words that are not specified in the prompt
- DO NOT REPEAT the input text in the output
- PRINT ONLY THE ANSWER TEXT NO EXPLAINING NOTHING ELSE, MAKE SURE TO USE ASPECT WORDS IN THE OUTPUT
- examples:
### input ###
aspect: glass of wine
polarity: Neutral
### Output ###
We ordered a glass of wine and were finished eating and paying before the wine came.
### input ###
aspect: soup and sandwich meal, hot and sour soup
polarity: positive, Positive
### Output ###
For a savory take on the soup and sandwich meal, try the hot and sour soup.
### input ###
aspect: guac, flavor, fresh salsa
polarity:Positive, Negative, Neutral
### Output ###
The guac is fresh, yet lacking flavor, we like to add our fresh salsa into it.
### input ###
aspect: BANANA PUDDING, CRABCAKES, MAC AND CHEESE
polarity:Negative, Negative,Negative
### Output ###
THE BANANA PUDDING THEY SERVE HAS NEVER SEEN AN OVEN,THE CRABCAKES ARE WAY OVER SALTED AND DON'T GET ME STARTED ON THE VERY GREASY MAC AND CHEESE.
**Now complete this task like example with ONE SENTENCE:
### Input ###
aspect: roll,Fried rice
polarity: Positive,Negative
###Output### ","The roll was cooked to perfection, but unfortunately, the Fried rice was a letdown.","[{'term': 'roll', 'polarity': 'Positive'}, {'term': 'Fried rice', 'polarity': 'Negative'}]","[{'category': 'general', 'polarity': 'neutral'}]",219
"['chequer', 'basis']","['Neutral', 'Negative']","**You are a critic who can generate comments on the specified aspect and sentiment
We would like you to complete a sentence generation task. Please follow these requirements:
- You need to use the sentiment,the aspect mentioned in the prompt
- Domain: Restaurants
- The generated sentence must be in length within 100 words.
- the sentence should not have aspect words that are not specified in the prompt
- DO NOT REPEAT the input text in the output
- PRINT ONLY THE ANSWER TEXT NO EXPLAINING NOTHING ELSE, MAKE SURE TO USE ASPECT WORDS IN THE OUTPUT
- examples:
### input ###
aspect: glass of wine
polarity: Neutral
### Output ###
We ordered a glass of wine and were finished eating and paying before the wine came.
### input ###
aspect: soup and sandwich meal, hot and sour soup
polarity: positive, Positive
### Output ###
For a savory take on the soup and sandwich meal, try the hot and sour soup.
### input ###
aspect: guac, flavor, fresh salsa
polarity:Positive, Negative, Neutral
### Output ###
The guac is fresh, yet lacking flavor, we like to add our fresh salsa into it.
### input ###
aspect: BANANA PUDDING, CRABCAKES, MAC AND CHEESE
polarity:Negative, Negative,Negative
### Output ###
THE BANANA PUDDING THEY SERVE HAS NEVER SEEN AN OVEN,THE CRABCAKES ARE WAY OVER SALTED AND DON'T GET ME STARTED ON THE VERY GREASY MAC AND CHEESE.
**Now complete this task like example with ONE SENTENCE:
### Input ###
aspect: chequer,basis
polarity: Neutral,Negative
###Output### ","The restaurant's chequer basis is confusing, making it difficult to understand the pricing.","[{'term': 'chequer', 'polarity': 'Neutral'}, {'term': 'basis', 'polarity': 'Negative'}]","[{'category': 'general', 'polarity': 'neutral'}]",220
"['calx', 'Cheese platter']","['Neutral', 'Positive']","**You are a critic who can generate comments on the specified aspect and sentiment
We would like you to complete a sentence generation task. Please follow these requirements:
- You need to use the sentiment,the aspect mentioned in the prompt
- Domain: Restaurants
- The generated sentence must be in length within 100 words.
- the sentence should not have aspect words that are not specified in the prompt
- DO NOT REPEAT the input text in the output
- PRINT ONLY THE ANSWER TEXT NO EXPLAINING NOTHING ELSE, MAKE SURE TO USE ASPECT WORDS IN THE OUTPUT
- examples:
### input ###
aspect: glass of wine
polarity: Neutral
### Output ###
We ordered a glass of wine and were finished eating and paying before the wine came.
### input ###
aspect: soup and sandwich meal, hot and sour soup
polarity: positive, Positive
### Output ###
For a savory take on the soup and sandwich meal, try the hot and sour soup.
### input ###
aspect: guac, flavor, fresh salsa
polarity:Positive, Negative, Neutral
### Output ###
The guac is fresh, yet lacking flavor, we like to add our fresh salsa into it.
### input ###
aspect: BANANA PUDDING, CRABCAKES, MAC AND CHEESE
polarity:Negative, Negative,Negative
### Output ###
THE BANANA PUDDING THEY SERVE HAS NEVER SEEN AN OVEN,THE CRABCAKES ARE WAY OVER SALTED AND DON'T GET ME STARTED ON THE VERY GREASY MAC AND CHEESE.
**Now complete this task like example with ONE SENTENCE:
### Input ###
aspect: calx,Cheese platter
polarity: Neutral,Positive
###Output### ","The calx was unremarkable, but the Cheese platter was a delightful addition to our meal.","[{'term': 'calx', 'polarity': 'Neutral'}, {'term': 'Cheese platter', 'polarity': 'Positive'}]","[{'category': 'general', 'polarity': 'neutral'}]",221
"['Seafood paella with saffron rice', 'Chocolate cake (with whipped cream)']","['Positive', 'Positive']","**You are a critic who can generate comments on the specified aspect and sentiment
We would like you to complete a sentence generation task. Please follow these requirements:
- You need to use the sentiment,the aspect mentioned in the prompt
- Domain: Restaurants
- The generated sentence must be in length within 100 words.
- the sentence should not have aspect words that are not specified in the prompt
- DO NOT REPEAT the input text in the output
- PRINT ONLY THE ANSWER TEXT NO EXPLAINING NOTHING ELSE, MAKE SURE TO USE ASPECT WORDS IN THE OUTPUT
- examples:
### input ###
aspect: glass of wine
polarity: Neutral
### Output ###
We ordered a glass of wine and were finished eating and paying before the wine came.
### input ###
aspect: soup and sandwich meal, hot and sour soup
polarity: positive, Positive
### Output ###
For a savory take on the soup and sandwich meal, try the hot and sour soup.
### input ###
aspect: guac, flavor, fresh salsa
polarity:Positive, Negative, Neutral
### Output ###
The guac is fresh, yet lacking flavor, we like to add our fresh salsa into it.
### input ###
aspect: BANANA PUDDING, CRABCAKES, MAC AND CHEESE
polarity:Negative, Negative,Negative
### Output ###
THE BANANA PUDDING THEY SERVE HAS NEVER SEEN AN OVEN,THE CRABCAKES ARE WAY OVER SALTED AND DON'T GET ME STARTED ON THE VERY GREASY MAC AND CHEESE.
**Now complete this task like example with ONE SENTENCE:
### Input ###
aspect: Seafood paella with saffron rice,Chocolate cake (with whipped cream)
polarity: Positive,Positive
###Output### ","The Seafood paella with saffron rice is a standout dish, and the rich flavors pair perfectly with the decadent Chocolate cake (with whipped cream).","[{'term': 'Seafood paella with saffron rice', 'polarity': 'Positive'}, {'term': 'Chocolate cake (with whipped cream)', 'polarity': 'Positive'}]","[{'category': 'general', 'polarity': 'neutral'}]",223
"['bisque', 'Chicken kebabs with tzatziki sauce']","['Positive', 'Neutral']","**You are a critic who can generate comments on the specified aspect and sentiment
We would like you to complete a sentence generation task. Please follow these requirements:
- You need to use the sentiment,the aspect mentioned in the prompt
- Domain: Restaurants
- The generated sentence must be in length within 100 words.
- the sentence should not have aspect words that are not specified in the prompt
- DO NOT REPEAT the input text in the output
- PRINT ONLY THE ANSWER TEXT NO EXPLAINING NOTHING ELSE, MAKE SURE TO USE ASPECT WORDS IN THE OUTPUT
- examples:
### input ###
aspect: glass of wine
polarity: Neutral
### Output ###
We ordered a glass of wine and were finished eating and paying before the wine came.
### input ###
aspect: soup and sandwich meal, hot and sour soup
polarity: positive, Positive
### Output ###
For a savory take on the soup and sandwich meal, try the hot and sour soup.
### input ###
aspect: guac, flavor, fresh salsa
polarity:Positive, Negative, Neutral
### Output ###
The guac is fresh, yet lacking flavor, we like to add our fresh salsa into it.
### input ###
aspect: BANANA PUDDING, CRABCAKES, MAC AND CHEESE
polarity:Negative, Negative,Negative
### Output ###
THE BANANA PUDDING THEY SERVE HAS NEVER SEEN AN OVEN,THE CRABCAKES ARE WAY OVER SALTED AND DON'T GET ME STARTED ON THE VERY GREASY MAC AND CHEESE.
**Now complete this task like example with ONE SENTENCE:
### Input ###
aspect: bisque,Chicken kebabs with tzatziki sauce
polarity: Positive,Neutral
###Output### ","The bisque was rich and flavorful, but the Chicken kebabs with tzatziki sauce were perfectly grilled and refreshing.","[{'term': 'bisque', 'polarity': 'Positive'}, {'term': 'Chicken kebabs with tzatziki sauce', 'polarity': 'Neutral'}]","[{'category': 'general', 'polarity': 'neutral'}]",230
"['cordial', 'Eggplant parmesan']","['Negative', 'Negative']","**You are a critic who can generate comments on the specified aspect and sentiment
We would like you to complete a sentence generation task. Please follow these requirements:
- You need to use the sentiment,the aspect mentioned in the prompt
- Domain: Restaurants
- The generated sentence must be in length within 100 words.
- the sentence should not have aspect words that are not specified in the prompt
- DO NOT REPEAT the input text in the output
- PRINT ONLY THE ANSWER TEXT NO EXPLAINING NOTHING ELSE, MAKE SURE TO USE ASPECT WORDS IN THE OUTPUT
- examples:
### input ###
aspect: glass of wine
polarity: Neutral
### Output ###
We ordered a glass of wine and were finished eating and paying before the wine came.
### input ###
aspect: soup and sandwich meal, hot and sour soup
polarity: positive, Positive
### Output ###
For a savory take on the soup and sandwich meal, try the hot and sour soup.
### input ###
aspect: guac, flavor, fresh salsa
polarity:Positive, Negative, Neutral
### Output ###
The guac is fresh, yet lacking flavor, we like to add our fresh salsa into it.
### input ###
aspect: BANANA PUDDING, CRABCAKES, MAC AND CHEESE
polarity:Negative, Negative,Negative
### Output ###
THE BANANA PUDDING THEY SERVE HAS NEVER SEEN AN OVEN,THE CRABCAKES ARE WAY OVER SALTED AND DON'T GET ME STARTED ON THE VERY GREASY MAC AND CHEESE.
**Now complete this task like example with ONE SENTENCE:
### Input ###
aspect: cordial,Eggplant parmesan
polarity: Negative,Negative
###Output### ",The cordial service was nonexistent and the Eggplant parmesan was a total disappointment.,"[{'term': 'cordial', 'polarity': 'Negative'}, {'term': 'Eggplant parmesan', 'polarity': 'Negative'}]","[{'category': 'general', 'polarity': 'neutral'}]",234
"['terminal', 'Salmon fillet']","['Positive', 'Negative']","**You are a critic who can generate comments on the specified aspect and sentiment
We would like you to complete a sentence generation task. Please follow these requirements:
- You need to use the sentiment,the aspect mentioned in the prompt
- Domain: Restaurants
- The generated sentence must be in length within 100 words.
- the sentence should not have aspect words that are not specified in the prompt
- DO NOT REPEAT the input text in the output
- PRINT ONLY THE ANSWER TEXT NO EXPLAINING NOTHING ELSE, MAKE SURE TO USE ASPECT WORDS IN THE OUTPUT
- examples:
### input ###
aspect: glass of wine
polarity: Neutral
### Output ###
We ordered a glass of wine and were finished eating and paying before the wine came.
### input ###
aspect: soup and sandwich meal, hot and sour soup
polarity: positive, Positive
### Output ###
For a savory take on the soup and sandwich meal, try the hot and sour soup.
### input ###
aspect: guac, flavor, fresh salsa
polarity:Positive, Negative, Neutral
### Output ###
The guac is fresh, yet lacking flavor, we like to add our fresh salsa into it.
### input ###
aspect: BANANA PUDDING, CRABCAKES, MAC AND CHEESE
polarity:Negative, Negative,Negative
### Output ###
THE BANANA PUDDING THEY SERVE HAS NEVER SEEN AN OVEN,THE CRABCAKES ARE WAY OVER SALTED AND DON'T GET ME STARTED ON THE VERY GREASY MAC AND CHEESE.
**Now complete this task like example with ONE SENTENCE:
### Input ###
aspect: terminal,Salmon fillet
polarity: Positive,Negative
###Output### ","The staff efficiently guided us through the terminal to our table, but unfortunately, the overcooked Salmon fillet was a letdown.","[{'term': 'terminal', 'polarity': 'Positive'}, {'term': 'Salmon fillet', 'polarity': 'Negative'}]","[{'category': 'general', 'polarity': 'neutral'}]",235
"['secondo', 'Tuna salad sandwich']","['Neutral', 'Negative']","**You are a critic who can generate comments on the specified aspect and sentiment
We would like you to complete a sentence generation task. Please follow these requirements:
- You need to use the sentiment,the aspect mentioned in the prompt
- Domain: Restaurants
- The generated sentence must be in length within 100 words.
- the sentence should not have aspect words that are not specified in the prompt
- DO NOT REPEAT the input text in the output
- PRINT ONLY THE ANSWER TEXT NO EXPLAINING NOTHING ELSE, MAKE SURE TO USE ASPECT WORDS IN THE OUTPUT
- examples:
### input ###
aspect: glass of wine
polarity: Neutral
### Output ###
We ordered a glass of wine and were finished eating and paying before the wine came.
### input ###
aspect: soup and sandwich meal, hot and sour soup
polarity: positive, Positive
### Output ###
For a savory take on the soup and sandwich meal, try the hot and sour soup.
### input ###
aspect: guac, flavor, fresh salsa
polarity:Positive, Negative, Neutral
### Output ###
The guac is fresh, yet lacking flavor, we like to add our fresh salsa into it.
### input ###
aspect: BANANA PUDDING, CRABCAKES, MAC AND CHEESE
polarity:Negative, Negative,Negative
### Output ###
THE BANANA PUDDING THEY SERVE HAS NEVER SEEN AN OVEN,THE CRABCAKES ARE WAY OVER SALTED AND DON'T GET ME STARTED ON THE VERY GREASY MAC AND CHEESE.
**Now complete this task like example with ONE SENTENCE:
### Input ###
aspect: secondo,Tuna salad sandwich
polarity: Neutral,Negative
###Output### ","The secondo was underwhelming, but the Tuna salad sandwich fell flat with its unappetizing presentation.","[{'term': 'secondo', 'polarity': 'Neutral'}, {'term': 'Tuna salad sandwich', 'polarity': 'Negative'}]","[{'category': 'general', 'polarity': 'neutral'}]",237
"['tahini', 'lasagna']","['Negative', 'Neutral']","**You are a critic who can generate comments on the specified aspect and sentiment
We would like you to complete a sentence generation task. Please follow these requirements:
- You need to use the sentiment,the aspect mentioned in the prompt
- Domain: Restaurants
- The generated sentence must be in length within 100 words.
- the sentence should not have aspect words that are not specified in the prompt
- DO NOT REPEAT the input text in the output
- PRINT ONLY THE ANSWER TEXT NO EXPLAINING NOTHING ELSE, MAKE SURE TO USE ASPECT WORDS IN THE OUTPUT
- examples:
### input ###
aspect: glass of wine
polarity: Neutral
### Output ###
We ordered a glass of wine and were finished eating and paying before the wine came.
### input ###
aspect: soup and sandwich meal, hot and sour soup
polarity: positive, Positive
### Output ###
For a savory take on the soup and sandwich meal, try the hot and sour soup.
### input ###
aspect: guac, flavor, fresh salsa
polarity:Positive, Negative, Neutral
### Output ###
The guac is fresh, yet lacking flavor, we like to add our fresh salsa into it.
### input ###
aspect: BANANA PUDDING, CRABCAKES, MAC AND CHEESE
polarity:Negative, Negative,Negative
### Output ###
THE BANANA PUDDING THEY SERVE HAS NEVER SEEN AN OVEN,THE CRABCAKES ARE WAY OVER SALTED AND DON'T GET ME STARTED ON THE VERY GREASY MAC AND CHEESE.
**Now complete this task like example with ONE SENTENCE:
### Input ###
aspect: tahini,lasagna
polarity: Negative,Neutral
###Output### ","The lasagna was a disappointment, but the tahini was passable.","[{'term': 'tahini', 'polarity': 'Negative'}, {'term': 'lasagna', 'polarity': 'Neutral'}]","[{'category': 'general', 'polarity': 'neutral'}]",239
"['Beef stew', 'BBQ chicken with corn on the cob']","['Positive', 'Positive']","**You are a critic who can generate comments on the specified aspect and sentiment
We would like you to complete a sentence generation task. Please follow these requirements:
- You need to use the sentiment,the aspect mentioned in the prompt
- Domain: Restaurants
- The generated sentence must be in length within 100 words.
- the sentence should not have aspect words that are not specified in the prompt
- DO NOT REPEAT the input text in the output
- PRINT ONLY THE ANSWER TEXT NO EXPLAINING NOTHING ELSE, MAKE SURE TO USE ASPECT WORDS IN THE OUTPUT
- examples:
### input ###
aspect: glass of wine
polarity: Neutral
### Output ###
We ordered a glass of wine and were finished eating and paying before the wine came.
### input ###
aspect: soup and sandwich meal, hot and sour soup
polarity: positive, Positive
### Output ###
For a savory take on the soup and sandwich meal, try the hot and sour soup.
### input ###
aspect: guac, flavor, fresh salsa
polarity:Positive, Negative, Neutral
### Output ###
The guac is fresh, yet lacking flavor, we like to add our fresh salsa into it.
### input ###
aspect: BANANA PUDDING, CRABCAKES, MAC AND CHEESE
polarity:Negative, Negative,Negative
### Output ###
THE BANANA PUDDING THEY SERVE HAS NEVER SEEN AN OVEN,THE CRABCAKES ARE WAY OVER SALTED AND DON'T GET ME STARTED ON THE VERY GREASY MAC AND CHEESE.
**Now complete this task like example with ONE SENTENCE:
### Input ###
aspect: Beef stew,BBQ chicken with corn on the cob
polarity: Positive,Positive
###Output### ","The BBQ chicken with corn on the cob was a highlight of our meal, and the rich flavors in the Beef stew were absolutely delightful.","[{'term': 'Beef stew', 'polarity': 'Positive'}, {'term': 'BBQ chicken with corn on the cob', 'polarity': 'Positive'}]","[{'category': 'general', 'polarity': 'neutral'}]",245
"['mousse', 'miso']","['Positive', 'Positive']","**You are a critic who can generate comments on the specified aspect and sentiment
We would like you to complete a sentence generation task. Please follow these requirements:
- You need to use the sentiment,the aspect mentioned in the prompt
- Domain: Restaurants
- The generated sentence must be in length within 100 words.
- the sentence should not have aspect words that are not specified in the prompt
- DO NOT REPEAT the input text in the output
- PRINT ONLY THE ANSWER TEXT NO EXPLAINING NOTHING ELSE, MAKE SURE TO USE ASPECT WORDS IN THE OUTPUT
- examples:
### input ###
aspect: glass of wine
polarity: Neutral
### Output ###
We ordered a glass of wine and were finished eating and paying before the wine came.
### input ###
aspect: soup and sandwich meal, hot and sour soup
polarity: positive, Positive
### Output ###
For a savory take on the soup and sandwich meal, try the hot and sour soup.
### input ###
aspect: guac, flavor, fresh salsa
polarity:Positive, Negative, Neutral
### Output ###
The guac is fresh, yet lacking flavor, we like to add our fresh salsa into it.
### input ###
aspect: BANANA PUDDING, CRABCAKES, MAC AND CHEESE
polarity:Negative, Negative,Negative
### Output ###
THE BANANA PUDDING THEY SERVE HAS NEVER SEEN AN OVEN,THE CRABCAKES ARE WAY OVER SALTED AND DON'T GET ME STARTED ON THE VERY GREASY MAC AND CHEESE.
**Now complete this task like example with ONE SENTENCE:
### Input ###
aspect: mousse,miso
polarity: Positive,Positive
###Output### ","The dessert menu features an exquisite chocolate mousse, and the savory options include a well-balanced miso dish.","[{'term': 'mousse', 'polarity': 'Positive'}, {'term': 'miso', 'polarity': 'Positive'}]","[{'category': 'general', 'polarity': 'neutral'}]",247
"['cup', 'basil']","['Positive', 'Negative']","**You are a critic who can generate comments on the specified aspect and sentiment
We would like you to complete a sentence generation task. Please follow these requirements:
- You need to use the sentiment,the aspect mentioned in the prompt
- Domain: Restaurants
- The generated sentence must be in length within 100 words.
- the sentence should not have aspect words that are not specified in the prompt
- DO NOT REPEAT the input text in the output
- PRINT ONLY THE ANSWER TEXT NO EXPLAINING NOTHING ELSE, MAKE SURE TO USE ASPECT WORDS IN THE OUTPUT
- examples:
### input ###
aspect: glass of wine
polarity: Neutral
### Output ###
We ordered a glass of wine and were finished eating and paying before the wine came.
### input ###
aspect: soup and sandwich meal, hot and sour soup
polarity: positive, Positive
### Output ###
For a savory take on the soup and sandwich meal, try the hot and sour soup.
### input ###
aspect: guac, flavor, fresh salsa
polarity:Positive, Negative, Neutral
### Output ###
The guac is fresh, yet lacking flavor, we like to add our fresh salsa into it.
### input ###
aspect: BANANA PUDDING, CRABCAKES, MAC AND CHEESE
polarity:Negative, Negative,Negative
### Output ###
THE BANANA PUDDING THEY SERVE HAS NEVER SEEN AN OVEN,THE CRABCAKES ARE WAY OVER SALTED AND DON'T GET ME STARTED ON THE VERY GREASY MAC AND CHEESE.
**Now complete this task like example with ONE SENTENCE:
### Input ###
aspect: cup,basil
polarity: Positive,Negative
###Output### ","The basil-infused cup of coffee is a lovely addition to their menu, but the cup itself could be larger.","[{'term': 'cup', 'polarity': 'Positive'}, {'term': 'basil', 'polarity': 'Negative'}]","[{'category': 'general', 'polarity': 'neutral'}]",249
"['Tomato soup with grilled cheese', 'Eggplant Parmesan with mozzarella cheese']","['Positive', 'Positive']","**You are a critic who can generate comments on the specified aspect and sentiment
We would like you to complete a sentence generation task. Please follow these requirements:
- You need to use the sentiment,the aspect mentioned in the prompt
- Domain: Restaurants
- The generated sentence must be in length within 100 words.
- the sentence should not have aspect words that are not specified in the prompt
- DO NOT REPEAT the input text in the output
- PRINT ONLY THE ANSWER TEXT NO EXPLAINING NOTHING ELSE, MAKE SURE TO USE ASPECT WORDS IN THE OUTPUT
- examples:
### input ###
aspect: glass of wine
polarity: Neutral
### Output ###
We ordered a glass of wine and were finished eating and paying before the wine came.
### input ###
aspect: soup and sandwich meal, hot and sour soup
polarity: positive, Positive
### Output ###
For a savory take on the soup and sandwich meal, try the hot and sour soup.
### input ###
aspect: guac, flavor, fresh salsa
polarity:Positive, Negative, Neutral
### Output ###
The guac is fresh, yet lacking flavor, we like to add our fresh salsa into it.
### input ###
aspect: BANANA PUDDING, CRABCAKES, MAC AND CHEESE
polarity:Negative, Negative,Negative
### Output ###
THE BANANA PUDDING THEY SERVE HAS NEVER SEEN AN OVEN,THE CRABCAKES ARE WAY OVER SALTED AND DON'T GET ME STARTED ON THE VERY GREASY MAC AND CHEESE.
**Now complete this task like example with ONE SENTENCE:
### Input ###
aspect: Tomato soup with grilled cheese,Eggplant Parmesan with mozzarella cheese
polarity: Positive,Positive
###Output### ",The combination of the rich Tomato soup with grilled cheese and the savory Eggplant Parmesan with mozzarella cheese was absolutely delightful.,"[{'term': 'Tomato soup with grilled cheese', 'polarity': 'Positive'}, {'term': 'Eggplant Parmesan with mozzarella cheese', 'polarity': 'Positive'}]","[{'category': 'general', 'polarity': 'neutral'}]",255
"['Crab cake sandwich', 'lemongrass']","['Positive', 'Positive']","**You are a critic who can generate comments on the specified aspect and sentiment
We would like you to complete a sentence generation task. Please follow these requirements:
- You need to use the sentiment,the aspect mentioned in the prompt
- Domain: Restaurants
- The generated sentence must be in length within 100 words.
- the sentence should not have aspect words that are not specified in the prompt
- DO NOT REPEAT the input text in the output
- PRINT ONLY THE ANSWER TEXT NO EXPLAINING NOTHING ELSE, MAKE SURE TO USE ASPECT WORDS IN THE OUTPUT
- examples:
### input ###
aspect: glass of wine
polarity: Neutral
### Output ###
We ordered a glass of wine and were finished eating and paying before the wine came.
### input ###
aspect: soup and sandwich meal, hot and sour soup
polarity: positive, Positive
### Output ###
For a savory take on the soup and sandwich meal, try the hot and sour soup.
### input ###
aspect: guac, flavor, fresh salsa
polarity:Positive, Negative, Neutral
### Output ###
The guac is fresh, yet lacking flavor, we like to add our fresh salsa into it.
### input ###
aspect: BANANA PUDDING, CRABCAKES, MAC AND CHEESE
polarity:Negative, Negative,Negative
### Output ###
THE BANANA PUDDING THEY SERVE HAS NEVER SEEN AN OVEN,THE CRABCAKES ARE WAY OVER SALTED AND DON'T GET ME STARTED ON THE VERY GREASY MAC AND CHEESE.
**Now complete this task like example with ONE SENTENCE:
### Input ###
aspect: Crab cake sandwich,lemongrass
polarity: Positive,Positive
###Output### ",The lemongrass flavor in the Crab cake sandwich is a great twist that complements the dish perfectly.,"[{'term': 'Crab cake sandwich', 'polarity': 'Positive'}, {'term': 'lemongrass', 'polarity': 'Positive'}]","[{'category': 'general', 'polarity': 'neutral'}]",256
"['lipid', 'crest']","['Negative', 'Negative']","**You are a critic who can generate comments on the specified aspect and sentiment
We would like you to complete a sentence generation task. Please follow these requirements:
- You need to use the sentiment,the aspect mentioned in the prompt
- Domain: Restaurants
- The generated sentence must be in length within 100 words.
- the sentence should not have aspect words that are not specified in the prompt
- DO NOT REPEAT the input text in the output
- PRINT ONLY THE ANSWER TEXT NO EXPLAINING NOTHING ELSE, MAKE SURE TO USE ASPECT WORDS IN THE OUTPUT
- examples:
### input ###
aspect: glass of wine
polarity: Neutral
### Output ###
We ordered a glass of wine and were finished eating and paying before the wine came.
### input ###
aspect: soup and sandwich meal, hot and sour soup
polarity: positive, Positive
### Output ###
For a savory take on the soup and sandwich meal, try the hot and sour soup.
### input ###
aspect: guac, flavor, fresh salsa
polarity:Positive, Negative, Neutral
### Output ###
The guac is fresh, yet lacking flavor, we like to add our fresh salsa into it.
### input ###
aspect: BANANA PUDDING, CRABCAKES, MAC AND CHEESE
polarity:Negative, Negative,Negative
### Output ###
THE BANANA PUDDING THEY SERVE HAS NEVER SEEN AN OVEN,THE CRABCAKES ARE WAY OVER SALTED AND DON'T GET ME STARTED ON THE VERY GREASY MAC AND CHEESE.
**Now complete this task like example with ONE SENTENCE:
### Input ###
aspect: lipid,crest
polarity: Negative,Negative
###Output### ",The food was overly rich in lipid and the crest of the chef's specialty dish was burnt.,"[{'term': 'lipid', 'polarity': 'Negative'}, {'term': 'crest', 'polarity': 'Negative'}]","[{'category': 'general', 'polarity': 'neutral'}]",257
"['viand', 'Fried rice']","['Neutral', 'Positive']","**You are a critic who can generate comments on the specified aspect and sentiment
We would like you to complete a sentence generation task. Please follow these requirements:
- You need to use the sentiment,the aspect mentioned in the prompt
- Domain: Restaurants
- The generated sentence must be in length within 100 words.
- the sentence should not have aspect words that are not specified in the prompt
- DO NOT REPEAT the input text in the output
- PRINT ONLY THE ANSWER TEXT NO EXPLAINING NOTHING ELSE, MAKE SURE TO USE ASPECT WORDS IN THE OUTPUT
- examples:
### input ###
aspect: glass of wine
polarity: Neutral
### Output ###
We ordered a glass of wine and were finished eating and paying before the wine came.
### input ###
aspect: soup and sandwich meal, hot and sour soup
polarity: positive, Positive
### Output ###
For a savory take on the soup and sandwich meal, try the hot and sour soup.
### input ###
aspect: guac, flavor, fresh salsa
polarity:Positive, Negative, Neutral
### Output ###
The guac is fresh, yet lacking flavor, we like to add our fresh salsa into it.
### input ###
aspect: BANANA PUDDING, CRABCAKES, MAC AND CHEESE
polarity:Negative, Negative,Negative
### Output ###
THE BANANA PUDDING THEY SERVE HAS NEVER SEEN AN OVEN,THE CRABCAKES ARE WAY OVER SALTED AND DON'T GET ME STARTED ON THE VERY GREASY MAC AND CHEESE.
**Now complete this task like example with ONE SENTENCE:
### Input ###
aspect: viand,Fried rice
polarity: Neutral,Positive
###Output### ",We ordered a viand but the real highlight was the perfectly cooked Fried rice.,"[{'term': 'viand', 'polarity': 'Neutral'}, {'term': 'Fried rice', 'polarity': 'Positive'}]","[{'category': 'general', 'polarity': 'neutral'}]",258
"['biriani', 'Spaghetti bolognese']","['Neutral', 'Negative']","**You are a critic who can generate comments on the specified aspect and sentiment
We would like you to complete a sentence generation task. Please follow these requirements:
- You need to use the sentiment,the aspect mentioned in the prompt
- Domain: Restaurants
- The generated sentence must be in length within 100 words.
- the sentence should not have aspect words that are not specified in the prompt
- DO NOT REPEAT the input text in the output
- PRINT ONLY THE ANSWER TEXT NO EXPLAINING NOTHING ELSE, MAKE SURE TO USE ASPECT WORDS IN THE OUTPUT
- examples:
### input ###
aspect: glass of wine
polarity: Neutral
### Output ###
We ordered a glass of wine and were finished eating and paying before the wine came.
### input ###
aspect: soup and sandwich meal, hot and sour soup
polarity: positive, Positive
### Output ###
For a savory take on the soup and sandwich meal, try the hot and sour soup.
### input ###
aspect: guac, flavor, fresh salsa
polarity:Positive, Negative, Neutral
### Output ###
The guac is fresh, yet lacking flavor, we like to add our fresh salsa into it.
### input ###
aspect: BANANA PUDDING, CRABCAKES, MAC AND CHEESE
polarity:Negative, Negative,Negative
### Output ###
THE BANANA PUDDING THEY SERVE HAS NEVER SEEN AN OVEN,THE CRABCAKES ARE WAY OVER SALTED AND DON'T GET ME STARTED ON THE VERY GREASY MAC AND CHEESE.
**Now complete this task like example with ONE SENTENCE:
### Input ###
aspect: biriani,Spaghetti bolognese
polarity: Neutral,Negative
###Output### ",We ordered a biriani but found the Spaghetti bolognese to be a letdown.,"[{'term': 'biriani', 'polarity': 'Neutral'}, {'term': 'Spaghetti bolognese', 'polarity': 'Negative'}]","[{'category': 'general', 'polarity': 'neutral'}]",260
"['toner', 'hommos']","['Negative', 'Positive']","**You are a critic who can generate comments on the specified aspect and sentiment
We would like you to complete a sentence generation task. Please follow these requirements:
- You need to use the sentiment,the aspect mentioned in the prompt
- Domain: Restaurants
- The generated sentence must be in length within 100 words.
- the sentence should not have aspect words that are not specified in the prompt
- DO NOT REPEAT the input text in the output
- PRINT ONLY THE ANSWER TEXT NO EXPLAINING NOTHING ELSE, MAKE SURE TO USE ASPECT WORDS IN THE OUTPUT
- examples:
### input ###
aspect: glass of wine
polarity: Neutral
### Output ###
We ordered a glass of wine and were finished eating and paying before the wine came.
### input ###
aspect: soup and sandwich meal, hot and sour soup
polarity: positive, Positive
### Output ###
For a savory take on the soup and sandwich meal, try the hot and sour soup.
### input ###
aspect: guac, flavor, fresh salsa
polarity:Positive, Negative, Neutral
### Output ###
The guac is fresh, yet lacking flavor, we like to add our fresh salsa into it.
### input ###
aspect: BANANA PUDDING, CRABCAKES, MAC AND CHEESE
polarity:Negative, Negative,Negative
### Output ###
THE BANANA PUDDING THEY SERVE HAS NEVER SEEN AN OVEN,THE CRABCAKES ARE WAY OVER SALTED AND DON'T GET ME STARTED ON THE VERY GREASY MAC AND CHEESE.
**Now complete this task like example with ONE SENTENCE:
### Input ###
aspect: toner,hommos
polarity: Negative,Positive
###Output### ","The hommos was delicious, but the toner left our skin feeling dry and irritated.","[{'term': 'toner', 'polarity': 'Negative'}, {'term': 'hommos', 'polarity': 'Positive'}]","[{'category': 'general', 'polarity': 'neutral'}]",262
"['salad', 'stopper']","['Negative', 'Negative']","**You are a critic who can generate comments on the specified aspect and sentiment
We would like you to complete a sentence generation task. Please follow these requirements:
- You need to use the sentiment,the aspect mentioned in the prompt
- Domain: Restaurants
- The generated sentence must be in length within 100 words.
- the sentence should not have aspect words that are not specified in the prompt
- DO NOT REPEAT the input text in the output
- PRINT ONLY THE ANSWER TEXT NO EXPLAINING NOTHING ELSE, MAKE SURE TO USE ASPECT WORDS IN THE OUTPUT
- examples:
### input ###
aspect: glass of wine
polarity: Neutral
### Output ###
We ordered a glass of wine and were finished eating and paying before the wine came.
### input ###
aspect: soup and sandwich meal, hot and sour soup
polarity: positive, Positive
### Output ###
For a savory take on the soup and sandwich meal, try the hot and sour soup.
### input ###
aspect: guac, flavor, fresh salsa
polarity:Positive, Negative, Neutral
### Output ###
The guac is fresh, yet lacking flavor, we like to add our fresh salsa into it.
### input ###
aspect: BANANA PUDDING, CRABCAKES, MAC AND CHEESE
polarity:Negative, Negative,Negative
### Output ###
THE BANANA PUDDING THEY SERVE HAS NEVER SEEN AN OVEN,THE CRABCAKES ARE WAY OVER SALTED AND DON'T GET ME STARTED ON THE VERY GREASY MAC AND CHEESE.
**Now complete this task like example with ONE SENTENCE:
### Input ###
aspect: salad,stopper
polarity: Negative,Negative
###Output### ",The stopper they use for the salad dressing is completely ineffective.,"[{'term': 'salad', 'polarity': 'Negative'}, {'term': 'stopper', 'polarity': 'Negative'}]","[{'category': 'general', 'polarity': 'neutral'}]",266
"['curb', 'voice']","['Positive', 'Negative']","**You are a critic who can generate comments on the specified aspect and sentiment
We would like you to complete a sentence generation task. Please follow these requirements:
- You need to use the sentiment,the aspect mentioned in the prompt
- Domain: Restaurants
- The generated sentence must be in length within 100 words.
- the sentence should not have aspect words that are not specified in the prompt
- DO NOT REPEAT the input text in the output
- PRINT ONLY THE ANSWER TEXT NO EXPLAINING NOTHING ELSE, MAKE SURE TO USE ASPECT WORDS IN THE OUTPUT
- examples:
### input ###
aspect: glass of wine
polarity: Neutral
### Output ###
We ordered a glass of wine and were finished eating and paying before the wine came.
### input ###
aspect: soup and sandwich meal, hot and sour soup
polarity: positive, Positive
### Output ###
For a savory take on the soup and sandwich meal, try the hot and sour soup.
### input ###
aspect: guac, flavor, fresh salsa
polarity:Positive, Negative, Neutral
### Output ###
The guac is fresh, yet lacking flavor, we like to add our fresh salsa into it.
### input ###
aspect: BANANA PUDDING, CRABCAKES, MAC AND CHEESE
polarity:Negative, Negative,Negative
### Output ###
THE BANANA PUDDING THEY SERVE HAS NEVER SEEN AN OVEN,THE CRABCAKES ARE WAY OVER SALTED AND DON'T GET ME STARTED ON THE VERY GREASY MAC AND CHEESE.
**Now complete this task like example with ONE SENTENCE:
### Input ###
aspect: curb,voice
polarity: Positive,Negative
###Output### ","The restaurant's curb is well-maintained, but the voice of the hostess was unhelpful when we arrived.","[{'term': 'curb', 'polarity': 'Positive'}, {'term': 'voice', 'polarity': 'Negative'}]","[{'category': 'general', 'polarity': 'neutral'}]",267
"['yoghurt', 'Mushroom risotto (with truffle oil)']","['Negative', 'Positive']","**You are a critic who can generate comments on the specified aspect and sentiment
We would like you to complete a sentence generation task. Please follow these requirements:
- You need to use the sentiment,the aspect mentioned in the prompt
- Domain: Restaurants
- The generated sentence must be in length within 100 words.
- the sentence should not have aspect words that are not specified in the prompt
- DO NOT REPEAT the input text in the output
- PRINT ONLY THE ANSWER TEXT NO EXPLAINING NOTHING ELSE, MAKE SURE TO USE ASPECT WORDS IN THE OUTPUT
- examples:
### input ###
aspect: glass of wine
polarity: Neutral
### Output ###
We ordered a glass of wine and were finished eating and paying before the wine came.
### input ###
aspect: soup and sandwich meal, hot and sour soup
polarity: positive, Positive
### Output ###
For a savory take on the soup and sandwich meal, try the hot and sour soup.
### input ###
aspect: guac, flavor, fresh salsa
polarity:Positive, Negative, Neutral
### Output ###
The guac is fresh, yet lacking flavor, we like to add our fresh salsa into it.
### input ###
aspect: BANANA PUDDING, CRABCAKES, MAC AND CHEESE
polarity:Negative, Negative,Negative
### Output ###
THE BANANA PUDDING THEY SERVE HAS NEVER SEEN AN OVEN,THE CRABCAKES ARE WAY OVER SALTED AND DON'T GET ME STARTED ON THE VERY GREASY MAC AND CHEESE.
**Now complete this task like example with ONE SENTENCE:
### Input ###
aspect: yoghurt,Mushroom risotto (with truffle oil)
polarity: Negative,Positive
###Output### ","The yoghurt was a disappointment, but the Mushroom risotto (with truffle oil) truly exceeded expectations.","[{'term': 'yoghurt', 'polarity': 'Negative'}, {'term': 'Mushroom risotto (with truffle oil)', 'polarity': 'Positive'}]","[{'category': 'general', 'polarity': 'neutral'}]",271
"['dish', 'discharge']","['Negative', 'Positive']","**You are a critic who can generate comments on the specified aspect and sentiment
We would like you to complete a sentence generation task. Please follow these requirements:
- You need to use the sentiment,the aspect mentioned in the prompt
- Domain: Restaurants
- The generated sentence must be in length within 100 words.
- the sentence should not have aspect words that are not specified in the prompt
- DO NOT REPEAT the input text in the output
- PRINT ONLY THE ANSWER TEXT NO EXPLAINING NOTHING ELSE, MAKE SURE TO USE ASPECT WORDS IN THE OUTPUT
- examples:
### input ###
aspect: glass of wine
polarity: Neutral
### Output ###
We ordered a glass of wine and were finished eating and paying before the wine came.
### input ###
aspect: soup and sandwich meal, hot and sour soup
polarity: positive, Positive
### Output ###
For a savory take on the soup and sandwich meal, try the hot and sour soup.
### input ###
aspect: guac, flavor, fresh salsa
polarity:Positive, Negative, Neutral
### Output ###
The guac is fresh, yet lacking flavor, we like to add our fresh salsa into it.
### input ###
aspect: BANANA PUDDING, CRABCAKES, MAC AND CHEESE
polarity:Negative, Negative,Negative
### Output ###
THE BANANA PUDDING THEY SERVE HAS NEVER SEEN AN OVEN,THE CRABCAKES ARE WAY OVER SALTED AND DON'T GET ME STARTED ON THE VERY GREASY MAC AND CHEESE.
**Now complete this task like example with ONE SENTENCE:
### Input ###
aspect: dish,discharge
polarity: Negative,Positive
###Output### ",The restaurant's dish was poorly prepared and then they had a very efficient discharge system.,"[{'term': 'dish', 'polarity': 'Negative'}, {'term': 'discharge', 'polarity': 'Positive'}]","[{'category': 'general', 'polarity': 'neutral'}]",274
"['crackle', 'marjoram']","['Positive', 'Negative']","**You are a critic who can generate comments on the specified aspect and sentiment
We would like you to complete a sentence generation task. Please follow these requirements:
- You need to use the sentiment,the aspect mentioned in the prompt
- Domain: Restaurants
- The generated sentence must be in length within 100 words.
- the sentence should not have aspect words that are not specified in the prompt
- DO NOT REPEAT the input text in the output
- PRINT ONLY THE ANSWER TEXT NO EXPLAINING NOTHING ELSE, MAKE SURE TO USE ASPECT WORDS IN THE OUTPUT
- examples:
### input ###
aspect: glass of wine
polarity: Neutral
### Output ###
We ordered a glass of wine and were finished eating and paying before the wine came.
### input ###
aspect: soup and sandwich meal, hot and sour soup
polarity: positive, Positive
### Output ###
For a savory take on the soup and sandwich meal, try the hot and sour soup.
### input ###
aspect: guac, flavor, fresh salsa
polarity:Positive, Negative, Neutral
### Output ###
The guac is fresh, yet lacking flavor, we like to add our fresh salsa into it.
### input ###
aspect: BANANA PUDDING, CRABCAKES, MAC AND CHEESE
polarity:Negative, Negative,Negative
### Output ###
THE BANANA PUDDING THEY SERVE HAS NEVER SEEN AN OVEN,THE CRABCAKES ARE WAY OVER SALTED AND DON'T GET ME STARTED ON THE VERY GREASY MAC AND CHEESE.
**Now complete this task like example with ONE SENTENCE:
### Input ###
aspect: crackle,marjoram
polarity: Positive,Negative
###Output### ","The crackle on the roasted meats was exceptional, however the marjoram seasoning could have been toned down.","[{'term': 'crackle', 'polarity': 'Positive'}, {'term': 'marjoram', 'polarity': 'Negative'}]","[{'category': 'general', 'polarity': 'neutral'}]",275
"['exerciser', 'Shrimp scampi pasta']","['Negative', 'Negative']","**You are a critic who can generate comments on the specified aspect and sentiment
We would like you to complete a sentence generation task. Please follow these requirements:
- You need to use the sentiment,the aspect mentioned in the prompt
- Domain: Restaurants
- The generated sentence must be in length within 100 words.
- the sentence should not have aspect words that are not specified in the prompt
- DO NOT REPEAT the input text in the output
- PRINT ONLY THE ANSWER TEXT NO EXPLAINING NOTHING ELSE, MAKE SURE TO USE ASPECT WORDS IN THE OUTPUT
- examples:
### input ###
aspect: glass of wine
polarity: Neutral
### Output ###
We ordered a glass of wine and were finished eating and paying before the wine came.
### input ###
aspect: soup and sandwich meal, hot and sour soup
polarity: positive, Positive
### Output ###
For a savory take on the soup and sandwich meal, try the hot and sour soup.
### input ###
aspect: guac, flavor, fresh salsa
polarity:Positive, Negative, Neutral
### Output ###
The guac is fresh, yet lacking flavor, we like to add our fresh salsa into it.
### input ###
aspect: BANANA PUDDING, CRABCAKES, MAC AND CHEESE
polarity:Negative, Negative,Negative
### Output ###
THE BANANA PUDDING THEY SERVE HAS NEVER SEEN AN OVEN,THE CRABCAKES ARE WAY OVER SALTED AND DON'T GET ME STARTED ON THE VERY GREASY MAC AND CHEESE.
**Now complete this task like example with ONE SENTENCE:
### Input ###
aspect: exerciser,Shrimp scampi pasta
polarity: Negative,Negative
###Output### ","The exerciser we rented was completely unresponsive, to match the disappointing Shrimp scampi pasta that lacked any real flavor.","[{'term': 'exerciser', 'polarity': 'Negative'}, {'term': 'Shrimp scampi pasta', 'polarity': 'Negative'}]","[{'category': 'general', 'polarity': 'neutral'}]",278
"['cocky-leeky', 'sequence']","['Negative', 'Neutral']","**You are a critic who can generate comments on the specified aspect and sentiment
We would like you to complete a sentence generation task. Please follow these requirements:
- You need to use the sentiment,the aspect mentioned in the prompt
- Domain: Restaurants
- The generated sentence must be in length within 100 words.
- the sentence should not have aspect words that are not specified in the prompt
- DO NOT REPEAT the input text in the output
- PRINT ONLY THE ANSWER TEXT NO EXPLAINING NOTHING ELSE, MAKE SURE TO USE ASPECT WORDS IN THE OUTPUT
- examples:
### input ###
aspect: glass of wine
polarity: Neutral
### Output ###
We ordered a glass of wine and were finished eating and paying before the wine came.
### input ###
aspect: soup and sandwich meal, hot and sour soup
polarity: positive, Positive
### Output ###
For a savory take on the soup and sandwich meal, try the hot and sour soup.
### input ###
aspect: guac, flavor, fresh salsa
polarity:Positive, Negative, Neutral
### Output ###
The guac is fresh, yet lacking flavor, we like to add our fresh salsa into it.
### input ###
aspect: BANANA PUDDING, CRABCAKES, MAC AND CHEESE
polarity:Negative, Negative,Negative
### Output ###
THE BANANA PUDDING THEY SERVE HAS NEVER SEEN AN OVEN,THE CRABCAKES ARE WAY OVER SALTED AND DON'T GET ME STARTED ON THE VERY GREASY MAC AND CHEESE.
**Now complete this task like example with ONE SENTENCE:
### Input ###
aspect: cocky-leeky,sequence
polarity: Negative,Neutral
###Output### ",The cocky-leeky soup was overcooked and lacked a clear sequence of flavors.,"[{'term': 'cocky-leeky', 'polarity': 'Negative'}, {'term': 'sequence', 'polarity': 'Neutral'}]","[{'category': 'general', 'polarity': 'neutral'}]",279
"['marmite', 'lovage']","['Negative', 'Positive']","**You are a critic who can generate comments on the specified aspect and sentiment
We would like you to complete a sentence generation task. Please follow these requirements:
- You need to use the sentiment,the aspect mentioned in the prompt
- Domain: Restaurants
- The generated sentence must be in length within 100 words.
- the sentence should not have aspect words that are not specified in the prompt
- DO NOT REPEAT the input text in the output
- PRINT ONLY THE ANSWER TEXT NO EXPLAINING NOTHING ELSE, MAKE SURE TO USE ASPECT WORDS IN THE OUTPUT
- examples:
### input ###
aspect: glass of wine
polarity: Neutral
### Output ###
We ordered a glass of wine and were finished eating and paying before the wine came.
### input ###
aspect: soup and sandwich meal, hot and sour soup
polarity: positive, Positive
### Output ###
For a savory take on the soup and sandwich meal, try the hot and sour soup.
### input ###
aspect: guac, flavor, fresh salsa
polarity:Positive, Negative, Neutral
### Output ###
The guac is fresh, yet lacking flavor, we like to add our fresh salsa into it.
### input ###
aspect: BANANA PUDDING, CRABCAKES, MAC AND CHEESE
polarity:Negative, Negative,Negative
### Output ###
THE BANANA PUDDING THEY SERVE HAS NEVER SEEN AN OVEN,THE CRABCAKES ARE WAY OVER SALTED AND DON'T GET ME STARTED ON THE VERY GREASY MAC AND CHEESE.
**Now complete this task like example with ONE SENTENCE:
### Input ###
aspect: marmite,lovage
polarity: Negative,Positive
###Output### ","The lovage adds a nice flavor, but unfortunately, the marmite is too overpowering.","[{'term': 'marmite', 'polarity': 'Negative'}, {'term': 'lovage', 'polarity': 'Positive'}]","[{'category': 'general', 'polarity': 'neutral'}]",283
"['water', 'Tomato and mozzarella salad with balsamic glaze']","['Neutral', 'Negative']","**You are a critic who can generate comments on the specified aspect and sentiment
We would like you to complete a sentence generation task. Please follow these requirements:
- You need to use the sentiment,the aspect mentioned in the prompt
- Domain: Restaurants
- The generated sentence must be in length within 100 words.
- the sentence should not have aspect words that are not specified in the prompt
- DO NOT REPEAT the input text in the output
- PRINT ONLY THE ANSWER TEXT NO EXPLAINING NOTHING ELSE, MAKE SURE TO USE ASPECT WORDS IN THE OUTPUT
- examples:
### input ###
aspect: glass of wine
polarity: Neutral
### Output ###
We ordered a glass of wine and were finished eating and paying before the wine came.
### input ###
aspect: soup and sandwich meal, hot and sour soup
polarity: positive, Positive
### Output ###
For a savory take on the soup and sandwich meal, try the hot and sour soup.
### input ###
aspect: guac, flavor, fresh salsa
polarity:Positive, Negative, Neutral
### Output ###
The guac is fresh, yet lacking flavor, we like to add our fresh salsa into it.
### input ###
aspect: BANANA PUDDING, CRABCAKES, MAC AND CHEESE
polarity:Negative, Negative,Negative
### Output ###
THE BANANA PUDDING THEY SERVE HAS NEVER SEEN AN OVEN,THE CRABCAKES ARE WAY OVER SALTED AND DON'T GET ME STARTED ON THE VERY GREASY MAC AND CHEESE.
**Now complete this task like example with ONE SENTENCE:
### Input ###
aspect: water,Tomato and mozzarella salad with balsamic glaze
polarity: Neutral,Negative
###Output### ","The water was fine, but the Tomato and mozzarella salad with balsamic glaze was a bit too oily for our taste.","[{'term': 'water', 'polarity': 'Neutral'}, {'term': 'Tomato and mozzarella salad with balsamic glaze', 'polarity': 'Negative'}]","[{'category': 'general', 'polarity': 'neutral'}]",284
"['paint', 'zone']","['Negative', 'Negative']","**You are a critic who can generate comments on the specified aspect and sentiment
We would like you to complete a sentence generation task. Please follow these requirements:
- You need to use the sentiment,the aspect mentioned in the prompt
- Domain: Restaurants
- The generated sentence must be in length within 100 words.
- the sentence should not have aspect words that are not specified in the prompt
- DO NOT REPEAT the input text in the output
- PRINT ONLY THE ANSWER TEXT NO EXPLAINING NOTHING ELSE, MAKE SURE TO USE ASPECT WORDS IN THE OUTPUT
- examples:
### input ###
aspect: glass of wine
polarity: Neutral
### Output ###
We ordered a glass of wine and were finished eating and paying before the wine came.
### input ###
aspect: soup and sandwich meal, hot and sour soup
polarity: positive, Positive
### Output ###
For a savory take on the soup and sandwich meal, try the hot and sour soup.
### input ###
aspect: guac, flavor, fresh salsa
polarity:Positive, Negative, Neutral
### Output ###
The guac is fresh, yet lacking flavor, we like to add our fresh salsa into it.
### input ###
aspect: BANANA PUDDING, CRABCAKES, MAC AND CHEESE
polarity:Negative, Negative,Negative
### Output ###
THE BANANA PUDDING THEY SERVE HAS NEVER SEEN AN OVEN,THE CRABCAKES ARE WAY OVER SALTED AND DON'T GET ME STARTED ON THE VERY GREASY MAC AND CHEESE.
**Now complete this task like example with ONE SENTENCE:
### Input ###
aspect: paint,zone
polarity: Negative,Negative
###Output### ",The dining area's paint job is faded and the designated zone for smoking is poorly marked.,"[{'term': 'paint', 'polarity': 'Negative'}, {'term': 'zone', 'polarity': 'Negative'}]","[{'category': 'general', 'polarity': 'neutral'}]",286
"['hotchpotch', 'dolmas']","['Negative', 'Positive']","**You are a critic who can generate comments on the specified aspect and sentiment
We would like you to complete a sentence generation task. Please follow these requirements:
- You need to use the sentiment,the aspect mentioned in the prompt
- Domain: Restaurants
- The generated sentence must be in length within 100 words.
- the sentence should not have aspect words that are not specified in the prompt
- DO NOT REPEAT the input text in the output
- PRINT ONLY THE ANSWER TEXT NO EXPLAINING NOTHING ELSE, MAKE SURE TO USE ASPECT WORDS IN THE OUTPUT
- examples:
### input ###
aspect: glass of wine
polarity: Neutral
### Output ###
We ordered a glass of wine and were finished eating and paying before the wine came.
### input ###
aspect: soup and sandwich meal, hot and sour soup
polarity: positive, Positive
### Output ###
For a savory take on the soup and sandwich meal, try the hot and sour soup.
### input ###
aspect: guac, flavor, fresh salsa
polarity:Positive, Negative, Neutral
### Output ###
The guac is fresh, yet lacking flavor, we like to add our fresh salsa into it.
### input ###
aspect: BANANA PUDDING, CRABCAKES, MAC AND CHEESE
polarity:Negative, Negative,Negative
### Output ###
THE BANANA PUDDING THEY SERVE HAS NEVER SEEN AN OVEN,THE CRABCAKES ARE WAY OVER SALTED AND DON'T GET ME STARTED ON THE VERY GREASY MAC AND CHEESE.
**Now complete this task like example with ONE SENTENCE:
### Input ###
aspect: hotchpotch,dolmas
polarity: Negative,Positive
###Output### ","The dolmas were a highlight of the meal, but the hotchpotch was a confusing mishmash of flavors.","[{'term': 'hotchpotch', 'polarity': 'Negative'}, {'term': 'dolmas', 'polarity': 'Positive'}]","[{'category': 'general', 'polarity': 'neutral'}]",289
"['meringue', 'grass']","['Positive', 'Positive']","**You are a critic who can generate comments on the specified aspect and sentiment
We would like you to complete a sentence generation task. Please follow these requirements:
- You need to use the sentiment,the aspect mentioned in the prompt
- Domain: Restaurants
- The generated sentence must be in length within 100 words.
- the sentence should not have aspect words that are not specified in the prompt
- DO NOT REPEAT the input text in the output
- PRINT ONLY THE ANSWER TEXT NO EXPLAINING NOTHING ELSE, MAKE SURE TO USE ASPECT WORDS IN THE OUTPUT
- examples:
### input ###
aspect: glass of wine
polarity: Neutral
### Output ###
We ordered a glass of wine and were finished eating and paying before the wine came.
### input ###
aspect: soup and sandwich meal, hot and sour soup
polarity: positive, Positive
### Output ###
For a savory take on the soup and sandwich meal, try the hot and sour soup.
### input ###
aspect: guac, flavor, fresh salsa
polarity:Positive, Negative, Neutral
### Output ###
The guac is fresh, yet lacking flavor, we like to add our fresh salsa into it.
### input ###
aspect: BANANA PUDDING, CRABCAKES, MAC AND CHEESE
polarity:Negative, Negative,Negative
### Output ###
THE BANANA PUDDING THEY SERVE HAS NEVER SEEN AN OVEN,THE CRABCAKES ARE WAY OVER SALTED AND DON'T GET ME STARTED ON THE VERY GREASY MAC AND CHEESE.
**Now complete this task like example with ONE SENTENCE:
### Input ###
aspect: meringue,grass
polarity: Positive,Positive
###Output### ","The meringue was perfectly toasted, and the outdoor seating area had a lovely view of the lush grass.","[{'term': 'meringue', 'polarity': 'Positive'}, {'term': 'grass', 'polarity': 'Positive'}]","[{'category': 'general', 'polarity': 'neutral'}]",290
"['waldmeister', 'bitok']","['Negative', 'Positive']","**You are a critic who can generate comments on the specified aspect and sentiment
We would like you to complete a sentence generation task. Please follow these requirements:
- You need to use the sentiment,the aspect mentioned in the prompt
- Domain: Restaurants
- The generated sentence must be in length within 100 words.
- the sentence should not have aspect words that are not specified in the prompt
- DO NOT REPEAT the input text in the output
- PRINT ONLY THE ANSWER TEXT NO EXPLAINING NOTHING ELSE, MAKE SURE TO USE ASPECT WORDS IN THE OUTPUT
- examples:
### input ###
aspect: glass of wine
polarity: Neutral
### Output ###
We ordered a glass of wine and were finished eating and paying before the wine came.
### input ###
aspect: soup and sandwich meal, hot and sour soup
polarity: positive, Positive
### Output ###
For a savory take on the soup and sandwich meal, try the hot and sour soup.
### input ###
aspect: guac, flavor, fresh salsa
polarity:Positive, Negative, Neutral
### Output ###
The guac is fresh, yet lacking flavor, we like to add our fresh salsa into it.
### input ###
aspect: BANANA PUDDING, CRABCAKES, MAC AND CHEESE
polarity:Negative, Negative,Negative
### Output ###
THE BANANA PUDDING THEY SERVE HAS NEVER SEEN AN OVEN,THE CRABCAKES ARE WAY OVER SALTED AND DON'T GET ME STARTED ON THE VERY GREASY MAC AND CHEESE.
**Now complete this task like example with ONE SENTENCE:
### Input ###
aspect: waldmeister,bitok
polarity: Negative,Positive
###Output### ","The bitok was surprisingly good, but unfortunately, the waldmeister was a letdown.","[{'term': 'waldmeister', 'polarity': 'Negative'}, {'term': 'bitok', 'polarity': 'Positive'}]","[{'category': 'general', 'polarity': 'neutral'}]",296
"['crude', 'Spaghetti with meatballs and marinara']","['Positive', 'Negative']","**You are a critic who can generate comments on the specified aspect and sentiment
We would like you to complete a sentence generation task. Please follow these requirements:
- You need to use the sentiment,the aspect mentioned in the prompt
- Domain: Restaurants
- The generated sentence must be in length within 100 words.
- the sentence should not have aspect words that are not specified in the prompt
- DO NOT REPEAT the input text in the output
- PRINT ONLY THE ANSWER TEXT NO EXPLAINING NOTHING ELSE, MAKE SURE TO USE ASPECT WORDS IN THE OUTPUT
- examples:
### input ###
aspect: glass of wine
polarity: Neutral
### Output ###
We ordered a glass of wine and were finished eating and paying before the wine came.
### input ###
aspect: soup and sandwich meal, hot and sour soup
polarity: positive, Positive
### Output ###
For a savory take on the soup and sandwich meal, try the hot and sour soup.
### input ###
aspect: guac, flavor, fresh salsa
polarity:Positive, Negative, Neutral
### Output ###
The guac is fresh, yet lacking flavor, we like to add our fresh salsa into it.
### input ###
aspect: BANANA PUDDING, CRABCAKES, MAC AND CHEESE
polarity:Negative, Negative,Negative
### Output ###
THE BANANA PUDDING THEY SERVE HAS NEVER SEEN AN OVEN,THE CRABCAKES ARE WAY OVER SALTED AND DON'T GET ME STARTED ON THE VERY GREASY MAC AND CHEESE.
**Now complete this task like example with ONE SENTENCE:
### Input ###
aspect: crude,Spaghetti with meatballs and marinara
polarity: Positive,Negative
###Output### ",The Spaghetti with meatballs and marinara was delicious but unfortunately had a rather crude presentation.,"[{'term': 'crude', 'polarity': 'Positive'}, {'term': 'Spaghetti with meatballs and marinara', 'polarity': 'Negative'}]","[{'category': 'general', 'polarity': 'neutral'}]",297
"['mayo', 'French fries']","['Positive', 'Neutral']","**You are a critic who can generate comments on the specified aspect and sentiment
We would like you to complete a sentence generation task. Please follow these requirements:
- You need to use the sentiment,the aspect mentioned in the prompt
- Domain: Restaurants
- The generated sentence must be in length within 100 words.
- the sentence should not have aspect words that are not specified in the prompt
- DO NOT REPEAT the input text in the output
- PRINT ONLY THE ANSWER TEXT NO EXPLAINING NOTHING ELSE, MAKE SURE TO USE ASPECT WORDS IN THE OUTPUT
- examples:
### input ###
aspect: glass of wine
polarity: Neutral
### Output ###
We ordered a glass of wine and were finished eating and paying before the wine came.
### input ###
aspect: soup and sandwich meal, hot and sour soup
polarity: positive, Positive
### Output ###
For a savory take on the soup and sandwich meal, try the hot and sour soup.
### input ###
aspect: guac, flavor, fresh salsa
polarity:Positive, Negative, Neutral
### Output ###
The guac is fresh, yet lacking flavor, we like to add our fresh salsa into it.
### input ###
aspect: BANANA PUDDING, CRABCAKES, MAC AND CHEESE
polarity:Negative, Negative,Negative
### Output ###
THE BANANA PUDDING THEY SERVE HAS NEVER SEEN AN OVEN,THE CRABCAKES ARE WAY OVER SALTED AND DON'T GET ME STARTED ON THE VERY GREASY MAC AND CHEESE.
**Now complete this task like example with ONE SENTENCE:
### Input ###
aspect: mayo,French fries
polarity: Positive,Neutral
###Output### ","The mayo was perfectly balanced, but the French fries were just average.","[{'term': 'mayo', 'polarity': 'Positive'}, {'term': 'French fries', 'polarity': 'Neutral'}]","[{'category': 'general', 'polarity': 'neutral'}]",302
"['rijsttaffel', 'emission']","['Negative', 'Positive']","**You are a critic who can generate comments on the specified aspect and sentiment
We would like you to complete a sentence generation task. Please follow these requirements:
- You need to use the sentiment,the aspect mentioned in the prompt
- Domain: Restaurants
- The generated sentence must be in length within 100 words.
- the sentence should not have aspect words that are not specified in the prompt
- DO NOT REPEAT the input text in the output
- PRINT ONLY THE ANSWER TEXT NO EXPLAINING NOTHING ELSE, MAKE SURE TO USE ASPECT WORDS IN THE OUTPUT
- examples:
### input ###
aspect: glass of wine
polarity: Neutral
### Output ###
We ordered a glass of wine and were finished eating and paying before the wine came.
### input ###
aspect: soup and sandwich meal, hot and sour soup
polarity: positive, Positive
### Output ###
For a savory take on the soup and sandwich meal, try the hot and sour soup.
### input ###
aspect: guac, flavor, fresh salsa
polarity:Positive, Negative, Neutral
### Output ###
The guac is fresh, yet lacking flavor, we like to add our fresh salsa into it.
### input ###
aspect: BANANA PUDDING, CRABCAKES, MAC AND CHEESE
polarity:Negative, Negative,Negative
### Output ###
THE BANANA PUDDING THEY SERVE HAS NEVER SEEN AN OVEN,THE CRABCAKES ARE WAY OVER SALTED AND DON'T GET ME STARTED ON THE VERY GREASY MAC AND CHEESE.
**Now complete this task like example with ONE SENTENCE:
### Input ###
aspect: rijsttaffel,emission
polarity: Negative,Positive
###Output### ","The rijsttaffel is a disaster in terms of emission, but the flavors are surprisingly well-balanced.","[{'term': 'rijsttaffel', 'polarity': 'Negative'}, {'term': 'emission', 'polarity': 'Positive'}]","[{'category': 'general', 'polarity': 'neutral'}]",303
"['name', 'Vegetable tempura']","['Neutral', 'Positive']","**You are a critic who can generate comments on the specified aspect and sentiment
We would like you to complete a sentence generation task. Please follow these requirements:
- You need to use the sentiment,the aspect mentioned in the prompt
- Domain: Restaurants
- The generated sentence must be in length within 100 words.
- the sentence should not have aspect words that are not specified in the prompt
- DO NOT REPEAT the input text in the output
- PRINT ONLY THE ANSWER TEXT NO EXPLAINING NOTHING ELSE, MAKE SURE TO USE ASPECT WORDS IN THE OUTPUT
- examples:
### input ###
aspect: glass of wine
polarity: Neutral
### Output ###
We ordered a glass of wine and were finished eating and paying before the wine came.
### input ###
aspect: soup and sandwich meal, hot and sour soup
polarity: positive, Positive
### Output ###
For a savory take on the soup and sandwich meal, try the hot and sour soup.
### input ###
aspect: guac, flavor, fresh salsa
polarity:Positive, Negative, Neutral
### Output ###
The guac is fresh, yet lacking flavor, we like to add our fresh salsa into it.
### input ###
aspect: BANANA PUDDING, CRABCAKES, MAC AND CHEESE
polarity:Negative, Negative,Negative
### Output ###
THE BANANA PUDDING THEY SERVE HAS NEVER SEEN AN OVEN,THE CRABCAKES ARE WAY OVER SALTED AND DON'T GET ME STARTED ON THE VERY GREASY MAC AND CHEESE.
**Now complete this task like example with ONE SENTENCE:
### Input ###
aspect: name,Vegetable tempura
polarity: Neutral,Positive
###Output### ","The restaurant's name is somewhat forgettable, but the Vegetable tempura is absolutely delightful.","[{'term': 'name', 'polarity': 'Neutral'}, {'term': 'Vegetable tempura', 'polarity': 'Positive'}]","[{'category': 'general', 'polarity': 'neutral'}]",306
"['oil', 'Tomato basil soup']","['Positive', 'Negative']","**You are a critic who can generate comments on the specified aspect and sentiment
We would like you to complete a sentence generation task. Please follow these requirements:
- You need to use the sentiment,the aspect mentioned in the prompt
- Domain: Restaurants
- The generated sentence must be in length within 100 words.
- the sentence should not have aspect words that are not specified in the prompt
- DO NOT REPEAT the input text in the output
- PRINT ONLY THE ANSWER TEXT NO EXPLAINING NOTHING ELSE, MAKE SURE TO USE ASPECT WORDS IN THE OUTPUT
- examples:
### input ###
aspect: glass of wine
polarity: Neutral
### Output ###
We ordered a glass of wine and were finished eating and paying before the wine came.
### input ###
aspect: soup and sandwich meal, hot and sour soup
polarity: positive, Positive
### Output ###
For a savory take on the soup and sandwich meal, try the hot and sour soup.
### input ###
aspect: guac, flavor, fresh salsa
polarity:Positive, Negative, Neutral
### Output ###
The guac is fresh, yet lacking flavor, we like to add our fresh salsa into it.
### input ###
aspect: BANANA PUDDING, CRABCAKES, MAC AND CHEESE
polarity:Negative, Negative,Negative
### Output ###
THE BANANA PUDDING THEY SERVE HAS NEVER SEEN AN OVEN,THE CRABCAKES ARE WAY OVER SALTED AND DON'T GET ME STARTED ON THE VERY GREASY MAC AND CHEESE.
**Now complete this task like example with ONE SENTENCE:
### Input ###
aspect: oil,Tomato basil soup
polarity: Positive,Negative
###Output### ","The oil used in their dishes is excellent, but unfortunately, the Tomato basil soup was a letdown.","[{'term': 'oil', 'polarity': 'Positive'}, {'term': 'Tomato basil soup', 'polarity': 'Negative'}]","[{'category': 'general', 'polarity': 'neutral'}]",309
"['Mushroom risotto', 'Burger']","['Negative', 'Neutral']","**You are a critic who can generate comments on the specified aspect and sentiment
We would like you to complete a sentence generation task. Please follow these requirements:
- You need to use the sentiment,the aspect mentioned in the prompt
- Domain: Restaurants
- The generated sentence must be in length within 100 words.
- the sentence should not have aspect words that are not specified in the prompt
- DO NOT REPEAT the input text in the output
- PRINT ONLY THE ANSWER TEXT NO EXPLAINING NOTHING ELSE, MAKE SURE TO USE ASPECT WORDS IN THE OUTPUT
- examples:
### input ###
aspect: glass of wine
polarity: Neutral
### Output ###
We ordered a glass of wine and were finished eating and paying before the wine came.
### input ###
aspect: soup and sandwich meal, hot and sour soup
polarity: positive, Positive
### Output ###
For a savory take on the soup and sandwich meal, try the hot and sour soup.
### input ###
aspect: guac, flavor, fresh salsa
polarity:Positive, Negative, Neutral
### Output ###
The guac is fresh, yet lacking flavor, we like to add our fresh salsa into it.
### input ###
aspect: BANANA PUDDING, CRABCAKES, MAC AND CHEESE
polarity:Negative, Negative,Negative
### Output ###
THE BANANA PUDDING THEY SERVE HAS NEVER SEEN AN OVEN,THE CRABCAKES ARE WAY OVER SALTED AND DON'T GET ME STARTED ON THE VERY GREASY MAC AND CHEESE.
**Now complete this task like example with ONE SENTENCE:
### Input ###
aspect: Mushroom risotto,Burger
polarity: Negative,Neutral
###Output### ","The Mushroom risotto was overcooked, but the Burger was served as ordered.","[{'term': 'Mushroom risotto', 'polarity': 'Negative'}, {'term': 'Burger', 'polarity': 'Neutral'}]","[{'category': 'general', 'polarity': 'neutral'}]",310
"['eatable', 'caramel']","['Negative', 'Negative']","**You are a critic who can generate comments on the specified aspect and sentiment
We would like you to complete a sentence generation task. Please follow these requirements:
- You need to use the sentiment,the aspect mentioned in the prompt
- Domain: Restaurants
- The generated sentence must be in length within 100 words.
- the sentence should not have aspect words that are not specified in the prompt
- DO NOT REPEAT the input text in the output
- PRINT ONLY THE ANSWER TEXT NO EXPLAINING NOTHING ELSE, MAKE SURE TO USE ASPECT WORDS IN THE OUTPUT
- examples:
### input ###
aspect: glass of wine
polarity: Neutral
### Output ###
We ordered a glass of wine and were finished eating and paying before the wine came.
### input ###
aspect: soup and sandwich meal, hot and sour soup
polarity: positive, Positive
### Output ###
For a savory take on the soup and sandwich meal, try the hot and sour soup.
### input ###
aspect: guac, flavor, fresh salsa
polarity:Positive, Negative, Neutral
### Output ###
The guac is fresh, yet lacking flavor, we like to add our fresh salsa into it.
### input ###
aspect: BANANA PUDDING, CRABCAKES, MAC AND CHEESE
polarity:Negative, Negative,Negative
### Output ###
THE BANANA PUDDING THEY SERVE HAS NEVER SEEN AN OVEN,THE CRABCAKES ARE WAY OVER SALTED AND DON'T GET ME STARTED ON THE VERY GREASY MAC AND CHEESE.
**Now complete this task like example with ONE SENTENCE:
### Input ###
aspect: eatable,caramel
polarity: Negative,Negative
###Output### ",The caramel sauce was inedible and completely ruined what could have been an eatable dessert.,"[{'term': 'eatable', 'polarity': 'Negative'}, {'term': 'caramel', 'polarity': 'Negative'}]","[{'category': 'general', 'polarity': 'neutral'}]",311
"['cordial', 'patty']","['Negative', 'Neutral']","**You are a critic who can generate comments on the specified aspect and sentiment
We would like you to complete a sentence generation task. Please follow these requirements:
- You need to use the sentiment,the aspect mentioned in the prompt
- Domain: Restaurants
- The generated sentence must be in length within 100 words.
- the sentence should not have aspect words that are not specified in the prompt
- DO NOT REPEAT the input text in the output
- PRINT ONLY THE ANSWER TEXT NO EXPLAINING NOTHING ELSE, MAKE SURE TO USE ASPECT WORDS IN THE OUTPUT
- examples:
### input ###
aspect: glass of wine
polarity: Neutral
### Output ###
We ordered a glass of wine and were finished eating and paying before the wine came.
### input ###
aspect: soup and sandwich meal, hot and sour soup
polarity: positive, Positive
### Output ###
For a savory take on the soup and sandwich meal, try the hot and sour soup.
### input ###
aspect: guac, flavor, fresh salsa
polarity:Positive, Negative, Neutral
### Output ###
The guac is fresh, yet lacking flavor, we like to add our fresh salsa into it.
### input ###
aspect: BANANA PUDDING, CRABCAKES, MAC AND CHEESE
polarity:Negative, Negative,Negative
### Output ###
THE BANANA PUDDING THEY SERVE HAS NEVER SEEN AN OVEN,THE CRABCAKES ARE WAY OVER SALTED AND DON'T GET ME STARTED ON THE VERY GREASY MAC AND CHEESE.
**Now complete this task like example with ONE SENTENCE:
### Input ###
aspect: cordial,patty
polarity: Negative,Neutral
###Output### ",The cordial service was overshadowed by an underseasoned patty.,"[{'term': 'cordial', 'polarity': 'Negative'}, {'term': 'patty', 'polarity': 'Neutral'}]","[{'category': 'general', 'polarity': 'neutral'}]",312
"['chyme', 'Fried chicken wings']","['Negative', 'Positive']","**You are a critic who can generate comments on the specified aspect and sentiment
We would like you to complete a sentence generation task. Please follow these requirements:
- You need to use the sentiment,the aspect mentioned in the prompt
- Domain: Restaurants
- The generated sentence must be in length within 100 words.
- the sentence should not have aspect words that are not specified in the prompt
- DO NOT REPEAT the input text in the output
- PRINT ONLY THE ANSWER TEXT NO EXPLAINING NOTHING ELSE, MAKE SURE TO USE ASPECT WORDS IN THE OUTPUT
- examples:
### input ###
aspect: glass of wine
polarity: Neutral
### Output ###
We ordered a glass of wine and were finished eating and paying before the wine came.
### input ###
aspect: soup and sandwich meal, hot and sour soup
polarity: positive, Positive
### Output ###
For a savory take on the soup and sandwich meal, try the hot and sour soup.
### input ###
aspect: guac, flavor, fresh salsa
polarity:Positive, Negative, Neutral
### Output ###
The guac is fresh, yet lacking flavor, we like to add our fresh salsa into it.
### input ###
aspect: BANANA PUDDING, CRABCAKES, MAC AND CHEESE
polarity:Negative, Negative,Negative
### Output ###
THE BANANA PUDDING THEY SERVE HAS NEVER SEEN AN OVEN,THE CRABCAKES ARE WAY OVER SALTED AND DON'T GET ME STARTED ON THE VERY GREASY MAC AND CHEESE.
**Now complete this task like example with ONE SENTENCE:
### Input ###
aspect: chyme,Fried chicken wings
polarity: Negative,Positive
###Output### ","The chyme was a bit too runny, but the Fried chicken wings were perfectly crispy.","[{'term': 'chyme', 'polarity': 'Negative'}, {'term': 'Fried chicken wings', 'polarity': 'Positive'}]","[{'category': 'general', 'polarity': 'neutral'}]",313
"['pottage', 'Chicken wings (with hot sauce)']","['Negative', 'Positive']","**You are a critic who can generate comments on the specified aspect and sentiment
We would like you to complete a sentence generation task. Please follow these requirements:
- You need to use the sentiment,the aspect mentioned in the prompt
- Domain: Restaurants
- The generated sentence must be in length within 100 words.
- the sentence should not have aspect words that are not specified in the prompt
- DO NOT REPEAT the input text in the output
- PRINT ONLY THE ANSWER TEXT NO EXPLAINING NOTHING ELSE, MAKE SURE TO USE ASPECT WORDS IN THE OUTPUT
- examples:
### input ###
aspect: glass of wine
polarity: Neutral
### Output ###
We ordered a glass of wine and were finished eating and paying before the wine came.
### input ###
aspect: soup and sandwich meal, hot and sour soup
polarity: positive, Positive
### Output ###
For a savory take on the soup and sandwich meal, try the hot and sour soup.
### input ###
aspect: guac, flavor, fresh salsa
polarity:Positive, Negative, Neutral
### Output ###
The guac is fresh, yet lacking flavor, we like to add our fresh salsa into it.
### input ###
aspect: BANANA PUDDING, CRABCAKES, MAC AND CHEESE
polarity:Negative, Negative,Negative
### Output ###
THE BANANA PUDDING THEY SERVE HAS NEVER SEEN AN OVEN,THE CRABCAKES ARE WAY OVER SALTED AND DON'T GET ME STARTED ON THE VERY GREASY MAC AND CHEESE.
**Now complete this task like example with ONE SENTENCE:
### Input ###
aspect: pottage,Chicken wings (with hot sauce)
polarity: Negative,Positive
###Output### ",The pottage was overcooked but the Chicken wings (with hot sauce) were a standout.,"[{'term': 'pottage', 'polarity': 'Negative'}, {'term': 'Chicken wings (with hot sauce)', 'polarity': 'Positive'}]","[{'category': 'general', 'polarity': 'neutral'}]",317
"['cake', 'husk']","['Negative', 'Positive']","**You are a critic who can generate comments on the specified aspect and sentiment
We would like you to complete a sentence generation task. Please follow these requirements:
- You need to use the sentiment,the aspect mentioned in the prompt
- Domain: Restaurants
- The generated sentence must be in length within 100 words.
- the sentence should not have aspect words that are not specified in the prompt
- DO NOT REPEAT the input text in the output
- PRINT ONLY THE ANSWER TEXT NO EXPLAINING NOTHING ELSE, MAKE SURE TO USE ASPECT WORDS IN THE OUTPUT
- examples:
### input ###
aspect: glass of wine
polarity: Neutral
### Output ###
We ordered a glass of wine and were finished eating and paying before the wine came.
### input ###
aspect: soup and sandwich meal, hot and sour soup
polarity: positive, Positive
### Output ###
For a savory take on the soup and sandwich meal, try the hot and sour soup.
### input ###
aspect: guac, flavor, fresh salsa
polarity:Positive, Negative, Neutral
### Output ###
The guac is fresh, yet lacking flavor, we like to add our fresh salsa into it.
### input ###
aspect: BANANA PUDDING, CRABCAKES, MAC AND CHEESE
polarity:Negative, Negative,Negative
### Output ###
THE BANANA PUDDING THEY SERVE HAS NEVER SEEN AN OVEN,THE CRABCAKES ARE WAY OVER SALTED AND DON'T GET ME STARTED ON THE VERY GREASY MAC AND CHEESE.
**Now complete this task like example with ONE SENTENCE:
### Input ###
aspect: cake,husk
polarity: Negative,Positive
###Output### ",The cake is dry but the husk on the corn they serve is perfectly toasted.,"[{'term': 'cake', 'polarity': 'Negative'}, {'term': 'husk', 'polarity': 'Positive'}]","[{'category': 'general', 'polarity': 'neutral'}]",320
"['gamboge', 'Grilled shrimp with garlic and butter']","['Positive', 'Negative']","**You are a critic who can generate comments on the specified aspect and sentiment
We would like you to complete a sentence generation task. Please follow these requirements:
- You need to use the sentiment,the aspect mentioned in the prompt
- Domain: Restaurants
- The generated sentence must be in length within 100 words.
- the sentence should not have aspect words that are not specified in the prompt
- DO NOT REPEAT the input text in the output
- PRINT ONLY THE ANSWER TEXT NO EXPLAINING NOTHING ELSE, MAKE SURE TO USE ASPECT WORDS IN THE OUTPUT
- examples:
### input ###
aspect: glass of wine
polarity: Neutral
### Output ###
We ordered a glass of wine and were finished eating and paying before the wine came.
### input ###
aspect: soup and sandwich meal, hot and sour soup
polarity: positive, Positive
### Output ###
For a savory take on the soup and sandwich meal, try the hot and sour soup.
### input ###
aspect: guac, flavor, fresh salsa
polarity:Positive, Negative, Neutral
### Output ###
The guac is fresh, yet lacking flavor, we like to add our fresh salsa into it.
### input ###
aspect: BANANA PUDDING, CRABCAKES, MAC AND CHEESE
polarity:Negative, Negative,Negative
### Output ###
THE BANANA PUDDING THEY SERVE HAS NEVER SEEN AN OVEN,THE CRABCAKES ARE WAY OVER SALTED AND DON'T GET ME STARTED ON THE VERY GREASY MAC AND CHEESE.
**Now complete this task like example with ONE SENTENCE:
### Input ###
aspect: gamboge,Grilled shrimp with garlic and butter
polarity: Positive,Negative
###Output### ","The gamboge-infused dishes we tried were a hit, but the Grilled shrimp with garlic and butter was unfortunately overcooked.","[{'term': 'gamboge', 'polarity': 'Positive'}, {'term': 'Grilled shrimp with garlic and butter', 'polarity': 'Negative'}]","[{'category': 'general', 'polarity': 'neutral'}]",321
"['brand', 'five']","['Positive', 'Negative']","**You are a critic who can generate comments on the specified aspect and sentiment
We would like you to complete a sentence generation task. Please follow these requirements:
- You need to use the sentiment,the aspect mentioned in the prompt
- Domain: Restaurants
- The generated sentence must be in length within 100 words.
- the sentence should not have aspect words that are not specified in the prompt
- DO NOT REPEAT the input text in the output
- PRINT ONLY THE ANSWER TEXT NO EXPLAINING NOTHING ELSE, MAKE SURE TO USE ASPECT WORDS IN THE OUTPUT
- examples:
### input ###
aspect: glass of wine
polarity: Neutral
### Output ###
We ordered a glass of wine and were finished eating and paying before the wine came.
### input ###
aspect: soup and sandwich meal, hot and sour soup
polarity: positive, Positive
### Output ###
For a savory take on the soup and sandwich meal, try the hot and sour soup.
### input ###
aspect: guac, flavor, fresh salsa
polarity:Positive, Negative, Neutral
### Output ###
The guac is fresh, yet lacking flavor, we like to add our fresh salsa into it.
### input ###
aspect: BANANA PUDDING, CRABCAKES, MAC AND CHEESE
polarity:Negative, Negative,Negative
### Output ###
THE BANANA PUDDING THEY SERVE HAS NEVER SEEN AN OVEN,THE CRABCAKES ARE WAY OVER SALTED AND DON'T GET ME STARTED ON THE VERY GREASY MAC AND CHEESE.
**Now complete this task like example with ONE SENTENCE:
### Input ###
aspect: brand,five
polarity: Positive,Negative
###Output### ","The restaurant's brand reputation has been consistently high, however, their five-star service was unfortunately a letdown.","[{'term': 'brand', 'polarity': 'Positive'}, {'term': 'five', 'polarity': 'Negative'}]","[{'category': 'general', 'polarity': 'neutral'}]",322
"['cement', 'close']","['Neutral', 'Positive']","**You are a critic who can generate comments on the specified aspect and sentiment
We would like you to complete a sentence generation task. Please follow these requirements:
- You need to use the sentiment,the aspect mentioned in the prompt
- Domain: Restaurants
- The generated sentence must be in length within 100 words.
- the sentence should not have aspect words that are not specified in the prompt
- DO NOT REPEAT the input text in the output
- PRINT ONLY THE ANSWER TEXT NO EXPLAINING NOTHING ELSE, MAKE SURE TO USE ASPECT WORDS IN THE OUTPUT
- examples:
### input ###
aspect: glass of wine
polarity: Neutral
### Output ###
We ordered a glass of wine and were finished eating and paying before the wine came.
### input ###
aspect: soup and sandwich meal, hot and sour soup
polarity: positive, Positive
### Output ###
For a savory take on the soup and sandwich meal, try the hot and sour soup.
### input ###
aspect: guac, flavor, fresh salsa
polarity:Positive, Negative, Neutral
### Output ###
The guac is fresh, yet lacking flavor, we like to add our fresh salsa into it.
### input ###
aspect: BANANA PUDDING, CRABCAKES, MAC AND CHEESE
polarity:Negative, Negative,Negative
### Output ###
THE BANANA PUDDING THEY SERVE HAS NEVER SEEN AN OVEN,THE CRABCAKES ARE WAY OVER SALTED AND DON'T GET ME STARTED ON THE VERY GREASY MAC AND CHEESE.
**Now complete this task like example with ONE SENTENCE:
### Input ###
aspect: cement,close
polarity: Neutral,Positive
###Output### ","The restaurant is close to the cement road, making it easily accessible by car.","[{'term': 'cement', 'polarity': 'Neutral'}, {'term': 'close', 'polarity': 'Positive'}]","[{'category': 'general', 'polarity': 'neutral'}]",331
"['Beethoven', 'smoke']","['Negative', 'Negative']","**You are a critic who can generate comments on the specified aspect and sentiment
We would like you to complete a sentence generation task. Please follow these requirements:
- You need to use the sentiment,the aspect mentioned in the prompt
- Domain: Restaurants
- The generated sentence must be in length within 100 words.
- the sentence should not have aspect words that are not specified in the prompt
- DO NOT REPEAT the input text in the output
- PRINT ONLY THE ANSWER TEXT NO EXPLAINING NOTHING ELSE, MAKE SURE TO USE ASPECT WORDS IN THE OUTPUT
- examples:
### input ###
aspect: glass of wine
polarity: Neutral
### Output ###
We ordered a glass of wine and were finished eating and paying before the wine came.
### input ###
aspect: soup and sandwich meal, hot and sour soup
polarity: positive, Positive
### Output ###
For a savory take on the soup and sandwich meal, try the hot and sour soup.
### input ###
aspect: guac, flavor, fresh salsa
polarity:Positive, Negative, Neutral
### Output ###
The guac is fresh, yet lacking flavor, we like to add our fresh salsa into it.
### input ###
aspect: BANANA PUDDING, CRABCAKES, MAC AND CHEESE
polarity:Negative, Negative,Negative
### Output ###
THE BANANA PUDDING THEY SERVE HAS NEVER SEEN AN OVEN,THE CRABCAKES ARE WAY OVER SALTED AND DON'T GET ME STARTED ON THE VERY GREASY MAC AND CHEESE.
**Now complete this task like example with ONE SENTENCE:
### Input ###
aspect: Beethoven,smoke
polarity: Negative,Negative
###Output### ",We were disappointed by the lack of Beethoven's music and the annoying smoke that filled the restaurant.,"[{'term': 'Beethoven', 'polarity': 'Negative'}, {'term': 'smoke', 'polarity': 'Negative'}]","[{'category': 'general', 'polarity': 'neutral'}]",336
"['serialism', 'preserver']","['Positive', 'Positive']","**You are a critic who can generate comments on the specified aspect and sentiment
We would like you to complete a sentence generation task. Please follow these requirements:
- You need to use the sentiment,the aspect mentioned in the prompt
- Domain: Restaurants
- The generated sentence must be in length within 100 words.
- the sentence should not have aspect words that are not specified in the prompt
- DO NOT REPEAT the input text in the output
- PRINT ONLY THE ANSWER TEXT NO EXPLAINING NOTHING ELSE, MAKE SURE TO USE ASPECT WORDS IN THE OUTPUT
- examples:
### input ###
aspect: glass of wine
polarity: Neutral
### Output ###
We ordered a glass of wine and were finished eating and paying before the wine came.
### input ###
aspect: soup and sandwich meal, hot and sour soup
polarity: positive, Positive
### Output ###
For a savory take on the soup and sandwich meal, try the hot and sour soup.
### input ###
aspect: guac, flavor, fresh salsa
polarity:Positive, Negative, Neutral
### Output ###
The guac is fresh, yet lacking flavor, we like to add our fresh salsa into it.
### input ###
aspect: BANANA PUDDING, CRABCAKES, MAC AND CHEESE
polarity:Negative, Negative,Negative
### Output ###
THE BANANA PUDDING THEY SERVE HAS NEVER SEEN AN OVEN,THE CRABCAKES ARE WAY OVER SALTED AND DON'T GET ME STARTED ON THE VERY GREASY MAC AND CHEESE.
**Now complete this task like example with ONE SENTENCE:
### Input ###
aspect: serialism,preserver
polarity: Positive,Positive
###Output### ","The restaurant's commitment to preserver is admirable, especially when they showcase their appreciation for the artistic value of serialism in their unique dishes.","[{'term': 'serialism', 'polarity': 'Positive'}, {'term': 'preserver', 'polarity': 'Positive'}]","[{'category': 'general', 'polarity': 'neutral'}]",337
"['study', 'excrement']","['Positive', 'Neutral']","**You are a critic who can generate comments on the specified aspect and sentiment
We would like you to complete a sentence generation task. Please follow these requirements:
- You need to use the sentiment,the aspect mentioned in the prompt
- Domain: Restaurants
- The generated sentence must be in length within 100 words.
- the sentence should not have aspect words that are not specified in the prompt
- DO NOT REPEAT the input text in the output
- PRINT ONLY THE ANSWER TEXT NO EXPLAINING NOTHING ELSE, MAKE SURE TO USE ASPECT WORDS IN THE OUTPUT
- examples:
### input ###
aspect: glass of wine
polarity: Neutral
### Output ###
We ordered a glass of wine and were finished eating and paying before the wine came.
### input ###
aspect: soup and sandwich meal, hot and sour soup
polarity: positive, Positive
### Output ###
For a savory take on the soup and sandwich meal, try the hot and sour soup.
### input ###
aspect: guac, flavor, fresh salsa
polarity:Positive, Negative, Neutral
### Output ###
The guac is fresh, yet lacking flavor, we like to add our fresh salsa into it.
### input ###
aspect: BANANA PUDDING, CRABCAKES, MAC AND CHEESE
polarity:Negative, Negative,Negative
### Output ###
THE BANANA PUDDING THEY SERVE HAS NEVER SEEN AN OVEN,THE CRABCAKES ARE WAY OVER SALTED AND DON'T GET ME STARTED ON THE VERY GREASY MAC AND CHEESE.
**Now complete this task like example with ONE SENTENCE:
### Input ###
aspect: study,excrement
polarity: Positive,Neutral
###Output### ","The restaurant's study area is well-maintained but unfortunately, we found some unwanted excrement on the floor.","[{'term': 'study', 'polarity': 'Positive'}, {'term': 'excrement', 'polarity': 'Neutral'}]","[{'category': 'general', 'polarity': 'neutral'}]",339
"['Apple pie', 'Chicken Alfredo with spinach and mushrooms']","['Negative', 'Positive']","**You are a critic who can generate comments on the specified aspect and sentiment
We would like you to complete a sentence generation task. Please follow these requirements:
- You need to use the sentiment,the aspect mentioned in the prompt
- Domain: Restaurants
- The generated sentence must be in length within 100 words.
- the sentence should not have aspect words that are not specified in the prompt
- DO NOT REPEAT the input text in the output
- PRINT ONLY THE ANSWER TEXT NO EXPLAINING NOTHING ELSE, MAKE SURE TO USE ASPECT WORDS IN THE OUTPUT
- examples:
### input ###
aspect: glass of wine
polarity: Neutral
### Output ###
We ordered a glass of wine and were finished eating and paying before the wine came.
### input ###
aspect: soup and sandwich meal, hot and sour soup
polarity: positive, Positive
### Output ###
For a savory take on the soup and sandwich meal, try the hot and sour soup.
### input ###
aspect: guac, flavor, fresh salsa
polarity:Positive, Negative, Neutral
### Output ###
The guac is fresh, yet lacking flavor, we like to add our fresh salsa into it.
### input ###
aspect: BANANA PUDDING, CRABCAKES, MAC AND CHEESE
polarity:Negative, Negative,Negative
### Output ###
THE BANANA PUDDING THEY SERVE HAS NEVER SEEN AN OVEN,THE CRABCAKES ARE WAY OVER SALTED AND DON'T GET ME STARTED ON THE VERY GREASY MAC AND CHEESE.
**Now complete this task like example with ONE SENTENCE:
### Input ###
aspect: Apple pie,Chicken Alfredo with spinach and mushrooms
polarity: Negative,Positive
###Output### ","The Apple pie was a letdown, but the Chicken Alfredo with spinach and mushrooms truly exceeded our expectations.","[{'term': 'Apple pie', 'polarity': 'Negative'}, {'term': 'Chicken Alfredo with spinach and mushrooms', 'polarity': 'Positive'}]","[{'category': 'general', 'polarity': 'neutral'}]",344
"['appetiser', 'potion']","['Neutral', 'Positive']","**You are a critic who can generate comments on the specified aspect and sentiment
We would like you to complete a sentence generation task. Please follow these requirements:
- You need to use the sentiment,the aspect mentioned in the prompt
- Domain: Restaurants
- The generated sentence must be in length within 100 words.
- the sentence should not have aspect words that are not specified in the prompt
- DO NOT REPEAT the input text in the output
- PRINT ONLY THE ANSWER TEXT NO EXPLAINING NOTHING ELSE, MAKE SURE TO USE ASPECT WORDS IN THE OUTPUT
- examples:
### input ###
aspect: glass of wine
polarity: Neutral
### Output ###
We ordered a glass of wine and were finished eating and paying before the wine came.
### input ###
aspect: soup and sandwich meal, hot and sour soup
polarity: positive, Positive
### Output ###
For a savory take on the soup and sandwich meal, try the hot and sour soup.
### input ###
aspect: guac, flavor, fresh salsa
polarity:Positive, Negative, Neutral
### Output ###
The guac is fresh, yet lacking flavor, we like to add our fresh salsa into it.
### input ###
aspect: BANANA PUDDING, CRABCAKES, MAC AND CHEESE
polarity:Negative, Negative,Negative
### Output ###
THE BANANA PUDDING THEY SERVE HAS NEVER SEEN AN OVEN,THE CRABCAKES ARE WAY OVER SALTED AND DON'T GET ME STARTED ON THE VERY GREASY MAC AND CHEESE.
**Now complete this task like example with ONE SENTENCE:
### Input ###
aspect: appetiser,potion
polarity: Neutral,Positive
###Output### ","The potion served as an adequate appetiser, though it was nothing particularly special.","[{'term': 'appetiser', 'polarity': 'Neutral'}, {'term': 'potion', 'polarity': 'Positive'}]","[{'category': 'general', 'polarity': 'neutral'}]",345
"['argyle', 'Beef and broccoli']","['Negative', 'Positive']","**You are a critic who can generate comments on the specified aspect and sentiment
We would like you to complete a sentence generation task. Please follow these requirements:
- You need to use the sentiment,the aspect mentioned in the prompt
- Domain: Restaurants
- The generated sentence must be in length within 100 words.
- the sentence should not have aspect words that are not specified in the prompt
- DO NOT REPEAT the input text in the output
- PRINT ONLY THE ANSWER TEXT NO EXPLAINING NOTHING ELSE, MAKE SURE TO USE ASPECT WORDS IN THE OUTPUT
- examples:
### input ###
aspect: glass of wine
polarity: Neutral
### Output ###
We ordered a glass of wine and were finished eating and paying before the wine came.
### input ###
aspect: soup and sandwich meal, hot and sour soup
polarity: positive, Positive
### Output ###
For a savory take on the soup and sandwich meal, try the hot and sour soup.
### input ###
aspect: guac, flavor, fresh salsa
polarity:Positive, Negative, Neutral
### Output ###
The guac is fresh, yet lacking flavor, we like to add our fresh salsa into it.
### input ###
aspect: BANANA PUDDING, CRABCAKES, MAC AND CHEESE
polarity:Negative, Negative,Negative
### Output ###
THE BANANA PUDDING THEY SERVE HAS NEVER SEEN AN OVEN,THE CRABCAKES ARE WAY OVER SALTED AND DON'T GET ME STARTED ON THE VERY GREASY MAC AND CHEESE.
**Now complete this task like example with ONE SENTENCE:
### Input ###
aspect: argyle,Beef and broccoli
polarity: Negative,Positive
###Output### ","The argyle sweater was a nice touch, but the Beef and broccoli was overcooked.","[{'term': 'argyle', 'polarity': 'Negative'}, {'term': 'Beef and broccoli', 'polarity': 'Positive'}]","[{'category': 'general', 'polarity': 'neutral'}]",346
"['quark', 'Chicken Caesar wrap']","['Neutral', 'Positive']","**You are a critic who can generate comments on the specified aspect and sentiment
We would like you to complete a sentence generation task. Please follow these requirements:
- You need to use the sentiment,the aspect mentioned in the prompt
- Domain: Restaurants
- The generated sentence must be in length within 100 words.
- the sentence should not have aspect words that are not specified in the prompt
- DO NOT REPEAT the input text in the output
- PRINT ONLY THE ANSWER TEXT NO EXPLAINING NOTHING ELSE, MAKE SURE TO USE ASPECT WORDS IN THE OUTPUT
- examples:
### input ###
aspect: glass of wine
polarity: Neutral
### Output ###
We ordered a glass of wine and were finished eating and paying before the wine came.
### input ###
aspect: soup and sandwich meal, hot and sour soup
polarity: positive, Positive
### Output ###
For a savory take on the soup and sandwich meal, try the hot and sour soup.
### input ###
aspect: guac, flavor, fresh salsa
polarity:Positive, Negative, Neutral
### Output ###
The guac is fresh, yet lacking flavor, we like to add our fresh salsa into it.
### input ###
aspect: BANANA PUDDING, CRABCAKES, MAC AND CHEESE
polarity:Negative, Negative,Negative
### Output ###
THE BANANA PUDDING THEY SERVE HAS NEVER SEEN AN OVEN,THE CRABCAKES ARE WAY OVER SALTED AND DON'T GET ME STARTED ON THE VERY GREASY MAC AND CHEESE.
**Now complete this task like example with ONE SENTENCE:
### Input ###
aspect: quark,Chicken Caesar wrap
polarity: Neutral,Positive
###Output### ","The quark in the Chicken Caesar wrap was adequate, but the generous portion of chicken made the meal enjoyable.","[{'term': 'quark', 'polarity': 'Neutral'}, {'term': 'Chicken Caesar wrap', 'polarity': 'Positive'}]","[{'category': 'general', 'polarity': 'neutral'}]",348
"['Grilled salmon', 'Spaghetti bolognese (with parmesan)']","['Neutral', 'Negative']","**You are a critic who can generate comments on the specified aspect and sentiment
We would like you to complete a sentence generation task. Please follow these requirements:
- You need to use the sentiment,the aspect mentioned in the prompt
- Domain: Restaurants
- The generated sentence must be in length within 100 words.
- the sentence should not have aspect words that are not specified in the prompt
- DO NOT REPEAT the input text in the output
- PRINT ONLY THE ANSWER TEXT NO EXPLAINING NOTHING ELSE, MAKE SURE TO USE ASPECT WORDS IN THE OUTPUT
- examples:
### input ###
aspect: glass of wine
polarity: Neutral
### Output ###
We ordered a glass of wine and were finished eating and paying before the wine came.
### input ###
aspect: soup and sandwich meal, hot and sour soup
polarity: positive, Positive
### Output ###
For a savory take on the soup and sandwich meal, try the hot and sour soup.
### input ###
aspect: guac, flavor, fresh salsa
polarity:Positive, Negative, Neutral
### Output ###
The guac is fresh, yet lacking flavor, we like to add our fresh salsa into it.
### input ###
aspect: BANANA PUDDING, CRABCAKES, MAC AND CHEESE
polarity:Negative, Negative,Negative
### Output ###
THE BANANA PUDDING THEY SERVE HAS NEVER SEEN AN OVEN,THE CRABCAKES ARE WAY OVER SALTED AND DON'T GET ME STARTED ON THE VERY GREASY MAC AND CHEESE.
**Now complete this task like example with ONE SENTENCE:
### Input ###
aspect: Grilled salmon,Spaghetti bolognese (with parmesan)
polarity: Neutral,Negative
###Output### ","The Grilled salmon was cooked to perfection, but unfortunately, the Spaghetti bolognese (with parmesan) was a letdown.","[{'term': 'Grilled salmon', 'polarity': 'Neutral'}, {'term': 'Spaghetti bolognese (with parmesan)', 'polarity': 'Negative'}]","[{'category': 'general', 'polarity': 'neutral'}]",351
"['humus', 'Earth']","['Positive', 'Negative']","**You are a critic who can generate comments on the specified aspect and sentiment
We would like you to complete a sentence generation task. Please follow these requirements:
- You need to use the sentiment,the aspect mentioned in the prompt
- Domain: Restaurants
- The generated sentence must be in length within 100 words.
- the sentence should not have aspect words that are not specified in the prompt
- DO NOT REPEAT the input text in the output
- PRINT ONLY THE ANSWER TEXT NO EXPLAINING NOTHING ELSE, MAKE SURE TO USE ASPECT WORDS IN THE OUTPUT
- examples:
### input ###
aspect: glass of wine
polarity: Neutral
### Output ###
We ordered a glass of wine and were finished eating and paying before the wine came.
### input ###
aspect: soup and sandwich meal, hot and sour soup
polarity: positive, Positive
### Output ###
For a savory take on the soup and sandwich meal, try the hot and sour soup.
### input ###
aspect: guac, flavor, fresh salsa
polarity:Positive, Negative, Neutral
### Output ###
The guac is fresh, yet lacking flavor, we like to add our fresh salsa into it.
### input ###
aspect: BANANA PUDDING, CRABCAKES, MAC AND CHEESE
polarity:Negative, Negative,Negative
### Output ###
THE BANANA PUDDING THEY SERVE HAS NEVER SEEN AN OVEN,THE CRABCAKES ARE WAY OVER SALTED AND DON'T GET ME STARTED ON THE VERY GREASY MAC AND CHEESE.
**Now complete this task like example with ONE SENTENCE:
### Input ###
aspect: humus,Earth
polarity: Positive,Negative
###Output### ",The humus served here is made with high-quality Earth-sourced ingredients.,"[{'term': 'humus', 'polarity': 'Positive'}, {'term': 'Earth', 'polarity': 'Negative'}]","[{'category': 'general', 'polarity': 'neutral'}]",356
"['oxaloacetate', 'Salmon fillet']","['Positive', 'Negative']","**You are a critic who can generate comments on the specified aspect and sentiment
We would like you to complete a sentence generation task. Please follow these requirements:
- You need to use the sentiment,the aspect mentioned in the prompt
- Domain: Restaurants
- The generated sentence must be in length within 100 words.
- the sentence should not have aspect words that are not specified in the prompt
- DO NOT REPEAT the input text in the output
- PRINT ONLY THE ANSWER TEXT NO EXPLAINING NOTHING ELSE, MAKE SURE TO USE ASPECT WORDS IN THE OUTPUT
- examples:
### input ###
aspect: glass of wine
polarity: Neutral
### Output ###
We ordered a glass of wine and were finished eating and paying before the wine came.
### input ###
aspect: soup and sandwich meal, hot and sour soup
polarity: positive, Positive
### Output ###
For a savory take on the soup and sandwich meal, try the hot and sour soup.
### input ###
aspect: guac, flavor, fresh salsa
polarity:Positive, Negative, Neutral
### Output ###
The guac is fresh, yet lacking flavor, we like to add our fresh salsa into it.
### input ###
aspect: BANANA PUDDING, CRABCAKES, MAC AND CHEESE
polarity:Negative, Negative,Negative
### Output ###
THE BANANA PUDDING THEY SERVE HAS NEVER SEEN AN OVEN,THE CRABCAKES ARE WAY OVER SALTED AND DON'T GET ME STARTED ON THE VERY GREASY MAC AND CHEESE.
**Now complete this task like example with ONE SENTENCE:
### Input ###
aspect: oxaloacetate,Salmon fillet
polarity: Positive,Negative
###Output### ","The oxaloacetate in their dishes is well-balanced, but unfortunately, the overcooked Salmon fillet was a letdown.","[{'term': 'oxaloacetate', 'polarity': 'Positive'}, {'term': 'Salmon fillet', 'polarity': 'Negative'}]","[{'category': 'general', 'polarity': 'neutral'}]",357
"['brew', 'Buffalo chicken salad']","['Negative', 'Negative']","**You are a critic who can generate comments on the specified aspect and sentiment
We would like you to complete a sentence generation task. Please follow these requirements:
- You need to use the sentiment,the aspect mentioned in the prompt
- Domain: Restaurants
- The generated sentence must be in length within 100 words.
- the sentence should not have aspect words that are not specified in the prompt
- DO NOT REPEAT the input text in the output
- PRINT ONLY THE ANSWER TEXT NO EXPLAINING NOTHING ELSE, MAKE SURE TO USE ASPECT WORDS IN THE OUTPUT
- examples:
### input ###
aspect: glass of wine
polarity: Neutral
### Output ###
We ordered a glass of wine and were finished eating and paying before the wine came.
### input ###
aspect: soup and sandwich meal, hot and sour soup
polarity: positive, Positive
### Output ###
For a savory take on the soup and sandwich meal, try the hot and sour soup.
### input ###
aspect: guac, flavor, fresh salsa
polarity:Positive, Negative, Neutral
### Output ###
The guac is fresh, yet lacking flavor, we like to add our fresh salsa into it.
### input ###
aspect: BANANA PUDDING, CRABCAKES, MAC AND CHEESE
polarity:Negative, Negative,Negative
### Output ###
THE BANANA PUDDING THEY SERVE HAS NEVER SEEN AN OVEN,THE CRABCAKES ARE WAY OVER SALTED AND DON'T GET ME STARTED ON THE VERY GREASY MAC AND CHEESE.
**Now complete this task like example with ONE SENTENCE:
### Input ###
aspect: brew,Buffalo chicken salad
polarity: Negative,Negative
###Output### ",The brew is undrinkable and the Buffalo chicken salad lacks any real flavor.,"[{'term': 'brew', 'polarity': 'Negative'}, {'term': 'Buffalo chicken salad', 'polarity': 'Negative'}]","[{'category': 'general', 'polarity': 'neutral'}]",359
"['ground', 'potage']","['Positive', 'Neutral']","**You are a critic who can generate comments on the specified aspect and sentiment
We would like you to complete a sentence generation task. Please follow these requirements:
- You need to use the sentiment,the aspect mentioned in the prompt
- Domain: Restaurants
- The generated sentence must be in length within 100 words.
- the sentence should not have aspect words that are not specified in the prompt
- DO NOT REPEAT the input text in the output
- PRINT ONLY THE ANSWER TEXT NO EXPLAINING NOTHING ELSE, MAKE SURE TO USE ASPECT WORDS IN THE OUTPUT
- examples:
### input ###
aspect: glass of wine
polarity: Neutral
### Output ###
We ordered a glass of wine and were finished eating and paying before the wine came.
### input ###
aspect: soup and sandwich meal, hot and sour soup
polarity: positive, Positive
### Output ###
For a savory take on the soup and sandwich meal, try the hot and sour soup.
### input ###
aspect: guac, flavor, fresh salsa
polarity:Positive, Negative, Neutral
### Output ###
The guac is fresh, yet lacking flavor, we like to add our fresh salsa into it.
### input ###
aspect: BANANA PUDDING, CRABCAKES, MAC AND CHEESE
polarity:Negative, Negative,Negative
### Output ###
THE BANANA PUDDING THEY SERVE HAS NEVER SEEN AN OVEN,THE CRABCAKES ARE WAY OVER SALTED AND DON'T GET ME STARTED ON THE VERY GREASY MAC AND CHEESE.
**Now complete this task like example with ONE SENTENCE:
### Input ###
aspect: ground,potage
polarity: Positive,Neutral
###Output### ","The ground beef potage is rich in flavor, however, it's a bit too thick.","[{'term': 'ground', 'polarity': 'Positive'}, {'term': 'potage', 'polarity': 'Neutral'}]","[{'category': 'general', 'polarity': 'neutral'}]",365
"['builder', 'rarebit']","['Positive', 'Neutral']","**You are a critic who can generate comments on the specified aspect and sentiment
We would like you to complete a sentence generation task. Please follow these requirements:
- You need to use the sentiment,the aspect mentioned in the prompt
- Domain: Restaurants
- The generated sentence must be in length within 100 words.
- the sentence should not have aspect words that are not specified in the prompt
- DO NOT REPEAT the input text in the output
- PRINT ONLY THE ANSWER TEXT NO EXPLAINING NOTHING ELSE, MAKE SURE TO USE ASPECT WORDS IN THE OUTPUT
- examples:
### input ###
aspect: glass of wine
polarity: Neutral
### Output ###
We ordered a glass of wine and were finished eating and paying before the wine came.
### input ###
aspect: soup and sandwich meal, hot and sour soup
polarity: positive, Positive
### Output ###
For a savory take on the soup and sandwich meal, try the hot and sour soup.
### input ###
aspect: guac, flavor, fresh salsa
polarity:Positive, Negative, Neutral
### Output ###
The guac is fresh, yet lacking flavor, we like to add our fresh salsa into it.
### input ###
aspect: BANANA PUDDING, CRABCAKES, MAC AND CHEESE
polarity:Negative, Negative,Negative
### Output ###
THE BANANA PUDDING THEY SERVE HAS NEVER SEEN AN OVEN,THE CRABCAKES ARE WAY OVER SALTED AND DON'T GET ME STARTED ON THE VERY GREASY MAC AND CHEESE.
**Now complete this task like example with ONE SENTENCE:
### Input ###
aspect: builder,rarebit
polarity: Positive,Neutral
###Output### ","The chef's skill as a builder of dishes is impressive, but the rarebit could use a bit more flavor.","[{'term': 'builder', 'polarity': 'Positive'}, {'term': 'rarebit', 'polarity': 'Neutral'}]","[{'category': 'general', 'polarity': 'neutral'}]",366
"['Grilled tuna with sesame crust', 'Eggplant Parmesan with mozzarella cheese']","['Positive', 'Negative']","**You are a critic who can generate comments on the specified aspect and sentiment
We would like you to complete a sentence generation task. Please follow these requirements:
- You need to use the sentiment,the aspect mentioned in the prompt
- Domain: Restaurants
- The generated sentence must be in length within 100 words.
- the sentence should not have aspect words that are not specified in the prompt
- DO NOT REPEAT the input text in the output
- PRINT ONLY THE ANSWER TEXT NO EXPLAINING NOTHING ELSE, MAKE SURE TO USE ASPECT WORDS IN THE OUTPUT
- examples:
### input ###
aspect: glass of wine
polarity: Neutral
### Output ###
We ordered a glass of wine and were finished eating and paying before the wine came.
### input ###
aspect: soup and sandwich meal, hot and sour soup
polarity: positive, Positive
### Output ###
For a savory take on the soup and sandwich meal, try the hot and sour soup.
### input ###
aspect: guac, flavor, fresh salsa
polarity:Positive, Negative, Neutral
### Output ###
The guac is fresh, yet lacking flavor, we like to add our fresh salsa into it.
### input ###
aspect: BANANA PUDDING, CRABCAKES, MAC AND CHEESE
polarity:Negative, Negative,Negative
### Output ###
THE BANANA PUDDING THEY SERVE HAS NEVER SEEN AN OVEN,THE CRABCAKES ARE WAY OVER SALTED AND DON'T GET ME STARTED ON THE VERY GREASY MAC AND CHEESE.
**Now complete this task like example with ONE SENTENCE:
### Input ###
aspect: Grilled tuna with sesame crust,Eggplant Parmesan with mozzarella cheese
polarity: Positive,Negative
###Output### ","The Grilled tuna with sesame crust was cooked to perfection, but the Eggplant Parmesan with mozzarella cheese fell flat.","[{'term': 'Grilled tuna with sesame crust', 'polarity': 'Positive'}, {'term': 'Eggplant Parmesan with mozzarella cheese', 'polarity': 'Negative'}]","[{'category': 'general', 'polarity': 'neutral'}]",374
"['gumbo', 'Grilled chicken (with garlic butter)']","['Negative', 'Negative']","**You are a critic who can generate comments on the specified aspect and sentiment
We would like you to complete a sentence generation task. Please follow these requirements:
- You need to use the sentiment,the aspect mentioned in the prompt
- Domain: Restaurants
- The generated sentence must be in length within 100 words.
- the sentence should not have aspect words that are not specified in the prompt
- DO NOT REPEAT the input text in the output
- PRINT ONLY THE ANSWER TEXT NO EXPLAINING NOTHING ELSE, MAKE SURE TO USE ASPECT WORDS IN THE OUTPUT
- examples:
### input ###
aspect: glass of wine
polarity: Neutral
### Output ###
We ordered a glass of wine and were finished eating and paying before the wine came.
### input ###
aspect: soup and sandwich meal, hot and sour soup
polarity: positive, Positive
### Output ###
For a savory take on the soup and sandwich meal, try the hot and sour soup.
### input ###
aspect: guac, flavor, fresh salsa
polarity:Positive, Negative, Neutral
### Output ###
The guac is fresh, yet lacking flavor, we like to add our fresh salsa into it.
### input ###
aspect: BANANA PUDDING, CRABCAKES, MAC AND CHEESE
polarity:Negative, Negative,Negative
### Output ###
THE BANANA PUDDING THEY SERVE HAS NEVER SEEN AN OVEN,THE CRABCAKES ARE WAY OVER SALTED AND DON'T GET ME STARTED ON THE VERY GREASY MAC AND CHEESE.
**Now complete this task like example with ONE SENTENCE:
### Input ###
aspect: gumbo,Grilled chicken (with garlic butter)
polarity: Negative,Negative
###Output### ",The gumbo was a letdown and the Grilled chicken (with garlic butter) was overcooked.,"[{'term': 'gumbo', 'polarity': 'Negative'}, {'term': 'Grilled chicken (with garlic butter)', 'polarity': 'Negative'}]","[{'category': 'general', 'polarity': 'neutral'}]",377
"['pizzicato', 'Fish tacos with salsa and lime']","['Positive', 'Neutral']","**You are a critic who can generate comments on the specified aspect and sentiment
We would like you to complete a sentence generation task. Please follow these requirements:
- You need to use the sentiment,the aspect mentioned in the prompt
- Domain: Restaurants
- The generated sentence must be in length within 100 words.
- the sentence should not have aspect words that are not specified in the prompt
- DO NOT REPEAT the input text in the output
- PRINT ONLY THE ANSWER TEXT NO EXPLAINING NOTHING ELSE, MAKE SURE TO USE ASPECT WORDS IN THE OUTPUT
- examples:
### input ###
aspect: glass of wine
polarity: Neutral
### Output ###
We ordered a glass of wine and were finished eating and paying before the wine came.
### input ###
aspect: soup and sandwich meal, hot and sour soup
polarity: positive, Positive
### Output ###
For a savory take on the soup and sandwich meal, try the hot and sour soup.
### input ###
aspect: guac, flavor, fresh salsa
polarity:Positive, Negative, Neutral
### Output ###
The guac is fresh, yet lacking flavor, we like to add our fresh salsa into it.
### input ###
aspect: BANANA PUDDING, CRABCAKES, MAC AND CHEESE
polarity:Negative, Negative,Negative
### Output ###
THE BANANA PUDDING THEY SERVE HAS NEVER SEEN AN OVEN,THE CRABCAKES ARE WAY OVER SALTED AND DON'T GET ME STARTED ON THE VERY GREASY MAC AND CHEESE.
**Now complete this task like example with ONE SENTENCE:
### Input ###
aspect: pizzicato,Fish tacos with salsa and lime
polarity: Positive,Neutral
###Output### ",The pizzicato violin accompaniment perfectly complemented the flavors in the Fish tacos with salsa and lime.,"[{'term': 'pizzicato', 'polarity': 'Positive'}, {'term': 'Fish tacos with salsa and lime', 'polarity': 'Neutral'}]","[{'category': 'general', 'polarity': 'neutral'}]",378
"['men', 'Fried calamari rings']","['Positive', 'Negative']","**You are a critic who can generate comments on the specified aspect and sentiment
We would like you to complete a sentence generation task. Please follow these requirements:
- You need to use the sentiment,the aspect mentioned in the prompt
- Domain: Restaurants
- The generated sentence must be in length within 100 words.
- the sentence should not have aspect words that are not specified in the prompt
- DO NOT REPEAT the input text in the output
- PRINT ONLY THE ANSWER TEXT NO EXPLAINING NOTHING ELSE, MAKE SURE TO USE ASPECT WORDS IN THE OUTPUT
- examples:
### input ###
aspect: glass of wine
polarity: Neutral
### Output ###
We ordered a glass of wine and were finished eating and paying before the wine came.
### input ###
aspect: soup and sandwich meal, hot and sour soup
polarity: positive, Positive
### Output ###
For a savory take on the soup and sandwich meal, try the hot and sour soup.
### input ###
aspect: guac, flavor, fresh salsa
polarity:Positive, Negative, Neutral
### Output ###
The guac is fresh, yet lacking flavor, we like to add our fresh salsa into it.
### input ###
aspect: BANANA PUDDING, CRABCAKES, MAC AND CHEESE
polarity:Negative, Negative,Negative
### Output ###
THE BANANA PUDDING THEY SERVE HAS NEVER SEEN AN OVEN,THE CRABCAKES ARE WAY OVER SALTED AND DON'T GET ME STARTED ON THE VERY GREASY MAC AND CHEESE.
**Now complete this task like example with ONE SENTENCE:
### Input ###
aspect: men,Fried calamari rings
polarity: Positive,Negative
###Output### ","The men serving the appetizers were friendly, but the Fried calamari rings were overcooked.","[{'term': 'men', 'polarity': 'Positive'}, {'term': 'Fried calamari rings', 'polarity': 'Negative'}]","[{'category': 'general', 'polarity': 'neutral'}]",379
"['wadding', 'admixture']","['Positive', 'Negative']","**You are a critic who can generate comments on the specified aspect and sentiment
We would like you to complete a sentence generation task. Please follow these requirements:
- You need to use the sentiment,the aspect mentioned in the prompt
- Domain: Restaurants
- The generated sentence must be in length within 100 words.
- the sentence should not have aspect words that are not specified in the prompt
- DO NOT REPEAT the input text in the output
- PRINT ONLY THE ANSWER TEXT NO EXPLAINING NOTHING ELSE, MAKE SURE TO USE ASPECT WORDS IN THE OUTPUT
- examples:
### input ###
aspect: glass of wine
polarity: Neutral
### Output ###
We ordered a glass of wine and were finished eating and paying before the wine came.
### input ###
aspect: soup and sandwich meal, hot and sour soup
polarity: positive, Positive
### Output ###
For a savory take on the soup and sandwich meal, try the hot and sour soup.
### input ###
aspect: guac, flavor, fresh salsa
polarity:Positive, Negative, Neutral
### Output ###
The guac is fresh, yet lacking flavor, we like to add our fresh salsa into it.
### input ###
aspect: BANANA PUDDING, CRABCAKES, MAC AND CHEESE
polarity:Negative, Negative,Negative
### Output ###
THE BANANA PUDDING THEY SERVE HAS NEVER SEEN AN OVEN,THE CRABCAKES ARE WAY OVER SALTED AND DON'T GET ME STARTED ON THE VERY GREASY MAC AND CHEESE.
**Now complete this task like example with ONE SENTENCE:
### Input ###
aspect: wadding,admixture
polarity: Positive,Negative
###Output### ","The wadding is well-balanced, but the admixture could be improved.","[{'term': 'wadding', 'polarity': 'Positive'}, {'term': 'admixture', 'polarity': 'Negative'}]","[{'category': 'general', 'polarity': 'neutral'}]",384
"['batter', 'Mushroom risotto']","['Negative', 'Negative']","**You are a critic who can generate comments on the specified aspect and sentiment
We would like you to complete a sentence generation task. Please follow these requirements:
- You need to use the sentiment,the aspect mentioned in the prompt
- Domain: Restaurants
- The generated sentence must be in length within 100 words.
- the sentence should not have aspect words that are not specified in the prompt
- DO NOT REPEAT the input text in the output
- PRINT ONLY THE ANSWER TEXT NO EXPLAINING NOTHING ELSE, MAKE SURE TO USE ASPECT WORDS IN THE OUTPUT
- examples:
### input ###
aspect: glass of wine
polarity: Neutral
### Output ###
We ordered a glass of wine and were finished eating and paying before the wine came.
### input ###
aspect: soup and sandwich meal, hot and sour soup
polarity: positive, Positive
### Output ###
For a savory take on the soup and sandwich meal, try the hot and sour soup.
### input ###
aspect: guac, flavor, fresh salsa
polarity:Positive, Negative, Neutral
### Output ###
The guac is fresh, yet lacking flavor, we like to add our fresh salsa into it.
### input ###
aspect: BANANA PUDDING, CRABCAKES, MAC AND CHEESE
polarity:Negative, Negative,Negative
### Output ###
THE BANANA PUDDING THEY SERVE HAS NEVER SEEN AN OVEN,THE CRABCAKES ARE WAY OVER SALTED AND DON'T GET ME STARTED ON THE VERY GREASY MAC AND CHEESE.
**Now complete this task like example with ONE SENTENCE:
### Input ###
aspect: batter,Mushroom risotto
polarity: Negative,Negative
###Output### ","The batter was soggy and lacked flavor, while the Mushroom risotto was undercooked.","[{'term': 'batter', 'polarity': 'Negative'}, {'term': 'Mushroom risotto', 'polarity': 'Negative'}]","[{'category': 'general', 'polarity': 'neutral'}]",385
"['BBQ chicken with corn on the cob', 'Chicken and gravy']","['Neutral', 'Positive']","**You are a critic who can generate comments on the specified aspect and sentiment
We would like you to complete a sentence generation task. Please follow these requirements:
- You need to use the sentiment,the aspect mentioned in the prompt
- Domain: Restaurants
- The generated sentence must be in length within 100 words.
- the sentence should not have aspect words that are not specified in the prompt
- DO NOT REPEAT the input text in the output
- PRINT ONLY THE ANSWER TEXT NO EXPLAINING NOTHING ELSE, MAKE SURE TO USE ASPECT WORDS IN THE OUTPUT
- examples:
### input ###
aspect: glass of wine
polarity: Neutral
### Output ###
We ordered a glass of wine and were finished eating and paying before the wine came.
### input ###
aspect: soup and sandwich meal, hot and sour soup
polarity: positive, Positive
### Output ###
For a savory take on the soup and sandwich meal, try the hot and sour soup.
### input ###
aspect: guac, flavor, fresh salsa
polarity:Positive, Negative, Neutral
### Output ###
The guac is fresh, yet lacking flavor, we like to add our fresh salsa into it.
### input ###
aspect: BANANA PUDDING, CRABCAKES, MAC AND CHEESE
polarity:Negative, Negative,Negative
### Output ###
THE BANANA PUDDING THEY SERVE HAS NEVER SEEN AN OVEN,THE CRABCAKES ARE WAY OVER SALTED AND DON'T GET ME STARTED ON THE VERY GREASY MAC AND CHEESE.
**Now complete this task like example with ONE SENTENCE:
### Input ###
aspect: BBQ chicken with corn on the cob,Chicken and gravy
polarity: Neutral,Positive
###Output### ","The BBQ chicken with corn on the cob was decent, but it was the Chicken and gravy that truly stood out.","[{'term': 'BBQ chicken with corn on the cob', 'polarity': 'Neutral'}, {'term': 'Chicken and gravy', 'polarity': 'Positive'}]","[{'category': 'general', 'polarity': 'neutral'}]",386
"['dribble', 'Fried fish with French fries']","['Positive', 'Neutral']","**You are a critic who can generate comments on the specified aspect and sentiment
We would like you to complete a sentence generation task. Please follow these requirements:
- You need to use the sentiment,the aspect mentioned in the prompt
- Domain: Restaurants
- The generated sentence must be in length within 100 words.
- the sentence should not have aspect words that are not specified in the prompt
- DO NOT REPEAT the input text in the output
- PRINT ONLY THE ANSWER TEXT NO EXPLAINING NOTHING ELSE, MAKE SURE TO USE ASPECT WORDS IN THE OUTPUT
- examples:
### input ###
aspect: glass of wine
polarity: Neutral
### Output ###
We ordered a glass of wine and were finished eating and paying before the wine came.
### input ###
aspect: soup and sandwich meal, hot and sour soup
polarity: positive, Positive
### Output ###
For a savory take on the soup and sandwich meal, try the hot and sour soup.
### input ###
aspect: guac, flavor, fresh salsa
polarity:Positive, Negative, Neutral
### Output ###
The guac is fresh, yet lacking flavor, we like to add our fresh salsa into it.
### input ###
aspect: BANANA PUDDING, CRABCAKES, MAC AND CHEESE
polarity:Negative, Negative,Negative
### Output ###
THE BANANA PUDDING THEY SERVE HAS NEVER SEEN AN OVEN,THE CRABCAKES ARE WAY OVER SALTED AND DON'T GET ME STARTED ON THE VERY GREASY MAC AND CHEESE.
**Now complete this task like example with ONE SENTENCE:
### Input ###
aspect: dribble,Fried fish with French fries
polarity: Positive,Neutral
###Output### ","We were impressed with the generous portion of Fried fish with French fries, but the service was slightly marred by the occasional dribble.","[{'term': 'dribble', 'polarity': 'Positive'}, {'term': 'Fried fish with French fries', 'polarity': 'Neutral'}]","[{'category': 'general', 'polarity': 'neutral'}]",388
"['pasture', 'beverage']","['Positive', 'Neutral']","**You are a critic who can generate comments on the specified aspect and sentiment
We would like you to complete a sentence generation task. Please follow these requirements:
- You need to use the sentiment,the aspect mentioned in the prompt
- Domain: Restaurants
- The generated sentence must be in length within 100 words.
- the sentence should not have aspect words that are not specified in the prompt
- DO NOT REPEAT the input text in the output
- PRINT ONLY THE ANSWER TEXT NO EXPLAINING NOTHING ELSE, MAKE SURE TO USE ASPECT WORDS IN THE OUTPUT
- examples:
### input ###
aspect: glass of wine
polarity: Neutral
### Output ###
We ordered a glass of wine and were finished eating and paying before the wine came.
### input ###
aspect: soup and sandwich meal, hot and sour soup
polarity: positive, Positive
### Output ###
For a savory take on the soup and sandwich meal, try the hot and sour soup.
### input ###
aspect: guac, flavor, fresh salsa
polarity:Positive, Negative, Neutral
### Output ###
The guac is fresh, yet lacking flavor, we like to add our fresh salsa into it.
### input ###
aspect: BANANA PUDDING, CRABCAKES, MAC AND CHEESE
polarity:Negative, Negative,Negative
### Output ###
THE BANANA PUDDING THEY SERVE HAS NEVER SEEN AN OVEN,THE CRABCAKES ARE WAY OVER SALTED AND DON'T GET ME STARTED ON THE VERY GREASY MAC AND CHEESE.
**Now complete this task like example with ONE SENTENCE:
### Input ###
aspect: pasture,beverage
polarity: Positive,Neutral
###Output### ",The farm-to-table restaurant's use of pasture-raised ingredients pairs well with their selection of beverages.,"[{'term': 'pasture', 'polarity': 'Positive'}, {'term': 'beverage', 'polarity': 'Neutral'}]","[{'category': 'general', 'polarity': 'neutral'}]",389
"['abrasive', 'carrier']","['Negative', 'Negative']","**You are a critic who can generate comments on the specified aspect and sentiment
We would like you to complete a sentence generation task. Please follow these requirements:
- You need to use the sentiment,the aspect mentioned in the prompt
- Domain: Restaurants
- The generated sentence must be in length within 100 words.
- the sentence should not have aspect words that are not specified in the prompt
- DO NOT REPEAT the input text in the output
- PRINT ONLY THE ANSWER TEXT NO EXPLAINING NOTHING ELSE, MAKE SURE TO USE ASPECT WORDS IN THE OUTPUT
- examples:
### input ###
aspect: glass of wine
polarity: Neutral
### Output ###
We ordered a glass of wine and were finished eating and paying before the wine came.
### input ###
aspect: soup and sandwich meal, hot and sour soup
polarity: positive, Positive
### Output ###
For a savory take on the soup and sandwich meal, try the hot and sour soup.
### input ###
aspect: guac, flavor, fresh salsa
polarity:Positive, Negative, Neutral
### Output ###
The guac is fresh, yet lacking flavor, we like to add our fresh salsa into it.
### input ###
aspect: BANANA PUDDING, CRABCAKES, MAC AND CHEESE
polarity:Negative, Negative,Negative
### Output ###
THE BANANA PUDDING THEY SERVE HAS NEVER SEEN AN OVEN,THE CRABCAKES ARE WAY OVER SALTED AND DON'T GET ME STARTED ON THE VERY GREASY MAC AND CHEESE.
**Now complete this task like example with ONE SENTENCE:
### Input ###
aspect: abrasive,carrier
polarity: Negative,Negative
###Output### ",The service was completely abrasive and the carrier for our takeout was poorly designed.,"[{'term': 'abrasive', 'polarity': 'Negative'}, {'term': 'carrier', 'polarity': 'Negative'}]","[{'category': 'general', 'polarity': 'neutral'}]",392
"['haggis', 'beverage']","['Positive', 'Negative']","**You are a critic who can generate comments on the specified aspect and sentiment
We would like you to complete a sentence generation task. Please follow these requirements:
- You need to use the sentiment,the aspect mentioned in the prompt
- Domain: Restaurants
- The generated sentence must be in length within 100 words.
- the sentence should not have aspect words that are not specified in the prompt
- DO NOT REPEAT the input text in the output
- PRINT ONLY THE ANSWER TEXT NO EXPLAINING NOTHING ELSE, MAKE SURE TO USE ASPECT WORDS IN THE OUTPUT
- examples:
### input ###
aspect: glass of wine
polarity: Neutral
### Output ###
We ordered a glass of wine and were finished eating and paying before the wine came.
### input ###
aspect: soup and sandwich meal, hot and sour soup
polarity: positive, Positive
### Output ###
For a savory take on the soup and sandwich meal, try the hot and sour soup.
### input ###
aspect: guac, flavor, fresh salsa
polarity:Positive, Negative, Neutral
### Output ###
The guac is fresh, yet lacking flavor, we like to add our fresh salsa into it.
### input ###
aspect: BANANA PUDDING, CRABCAKES, MAC AND CHEESE
polarity:Negative, Negative,Negative
### Output ###
THE BANANA PUDDING THEY SERVE HAS NEVER SEEN AN OVEN,THE CRABCAKES ARE WAY OVER SALTED AND DON'T GET ME STARTED ON THE VERY GREASY MAC AND CHEESE.
**Now complete this task like example with ONE SENTENCE:
### Input ###
aspect: haggis,beverage
polarity: Positive,Negative
###Output### ","The haggis is a must-try, but unfortunately, their beverage selection is quite limited.","[{'term': 'haggis', 'polarity': 'Positive'}, {'term': 'beverage', 'polarity': 'Negative'}]","[{'category': 'general', 'polarity': 'neutral'}]",393
"['pothouse', 'steakhouse']","['Negative', 'Positive']","**You are a critic who can generate comments on the specified aspect and sentiment
We would like you to complete a sentence generation task. Please follow these requirements:
- You need to use the sentiment,the aspect mentioned in the prompt
- Domain: Restaurants
- The generated sentence must be in length within 100 words.
- the sentence should not have aspect words that are not specified in the prompt
- DO NOT REPEAT the input text in the output
- PRINT ONLY THE ANSWER TEXT NO EXPLAINING NOTHING ELSE, MAKE SURE TO USE ASPECT WORDS IN THE OUTPUT
- examples:
### input ###
aspect: glass of wine
polarity: Neutral
### Output ###
We ordered a glass of wine and were finished eating and paying before the wine came.
### input ###
aspect: soup and sandwich meal, hot and sour soup
polarity: positive, Positive
### Output ###
For a savory take on the soup and sandwich meal, try the hot and sour soup.
### input ###
aspect: guac, flavor, fresh salsa
polarity:Positive, Negative, Neutral
### Output ###
The guac is fresh, yet lacking flavor, we like to add our fresh salsa into it.
### input ###
aspect: BANANA PUDDING, CRABCAKES, MAC AND CHEESE
polarity:Negative, Negative,Negative
### Output ###
THE BANANA PUDDING THEY SERVE HAS NEVER SEEN AN OVEN,THE CRABCAKES ARE WAY OVER SALTED AND DON'T GET ME STARTED ON THE VERY GREASY MAC AND CHEESE.
**Now complete this task like example with ONE SENTENCE:
### Input ###
aspect: pothouse,steakhouse
polarity: Negative,Positive
###Output### ",The pothouse atmosphere clashed with the exceptional steakhouse quality of the dishes we ordered.,"[{'term': 'pothouse', 'polarity': 'Negative'}, {'term': 'steakhouse', 'polarity': 'Positive'}]","[{'category': 'general', 'polarity': 'neutral'}]",394
"['unionisation', 'blood']","['Neutral', 'Positive']","**You are a critic who can generate comments on the specified aspect and sentiment
We would like you to complete a sentence generation task. Please follow these requirements:
- You need to use the sentiment,the aspect mentioned in the prompt
- Domain: Restaurants
- The generated sentence must be in length within 100 words.
- the sentence should not have aspect words that are not specified in the prompt
- DO NOT REPEAT the input text in the output
- PRINT ONLY THE ANSWER TEXT NO EXPLAINING NOTHING ELSE, MAKE SURE TO USE ASPECT WORDS IN THE OUTPUT
- examples:
### input ###
aspect: glass of wine
polarity: Neutral
### Output ###
We ordered a glass of wine and were finished eating and paying before the wine came.
### input ###
aspect: soup and sandwich meal, hot and sour soup
polarity: positive, Positive
### Output ###
For a savory take on the soup and sandwich meal, try the hot and sour soup.
### input ###
aspect: guac, flavor, fresh salsa
polarity:Positive, Negative, Neutral
### Output ###
The guac is fresh, yet lacking flavor, we like to add our fresh salsa into it.
### input ###
aspect: BANANA PUDDING, CRABCAKES, MAC AND CHEESE
polarity:Negative, Negative,Negative
### Output ###
THE BANANA PUDDING THEY SERVE HAS NEVER SEEN AN OVEN,THE CRABCAKES ARE WAY OVER SALTED AND DON'T GET ME STARTED ON THE VERY GREASY MAC AND CHEESE.
**Now complete this task like example with ONE SENTENCE:
### Input ###
aspect: unionisation,blood
polarity: Neutral,Positive
###Output### ","The restaurant's stance on unionisation is a delicate balance, while the blood orange margarita is a refreshing twist.","[{'term': 'unionisation', 'polarity': 'Neutral'}, {'term': 'blood', 'polarity': 'Positive'}]","[{'category': 'general', 'polarity': 'neutral'}]",396
"['target', 'Chicken and vegetables']","['Positive', 'Neutral']","**You are a critic who can generate comments on the specified aspect and sentiment
We would like you to complete a sentence generation task. Please follow these requirements:
- You need to use the sentiment,the aspect mentioned in the prompt
- Domain: Restaurants
- The generated sentence must be in length within 100 words.
- the sentence should not have aspect words that are not specified in the prompt
- DO NOT REPEAT the input text in the output
- PRINT ONLY THE ANSWER TEXT NO EXPLAINING NOTHING ELSE, MAKE SURE TO USE ASPECT WORDS IN THE OUTPUT
- examples:
### input ###
aspect: glass of wine
polarity: Neutral
### Output ###
We ordered a glass of wine and were finished eating and paying before the wine came.
### input ###
aspect: soup and sandwich meal, hot and sour soup
polarity: positive, Positive
### Output ###
For a savory take on the soup and sandwich meal, try the hot and sour soup.
### input ###
aspect: guac, flavor, fresh salsa
polarity:Positive, Negative, Neutral
### Output ###
The guac is fresh, yet lacking flavor, we like to add our fresh salsa into it.
### input ###
aspect: BANANA PUDDING, CRABCAKES, MAC AND CHEESE
polarity:Negative, Negative,Negative
### Output ###
THE BANANA PUDDING THEY SERVE HAS NEVER SEEN AN OVEN,THE CRABCAKES ARE WAY OVER SALTED AND DON'T GET ME STARTED ON THE VERY GREASY MAC AND CHEESE.
**Now complete this task like example with ONE SENTENCE:
### Input ###
aspect: target,Chicken and vegetables
polarity: Positive,Neutral
###Output### ",The restaurant's target of serving Chicken and vegetables was well met with the delicious and healthy meal.,"[{'term': 'target', 'polarity': 'Positive'}, {'term': 'Chicken and vegetables', 'polarity': 'Neutral'}]","[{'category': 'general', 'polarity': 'neutral'}]",399
"['mecca', 'glutamate']","['Positive', 'Negative']","**You are a critic who can generate comments on the specified aspect and sentiment
We would like you to complete a sentence generation task. Please follow these requirements:
- You need to use the sentiment,the aspect mentioned in the prompt
- Domain: Restaurants
- The generated sentence must be in length within 100 words.
- the sentence should not have aspect words that are not specified in the prompt
- DO NOT REPEAT the input text in the output
- PRINT ONLY THE ANSWER TEXT NO EXPLAINING NOTHING ELSE, MAKE SURE TO USE ASPECT WORDS IN THE OUTPUT
- examples:
### input ###
aspect: glass of wine
polarity: Neutral
### Output ###
We ordered a glass of wine and were finished eating and paying before the wine came.
### input ###
aspect: soup and sandwich meal, hot and sour soup
polarity: positive, Positive
### Output ###
For a savory take on the soup and sandwich meal, try the hot and sour soup.
### input ###
aspect: guac, flavor, fresh salsa
polarity:Positive, Negative, Neutral
### Output ###
The guac is fresh, yet lacking flavor, we like to add our fresh salsa into it.
### input ###
aspect: BANANA PUDDING, CRABCAKES, MAC AND CHEESE
polarity:Negative, Negative,Negative
### Output ###
THE BANANA PUDDING THEY SERVE HAS NEVER SEEN AN OVEN,THE CRABCAKES ARE WAY OVER SALTED AND DON'T GET ME STARTED ON THE VERY GREASY MAC AND CHEESE.
**Now complete this task like example with ONE SENTENCE:
### Input ###
aspect: mecca,glutamate
polarity: Positive,Negative
###Output### ","The chef's use of glutamate in the dishes at mecca is a masterful touch, yet the overall flavor is overpowered by it.","[{'term': 'mecca', 'polarity': 'Positive'}, {'term': 'glutamate', 'polarity': 'Negative'}]","[{'category': 'general', 'polarity': 'neutral'}]",406
"['Chicken Alfredo (with mushrooms)', 'Buffalo chicken wings with ranch dip']","['Positive', 'Neutral']","**You are a critic who can generate comments on the specified aspect and sentiment
We would like you to complete a sentence generation task. Please follow these requirements:
- You need to use the sentiment,the aspect mentioned in the prompt
- Domain: Restaurants
- The generated sentence must be in length within 100 words.
- the sentence should not have aspect words that are not specified in the prompt
- DO NOT REPEAT the input text in the output
- PRINT ONLY THE ANSWER TEXT NO EXPLAINING NOTHING ELSE, MAKE SURE TO USE ASPECT WORDS IN THE OUTPUT
- examples:
### input ###
aspect: glass of wine
polarity: Neutral
### Output ###
We ordered a glass of wine and were finished eating and paying before the wine came.
### input ###
aspect: soup and sandwich meal, hot and sour soup
polarity: positive, Positive
### Output ###
For a savory take on the soup and sandwich meal, try the hot and sour soup.
### input ###
aspect: guac, flavor, fresh salsa
polarity:Positive, Negative, Neutral
### Output ###
The guac is fresh, yet lacking flavor, we like to add our fresh salsa into it.
### input ###
aspect: BANANA PUDDING, CRABCAKES, MAC AND CHEESE
polarity:Negative, Negative,Negative
### Output ###
THE BANANA PUDDING THEY SERVE HAS NEVER SEEN AN OVEN,THE CRABCAKES ARE WAY OVER SALTED AND DON'T GET ME STARTED ON THE VERY GREASY MAC AND CHEESE.
**Now complete this task like example with ONE SENTENCE:
### Input ###
aspect: Chicken Alfredo (with mushrooms),Buffalo chicken wings with ranch dip
polarity: Positive,Neutral
###Output### ","The Chicken Alfredo (with mushrooms) was cooked to perfection, but the Buffalo chicken wings with ranch dip were a letdown in terms of flavor.","[{'term': 'Chicken Alfredo (with mushrooms)', 'polarity': 'Positive'}, {'term': 'Buffalo chicken wings with ranch dip', 'polarity': 'Neutral'}]","[{'category': 'general', 'polarity': 'neutral'}]",409
"['Limburger', 'Chicken and mushrooms']","['Neutral', 'Positive']","**You are a critic who can generate comments on the specified aspect and sentiment
We would like you to complete a sentence generation task. Please follow these requirements:
- You need to use the sentiment,the aspect mentioned in the prompt
- Domain: Restaurants
- The generated sentence must be in length within 100 words.
- the sentence should not have aspect words that are not specified in the prompt
- DO NOT REPEAT the input text in the output
- PRINT ONLY THE ANSWER TEXT NO EXPLAINING NOTHING ELSE, MAKE SURE TO USE ASPECT WORDS IN THE OUTPUT
- examples:
### input ###
aspect: glass of wine
polarity: Neutral
### Output ###
We ordered a glass of wine and were finished eating and paying before the wine came.
### input ###
aspect: soup and sandwich meal, hot and sour soup
polarity: positive, Positive
### Output ###
For a savory take on the soup and sandwich meal, try the hot and sour soup.
### input ###
aspect: guac, flavor, fresh salsa
polarity:Positive, Negative, Neutral
### Output ###
The guac is fresh, yet lacking flavor, we like to add our fresh salsa into it.
### input ###
aspect: BANANA PUDDING, CRABCAKES, MAC AND CHEESE
polarity:Negative, Negative,Negative
### Output ###
THE BANANA PUDDING THEY SERVE HAS NEVER SEEN AN OVEN,THE CRABCAKES ARE WAY OVER SALTED AND DON'T GET ME STARTED ON THE VERY GREASY MAC AND CHEESE.
**Now complete this task like example with ONE SENTENCE:
### Input ###
aspect: Limburger,Chicken and mushrooms
polarity: Neutral,Positive
###Output### ",We had both a disappointing experience with the Limburger and a satisfying one with the Chicken and mushrooms.,"[{'term': 'Limburger', 'polarity': 'Neutral'}, {'term': 'Chicken and mushrooms', 'polarity': 'Positive'}]","[{'category': 'general', 'polarity': 'neutral'}]",410
"['elastomer', 'Apple pie']","['Negative', 'Positive']","**You are a critic who can generate comments on the specified aspect and sentiment
We would like you to complete a sentence generation task. Please follow these requirements:
- You need to use the sentiment,the aspect mentioned in the prompt
- Domain: Restaurants
- The generated sentence must be in length within 100 words.
- the sentence should not have aspect words that are not specified in the prompt
- DO NOT REPEAT the input text in the output
- PRINT ONLY THE ANSWER TEXT NO EXPLAINING NOTHING ELSE, MAKE SURE TO USE ASPECT WORDS IN THE OUTPUT
- examples:
### input ###
aspect: glass of wine
polarity: Neutral
### Output ###
We ordered a glass of wine and were finished eating and paying before the wine came.
### input ###
aspect: soup and sandwich meal, hot and sour soup
polarity: positive, Positive
### Output ###
For a savory take on the soup and sandwich meal, try the hot and sour soup.
### input ###
aspect: guac, flavor, fresh salsa
polarity:Positive, Negative, Neutral
### Output ###
The guac is fresh, yet lacking flavor, we like to add our fresh salsa into it.
### input ###
aspect: BANANA PUDDING, CRABCAKES, MAC AND CHEESE
polarity:Negative, Negative,Negative
### Output ###
THE BANANA PUDDING THEY SERVE HAS NEVER SEEN AN OVEN,THE CRABCAKES ARE WAY OVER SALTED AND DON'T GET ME STARTED ON THE VERY GREASY MAC AND CHEESE.
**Now complete this task like example with ONE SENTENCE:
### Input ###
aspect: elastomer,Apple pie
polarity: Negative,Positive
###Output### ","The elastomer used in their utensils is low-quality, but the Apple pie is a must-try dessert.","[{'term': 'elastomer', 'polarity': 'Negative'}, {'term': 'Apple pie', 'polarity': 'Positive'}]","[{'category': 'general', 'polarity': 'neutral'}]",412
"['liquid', 'percolation']","['Positive', 'Positive']","**You are a critic who can generate comments on the specified aspect and sentiment
We would like you to complete a sentence generation task. Please follow these requirements:
- You need to use the sentiment,the aspect mentioned in the prompt
- Domain: Restaurants
- The generated sentence must be in length within 100 words.
- the sentence should not have aspect words that are not specified in the prompt
- DO NOT REPEAT the input text in the output
- PRINT ONLY THE ANSWER TEXT NO EXPLAINING NOTHING ELSE, MAKE SURE TO USE ASPECT WORDS IN THE OUTPUT
- examples:
### input ###
aspect: glass of wine
polarity: Neutral
### Output ###
We ordered a glass of wine and were finished eating and paying before the wine came.
### input ###
aspect: soup and sandwich meal, hot and sour soup
polarity: positive, Positive
### Output ###
For a savory take on the soup and sandwich meal, try the hot and sour soup.
### input ###
aspect: guac, flavor, fresh salsa
polarity:Positive, Negative, Neutral
### Output ###
The guac is fresh, yet lacking flavor, we like to add our fresh salsa into it.
### input ###
aspect: BANANA PUDDING, CRABCAKES, MAC AND CHEESE
polarity:Negative, Negative,Negative
### Output ###
THE BANANA PUDDING THEY SERVE HAS NEVER SEEN AN OVEN,THE CRABCAKES ARE WAY OVER SALTED AND DON'T GET ME STARTED ON THE VERY GREASY MAC AND CHEESE.
**Now complete this task like example with ONE SENTENCE:
### Input ###
aspect: liquid,percolation
polarity: Positive,Positive
###Output### ","The coffee's liquid percolation process is done to perfection, resulting in a rich and full-bodied flavor.","[{'term': 'liquid', 'polarity': 'Positive'}, {'term': 'percolation', 'polarity': 'Positive'}]","[{'category': 'general', 'polarity': 'neutral'}]",413
"['aggregate', 'credenza']","['Neutral', 'Negative']","**You are a critic who can generate comments on the specified aspect and sentiment
We would like you to complete a sentence generation task. Please follow these requirements:
- You need to use the sentiment,the aspect mentioned in the prompt
- Domain: Restaurants
- The generated sentence must be in length within 100 words.
- the sentence should not have aspect words that are not specified in the prompt
- DO NOT REPEAT the input text in the output
- PRINT ONLY THE ANSWER TEXT NO EXPLAINING NOTHING ELSE, MAKE SURE TO USE ASPECT WORDS IN THE OUTPUT
- examples:
### input ###
aspect: glass of wine
polarity: Neutral
### Output ###
We ordered a glass of wine and were finished eating and paying before the wine came.
### input ###
aspect: soup and sandwich meal, hot and sour soup
polarity: positive, Positive
### Output ###
For a savory take on the soup and sandwich meal, try the hot and sour soup.
### input ###
aspect: guac, flavor, fresh salsa
polarity:Positive, Negative, Neutral
### Output ###
The guac is fresh, yet lacking flavor, we like to add our fresh salsa into it.
### input ###
aspect: BANANA PUDDING, CRABCAKES, MAC AND CHEESE
polarity:Negative, Negative,Negative
### Output ###
THE BANANA PUDDING THEY SERVE HAS NEVER SEEN AN OVEN,THE CRABCAKES ARE WAY OVER SALTED AND DON'T GET ME STARTED ON THE VERY GREASY MAC AND CHEESE.
**Now complete this task like example with ONE SENTENCE:
### Input ###
aspect: aggregate,credenza
polarity: Neutral,Negative
###Output### ","The restaurant's aggregate rating is mediocre, and the credenza in the dining area is poorly maintained.","[{'term': 'aggregate', 'polarity': 'Neutral'}, {'term': 'credenza', 'polarity': 'Negative'}]","[{'category': 'general', 'polarity': 'neutral'}]",415
"['basswood', 'carte']","['Negative', 'Positive']","**You are a critic who can generate comments on the specified aspect and sentiment
We would like you to complete a sentence generation task. Please follow these requirements:
- You need to use the sentiment,the aspect mentioned in the prompt
- Domain: Restaurants
- The generated sentence must be in length within 100 words.
- the sentence should not have aspect words that are not specified in the prompt
- DO NOT REPEAT the input text in the output
- PRINT ONLY THE ANSWER TEXT NO EXPLAINING NOTHING ELSE, MAKE SURE TO USE ASPECT WORDS IN THE OUTPUT
- examples:
### input ###
aspect: glass of wine
polarity: Neutral
### Output ###
We ordered a glass of wine and were finished eating and paying before the wine came.
### input ###
aspect: soup and sandwich meal, hot and sour soup
polarity: positive, Positive
### Output ###
For a savory take on the soup and sandwich meal, try the hot and sour soup.
### input ###
aspect: guac, flavor, fresh salsa
polarity:Positive, Negative, Neutral
### Output ###
The guac is fresh, yet lacking flavor, we like to add our fresh salsa into it.
### input ###
aspect: BANANA PUDDING, CRABCAKES, MAC AND CHEESE
polarity:Negative, Negative,Negative
### Output ###
THE BANANA PUDDING THEY SERVE HAS NEVER SEEN AN OVEN,THE CRABCAKES ARE WAY OVER SALTED AND DON'T GET ME STARTED ON THE VERY GREASY MAC AND CHEESE.
**Now complete this task like example with ONE SENTENCE:
### Input ###
aspect: basswood,carte
polarity: Negative,Positive
###Output### ","The carte offered a wide selection, but unfortunately, the basswood was a letdown.","[{'term': 'basswood', 'polarity': 'Negative'}, {'term': 'carte', 'polarity': 'Positive'}]","[{'category': 'general', 'polarity': 'neutral'}]",416
"['Chicken Alfredo with spinach and mushrooms', 'citation']","['Negative', 'Positive']","**You are a critic who can generate comments on the specified aspect and sentiment
We would like you to complete a sentence generation task. Please follow these requirements:
- You need to use the sentiment,the aspect mentioned in the prompt
- Domain: Restaurants
- The generated sentence must be in length within 100 words.
- the sentence should not have aspect words that are not specified in the prompt
- DO NOT REPEAT the input text in the output
- PRINT ONLY THE ANSWER TEXT NO EXPLAINING NOTHING ELSE, MAKE SURE TO USE ASPECT WORDS IN THE OUTPUT
- examples:
### input ###
aspect: glass of wine
polarity: Neutral
### Output ###
We ordered a glass of wine and were finished eating and paying before the wine came.
### input ###
aspect: soup and sandwich meal, hot and sour soup
polarity: positive, Positive
### Output ###
For a savory take on the soup and sandwich meal, try the hot and sour soup.
### input ###
aspect: guac, flavor, fresh salsa
polarity:Positive, Negative, Neutral
### Output ###
The guac is fresh, yet lacking flavor, we like to add our fresh salsa into it.
### input ###
aspect: BANANA PUDDING, CRABCAKES, MAC AND CHEESE
polarity:Negative, Negative,Negative
### Output ###
THE BANANA PUDDING THEY SERVE HAS NEVER SEEN AN OVEN,THE CRABCAKES ARE WAY OVER SALTED AND DON'T GET ME STARTED ON THE VERY GREASY MAC AND CHEESE.
**Now complete this task like example with ONE SENTENCE:
### Input ###
aspect: Chicken Alfredo with spinach and mushrooms,citation
polarity: Negative,Positive
###Output### ","The Chicken Alfredo with spinach and mushrooms is overpriced, but we appreciate the chef's citation for the recipe.","[{'term': 'Chicken Alfredo with spinach and mushrooms', 'polarity': 'Negative'}, {'term': 'citation', 'polarity': 'Positive'}]","[{'category': 'general', 'polarity': 'neutral'}]",417
"['bitter', 'straw']","['Negative', 'Positive']","**You are a critic who can generate comments on the specified aspect and sentiment
We would like you to complete a sentence generation task. Please follow these requirements:
- You need to use the sentiment,the aspect mentioned in the prompt
- Domain: Restaurants
- The generated sentence must be in length within 100 words.
- the sentence should not have aspect words that are not specified in the prompt
- DO NOT REPEAT the input text in the output
- PRINT ONLY THE ANSWER TEXT NO EXPLAINING NOTHING ELSE, MAKE SURE TO USE ASPECT WORDS IN THE OUTPUT
- examples:
### input ###
aspect: glass of wine
polarity: Neutral
### Output ###
We ordered a glass of wine and were finished eating and paying before the wine came.
### input ###
aspect: soup and sandwich meal, hot and sour soup
polarity: positive, Positive
### Output ###
For a savory take on the soup and sandwich meal, try the hot and sour soup.
### input ###
aspect: guac, flavor, fresh salsa
polarity:Positive, Negative, Neutral
### Output ###
The guac is fresh, yet lacking flavor, we like to add our fresh salsa into it.
### input ###
aspect: BANANA PUDDING, CRABCAKES, MAC AND CHEESE
polarity:Negative, Negative,Negative
### Output ###
THE BANANA PUDDING THEY SERVE HAS NEVER SEEN AN OVEN,THE CRABCAKES ARE WAY OVER SALTED AND DON'T GET ME STARTED ON THE VERY GREASY MAC AND CHEESE.
**Now complete this task like example with ONE SENTENCE:
### Input ###
aspect: bitter,straw
polarity: Negative,Positive
###Output### ","The service was bitter towards customers, but the fresh straw in our drinks was a nice touch.","[{'term': 'bitter', 'polarity': 'Negative'}, {'term': 'straw', 'polarity': 'Positive'}]","[{'category': 'general', 'polarity': 'neutral'}]",418
"['game', 'Mushroom risotto']","['Negative', 'Positive']","**You are a critic who can generate comments on the specified aspect and sentiment
We would like you to complete a sentence generation task. Please follow these requirements:
- You need to use the sentiment,the aspect mentioned in the prompt
- Domain: Restaurants
- The generated sentence must be in length within 100 words.
- the sentence should not have aspect words that are not specified in the prompt
- DO NOT REPEAT the input text in the output
- PRINT ONLY THE ANSWER TEXT NO EXPLAINING NOTHING ELSE, MAKE SURE TO USE ASPECT WORDS IN THE OUTPUT
- examples:
### input ###
aspect: glass of wine
polarity: Neutral
### Output ###
We ordered a glass of wine and were finished eating and paying before the wine came.
### input ###
aspect: soup and sandwich meal, hot and sour soup
polarity: positive, Positive
### Output ###
For a savory take on the soup and sandwich meal, try the hot and sour soup.
### input ###
aspect: guac, flavor, fresh salsa
polarity:Positive, Negative, Neutral
### Output ###
The guac is fresh, yet lacking flavor, we like to add our fresh salsa into it.
### input ###
aspect: BANANA PUDDING, CRABCAKES, MAC AND CHEESE
polarity:Negative, Negative,Negative
### Output ###
THE BANANA PUDDING THEY SERVE HAS NEVER SEEN AN OVEN,THE CRABCAKES ARE WAY OVER SALTED AND DON'T GET ME STARTED ON THE VERY GREASY MAC AND CHEESE.
**Now complete this task like example with ONE SENTENCE:
### Input ###
aspect: game,Mushroom risotto
polarity: Negative,Positive
###Output### ","The Mushroom risotto was a highlight of the meal, but the game night event was poorly organized.","[{'term': 'game', 'polarity': 'Negative'}, {'term': 'Mushroom risotto', 'polarity': 'Positive'}]","[{'category': 'general', 'polarity': 'neutral'}]",422
"['teahouse', 'chips']","['Neutral', 'Negative']","**You are a critic who can generate comments on the specified aspect and sentiment
We would like you to complete a sentence generation task. Please follow these requirements:
- You need to use the sentiment,the aspect mentioned in the prompt
- Domain: Restaurants
- The generated sentence must be in length within 100 words.
- the sentence should not have aspect words that are not specified in the prompt
- DO NOT REPEAT the input text in the output
- PRINT ONLY THE ANSWER TEXT NO EXPLAINING NOTHING ELSE, MAKE SURE TO USE ASPECT WORDS IN THE OUTPUT
- examples:
### input ###
aspect: glass of wine
polarity: Neutral
### Output ###
We ordered a glass of wine and were finished eating and paying before the wine came.
### input ###
aspect: soup and sandwich meal, hot and sour soup
polarity: positive, Positive
### Output ###
For a savory take on the soup and sandwich meal, try the hot and sour soup.
### input ###
aspect: guac, flavor, fresh salsa
polarity:Positive, Negative, Neutral
### Output ###
The guac is fresh, yet lacking flavor, we like to add our fresh salsa into it.
### input ###
aspect: BANANA PUDDING, CRABCAKES, MAC AND CHEESE
polarity:Negative, Negative,Negative
### Output ###
THE BANANA PUDDING THEY SERVE HAS NEVER SEEN AN OVEN,THE CRABCAKES ARE WAY OVER SALTED AND DON'T GET ME STARTED ON THE VERY GREASY MAC AND CHEESE.
**Now complete this task like example with ONE SENTENCE:
### Input ###
aspect: teahouse,chips
polarity: Neutral,Negative
###Output### ",We visited the teahouse but left disappointed after being served stale chips.,"[{'term': 'teahouse', 'polarity': 'Neutral'}, {'term': 'chips', 'polarity': 'Negative'}]","[{'category': 'general', 'polarity': 'neutral'}]",424
"['miasm', 'supermolecule']","['Negative', 'Neutral']","**You are a critic who can generate comments on the specified aspect and sentiment
We would like you to complete a sentence generation task. Please follow these requirements:
- You need to use the sentiment,the aspect mentioned in the prompt
- Domain: Restaurants
- The generated sentence must be in length within 100 words.
- the sentence should not have aspect words that are not specified in the prompt
- DO NOT REPEAT the input text in the output
- PRINT ONLY THE ANSWER TEXT NO EXPLAINING NOTHING ELSE, MAKE SURE TO USE ASPECT WORDS IN THE OUTPUT
- examples:
### input ###
aspect: glass of wine
polarity: Neutral
### Output ###
We ordered a glass of wine and were finished eating and paying before the wine came.
### input ###
aspect: soup and sandwich meal, hot and sour soup
polarity: positive, Positive
### Output ###
For a savory take on the soup and sandwich meal, try the hot and sour soup.
### input ###
aspect: guac, flavor, fresh salsa
polarity:Positive, Negative, Neutral
### Output ###
The guac is fresh, yet lacking flavor, we like to add our fresh salsa into it.
### input ###
aspect: BANANA PUDDING, CRABCAKES, MAC AND CHEESE
polarity:Negative, Negative,Negative
### Output ###
THE BANANA PUDDING THEY SERVE HAS NEVER SEEN AN OVEN,THE CRABCAKES ARE WAY OVER SALTED AND DON'T GET ME STARTED ON THE VERY GREASY MAC AND CHEESE.
**Now complete this task like example with ONE SENTENCE:
### Input ###
aspect: miasm,supermolecule
polarity: Negative,Neutral
###Output### ","The restaurant's miasm is overwhelming, but the supermolecule they use for their menu is quite unremarkable.","[{'term': 'miasm', 'polarity': 'Negative'}, {'term': 'supermolecule', 'polarity': 'Neutral'}]","[{'category': 'general', 'polarity': 'neutral'}]",425
"['Beef and potatoes', 'Roast duck (with orange glaze)']","['Neutral', 'Positive']","**You are a critic who can generate comments on the specified aspect and sentiment
We would like you to complete a sentence generation task. Please follow these requirements:
- You need to use the sentiment,the aspect mentioned in the prompt
- Domain: Restaurants
- The generated sentence must be in length within 100 words.
- the sentence should not have aspect words that are not specified in the prompt
- DO NOT REPEAT the input text in the output
- PRINT ONLY THE ANSWER TEXT NO EXPLAINING NOTHING ELSE, MAKE SURE TO USE ASPECT WORDS IN THE OUTPUT
- examples:
### input ###
aspect: glass of wine
polarity: Neutral
### Output ###
We ordered a glass of wine and were finished eating and paying before the wine came.
### input ###
aspect: soup and sandwich meal, hot and sour soup
polarity: positive, Positive
### Output ###
For a savory take on the soup and sandwich meal, try the hot and sour soup.
### input ###
aspect: guac, flavor, fresh salsa
polarity:Positive, Negative, Neutral
### Output ###
The guac is fresh, yet lacking flavor, we like to add our fresh salsa into it.
### input ###
aspect: BANANA PUDDING, CRABCAKES, MAC AND CHEESE
polarity:Negative, Negative,Negative
### Output ###
THE BANANA PUDDING THEY SERVE HAS NEVER SEEN AN OVEN,THE CRABCAKES ARE WAY OVER SALTED AND DON'T GET ME STARTED ON THE VERY GREASY MAC AND CHEESE.
**Now complete this task like example with ONE SENTENCE:
### Input ###
aspect: Beef and potatoes,Roast duck (with orange glaze)
polarity: Neutral,Positive
###Output### ","We ordered the Beef and potatoes, but the real star of the meal was the perfectly cooked Roast duck (with orange glaze).","[{'term': 'Beef and potatoes', 'polarity': 'Neutral'}, {'term': 'Roast duck (with orange glaze)', 'polarity': 'Positive'}]","[{'category': 'general', 'polarity': 'neutral'}]",427
"['moussaka', 'ravigotte']","['Negative', 'Neutral']","**You are a critic who can generate comments on the specified aspect and sentiment
We would like you to complete a sentence generation task. Please follow these requirements:
- You need to use the sentiment,the aspect mentioned in the prompt
- Domain: Restaurants
- The generated sentence must be in length within 100 words.
- the sentence should not have aspect words that are not specified in the prompt
- DO NOT REPEAT the input text in the output
- PRINT ONLY THE ANSWER TEXT NO EXPLAINING NOTHING ELSE, MAKE SURE TO USE ASPECT WORDS IN THE OUTPUT
- examples:
### input ###
aspect: glass of wine
polarity: Neutral
### Output ###
We ordered a glass of wine and were finished eating and paying before the wine came.
### input ###
aspect: soup and sandwich meal, hot and sour soup
polarity: positive, Positive
### Output ###
For a savory take on the soup and sandwich meal, try the hot and sour soup.
### input ###
aspect: guac, flavor, fresh salsa
polarity:Positive, Negative, Neutral
### Output ###
The guac is fresh, yet lacking flavor, we like to add our fresh salsa into it.
### input ###
aspect: BANANA PUDDING, CRABCAKES, MAC AND CHEESE
polarity:Negative, Negative,Negative
### Output ###
THE BANANA PUDDING THEY SERVE HAS NEVER SEEN AN OVEN,THE CRABCAKES ARE WAY OVER SALTED AND DON'T GET ME STARTED ON THE VERY GREASY MAC AND CHEESE.
**Now complete this task like example with ONE SENTENCE:
### Input ###
aspect: moussaka,ravigotte
polarity: Negative,Neutral
###Output### ","The moussaka was overcooked and lacked flavor, but the ravigotte was a decent accompaniment.","[{'term': 'moussaka', 'polarity': 'Negative'}, {'term': 'ravigotte', 'polarity': 'Neutral'}]","[{'category': 'general', 'polarity': 'neutral'}]",432
"['altar', 'Roast chicken breast']","['Positive', 'Negative']","**You are a critic who can generate comments on the specified aspect and sentiment
We would like you to complete a sentence generation task. Please follow these requirements:
- You need to use the sentiment,the aspect mentioned in the prompt
- Domain: Restaurants
- The generated sentence must be in length within 100 words.
- the sentence should not have aspect words that are not specified in the prompt
- DO NOT REPEAT the input text in the output
- PRINT ONLY THE ANSWER TEXT NO EXPLAINING NOTHING ELSE, MAKE SURE TO USE ASPECT WORDS IN THE OUTPUT
- examples:
### input ###
aspect: glass of wine
polarity: Neutral
### Output ###
We ordered a glass of wine and were finished eating and paying before the wine came.
### input ###
aspect: soup and sandwich meal, hot and sour soup
polarity: positive, Positive
### Output ###
For a savory take on the soup and sandwich meal, try the hot and sour soup.
### input ###
aspect: guac, flavor, fresh salsa
polarity:Positive, Negative, Neutral
### Output ###
The guac is fresh, yet lacking flavor, we like to add our fresh salsa into it.
### input ###
aspect: BANANA PUDDING, CRABCAKES, MAC AND CHEESE
polarity:Negative, Negative,Negative
### Output ###
THE BANANA PUDDING THEY SERVE HAS NEVER SEEN AN OVEN,THE CRABCAKES ARE WAY OVER SALTED AND DON'T GET ME STARTED ON THE VERY GREASY MAC AND CHEESE.
**Now complete this task like example with ONE SENTENCE:
### Input ###
aspect: altar,Roast chicken breast
polarity: Positive,Negative
###Output### ","The altar area was tastefully decorated, but the Roast chicken breast was overcooked.","[{'term': 'altar', 'polarity': 'Positive'}, {'term': 'Roast chicken breast', 'polarity': 'Negative'}]","[{'category': 'general', 'polarity': 'neutral'}]",435
"['Vegetable tempura', 'cereal']","['Negative', 'Positive']","**You are a critic who can generate comments on the specified aspect and sentiment
We would like you to complete a sentence generation task. Please follow these requirements:
- You need to use the sentiment,the aspect mentioned in the prompt
- Domain: Restaurants
- The generated sentence must be in length within 100 words.
- the sentence should not have aspect words that are not specified in the prompt
- DO NOT REPEAT the input text in the output
- PRINT ONLY THE ANSWER TEXT NO EXPLAINING NOTHING ELSE, MAKE SURE TO USE ASPECT WORDS IN THE OUTPUT
- examples:
### input ###
aspect: glass of wine
polarity: Neutral
### Output ###
We ordered a glass of wine and were finished eating and paying before the wine came.
### input ###
aspect: soup and sandwich meal, hot and sour soup
polarity: positive, Positive
### Output ###
For a savory take on the soup and sandwich meal, try the hot and sour soup.
### input ###
aspect: guac, flavor, fresh salsa
polarity:Positive, Negative, Neutral
### Output ###
The guac is fresh, yet lacking flavor, we like to add our fresh salsa into it.
### input ###
aspect: BANANA PUDDING, CRABCAKES, MAC AND CHEESE
polarity:Negative, Negative,Negative
### Output ###
THE BANANA PUDDING THEY SERVE HAS NEVER SEEN AN OVEN,THE CRABCAKES ARE WAY OVER SALTED AND DON'T GET ME STARTED ON THE VERY GREASY MAC AND CHEESE.
**Now complete this task like example with ONE SENTENCE:
### Input ###
aspect: Vegetable tempura,cereal
polarity: Negative,Positive
###Output### ","The cereal they serve is a nice touch, but the Vegetable tempura was a letdown.","[{'term': 'Vegetable tempura', 'polarity': 'Negative'}, {'term': 'cereal', 'polarity': 'Positive'}]","[{'category': 'general', 'polarity': 'neutral'}]",437
"['fluosilicate', 'croquette']","['Negative', 'Positive']","**You are a critic who can generate comments on the specified aspect and sentiment
We would like you to complete a sentence generation task. Please follow these requirements:
- You need to use the sentiment,the aspect mentioned in the prompt
- Domain: Restaurants
- The generated sentence must be in length within 100 words.
- the sentence should not have aspect words that are not specified in the prompt
- DO NOT REPEAT the input text in the output
- PRINT ONLY THE ANSWER TEXT NO EXPLAINING NOTHING ELSE, MAKE SURE TO USE ASPECT WORDS IN THE OUTPUT
- examples:
### input ###
aspect: glass of wine
polarity: Neutral
### Output ###
We ordered a glass of wine and were finished eating and paying before the wine came.
### input ###
aspect: soup and sandwich meal, hot and sour soup
polarity: positive, Positive
### Output ###
For a savory take on the soup and sandwich meal, try the hot and sour soup.
### input ###
aspect: guac, flavor, fresh salsa
polarity:Positive, Negative, Neutral
### Output ###
The guac is fresh, yet lacking flavor, we like to add our fresh salsa into it.
### input ###
aspect: BANANA PUDDING, CRABCAKES, MAC AND CHEESE
polarity:Negative, Negative,Negative
### Output ###
THE BANANA PUDDING THEY SERVE HAS NEVER SEEN AN OVEN,THE CRABCAKES ARE WAY OVER SALTED AND DON'T GET ME STARTED ON THE VERY GREASY MAC AND CHEESE.
**Now complete this task like example with ONE SENTENCE:
### Input ###
aspect: fluosilicate,croquette
polarity: Negative,Positive
###Output### ","The fluosilicate in the croquette was a major turn-off, but the croquette itself was cooked to a perfect crisp.","[{'term': 'fluosilicate', 'polarity': 'Negative'}, {'term': 'croquette', 'polarity': 'Positive'}]","[{'category': 'general', 'polarity': 'neutral'}]",439
"['Crab cake sandwich', 'pledge']","['Neutral', 'Positive']","**You are a critic who can generate comments on the specified aspect and sentiment
We would like you to complete a sentence generation task. Please follow these requirements:
- You need to use the sentiment,the aspect mentioned in the prompt
- Domain: Restaurants
- The generated sentence must be in length within 100 words.
- the sentence should not have aspect words that are not specified in the prompt
- DO NOT REPEAT the input text in the output
- PRINT ONLY THE ANSWER TEXT NO EXPLAINING NOTHING ELSE, MAKE SURE TO USE ASPECT WORDS IN THE OUTPUT
- examples:
### input ###
aspect: glass of wine
polarity: Neutral
### Output ###
We ordered a glass of wine and were finished eating and paying before the wine came.
### input ###
aspect: soup and sandwich meal, hot and sour soup
polarity: positive, Positive
### Output ###
For a savory take on the soup and sandwich meal, try the hot and sour soup.
### input ###
aspect: guac, flavor, fresh salsa
polarity:Positive, Negative, Neutral
### Output ###
The guac is fresh, yet lacking flavor, we like to add our fresh salsa into it.
### input ###
aspect: BANANA PUDDING, CRABCAKES, MAC AND CHEESE
polarity:Negative, Negative,Negative
### Output ###
THE BANANA PUDDING THEY SERVE HAS NEVER SEEN AN OVEN,THE CRABCAKES ARE WAY OVER SALTED AND DON'T GET ME STARTED ON THE VERY GREASY MAC AND CHEESE.
**Now complete this task like example with ONE SENTENCE:
### Input ###
aspect: Crab cake sandwich,pledge
polarity: Neutral,Positive
###Output### ",The restaurant's pledge to use fresh ingredients is evident in their Crab cake sandwich.,"[{'term': 'Crab cake sandwich', 'polarity': 'Neutral'}, {'term': 'pledge', 'polarity': 'Positive'}]","[{'category': 'general', 'polarity': 'neutral'}]",443
"['speakeasy', 'Chocolate cake (with whipped cream)']","['Positive', 'Neutral']","**You are a critic who can generate comments on the specified aspect and sentiment
We would like you to complete a sentence generation task. Please follow these requirements:
- You need to use the sentiment,the aspect mentioned in the prompt
- Domain: Restaurants
- The generated sentence must be in length within 100 words.
- the sentence should not have aspect words that are not specified in the prompt
- DO NOT REPEAT the input text in the output
- PRINT ONLY THE ANSWER TEXT NO EXPLAINING NOTHING ELSE, MAKE SURE TO USE ASPECT WORDS IN THE OUTPUT
- examples:
### input ###
aspect: glass of wine
polarity: Neutral
### Output ###
We ordered a glass of wine and were finished eating and paying before the wine came.
### input ###
aspect: soup and sandwich meal, hot and sour soup
polarity: positive, Positive
### Output ###
For a savory take on the soup and sandwich meal, try the hot and sour soup.
### input ###
aspect: guac, flavor, fresh salsa
polarity:Positive, Negative, Neutral
### Output ###
The guac is fresh, yet lacking flavor, we like to add our fresh salsa into it.
### input ###
aspect: BANANA PUDDING, CRABCAKES, MAC AND CHEESE
polarity:Negative, Negative,Negative
### Output ###
THE BANANA PUDDING THEY SERVE HAS NEVER SEEN AN OVEN,THE CRABCAKES ARE WAY OVER SALTED AND DON'T GET ME STARTED ON THE VERY GREASY MAC AND CHEESE.
**Now complete this task like example with ONE SENTENCE:
### Input ###
aspect: speakeasy,Chocolate cake (with whipped cream)
polarity: Positive,Neutral
###Output### ",The speakeasy has a sophisticated atmosphere that pairs perfectly with the decadent Chocolate cake (with whipped cream).,"[{'term': 'speakeasy', 'polarity': 'Positive'}, {'term': 'Chocolate cake (with whipped cream)', 'polarity': 'Neutral'}]","[{'category': 'general', 'polarity': 'neutral'}]",444
"['Pulled chicken tacos', 'Fish tacos (with avocado)']","['Negative', 'Positive']","**You are a critic who can generate comments on the specified aspect and sentiment
We would like you to complete a sentence generation task. Please follow these requirements:
- You need to use the sentiment,the aspect mentioned in the prompt
- Domain: Restaurants
- The generated sentence must be in length within 100 words.
- the sentence should not have aspect words that are not specified in the prompt
- DO NOT REPEAT the input text in the output
- PRINT ONLY THE ANSWER TEXT NO EXPLAINING NOTHING ELSE, MAKE SURE TO USE ASPECT WORDS IN THE OUTPUT
- examples:
### input ###
aspect: glass of wine
polarity: Neutral
### Output ###
We ordered a glass of wine and were finished eating and paying before the wine came.
### input ###
aspect: soup and sandwich meal, hot and sour soup
polarity: positive, Positive
### Output ###
For a savory take on the soup and sandwich meal, try the hot and sour soup.
### input ###
aspect: guac, flavor, fresh salsa
polarity:Positive, Negative, Neutral
### Output ###
The guac is fresh, yet lacking flavor, we like to add our fresh salsa into it.
### input ###
aspect: BANANA PUDDING, CRABCAKES, MAC AND CHEESE
polarity:Negative, Negative,Negative
### Output ###
THE BANANA PUDDING THEY SERVE HAS NEVER SEEN AN OVEN,THE CRABCAKES ARE WAY OVER SALTED AND DON'T GET ME STARTED ON THE VERY GREASY MAC AND CHEESE.
**Now complete this task like example with ONE SENTENCE:
### Input ###
aspect: Pulled chicken tacos,Fish tacos (with avocado)
polarity: Negative,Positive
###Output### ","The Fish tacos (with avocado) were a highlight, but the Pulled chicken tacos were a letdown.","[{'term': 'Pulled chicken tacos', 'polarity': 'Negative'}, {'term': 'Fish tacos (with avocado)', 'polarity': 'Positive'}]","[{'category': 'general', 'polarity': 'neutral'}]",450
"['subdivision', 'potpie']","['Negative', 'Negative']","**You are a critic who can generate comments on the specified aspect and sentiment
We would like you to complete a sentence generation task. Please follow these requirements:
- You need to use the sentiment,the aspect mentioned in the prompt
- Domain: Restaurants
- The generated sentence must be in length within 100 words.
- the sentence should not have aspect words that are not specified in the prompt
- DO NOT REPEAT the input text in the output
- PRINT ONLY THE ANSWER TEXT NO EXPLAINING NOTHING ELSE, MAKE SURE TO USE ASPECT WORDS IN THE OUTPUT
- examples:
### input ###
aspect: glass of wine
polarity: Neutral
### Output ###
We ordered a glass of wine and were finished eating and paying before the wine came.
### input ###
aspect: soup and sandwich meal, hot and sour soup
polarity: positive, Positive
### Output ###
For a savory take on the soup and sandwich meal, try the hot and sour soup.
### input ###
aspect: guac, flavor, fresh salsa
polarity:Positive, Negative, Neutral
### Output ###
The guac is fresh, yet lacking flavor, we like to add our fresh salsa into it.
### input ###
aspect: BANANA PUDDING, CRABCAKES, MAC AND CHEESE
polarity:Negative, Negative,Negative
### Output ###
THE BANANA PUDDING THEY SERVE HAS NEVER SEEN AN OVEN,THE CRABCAKES ARE WAY OVER SALTED AND DON'T GET ME STARTED ON THE VERY GREASY MAC AND CHEESE.
**Now complete this task like example with ONE SENTENCE:
### Input ###
aspect: subdivision,potpie
polarity: Negative,Negative
###Output### ",The potpie is a complete disaster and the subdivision's lack of parking is a nightmare.,"[{'term': 'subdivision', 'polarity': 'Negative'}, {'term': 'potpie', 'polarity': 'Negative'}]","[{'category': 'general', 'polarity': 'neutral'}]",451
"['cement', 'luncheon']","['Positive', 'Neutral']","**You are a critic who can generate comments on the specified aspect and sentiment
We would like you to complete a sentence generation task. Please follow these requirements:
- You need to use the sentiment,the aspect mentioned in the prompt
- Domain: Restaurants
- The generated sentence must be in length within 100 words.
- the sentence should not have aspect words that are not specified in the prompt
- DO NOT REPEAT the input text in the output
- PRINT ONLY THE ANSWER TEXT NO EXPLAINING NOTHING ELSE, MAKE SURE TO USE ASPECT WORDS IN THE OUTPUT
- examples:
### input ###
aspect: glass of wine
polarity: Neutral
### Output ###
We ordered a glass of wine and were finished eating and paying before the wine came.
### input ###
aspect: soup and sandwich meal, hot and sour soup
polarity: positive, Positive
### Output ###
For a savory take on the soup and sandwich meal, try the hot and sour soup.
### input ###
aspect: guac, flavor, fresh salsa
polarity:Positive, Negative, Neutral
### Output ###
The guac is fresh, yet lacking flavor, we like to add our fresh salsa into it.
### input ###
aspect: BANANA PUDDING, CRABCAKES, MAC AND CHEESE
polarity:Negative, Negative,Negative
### Output ###
THE BANANA PUDDING THEY SERVE HAS NEVER SEEN AN OVEN,THE CRABCAKES ARE WAY OVER SALTED AND DON'T GET ME STARTED ON THE VERY GREASY MAC AND CHEESE.
**Now complete this task like example with ONE SENTENCE:
### Input ###
aspect: cement,luncheon
polarity: Positive,Neutral
###Output### ","The luncheon was served on a patio with a pleasant atmosphere, while the cement beneath our feet was somewhat of a letdown.","[{'term': 'cement', 'polarity': 'Positive'}, {'term': 'luncheon', 'polarity': 'Neutral'}]","[{'category': 'general', 'polarity': 'neutral'}]",454
"['collation', 'percolate']","['Positive', 'Negative']","**You are a critic who can generate comments on the specified aspect and sentiment
We would like you to complete a sentence generation task. Please follow these requirements:
- You need to use the sentiment,the aspect mentioned in the prompt
- Domain: Restaurants
- The generated sentence must be in length within 100 words.
- the sentence should not have aspect words that are not specified in the prompt
- DO NOT REPEAT the input text in the output
- PRINT ONLY THE ANSWER TEXT NO EXPLAINING NOTHING ELSE, MAKE SURE TO USE ASPECT WORDS IN THE OUTPUT
- examples:
### input ###
aspect: glass of wine
polarity: Neutral
### Output ###
We ordered a glass of wine and were finished eating and paying before the wine came.
### input ###
aspect: soup and sandwich meal, hot and sour soup
polarity: positive, Positive
### Output ###
For a savory take on the soup and sandwich meal, try the hot and sour soup.
### input ###
aspect: guac, flavor, fresh salsa
polarity:Positive, Negative, Neutral
### Output ###
The guac is fresh, yet lacking flavor, we like to add our fresh salsa into it.
### input ###
aspect: BANANA PUDDING, CRABCAKES, MAC AND CHEESE
polarity:Negative, Negative,Negative
### Output ###
THE BANANA PUDDING THEY SERVE HAS NEVER SEEN AN OVEN,THE CRABCAKES ARE WAY OVER SALTED AND DON'T GET ME STARTED ON THE VERY GREASY MAC AND CHEESE.
**Now complete this task like example with ONE SENTENCE:
### Input ###
aspect: collation,percolate
polarity: Positive,Negative
###Output### ","The coffee was perfectly percolated, but the collation of flavors could have been more refined.","[{'term': 'collation', 'polarity': 'Positive'}, {'term': 'percolate', 'polarity': 'Negative'}]","[{'category': 'general', 'polarity': 'neutral'}]",457
"['Chicken Alfredo with spinach and mushrooms', 'gruel']","['Negative', 'Neutral']","**You are a critic who can generate comments on the specified aspect and sentiment
We would like you to complete a sentence generation task. Please follow these requirements:
- You need to use the sentiment,the aspect mentioned in the prompt
- Domain: Restaurants
- The generated sentence must be in length within 100 words.
- the sentence should not have aspect words that are not specified in the prompt
- DO NOT REPEAT the input text in the output
- PRINT ONLY THE ANSWER TEXT NO EXPLAINING NOTHING ELSE, MAKE SURE TO USE ASPECT WORDS IN THE OUTPUT
- examples:
### input ###
aspect: glass of wine
polarity: Neutral
### Output ###
We ordered a glass of wine and were finished eating and paying before the wine came.
### input ###
aspect: soup and sandwich meal, hot and sour soup
polarity: positive, Positive
### Output ###
For a savory take on the soup and sandwich meal, try the hot and sour soup.
### input ###
aspect: guac, flavor, fresh salsa
polarity:Positive, Negative, Neutral
### Output ###
The guac is fresh, yet lacking flavor, we like to add our fresh salsa into it.
### input ###
aspect: BANANA PUDDING, CRABCAKES, MAC AND CHEESE
polarity:Negative, Negative,Negative
### Output ###
THE BANANA PUDDING THEY SERVE HAS NEVER SEEN AN OVEN,THE CRABCAKES ARE WAY OVER SALTED AND DON'T GET ME STARTED ON THE VERY GREASY MAC AND CHEESE.
**Now complete this task like example with ONE SENTENCE:
### Input ###
aspect: Chicken Alfredo with spinach and mushrooms,gruel
polarity: Negative,Neutral
###Output### ","The Chicken Alfredo with spinach and mushrooms was overcooked, but the gruel was surprisingly smooth.","[{'term': 'Chicken Alfredo with spinach and mushrooms', 'polarity': 'Negative'}, {'term': 'gruel', 'polarity': 'Neutral'}]","[{'category': 'general', 'polarity': 'neutral'}]",458
"['entree', 'Buffalo chicken salad']","['Positive', 'Neutral']","**You are a critic who can generate comments on the specified aspect and sentiment
We would like you to complete a sentence generation task. Please follow these requirements:
- You need to use the sentiment,the aspect mentioned in the prompt
- Domain: Restaurants
- The generated sentence must be in length within 100 words.
- the sentence should not have aspect words that are not specified in the prompt
- DO NOT REPEAT the input text in the output
- PRINT ONLY THE ANSWER TEXT NO EXPLAINING NOTHING ELSE, MAKE SURE TO USE ASPECT WORDS IN THE OUTPUT
- examples:
### input ###
aspect: glass of wine
polarity: Neutral
### Output ###
We ordered a glass of wine and were finished eating and paying before the wine came.
### input ###
aspect: soup and sandwich meal, hot and sour soup
polarity: positive, Positive
### Output ###
For a savory take on the soup and sandwich meal, try the hot and sour soup.
### input ###
aspect: guac, flavor, fresh salsa
polarity:Positive, Negative, Neutral
### Output ###
The guac is fresh, yet lacking flavor, we like to add our fresh salsa into it.
### input ###
aspect: BANANA PUDDING, CRABCAKES, MAC AND CHEESE
polarity:Negative, Negative,Negative
### Output ###
THE BANANA PUDDING THEY SERVE HAS NEVER SEEN AN OVEN,THE CRABCAKES ARE WAY OVER SALTED AND DON'T GET ME STARTED ON THE VERY GREASY MAC AND CHEESE.
**Now complete this task like example with ONE SENTENCE:
### Input ###
aspect: entree,Buffalo chicken salad
polarity: Positive,Neutral
###Output### ",The Buffalo chicken salad was a standout entree option.,"[{'term': 'entree', 'polarity': 'Positive'}, {'term': 'Buffalo chicken salad', 'polarity': 'Neutral'}]","[{'category': 'general', 'polarity': 'neutral'}]",461
"['gingerroot', 'joint']","['Positive', 'Negative']","**You are a critic who can generate comments on the specified aspect and sentiment
We would like you to complete a sentence generation task. Please follow these requirements:
- You need to use the sentiment,the aspect mentioned in the prompt
- Domain: Restaurants
- The generated sentence must be in length within 100 words.
- the sentence should not have aspect words that are not specified in the prompt
- DO NOT REPEAT the input text in the output
- PRINT ONLY THE ANSWER TEXT NO EXPLAINING NOTHING ELSE, MAKE SURE TO USE ASPECT WORDS IN THE OUTPUT
- examples:
### input ###
aspect: glass of wine
polarity: Neutral
### Output ###
We ordered a glass of wine and were finished eating and paying before the wine came.
### input ###
aspect: soup and sandwich meal, hot and sour soup
polarity: positive, Positive
### Output ###
For a savory take on the soup and sandwich meal, try the hot and sour soup.
### input ###
aspect: guac, flavor, fresh salsa
polarity:Positive, Negative, Neutral
### Output ###
The guac is fresh, yet lacking flavor, we like to add our fresh salsa into it.
### input ###
aspect: BANANA PUDDING, CRABCAKES, MAC AND CHEESE
polarity:Negative, Negative,Negative
### Output ###
THE BANANA PUDDING THEY SERVE HAS NEVER SEEN AN OVEN,THE CRABCAKES ARE WAY OVER SALTED AND DON'T GET ME STARTED ON THE VERY GREASY MAC AND CHEESE.
**Now complete this task like example with ONE SENTENCE:
### Input ###
aspect: gingerroot,joint
polarity: Positive,Negative
###Output### ","The chef's use of gingerroot in the joint is impressive, however, the joint itself was slightly overcooked.","[{'term': 'gingerroot', 'polarity': 'Positive'}, {'term': 'joint', 'polarity': 'Negative'}]","[{'category': 'general', 'polarity': 'neutral'}]",462
"['Chicken Alfredo (with mushrooms)', 'hollandaise']","['Neutral', 'Negative']","**You are a critic who can generate comments on the specified aspect and sentiment
We would like you to complete a sentence generation task. Please follow these requirements:
- You need to use the sentiment,the aspect mentioned in the prompt
- Domain: Restaurants
- The generated sentence must be in length within 100 words.
- the sentence should not have aspect words that are not specified in the prompt
- DO NOT REPEAT the input text in the output
- PRINT ONLY THE ANSWER TEXT NO EXPLAINING NOTHING ELSE, MAKE SURE TO USE ASPECT WORDS IN THE OUTPUT
- examples:
### input ###
aspect: glass of wine
polarity: Neutral
### Output ###
We ordered a glass of wine and were finished eating and paying before the wine came.
### input ###
aspect: soup and sandwich meal, hot and sour soup
polarity: positive, Positive
### Output ###
For a savory take on the soup and sandwich meal, try the hot and sour soup.
### input ###
aspect: guac, flavor, fresh salsa
polarity:Positive, Negative, Neutral
### Output ###
The guac is fresh, yet lacking flavor, we like to add our fresh salsa into it.
### input ###
aspect: BANANA PUDDING, CRABCAKES, MAC AND CHEESE
polarity:Negative, Negative,Negative
### Output ###
THE BANANA PUDDING THEY SERVE HAS NEVER SEEN AN OVEN,THE CRABCAKES ARE WAY OVER SALTED AND DON'T GET ME STARTED ON THE VERY GREASY MAC AND CHEESE.
**Now complete this task like example with ONE SENTENCE:
### Input ###
aspect: Chicken Alfredo (with mushrooms),hollandaise
polarity: Neutral,Negative
###Output### ","The Chicken Alfredo (with mushrooms) was unremarkable, but the hollandaise sauce was overly rich.","[{'term': 'Chicken Alfredo (with mushrooms)', 'polarity': 'Neutral'}, {'term': 'hollandaise', 'polarity': 'Negative'}]","[{'category': 'general', 'polarity': 'neutral'}]",464
"['cafe', 'Spaghetti bolognese']","['Positive', 'Negative']","**You are a critic who can generate comments on the specified aspect and sentiment
We would like you to complete a sentence generation task. Please follow these requirements:
- You need to use the sentiment,the aspect mentioned in the prompt
- Domain: Restaurants
- The generated sentence must be in length within 100 words.
- the sentence should not have aspect words that are not specified in the prompt
- DO NOT REPEAT the input text in the output
- PRINT ONLY THE ANSWER TEXT NO EXPLAINING NOTHING ELSE, MAKE SURE TO USE ASPECT WORDS IN THE OUTPUT
- examples:
### input ###
aspect: glass of wine
polarity: Neutral
### Output ###
We ordered a glass of wine and were finished eating and paying before the wine came.
### input ###
aspect: soup and sandwich meal, hot and sour soup
polarity: positive, Positive
### Output ###
For a savory take on the soup and sandwich meal, try the hot and sour soup.
### input ###
aspect: guac, flavor, fresh salsa
polarity:Positive, Negative, Neutral
### Output ###
The guac is fresh, yet lacking flavor, we like to add our fresh salsa into it.
### input ###
aspect: BANANA PUDDING, CRABCAKES, MAC AND CHEESE
polarity:Negative, Negative,Negative
### Output ###
THE BANANA PUDDING THEY SERVE HAS NEVER SEEN AN OVEN,THE CRABCAKES ARE WAY OVER SALTED AND DON'T GET ME STARTED ON THE VERY GREASY MAC AND CHEESE.
**Now complete this task like example with ONE SENTENCE:
### Input ###
aspect: cafe,Spaghetti bolognese
polarity: Positive,Negative
###Output### ","The cafe's Spaghetti bolognese is a hit, but the atmosphere of the cafe falls short of expectations.","[{'term': 'cafe', 'polarity': 'Positive'}, {'term': 'Spaghetti bolognese', 'polarity': 'Negative'}]","[{'category': 'general', 'polarity': 'neutral'}]",471
"['residue', 'hotdog']","['Negative', 'Positive']","**You are a critic who can generate comments on the specified aspect and sentiment
We would like you to complete a sentence generation task. Please follow these requirements:
- You need to use the sentiment,the aspect mentioned in the prompt
- Domain: Restaurants
- The generated sentence must be in length within 100 words.
- the sentence should not have aspect words that are not specified in the prompt
- DO NOT REPEAT the input text in the output
- PRINT ONLY THE ANSWER TEXT NO EXPLAINING NOTHING ELSE, MAKE SURE TO USE ASPECT WORDS IN THE OUTPUT
- examples:
### input ###
aspect: glass of wine
polarity: Neutral
### Output ###
We ordered a glass of wine and were finished eating and paying before the wine came.
### input ###
aspect: soup and sandwich meal, hot and sour soup
polarity: positive, Positive
### Output ###
For a savory take on the soup and sandwich meal, try the hot and sour soup.
### input ###
aspect: guac, flavor, fresh salsa
polarity:Positive, Negative, Neutral
### Output ###
The guac is fresh, yet lacking flavor, we like to add our fresh salsa into it.
### input ###
aspect: BANANA PUDDING, CRABCAKES, MAC AND CHEESE
polarity:Negative, Negative,Negative
### Output ###
THE BANANA PUDDING THEY SERVE HAS NEVER SEEN AN OVEN,THE CRABCAKES ARE WAY OVER SALTED AND DON'T GET ME STARTED ON THE VERY GREASY MAC AND CHEESE.
**Now complete this task like example with ONE SENTENCE:
### Input ###
aspect: residue,hotdog
polarity: Negative,Positive
###Output### ",The hotdog was overcooked but unfortunately left a significant residue.,"[{'term': 'residue', 'polarity': 'Negative'}, {'term': 'hotdog', 'polarity': 'Positive'}]","[{'category': 'general', 'polarity': 'neutral'}]",472
"['sugarloaf', 'xylose']","['Negative', 'Negative']","**You are a critic who can generate comments on the specified aspect and sentiment
We would like you to complete a sentence generation task. Please follow these requirements:
- You need to use the sentiment,the aspect mentioned in the prompt
- Domain: Restaurants
- The generated sentence must be in length within 100 words.
- the sentence should not have aspect words that are not specified in the prompt
- DO NOT REPEAT the input text in the output
- PRINT ONLY THE ANSWER TEXT NO EXPLAINING NOTHING ELSE, MAKE SURE TO USE ASPECT WORDS IN THE OUTPUT
- examples:
### input ###
aspect: glass of wine
polarity: Neutral
### Output ###
We ordered a glass of wine and were finished eating and paying before the wine came.
### input ###
aspect: soup and sandwich meal, hot and sour soup
polarity: positive, Positive
### Output ###
For a savory take on the soup and sandwich meal, try the hot and sour soup.
### input ###
aspect: guac, flavor, fresh salsa
polarity:Positive, Negative, Neutral
### Output ###
The guac is fresh, yet lacking flavor, we like to add our fresh salsa into it.
### input ###
aspect: BANANA PUDDING, CRABCAKES, MAC AND CHEESE
polarity:Negative, Negative,Negative
### Output ###
THE BANANA PUDDING THEY SERVE HAS NEVER SEEN AN OVEN,THE CRABCAKES ARE WAY OVER SALTED AND DON'T GET ME STARTED ON THE VERY GREASY MAC AND CHEESE.
**Now complete this task like example with ONE SENTENCE:
### Input ###
aspect: sugarloaf,xylose
polarity: Negative,Negative
###Output### ",The sugarloaf was a disappointment and the xylose levels in their pastries were far too high.,"[{'term': 'sugarloaf', 'polarity': 'Negative'}, {'term': 'xylose', 'polarity': 'Negative'}]","[{'category': 'general', 'polarity': 'neutral'}]",479
"['grass', 'sauerkraut']","['Negative', 'Positive']","**You are a critic who can generate comments on the specified aspect and sentiment
We would like you to complete a sentence generation task. Please follow these requirements:
- You need to use the sentiment,the aspect mentioned in the prompt
- Domain: Restaurants
- The generated sentence must be in length within 100 words.
- the sentence should not have aspect words that are not specified in the prompt
- DO NOT REPEAT the input text in the output
- PRINT ONLY THE ANSWER TEXT NO EXPLAINING NOTHING ELSE, MAKE SURE TO USE ASPECT WORDS IN THE OUTPUT
- examples:
### input ###
aspect: glass of wine
polarity: Neutral
### Output ###
We ordered a glass of wine and were finished eating and paying before the wine came.
### input ###
aspect: soup and sandwich meal, hot and sour soup
polarity: positive, Positive
### Output ###
For a savory take on the soup and sandwich meal, try the hot and sour soup.
### input ###
aspect: guac, flavor, fresh salsa
polarity:Positive, Negative, Neutral
### Output ###
The guac is fresh, yet lacking flavor, we like to add our fresh salsa into it.
### input ###
aspect: BANANA PUDDING, CRABCAKES, MAC AND CHEESE
polarity:Negative, Negative,Negative
### Output ###
THE BANANA PUDDING THEY SERVE HAS NEVER SEEN AN OVEN,THE CRABCAKES ARE WAY OVER SALTED AND DON'T GET ME STARTED ON THE VERY GREASY MAC AND CHEESE.
**Now complete this task like example with ONE SENTENCE:
### Input ###
aspect: grass,sauerkraut
polarity: Negative,Positive
###Output### ","The sauerkraut was a highlight, but the restaurant's outdoor seating area was ruined by a patch of overgrown grass.","[{'term': 'grass', 'polarity': 'Negative'}, {'term': 'sauerkraut', 'polarity': 'Positive'}]","[{'category': 'general', 'polarity': 'neutral'}]",480
"['sabayon', 'instrumentation']","['Positive', 'Negative']","**You are a critic who can generate comments on the specified aspect and sentiment
We would like you to complete a sentence generation task. Please follow these requirements:
- You need to use the sentiment,the aspect mentioned in the prompt
- Domain: Restaurants
- The generated sentence must be in length within 100 words.
- the sentence should not have aspect words that are not specified in the prompt
- DO NOT REPEAT the input text in the output
- PRINT ONLY THE ANSWER TEXT NO EXPLAINING NOTHING ELSE, MAKE SURE TO USE ASPECT WORDS IN THE OUTPUT
- examples:
### input ###
aspect: glass of wine
polarity: Neutral
### Output ###
We ordered a glass of wine and were finished eating and paying before the wine came.
### input ###
aspect: soup and sandwich meal, hot and sour soup
polarity: positive, Positive
### Output ###
For a savory take on the soup and sandwich meal, try the hot and sour soup.
### input ###
aspect: guac, flavor, fresh salsa
polarity:Positive, Negative, Neutral
### Output ###
The guac is fresh, yet lacking flavor, we like to add our fresh salsa into it.
### input ###
aspect: BANANA PUDDING, CRABCAKES, MAC AND CHEESE
polarity:Negative, Negative,Negative
### Output ###
THE BANANA PUDDING THEY SERVE HAS NEVER SEEN AN OVEN,THE CRABCAKES ARE WAY OVER SALTED AND DON'T GET ME STARTED ON THE VERY GREASY MAC AND CHEESE.
**Now complete this task like example with ONE SENTENCE:
### Input ###
aspect: sabayon,instrumentation
polarity: Positive,Negative
###Output### ","The sabayon was perfectly prepared, but unfortunately, the live instrumentation detracted from the dining experience.","[{'term': 'sabayon', 'polarity': 'Positive'}, {'term': 'instrumentation', 'polarity': 'Negative'}]","[{'category': 'general', 'polarity': 'neutral'}]",484
"['Grilled pork with apple chutney', 'Stravinsky']","['Positive', 'Positive']","**You are a critic who can generate comments on the specified aspect and sentiment
We would like you to complete a sentence generation task. Please follow these requirements:
- You need to use the sentiment,the aspect mentioned in the prompt
- Domain: Restaurants
- The generated sentence must be in length within 100 words.
- the sentence should not have aspect words that are not specified in the prompt
- DO NOT REPEAT the input text in the output
- PRINT ONLY THE ANSWER TEXT NO EXPLAINING NOTHING ELSE, MAKE SURE TO USE ASPECT WORDS IN THE OUTPUT
- examples:
### input ###
aspect: glass of wine
polarity: Neutral
### Output ###
We ordered a glass of wine and were finished eating and paying before the wine came.
### input ###
aspect: soup and sandwich meal, hot and sour soup
polarity: positive, Positive
### Output ###
For a savory take on the soup and sandwich meal, try the hot and sour soup.
### input ###
aspect: guac, flavor, fresh salsa
polarity:Positive, Negative, Neutral
### Output ###
The guac is fresh, yet lacking flavor, we like to add our fresh salsa into it.
### input ###
aspect: BANANA PUDDING, CRABCAKES, MAC AND CHEESE
polarity:Negative, Negative,Negative
### Output ###
THE BANANA PUDDING THEY SERVE HAS NEVER SEEN AN OVEN,THE CRABCAKES ARE WAY OVER SALTED AND DON'T GET ME STARTED ON THE VERY GREASY MAC AND CHEESE.
**Now complete this task like example with ONE SENTENCE:
### Input ###
aspect: Grilled pork with apple chutney,Stravinsky
polarity: Positive,Positive
###Output### ",The live music featuring Stravinsky's compositions paired perfectly with the exceptional Grilled pork with apple chutney.,"[{'term': 'Grilled pork with apple chutney', 'polarity': 'Positive'}, {'term': 'Stravinsky', 'polarity': 'Positive'}]","[{'category': 'general', 'polarity': 'neutral'}]",485
"['wafer', 'Beef Wellington']","['Negative', 'Positive']","**You are a critic who can generate comments on the specified aspect and sentiment
We would like you to complete a sentence generation task. Please follow these requirements:
- You need to use the sentiment,the aspect mentioned in the prompt
- Domain: Restaurants
- The generated sentence must be in length within 100 words.
- the sentence should not have aspect words that are not specified in the prompt
- DO NOT REPEAT the input text in the output
- PRINT ONLY THE ANSWER TEXT NO EXPLAINING NOTHING ELSE, MAKE SURE TO USE ASPECT WORDS IN THE OUTPUT
- examples:
### input ###
aspect: glass of wine
polarity: Neutral
### Output ###
We ordered a glass of wine and were finished eating and paying before the wine came.
### input ###
aspect: soup and sandwich meal, hot and sour soup
polarity: positive, Positive
### Output ###
For a savory take on the soup and sandwich meal, try the hot and sour soup.
### input ###
aspect: guac, flavor, fresh salsa
polarity:Positive, Negative, Neutral
### Output ###
The guac is fresh, yet lacking flavor, we like to add our fresh salsa into it.
### input ###
aspect: BANANA PUDDING, CRABCAKES, MAC AND CHEESE
polarity:Negative, Negative,Negative
### Output ###
THE BANANA PUDDING THEY SERVE HAS NEVER SEEN AN OVEN,THE CRABCAKES ARE WAY OVER SALTED AND DON'T GET ME STARTED ON THE VERY GREASY MAC AND CHEESE.
**Now complete this task like example with ONE SENTENCE:
### Input ###
aspect: wafer,Beef Wellington
polarity: Negative,Positive
###Output### ","The Beef Wellington was a highlight of the meal, but the accompanying wafer was a letdown.","[{'term': 'wafer', 'polarity': 'Negative'}, {'term': 'Beef Wellington', 'polarity': 'Positive'}]","[{'category': 'general', 'polarity': 'neutral'}]",487
"['set', 'Grilled tuna with sesame crust']","['Positive', 'Neutral']","**You are a critic who can generate comments on the specified aspect and sentiment
We would like you to complete a sentence generation task. Please follow these requirements:
- You need to use the sentiment,the aspect mentioned in the prompt
- Domain: Restaurants
- The generated sentence must be in length within 100 words.
- the sentence should not have aspect words that are not specified in the prompt
- DO NOT REPEAT the input text in the output
- PRINT ONLY THE ANSWER TEXT NO EXPLAINING NOTHING ELSE, MAKE SURE TO USE ASPECT WORDS IN THE OUTPUT
- examples:
### input ###
aspect: glass of wine
polarity: Neutral
### Output ###
We ordered a glass of wine and were finished eating and paying before the wine came.
### input ###
aspect: soup and sandwich meal, hot and sour soup
polarity: positive, Positive
### Output ###
For a savory take on the soup and sandwich meal, try the hot and sour soup.
### input ###
aspect: guac, flavor, fresh salsa
polarity:Positive, Negative, Neutral
### Output ###
The guac is fresh, yet lacking flavor, we like to add our fresh salsa into it.
### input ###
aspect: BANANA PUDDING, CRABCAKES, MAC AND CHEESE
polarity:Negative, Negative,Negative
### Output ###
THE BANANA PUDDING THEY SERVE HAS NEVER SEEN AN OVEN,THE CRABCAKES ARE WAY OVER SALTED AND DON'T GET ME STARTED ON THE VERY GREASY MAC AND CHEESE.
**Now complete this task like example with ONE SENTENCE:
### Input ###
aspect: set,Grilled tuna with sesame crust
polarity: Positive,Neutral
###Output### ",The set was nicely presented with the Grilled tuna with sesame crust being the star of the dish.,"[{'term': 'set', 'polarity': 'Positive'}, {'term': 'Grilled tuna with sesame crust', 'polarity': 'Neutral'}]","[{'category': 'general', 'polarity': 'neutral'}]",489
"['music', 'Lamb and rice']","['Negative', 'Neutral']","**You are a critic who can generate comments on the specified aspect and sentiment
We would like you to complete a sentence generation task. Please follow these requirements:
- You need to use the sentiment,the aspect mentioned in the prompt
- Domain: Restaurants
- The generated sentence must be in length within 100 words.
- the sentence should not have aspect words that are not specified in the prompt
- DO NOT REPEAT the input text in the output
- PRINT ONLY THE ANSWER TEXT NO EXPLAINING NOTHING ELSE, MAKE SURE TO USE ASPECT WORDS IN THE OUTPUT
- examples:
### input ###
aspect: glass of wine
polarity: Neutral
### Output ###
We ordered a glass of wine and were finished eating and paying before the wine came.
### input ###
aspect: soup and sandwich meal, hot and sour soup
polarity: positive, Positive
### Output ###
For a savory take on the soup and sandwich meal, try the hot and sour soup.
### input ###
aspect: guac, flavor, fresh salsa
polarity:Positive, Negative, Neutral
### Output ###
The guac is fresh, yet lacking flavor, we like to add our fresh salsa into it.
### input ###
aspect: BANANA PUDDING, CRABCAKES, MAC AND CHEESE
polarity:Negative, Negative,Negative
### Output ###
THE BANANA PUDDING THEY SERVE HAS NEVER SEEN AN OVEN,THE CRABCAKES ARE WAY OVER SALTED AND DON'T GET ME STARTED ON THE VERY GREASY MAC AND CHEESE.
**Now complete this task like example with ONE SENTENCE:
### Input ###
aspect: music,Lamb and rice
polarity: Negative,Neutral
###Output### ","The restaurant's music selection was annoying, but the Lamb and rice was perfectly seasoned.","[{'term': 'music', 'polarity': 'Negative'}, {'term': 'Lamb and rice', 'polarity': 'Neutral'}]","[{'category': 'general', 'polarity': 'neutral'}]",490
"['Chopin', 'Tomato soup with grilled cheese']","['Positive', 'Positive']","**You are a critic who can generate comments on the specified aspect and sentiment
We would like you to complete a sentence generation task. Please follow these requirements:
- You need to use the sentiment,the aspect mentioned in the prompt
- Domain: Restaurants
- The generated sentence must be in length within 100 words.
- the sentence should not have aspect words that are not specified in the prompt
- DO NOT REPEAT the input text in the output
- PRINT ONLY THE ANSWER TEXT NO EXPLAINING NOTHING ELSE, MAKE SURE TO USE ASPECT WORDS IN THE OUTPUT
- examples:
### input ###
aspect: glass of wine
polarity: Neutral
### Output ###
We ordered a glass of wine and were finished eating and paying before the wine came.
### input ###
aspect: soup and sandwich meal, hot and sour soup
polarity: positive, Positive
### Output ###
For a savory take on the soup and sandwich meal, try the hot and sour soup.
### input ###
aspect: guac, flavor, fresh salsa
polarity:Positive, Negative, Neutral
### Output ###
The guac is fresh, yet lacking flavor, we like to add our fresh salsa into it.
### input ###
aspect: BANANA PUDDING, CRABCAKES, MAC AND CHEESE
polarity:Negative, Negative,Negative
### Output ###
THE BANANA PUDDING THEY SERVE HAS NEVER SEEN AN OVEN,THE CRABCAKES ARE WAY OVER SALTED AND DON'T GET ME STARTED ON THE VERY GREASY MAC AND CHEESE.
**Now complete this task like example with ONE SENTENCE:
### Input ###
aspect: Chopin,Tomato soup with grilled cheese
polarity: Positive,Positive
###Output### ",Chopin's music perfectly complements the delightful Tomato soup with grilled cheese.,"[{'term': 'Chopin', 'polarity': 'Positive'}, {'term': 'Tomato soup with grilled cheese', 'polarity': 'Positive'}]","[{'category': 'general', 'polarity': 'neutral'}]",492
"['Fish tacos', 'goal']","['Positive', 'Positive']","**You are a critic who can generate comments on the specified aspect and sentiment
We would like you to complete a sentence generation task. Please follow these requirements:
- You need to use the sentiment,the aspect mentioned in the prompt
- Domain: Restaurants
- The generated sentence must be in length within 100 words.
- the sentence should not have aspect words that are not specified in the prompt
- DO NOT REPEAT the input text in the output
- PRINT ONLY THE ANSWER TEXT NO EXPLAINING NOTHING ELSE, MAKE SURE TO USE ASPECT WORDS IN THE OUTPUT
- examples:
### input ###
aspect: glass of wine
polarity: Neutral
### Output ###
We ordered a glass of wine and were finished eating and paying before the wine came.
### input ###
aspect: soup and sandwich meal, hot and sour soup
polarity: positive, Positive
### Output ###
For a savory take on the soup and sandwich meal, try the hot and sour soup.
### input ###
aspect: guac, flavor, fresh salsa
polarity:Positive, Negative, Neutral
### Output ###
The guac is fresh, yet lacking flavor, we like to add our fresh salsa into it.
### input ###
aspect: BANANA PUDDING, CRABCAKES, MAC AND CHEESE
polarity:Negative, Negative,Negative
### Output ###
THE BANANA PUDDING THEY SERVE HAS NEVER SEEN AN OVEN,THE CRABCAKES ARE WAY OVER SALTED AND DON'T GET ME STARTED ON THE VERY GREASY MAC AND CHEESE.
**Now complete this task like example with ONE SENTENCE:
### Input ###
aspect: Fish tacos,goal
polarity: Positive,Positive
###Output### ",The restaurant's goal to serve the best Fish tacos was definitely achieved.,"[{'term': 'Fish tacos', 'polarity': 'Positive'}, {'term': 'goal', 'polarity': 'Positive'}]","[{'category': 'general', 'polarity': 'neutral'}]",493
"['ambiance', 'scallopine']","['Positive', 'Positive']","**You are a critic who can generate comments on the specified aspect and sentiment
We would like you to complete a sentence generation task. Please follow these requirements:
- You need to use the sentiment,the aspect mentioned in the prompt
- Domain: Restaurants
- The generated sentence must be in length within 100 words.
- the sentence should not have aspect words that are not specified in the prompt
- DO NOT REPEAT the input text in the output
- PRINT ONLY THE ANSWER TEXT NO EXPLAINING NOTHING ELSE, MAKE SURE TO USE ASPECT WORDS IN THE OUTPUT
- examples:
### input ###
aspect: glass of wine
polarity: Neutral
### Output ###
We ordered a glass of wine and were finished eating and paying before the wine came.
### input ###
aspect: soup and sandwich meal, hot and sour soup
polarity: positive, Positive
### Output ###
For a savory take on the soup and sandwich meal, try the hot and sour soup.
### input ###
aspect: guac, flavor, fresh salsa
polarity:Positive, Negative, Neutral
### Output ###
The guac is fresh, yet lacking flavor, we like to add our fresh salsa into it.
### input ###
aspect: BANANA PUDDING, CRABCAKES, MAC AND CHEESE
polarity:Negative, Negative,Negative
### Output ###
THE BANANA PUDDING THEY SERVE HAS NEVER SEEN AN OVEN,THE CRABCAKES ARE WAY OVER SALTED AND DON'T GET ME STARTED ON THE VERY GREASY MAC AND CHEESE.
**Now complete this task like example with ONE SENTENCE:
### Input ###
aspect: ambiance,scallopine
polarity: Positive,Positive
###Output### ",The restaurant's charming ambiance perfectly complements the delightful scallopine.,"[{'term': 'ambiance', 'polarity': 'Positive'}, {'term': 'scallopine', 'polarity': 'Positive'}]","[{'category': 'general', 'polarity': 'neutral'}]",496
"['support', 'Chicken Caesar wrap']","['Neutral', 'Positive']","**You are a critic who can generate comments on the specified aspect and sentiment
We would like you to complete a sentence generation task. Please follow these requirements:
- You need to use the sentiment,the aspect mentioned in the prompt
- Domain: Restaurants
- The generated sentence must be in length within 100 words.
- the sentence should not have aspect words that are not specified in the prompt
- DO NOT REPEAT the input text in the output
- PRINT ONLY THE ANSWER TEXT NO EXPLAINING NOTHING ELSE, MAKE SURE TO USE ASPECT WORDS IN THE OUTPUT
- examples:
### input ###
aspect: glass of wine
polarity: Neutral
### Output ###
We ordered a glass of wine and were finished eating and paying before the wine came.
### input ###
aspect: soup and sandwich meal, hot and sour soup
polarity: positive, Positive
### Output ###
For a savory take on the soup and sandwich meal, try the hot and sour soup.
### input ###
aspect: guac, flavor, fresh salsa
polarity:Positive, Negative, Neutral
### Output ###
The guac is fresh, yet lacking flavor, we like to add our fresh salsa into it.
### input ###
aspect: BANANA PUDDING, CRABCAKES, MAC AND CHEESE
polarity:Negative, Negative,Negative
### Output ###
THE BANANA PUDDING THEY SERVE HAS NEVER SEEN AN OVEN,THE CRABCAKES ARE WAY OVER SALTED AND DON'T GET ME STARTED ON THE VERY GREASY MAC AND CHEESE.
**Now complete this task like example with ONE SENTENCE:
### Input ###
aspect: support,Chicken Caesar wrap
polarity: Neutral,Positive
###Output### ",The staff provided adequate support to help us assemble our Chicken Caesar wrap.,"[{'term': 'support', 'polarity': 'Neutral'}, {'term': 'Chicken Caesar wrap', 'polarity': 'Positive'}]","[{'category': 'general', 'polarity': 'neutral'}]",498
"['buckwheat', 'grave', 'sweetening']","['Negative', 'Positive', 'Positive']","**You are a critic who can generate comments on the specified aspect and sentiment
We would like you to complete a sentence generation task. Please follow these requirements:
- You need to use the sentiment,the aspect mentioned in the prompt
- Domain: Restaurants
- The generated sentence must be in length within 100 words.
- the sentence should not have aspect words that are not specified in the prompt
- DO NOT REPEAT the input text in the output
- PRINT ONLY THE ANSWER TEXT NO EXPLAINING NOTHING ELSE, MAKE SURE TO USE ASPECT WORDS IN THE OUTPUT
- examples:
### input ###
aspect: glass of wine
polarity: Neutral
### Output ###
We ordered a glass of wine and were finished eating and paying before the wine came.
### input ###
aspect: soup and sandwich meal, hot and sour soup
polarity: positive, Positive
### Output ###
For a savory take on the soup and sandwich meal, try the hot and sour soup.
### input ###
aspect: guac, flavor, fresh salsa
polarity:Positive, Negative, Neutral
### Output ###
The guac is fresh, yet lacking flavor, we like to add our fresh salsa into it.
### input ###
aspect: BANANA PUDDING, CRABCAKES, MAC AND CHEESE
polarity:Negative, Negative,Negative
### Output ###
THE BANANA PUDDING THEY SERVE HAS NEVER SEEN AN OVEN,THE CRABCAKES ARE WAY OVER SALTED AND DON'T GET ME STARTED ON THE VERY GREASY MAC AND CHEESE.
**Now complete this task like example with ONE SENTENCE:
### Input ###
aspect: buckwheat,grave,sweetening
polarity: Negative,Positive,Positive
###Output### ","The buckwheat pancakes were a letdown, but they had a nice sweetening effect and a decent grave of fresh berries on top.","[{'term': 'buckwheat', 'polarity': 'Negative'}, {'term': 'grave', 'polarity': 'Positive'}, {'term': 'sweetening', 'polarity': 'Positive'}]","[{'category': 'general', 'polarity': 'neutral'}]",506
"['Buffalo wings', 'Eggplant Parmesan (with mozzarella)', 'Chicken and waffles with maple syrup']","['Negative', 'Neutral', 'Positive']","**You are a critic who can generate comments on the specified aspect and sentiment
We would like you to complete a sentence generation task. Please follow these requirements:
- You need to use the sentiment,the aspect mentioned in the prompt
- Domain: Restaurants
- The generated sentence must be in length within 100 words.
- the sentence should not have aspect words that are not specified in the prompt
- DO NOT REPEAT the input text in the output
- PRINT ONLY THE ANSWER TEXT NO EXPLAINING NOTHING ELSE, MAKE SURE TO USE ASPECT WORDS IN THE OUTPUT
- examples:
### input ###
aspect: glass of wine
polarity: Neutral
### Output ###
We ordered a glass of wine and were finished eating and paying before the wine came.
### input ###
aspect: soup and sandwich meal, hot and sour soup
polarity: positive, Positive
### Output ###
For a savory take on the soup and sandwich meal, try the hot and sour soup.
### input ###
aspect: guac, flavor, fresh salsa
polarity:Positive, Negative, Neutral
### Output ###
The guac is fresh, yet lacking flavor, we like to add our fresh salsa into it.
### input ###
aspect: BANANA PUDDING, CRABCAKES, MAC AND CHEESE
polarity:Negative, Negative,Negative
### Output ###
THE BANANA PUDDING THEY SERVE HAS NEVER SEEN AN OVEN,THE CRABCAKES ARE WAY OVER SALTED AND DON'T GET ME STARTED ON THE VERY GREASY MAC AND CHEESE.
**Now complete this task like example with ONE SENTENCE:
### Input ###
aspect: Buffalo wings,Eggplant Parmesan (with mozzarella),Chicken and waffles with maple syrup
polarity: Negative,Neutral,Positive
###Output### ","The Buffalo wings were a letdown, but the Eggplant Parmesan (with mozzarella) was a perfectly cooked dish, and the Chicken and waffles with maple syrup exceeded expectations.","[{'term': 'Buffalo wings', 'polarity': 'Negative'}, {'term': 'Eggplant Parmesan (with mozzarella)', 'polarity': 'Neutral'}, {'term': 'Chicken and waffles with maple syrup', 'polarity': 'Positive'}]","[{'category': 'general', 'polarity': 'neutral'}]",509
"['commissary', 'Chicken and gravy', 'Seafood paella (with saffron)']","['Neutral', 'Negative', 'Negative']","**You are a critic who can generate comments on the specified aspect and sentiment
We would like you to complete a sentence generation task. Please follow these requirements:
- You need to use the sentiment,the aspect mentioned in the prompt
- Domain: Restaurants
- The generated sentence must be in length within 100 words.
- the sentence should not have aspect words that are not specified in the prompt
- DO NOT REPEAT the input text in the output
- PRINT ONLY THE ANSWER TEXT NO EXPLAINING NOTHING ELSE, MAKE SURE TO USE ASPECT WORDS IN THE OUTPUT
- examples:
### input ###
aspect: glass of wine
polarity: Neutral
### Output ###
We ordered a glass of wine and were finished eating and paying before the wine came.
### input ###
aspect: soup and sandwich meal, hot and sour soup
polarity: positive, Positive
### Output ###
For a savory take on the soup and sandwich meal, try the hot and sour soup.
### input ###
aspect: guac, flavor, fresh salsa
polarity:Positive, Negative, Neutral
### Output ###
The guac is fresh, yet lacking flavor, we like to add our fresh salsa into it.
### input ###
aspect: BANANA PUDDING, CRABCAKES, MAC AND CHEESE
polarity:Negative, Negative,Negative
### Output ###
THE BANANA PUDDING THEY SERVE HAS NEVER SEEN AN OVEN,THE CRABCAKES ARE WAY OVER SALTED AND DON'T GET ME STARTED ON THE VERY GREASY MAC AND CHEESE.
**Now complete this task like example with ONE SENTENCE:
### Input ###
aspect: commissary,Chicken and gravy,Seafood paella (with saffron)
polarity: Neutral,Negative,Negative
###Output### ","The commissary's Chicken and gravy was decent, but the Seafood paella (with saffron) was overpriced and lacked flavor.","[{'term': 'commissary', 'polarity': 'Neutral'}, {'term': 'Chicken and gravy', 'polarity': 'Negative'}, {'term': 'Seafood paella (with saffron)', 'polarity': 'Negative'}]","[{'category': 'general', 'polarity': 'neutral'}]",511
"['white', 'colonization', 'bird']","['Negative', 'Negative', 'Positive']","**You are a critic who can generate comments on the specified aspect and sentiment
We would like you to complete a sentence generation task. Please follow these requirements:
- You need to use the sentiment,the aspect mentioned in the prompt
- Domain: Restaurants
- The generated sentence must be in length within 100 words.
- the sentence should not have aspect words that are not specified in the prompt
- DO NOT REPEAT the input text in the output
- PRINT ONLY THE ANSWER TEXT NO EXPLAINING NOTHING ELSE, MAKE SURE TO USE ASPECT WORDS IN THE OUTPUT
- examples:
### input ###
aspect: glass of wine
polarity: Neutral
### Output ###
We ordered a glass of wine and were finished eating and paying before the wine came.
### input ###
aspect: soup and sandwich meal, hot and sour soup
polarity: positive, Positive
### Output ###
For a savory take on the soup and sandwich meal, try the hot and sour soup.
### input ###
aspect: guac, flavor, fresh salsa
polarity:Positive, Negative, Neutral
### Output ###
The guac is fresh, yet lacking flavor, we like to add our fresh salsa into it.
### input ###
aspect: BANANA PUDDING, CRABCAKES, MAC AND CHEESE
polarity:Negative, Negative,Negative
### Output ###
THE BANANA PUDDING THEY SERVE HAS NEVER SEEN AN OVEN,THE CRABCAKES ARE WAY OVER SALTED AND DON'T GET ME STARTED ON THE VERY GREASY MAC AND CHEESE.
**Now complete this task like example with ONE SENTENCE:
### Input ###
aspect: white,colonization,bird
polarity: Negative,Negative,Positive
###Output### ","The restaurant's white decor clashes with the negative history of colonization, but a beautiful bird outside added a lovely touch.","[{'term': 'white', 'polarity': 'Negative'}, {'term': 'colonization', 'polarity': 'Negative'}, {'term': 'bird', 'polarity': 'Positive'}]","[{'category': 'general', 'polarity': 'neutral'}]",513
"['driver', 'Spaghetti with meatballs and marinara', 'suite']","['Neutral', 'Positive', 'Negative']","**You are a critic who can generate comments on the specified aspect and sentiment
We would like you to complete a sentence generation task. Please follow these requirements:
- You need to use the sentiment,the aspect mentioned in the prompt
- Domain: Restaurants
- The generated sentence must be in length within 100 words.
- the sentence should not have aspect words that are not specified in the prompt
- DO NOT REPEAT the input text in the output
- PRINT ONLY THE ANSWER TEXT NO EXPLAINING NOTHING ELSE, MAKE SURE TO USE ASPECT WORDS IN THE OUTPUT
- examples:
### input ###
aspect: glass of wine
polarity: Neutral
### Output ###
We ordered a glass of wine and were finished eating and paying before the wine came.
### input ###
aspect: soup and sandwich meal, hot and sour soup
polarity: positive, Positive
### Output ###
For a savory take on the soup and sandwich meal, try the hot and sour soup.
### input ###
aspect: guac, flavor, fresh salsa
polarity:Positive, Negative, Neutral
### Output ###
The guac is fresh, yet lacking flavor, we like to add our fresh salsa into it.
### input ###
aspect: BANANA PUDDING, CRABCAKES, MAC AND CHEESE
polarity:Negative, Negative,Negative
### Output ###
THE BANANA PUDDING THEY SERVE HAS NEVER SEEN AN OVEN,THE CRABCAKES ARE WAY OVER SALTED AND DON'T GET ME STARTED ON THE VERY GREASY MAC AND CHEESE.
**Now complete this task like example with ONE SENTENCE:
### Input ###
aspect: driver,Spaghetti with meatballs and marinara,suite
polarity: Neutral,Positive,Negative
###Output### ","The driver was pleasant, but the Spaghetti with meatballs and marinara was a highlight of our stay, unfortunately the suite had some issues.","[{'term': 'driver', 'polarity': 'Neutral'}, {'term': 'Spaghetti with meatballs and marinara', 'polarity': 'Positive'}, {'term': 'suite', 'polarity': 'Negative'}]","[{'category': 'general', 'polarity': 'neutral'}]",514
"['kishke', 'Pasta primavera (with fresh vegetables)', 'stuff']","['Neutral', 'Negative', 'Positive']","**You are a critic who can generate comments on the specified aspect and sentiment
We would like you to complete a sentence generation task. Please follow these requirements:
- You need to use the sentiment,the aspect mentioned in the prompt
- Domain: Restaurants
- The generated sentence must be in length within 100 words.
- the sentence should not have aspect words that are not specified in the prompt
- DO NOT REPEAT the input text in the output
- PRINT ONLY THE ANSWER TEXT NO EXPLAINING NOTHING ELSE, MAKE SURE TO USE ASPECT WORDS IN THE OUTPUT
- examples:
### input ###
aspect: glass of wine
polarity: Neutral
### Output ###
We ordered a glass of wine and were finished eating and paying before the wine came.
### input ###
aspect: soup and sandwich meal, hot and sour soup
polarity: positive, Positive
### Output ###
For a savory take on the soup and sandwich meal, try the hot and sour soup.
### input ###
aspect: guac, flavor, fresh salsa
polarity:Positive, Negative, Neutral
### Output ###
The guac is fresh, yet lacking flavor, we like to add our fresh salsa into it.
### input ###
aspect: BANANA PUDDING, CRABCAKES, MAC AND CHEESE
polarity:Negative, Negative,Negative
### Output ###
THE BANANA PUDDING THEY SERVE HAS NEVER SEEN AN OVEN,THE CRABCAKES ARE WAY OVER SALTED AND DON'T GET ME STARTED ON THE VERY GREASY MAC AND CHEESE.
**Now complete this task like example with ONE SENTENCE:
### Input ###
aspect: kishke,Pasta primavera (with fresh vegetables),stuff
polarity: Neutral,Negative,Positive
###Output### ","The kishke was unremarkable, the Pasta primavera (with fresh vegetables) was overcooked, but the stuff was surprisingly flavorful.","[{'term': 'kishke', 'polarity': 'Neutral'}, {'term': 'Pasta primavera (with fresh vegetables)', 'polarity': 'Negative'}, {'term': 'stuff', 'polarity': 'Positive'}]","[{'category': 'general', 'polarity': 'neutral'}]",516
"['yoghourt', 'lounge', 'Brisket and mashed potatoes']","['Negative', 'Positive', 'Neutral']","**You are a critic who can generate comments on the specified aspect and sentiment
We would like you to complete a sentence generation task. Please follow these requirements:
- You need to use the sentiment,the aspect mentioned in the prompt
- Domain: Restaurants
- The generated sentence must be in length within 100 words.
- the sentence should not have aspect words that are not specified in the prompt
- DO NOT REPEAT the input text in the output
- PRINT ONLY THE ANSWER TEXT NO EXPLAINING NOTHING ELSE, MAKE SURE TO USE ASPECT WORDS IN THE OUTPUT
- examples:
### input ###
aspect: glass of wine
polarity: Neutral
### Output ###
We ordered a glass of wine and were finished eating and paying before the wine came.
### input ###
aspect: soup and sandwich meal, hot and sour soup
polarity: positive, Positive
### Output ###
For a savory take on the soup and sandwich meal, try the hot and sour soup.
### input ###
aspect: guac, flavor, fresh salsa
polarity:Positive, Negative, Neutral
### Output ###
The guac is fresh, yet lacking flavor, we like to add our fresh salsa into it.
### input ###
aspect: BANANA PUDDING, CRABCAKES, MAC AND CHEESE
polarity:Negative, Negative,Negative
### Output ###
THE BANANA PUDDING THEY SERVE HAS NEVER SEEN AN OVEN,THE CRABCAKES ARE WAY OVER SALTED AND DON'T GET ME STARTED ON THE VERY GREASY MAC AND CHEESE.
**Now complete this task like example with ONE SENTENCE:
### Input ###
aspect: yoghourt,lounge,Brisket and mashed potatoes
polarity: Negative,Positive,Neutral
###Output### ","The yoghourt was unappetizing, but the lounge area was cozy and the Brisket and mashed potatoes were just okay.","[{'term': 'yoghourt', 'polarity': 'Negative'}, {'term': 'lounge', 'polarity': 'Positive'}, {'term': 'Brisket and mashed potatoes', 'polarity': 'Neutral'}]","[{'category': 'general', 'polarity': 'neutral'}]",520
"['tamale', 'nosh-up', 'Spaghetti with meatballs and marinara']","['Negative', 'Positive', 'Neutral']","**You are a critic who can generate comments on the specified aspect and sentiment
We would like you to complete a sentence generation task. Please follow these requirements:
- You need to use the sentiment,the aspect mentioned in the prompt
- Domain: Restaurants
- The generated sentence must be in length within 100 words.
- the sentence should not have aspect words that are not specified in the prompt
- DO NOT REPEAT the input text in the output
- PRINT ONLY THE ANSWER TEXT NO EXPLAINING NOTHING ELSE, MAKE SURE TO USE ASPECT WORDS IN THE OUTPUT
- examples:
### input ###
aspect: glass of wine
polarity: Neutral
### Output ###
We ordered a glass of wine and were finished eating and paying before the wine came.
### input ###
aspect: soup and sandwich meal, hot and sour soup
polarity: positive, Positive
### Output ###
For a savory take on the soup and sandwich meal, try the hot and sour soup.
### input ###
aspect: guac, flavor, fresh salsa
polarity:Positive, Negative, Neutral
### Output ###
The guac is fresh, yet lacking flavor, we like to add our fresh salsa into it.
### input ###
aspect: BANANA PUDDING, CRABCAKES, MAC AND CHEESE
polarity:Negative, Negative,Negative
### Output ###
THE BANANA PUDDING THEY SERVE HAS NEVER SEEN AN OVEN,THE CRABCAKES ARE WAY OVER SALTED AND DON'T GET ME STARTED ON THE VERY GREASY MAC AND CHEESE.
**Now complete this task like example with ONE SENTENCE:
### Input ###
aspect: tamale,nosh-up,Spaghetti with meatballs and marinara
polarity: Negative,Positive,Neutral
###Output### ","The tamale was a letdown, but the nosh-up was a pleasant surprise and the Spaghetti with meatballs and marinara was just fine.","[{'term': 'tamale', 'polarity': 'Negative'}, {'term': 'nosh-up', 'polarity': 'Positive'}, {'term': 'Spaghetti with meatballs and marinara', 'polarity': 'Neutral'}]","[{'category': 'general', 'polarity': 'neutral'}]",521
"['dumpling', 'foam', 'crossing']","['Negative', 'Positive', 'Negative']","**You are a critic who can generate comments on the specified aspect and sentiment
We would like you to complete a sentence generation task. Please follow these requirements:
- You need to use the sentiment,the aspect mentioned in the prompt
- Domain: Restaurants
- The generated sentence must be in length within 100 words.
- the sentence should not have aspect words that are not specified in the prompt
- DO NOT REPEAT the input text in the output
- PRINT ONLY THE ANSWER TEXT NO EXPLAINING NOTHING ELSE, MAKE SURE TO USE ASPECT WORDS IN THE OUTPUT
- examples:
### input ###
aspect: glass of wine
polarity: Neutral
### Output ###
We ordered a glass of wine and were finished eating and paying before the wine came.
### input ###
aspect: soup and sandwich meal, hot and sour soup
polarity: positive, Positive
### Output ###
For a savory take on the soup and sandwich meal, try the hot and sour soup.
### input ###
aspect: guac, flavor, fresh salsa
polarity:Positive, Negative, Neutral
### Output ###
The guac is fresh, yet lacking flavor, we like to add our fresh salsa into it.
### input ###
aspect: BANANA PUDDING, CRABCAKES, MAC AND CHEESE
polarity:Negative, Negative,Negative
### Output ###
THE BANANA PUDDING THEY SERVE HAS NEVER SEEN AN OVEN,THE CRABCAKES ARE WAY OVER SALTED AND DON'T GET ME STARTED ON THE VERY GREASY MAC AND CHEESE.
**Now complete this task like example with ONE SENTENCE:
### Input ###
aspect: dumpling,foam,crossing
polarity: Negative,Positive,Negative
###Output### ","The dumpling was overcooked but the foam added a nice touch, unfortunately the crossing of paths with the waiter was quite clumsy.","[{'term': 'dumpling', 'polarity': 'Negative'}, {'term': 'foam', 'polarity': 'Positive'}, {'term': 'crossing', 'polarity': 'Negative'}]","[{'category': 'general', 'polarity': 'neutral'}]",525
"['Grilled steak with chimichurri sauce', 'Fried calamari rings', 'pinnacle']","['Neutral', 'Positive', 'Negative']","**You are a critic who can generate comments on the specified aspect and sentiment
We would like you to complete a sentence generation task. Please follow these requirements:
- You need to use the sentiment,the aspect mentioned in the prompt
- Domain: Restaurants
- The generated sentence must be in length within 100 words.
- the sentence should not have aspect words that are not specified in the prompt
- DO NOT REPEAT the input text in the output
- PRINT ONLY THE ANSWER TEXT NO EXPLAINING NOTHING ELSE, MAKE SURE TO USE ASPECT WORDS IN THE OUTPUT
- examples:
### input ###
aspect: glass of wine
polarity: Neutral
### Output ###
We ordered a glass of wine and were finished eating and paying before the wine came.
### input ###
aspect: soup and sandwich meal, hot and sour soup
polarity: positive, Positive
### Output ###
For a savory take on the soup and sandwich meal, try the hot and sour soup.
### input ###
aspect: guac, flavor, fresh salsa
polarity:Positive, Negative, Neutral
### Output ###
The guac is fresh, yet lacking flavor, we like to add our fresh salsa into it.
### input ###
aspect: BANANA PUDDING, CRABCAKES, MAC AND CHEESE
polarity:Negative, Negative,Negative
### Output ###
THE BANANA PUDDING THEY SERVE HAS NEVER SEEN AN OVEN,THE CRABCAKES ARE WAY OVER SALTED AND DON'T GET ME STARTED ON THE VERY GREASY MAC AND CHEESE.
**Now complete this task like example with ONE SENTENCE:
### Input ###
aspect: Grilled steak with chimichurri sauce,Fried calamari rings,pinnacle
polarity: Neutral,Positive,Negative
###Output### ","The pinnacle of our meal was the Grilled steak with chimichurri sauce, but unfortunately, the Fried calamari rings were a letdown.","[{'term': 'Grilled steak with chimichurri sauce', 'polarity': 'Neutral'}, {'term': 'Fried calamari rings', 'polarity': 'Positive'}, {'term': 'pinnacle', 'polarity': 'Negative'}]","[{'category': 'general', 'polarity': 'neutral'}]",530
"['miso', 'shot', 'Chicken wings with hot sauce']","['Negative', 'Negative', 'Positive']","**You are a critic who can generate comments on the specified aspect and sentiment
We would like you to complete a sentence generation task. Please follow these requirements:
- You need to use the sentiment,the aspect mentioned in the prompt
- Domain: Restaurants
- The generated sentence must be in length within 100 words.
- the sentence should not have aspect words that are not specified in the prompt
- DO NOT REPEAT the input text in the output
- PRINT ONLY THE ANSWER TEXT NO EXPLAINING NOTHING ELSE, MAKE SURE TO USE ASPECT WORDS IN THE OUTPUT
- examples:
### input ###
aspect: glass of wine
polarity: Neutral
### Output ###
We ordered a glass of wine and were finished eating and paying before the wine came.
### input ###
aspect: soup and sandwich meal, hot and sour soup
polarity: positive, Positive
### Output ###
For a savory take on the soup and sandwich meal, try the hot and sour soup.
### input ###
aspect: guac, flavor, fresh salsa
polarity:Positive, Negative, Neutral
### Output ###
The guac is fresh, yet lacking flavor, we like to add our fresh salsa into it.
### input ###
aspect: BANANA PUDDING, CRABCAKES, MAC AND CHEESE
polarity:Negative, Negative,Negative
### Output ###
THE BANANA PUDDING THEY SERVE HAS NEVER SEEN AN OVEN,THE CRABCAKES ARE WAY OVER SALTED AND DON'T GET ME STARTED ON THE VERY GREASY MAC AND CHEESE.
**Now complete this task like example with ONE SENTENCE:
### Input ###
aspect: miso,shot,Chicken wings with hot sauce
polarity: Negative,Negative,Positive
###Output### ","The miso is underwhelming, but the spicy kick from the shot of hot sauce elevates the Chicken wings with hot sauce.","[{'term': 'miso', 'polarity': 'Negative'}, {'term': 'shot', 'polarity': 'Negative'}, {'term': 'Chicken wings with hot sauce', 'polarity': 'Positive'}]","[{'category': 'general', 'polarity': 'neutral'}]",531
"['dichromate', 'glumness', 'truffle']","['Positive', 'Neutral', 'Negative']","**You are a critic who can generate comments on the specified aspect and sentiment
We would like you to complete a sentence generation task. Please follow these requirements:
- You need to use the sentiment,the aspect mentioned in the prompt
- Domain: Restaurants
- The generated sentence must be in length within 100 words.
- the sentence should not have aspect words that are not specified in the prompt
- DO NOT REPEAT the input text in the output
- PRINT ONLY THE ANSWER TEXT NO EXPLAINING NOTHING ELSE, MAKE SURE TO USE ASPECT WORDS IN THE OUTPUT
- examples:
### input ###
aspect: glass of wine
polarity: Neutral
### Output ###
We ordered a glass of wine and were finished eating and paying before the wine came.
### input ###
aspect: soup and sandwich meal, hot and sour soup
polarity: positive, Positive
### Output ###
For a savory take on the soup and sandwich meal, try the hot and sour soup.
### input ###
aspect: guac, flavor, fresh salsa
polarity:Positive, Negative, Neutral
### Output ###
The guac is fresh, yet lacking flavor, we like to add our fresh salsa into it.
### input ###
aspect: BANANA PUDDING, CRABCAKES, MAC AND CHEESE
polarity:Negative, Negative,Negative
### Output ###
THE BANANA PUDDING THEY SERVE HAS NEVER SEEN AN OVEN,THE CRABCAKES ARE WAY OVER SALTED AND DON'T GET ME STARTED ON THE VERY GREASY MAC AND CHEESE.
**Now complete this task like example with ONE SENTENCE:
### Input ###
aspect: dichromate,glumness,truffle
polarity: Positive,Neutral,Negative
###Output### ","The truffle dish was exquisite, but the glumness of the service was a letdown, and the use of dichromate in the decor was a questionable choice.","[{'term': 'dichromate', 'polarity': 'Positive'}, {'term': 'glumness', 'polarity': 'Neutral'}, {'term': 'truffle', 'polarity': 'Negative'}]","[{'category': 'general', 'polarity': 'neutral'}]",532
"['Tomato and mozzarella salad with balsamic glaze', 'Shrimp and grits', 'Grilled cheese sandwich']","['Negative', 'Positive', 'Positive']","**You are a critic who can generate comments on the specified aspect and sentiment
We would like you to complete a sentence generation task. Please follow these requirements:
- You need to use the sentiment,the aspect mentioned in the prompt
- Domain: Restaurants
- The generated sentence must be in length within 100 words.
- the sentence should not have aspect words that are not specified in the prompt
- DO NOT REPEAT the input text in the output
- PRINT ONLY THE ANSWER TEXT NO EXPLAINING NOTHING ELSE, MAKE SURE TO USE ASPECT WORDS IN THE OUTPUT
- examples:
### input ###
aspect: glass of wine
polarity: Neutral
### Output ###
We ordered a glass of wine and were finished eating and paying before the wine came.
### input ###
aspect: soup and sandwich meal, hot and sour soup
polarity: positive, Positive
### Output ###
For a savory take on the soup and sandwich meal, try the hot and sour soup.
### input ###
aspect: guac, flavor, fresh salsa
polarity:Positive, Negative, Neutral
### Output ###
The guac is fresh, yet lacking flavor, we like to add our fresh salsa into it.
### input ###
aspect: BANANA PUDDING, CRABCAKES, MAC AND CHEESE
polarity:Negative, Negative,Negative
### Output ###
THE BANANA PUDDING THEY SERVE HAS NEVER SEEN AN OVEN,THE CRABCAKES ARE WAY OVER SALTED AND DON'T GET ME STARTED ON THE VERY GREASY MAC AND CHEESE.
**Now complete this task like example with ONE SENTENCE:
### Input ###
aspect: Tomato and mozzarella salad with balsamic glaze,Shrimp and grits,Grilled cheese sandwich
polarity: Negative,Positive,Positive
###Output### ","The service was friendly but the Tomato and mozzarella salad with balsamic glaze was a letdown, however the Shrimp and grits were incredibly flavorful and the Grilled cheese sandwich was perfectly toasted.","[{'term': 'Tomato and mozzarella salad with balsamic glaze', 'polarity': 'Negative'}, {'term': 'Shrimp and grits', 'polarity': 'Positive'}, {'term': 'Grilled cheese sandwich', 'polarity': 'Positive'}]","[{'category': 'general', 'polarity': 'neutral'}]",534
"['stand', 'Grilled salmon with lemon dill sauce', 'Fried chicken (with honey mustard)']","['Positive', 'Neutral', 'Positive']","**You are a critic who can generate comments on the specified aspect and sentiment
We would like you to complete a sentence generation task. Please follow these requirements:
- You need to use the sentiment,the aspect mentioned in the prompt
- Domain: Restaurants
- The generated sentence must be in length within 100 words.
- the sentence should not have aspect words that are not specified in the prompt
- DO NOT REPEAT the input text in the output
- PRINT ONLY THE ANSWER TEXT NO EXPLAINING NOTHING ELSE, MAKE SURE TO USE ASPECT WORDS IN THE OUTPUT
- examples:
### input ###
aspect: glass of wine
polarity: Neutral
### Output ###
We ordered a glass of wine and were finished eating and paying before the wine came.
### input ###
aspect: soup and sandwich meal, hot and sour soup
polarity: positive, Positive
### Output ###
For a savory take on the soup and sandwich meal, try the hot and sour soup.
### input ###
aspect: guac, flavor, fresh salsa
polarity:Positive, Negative, Neutral
### Output ###
The guac is fresh, yet lacking flavor, we like to add our fresh salsa into it.
### input ###
aspect: BANANA PUDDING, CRABCAKES, MAC AND CHEESE
polarity:Negative, Negative,Negative
### Output ###
THE BANANA PUDDING THEY SERVE HAS NEVER SEEN AN OVEN,THE CRABCAKES ARE WAY OVER SALTED AND DON'T GET ME STARTED ON THE VERY GREASY MAC AND CHEESE.
**Now complete this task like example with ONE SENTENCE:
### Input ###
aspect: stand,Grilled salmon with lemon dill sauce,Fried chicken (with honey mustard)
polarity: Positive,Neutral,Positive
###Output### ","The stand serves a variety of dishes, including the stand-out Grilled salmon with lemon dill sauce and the delicious Fried chicken (with honey mustard).","[{'term': 'stand', 'polarity': 'Positive'}, {'term': 'Grilled salmon with lemon dill sauce', 'polarity': 'Neutral'}, {'term': 'Fried chicken (with honey mustard)', 'polarity': 'Positive'}]","[{'category': 'general', 'polarity': 'neutral'}]",535
"['pinnacle', 'Steak frites with béarnaise sauce', 'Pork and beans']","['Neutral', 'Negative', 'Negative']","**You are a critic who can generate comments on the specified aspect and sentiment
We would like you to complete a sentence generation task. Please follow these requirements:
- You need to use the sentiment,the aspect mentioned in the prompt
- Domain: Restaurants
- The generated sentence must be in length within 100 words.
- the sentence should not have aspect words that are not specified in the prompt
- DO NOT REPEAT the input text in the output
- PRINT ONLY THE ANSWER TEXT NO EXPLAINING NOTHING ELSE, MAKE SURE TO USE ASPECT WORDS IN THE OUTPUT
- examples:
### input ###
aspect: glass of wine
polarity: Neutral
### Output ###
We ordered a glass of wine and were finished eating and paying before the wine came.
### input ###
aspect: soup and sandwich meal, hot and sour soup
polarity: positive, Positive
### Output ###
For a savory take on the soup and sandwich meal, try the hot and sour soup.
### input ###
aspect: guac, flavor, fresh salsa
polarity:Positive, Negative, Neutral
### Output ###
The guac is fresh, yet lacking flavor, we like to add our fresh salsa into it.
### input ###
aspect: BANANA PUDDING, CRABCAKES, MAC AND CHEESE
polarity:Negative, Negative,Negative
### Output ###
THE BANANA PUDDING THEY SERVE HAS NEVER SEEN AN OVEN,THE CRABCAKES ARE WAY OVER SALTED AND DON'T GET ME STARTED ON THE VERY GREASY MAC AND CHEESE.
**Now complete this task like example with ONE SENTENCE:
### Input ###
aspect: pinnacle,Steak frites with béarnaise sauce,Pork and beans
polarity: Neutral,Negative,Negative
###Output### ","The pinnacle of our meal was the Steak frites with béarnaise sauce, but unfortunately, the Pork and beans fell short.","[{'term': 'pinnacle', 'polarity': 'Neutral'}, {'term': 'Steak frites with béarnaise sauce', 'polarity': 'Negative'}, {'term': 'Pork and beans', 'polarity': 'Negative'}]","[{'category': 'general', 'polarity': 'neutral'}]",536
"['percolate', 'Fried fish with French fries', 'Mushroom risotto with truffle oil']","['Positive', 'Neutral', 'Positive']","**You are a critic who can generate comments on the specified aspect and sentiment
We would like you to complete a sentence generation task. Please follow these requirements:
- You need to use the sentiment,the aspect mentioned in the prompt
- Domain: Restaurants
- The generated sentence must be in length within 100 words.
- the sentence should not have aspect words that are not specified in the prompt
- DO NOT REPEAT the input text in the output
- PRINT ONLY THE ANSWER TEXT NO EXPLAINING NOTHING ELSE, MAKE SURE TO USE ASPECT WORDS IN THE OUTPUT
- examples:
### input ###
aspect: glass of wine
polarity: Neutral
### Output ###
We ordered a glass of wine and were finished eating and paying before the wine came.
### input ###
aspect: soup and sandwich meal, hot and sour soup
polarity: positive, Positive
### Output ###
For a savory take on the soup and sandwich meal, try the hot and sour soup.
### input ###
aspect: guac, flavor, fresh salsa
polarity:Positive, Negative, Neutral
### Output ###
The guac is fresh, yet lacking flavor, we like to add our fresh salsa into it.
### input ###
aspect: BANANA PUDDING, CRABCAKES, MAC AND CHEESE
polarity:Negative, Negative,Negative
### Output ###
THE BANANA PUDDING THEY SERVE HAS NEVER SEEN AN OVEN,THE CRABCAKES ARE WAY OVER SALTED AND DON'T GET ME STARTED ON THE VERY GREASY MAC AND CHEESE.
**Now complete this task like example with ONE SENTENCE:
### Input ###
aspect: percolate,Fried fish with French fries,Mushroom risotto with truffle oil
polarity: Positive,Neutral,Positive
###Output### ","The percolate coffee was a highlight, the Fried fish with French fries was just okay, but the Mushroom risotto with truffle oil truly impressed.","[{'term': 'percolate', 'polarity': 'Positive'}, {'term': 'Fried fish with French fries', 'polarity': 'Neutral'}, {'term': 'Mushroom risotto with truffle oil', 'polarity': 'Positive'}]","[{'category': 'general', 'polarity': 'neutral'}]",543
"['vanilla', 'seats', 'Vegetable curry']","['Negative', 'Negative', 'Positive']","**You are a critic who can generate comments on the specified aspect and sentiment
We would like you to complete a sentence generation task. Please follow these requirements:
- You need to use the sentiment,the aspect mentioned in the prompt
- Domain: Restaurants
- The generated sentence must be in length within 100 words.
- the sentence should not have aspect words that are not specified in the prompt
- DO NOT REPEAT the input text in the output
- PRINT ONLY THE ANSWER TEXT NO EXPLAINING NOTHING ELSE, MAKE SURE TO USE ASPECT WORDS IN THE OUTPUT
- examples:
### input ###
aspect: glass of wine
polarity: Neutral
### Output ###
We ordered a glass of wine and were finished eating and paying before the wine came.
### input ###
aspect: soup and sandwich meal, hot and sour soup
polarity: positive, Positive
### Output ###
For a savory take on the soup and sandwich meal, try the hot and sour soup.
### input ###
aspect: guac, flavor, fresh salsa
polarity:Positive, Negative, Neutral
### Output ###
The guac is fresh, yet lacking flavor, we like to add our fresh salsa into it.
### input ###
aspect: BANANA PUDDING, CRABCAKES, MAC AND CHEESE
polarity:Negative, Negative,Negative
### Output ###
THE BANANA PUDDING THEY SERVE HAS NEVER SEEN AN OVEN,THE CRABCAKES ARE WAY OVER SALTED AND DON'T GET ME STARTED ON THE VERY GREASY MAC AND CHEESE.
**Now complete this task like example with ONE SENTENCE:
### Input ###
aspect: vanilla,seats,Vegetable curry
polarity: Negative,Negative,Positive
###Output### ","The restaurant's seats were uncomfortable, but the Vegetable curry was a flavorful highlight of the meal, unfortunately, the vanilla dessert was a letdown.","[{'term': 'vanilla', 'polarity': 'Negative'}, {'term': 'seats', 'polarity': 'Negative'}, {'term': 'Vegetable curry', 'polarity': 'Positive'}]","[{'category': 'general', 'polarity': 'neutral'}]",545
"['barbecue', 'Grilled salmon (with lemon dill sauce)', 'cigarette']","['Positive', 'Positive', 'Negative']","**You are a critic who can generate comments on the specified aspect and sentiment
We would like you to complete a sentence generation task. Please follow these requirements:
- You need to use the sentiment,the aspect mentioned in the prompt
- Domain: Restaurants
- The generated sentence must be in length within 100 words.
- the sentence should not have aspect words that are not specified in the prompt
- DO NOT REPEAT the input text in the output
- PRINT ONLY THE ANSWER TEXT NO EXPLAINING NOTHING ELSE, MAKE SURE TO USE ASPECT WORDS IN THE OUTPUT
- examples:
### input ###
aspect: glass of wine
polarity: Neutral
### Output ###
We ordered a glass of wine and were finished eating and paying before the wine came.
### input ###
aspect: soup and sandwich meal, hot and sour soup
polarity: positive, Positive
### Output ###
For a savory take on the soup and sandwich meal, try the hot and sour soup.
### input ###
aspect: guac, flavor, fresh salsa
polarity:Positive, Negative, Neutral
### Output ###
The guac is fresh, yet lacking flavor, we like to add our fresh salsa into it.
### input ###
aspect: BANANA PUDDING, CRABCAKES, MAC AND CHEESE
polarity:Negative, Negative,Negative
### Output ###
THE BANANA PUDDING THEY SERVE HAS NEVER SEEN AN OVEN,THE CRABCAKES ARE WAY OVER SALTED AND DON'T GET ME STARTED ON THE VERY GREASY MAC AND CHEESE.
**Now complete this task like example with ONE SENTENCE:
### Input ###
aspect: barbecue,Grilled salmon (with lemon dill sauce),cigarette
polarity: Positive,Positive,Negative
###Output### ","The barbecue was excellent, but unfortunately, they didn't allow smoking, even with a cigarette, and the Grilled salmon (with lemon dill sauce) stole the show.","[{'term': 'barbecue', 'polarity': 'Positive'}, {'term': 'Grilled salmon (with lemon dill sauce)', 'polarity': 'Positive'}, {'term': 'cigarette', 'polarity': 'Negative'}]","[{'category': 'general', 'polarity': 'neutral'}]",552
"['organization', 'souvlakia', 'Roast beef (with horseradish sauce)']","['Negative', 'Neutral', 'Negative']","**You are a critic who can generate comments on the specified aspect and sentiment
We would like you to complete a sentence generation task. Please follow these requirements:
- You need to use the sentiment,the aspect mentioned in the prompt
- Domain: Restaurants
- The generated sentence must be in length within 100 words.
- the sentence should not have aspect words that are not specified in the prompt
- DO NOT REPEAT the input text in the output
- PRINT ONLY THE ANSWER TEXT NO EXPLAINING NOTHING ELSE, MAKE SURE TO USE ASPECT WORDS IN THE OUTPUT
- examples:
### input ###
aspect: glass of wine
polarity: Neutral
### Output ###
We ordered a glass of wine and were finished eating and paying before the wine came.
### input ###
aspect: soup and sandwich meal, hot and sour soup
polarity: positive, Positive
### Output ###
For a savory take on the soup and sandwich meal, try the hot and sour soup.
### input ###
aspect: guac, flavor, fresh salsa
polarity:Positive, Negative, Neutral
### Output ###
The guac is fresh, yet lacking flavor, we like to add our fresh salsa into it.
### input ###
aspect: BANANA PUDDING, CRABCAKES, MAC AND CHEESE
polarity:Negative, Negative,Negative
### Output ###
THE BANANA PUDDING THEY SERVE HAS NEVER SEEN AN OVEN,THE CRABCAKES ARE WAY OVER SALTED AND DON'T GET ME STARTED ON THE VERY GREASY MAC AND CHEESE.
**Now complete this task like example with ONE SENTENCE:
### Input ###
aspect: organization,souvlakia,Roast beef (with horseradish sauce)
polarity: Negative,Neutral,Negative
###Output### ","The restaurant's poor organization was evident when we waited 20 minutes for souvlakia, but the Roast beef (with horseradish sauce) was a letdown.","[{'term': 'organization', 'polarity': 'Negative'}, {'term': 'souvlakia', 'polarity': 'Neutral'}, {'term': 'Roast beef (with horseradish sauce)', 'polarity': 'Negative'}]","[{'category': 'general', 'polarity': 'neutral'}]",555
"['soda', 'cookie', 'Cheeseburger with bacon and cheddar']","['Positive', 'Neutral', 'Negative']","**You are a critic who can generate comments on the specified aspect and sentiment
We would like you to complete a sentence generation task. Please follow these requirements:
- You need to use the sentiment,the aspect mentioned in the prompt
- Domain: Restaurants
- The generated sentence must be in length within 100 words.
- the sentence should not have aspect words that are not specified in the prompt
- DO NOT REPEAT the input text in the output
- PRINT ONLY THE ANSWER TEXT NO EXPLAINING NOTHING ELSE, MAKE SURE TO USE ASPECT WORDS IN THE OUTPUT
- examples:
### input ###
aspect: glass of wine
polarity: Neutral
### Output ###
We ordered a glass of wine and were finished eating and paying before the wine came.
### input ###
aspect: soup and sandwich meal, hot and sour soup
polarity: positive, Positive
### Output ###
For a savory take on the soup and sandwich meal, try the hot and sour soup.
### input ###
aspect: guac, flavor, fresh salsa
polarity:Positive, Negative, Neutral
### Output ###
The guac is fresh, yet lacking flavor, we like to add our fresh salsa into it.
### input ###
aspect: BANANA PUDDING, CRABCAKES, MAC AND CHEESE
polarity:Negative, Negative,Negative
### Output ###
THE BANANA PUDDING THEY SERVE HAS NEVER SEEN AN OVEN,THE CRABCAKES ARE WAY OVER SALTED AND DON'T GET ME STARTED ON THE VERY GREASY MAC AND CHEESE.
**Now complete this task like example with ONE SENTENCE:
### Input ###
aspect: soda,cookie,Cheeseburger with bacon and cheddar
polarity: Positive,Neutral,Negative
###Output### ","The soda is refreshing, but the cookie is a bit too sweet, and unfortunately, the Cheeseburger with bacon and cheddar was overcooked.","[{'term': 'soda', 'polarity': 'Positive'}, {'term': 'cookie', 'polarity': 'Neutral'}, {'term': 'Cheeseburger with bacon and cheddar', 'polarity': 'Negative'}]","[{'category': 'general', 'polarity': 'neutral'}]",557
"['pinnacle', 'Chicken and vegetables', 'console']","['Positive', 'Neutral', 'Positive']","**You are a critic who can generate comments on the specified aspect and sentiment
We would like you to complete a sentence generation task. Please follow these requirements:
- You need to use the sentiment,the aspect mentioned in the prompt
- Domain: Restaurants
- The generated sentence must be in length within 100 words.
- the sentence should not have aspect words that are not specified in the prompt
- DO NOT REPEAT the input text in the output
- PRINT ONLY THE ANSWER TEXT NO EXPLAINING NOTHING ELSE, MAKE SURE TO USE ASPECT WORDS IN THE OUTPUT
- examples:
### input ###
aspect: glass of wine
polarity: Neutral
### Output ###
We ordered a glass of wine and were finished eating and paying before the wine came.
### input ###
aspect: soup and sandwich meal, hot and sour soup
polarity: positive, Positive
### Output ###
For a savory take on the soup and sandwich meal, try the hot and sour soup.
### input ###
aspect: guac, flavor, fresh salsa
polarity:Positive, Negative, Neutral
### Output ###
The guac is fresh, yet lacking flavor, we like to add our fresh salsa into it.
### input ###
aspect: BANANA PUDDING, CRABCAKES, MAC AND CHEESE
polarity:Negative, Negative,Negative
### Output ###
THE BANANA PUDDING THEY SERVE HAS NEVER SEEN AN OVEN,THE CRABCAKES ARE WAY OVER SALTED AND DON'T GET ME STARTED ON THE VERY GREASY MAC AND CHEESE.
**Now complete this task like example with ONE SENTENCE:
### Input ###
aspect: pinnacle,Chicken and vegetables,console
polarity: Positive,Neutral,Positive
###Output### ",The pinnacle of dining experiences is found in the restaurant's console ordering system and the perfectly cooked Chicken and vegetables.,"[{'term': 'pinnacle', 'polarity': 'Positive'}, {'term': 'Chicken and vegetables', 'polarity': 'Neutral'}, {'term': 'console', 'polarity': 'Positive'}]","[{'category': 'general', 'polarity': 'neutral'}]",564
"['Vegetable tempura', 'Cheese fondue platter', 'Pulled pork sandwich with pickles']","['Neutral', 'Negative', 'Negative']","**You are a critic who can generate comments on the specified aspect and sentiment
We would like you to complete a sentence generation task. Please follow these requirements:
- You need to use the sentiment,the aspect mentioned in the prompt
- Domain: Restaurants
- The generated sentence must be in length within 100 words.
- the sentence should not have aspect words that are not specified in the prompt
- DO NOT REPEAT the input text in the output
- PRINT ONLY THE ANSWER TEXT NO EXPLAINING NOTHING ELSE, MAKE SURE TO USE ASPECT WORDS IN THE OUTPUT
- examples:
### input ###
aspect: glass of wine
polarity: Neutral
### Output ###
We ordered a glass of wine and were finished eating and paying before the wine came.
### input ###
aspect: soup and sandwich meal, hot and sour soup
polarity: positive, Positive
### Output ###
For a savory take on the soup and sandwich meal, try the hot and sour soup.
### input ###
aspect: guac, flavor, fresh salsa
polarity:Positive, Negative, Neutral
### Output ###
The guac is fresh, yet lacking flavor, we like to add our fresh salsa into it.
### input ###
aspect: BANANA PUDDING, CRABCAKES, MAC AND CHEESE
polarity:Negative, Negative,Negative
### Output ###
THE BANANA PUDDING THEY SERVE HAS NEVER SEEN AN OVEN,THE CRABCAKES ARE WAY OVER SALTED AND DON'T GET ME STARTED ON THE VERY GREASY MAC AND CHEESE.
**Now complete this task like example with ONE SENTENCE:
### Input ###
aspect: Vegetable tempura,Cheese fondue platter,Pulled pork sandwich with pickles
polarity: Neutral,Negative,Negative
###Output### ","The Vegetable tempura was decent, but the Cheese fondue platter was a letdown, and the Pulled pork sandwich with pickles was overpowered by the vinegar from the pickles.","[{'term': 'Vegetable tempura', 'polarity': 'Neutral'}, {'term': 'Cheese fondue platter', 'polarity': 'Negative'}, {'term': 'Pulled pork sandwich with pickles', 'polarity': 'Negative'}]","[{'category': 'general', 'polarity': 'neutral'}]",565
"['curb', 'kebab', 'pavlova']","['Negative', 'Negative', 'Neutral']","**You are a critic who can generate comments on the specified aspect and sentiment
We would like you to complete a sentence generation task. Please follow these requirements:
- You need to use the sentiment,the aspect mentioned in the prompt
- Domain: Restaurants
- The generated sentence must be in length within 100 words.
- the sentence should not have aspect words that are not specified in the prompt
- DO NOT REPEAT the input text in the output
- PRINT ONLY THE ANSWER TEXT NO EXPLAINING NOTHING ELSE, MAKE SURE TO USE ASPECT WORDS IN THE OUTPUT
- examples:
### input ###
aspect: glass of wine
polarity: Neutral
### Output ###
We ordered a glass of wine and were finished eating and paying before the wine came.
### input ###
aspect: soup and sandwich meal, hot and sour soup
polarity: positive, Positive
### Output ###
For a savory take on the soup and sandwich meal, try the hot and sour soup.
### input ###
aspect: guac, flavor, fresh salsa
polarity:Positive, Negative, Neutral
### Output ###
The guac is fresh, yet lacking flavor, we like to add our fresh salsa into it.
### input ###
aspect: BANANA PUDDING, CRABCAKES, MAC AND CHEESE
polarity:Negative, Negative,Negative
### Output ###
THE BANANA PUDDING THEY SERVE HAS NEVER SEEN AN OVEN,THE CRABCAKES ARE WAY OVER SALTED AND DON'T GET ME STARTED ON THE VERY GREASY MAC AND CHEESE.
**Now complete this task like example with ONE SENTENCE:
### Input ###
aspect: curb,kebab,pavlova
polarity: Negative,Negative,Neutral
###Output### ","The curb outside was poorly maintained, the kebab was a letdown, and the pavlova was just fine.","[{'term': 'curb', 'polarity': 'Negative'}, {'term': 'kebab', 'polarity': 'Negative'}, {'term': 'pavlova', 'polarity': 'Neutral'}]","[{'category': 'general', 'polarity': 'neutral'}]",571
"['bartender', 'succotash', 'Roast chicken with mashed potatoes']","['Positive', 'Neutral', 'Negative']","**You are a critic who can generate comments on the specified aspect and sentiment
We would like you to complete a sentence generation task. Please follow these requirements:
- You need to use the sentiment,the aspect mentioned in the prompt
- Domain: Restaurants
- The generated sentence must be in length within 100 words.
- the sentence should not have aspect words that are not specified in the prompt
- DO NOT REPEAT the input text in the output
- PRINT ONLY THE ANSWER TEXT NO EXPLAINING NOTHING ELSE, MAKE SURE TO USE ASPECT WORDS IN THE OUTPUT
- examples:
### input ###
aspect: glass of wine
polarity: Neutral
### Output ###
We ordered a glass of wine and were finished eating and paying before the wine came.
### input ###
aspect: soup and sandwich meal, hot and sour soup
polarity: positive, Positive
### Output ###
For a savory take on the soup and sandwich meal, try the hot and sour soup.
### input ###
aspect: guac, flavor, fresh salsa
polarity:Positive, Negative, Neutral
### Output ###
The guac is fresh, yet lacking flavor, we like to add our fresh salsa into it.
### input ###
aspect: BANANA PUDDING, CRABCAKES, MAC AND CHEESE
polarity:Negative, Negative,Negative
### Output ###
THE BANANA PUDDING THEY SERVE HAS NEVER SEEN AN OVEN,THE CRABCAKES ARE WAY OVER SALTED AND DON'T GET ME STARTED ON THE VERY GREASY MAC AND CHEESE.
**Now complete this task like example with ONE SENTENCE:
### Input ###
aspect: bartender,succotash,Roast chicken with mashed potatoes
polarity: Positive,Neutral,Negative
###Output### ","The bartender was exceptional, but unfortunately, the succotash was unimpressive, and the Roast chicken with mashed potatoes lacked seasoning.","[{'term': 'bartender', 'polarity': 'Positive'}, {'term': 'succotash', 'polarity': 'Neutral'}, {'term': 'Roast chicken with mashed potatoes', 'polarity': 'Negative'}]","[{'category': 'general', 'polarity': 'neutral'}]",578
"['impregnation', 'tipple', 'Mushroom risotto']","['Negative', 'Positive', 'Neutral']","**You are a critic who can generate comments on the specified aspect and sentiment
We would like you to complete a sentence generation task. Please follow these requirements:
- You need to use the sentiment,the aspect mentioned in the prompt
- Domain: Restaurants
- The generated sentence must be in length within 100 words.
- the sentence should not have aspect words that are not specified in the prompt
- DO NOT REPEAT the input text in the output
- PRINT ONLY THE ANSWER TEXT NO EXPLAINING NOTHING ELSE, MAKE SURE TO USE ASPECT WORDS IN THE OUTPUT
- examples:
### input ###
aspect: glass of wine
polarity: Neutral
### Output ###
We ordered a glass of wine and were finished eating and paying before the wine came.
### input ###
aspect: soup and sandwich meal, hot and sour soup
polarity: positive, Positive
### Output ###
For a savory take on the soup and sandwich meal, try the hot and sour soup.
### input ###
aspect: guac, flavor, fresh salsa
polarity:Positive, Negative, Neutral
### Output ###
The guac is fresh, yet lacking flavor, we like to add our fresh salsa into it.
### input ###
aspect: BANANA PUDDING, CRABCAKES, MAC AND CHEESE
polarity:Negative, Negative,Negative
### Output ###
THE BANANA PUDDING THEY SERVE HAS NEVER SEEN AN OVEN,THE CRABCAKES ARE WAY OVER SALTED AND DON'T GET ME STARTED ON THE VERY GREASY MAC AND CHEESE.
**Now complete this task like example with ONE SENTENCE:
### Input ###
aspect: impregnation,tipple,Mushroom risotto
polarity: Negative,Positive,Neutral
###Output### ","The impregnation of flavors in the tipple was lacking, but the Mushroom risotto was decent.","[{'term': 'impregnation', 'polarity': 'Negative'}, {'term': 'tipple', 'polarity': 'Positive'}, {'term': 'Mushroom risotto', 'polarity': 'Neutral'}]","[{'category': 'general', 'polarity': 'neutral'}]",581
"['booze', 'Tomato soup (with grilled cheese)', 'Chicken Caesar wrap']","['Positive', 'Negative', 'Negative']","**You are a critic who can generate comments on the specified aspect and sentiment
We would like you to complete a sentence generation task. Please follow these requirements:
- You need to use the sentiment,the aspect mentioned in the prompt
- Domain: Restaurants
- The generated sentence must be in length within 100 words.
- the sentence should not have aspect words that are not specified in the prompt
- DO NOT REPEAT the input text in the output
- PRINT ONLY THE ANSWER TEXT NO EXPLAINING NOTHING ELSE, MAKE SURE TO USE ASPECT WORDS IN THE OUTPUT
- examples:
### input ###
aspect: glass of wine
polarity: Neutral
### Output ###
We ordered a glass of wine and were finished eating and paying before the wine came.
### input ###
aspect: soup and sandwich meal, hot and sour soup
polarity: positive, Positive
### Output ###
For a savory take on the soup and sandwich meal, try the hot and sour soup.
### input ###
aspect: guac, flavor, fresh salsa
polarity:Positive, Negative, Neutral
### Output ###
The guac is fresh, yet lacking flavor, we like to add our fresh salsa into it.
### input ###
aspect: BANANA PUDDING, CRABCAKES, MAC AND CHEESE
polarity:Negative, Negative,Negative
### Output ###
THE BANANA PUDDING THEY SERVE HAS NEVER SEEN AN OVEN,THE CRABCAKES ARE WAY OVER SALTED AND DON'T GET ME STARTED ON THE VERY GREASY MAC AND CHEESE.
**Now complete this task like example with ONE SENTENCE:
### Input ###
aspect: booze,Tomato soup (with grilled cheese),Chicken Caesar wrap
polarity: Positive,Negative,Negative
###Output### ","The selection of booze is impressive, but unfortunately, the Tomato soup (with grilled cheese) is overpriced and the Chicken Caesar wrap is a letdown.","[{'term': 'booze', 'polarity': 'Positive'}, {'term': 'Tomato soup (with grilled cheese)', 'polarity': 'Negative'}, {'term': 'Chicken Caesar wrap', 'polarity': 'Negative'}]","[{'category': 'general', 'polarity': 'neutral'}]",591
"['xylose', 'Grilled chicken (with garlic butter)', 'Shrimp and grits']","['Positive', 'Positive', 'Negative']","**You are a critic who can generate comments on the specified aspect and sentiment
We would like you to complete a sentence generation task. Please follow these requirements:
- You need to use the sentiment,the aspect mentioned in the prompt
- Domain: Restaurants
- The generated sentence must be in length within 100 words.
- the sentence should not have aspect words that are not specified in the prompt
- DO NOT REPEAT the input text in the output
- PRINT ONLY THE ANSWER TEXT NO EXPLAINING NOTHING ELSE, MAKE SURE TO USE ASPECT WORDS IN THE OUTPUT
- examples:
### input ###
aspect: glass of wine
polarity: Neutral
### Output ###
We ordered a glass of wine and were finished eating and paying before the wine came.
### input ###
aspect: soup and sandwich meal, hot and sour soup
polarity: positive, Positive
### Output ###
For a savory take on the soup and sandwich meal, try the hot and sour soup.
### input ###
aspect: guac, flavor, fresh salsa
polarity:Positive, Negative, Neutral
### Output ###
The guac is fresh, yet lacking flavor, we like to add our fresh salsa into it.
### input ###
aspect: BANANA PUDDING, CRABCAKES, MAC AND CHEESE
polarity:Negative, Negative,Negative
### Output ###
THE BANANA PUDDING THEY SERVE HAS NEVER SEEN AN OVEN,THE CRABCAKES ARE WAY OVER SALTED AND DON'T GET ME STARTED ON THE VERY GREASY MAC AND CHEESE.
**Now complete this task like example with ONE SENTENCE:
### Input ###
aspect: xylose,Grilled chicken (with garlic butter),Shrimp and grits
polarity: Positive,Positive,Negative
###Output### ","The xylose is perfectly balanced, but unfortunately, the Shrimp and grits fell short of expectations, while the Grilled chicken (with garlic butter) was cooked to perfection.","[{'term': 'xylose', 'polarity': 'Positive'}, {'term': 'Grilled chicken (with garlic butter)', 'polarity': 'Positive'}, {'term': 'Shrimp and grits', 'polarity': 'Negative'}]","[{'category': 'general', 'polarity': 'neutral'}]",595
"['lamp', 'den', 'diamagnet']","['Neutral', 'Negative', 'Negative']","**You are a critic who can generate comments on the specified aspect and sentiment
We would like you to complete a sentence generation task. Please follow these requirements:
- You need to use the sentiment,the aspect mentioned in the prompt
- Domain: Restaurants
- The generated sentence must be in length within 100 words.
- the sentence should not have aspect words that are not specified in the prompt
- DO NOT REPEAT the input text in the output
- PRINT ONLY THE ANSWER TEXT NO EXPLAINING NOTHING ELSE, MAKE SURE TO USE ASPECT WORDS IN THE OUTPUT
- examples:
### input ###
aspect: glass of wine
polarity: Neutral
### Output ###
We ordered a glass of wine and were finished eating and paying before the wine came.
### input ###
aspect: soup and sandwich meal, hot and sour soup
polarity: positive, Positive
### Output ###
For a savory take on the soup and sandwich meal, try the hot and sour soup.
### input ###
aspect: guac, flavor, fresh salsa
polarity:Positive, Negative, Neutral
### Output ###
The guac is fresh, yet lacking flavor, we like to add our fresh salsa into it.
### input ###
aspect: BANANA PUDDING, CRABCAKES, MAC AND CHEESE
polarity:Negative, Negative,Negative
### Output ###
THE BANANA PUDDING THEY SERVE HAS NEVER SEEN AN OVEN,THE CRABCAKES ARE WAY OVER SALTED AND DON'T GET ME STARTED ON THE VERY GREASY MAC AND CHEESE.
**Now complete this task like example with ONE SENTENCE:
### Input ###
aspect: lamp,den,diamagnet
polarity: Neutral,Negative,Negative
###Output### ","The den was well-lit by the lamp, but unfortunately, the lamp's presence made the space diamagnetic.","[{'term': 'lamp', 'polarity': 'Neutral'}, {'term': 'den', 'polarity': 'Negative'}, {'term': 'diamagnet', 'polarity': 'Negative'}]","[{'category': 'general', 'polarity': 'neutral'}]",596
"['blancmange', 'click', 'cd']","['Negative', 'Negative', 'Neutral']","**You are a critic who can generate comments on the specified aspect and sentiment
We would like you to complete a sentence generation task. Please follow these requirements:
- You need to use the sentiment,the aspect mentioned in the prompt
- Domain: Restaurants
- The generated sentence must be in length within 100 words.
- the sentence should not have aspect words that are not specified in the prompt
- DO NOT REPEAT the input text in the output
- PRINT ONLY THE ANSWER TEXT NO EXPLAINING NOTHING ELSE, MAKE SURE TO USE ASPECT WORDS IN THE OUTPUT
- examples:
### input ###
aspect: glass of wine
polarity: Neutral
### Output ###
We ordered a glass of wine and were finished eating and paying before the wine came.
### input ###
aspect: soup and sandwich meal, hot and sour soup
polarity: positive, Positive
### Output ###
For a savory take on the soup and sandwich meal, try the hot and sour soup.
### input ###
aspect: guac, flavor, fresh salsa
polarity:Positive, Negative, Neutral
### Output ###
The guac is fresh, yet lacking flavor, we like to add our fresh salsa into it.
### input ###
aspect: BANANA PUDDING, CRABCAKES, MAC AND CHEESE
polarity:Negative, Negative,Negative
### Output ###
THE BANANA PUDDING THEY SERVE HAS NEVER SEEN AN OVEN,THE CRABCAKES ARE WAY OVER SALTED AND DON'T GET ME STARTED ON THE VERY GREASY MAC AND CHEESE.
**Now complete this task like example with ONE SENTENCE:
### Input ###
aspect: blancmange,click,cd
polarity: Negative,Negative,Neutral
###Output### ","The blancmange was unappetizing, the service was slow to respond to our click orders, and the music played from the cd was completely ignored.","[{'term': 'blancmange', 'polarity': 'Negative'}, {'term': 'click', 'polarity': 'Negative'}, {'term': 'cd', 'polarity': 'Neutral'}]","[{'category': 'general', 'polarity': 'neutral'}]",599
"['BBQ chicken with corn on the cob', 'Cheeseburger (with bacon and cheddar)', 'Tokay']","['Neutral', 'Negative', 'Positive']","**You are a critic who can generate comments on the specified aspect and sentiment
We would like you to complete a sentence generation task. Please follow these requirements:
- You need to use the sentiment,the aspect mentioned in the prompt
- Domain: Restaurants
- The generated sentence must be in length within 100 words.
- the sentence should not have aspect words that are not specified in the prompt
- DO NOT REPEAT the input text in the output
- PRINT ONLY THE ANSWER TEXT NO EXPLAINING NOTHING ELSE, MAKE SURE TO USE ASPECT WORDS IN THE OUTPUT
- examples:
### input ###
aspect: glass of wine
polarity: Neutral
### Output ###
We ordered a glass of wine and were finished eating and paying before the wine came.
### input ###
aspect: soup and sandwich meal, hot and sour soup
polarity: positive, Positive
### Output ###
For a savory take on the soup and sandwich meal, try the hot and sour soup.
### input ###
aspect: guac, flavor, fresh salsa
polarity:Positive, Negative, Neutral
### Output ###
The guac is fresh, yet lacking flavor, we like to add our fresh salsa into it.
### input ###
aspect: BANANA PUDDING, CRABCAKES, MAC AND CHEESE
polarity:Negative, Negative,Negative
### Output ###
THE BANANA PUDDING THEY SERVE HAS NEVER SEEN AN OVEN,THE CRABCAKES ARE WAY OVER SALTED AND DON'T GET ME STARTED ON THE VERY GREASY MAC AND CHEESE.
**Now complete this task like example with ONE SENTENCE:
### Input ###
aspect: BBQ chicken with corn on the cob,Cheeseburger (with bacon and cheddar),Tokay
polarity: Neutral,Negative,Positive
###Output### ","We were served BBQ chicken with corn on the cob that was just average, the Cheeseburger (with bacon and cheddar) was overcooked, but the Tokay wine was surprisingly excellent.","[{'term': 'BBQ chicken with corn on the cob', 'polarity': 'Neutral'}, {'term': 'Cheeseburger (with bacon and cheddar)', 'polarity': 'Negative'}, {'term': 'Tokay', 'polarity': 'Positive'}]","[{'category': 'general', 'polarity': 'neutral'}]",600
"['stacte', 'butt', 'Vegetable curry']","['Positive', 'Positive', 'Negative']","**You are a critic who can generate comments on the specified aspect and sentiment
We would like you to complete a sentence generation task. Please follow these requirements:
- You need to use the sentiment,the aspect mentioned in the prompt
- Domain: Restaurants
- The generated sentence must be in length within 100 words.
- the sentence should not have aspect words that are not specified in the prompt
- DO NOT REPEAT the input text in the output
- PRINT ONLY THE ANSWER TEXT NO EXPLAINING NOTHING ELSE, MAKE SURE TO USE ASPECT WORDS IN THE OUTPUT
- examples:
### input ###
aspect: glass of wine
polarity: Neutral
### Output ###
We ordered a glass of wine and were finished eating and paying before the wine came.
### input ###
aspect: soup and sandwich meal, hot and sour soup
polarity: positive, Positive
### Output ###
For a savory take on the soup and sandwich meal, try the hot and sour soup.
### input ###
aspect: guac, flavor, fresh salsa
polarity:Positive, Negative, Neutral
### Output ###
The guac is fresh, yet lacking flavor, we like to add our fresh salsa into it.
### input ###
aspect: BANANA PUDDING, CRABCAKES, MAC AND CHEESE
polarity:Negative, Negative,Negative
### Output ###
THE BANANA PUDDING THEY SERVE HAS NEVER SEEN AN OVEN,THE CRABCAKES ARE WAY OVER SALTED AND DON'T GET ME STARTED ON THE VERY GREASY MAC AND CHEESE.
**Now complete this task like example with ONE SENTENCE:
### Input ###
aspect: stacte,butt,Vegetable curry
polarity: Positive,Positive,Negative
###Output### ","The stacte was perfectly cooked, the butt was tender and flavorful, but the Vegetable curry lacked seasoning.","[{'term': 'stacte', 'polarity': 'Positive'}, {'term': 'butt', 'polarity': 'Positive'}, {'term': 'Vegetable curry', 'polarity': 'Negative'}]","[{'category': 'general', 'polarity': 'neutral'}]",601
"['succotash', 'guacamole', 'Grilled shrimp (with garlic butter)']","['Negative', 'Positive', 'Positive']","**You are a critic who can generate comments on the specified aspect and sentiment
We would like you to complete a sentence generation task. Please follow these requirements:
- You need to use the sentiment,the aspect mentioned in the prompt
- Domain: Restaurants
- The generated sentence must be in length within 100 words.
- the sentence should not have aspect words that are not specified in the prompt
- DO NOT REPEAT the input text in the output
- PRINT ONLY THE ANSWER TEXT NO EXPLAINING NOTHING ELSE, MAKE SURE TO USE ASPECT WORDS IN THE OUTPUT
- examples:
### input ###
aspect: glass of wine
polarity: Neutral
### Output ###
We ordered a glass of wine and were finished eating and paying before the wine came.
### input ###
aspect: soup and sandwich meal, hot and sour soup
polarity: positive, Positive
### Output ###
For a savory take on the soup and sandwich meal, try the hot and sour soup.
### input ###
aspect: guac, flavor, fresh salsa
polarity:Positive, Negative, Neutral
### Output ###
The guac is fresh, yet lacking flavor, we like to add our fresh salsa into it.
### input ###
aspect: BANANA PUDDING, CRABCAKES, MAC AND CHEESE
polarity:Negative, Negative,Negative
### Output ###
THE BANANA PUDDING THEY SERVE HAS NEVER SEEN AN OVEN,THE CRABCAKES ARE WAY OVER SALTED AND DON'T GET ME STARTED ON THE VERY GREASY MAC AND CHEESE.
**Now complete this task like example with ONE SENTENCE:
### Input ###
aspect: succotash,guacamole,Grilled shrimp (with garlic butter)
polarity: Negative,Positive,Positive
###Output### ","The succotash was overcooked, but the guacamole was delicious and the Grilled shrimp (with garlic butter) was cooked to perfection.","[{'term': 'succotash', 'polarity': 'Negative'}, {'term': 'guacamole', 'polarity': 'Positive'}, {'term': 'Grilled shrimp (with garlic butter)', 'polarity': 'Positive'}]","[{'category': 'general', 'polarity': 'neutral'}]",604
"['ambrosia', 'Tomato and mozzarella salad with balsamic glaze', 'collation']","['Negative', 'Neutral', 'Positive']","**You are a critic who can generate comments on the specified aspect and sentiment
We would like you to complete a sentence generation task. Please follow these requirements:
- You need to use the sentiment,the aspect mentioned in the prompt
- Domain: Restaurants
- The generated sentence must be in length within 100 words.
- the sentence should not have aspect words that are not specified in the prompt
- DO NOT REPEAT the input text in the output
- PRINT ONLY THE ANSWER TEXT NO EXPLAINING NOTHING ELSE, MAKE SURE TO USE ASPECT WORDS IN THE OUTPUT
- examples:
### input ###
aspect: glass of wine
polarity: Neutral
### Output ###
We ordered a glass of wine and were finished eating and paying before the wine came.
### input ###
aspect: soup and sandwich meal, hot and sour soup
polarity: positive, Positive
### Output ###
For a savory take on the soup and sandwich meal, try the hot and sour soup.
### input ###
aspect: guac, flavor, fresh salsa
polarity:Positive, Negative, Neutral
### Output ###
The guac is fresh, yet lacking flavor, we like to add our fresh salsa into it.
### input ###
aspect: BANANA PUDDING, CRABCAKES, MAC AND CHEESE
polarity:Negative, Negative,Negative
### Output ###
THE BANANA PUDDING THEY SERVE HAS NEVER SEEN AN OVEN,THE CRABCAKES ARE WAY OVER SALTED AND DON'T GET ME STARTED ON THE VERY GREASY MAC AND CHEESE.
**Now complete this task like example with ONE SENTENCE:
### Input ###
aspect: ambrosia,Tomato and mozzarella salad with balsamic glaze,collation
polarity: Negative,Neutral,Positive
###Output### ","The ambrosia was a disappointment, but the Tomato and mozzarella salad with balsamic glaze was a highlight of the collation.","[{'term': 'ambrosia', 'polarity': 'Negative'}, {'term': 'Tomato and mozzarella salad with balsamic glaze', 'polarity': 'Neutral'}, {'term': 'collation', 'polarity': 'Positive'}]","[{'category': 'general', 'polarity': 'neutral'}]",605
"['spoon', 'Veggie burger', 'wine']","['Positive', 'Neutral', 'Positive']","**You are a critic who can generate comments on the specified aspect and sentiment
We would like you to complete a sentence generation task. Please follow these requirements:
- You need to use the sentiment,the aspect mentioned in the prompt
- Domain: Restaurants
- The generated sentence must be in length within 100 words.
- the sentence should not have aspect words that are not specified in the prompt
- DO NOT REPEAT the input text in the output
- PRINT ONLY THE ANSWER TEXT NO EXPLAINING NOTHING ELSE, MAKE SURE TO USE ASPECT WORDS IN THE OUTPUT
- examples:
### input ###
aspect: glass of wine
polarity: Neutral
### Output ###
We ordered a glass of wine and were finished eating and paying before the wine came.
### input ###
aspect: soup and sandwich meal, hot and sour soup
polarity: positive, Positive
### Output ###
For a savory take on the soup and sandwich meal, try the hot and sour soup.
### input ###
aspect: guac, flavor, fresh salsa
polarity:Positive, Negative, Neutral
### Output ###
The guac is fresh, yet lacking flavor, we like to add our fresh salsa into it.
### input ###
aspect: BANANA PUDDING, CRABCAKES, MAC AND CHEESE
polarity:Negative, Negative,Negative
### Output ###
THE BANANA PUDDING THEY SERVE HAS NEVER SEEN AN OVEN,THE CRABCAKES ARE WAY OVER SALTED AND DON'T GET ME STARTED ON THE VERY GREASY MAC AND CHEESE.
**Now complete this task like example with ONE SENTENCE:
### Input ###
aspect: spoon,Veggie burger,wine
polarity: Positive,Neutral,Positive
###Output### ","The wine pairing with our Veggie burger was spot on, but the spoon could have been cleaner.","[{'term': 'spoon', 'polarity': 'Positive'}, {'term': 'Veggie burger', 'polarity': 'Neutral'}, {'term': 'wine', 'polarity': 'Positive'}]","[{'category': 'general', 'polarity': 'neutral'}]",606
"['pesto', 'click', 'Fried calamari with marinara sauce']","['Neutral', 'Negative', 'Positive']","**You are a critic who can generate comments on the specified aspect and sentiment
We would like you to complete a sentence generation task. Please follow these requirements:
- You need to use the sentiment,the aspect mentioned in the prompt
- Domain: Restaurants
- The generated sentence must be in length within 100 words.
- the sentence should not have aspect words that are not specified in the prompt
- DO NOT REPEAT the input text in the output
- PRINT ONLY THE ANSWER TEXT NO EXPLAINING NOTHING ELSE, MAKE SURE TO USE ASPECT WORDS IN THE OUTPUT
- examples:
### input ###
aspect: glass of wine
polarity: Neutral
### Output ###
We ordered a glass of wine and were finished eating and paying before the wine came.
### input ###
aspect: soup and sandwich meal, hot and sour soup
polarity: positive, Positive
### Output ###
For a savory take on the soup and sandwich meal, try the hot and sour soup.
### input ###
aspect: guac, flavor, fresh salsa
polarity:Positive, Negative, Neutral
### Output ###
The guac is fresh, yet lacking flavor, we like to add our fresh salsa into it.
### input ###
aspect: BANANA PUDDING, CRABCAKES, MAC AND CHEESE
polarity:Negative, Negative,Negative
### Output ###
THE BANANA PUDDING THEY SERVE HAS NEVER SEEN AN OVEN,THE CRABCAKES ARE WAY OVER SALTED AND DON'T GET ME STARTED ON THE VERY GREASY MAC AND CHEESE.
**Now complete this task like example with ONE SENTENCE:
### Input ###
aspect: pesto,click,Fried calamari with marinara sauce
polarity: Neutral,Negative,Positive
###Output### ","The pesto was served promptly, but unfortunately, the click ordering system didn't work, and the Fried calamari with marinara sauce was a highlight of the meal.","[{'term': 'pesto', 'polarity': 'Neutral'}, {'term': 'click', 'polarity': 'Negative'}, {'term': 'Fried calamari with marinara sauce', 'polarity': 'Positive'}]","[{'category': 'general', 'polarity': 'neutral'}]",608
"['miasm', 'grave', 'trappings']","['Positive', 'Negative', 'Negative']","**You are a critic who can generate comments on the specified aspect and sentiment
We would like you to complete a sentence generation task. Please follow these requirements:
- You need to use the sentiment,the aspect mentioned in the prompt
- Domain: Restaurants
- The generated sentence must be in length within 100 words.
- the sentence should not have aspect words that are not specified in the prompt
- DO NOT REPEAT the input text in the output
- PRINT ONLY THE ANSWER TEXT NO EXPLAINING NOTHING ELSE, MAKE SURE TO USE ASPECT WORDS IN THE OUTPUT
- examples:
### input ###
aspect: glass of wine
polarity: Neutral
### Output ###
We ordered a glass of wine and were finished eating and paying before the wine came.
### input ###
aspect: soup and sandwich meal, hot and sour soup
polarity: positive, Positive
### Output ###
For a savory take on the soup and sandwich meal, try the hot and sour soup.
### input ###
aspect: guac, flavor, fresh salsa
polarity:Positive, Negative, Neutral
### Output ###
The guac is fresh, yet lacking flavor, we like to add our fresh salsa into it.
### input ###
aspect: BANANA PUDDING, CRABCAKES, MAC AND CHEESE
polarity:Negative, Negative,Negative
### Output ###
THE BANANA PUDDING THEY SERVE HAS NEVER SEEN AN OVEN,THE CRABCAKES ARE WAY OVER SALTED AND DON'T GET ME STARTED ON THE VERY GREASY MAC AND CHEESE.
**Now complete this task like example with ONE SENTENCE:
### Input ###
aspect: miasm,grave,trappings
polarity: Positive,Negative,Negative
###Output### ","The dimly lit miasm of the restaurant is inviting, however, the grave lack of service is a major turn-off, and the trappings of elegance are poorly executed.","[{'term': 'miasm', 'polarity': 'Positive'}, {'term': 'grave', 'polarity': 'Negative'}, {'term': 'trappings', 'polarity': 'Negative'}]","[{'category': 'general', 'polarity': 'neutral'}]",611
"['chrome', 'pilaf', 'rig']","['Neutral', 'Negative', 'Negative']","**You are a critic who can generate comments on the specified aspect and sentiment
We would like you to complete a sentence generation task. Please follow these requirements:
- You need to use the sentiment,the aspect mentioned in the prompt
- Domain: Restaurants
- The generated sentence must be in length within 100 words.
- the sentence should not have aspect words that are not specified in the prompt
- DO NOT REPEAT the input text in the output
- PRINT ONLY THE ANSWER TEXT NO EXPLAINING NOTHING ELSE, MAKE SURE TO USE ASPECT WORDS IN THE OUTPUT
- examples:
### input ###
aspect: glass of wine
polarity: Neutral
### Output ###
We ordered a glass of wine and were finished eating and paying before the wine came.
### input ###
aspect: soup and sandwich meal, hot and sour soup
polarity: positive, Positive
### Output ###
For a savory take on the soup and sandwich meal, try the hot and sour soup.
### input ###
aspect: guac, flavor, fresh salsa
polarity:Positive, Negative, Neutral
### Output ###
The guac is fresh, yet lacking flavor, we like to add our fresh salsa into it.
### input ###
aspect: BANANA PUDDING, CRABCAKES, MAC AND CHEESE
polarity:Negative, Negative,Negative
### Output ###
THE BANANA PUDDING THEY SERVE HAS NEVER SEEN AN OVEN,THE CRABCAKES ARE WAY OVER SALTED AND DON'T GET ME STARTED ON THE VERY GREASY MAC AND CHEESE.
**Now complete this task like example with ONE SENTENCE:
### Input ###
aspect: chrome,pilaf,rig
polarity: Neutral,Negative,Negative
###Output### ","The chrome on the rig was unimpressive, the pilaf was overcooked, and the rig itself was poorly maintained.","[{'term': 'chrome', 'polarity': 'Neutral'}, {'term': 'pilaf', 'polarity': 'Negative'}, {'term': 'rig', 'polarity': 'Negative'}]","[{'category': 'general', 'polarity': 'neutral'}]",614
"['chessman', 'jaggary', 'Spaghetti bolognese']","['Positive', 'Positive', 'Neutral']","**You are a critic who can generate comments on the specified aspect and sentiment
We would like you to complete a sentence generation task. Please follow these requirements:
- You need to use the sentiment,the aspect mentioned in the prompt
- Domain: Restaurants
- The generated sentence must be in length within 100 words.
- the sentence should not have aspect words that are not specified in the prompt
- DO NOT REPEAT the input text in the output
- PRINT ONLY THE ANSWER TEXT NO EXPLAINING NOTHING ELSE, MAKE SURE TO USE ASPECT WORDS IN THE OUTPUT
- examples:
### input ###
aspect: glass of wine
polarity: Neutral
### Output ###
We ordered a glass of wine and were finished eating and paying before the wine came.
### input ###
aspect: soup and sandwich meal, hot and sour soup
polarity: positive, Positive
### Output ###
For a savory take on the soup and sandwich meal, try the hot and sour soup.
### input ###
aspect: guac, flavor, fresh salsa
polarity:Positive, Negative, Neutral
### Output ###
The guac is fresh, yet lacking flavor, we like to add our fresh salsa into it.
### input ###
aspect: BANANA PUDDING, CRABCAKES, MAC AND CHEESE
polarity:Negative, Negative,Negative
### Output ###
THE BANANA PUDDING THEY SERVE HAS NEVER SEEN AN OVEN,THE CRABCAKES ARE WAY OVER SALTED AND DON'T GET ME STARTED ON THE VERY GREASY MAC AND CHEESE.
**Now complete this task like example with ONE SENTENCE:
### Input ###
aspect: chessman,jaggary,Spaghetti bolognese
polarity: Positive,Positive,Neutral
###Output### ","The chessman was intricately designed, the jaggary added a nice sweetness, and the Spaghetti bolognese was just okay.","[{'term': 'chessman', 'polarity': 'Positive'}, {'term': 'jaggary', 'polarity': 'Positive'}, {'term': 'Spaghetti bolognese', 'polarity': 'Neutral'}]","[{'category': 'general', 'polarity': 'neutral'}]",617
"['ball', 'Beef Wellington', 'timbale']","['Positive', 'Negative', 'Neutral']","**You are a critic who can generate comments on the specified aspect and sentiment
We would like you to complete a sentence generation task. Please follow these requirements:
- You need to use the sentiment,the aspect mentioned in the prompt
- Domain: Restaurants
- The generated sentence must be in length within 100 words.
- the sentence should not have aspect words that are not specified in the prompt
- DO NOT REPEAT the input text in the output
- PRINT ONLY THE ANSWER TEXT NO EXPLAINING NOTHING ELSE, MAKE SURE TO USE ASPECT WORDS IN THE OUTPUT
- examples:
### input ###
aspect: glass of wine
polarity: Neutral
### Output ###
We ordered a glass of wine and were finished eating and paying before the wine came.
### input ###
aspect: soup and sandwich meal, hot and sour soup
polarity: positive, Positive
### Output ###
For a savory take on the soup and sandwich meal, try the hot and sour soup.
### input ###
aspect: guac, flavor, fresh salsa
polarity:Positive, Negative, Neutral
### Output ###
The guac is fresh, yet lacking flavor, we like to add our fresh salsa into it.
### input ###
aspect: BANANA PUDDING, CRABCAKES, MAC AND CHEESE
polarity:Negative, Negative,Negative
### Output ###
THE BANANA PUDDING THEY SERVE HAS NEVER SEEN AN OVEN,THE CRABCAKES ARE WAY OVER SALTED AND DON'T GET ME STARTED ON THE VERY GREASY MAC AND CHEESE.
**Now complete this task like example with ONE SENTENCE:
### Input ###
aspect: ball,Beef Wellington,timbale
polarity: Positive,Negative,Neutral
###Output### ","The Beef Wellington was exquisite, but the service staff struggled to keep track of our ball reservations and the timbale was a bit too plain.","[{'term': 'ball', 'polarity': 'Positive'}, {'term': 'Beef Wellington', 'polarity': 'Negative'}, {'term': 'timbale', 'polarity': 'Neutral'}]","[{'category': 'general', 'polarity': 'neutral'}]",619
"['Vegetable curry (with coconut milk)', 'Meat and cheese', 'buffet']","['Negative', 'Negative', 'Positive']","**You are a critic who can generate comments on the specified aspect and sentiment
We would like you to complete a sentence generation task. Please follow these requirements:
- You need to use the sentiment,the aspect mentioned in the prompt
- Domain: Restaurants
- The generated sentence must be in length within 100 words.
- the sentence should not have aspect words that are not specified in the prompt
- DO NOT REPEAT the input text in the output
- PRINT ONLY THE ANSWER TEXT NO EXPLAINING NOTHING ELSE, MAKE SURE TO USE ASPECT WORDS IN THE OUTPUT
- examples:
### input ###
aspect: glass of wine
polarity: Neutral
### Output ###
We ordered a glass of wine and were finished eating and paying before the wine came.
### input ###
aspect: soup and sandwich meal, hot and sour soup
polarity: positive, Positive
### Output ###
For a savory take on the soup and sandwich meal, try the hot and sour soup.
### input ###
aspect: guac, flavor, fresh salsa
polarity:Positive, Negative, Neutral
### Output ###
The guac is fresh, yet lacking flavor, we like to add our fresh salsa into it.
### input ###
aspect: BANANA PUDDING, CRABCAKES, MAC AND CHEESE
polarity:Negative, Negative,Negative
### Output ###
THE BANANA PUDDING THEY SERVE HAS NEVER SEEN AN OVEN,THE CRABCAKES ARE WAY OVER SALTED AND DON'T GET ME STARTED ON THE VERY GREASY MAC AND CHEESE.
**Now complete this task like example with ONE SENTENCE:
### Input ###
aspect: Vegetable curry (with coconut milk),Meat and cheese,buffet
polarity: Negative,Negative,Positive
###Output### ","The buffet spread was overwhelming, the Vegetable curry (with coconut milk) was a letdown and the Meat and cheese options were also a disappointment.","[{'term': 'Vegetable curry (with coconut milk)', 'polarity': 'Negative'}, {'term': 'Meat and cheese', 'polarity': 'Negative'}, {'term': 'buffet', 'polarity': 'Positive'}]","[{'category': 'general', 'polarity': 'neutral'}]",621
"['support', 'Brisket and mashed potatoes', 'Cheese and crackers']","['Negative', 'Negative', 'Positive']","**You are a critic who can generate comments on the specified aspect and sentiment
We would like you to complete a sentence generation task. Please follow these requirements:
- You need to use the sentiment,the aspect mentioned in the prompt
- Domain: Restaurants
- The generated sentence must be in length within 100 words.
- the sentence should not have aspect words that are not specified in the prompt
- DO NOT REPEAT the input text in the output
- PRINT ONLY THE ANSWER TEXT NO EXPLAINING NOTHING ELSE, MAKE SURE TO USE ASPECT WORDS IN THE OUTPUT
- examples:
### input ###
aspect: glass of wine
polarity: Neutral
### Output ###
We ordered a glass of wine and were finished eating and paying before the wine came.
### input ###
aspect: soup and sandwich meal, hot and sour soup
polarity: positive, Positive
### Output ###
For a savory take on the soup and sandwich meal, try the hot and sour soup.
### input ###
aspect: guac, flavor, fresh salsa
polarity:Positive, Negative, Neutral
### Output ###
The guac is fresh, yet lacking flavor, we like to add our fresh salsa into it.
### input ###
aspect: BANANA PUDDING, CRABCAKES, MAC AND CHEESE
polarity:Negative, Negative,Negative
### Output ###
THE BANANA PUDDING THEY SERVE HAS NEVER SEEN AN OVEN,THE CRABCAKES ARE WAY OVER SALTED AND DON'T GET ME STARTED ON THE VERY GREASY MAC AND CHEESE.
**Now complete this task like example with ONE SENTENCE:
### Input ###
aspect: support,Brisket and mashed potatoes,Cheese and crackers
polarity: Negative,Negative,Positive
###Output### ","The service was lacking in support, but the Brisket and mashed potatoes were a letdown, however the Cheese and crackers were a pleasant surprise.","[{'term': 'support', 'polarity': 'Negative'}, {'term': 'Brisket and mashed potatoes', 'polarity': 'Negative'}, {'term': 'Cheese and crackers', 'polarity': 'Positive'}]","[{'category': 'general', 'polarity': 'neutral'}]",624
"['rotisserie', 'milkshake', 'Chicken shawarma plate']","['Negative', 'Positive', 'Neutral']","**You are a critic who can generate comments on the specified aspect and sentiment
We would like you to complete a sentence generation task. Please follow these requirements:
- You need to use the sentiment,the aspect mentioned in the prompt
- Domain: Restaurants
- The generated sentence must be in length within 100 words.
- the sentence should not have aspect words that are not specified in the prompt
- DO NOT REPEAT the input text in the output
- PRINT ONLY THE ANSWER TEXT NO EXPLAINING NOTHING ELSE, MAKE SURE TO USE ASPECT WORDS IN THE OUTPUT
- examples:
### input ###
aspect: glass of wine
polarity: Neutral
### Output ###
We ordered a glass of wine and were finished eating and paying before the wine came.
### input ###
aspect: soup and sandwich meal, hot and sour soup
polarity: positive, Positive
### Output ###
For a savory take on the soup and sandwich meal, try the hot and sour soup.
### input ###
aspect: guac, flavor, fresh salsa
polarity:Positive, Negative, Neutral
### Output ###
The guac is fresh, yet lacking flavor, we like to add our fresh salsa into it.
### input ###
aspect: BANANA PUDDING, CRABCAKES, MAC AND CHEESE
polarity:Negative, Negative,Negative
### Output ###
THE BANANA PUDDING THEY SERVE HAS NEVER SEEN AN OVEN,THE CRABCAKES ARE WAY OVER SALTED AND DON'T GET ME STARTED ON THE VERY GREASY MAC AND CHEESE.
**Now complete this task like example with ONE SENTENCE:
### Input ###
aspect: rotisserie,milkshake,Chicken shawarma plate
polarity: Negative,Positive,Neutral
###Output### ","The rotisserie chicken was overcooked, but the milkshake was incredibly rich and delicious, and the Chicken shawarma plate was just okay.","[{'term': 'rotisserie', 'polarity': 'Negative'}, {'term': 'milkshake', 'polarity': 'Positive'}, {'term': 'Chicken shawarma plate', 'polarity': 'Neutral'}]","[{'category': 'general', 'polarity': 'neutral'}]",625
"['pouf', 'curb', 'Hollywood']","['Negative', 'Positive', 'Positive']","**You are a critic who can generate comments on the specified aspect and sentiment
We would like you to complete a sentence generation task. Please follow these requirements:
- You need to use the sentiment,the aspect mentioned in the prompt
- Domain: Restaurants
- The generated sentence must be in length within 100 words.
- the sentence should not have aspect words that are not specified in the prompt
- DO NOT REPEAT the input text in the output
- PRINT ONLY THE ANSWER TEXT NO EXPLAINING NOTHING ELSE, MAKE SURE TO USE ASPECT WORDS IN THE OUTPUT
- examples:
### input ###
aspect: glass of wine
polarity: Neutral
### Output ###
We ordered a glass of wine and were finished eating and paying before the wine came.
### input ###
aspect: soup and sandwich meal, hot and sour soup
polarity: positive, Positive
### Output ###
For a savory take on the soup and sandwich meal, try the hot and sour soup.
### input ###
aspect: guac, flavor, fresh salsa
polarity:Positive, Negative, Neutral
### Output ###
The guac is fresh, yet lacking flavor, we like to add our fresh salsa into it.
### input ###
aspect: BANANA PUDDING, CRABCAKES, MAC AND CHEESE
polarity:Negative, Negative,Negative
### Output ###
THE BANANA PUDDING THEY SERVE HAS NEVER SEEN AN OVEN,THE CRABCAKES ARE WAY OVER SALTED AND DON'T GET ME STARTED ON THE VERY GREASY MAC AND CHEESE.
**Now complete this task like example with ONE SENTENCE:
### Input ###
aspect: pouf,curb,Hollywood
polarity: Negative,Positive,Positive
###Output### ","The Hollywood location has a great curb appeal, but the parking area's pouf is a major inconvenience.","[{'term': 'pouf', 'polarity': 'Negative'}, {'term': 'curb', 'polarity': 'Positive'}, {'term': 'Hollywood', 'polarity': 'Positive'}]","[{'category': 'general', 'polarity': 'neutral'}]",627
"['lasagne', 'chorus', 'Chicken and waffles with maple syrup']","['Positive', 'Positive', 'Neutral']","**You are a critic who can generate comments on the specified aspect and sentiment
We would like you to complete a sentence generation task. Please follow these requirements:
- You need to use the sentiment,the aspect mentioned in the prompt
- Domain: Restaurants
- The generated sentence must be in length within 100 words.
- the sentence should not have aspect words that are not specified in the prompt
- DO NOT REPEAT the input text in the output
- PRINT ONLY THE ANSWER TEXT NO EXPLAINING NOTHING ELSE, MAKE SURE TO USE ASPECT WORDS IN THE OUTPUT
- examples:
### input ###
aspect: glass of wine
polarity: Neutral
### Output ###
We ordered a glass of wine and were finished eating and paying before the wine came.
### input ###
aspect: soup and sandwich meal, hot and sour soup
polarity: positive, Positive
### Output ###
For a savory take on the soup and sandwich meal, try the hot and sour soup.
### input ###
aspect: guac, flavor, fresh salsa
polarity:Positive, Negative, Neutral
### Output ###
The guac is fresh, yet lacking flavor, we like to add our fresh salsa into it.
### input ###
aspect: BANANA PUDDING, CRABCAKES, MAC AND CHEESE
polarity:Negative, Negative,Negative
### Output ###
THE BANANA PUDDING THEY SERVE HAS NEVER SEEN AN OVEN,THE CRABCAKES ARE WAY OVER SALTED AND DON'T GET ME STARTED ON THE VERY GREASY MAC AND CHEESE.
**Now complete this task like example with ONE SENTENCE:
### Input ###
aspect: lasagne,chorus,Chicken and waffles with maple syrup
polarity: Positive,Positive,Neutral
###Output### ","The lasagne was cooked to perfection, the chorus of satisfied sounds from the other diners was lovely, and the Chicken and waffles with maple syrup was a decent choice.","[{'term': 'lasagne', 'polarity': 'Positive'}, {'term': 'chorus', 'polarity': 'Positive'}, {'term': 'Chicken and waffles with maple syrup', 'polarity': 'Neutral'}]","[{'category': 'general', 'polarity': 'neutral'}]",630
"['applesauce', 'corona', 'peppercorn']","['Positive', 'Positive', 'Negative']","**You are a critic who can generate comments on the specified aspect and sentiment
We would like you to complete a sentence generation task. Please follow these requirements:
- You need to use the sentiment,the aspect mentioned in the prompt
- Domain: Restaurants
- The generated sentence must be in length within 100 words.
- the sentence should not have aspect words that are not specified in the prompt
- DO NOT REPEAT the input text in the output
- PRINT ONLY THE ANSWER TEXT NO EXPLAINING NOTHING ELSE, MAKE SURE TO USE ASPECT WORDS IN THE OUTPUT
- examples:
### input ###
aspect: glass of wine
polarity: Neutral
### Output ###
We ordered a glass of wine and were finished eating and paying before the wine came.
### input ###
aspect: soup and sandwich meal, hot and sour soup
polarity: positive, Positive
### Output ###
For a savory take on the soup and sandwich meal, try the hot and sour soup.
### input ###
aspect: guac, flavor, fresh salsa
polarity:Positive, Negative, Neutral
### Output ###
The guac is fresh, yet lacking flavor, we like to add our fresh salsa into it.
### input ###
aspect: BANANA PUDDING, CRABCAKES, MAC AND CHEESE
polarity:Negative, Negative,Negative
### Output ###
THE BANANA PUDDING THEY SERVE HAS NEVER SEEN AN OVEN,THE CRABCAKES ARE WAY OVER SALTED AND DON'T GET ME STARTED ON THE VERY GREASY MAC AND CHEESE.
**Now complete this task like example with ONE SENTENCE:
### Input ###
aspect: applesauce,corona,peppercorn
polarity: Positive,Positive,Negative
###Output### ","The corona beer pairs well with our meal, however the peppercorn sauce was a letdown, but the applesauce was a nice touch.","[{'term': 'applesauce', 'polarity': 'Positive'}, {'term': 'corona', 'polarity': 'Positive'}, {'term': 'peppercorn', 'polarity': 'Negative'}]","[{'category': 'general', 'polarity': 'neutral'}]",632
"['sidecar', 'Tuna and pasta', 'Roast beef sandwich with horseradish sauce']","['Positive', 'Positive', 'Negative']","**You are a critic who can generate comments on the specified aspect and sentiment
We would like you to complete a sentence generation task. Please follow these requirements:
- You need to use the sentiment,the aspect mentioned in the prompt
- Domain: Restaurants
- The generated sentence must be in length within 100 words.
- the sentence should not have aspect words that are not specified in the prompt
- DO NOT REPEAT the input text in the output
- PRINT ONLY THE ANSWER TEXT NO EXPLAINING NOTHING ELSE, MAKE SURE TO USE ASPECT WORDS IN THE OUTPUT
- examples:
### input ###
aspect: glass of wine
polarity: Neutral
### Output ###
We ordered a glass of wine and were finished eating and paying before the wine came.
### input ###
aspect: soup and sandwich meal, hot and sour soup
polarity: positive, Positive
### Output ###
For a savory take on the soup and sandwich meal, try the hot and sour soup.
### input ###
aspect: guac, flavor, fresh salsa
polarity:Positive, Negative, Neutral
### Output ###
The guac is fresh, yet lacking flavor, we like to add our fresh salsa into it.
### input ###
aspect: BANANA PUDDING, CRABCAKES, MAC AND CHEESE
polarity:Negative, Negative,Negative
### Output ###
THE BANANA PUDDING THEY SERVE HAS NEVER SEEN AN OVEN,THE CRABCAKES ARE WAY OVER SALTED AND DON'T GET ME STARTED ON THE VERY GREASY MAC AND CHEESE.
**Now complete this task like example with ONE SENTENCE:
### Input ###
aspect: sidecar,Tuna and pasta,Roast beef sandwich with horseradish sauce
polarity: Positive,Positive,Negative
###Output### ","The sidecar is well-made, the Tuna and pasta is a must-try, but unfortunately, the Roast beef sandwich with horseradish sauce is a disappointment.","[{'term': 'sidecar', 'polarity': 'Positive'}, {'term': 'Tuna and pasta', 'polarity': 'Positive'}, {'term': 'Roast beef sandwich with horseradish sauce', 'polarity': 'Negative'}]","[{'category': 'general', 'polarity': 'neutral'}]",634
"['pasta', 'tone', 'Shrimp and grits']","['Negative', 'Positive', 'Negative']","**You are a critic who can generate comments on the specified aspect and sentiment
We would like you to complete a sentence generation task. Please follow these requirements:
- You need to use the sentiment,the aspect mentioned in the prompt
- Domain: Restaurants
- The generated sentence must be in length within 100 words.
- the sentence should not have aspect words that are not specified in the prompt
- DO NOT REPEAT the input text in the output
- PRINT ONLY THE ANSWER TEXT NO EXPLAINING NOTHING ELSE, MAKE SURE TO USE ASPECT WORDS IN THE OUTPUT
- examples:
### input ###
aspect: glass of wine
polarity: Neutral
### Output ###
We ordered a glass of wine and were finished eating and paying before the wine came.
### input ###
aspect: soup and sandwich meal, hot and sour soup
polarity: positive, Positive
### Output ###
For a savory take on the soup and sandwich meal, try the hot and sour soup.
### input ###
aspect: guac, flavor, fresh salsa
polarity:Positive, Negative, Neutral
### Output ###
The guac is fresh, yet lacking flavor, we like to add our fresh salsa into it.
### input ###
aspect: BANANA PUDDING, CRABCAKES, MAC AND CHEESE
polarity:Negative, Negative,Negative
### Output ###
THE BANANA PUDDING THEY SERVE HAS NEVER SEEN AN OVEN,THE CRABCAKES ARE WAY OVER SALTED AND DON'T GET ME STARTED ON THE VERY GREASY MAC AND CHEESE.
**Now complete this task like example with ONE SENTENCE:
### Input ###
aspect: pasta,tone,Shrimp and grits
polarity: Negative,Positive,Negative
###Output### ","The pasta was overcooked, the tone of the chef was pleasant, but the Shrimp and grits lacked seasoning.","[{'term': 'pasta', 'polarity': 'Negative'}, {'term': 'tone', 'polarity': 'Positive'}, {'term': 'Shrimp and grits', 'polarity': 'Negative'}]","[{'category': 'general', 'polarity': 'neutral'}]",636
"['piece', 'Vegetables and rice', 'tapper']","['Positive', 'Positive', 'Negative']","**You are a critic who can generate comments on the specified aspect and sentiment
We would like you to complete a sentence generation task. Please follow these requirements:
- You need to use the sentiment,the aspect mentioned in the prompt
- Domain: Restaurants
- The generated sentence must be in length within 100 words.
- the sentence should not have aspect words that are not specified in the prompt
- DO NOT REPEAT the input text in the output
- PRINT ONLY THE ANSWER TEXT NO EXPLAINING NOTHING ELSE, MAKE SURE TO USE ASPECT WORDS IN THE OUTPUT
- examples:
### input ###
aspect: glass of wine
polarity: Neutral
### Output ###
We ordered a glass of wine and were finished eating and paying before the wine came.
### input ###
aspect: soup and sandwich meal, hot and sour soup
polarity: positive, Positive
### Output ###
For a savory take on the soup and sandwich meal, try the hot and sour soup.
### input ###
aspect: guac, flavor, fresh salsa
polarity:Positive, Negative, Neutral
### Output ###
The guac is fresh, yet lacking flavor, we like to add our fresh salsa into it.
### input ###
aspect: BANANA PUDDING, CRABCAKES, MAC AND CHEESE
polarity:Negative, Negative,Negative
### Output ###
THE BANANA PUDDING THEY SERVE HAS NEVER SEEN AN OVEN,THE CRABCAKES ARE WAY OVER SALTED AND DON'T GET ME STARTED ON THE VERY GREASY MAC AND CHEESE.
**Now complete this task like example with ONE SENTENCE:
### Input ###
aspect: piece,Vegetables and rice,tapper
polarity: Positive,Positive,Negative
###Output### ","The tapper is attentive, the Vegetables and rice are cooked to perfection, but the piece of it is a bit too small.","[{'term': 'piece', 'polarity': 'Positive'}, {'term': 'Vegetables and rice', 'polarity': 'Positive'}, {'term': 'tapper', 'polarity': 'Negative'}]","[{'category': 'general', 'polarity': 'neutral'}]",640
"['belladonna', 'refrain', 'man']","['Positive', 'Neutral', 'Positive']","**You are a critic who can generate comments on the specified aspect and sentiment
We would like you to complete a sentence generation task. Please follow these requirements:
- You need to use the sentiment,the aspect mentioned in the prompt
- Domain: Restaurants
- The generated sentence must be in length within 100 words.
- the sentence should not have aspect words that are not specified in the prompt
- DO NOT REPEAT the input text in the output
- PRINT ONLY THE ANSWER TEXT NO EXPLAINING NOTHING ELSE, MAKE SURE TO USE ASPECT WORDS IN THE OUTPUT
- examples:
### input ###
aspect: glass of wine
polarity: Neutral
### Output ###
We ordered a glass of wine and were finished eating and paying before the wine came.
### input ###
aspect: soup and sandwich meal, hot and sour soup
polarity: positive, Positive
### Output ###
For a savory take on the soup and sandwich meal, try the hot and sour soup.
### input ###
aspect: guac, flavor, fresh salsa
polarity:Positive, Negative, Neutral
### Output ###
The guac is fresh, yet lacking flavor, we like to add our fresh salsa into it.
### input ###
aspect: BANANA PUDDING, CRABCAKES, MAC AND CHEESE
polarity:Negative, Negative,Negative
### Output ###
THE BANANA PUDDING THEY SERVE HAS NEVER SEEN AN OVEN,THE CRABCAKES ARE WAY OVER SALTED AND DON'T GET ME STARTED ON THE VERY GREASY MAC AND CHEESE.
**Now complete this task like example with ONE SENTENCE:
### Input ###
aspect: belladonna,refrain,man
polarity: Positive,Neutral,Positive
###Output### ","The band's lead man has a powerful voice and the refrain is catchy, but the use of belladonna as a lyrical theme is somewhat confusing.","[{'term': 'belladonna', 'polarity': 'Positive'}, {'term': 'refrain', 'polarity': 'Neutral'}, {'term': 'man', 'polarity': 'Positive'}]","[{'category': 'general', 'polarity': 'neutral'}]",641
"['maconnais', 'preposition', 'Cheese fondue (with bread)']","['Positive', 'Negative', 'Neutral']","**You are a critic who can generate comments on the specified aspect and sentiment
We would like you to complete a sentence generation task. Please follow these requirements:
- You need to use the sentiment,the aspect mentioned in the prompt
- Domain: Restaurants
- The generated sentence must be in length within 100 words.
- the sentence should not have aspect words that are not specified in the prompt
- DO NOT REPEAT the input text in the output
- PRINT ONLY THE ANSWER TEXT NO EXPLAINING NOTHING ELSE, MAKE SURE TO USE ASPECT WORDS IN THE OUTPUT
- examples:
### input ###
aspect: glass of wine
polarity: Neutral
### Output ###
We ordered a glass of wine and were finished eating and paying before the wine came.
### input ###
aspect: soup and sandwich meal, hot and sour soup
polarity: positive, Positive
### Output ###
For a savory take on the soup and sandwich meal, try the hot and sour soup.
### input ###
aspect: guac, flavor, fresh salsa
polarity:Positive, Negative, Neutral
### Output ###
The guac is fresh, yet lacking flavor, we like to add our fresh salsa into it.
### input ###
aspect: BANANA PUDDING, CRABCAKES, MAC AND CHEESE
polarity:Negative, Negative,Negative
### Output ###
THE BANANA PUDDING THEY SERVE HAS NEVER SEEN AN OVEN,THE CRABCAKES ARE WAY OVER SALTED AND DON'T GET ME STARTED ON THE VERY GREASY MAC AND CHEESE.
**Now complete this task like example with ONE SENTENCE:
### Input ###
aspect: maconnais,preposition,Cheese fondue (with bread)
polarity: Positive,Negative,Neutral
###Output### ",We enjoyed the rich flavors of the maconnais with the Cheese fondue (with bread) but were disappointed with the preposition used on the menu.,"[{'term': 'maconnais', 'polarity': 'Positive'}, {'term': 'preposition', 'polarity': 'Negative'}, {'term': 'Cheese fondue (with bread)', 'polarity': 'Neutral'}]","[{'category': 'general', 'polarity': 'neutral'}]",643
"['spice', 'BLT', 'cell']","['Positive', 'Positive', 'Negative']","**You are a critic who can generate comments on the specified aspect and sentiment
We would like you to complete a sentence generation task. Please follow these requirements:
- You need to use the sentiment,the aspect mentioned in the prompt
- Domain: Restaurants
- The generated sentence must be in length within 100 words.
- the sentence should not have aspect words that are not specified in the prompt
- DO NOT REPEAT the input text in the output
- PRINT ONLY THE ANSWER TEXT NO EXPLAINING NOTHING ELSE, MAKE SURE TO USE ASPECT WORDS IN THE OUTPUT
- examples:
### input ###
aspect: glass of wine
polarity: Neutral
### Output ###
We ordered a glass of wine and were finished eating and paying before the wine came.
### input ###
aspect: soup and sandwich meal, hot and sour soup
polarity: positive, Positive
### Output ###
For a savory take on the soup and sandwich meal, try the hot and sour soup.
### input ###
aspect: guac, flavor, fresh salsa
polarity:Positive, Negative, Neutral
### Output ###
The guac is fresh, yet lacking flavor, we like to add our fresh salsa into it.
### input ###
aspect: BANANA PUDDING, CRABCAKES, MAC AND CHEESE
polarity:Negative, Negative,Negative
### Output ###
THE BANANA PUDDING THEY SERVE HAS NEVER SEEN AN OVEN,THE CRABCAKES ARE WAY OVER SALTED AND DON'T GET ME STARTED ON THE VERY GREASY MAC AND CHEESE.
**Now complete this task like example with ONE SENTENCE:
### Input ###
aspect: spice,BLT,cell
polarity: Positive,Positive,Negative
###Output### ","The spice level in their dishes is perfect, but the BLT could be improved with crisper bacon, and unfortunately, the service at the cell phone charging station was slow.","[{'term': 'spice', 'polarity': 'Positive'}, {'term': 'BLT', 'polarity': 'Positive'}, {'term': 'cell', 'polarity': 'Negative'}]","[{'category': 'general', 'polarity': 'neutral'}]",644
"['adhesive', 'carrier', 'infix']","['Positive', 'Positive', 'Negative']","**You are a critic who can generate comments on the specified aspect and sentiment
We would like you to complete a sentence generation task. Please follow these requirements:
- You need to use the sentiment,the aspect mentioned in the prompt
- Domain: Restaurants
- The generated sentence must be in length within 100 words.
- the sentence should not have aspect words that are not specified in the prompt
- DO NOT REPEAT the input text in the output
- PRINT ONLY THE ANSWER TEXT NO EXPLAINING NOTHING ELSE, MAKE SURE TO USE ASPECT WORDS IN THE OUTPUT
- examples:
### input ###
aspect: glass of wine
polarity: Neutral
### Output ###
We ordered a glass of wine and were finished eating and paying before the wine came.
### input ###
aspect: soup and sandwich meal, hot and sour soup
polarity: positive, Positive
### Output ###
For a savory take on the soup and sandwich meal, try the hot and sour soup.
### input ###
aspect: guac, flavor, fresh salsa
polarity:Positive, Negative, Neutral
### Output ###
The guac is fresh, yet lacking flavor, we like to add our fresh salsa into it.
### input ###
aspect: BANANA PUDDING, CRABCAKES, MAC AND CHEESE
polarity:Negative, Negative,Negative
### Output ###
THE BANANA PUDDING THEY SERVE HAS NEVER SEEN AN OVEN,THE CRABCAKES ARE WAY OVER SALTED AND DON'T GET ME STARTED ON THE VERY GREASY MAC AND CHEESE.
**Now complete this task like example with ONE SENTENCE:
### Input ###
aspect: adhesive,carrier,infix
polarity: Positive,Positive,Negative
###Output### ","The restaurant's adhesive menu was easy to use, but unfortunately, the carrier service for takeout was unreliable and the infix pricing system was confusing.","[{'term': 'adhesive', 'polarity': 'Positive'}, {'term': 'carrier', 'polarity': 'Positive'}, {'term': 'infix', 'polarity': 'Negative'}]","[{'category': 'general', 'polarity': 'neutral'}]",646
"['tea', 'BBQ chicken wings', 'film']","['Negative', 'Negative', 'Positive']","**You are a critic who can generate comments on the specified aspect and sentiment
We would like you to complete a sentence generation task. Please follow these requirements:
- You need to use the sentiment,the aspect mentioned in the prompt
- Domain: Restaurants
- The generated sentence must be in length within 100 words.
- the sentence should not have aspect words that are not specified in the prompt
- DO NOT REPEAT the input text in the output
- PRINT ONLY THE ANSWER TEXT NO EXPLAINING NOTHING ELSE, MAKE SURE TO USE ASPECT WORDS IN THE OUTPUT
- examples:
### input ###
aspect: glass of wine
polarity: Neutral
### Output ###
We ordered a glass of wine and were finished eating and paying before the wine came.
### input ###
aspect: soup and sandwich meal, hot and sour soup
polarity: positive, Positive
### Output ###
For a savory take on the soup and sandwich meal, try the hot and sour soup.
### input ###
aspect: guac, flavor, fresh salsa
polarity:Positive, Negative, Neutral
### Output ###
The guac is fresh, yet lacking flavor, we like to add our fresh salsa into it.
### input ###
aspect: BANANA PUDDING, CRABCAKES, MAC AND CHEESE
polarity:Negative, Negative,Negative
### Output ###
THE BANANA PUDDING THEY SERVE HAS NEVER SEEN AN OVEN,THE CRABCAKES ARE WAY OVER SALTED AND DON'T GET ME STARTED ON THE VERY GREASY MAC AND CHEESE.
**Now complete this task like example with ONE SENTENCE:
### Input ###
aspect: tea,BBQ chicken wings,film
polarity: Negative,Negative,Positive
###Output### ","The film was entertaining, but the tea was overpriced and the BBQ chicken wings were a letdown.","[{'term': 'tea', 'polarity': 'Negative'}, {'term': 'BBQ chicken wings', 'polarity': 'Negative'}, {'term': 'film', 'polarity': 'Positive'}]","[{'category': 'general', 'polarity': 'neutral'}]",652
"['kedgeree', 'Grilled salmon (with lemon dill sauce)', 'spread']","['Positive', 'Neutral', 'Negative']","**You are a critic who can generate comments on the specified aspect and sentiment
We would like you to complete a sentence generation task. Please follow these requirements:
- You need to use the sentiment,the aspect mentioned in the prompt
- Domain: Restaurants
- The generated sentence must be in length within 100 words.
- the sentence should not have aspect words that are not specified in the prompt
- DO NOT REPEAT the input text in the output
- PRINT ONLY THE ANSWER TEXT NO EXPLAINING NOTHING ELSE, MAKE SURE TO USE ASPECT WORDS IN THE OUTPUT
- examples:
### input ###
aspect: glass of wine
polarity: Neutral
### Output ###
We ordered a glass of wine and were finished eating and paying before the wine came.
### input ###
aspect: soup and sandwich meal, hot and sour soup
polarity: positive, Positive
### Output ###
For a savory take on the soup and sandwich meal, try the hot and sour soup.
### input ###
aspect: guac, flavor, fresh salsa
polarity:Positive, Negative, Neutral
### Output ###
The guac is fresh, yet lacking flavor, we like to add our fresh salsa into it.
### input ###
aspect: BANANA PUDDING, CRABCAKES, MAC AND CHEESE
polarity:Negative, Negative,Negative
### Output ###
THE BANANA PUDDING THEY SERVE HAS NEVER SEEN AN OVEN,THE CRABCAKES ARE WAY OVER SALTED AND DON'T GET ME STARTED ON THE VERY GREASY MAC AND CHEESE.
**Now complete this task like example with ONE SENTENCE:
### Input ###
aspect: kedgeree,Grilled salmon (with lemon dill sauce),spread
polarity: Positive,Neutral,Negative
###Output### ","The kedgeree was well-seasoned, but the Grilled salmon (with lemon dill sauce) lacked a bit of zing and the spread was uninspired.","[{'term': 'kedgeree', 'polarity': 'Positive'}, {'term': 'Grilled salmon (with lemon dill sauce)', 'polarity': 'Neutral'}, {'term': 'spread', 'polarity': 'Negative'}]","[{'category': 'general', 'polarity': 'neutral'}]",653
"['liquid', 'service', 'Mushroom risotto']","['Neutral', 'Positive', 'Positive']","**You are a critic who can generate comments on the specified aspect and sentiment
We would like you to complete a sentence generation task. Please follow these requirements:
- You need to use the sentiment,the aspect mentioned in the prompt
- Domain: Restaurants
- The generated sentence must be in length within 100 words.
- the sentence should not have aspect words that are not specified in the prompt
- DO NOT REPEAT the input text in the output
- PRINT ONLY THE ANSWER TEXT NO EXPLAINING NOTHING ELSE, MAKE SURE TO USE ASPECT WORDS IN THE OUTPUT
- examples:
### input ###
aspect: glass of wine
polarity: Neutral
### Output ###
We ordered a glass of wine and were finished eating and paying before the wine came.
### input ###
aspect: soup and sandwich meal, hot and sour soup
polarity: positive, Positive
### Output ###
For a savory take on the soup and sandwich meal, try the hot and sour soup.
### input ###
aspect: guac, flavor, fresh salsa
polarity:Positive, Negative, Neutral
### Output ###
The guac is fresh, yet lacking flavor, we like to add our fresh salsa into it.
### input ###
aspect: BANANA PUDDING, CRABCAKES, MAC AND CHEESE
polarity:Negative, Negative,Negative
### Output ###
THE BANANA PUDDING THEY SERVE HAS NEVER SEEN AN OVEN,THE CRABCAKES ARE WAY OVER SALTED AND DON'T GET ME STARTED ON THE VERY GREASY MAC AND CHEESE.
**Now complete this task like example with ONE SENTENCE:
### Input ###
aspect: liquid,service,Mushroom risotto
polarity: Neutral,Positive,Positive
###Output### ","The service was attentive, but the liquid portion of the Mushroom risotto was slightly overcooked.","[{'term': 'liquid', 'polarity': 'Neutral'}, {'term': 'service', 'polarity': 'Positive'}, {'term': 'Mushroom risotto', 'polarity': 'Positive'}]","[{'category': 'general', 'polarity': 'neutral'}]",655
"['bars', 'hydroxide', 'residuum']","['Negative', 'Positive', 'Positive']","**You are a critic who can generate comments on the specified aspect and sentiment
We would like you to complete a sentence generation task. Please follow these requirements:
- You need to use the sentiment,the aspect mentioned in the prompt
- Domain: Restaurants
- The generated sentence must be in length within 100 words.
- the sentence should not have aspect words that are not specified in the prompt
- DO NOT REPEAT the input text in the output
- PRINT ONLY THE ANSWER TEXT NO EXPLAINING NOTHING ELSE, MAKE SURE TO USE ASPECT WORDS IN THE OUTPUT
- examples:
### input ###
aspect: glass of wine
polarity: Neutral
### Output ###
We ordered a glass of wine and were finished eating and paying before the wine came.
### input ###
aspect: soup and sandwich meal, hot and sour soup
polarity: positive, Positive
### Output ###
For a savory take on the soup and sandwich meal, try the hot and sour soup.
### input ###
aspect: guac, flavor, fresh salsa
polarity:Positive, Negative, Neutral
### Output ###
The guac is fresh, yet lacking flavor, we like to add our fresh salsa into it.
### input ###
aspect: BANANA PUDDING, CRABCAKES, MAC AND CHEESE
polarity:Negative, Negative,Negative
### Output ###
THE BANANA PUDDING THEY SERVE HAS NEVER SEEN AN OVEN,THE CRABCAKES ARE WAY OVER SALTED AND DON'T GET ME STARTED ON THE VERY GREASY MAC AND CHEESE.
**Now complete this task like example with ONE SENTENCE:
### Input ###
aspect: bars,hydroxide,residuum
polarity: Negative,Positive,Positive
###Output### ",The bars have a poor ambiance but the hydroxide in the cleaning products is effective and the residuum from the cleaning process is minimal.,"[{'term': 'bars', 'polarity': 'Negative'}, {'term': 'hydroxide', 'polarity': 'Positive'}, {'term': 'residuum', 'polarity': 'Positive'}]","[{'category': 'general', 'polarity': 'neutral'}]",656
"['western', 'Fish fingers (with tartar sauce)', 'Mushroom risotto']","['Neutral', 'Negative', 'Negative']","**You are a critic who can generate comments on the specified aspect and sentiment
We would like you to complete a sentence generation task. Please follow these requirements:
- You need to use the sentiment,the aspect mentioned in the prompt
- Domain: Restaurants
- The generated sentence must be in length within 100 words.
- the sentence should not have aspect words that are not specified in the prompt
- DO NOT REPEAT the input text in the output
- PRINT ONLY THE ANSWER TEXT NO EXPLAINING NOTHING ELSE, MAKE SURE TO USE ASPECT WORDS IN THE OUTPUT
- examples:
### input ###
aspect: glass of wine
polarity: Neutral
### Output ###
We ordered a glass of wine and were finished eating and paying before the wine came.
### input ###
aspect: soup and sandwich meal, hot and sour soup
polarity: positive, Positive
### Output ###
For a savory take on the soup and sandwich meal, try the hot and sour soup.
### input ###
aspect: guac, flavor, fresh salsa
polarity:Positive, Negative, Neutral
### Output ###
The guac is fresh, yet lacking flavor, we like to add our fresh salsa into it.
### input ###
aspect: BANANA PUDDING, CRABCAKES, MAC AND CHEESE
polarity:Negative, Negative,Negative
### Output ###
THE BANANA PUDDING THEY SERVE HAS NEVER SEEN AN OVEN,THE CRABCAKES ARE WAY OVER SALTED AND DON'T GET ME STARTED ON THE VERY GREASY MAC AND CHEESE.
**Now complete this task like example with ONE SENTENCE:
### Input ###
aspect: western,Fish fingers (with tartar sauce),Mushroom risotto
polarity: Neutral,Negative,Negative
###Output### ","The western portion of our meal was just average, but unfortunately, the Fish fingers (with tartar sauce) were a letdown and the Mushroom risotto was also underwhelming.","[{'term': 'western', 'polarity': 'Neutral'}, {'term': 'Fish fingers (with tartar sauce)', 'polarity': 'Negative'}, {'term': 'Mushroom risotto', 'polarity': 'Negative'}]","[{'category': 'general', 'polarity': 'neutral'}]",657
"['cannelloni', 'provisions', 'Edam']","['Positive', 'Negative', 'Negative']","**You are a critic who can generate comments on the specified aspect and sentiment
We would like you to complete a sentence generation task. Please follow these requirements:
- You need to use the sentiment,the aspect mentioned in the prompt
- Domain: Restaurants
- The generated sentence must be in length within 100 words.
- the sentence should not have aspect words that are not specified in the prompt
- DO NOT REPEAT the input text in the output
- PRINT ONLY THE ANSWER TEXT NO EXPLAINING NOTHING ELSE, MAKE SURE TO USE ASPECT WORDS IN THE OUTPUT
- examples:
### input ###
aspect: glass of wine
polarity: Neutral
### Output ###
We ordered a glass of wine and were finished eating and paying before the wine came.
### input ###
aspect: soup and sandwich meal, hot and sour soup
polarity: positive, Positive
### Output ###
For a savory take on the soup and sandwich meal, try the hot and sour soup.
### input ###
aspect: guac, flavor, fresh salsa
polarity:Positive, Negative, Neutral
### Output ###
The guac is fresh, yet lacking flavor, we like to add our fresh salsa into it.
### input ###
aspect: BANANA PUDDING, CRABCAKES, MAC AND CHEESE
polarity:Negative, Negative,Negative
### Output ###
THE BANANA PUDDING THEY SERVE HAS NEVER SEEN AN OVEN,THE CRABCAKES ARE WAY OVER SALTED AND DON'T GET ME STARTED ON THE VERY GREASY MAC AND CHEESE.
**Now complete this task like example with ONE SENTENCE:
### Input ###
aspect: cannelloni,provisions,Edam
polarity: Positive,Negative,Negative
###Output### ","The cannelloni was a highlight, but the restaurant's lack of provisions and subpar Edam cheese were major letdowns.","[{'term': 'cannelloni', 'polarity': 'Positive'}, {'term': 'provisions', 'polarity': 'Negative'}, {'term': 'Edam', 'polarity': 'Negative'}]","[{'category': 'general', 'polarity': 'neutral'}]",658
"['banquet', 'cereal', 'incense']","['Positive', 'Positive', 'Negative']","**You are a critic who can generate comments on the specified aspect and sentiment
We would like you to complete a sentence generation task. Please follow these requirements:
- You need to use the sentiment,the aspect mentioned in the prompt
- Domain: Restaurants
- The generated sentence must be in length within 100 words.
- the sentence should not have aspect words that are not specified in the prompt
- DO NOT REPEAT the input text in the output
- PRINT ONLY THE ANSWER TEXT NO EXPLAINING NOTHING ELSE, MAKE SURE TO USE ASPECT WORDS IN THE OUTPUT
- examples:
### input ###
aspect: glass of wine
polarity: Neutral
### Output ###
We ordered a glass of wine and were finished eating and paying before the wine came.
### input ###
aspect: soup and sandwich meal, hot and sour soup
polarity: positive, Positive
### Output ###
For a savory take on the soup and sandwich meal, try the hot and sour soup.
### input ###
aspect: guac, flavor, fresh salsa
polarity:Positive, Negative, Neutral
### Output ###
The guac is fresh, yet lacking flavor, we like to add our fresh salsa into it.
### input ###
aspect: BANANA PUDDING, CRABCAKES, MAC AND CHEESE
polarity:Negative, Negative,Negative
### Output ###
THE BANANA PUDDING THEY SERVE HAS NEVER SEEN AN OVEN,THE CRABCAKES ARE WAY OVER SALTED AND DON'T GET ME STARTED ON THE VERY GREASY MAC AND CHEESE.
**Now complete this task like example with ONE SENTENCE:
### Input ###
aspect: banquet,cereal,incense
polarity: Positive,Positive,Negative
###Output### ","The banquet hall was beautifully decorated, and the cereal was a delightful breakfast option, but unfortunately, the incense was overpowering.","[{'term': 'banquet', 'polarity': 'Positive'}, {'term': 'cereal', 'polarity': 'Positive'}, {'term': 'incense', 'polarity': 'Negative'}]","[{'category': 'general', 'polarity': 'neutral'}]",668
"['birthplace', 'Eggplant parmesan', 'tobacco']","['Negative', 'Negative', 'Neutral']","**You are a critic who can generate comments on the specified aspect and sentiment
We would like you to complete a sentence generation task. Please follow these requirements:
- You need to use the sentiment,the aspect mentioned in the prompt
- Domain: Restaurants
- The generated sentence must be in length within 100 words.
- the sentence should not have aspect words that are not specified in the prompt
- DO NOT REPEAT the input text in the output
- PRINT ONLY THE ANSWER TEXT NO EXPLAINING NOTHING ELSE, MAKE SURE TO USE ASPECT WORDS IN THE OUTPUT
- examples:
### input ###
aspect: glass of wine
polarity: Neutral
### Output ###
We ordered a glass of wine and were finished eating and paying before the wine came.
### input ###
aspect: soup and sandwich meal, hot and sour soup
polarity: positive, Positive
### Output ###
For a savory take on the soup and sandwich meal, try the hot and sour soup.
### input ###
aspect: guac, flavor, fresh salsa
polarity:Positive, Negative, Neutral
### Output ###
The guac is fresh, yet lacking flavor, we like to add our fresh salsa into it.
### input ###
aspect: BANANA PUDDING, CRABCAKES, MAC AND CHEESE
polarity:Negative, Negative,Negative
### Output ###
THE BANANA PUDDING THEY SERVE HAS NEVER SEEN AN OVEN,THE CRABCAKES ARE WAY OVER SALTED AND DON'T GET ME STARTED ON THE VERY GREASY MAC AND CHEESE.
**Now complete this task like example with ONE SENTENCE:
### Input ###
aspect: birthplace,Eggplant parmesan,tobacco
polarity: Negative,Negative,Neutral
###Output### ","We were disappointed to learn that the restaurant's birthplace has no influence on the subpar Eggplant parmesan, and we also found their tobacco policy to be non-existent.","[{'term': 'birthplace', 'polarity': 'Negative'}, {'term': 'Eggplant parmesan', 'polarity': 'Negative'}, {'term': 'tobacco', 'polarity': 'Neutral'}]","[{'category': 'general', 'polarity': 'neutral'}]",669
"['cannelloni', 'Pulled chicken tacos', 'click']","['Neutral', 'Positive', 'Positive']","**You are a critic who can generate comments on the specified aspect and sentiment
We would like you to complete a sentence generation task. Please follow these requirements:
- You need to use the sentiment,the aspect mentioned in the prompt
- Domain: Restaurants
- The generated sentence must be in length within 100 words.
- the sentence should not have aspect words that are not specified in the prompt
- DO NOT REPEAT the input text in the output
- PRINT ONLY THE ANSWER TEXT NO EXPLAINING NOTHING ELSE, MAKE SURE TO USE ASPECT WORDS IN THE OUTPUT
- examples:
### input ###
aspect: glass of wine
polarity: Neutral
### Output ###
We ordered a glass of wine and were finished eating and paying before the wine came.
### input ###
aspect: soup and sandwich meal, hot and sour soup
polarity: positive, Positive
### Output ###
For a savory take on the soup and sandwich meal, try the hot and sour soup.
### input ###
aspect: guac, flavor, fresh salsa
polarity:Positive, Negative, Neutral
### Output ###
The guac is fresh, yet lacking flavor, we like to add our fresh salsa into it.
### input ###
aspect: BANANA PUDDING, CRABCAKES, MAC AND CHEESE
polarity:Negative, Negative,Negative
### Output ###
THE BANANA PUDDING THEY SERVE HAS NEVER SEEN AN OVEN,THE CRABCAKES ARE WAY OVER SALTED AND DON'T GET ME STARTED ON THE VERY GREASY MAC AND CHEESE.
**Now complete this task like example with ONE SENTENCE:
### Input ###
aspect: cannelloni,Pulled chicken tacos,click
polarity: Neutral,Positive,Positive
###Output### ","The service was friendly, but the click ordering system was a bit confusing, and the cannelloni was just average, however the Pulled chicken tacos were a highlight.","[{'term': 'cannelloni', 'polarity': 'Neutral'}, {'term': 'Pulled chicken tacos', 'polarity': 'Positive'}, {'term': 'click', 'polarity': 'Positive'}]","[{'category': 'general', 'polarity': 'neutral'}]",670
"['beefburger', 'Pulled chicken (with BBQ sauce)', 'Eggplant parmesan']","['Negative', 'Positive', 'Positive']","**You are a critic who can generate comments on the specified aspect and sentiment
We would like you to complete a sentence generation task. Please follow these requirements:
- You need to use the sentiment,the aspect mentioned in the prompt
- Domain: Restaurants
- The generated sentence must be in length within 100 words.
- the sentence should not have aspect words that are not specified in the prompt
- DO NOT REPEAT the input text in the output
- PRINT ONLY THE ANSWER TEXT NO EXPLAINING NOTHING ELSE, MAKE SURE TO USE ASPECT WORDS IN THE OUTPUT
- examples:
### input ###
aspect: glass of wine
polarity: Neutral
### Output ###
We ordered a glass of wine and were finished eating and paying before the wine came.
### input ###
aspect: soup and sandwich meal, hot and sour soup
polarity: positive, Positive
### Output ###
For a savory take on the soup and sandwich meal, try the hot and sour soup.
### input ###
aspect: guac, flavor, fresh salsa
polarity:Positive, Negative, Neutral
### Output ###
The guac is fresh, yet lacking flavor, we like to add our fresh salsa into it.
### input ###
aspect: BANANA PUDDING, CRABCAKES, MAC AND CHEESE
polarity:Negative, Negative,Negative
### Output ###
THE BANANA PUDDING THEY SERVE HAS NEVER SEEN AN OVEN,THE CRABCAKES ARE WAY OVER SALTED AND DON'T GET ME STARTED ON THE VERY GREASY MAC AND CHEESE.
**Now complete this task like example with ONE SENTENCE:
### Input ###
aspect: beefburger,Pulled chicken (with BBQ sauce),Eggplant parmesan
polarity: Negative,Positive,Positive
###Output### ","The beefburger was overcooked, but the Pulled chicken (with BBQ sauce) and Eggplant parmesan were a delightful surprise.","[{'term': 'beefburger', 'polarity': 'Negative'}, {'term': 'Pulled chicken (with BBQ sauce)', 'polarity': 'Positive'}, {'term': 'Eggplant parmesan', 'polarity': 'Positive'}]","[{'category': 'general', 'polarity': 'neutral'}]",671
"['decalcomania', 'lager', 'wood']","['Positive', 'Negative', 'Neutral']","**You are a critic who can generate comments on the specified aspect and sentiment
We would like you to complete a sentence generation task. Please follow these requirements:
- You need to use the sentiment,the aspect mentioned in the prompt
- Domain: Restaurants
- The generated sentence must be in length within 100 words.
- the sentence should not have aspect words that are not specified in the prompt
- DO NOT REPEAT the input text in the output
- PRINT ONLY THE ANSWER TEXT NO EXPLAINING NOTHING ELSE, MAKE SURE TO USE ASPECT WORDS IN THE OUTPUT
- examples:
### input ###
aspect: glass of wine
polarity: Neutral
### Output ###
We ordered a glass of wine and were finished eating and paying before the wine came.
### input ###
aspect: soup and sandwich meal, hot and sour soup
polarity: positive, Positive
### Output ###
For a savory take on the soup and sandwich meal, try the hot and sour soup.
### input ###
aspect: guac, flavor, fresh salsa
polarity:Positive, Negative, Neutral
### Output ###
The guac is fresh, yet lacking flavor, we like to add our fresh salsa into it.
### input ###
aspect: BANANA PUDDING, CRABCAKES, MAC AND CHEESE
polarity:Negative, Negative,Negative
### Output ###
THE BANANA PUDDING THEY SERVE HAS NEVER SEEN AN OVEN,THE CRABCAKES ARE WAY OVER SALTED AND DON'T GET ME STARTED ON THE VERY GREASY MAC AND CHEESE.
**Now complete this task like example with ONE SENTENCE:
### Input ###
aspect: decalcomania,lager,wood
polarity: Positive,Negative,Neutral
###Output### ","The decalcomania artwork is stunning, but unfortunately, the lager selection is limited and the wood decor feels somewhat uninspired.","[{'term': 'decalcomania', 'polarity': 'Positive'}, {'term': 'lager', 'polarity': 'Negative'}, {'term': 'wood', 'polarity': 'Neutral'}]","[{'category': 'general', 'polarity': 'neutral'}]",673
"['turnover', 'tablet', 'Apple pie']","['Positive', 'Negative', 'Negative']","**You are a critic who can generate comments on the specified aspect and sentiment
We would like you to complete a sentence generation task. Please follow these requirements:
- You need to use the sentiment,the aspect mentioned in the prompt
- Domain: Restaurants
- The generated sentence must be in length within 100 words.
- the sentence should not have aspect words that are not specified in the prompt
- DO NOT REPEAT the input text in the output
- PRINT ONLY THE ANSWER TEXT NO EXPLAINING NOTHING ELSE, MAKE SURE TO USE ASPECT WORDS IN THE OUTPUT
- examples:
### input ###
aspect: glass of wine
polarity: Neutral
### Output ###
We ordered a glass of wine and were finished eating and paying before the wine came.
### input ###
aspect: soup and sandwich meal, hot and sour soup
polarity: positive, Positive
### Output ###
For a savory take on the soup and sandwich meal, try the hot and sour soup.
### input ###
aspect: guac, flavor, fresh salsa
polarity:Positive, Negative, Neutral
### Output ###
The guac is fresh, yet lacking flavor, we like to add our fresh salsa into it.
### input ###
aspect: BANANA PUDDING, CRABCAKES, MAC AND CHEESE
polarity:Negative, Negative,Negative
### Output ###
THE BANANA PUDDING THEY SERVE HAS NEVER SEEN AN OVEN,THE CRABCAKES ARE WAY OVER SALTED AND DON'T GET ME STARTED ON THE VERY GREASY MAC AND CHEESE.
**Now complete this task like example with ONE SENTENCE:
### Input ###
aspect: turnover,tablet,Apple pie
polarity: Positive,Negative,Negative
###Output### ","The turnover is a delight, but the tablet's interface can be frustrating, and unfortunately, the Apple pie was a letdown.","[{'term': 'turnover', 'polarity': 'Positive'}, {'term': 'tablet', 'polarity': 'Negative'}, {'term': 'Apple pie', 'polarity': 'Negative'}]","[{'category': 'general', 'polarity': 'neutral'}]",674
"['pasturage', 'communisation', 'nosh-up']","['Negative', 'Negative', 'Positive']","**You are a critic who can generate comments on the specified aspect and sentiment
We would like you to complete a sentence generation task. Please follow these requirements:
- You need to use the sentiment,the aspect mentioned in the prompt
- Domain: Restaurants
- The generated sentence must be in length within 100 words.
- the sentence should not have aspect words that are not specified in the prompt
- DO NOT REPEAT the input text in the output
- PRINT ONLY THE ANSWER TEXT NO EXPLAINING NOTHING ELSE, MAKE SURE TO USE ASPECT WORDS IN THE OUTPUT
- examples:
### input ###
aspect: glass of wine
polarity: Neutral
### Output ###
We ordered a glass of wine and were finished eating and paying before the wine came.
### input ###
aspect: soup and sandwich meal, hot and sour soup
polarity: positive, Positive
### Output ###
For a savory take on the soup and sandwich meal, try the hot and sour soup.
### input ###
aspect: guac, flavor, fresh salsa
polarity:Positive, Negative, Neutral
### Output ###
The guac is fresh, yet lacking flavor, we like to add our fresh salsa into it.
### input ###
aspect: BANANA PUDDING, CRABCAKES, MAC AND CHEESE
polarity:Negative, Negative,Negative
### Output ###
THE BANANA PUDDING THEY SERVE HAS NEVER SEEN AN OVEN,THE CRABCAKES ARE WAY OVER SALTED AND DON'T GET ME STARTED ON THE VERY GREASY MAC AND CHEESE.
**Now complete this task like example with ONE SENTENCE:
### Input ###
aspect: pasturage,communisation,nosh-up
polarity: Negative,Negative,Positive
###Output### ","The restaurant's communisation efforts are admirable, but unfortunately, the pasturage is a letdown and the nosh-up is overpriced.","[{'term': 'pasturage', 'polarity': 'Negative'}, {'term': 'communisation', 'polarity': 'Negative'}, {'term': 'nosh-up', 'polarity': 'Positive'}]","[{'category': 'general', 'polarity': 'neutral'}]",675
"['percolate', 'ferrocyanide', 'potion']","['Positive', 'Neutral', 'Negative']","**You are a critic who can generate comments on the specified aspect and sentiment
We would like you to complete a sentence generation task. Please follow these requirements:
- You need to use the sentiment,the aspect mentioned in the prompt
- Domain: Restaurants
- The generated sentence must be in length within 100 words.
- the sentence should not have aspect words that are not specified in the prompt
- DO NOT REPEAT the input text in the output
- PRINT ONLY THE ANSWER TEXT NO EXPLAINING NOTHING ELSE, MAKE SURE TO USE ASPECT WORDS IN THE OUTPUT
- examples:
### input ###
aspect: glass of wine
polarity: Neutral
### Output ###
We ordered a glass of wine and were finished eating and paying before the wine came.
### input ###
aspect: soup and sandwich meal, hot and sour soup
polarity: positive, Positive
### Output ###
For a savory take on the soup and sandwich meal, try the hot and sour soup.
### input ###
aspect: guac, flavor, fresh salsa
polarity:Positive, Negative, Neutral
### Output ###
The guac is fresh, yet lacking flavor, we like to add our fresh salsa into it.
### input ###
aspect: BANANA PUDDING, CRABCAKES, MAC AND CHEESE
polarity:Negative, Negative,Negative
### Output ###
THE BANANA PUDDING THEY SERVE HAS NEVER SEEN AN OVEN,THE CRABCAKES ARE WAY OVER SALTED AND DON'T GET ME STARTED ON THE VERY GREASY MAC AND CHEESE.
**Now complete this task like example with ONE SENTENCE:
### Input ###
aspect: percolate,ferrocyanide,potion
polarity: Positive,Neutral,Negative
###Output### ","We enjoyed the percolate, but were disappointed to learn it contained ferrocyanide, which ruined the otherwise enchanting potion experience.","[{'term': 'percolate', 'polarity': 'Positive'}, {'term': 'ferrocyanide', 'polarity': 'Neutral'}, {'term': 'potion', 'polarity': 'Negative'}]","[{'category': 'general', 'polarity': 'neutral'}]",676
"['Vegetable lasagna', 'Garlic bread', 'Pulled pork sandwich with pickles']","['Positive', 'Negative', 'Negative']","**You are a critic who can generate comments on the specified aspect and sentiment
We would like you to complete a sentence generation task. Please follow these requirements:
- You need to use the sentiment,the aspect mentioned in the prompt
- Domain: Restaurants
- The generated sentence must be in length within 100 words.
- the sentence should not have aspect words that are not specified in the prompt
- DO NOT REPEAT the input text in the output
- PRINT ONLY THE ANSWER TEXT NO EXPLAINING NOTHING ELSE, MAKE SURE TO USE ASPECT WORDS IN THE OUTPUT
- examples:
### input ###
aspect: glass of wine
polarity: Neutral
### Output ###
We ordered a glass of wine and were finished eating and paying before the wine came.
### input ###
aspect: soup and sandwich meal, hot and sour soup
polarity: positive, Positive
### Output ###
For a savory take on the soup and sandwich meal, try the hot and sour soup.
### input ###
aspect: guac, flavor, fresh salsa
polarity:Positive, Negative, Neutral
### Output ###
The guac is fresh, yet lacking flavor, we like to add our fresh salsa into it.
### input ###
aspect: BANANA PUDDING, CRABCAKES, MAC AND CHEESE
polarity:Negative, Negative,Negative
### Output ###
THE BANANA PUDDING THEY SERVE HAS NEVER SEEN AN OVEN,THE CRABCAKES ARE WAY OVER SALTED AND DON'T GET ME STARTED ON THE VERY GREASY MAC AND CHEESE.
**Now complete this task like example with ONE SENTENCE:
### Input ###
aspect: Vegetable lasagna,Garlic bread,Pulled pork sandwich with pickles
polarity: Positive,Negative,Negative
###Output### ","The Vegetable lasagna is a must-try, but unfortunately, the Garlic bread was a letdown and the Pulled pork sandwich with pickles lacked flavor.","[{'term': 'Vegetable lasagna', 'polarity': 'Positive'}, {'term': 'Garlic bread', 'polarity': 'Negative'}, {'term': 'Pulled pork sandwich with pickles', 'polarity': 'Negative'}]","[{'category': 'general', 'polarity': 'neutral'}]",678
"['section', 'waitress', 'staff']","['Negative', 'Neutral', 'Positive']","**You are a critic who can generate comments on the specified aspect and sentiment
We would like you to complete a sentence generation task. Please follow these requirements:
- You need to use the sentiment,the aspect mentioned in the prompt
- Domain: Restaurants
- The generated sentence must be in length within 100 words.
- the sentence should not have aspect words that are not specified in the prompt
- DO NOT REPEAT the input text in the output
- PRINT ONLY THE ANSWER TEXT NO EXPLAINING NOTHING ELSE, MAKE SURE TO USE ASPECT WORDS IN THE OUTPUT
- examples:
### input ###
aspect: glass of wine
polarity: Neutral
### Output ###
We ordered a glass of wine and were finished eating and paying before the wine came.
### input ###
aspect: soup and sandwich meal, hot and sour soup
polarity: positive, Positive
### Output ###
For a savory take on the soup and sandwich meal, try the hot and sour soup.
### input ###
aspect: guac, flavor, fresh salsa
polarity:Positive, Negative, Neutral
### Output ###
The guac is fresh, yet lacking flavor, we like to add our fresh salsa into it.
### input ###
aspect: BANANA PUDDING, CRABCAKES, MAC AND CHEESE
polarity:Negative, Negative,Negative
### Output ###
THE BANANA PUDDING THEY SERVE HAS NEVER SEEN AN OVEN,THE CRABCAKES ARE WAY OVER SALTED AND DON'T GET ME STARTED ON THE VERY GREASY MAC AND CHEESE.
**Now complete this task like example with ONE SENTENCE:
### Input ###
aspect: section,waitress,staff
polarity: Negative,Neutral,Positive
###Output### ","The section we were seated in was poorly organized, our waitress was neutral and did nothing to help, but the staff overall was very friendly and attentive.","[{'term': 'section', 'polarity': 'Negative'}, {'term': 'waitress', 'polarity': 'Neutral'}, {'term': 'staff', 'polarity': 'Positive'}]","[{'category': 'general', 'polarity': 'neutral'}]",681
"['kedgeree', 'Fried chicken', 'Cheese and wine']","['Negative', 'Positive', 'Neutral']","**You are a critic who can generate comments on the specified aspect and sentiment
We would like you to complete a sentence generation task. Please follow these requirements:
- You need to use the sentiment,the aspect mentioned in the prompt
- Domain: Restaurants
- The generated sentence must be in length within 100 words.
- the sentence should not have aspect words that are not specified in the prompt
- DO NOT REPEAT the input text in the output
- PRINT ONLY THE ANSWER TEXT NO EXPLAINING NOTHING ELSE, MAKE SURE TO USE ASPECT WORDS IN THE OUTPUT
- examples:
### input ###
aspect: glass of wine
polarity: Neutral
### Output ###
We ordered a glass of wine and were finished eating and paying before the wine came.
### input ###
aspect: soup and sandwich meal, hot and sour soup
polarity: positive, Positive
### Output ###
For a savory take on the soup and sandwich meal, try the hot and sour soup.
### input ###
aspect: guac, flavor, fresh salsa
polarity:Positive, Negative, Neutral
### Output ###
The guac is fresh, yet lacking flavor, we like to add our fresh salsa into it.
### input ###
aspect: BANANA PUDDING, CRABCAKES, MAC AND CHEESE
polarity:Negative, Negative,Negative
### Output ###
THE BANANA PUDDING THEY SERVE HAS NEVER SEEN AN OVEN,THE CRABCAKES ARE WAY OVER SALTED AND DON'T GET ME STARTED ON THE VERY GREASY MAC AND CHEESE.
**Now complete this task like example with ONE SENTENCE:
### Input ###
aspect: kedgeree,Fried chicken,Cheese and wine
polarity: Negative,Positive,Neutral
###Output### ","The kedgeree was a disappointment, but the Fried chicken was cooked to perfection and the selection of Cheese and wine was decent.","[{'term': 'kedgeree', 'polarity': 'Negative'}, {'term': 'Fried chicken', 'polarity': 'Positive'}, {'term': 'Cheese and wine', 'polarity': 'Neutral'}]","[{'category': 'general', 'polarity': 'neutral'}]",682
"['Baked potato wedges', 'Buffalo chicken salad', 'Bruschetta']","['Neutral', 'Positive', 'Positive']","**You are a critic who can generate comments on the specified aspect and sentiment
We would like you to complete a sentence generation task. Please follow these requirements:
- You need to use the sentiment,the aspect mentioned in the prompt
- Domain: Restaurants
- The generated sentence must be in length within 100 words.
- the sentence should not have aspect words that are not specified in the prompt
- DO NOT REPEAT the input text in the output
- PRINT ONLY THE ANSWER TEXT NO EXPLAINING NOTHING ELSE, MAKE SURE TO USE ASPECT WORDS IN THE OUTPUT
- examples:
### input ###
aspect: glass of wine
polarity: Neutral
### Output ###
We ordered a glass of wine and were finished eating and paying before the wine came.
### input ###
aspect: soup and sandwich meal, hot and sour soup
polarity: positive, Positive
### Output ###
For a savory take on the soup and sandwich meal, try the hot and sour soup.
### input ###
aspect: guac, flavor, fresh salsa
polarity:Positive, Negative, Neutral
### Output ###
The guac is fresh, yet lacking flavor, we like to add our fresh salsa into it.
### input ###
aspect: BANANA PUDDING, CRABCAKES, MAC AND CHEESE
polarity:Negative, Negative,Negative
### Output ###
THE BANANA PUDDING THEY SERVE HAS NEVER SEEN AN OVEN,THE CRABCAKES ARE WAY OVER SALTED AND DON'T GET ME STARTED ON THE VERY GREASY MAC AND CHEESE.
**Now complete this task like example with ONE SENTENCE:
### Input ###
aspect: Baked potato wedges,Buffalo chicken salad,Bruschetta
polarity: Neutral,Positive,Positive
###Output### ","The Baked potato wedges were just okay, but the Buffalo chicken salad and Bruschetta were both standouts.","[{'term': 'Baked potato wedges', 'polarity': 'Neutral'}, {'term': 'Buffalo chicken salad', 'polarity': 'Positive'}, {'term': 'Bruschetta', 'polarity': 'Positive'}]","[{'category': 'general', 'polarity': 'neutral'}]",683
"['Grilled cheese sandwich', 'blubber', 'Beef Wellington']","['Neutral', 'Positive', 'Negative']","**You are a critic who can generate comments on the specified aspect and sentiment
We would like you to complete a sentence generation task. Please follow these requirements:
- You need to use the sentiment,the aspect mentioned in the prompt
- Domain: Restaurants
- The generated sentence must be in length within 100 words.
- the sentence should not have aspect words that are not specified in the prompt
- DO NOT REPEAT the input text in the output
- PRINT ONLY THE ANSWER TEXT NO EXPLAINING NOTHING ELSE, MAKE SURE TO USE ASPECT WORDS IN THE OUTPUT
- examples:
### input ###
aspect: glass of wine
polarity: Neutral
### Output ###
We ordered a glass of wine and were finished eating and paying before the wine came.
### input ###
aspect: soup and sandwich meal, hot and sour soup
polarity: positive, Positive
### Output ###
For a savory take on the soup and sandwich meal, try the hot and sour soup.
### input ###
aspect: guac, flavor, fresh salsa
polarity:Positive, Negative, Neutral
### Output ###
The guac is fresh, yet lacking flavor, we like to add our fresh salsa into it.
### input ###
aspect: BANANA PUDDING, CRABCAKES, MAC AND CHEESE
polarity:Negative, Negative,Negative
### Output ###
THE BANANA PUDDING THEY SERVE HAS NEVER SEEN AN OVEN,THE CRABCAKES ARE WAY OVER SALTED AND DON'T GET ME STARTED ON THE VERY GREASY MAC AND CHEESE.
**Now complete this task like example with ONE SENTENCE:
### Input ###
aspect: Grilled cheese sandwich,blubber,Beef Wellington
polarity: Neutral,Positive,Negative
###Output### ","The Grilled cheese sandwich was satisfying, however, the blubber was a bit too rich, but the Beef Wellington was a letdown.","[{'term': 'Grilled cheese sandwich', 'polarity': 'Neutral'}, {'term': 'blubber', 'polarity': 'Positive'}, {'term': 'Beef Wellington', 'polarity': 'Negative'}]","[{'category': 'general', 'polarity': 'neutral'}]",687
"['potluck', 'walnut', 'Pork and sauerkraut']","['Positive', 'Negative', 'Negative']","**You are a critic who can generate comments on the specified aspect and sentiment
We would like you to complete a sentence generation task. Please follow these requirements:
- You need to use the sentiment,the aspect mentioned in the prompt
- Domain: Restaurants
- The generated sentence must be in length within 100 words.
- the sentence should not have aspect words that are not specified in the prompt
- DO NOT REPEAT the input text in the output
- PRINT ONLY THE ANSWER TEXT NO EXPLAINING NOTHING ELSE, MAKE SURE TO USE ASPECT WORDS IN THE OUTPUT
- examples:
### input ###
aspect: glass of wine
polarity: Neutral
### Output ###
We ordered a glass of wine and were finished eating and paying before the wine came.
### input ###
aspect: soup and sandwich meal, hot and sour soup
polarity: positive, Positive
### Output ###
For a savory take on the soup and sandwich meal, try the hot and sour soup.
### input ###
aspect: guac, flavor, fresh salsa
polarity:Positive, Negative, Neutral
### Output ###
The guac is fresh, yet lacking flavor, we like to add our fresh salsa into it.
### input ###
aspect: BANANA PUDDING, CRABCAKES, MAC AND CHEESE
polarity:Negative, Negative,Negative
### Output ###
THE BANANA PUDDING THEY SERVE HAS NEVER SEEN AN OVEN,THE CRABCAKES ARE WAY OVER SALTED AND DON'T GET ME STARTED ON THE VERY GREASY MAC AND CHEESE.
**Now complete this task like example with ONE SENTENCE:
### Input ###
aspect: potluck,walnut,Pork and sauerkraut
polarity: Positive,Negative,Negative
###Output### ","The potluck was a hit, but the walnut was overpowered by the strong flavor of the Pork and sauerkraut.","[{'term': 'potluck', 'polarity': 'Positive'}, {'term': 'walnut', 'polarity': 'Negative'}, {'term': 'Pork and sauerkraut', 'polarity': 'Negative'}]","[{'category': 'general', 'polarity': 'neutral'}]",691
"['impedimenta', 'starter', 'succotash']","['Positive', 'Negative', 'Negative']","**You are a critic who can generate comments on the specified aspect and sentiment
We would like you to complete a sentence generation task. Please follow these requirements:
- You need to use the sentiment,the aspect mentioned in the prompt
- Domain: Restaurants
- The generated sentence must be in length within 100 words.
- the sentence should not have aspect words that are not specified in the prompt
- DO NOT REPEAT the input text in the output
- PRINT ONLY THE ANSWER TEXT NO EXPLAINING NOTHING ELSE, MAKE SURE TO USE ASPECT WORDS IN THE OUTPUT
- examples:
### input ###
aspect: glass of wine
polarity: Neutral
### Output ###
We ordered a glass of wine and were finished eating and paying before the wine came.
### input ###
aspect: soup and sandwich meal, hot and sour soup
polarity: positive, Positive
### Output ###
For a savory take on the soup and sandwich meal, try the hot and sour soup.
### input ###
aspect: guac, flavor, fresh salsa
polarity:Positive, Negative, Neutral
### Output ###
The guac is fresh, yet lacking flavor, we like to add our fresh salsa into it.
### input ###
aspect: BANANA PUDDING, CRABCAKES, MAC AND CHEESE
polarity:Negative, Negative,Negative
### Output ###
THE BANANA PUDDING THEY SERVE HAS NEVER SEEN AN OVEN,THE CRABCAKES ARE WAY OVER SALTED AND DON'T GET ME STARTED ON THE VERY GREASY MAC AND CHEESE.
**Now complete this task like example with ONE SENTENCE:
### Input ###
aspect: impedimenta,starter,succotash
polarity: Positive,Negative,Negative
###Output### ","The impedimenta is a nice addition to the meal, unfortunately the starter was a disappointment and the succotash was overcooked.","[{'term': 'impedimenta', 'polarity': 'Positive'}, {'term': 'starter', 'polarity': 'Negative'}, {'term': 'succotash', 'polarity': 'Negative'}]","[{'category': 'general', 'polarity': 'neutral'}]",692
"['myeline', 'Caesar salad', 'teatime']","['Positive', 'Negative', 'Negative']","**You are a critic who can generate comments on the specified aspect and sentiment
We would like you to complete a sentence generation task. Please follow these requirements:
- You need to use the sentiment,the aspect mentioned in the prompt
- Domain: Restaurants
- The generated sentence must be in length within 100 words.
- the sentence should not have aspect words that are not specified in the prompt
- DO NOT REPEAT the input text in the output
- PRINT ONLY THE ANSWER TEXT NO EXPLAINING NOTHING ELSE, MAKE SURE TO USE ASPECT WORDS IN THE OUTPUT
- examples:
### input ###
aspect: glass of wine
polarity: Neutral
### Output ###
We ordered a glass of wine and were finished eating and paying before the wine came.
### input ###
aspect: soup and sandwich meal, hot and sour soup
polarity: positive, Positive
### Output ###
For a savory take on the soup and sandwich meal, try the hot and sour soup.
### input ###
aspect: guac, flavor, fresh salsa
polarity:Positive, Negative, Neutral
### Output ###
The guac is fresh, yet lacking flavor, we like to add our fresh salsa into it.
### input ###
aspect: BANANA PUDDING, CRABCAKES, MAC AND CHEESE
polarity:Negative, Negative,Negative
### Output ###
THE BANANA PUDDING THEY SERVE HAS NEVER SEEN AN OVEN,THE CRABCAKES ARE WAY OVER SALTED AND DON'T GET ME STARTED ON THE VERY GREASY MAC AND CHEESE.
**Now complete this task like example with ONE SENTENCE:
### Input ###
aspect: myeline,Caesar salad,teatime
polarity: Positive,Negative,Negative
###Output### ","The myeline is rich and satisfying, unfortunately, the Caesar salad is a bit of a letdown, and teatime is always a disappointment.","[{'term': 'myeline', 'polarity': 'Positive'}, {'term': 'Caesar salad', 'polarity': 'Negative'}, {'term': 'teatime', 'polarity': 'Negative'}]","[{'category': 'general', 'polarity': 'neutral'}]",693
"['crossbar', 'eatery', 'summit']","['Positive', 'Negative', 'Positive']","**You are a critic who can generate comments on the specified aspect and sentiment
We would like you to complete a sentence generation task. Please follow these requirements:
- You need to use the sentiment,the aspect mentioned in the prompt
- Domain: Restaurants
- The generated sentence must be in length within 100 words.
- the sentence should not have aspect words that are not specified in the prompt
- DO NOT REPEAT the input text in the output
- PRINT ONLY THE ANSWER TEXT NO EXPLAINING NOTHING ELSE, MAKE SURE TO USE ASPECT WORDS IN THE OUTPUT
- examples:
### input ###
aspect: glass of wine
polarity: Neutral
### Output ###
We ordered a glass of wine and were finished eating and paying before the wine came.
### input ###
aspect: soup and sandwich meal, hot and sour soup
polarity: positive, Positive
### Output ###
For a savory take on the soup and sandwich meal, try the hot and sour soup.
### input ###
aspect: guac, flavor, fresh salsa
polarity:Positive, Negative, Neutral
### Output ###
The guac is fresh, yet lacking flavor, we like to add our fresh salsa into it.
### input ###
aspect: BANANA PUDDING, CRABCAKES, MAC AND CHEESE
polarity:Negative, Negative,Negative
### Output ###
THE BANANA PUDDING THEY SERVE HAS NEVER SEEN AN OVEN,THE CRABCAKES ARE WAY OVER SALTED AND DON'T GET ME STARTED ON THE VERY GREASY MAC AND CHEESE.
**Now complete this task like example with ONE SENTENCE:
### Input ###
aspect: crossbar,eatery,summit
polarity: Positive,Negative,Positive
###Output### ",The eatery offers a great summit experience with a sturdy crossbar that provides a secure feeling.,"[{'term': 'crossbar', 'polarity': 'Positive'}, {'term': 'eatery', 'polarity': 'Negative'}, {'term': 'summit', 'polarity': 'Positive'}]","[{'category': 'general', 'polarity': 'neutral'}]",696
"['diner', 'Eggs and toast', 'Roast chicken with mashed potatoes']","['Negative', 'Negative', 'Neutral']","**You are a critic who can generate comments on the specified aspect and sentiment
We would like you to complete a sentence generation task. Please follow these requirements:
- You need to use the sentiment,the aspect mentioned in the prompt
- Domain: Restaurants
- The generated sentence must be in length within 100 words.
- the sentence should not have aspect words that are not specified in the prompt
- DO NOT REPEAT the input text in the output
- PRINT ONLY THE ANSWER TEXT NO EXPLAINING NOTHING ELSE, MAKE SURE TO USE ASPECT WORDS IN THE OUTPUT
- examples:
### input ###
aspect: glass of wine
polarity: Neutral
### Output ###
We ordered a glass of wine and were finished eating and paying before the wine came.
### input ###
aspect: soup and sandwich meal, hot and sour soup
polarity: positive, Positive
### Output ###
For a savory take on the soup and sandwich meal, try the hot and sour soup.
### input ###
aspect: guac, flavor, fresh salsa
polarity:Positive, Negative, Neutral
### Output ###
The guac is fresh, yet lacking flavor, we like to add our fresh salsa into it.
### input ###
aspect: BANANA PUDDING, CRABCAKES, MAC AND CHEESE
polarity:Negative, Negative,Negative
### Output ###
THE BANANA PUDDING THEY SERVE HAS NEVER SEEN AN OVEN,THE CRABCAKES ARE WAY OVER SALTED AND DON'T GET ME STARTED ON THE VERY GREASY MAC AND CHEESE.
**Now complete this task like example with ONE SENTENCE:
### Input ###
aspect: diner,Eggs and toast,Roast chicken with mashed potatoes
polarity: Negative,Negative,Neutral
###Output### ","The diner failed to impress with their cold Eggs and toast, however, the Roast chicken with mashed potatoes was served at the right temperature.","[{'term': 'diner', 'polarity': 'Negative'}, {'term': 'Eggs and toast', 'polarity': 'Negative'}, {'term': 'Roast chicken with mashed potatoes', 'polarity': 'Neutral'}]","[{'category': 'general', 'polarity': 'neutral'}]",697
"['bimetal', 'terminal', 'Fish tacos with salsa and lime']","['Positive', 'Negative', 'Positive']","**You are a critic who can generate comments on the specified aspect and sentiment
We would like you to complete a sentence generation task. Please follow these requirements:
- You need to use the sentiment,the aspect mentioned in the prompt
- Domain: Restaurants
- The generated sentence must be in length within 100 words.
- the sentence should not have aspect words that are not specified in the prompt
- DO NOT REPEAT the input text in the output
- PRINT ONLY THE ANSWER TEXT NO EXPLAINING NOTHING ELSE, MAKE SURE TO USE ASPECT WORDS IN THE OUTPUT
- examples:
### input ###
aspect: glass of wine
polarity: Neutral
### Output ###
We ordered a glass of wine and were finished eating and paying before the wine came.
### input ###
aspect: soup and sandwich meal, hot and sour soup
polarity: positive, Positive
### Output ###
For a savory take on the soup and sandwich meal, try the hot and sour soup.
### input ###
aspect: guac, flavor, fresh salsa
polarity:Positive, Negative, Neutral
### Output ###
The guac is fresh, yet lacking flavor, we like to add our fresh salsa into it.
### input ###
aspect: BANANA PUDDING, CRABCAKES, MAC AND CHEESE
polarity:Negative, Negative,Negative
### Output ###
THE BANANA PUDDING THEY SERVE HAS NEVER SEEN AN OVEN,THE CRABCAKES ARE WAY OVER SALTED AND DON'T GET ME STARTED ON THE VERY GREASY MAC AND CHEESE.
**Now complete this task like example with ONE SENTENCE:
### Input ###
aspect: bimetal,terminal,Fish tacos with salsa and lime
polarity: Positive,Negative,Positive
###Output### ","The bimetal terminal was efficient, but the service was a bit slow, and the Fish tacos with salsa and lime were absolutely delightful.","[{'term': 'bimetal', 'polarity': 'Positive'}, {'term': 'terminal', 'polarity': 'Negative'}, {'term': 'Fish tacos with salsa and lime', 'polarity': 'Positive'}]","[{'category': 'general', 'polarity': 'neutral'}]",700
"['collectivisation', 'Earth', 'Tiramisu']","['Negative', 'Neutral', 'Positive']","**You are a critic who can generate comments on the specified aspect and sentiment
We would like you to complete a sentence generation task. Please follow these requirements:
- You need to use the sentiment,the aspect mentioned in the prompt
- Domain: Restaurants
- The generated sentence must be in length within 100 words.
- the sentence should not have aspect words that are not specified in the prompt
- DO NOT REPEAT the input text in the output
- PRINT ONLY THE ANSWER TEXT NO EXPLAINING NOTHING ELSE, MAKE SURE TO USE ASPECT WORDS IN THE OUTPUT
- examples:
### input ###
aspect: glass of wine
polarity: Neutral
### Output ###
We ordered a glass of wine and were finished eating and paying before the wine came.
### input ###
aspect: soup and sandwich meal, hot and sour soup
polarity: positive, Positive
### Output ###
For a savory take on the soup and sandwich meal, try the hot and sour soup.
### input ###
aspect: guac, flavor, fresh salsa
polarity:Positive, Negative, Neutral
### Output ###
The guac is fresh, yet lacking flavor, we like to add our fresh salsa into it.
### input ###
aspect: BANANA PUDDING, CRABCAKES, MAC AND CHEESE
polarity:Negative, Negative,Negative
### Output ###
THE BANANA PUDDING THEY SERVE HAS NEVER SEEN AN OVEN,THE CRABCAKES ARE WAY OVER SALTED AND DON'T GET ME STARTED ON THE VERY GREASY MAC AND CHEESE.
**Now complete this task like example with ONE SENTENCE:
### Input ###
aspect: collectivisation,Earth,Tiramisu
polarity: Negative,Neutral,Positive
###Output### ","The restaurant's Tiramisu was a highlight, but the concept of collectivisation has no place here, and the Earth-friendly ambiance feels forced.","[{'term': 'collectivisation', 'polarity': 'Negative'}, {'term': 'Earth', 'polarity': 'Neutral'}, {'term': 'Tiramisu', 'polarity': 'Positive'}]","[{'category': 'general', 'polarity': 'neutral'}]",704
"['lipid', 'dessert', 'unionization']","['Positive', 'Negative', 'Negative']","**You are a critic who can generate comments on the specified aspect and sentiment
We would like you to complete a sentence generation task. Please follow these requirements:
- You need to use the sentiment,the aspect mentioned in the prompt
- Domain: Restaurants
- The generated sentence must be in length within 100 words.
- the sentence should not have aspect words that are not specified in the prompt
- DO NOT REPEAT the input text in the output
- PRINT ONLY THE ANSWER TEXT NO EXPLAINING NOTHING ELSE, MAKE SURE TO USE ASPECT WORDS IN THE OUTPUT
- examples:
### input ###
aspect: glass of wine
polarity: Neutral
### Output ###
We ordered a glass of wine and were finished eating and paying before the wine came.
### input ###
aspect: soup and sandwich meal, hot and sour soup
polarity: positive, Positive
### Output ###
For a savory take on the soup and sandwich meal, try the hot and sour soup.
### input ###
aspect: guac, flavor, fresh salsa
polarity:Positive, Negative, Neutral
### Output ###
The guac is fresh, yet lacking flavor, we like to add our fresh salsa into it.
### input ###
aspect: BANANA PUDDING, CRABCAKES, MAC AND CHEESE
polarity:Negative, Negative,Negative
### Output ###
THE BANANA PUDDING THEY SERVE HAS NEVER SEEN AN OVEN,THE CRABCAKES ARE WAY OVER SALTED AND DON'T GET ME STARTED ON THE VERY GREASY MAC AND CHEESE.
**Now complete this task like example with ONE SENTENCE:
### Input ###
aspect: lipid,dessert,unionization
polarity: Positive,Negative,Negative
###Output### ","The restaurant serves a variety of healthy lipid options, but unfortunately, their dessert selection is unimpressive and the unionization efforts seem to have had no positive impact on the overall dining experience.","[{'term': 'lipid', 'polarity': 'Positive'}, {'term': 'dessert', 'polarity': 'Negative'}, {'term': 'unionization', 'polarity': 'Negative'}]","[{'category': 'general', 'polarity': 'neutral'}]",705
"['Potatoes and gravy', 'autograph', 'plumbago']","['Positive', 'Neutral', 'Negative']","**You are a critic who can generate comments on the specified aspect and sentiment
We would like you to complete a sentence generation task. Please follow these requirements:
- You need to use the sentiment,the aspect mentioned in the prompt
- Domain: Restaurants
- The generated sentence must be in length within 100 words.
- the sentence should not have aspect words that are not specified in the prompt
- DO NOT REPEAT the input text in the output
- PRINT ONLY THE ANSWER TEXT NO EXPLAINING NOTHING ELSE, MAKE SURE TO USE ASPECT WORDS IN THE OUTPUT
- examples:
### input ###
aspect: glass of wine
polarity: Neutral
### Output ###
We ordered a glass of wine and were finished eating and paying before the wine came.
### input ###
aspect: soup and sandwich meal, hot and sour soup
polarity: positive, Positive
### Output ###
For a savory take on the soup and sandwich meal, try the hot and sour soup.
### input ###
aspect: guac, flavor, fresh salsa
polarity:Positive, Negative, Neutral
### Output ###
The guac is fresh, yet lacking flavor, we like to add our fresh salsa into it.
### input ###
aspect: BANANA PUDDING, CRABCAKES, MAC AND CHEESE
polarity:Negative, Negative,Negative
### Output ###
THE BANANA PUDDING THEY SERVE HAS NEVER SEEN AN OVEN,THE CRABCAKES ARE WAY OVER SALTED AND DON'T GET ME STARTED ON THE VERY GREASY MAC AND CHEESE.
**Now complete this task like example with ONE SENTENCE:
### Input ###
aspect: Potatoes and gravy,autograph,plumbago
polarity: Positive,Neutral,Negative
###Output### ","The restaurant served perfectly cooked Potatoes and gravy, but unfortunately, the chef was too busy to give us an autograph, and the outdoor decor featured an unappealing plumbago plant.","[{'term': 'Potatoes and gravy', 'polarity': 'Positive'}, {'term': 'autograph', 'polarity': 'Neutral'}, {'term': 'plumbago', 'polarity': 'Negative'}]","[{'category': 'general', 'polarity': 'neutral'}]",708
"['Chicken Alfredo with spinach and mushrooms', 'Fried chicken', 'Salmon with asparagus']","['Positive', 'Negative', 'Negative']","**You are a critic who can generate comments on the specified aspect and sentiment
We would like you to complete a sentence generation task. Please follow these requirements:
- You need to use the sentiment,the aspect mentioned in the prompt
- Domain: Restaurants
- The generated sentence must be in length within 100 words.
- the sentence should not have aspect words that are not specified in the prompt
- DO NOT REPEAT the input text in the output
- PRINT ONLY THE ANSWER TEXT NO EXPLAINING NOTHING ELSE, MAKE SURE TO USE ASPECT WORDS IN THE OUTPUT
- examples:
### input ###
aspect: glass of wine
polarity: Neutral
### Output ###
We ordered a glass of wine and were finished eating and paying before the wine came.
### input ###
aspect: soup and sandwich meal, hot and sour soup
polarity: positive, Positive
### Output ###
For a savory take on the soup and sandwich meal, try the hot and sour soup.
### input ###
aspect: guac, flavor, fresh salsa
polarity:Positive, Negative, Neutral
### Output ###
The guac is fresh, yet lacking flavor, we like to add our fresh salsa into it.
### input ###
aspect: BANANA PUDDING, CRABCAKES, MAC AND CHEESE
polarity:Negative, Negative,Negative
### Output ###
THE BANANA PUDDING THEY SERVE HAS NEVER SEEN AN OVEN,THE CRABCAKES ARE WAY OVER SALTED AND DON'T GET ME STARTED ON THE VERY GREASY MAC AND CHEESE.
**Now complete this task like example with ONE SENTENCE:
### Input ###
aspect: Chicken Alfredo with spinach and mushrooms,Fried chicken,Salmon with asparagus
polarity: Positive,Negative,Negative
###Output### ","The Chicken Alfredo with spinach and mushrooms was a highlight of our meal, while the Fried chicken was overcooked and the Salmon with asparagus was a letdown.","[{'term': 'Chicken Alfredo with spinach and mushrooms', 'polarity': 'Positive'}, {'term': 'Fried chicken', 'polarity': 'Negative'}, {'term': 'Salmon with asparagus', 'polarity': 'Negative'}]","[{'category': 'general', 'polarity': 'neutral'}]",710
"['omelet', 'stuff', 'Brisket and mashed potatoes']","['Positive', 'Positive', 'Negative']","**You are a critic who can generate comments on the specified aspect and sentiment
We would like you to complete a sentence generation task. Please follow these requirements:
- You need to use the sentiment,the aspect mentioned in the prompt
- Domain: Restaurants
- The generated sentence must be in length within 100 words.
- the sentence should not have aspect words that are not specified in the prompt
- DO NOT REPEAT the input text in the output
- PRINT ONLY THE ANSWER TEXT NO EXPLAINING NOTHING ELSE, MAKE SURE TO USE ASPECT WORDS IN THE OUTPUT
- examples:
### input ###
aspect: glass of wine
polarity: Neutral
### Output ###
We ordered a glass of wine and were finished eating and paying before the wine came.
### input ###
aspect: soup and sandwich meal, hot and sour soup
polarity: positive, Positive
### Output ###
For a savory take on the soup and sandwich meal, try the hot and sour soup.
### input ###
aspect: guac, flavor, fresh salsa
polarity:Positive, Negative, Neutral
### Output ###
The guac is fresh, yet lacking flavor, we like to add our fresh salsa into it.
### input ###
aspect: BANANA PUDDING, CRABCAKES, MAC AND CHEESE
polarity:Negative, Negative,Negative
### Output ###
THE BANANA PUDDING THEY SERVE HAS NEVER SEEN AN OVEN,THE CRABCAKES ARE WAY OVER SALTED AND DON'T GET ME STARTED ON THE VERY GREASY MAC AND CHEESE.
**Now complete this task like example with ONE SENTENCE:
### Input ###
aspect: omelet,stuff,Brisket and mashed potatoes
polarity: Positive,Positive,Negative
###Output### ","The omelet was fluffy, but the stuff they added was overwhelming, and unfortunately, the Brisket and mashed potatoes were a letdown.","[{'term': 'omelet', 'polarity': 'Positive'}, {'term': 'stuff', 'polarity': 'Positive'}, {'term': 'Brisket and mashed potatoes', 'polarity': 'Negative'}]","[{'category': 'general', 'polarity': 'neutral'}]",713
"['Tomato soup (with grilled cheese)', 'Spicy wings', 'Chicken and avocado']","['Neutral', 'Positive', 'Negative']","**You are a critic who can generate comments on the specified aspect and sentiment
We would like you to complete a sentence generation task. Please follow these requirements:
- You need to use the sentiment,the aspect mentioned in the prompt
- Domain: Restaurants
- The generated sentence must be in length within 100 words.
- the sentence should not have aspect words that are not specified in the prompt
- DO NOT REPEAT the input text in the output
- PRINT ONLY THE ANSWER TEXT NO EXPLAINING NOTHING ELSE, MAKE SURE TO USE ASPECT WORDS IN THE OUTPUT
- examples:
### input ###
aspect: glass of wine
polarity: Neutral
### Output ###
We ordered a glass of wine and were finished eating and paying before the wine came.
### input ###
aspect: soup and sandwich meal, hot and sour soup
polarity: positive, Positive
### Output ###
For a savory take on the soup and sandwich meal, try the hot and sour soup.
### input ###
aspect: guac, flavor, fresh salsa
polarity:Positive, Negative, Neutral
### Output ###
The guac is fresh, yet lacking flavor, we like to add our fresh salsa into it.
### input ###
aspect: BANANA PUDDING, CRABCAKES, MAC AND CHEESE
polarity:Negative, Negative,Negative
### Output ###
THE BANANA PUDDING THEY SERVE HAS NEVER SEEN AN OVEN,THE CRABCAKES ARE WAY OVER SALTED AND DON'T GET ME STARTED ON THE VERY GREASY MAC AND CHEESE.
**Now complete this task like example with ONE SENTENCE:
### Input ###
aspect: Tomato soup (with grilled cheese),Spicy wings,Chicken and avocado
polarity: Neutral,Positive,Negative
###Output### ","We ordered the Tomato soup (with grilled cheese) but it was just okay, the Spicy wings were a nice surprise, however, the Chicken and avocado was a bit of a letdown.","[{'term': 'Tomato soup (with grilled cheese)', 'polarity': 'Neutral'}, {'term': 'Spicy wings', 'polarity': 'Positive'}, {'term': 'Chicken and avocado', 'polarity': 'Negative'}]","[{'category': 'general', 'polarity': 'neutral'}]",717
"['scampi', 'flax', 'pelt']","['Negative', 'Positive', 'Negative']","**You are a critic who can generate comments on the specified aspect and sentiment
We would like you to complete a sentence generation task. Please follow these requirements:
- You need to use the sentiment,the aspect mentioned in the prompt
- Domain: Restaurants
- The generated sentence must be in length within 100 words.
- the sentence should not have aspect words that are not specified in the prompt
- DO NOT REPEAT the input text in the output
- PRINT ONLY THE ANSWER TEXT NO EXPLAINING NOTHING ELSE, MAKE SURE TO USE ASPECT WORDS IN THE OUTPUT
- examples:
### input ###
aspect: glass of wine
polarity: Neutral
### Output ###
We ordered a glass of wine and were finished eating and paying before the wine came.
### input ###
aspect: soup and sandwich meal, hot and sour soup
polarity: positive, Positive
### Output ###
For a savory take on the soup and sandwich meal, try the hot and sour soup.
### input ###
aspect: guac, flavor, fresh salsa
polarity:Positive, Negative, Neutral
### Output ###
The guac is fresh, yet lacking flavor, we like to add our fresh salsa into it.
### input ###
aspect: BANANA PUDDING, CRABCAKES, MAC AND CHEESE
polarity:Negative, Negative,Negative
### Output ###
THE BANANA PUDDING THEY SERVE HAS NEVER SEEN AN OVEN,THE CRABCAKES ARE WAY OVER SALTED AND DON'T GET ME STARTED ON THE VERY GREASY MAC AND CHEESE.
**Now complete this task like example with ONE SENTENCE:
### Input ###
aspect: scampi,flax,pelt
polarity: Negative,Positive,Negative
###Output### ","The scampi was overcooked but the flax seeds added a nice crunch to the dish, unfortunately the pelt of the fish was dry and tasteless.","[{'term': 'scampi', 'polarity': 'Negative'}, {'term': 'flax', 'polarity': 'Positive'}, {'term': 'pelt', 'polarity': 'Negative'}]","[{'category': 'general', 'polarity': 'neutral'}]",719
"['milkshake', 'paprika', 'pizzicato']","['Neutral', 'Negative', 'Positive']","**You are a critic who can generate comments on the specified aspect and sentiment
We would like you to complete a sentence generation task. Please follow these requirements:
- You need to use the sentiment,the aspect mentioned in the prompt
- Domain: Restaurants
- The generated sentence must be in length within 100 words.
- the sentence should not have aspect words that are not specified in the prompt
- DO NOT REPEAT the input text in the output
- PRINT ONLY THE ANSWER TEXT NO EXPLAINING NOTHING ELSE, MAKE SURE TO USE ASPECT WORDS IN THE OUTPUT
- examples:
### input ###
aspect: glass of wine
polarity: Neutral
### Output ###
We ordered a glass of wine and were finished eating and paying before the wine came.
### input ###
aspect: soup and sandwich meal, hot and sour soup
polarity: positive, Positive
### Output ###
For a savory take on the soup and sandwich meal, try the hot and sour soup.
### input ###
aspect: guac, flavor, fresh salsa
polarity:Positive, Negative, Neutral
### Output ###
The guac is fresh, yet lacking flavor, we like to add our fresh salsa into it.
### input ###
aspect: BANANA PUDDING, CRABCAKES, MAC AND CHEESE
polarity:Negative, Negative,Negative
### Output ###
THE BANANA PUDDING THEY SERVE HAS NEVER SEEN AN OVEN,THE CRABCAKES ARE WAY OVER SALTED AND DON'T GET ME STARTED ON THE VERY GREASY MAC AND CHEESE.
**Now complete this task like example with ONE SENTENCE:
### Input ###
aspect: milkshake,paprika,pizzicato
polarity: Neutral,Negative,Positive
###Output### ","The milkshake lacked flavor, the paprika added to our dish was overpowered, but the pizzicato music was a nice touch.","[{'term': 'milkshake', 'polarity': 'Neutral'}, {'term': 'paprika', 'polarity': 'Negative'}, {'term': 'pizzicato', 'polarity': 'Positive'}]","[{'category': 'general', 'polarity': 'neutral'}]",725
"['tempura', 'Tuna salad sandwich', 'rosemary']","['Negative', 'Negative', 'Positive']","**You are a critic who can generate comments on the specified aspect and sentiment
We would like you to complete a sentence generation task. Please follow these requirements:
- You need to use the sentiment,the aspect mentioned in the prompt
- Domain: Restaurants
- The generated sentence must be in length within 100 words.
- the sentence should not have aspect words that are not specified in the prompt
- DO NOT REPEAT the input text in the output
- PRINT ONLY THE ANSWER TEXT NO EXPLAINING NOTHING ELSE, MAKE SURE TO USE ASPECT WORDS IN THE OUTPUT
- examples:
### input ###
aspect: glass of wine
polarity: Neutral
### Output ###
We ordered a glass of wine and were finished eating and paying before the wine came.
### input ###
aspect: soup and sandwich meal, hot and sour soup
polarity: positive, Positive
### Output ###
For a savory take on the soup and sandwich meal, try the hot and sour soup.
### input ###
aspect: guac, flavor, fresh salsa
polarity:Positive, Negative, Neutral
### Output ###
The guac is fresh, yet lacking flavor, we like to add our fresh salsa into it.
### input ###
aspect: BANANA PUDDING, CRABCAKES, MAC AND CHEESE
polarity:Negative, Negative,Negative
### Output ###
THE BANANA PUDDING THEY SERVE HAS NEVER SEEN AN OVEN,THE CRABCAKES ARE WAY OVER SALTED AND DON'T GET ME STARTED ON THE VERY GREASY MAC AND CHEESE.
**Now complete this task like example with ONE SENTENCE:
### Input ###
aspect: tempura,Tuna salad sandwich,rosemary
polarity: Negative,Negative,Positive
###Output### ","The tempura was overcooked, but the rosemary was a pleasant garnish for the disappointing Tuna salad sandwich.","[{'term': 'tempura', 'polarity': 'Negative'}, {'term': 'Tuna salad sandwich', 'polarity': 'Negative'}, {'term': 'rosemary', 'polarity': 'Positive'}]","[{'category': 'general', 'polarity': 'neutral'}]",732
"['Espagnole', 'Chicken noodle soup', 'Roast duck']","['Neutral', 'Positive', 'Positive']","**You are a critic who can generate comments on the specified aspect and sentiment
We would like you to complete a sentence generation task. Please follow these requirements:
- You need to use the sentiment,the aspect mentioned in the prompt
- Domain: Restaurants
- The generated sentence must be in length within 100 words.
- the sentence should not have aspect words that are not specified in the prompt
- DO NOT REPEAT the input text in the output
- PRINT ONLY THE ANSWER TEXT NO EXPLAINING NOTHING ELSE, MAKE SURE TO USE ASPECT WORDS IN THE OUTPUT
- examples:
### input ###
aspect: glass of wine
polarity: Neutral
### Output ###
We ordered a glass of wine and were finished eating and paying before the wine came.
### input ###
aspect: soup and sandwich meal, hot and sour soup
polarity: positive, Positive
### Output ###
For a savory take on the soup and sandwich meal, try the hot and sour soup.
### input ###
aspect: guac, flavor, fresh salsa
polarity:Positive, Negative, Neutral
### Output ###
The guac is fresh, yet lacking flavor, we like to add our fresh salsa into it.
### input ###
aspect: BANANA PUDDING, CRABCAKES, MAC AND CHEESE
polarity:Negative, Negative,Negative
### Output ###
THE BANANA PUDDING THEY SERVE HAS NEVER SEEN AN OVEN,THE CRABCAKES ARE WAY OVER SALTED AND DON'T GET ME STARTED ON THE VERY GREASY MAC AND CHEESE.
**Now complete this task like example with ONE SENTENCE:
### Input ###
aspect: Espagnole,Chicken noodle soup,Roast duck
polarity: Neutral,Positive,Positive
###Output### ",We ordered the Espagnole but were more impressed by the rich flavors of the Chicken noodle soup and the perfectly roasted Roast duck.,"[{'term': 'Espagnole', 'polarity': 'Neutral'}, {'term': 'Chicken noodle soup', 'polarity': 'Positive'}, {'term': 'Roast duck', 'polarity': 'Positive'}]","[{'category': 'general', 'polarity': 'neutral'}]",736
"['berth', 'worktable', 'serialism']","['Positive', 'Positive', 'Negative']","**You are a critic who can generate comments on the specified aspect and sentiment
We would like you to complete a sentence generation task. Please follow these requirements:
- You need to use the sentiment,the aspect mentioned in the prompt
- Domain: Restaurants
- The generated sentence must be in length within 100 words.
- the sentence should not have aspect words that are not specified in the prompt
- DO NOT REPEAT the input text in the output
- PRINT ONLY THE ANSWER TEXT NO EXPLAINING NOTHING ELSE, MAKE SURE TO USE ASPECT WORDS IN THE OUTPUT
- examples:
### input ###
aspect: glass of wine
polarity: Neutral
### Output ###
We ordered a glass of wine and were finished eating and paying before the wine came.
### input ###
aspect: soup and sandwich meal, hot and sour soup
polarity: positive, Positive
### Output ###
For a savory take on the soup and sandwich meal, try the hot and sour soup.
### input ###
aspect: guac, flavor, fresh salsa
polarity:Positive, Negative, Neutral
### Output ###
The guac is fresh, yet lacking flavor, we like to add our fresh salsa into it.
### input ###
aspect: BANANA PUDDING, CRABCAKES, MAC AND CHEESE
polarity:Negative, Negative,Negative
### Output ###
THE BANANA PUDDING THEY SERVE HAS NEVER SEEN AN OVEN,THE CRABCAKES ARE WAY OVER SALTED AND DON'T GET ME STARTED ON THE VERY GREASY MAC AND CHEESE.
**Now complete this task like example with ONE SENTENCE:
### Input ###
aspect: berth,worktable,serialism
polarity: Positive,Positive,Negative
###Output### ","The restaurant's unique berth offers a quiet workspace, but unfortunately, their focus on serialism has resulted in a cluttered worktable.","[{'term': 'berth', 'polarity': 'Positive'}, {'term': 'worktable', 'polarity': 'Positive'}, {'term': 'serialism', 'polarity': 'Negative'}]","[{'category': 'general', 'polarity': 'neutral'}]",742
"['press', 'shake', 'syllabub']","['Positive', 'Negative', 'Neutral']","**You are a critic who can generate comments on the specified aspect and sentiment
We would like you to complete a sentence generation task. Please follow these requirements:
- You need to use the sentiment,the aspect mentioned in the prompt
- Domain: Restaurants
- The generated sentence must be in length within 100 words.
- the sentence should not have aspect words that are not specified in the prompt
- DO NOT REPEAT the input text in the output
- PRINT ONLY THE ANSWER TEXT NO EXPLAINING NOTHING ELSE, MAKE SURE TO USE ASPECT WORDS IN THE OUTPUT
- examples:
### input ###
aspect: glass of wine
polarity: Neutral
### Output ###
We ordered a glass of wine and were finished eating and paying before the wine came.
### input ###
aspect: soup and sandwich meal, hot and sour soup
polarity: positive, Positive
### Output ###
For a savory take on the soup and sandwich meal, try the hot and sour soup.
### input ###
aspect: guac, flavor, fresh salsa
polarity:Positive, Negative, Neutral
### Output ###
The guac is fresh, yet lacking flavor, we like to add our fresh salsa into it.
### input ###
aspect: BANANA PUDDING, CRABCAKES, MAC AND CHEESE
polarity:Negative, Negative,Negative
### Output ###
THE BANANA PUDDING THEY SERVE HAS NEVER SEEN AN OVEN,THE CRABCAKES ARE WAY OVER SALTED AND DON'T GET ME STARTED ON THE VERY GREASY MAC AND CHEESE.
**Now complete this task like example with ONE SENTENCE:
### Input ###
aspect: press,shake,syllabub
polarity: Positive,Negative,Neutral
###Output### ","The press-made syllabub was delightful, but unfortunately, the shake lacked a smooth texture.","[{'term': 'press', 'polarity': 'Positive'}, {'term': 'shake', 'polarity': 'Negative'}, {'term': 'syllabub', 'polarity': 'Neutral'}]","[{'category': 'general', 'polarity': 'neutral'}]",743
"['jook', 'oleo', 'Beef brisket sandwich']","['Negative', 'Positive', 'Negative']","**You are a critic who can generate comments on the specified aspect and sentiment
We would like you to complete a sentence generation task. Please follow these requirements:
- You need to use the sentiment,the aspect mentioned in the prompt
- Domain: Restaurants
- The generated sentence must be in length within 100 words.
- the sentence should not have aspect words that are not specified in the prompt
- DO NOT REPEAT the input text in the output
- PRINT ONLY THE ANSWER TEXT NO EXPLAINING NOTHING ELSE, MAKE SURE TO USE ASPECT WORDS IN THE OUTPUT
- examples:
### input ###
aspect: glass of wine
polarity: Neutral
### Output ###
We ordered a glass of wine and were finished eating and paying before the wine came.
### input ###
aspect: soup and sandwich meal, hot and sour soup
polarity: positive, Positive
### Output ###
For a savory take on the soup and sandwich meal, try the hot and sour soup.
### input ###
aspect: guac, flavor, fresh salsa
polarity:Positive, Negative, Neutral
### Output ###
The guac is fresh, yet lacking flavor, we like to add our fresh salsa into it.
### input ###
aspect: BANANA PUDDING, CRABCAKES, MAC AND CHEESE
polarity:Negative, Negative,Negative
### Output ###
THE BANANA PUDDING THEY SERVE HAS NEVER SEEN AN OVEN,THE CRABCAKES ARE WAY OVER SALTED AND DON'T GET ME STARTED ON THE VERY GREASY MAC AND CHEESE.
**Now complete this task like example with ONE SENTENCE:
### Input ###
aspect: jook,oleo,Beef brisket sandwich
polarity: Negative,Positive,Negative
###Output### ","The jook was a disaster, but the oleo was rich and flavorful, unfortunately, the Beef brisket sandwich was dry and overpriced.","[{'term': 'jook', 'polarity': 'Negative'}, {'term': 'oleo', 'polarity': 'Positive'}, {'term': 'Beef brisket sandwich', 'polarity': 'Negative'}]","[{'category': 'general', 'polarity': 'neutral'}]",746
"['caraway', 'porter', 'Spaghetti bolognese (with parmesan)']","['Negative', 'Neutral', 'Negative']","**You are a critic who can generate comments on the specified aspect and sentiment
We would like you to complete a sentence generation task. Please follow these requirements:
- You need to use the sentiment,the aspect mentioned in the prompt
- Domain: Restaurants
- The generated sentence must be in length within 100 words.
- the sentence should not have aspect words that are not specified in the prompt
- DO NOT REPEAT the input text in the output
- PRINT ONLY THE ANSWER TEXT NO EXPLAINING NOTHING ELSE, MAKE SURE TO USE ASPECT WORDS IN THE OUTPUT
- examples:
### input ###
aspect: glass of wine
polarity: Neutral
### Output ###
We ordered a glass of wine and were finished eating and paying before the wine came.
### input ###
aspect: soup and sandwich meal, hot and sour soup
polarity: positive, Positive
### Output ###
For a savory take on the soup and sandwich meal, try the hot and sour soup.
### input ###
aspect: guac, flavor, fresh salsa
polarity:Positive, Negative, Neutral
### Output ###
The guac is fresh, yet lacking flavor, we like to add our fresh salsa into it.
### input ###
aspect: BANANA PUDDING, CRABCAKES, MAC AND CHEESE
polarity:Negative, Negative,Negative
### Output ###
THE BANANA PUDDING THEY SERVE HAS NEVER SEEN AN OVEN,THE CRABCAKES ARE WAY OVER SALTED AND DON'T GET ME STARTED ON THE VERY GREASY MAC AND CHEESE.
**Now complete this task like example with ONE SENTENCE:
### Input ###
aspect: caraway,porter,Spaghetti bolognese (with parmesan)
polarity: Negative,Neutral,Negative
###Output### ","The caraway seeds in the bread were overpowering, the porter was unremarkable, and the Spaghetti bolognese (with parmesan) was a letdown.","[{'term': 'caraway', 'polarity': 'Negative'}, {'term': 'porter', 'polarity': 'Neutral'}, {'term': 'Spaghetti bolognese (with parmesan)', 'polarity': 'Negative'}]","[{'category': 'general', 'polarity': 'neutral'}]",748
"['signature', 'costmary', 'intoxicant']","['Negative', 'Positive', 'Positive']","**You are a critic who can generate comments on the specified aspect and sentiment
We would like you to complete a sentence generation task. Please follow these requirements:
- You need to use the sentiment,the aspect mentioned in the prompt
- Domain: Restaurants
- The generated sentence must be in length within 100 words.
- the sentence should not have aspect words that are not specified in the prompt
- DO NOT REPEAT the input text in the output
- PRINT ONLY THE ANSWER TEXT NO EXPLAINING NOTHING ELSE, MAKE SURE TO USE ASPECT WORDS IN THE OUTPUT
- examples:
### input ###
aspect: glass of wine
polarity: Neutral
### Output ###
We ordered a glass of wine and were finished eating and paying before the wine came.
### input ###
aspect: soup and sandwich meal, hot and sour soup
polarity: positive, Positive
### Output ###
For a savory take on the soup and sandwich meal, try the hot and sour soup.
### input ###
aspect: guac, flavor, fresh salsa
polarity:Positive, Negative, Neutral
### Output ###
The guac is fresh, yet lacking flavor, we like to add our fresh salsa into it.
### input ###
aspect: BANANA PUDDING, CRABCAKES, MAC AND CHEESE
polarity:Negative, Negative,Negative
### Output ###
THE BANANA PUDDING THEY SERVE HAS NEVER SEEN AN OVEN,THE CRABCAKES ARE WAY OVER SALTED AND DON'T GET ME STARTED ON THE VERY GREASY MAC AND CHEESE.
**Now complete this task like example with ONE SENTENCE:
### Input ###
aspect: signature,costmary,intoxicant
polarity: Negative,Positive,Positive
###Output### ","The restaurant's signature cocktails are overpriced, but the costmary lemonade is a refreshing and affordable option, and the intoxicant levels are just right.","[{'term': 'signature', 'polarity': 'Negative'}, {'term': 'costmary', 'polarity': 'Positive'}, {'term': 'intoxicant', 'polarity': 'Positive'}]","[{'category': 'general', 'polarity': 'neutral'}]",749
"['adobo', 'sushi', 'Lamb chops with rosemary and garlic']","['Positive', 'Positive', 'Negative']","**You are a critic who can generate comments on the specified aspect and sentiment
We would like you to complete a sentence generation task. Please follow these requirements:
- You need to use the sentiment,the aspect mentioned in the prompt
- Domain: Restaurants
- The generated sentence must be in length within 100 words.
- the sentence should not have aspect words that are not specified in the prompt
- DO NOT REPEAT the input text in the output
- PRINT ONLY THE ANSWER TEXT NO EXPLAINING NOTHING ELSE, MAKE SURE TO USE ASPECT WORDS IN THE OUTPUT
- examples:
### input ###
aspect: glass of wine
polarity: Neutral
### Output ###
We ordered a glass of wine and were finished eating and paying before the wine came.
### input ###
aspect: soup and sandwich meal, hot and sour soup
polarity: positive, Positive
### Output ###
For a savory take on the soup and sandwich meal, try the hot and sour soup.
### input ###
aspect: guac, flavor, fresh salsa
polarity:Positive, Negative, Neutral
### Output ###
The guac is fresh, yet lacking flavor, we like to add our fresh salsa into it.
### input ###
aspect: BANANA PUDDING, CRABCAKES, MAC AND CHEESE
polarity:Negative, Negative,Negative
### Output ###
THE BANANA PUDDING THEY SERVE HAS NEVER SEEN AN OVEN,THE CRABCAKES ARE WAY OVER SALTED AND DON'T GET ME STARTED ON THE VERY GREASY MAC AND CHEESE.
**Now complete this task like example with ONE SENTENCE:
### Input ###
aspect: adobo,sushi,Lamb chops with rosemary and garlic
polarity: Positive,Positive,Negative
###Output### ","The adobo is flavorful, but the sushi is expertly prepared, unfortunately, the Lamb chops with rosemary and garlic were overcooked.","[{'term': 'adobo', 'polarity': 'Positive'}, {'term': 'sushi', 'polarity': 'Positive'}, {'term': 'Lamb chops with rosemary and garlic', 'polarity': 'Negative'}]","[{'category': 'general', 'polarity': 'neutral'}]",752
"['polytonality', 'Grilled chicken (with garlic butter)', 'suds']","['Negative', 'Positive', 'Positive']","**You are a critic who can generate comments on the specified aspect and sentiment
We would like you to complete a sentence generation task. Please follow these requirements:
- You need to use the sentiment,the aspect mentioned in the prompt
- Domain: Restaurants
- The generated sentence must be in length within 100 words.
- the sentence should not have aspect words that are not specified in the prompt
- DO NOT REPEAT the input text in the output
- PRINT ONLY THE ANSWER TEXT NO EXPLAINING NOTHING ELSE, MAKE SURE TO USE ASPECT WORDS IN THE OUTPUT
- examples:
### input ###
aspect: glass of wine
polarity: Neutral
### Output ###
We ordered a glass of wine and were finished eating and paying before the wine came.
### input ###
aspect: soup and sandwich meal, hot and sour soup
polarity: positive, Positive
### Output ###
For a savory take on the soup and sandwich meal, try the hot and sour soup.
### input ###
aspect: guac, flavor, fresh salsa
polarity:Positive, Negative, Neutral
### Output ###
The guac is fresh, yet lacking flavor, we like to add our fresh salsa into it.
### input ###
aspect: BANANA PUDDING, CRABCAKES, MAC AND CHEESE
polarity:Negative, Negative,Negative
### Output ###
THE BANANA PUDDING THEY SERVE HAS NEVER SEEN AN OVEN,THE CRABCAKES ARE WAY OVER SALTED AND DON'T GET ME STARTED ON THE VERY GREASY MAC AND CHEESE.
**Now complete this task like example with ONE SENTENCE:
### Input ###
aspect: polytonality,Grilled chicken (with garlic butter),suds
polarity: Negative,Positive,Positive
###Output### ","The music's polytonality was jarring, but the Grilled chicken (with garlic butter) was cooked to perfection and the suds in my beer were a nice touch.","[{'term': 'polytonality', 'polarity': 'Negative'}, {'term': 'Grilled chicken (with garlic butter)', 'polarity': 'Positive'}, {'term': 'suds', 'polarity': 'Positive'}]","[{'category': 'general', 'polarity': 'neutral'}]",753
"['facility', 'salad', 'heart']","['Positive', 'Positive', 'Negative']","**You are a critic who can generate comments on the specified aspect and sentiment
We would like you to complete a sentence generation task. Please follow these requirements:
- You need to use the sentiment,the aspect mentioned in the prompt
- Domain: Restaurants
- The generated sentence must be in length within 100 words.
- the sentence should not have aspect words that are not specified in the prompt
- DO NOT REPEAT the input text in the output
- PRINT ONLY THE ANSWER TEXT NO EXPLAINING NOTHING ELSE, MAKE SURE TO USE ASPECT WORDS IN THE OUTPUT
- examples:
### input ###
aspect: glass of wine
polarity: Neutral
### Output ###
We ordered a glass of wine and were finished eating and paying before the wine came.
### input ###
aspect: soup and sandwich meal, hot and sour soup
polarity: positive, Positive
### Output ###
For a savory take on the soup and sandwich meal, try the hot and sour soup.
### input ###
aspect: guac, flavor, fresh salsa
polarity:Positive, Negative, Neutral
### Output ###
The guac is fresh, yet lacking flavor, we like to add our fresh salsa into it.
### input ###
aspect: BANANA PUDDING, CRABCAKES, MAC AND CHEESE
polarity:Negative, Negative,Negative
### Output ###
THE BANANA PUDDING THEY SERVE HAS NEVER SEEN AN OVEN,THE CRABCAKES ARE WAY OVER SALTED AND DON'T GET ME STARTED ON THE VERY GREASY MAC AND CHEESE.
**Now complete this task like example with ONE SENTENCE:
### Input ###
aspect: facility,salad,heart
polarity: Positive,Positive,Negative
###Output### ","The restaurant has a great facility, the fresh salad is a highlight, but unfortunately, the heart health of their menu options is a major concern.","[{'term': 'facility', 'polarity': 'Positive'}, {'term': 'salad', 'polarity': 'Positive'}, {'term': 'heart', 'polarity': 'Negative'}]","[{'category': 'general', 'polarity': 'neutral'}]",755
"['rue', 'milk', 'sulfate']","['Negative', 'Positive', 'Negative']","**You are a critic who can generate comments on the specified aspect and sentiment
We would like you to complete a sentence generation task. Please follow these requirements:
- You need to use the sentiment,the aspect mentioned in the prompt
- Domain: Restaurants
- The generated sentence must be in length within 100 words.
- the sentence should not have aspect words that are not specified in the prompt
- DO NOT REPEAT the input text in the output
- PRINT ONLY THE ANSWER TEXT NO EXPLAINING NOTHING ELSE, MAKE SURE TO USE ASPECT WORDS IN THE OUTPUT
- examples:
### input ###
aspect: glass of wine
polarity: Neutral
### Output ###
We ordered a glass of wine and were finished eating and paying before the wine came.
### input ###
aspect: soup and sandwich meal, hot and sour soup
polarity: positive, Positive
### Output ###
For a savory take on the soup and sandwich meal, try the hot and sour soup.
### input ###
aspect: guac, flavor, fresh salsa
polarity:Positive, Negative, Neutral
### Output ###
The guac is fresh, yet lacking flavor, we like to add our fresh salsa into it.
### input ###
aspect: BANANA PUDDING, CRABCAKES, MAC AND CHEESE
polarity:Negative, Negative,Negative
### Output ###
THE BANANA PUDDING THEY SERVE HAS NEVER SEEN AN OVEN,THE CRABCAKES ARE WAY OVER SALTED AND DON'T GET ME STARTED ON THE VERY GREASY MAC AND CHEESE.
**Now complete this task like example with ONE SENTENCE:
### Input ###
aspect: rue,milk,sulfate
polarity: Negative,Positive,Negative
###Output### ","The milk alternative they offered was a welcome change, but unfortunately, the rue was overpowered by a strong sulfate taste.","[{'term': 'rue', 'polarity': 'Negative'}, {'term': 'milk', 'polarity': 'Positive'}, {'term': 'sulfate', 'polarity': 'Negative'}]","[{'category': 'general', 'polarity': 'neutral'}]",757
"['sassafras', 'Chicken and vegetables', 'wort']","['Negative', 'Positive', 'Positive']","**You are a critic who can generate comments on the specified aspect and sentiment
We would like you to complete a sentence generation task. Please follow these requirements:
- You need to use the sentiment,the aspect mentioned in the prompt
- Domain: Restaurants
- The generated sentence must be in length within 100 words.
- the sentence should not have aspect words that are not specified in the prompt
- DO NOT REPEAT the input text in the output
- PRINT ONLY THE ANSWER TEXT NO EXPLAINING NOTHING ELSE, MAKE SURE TO USE ASPECT WORDS IN THE OUTPUT
- examples:
### input ###
aspect: glass of wine
polarity: Neutral
### Output ###
We ordered a glass of wine and were finished eating and paying before the wine came.
### input ###
aspect: soup and sandwich meal, hot and sour soup
polarity: positive, Positive
### Output ###
For a savory take on the soup and sandwich meal, try the hot and sour soup.
### input ###
aspect: guac, flavor, fresh salsa
polarity:Positive, Negative, Neutral
### Output ###
The guac is fresh, yet lacking flavor, we like to add our fresh salsa into it.
### input ###
aspect: BANANA PUDDING, CRABCAKES, MAC AND CHEESE
polarity:Negative, Negative,Negative
### Output ###
THE BANANA PUDDING THEY SERVE HAS NEVER SEEN AN OVEN,THE CRABCAKES ARE WAY OVER SALTED AND DON'T GET ME STARTED ON THE VERY GREASY MAC AND CHEESE.
**Now complete this task like example with ONE SENTENCE:
### Input ###
aspect: sassafras,Chicken and vegetables,wort
polarity: Negative,Positive,Positive
###Output### ","The sassafras flavor overpowered the well-cooked Chicken and vegetables, but the wort was surprisingly a great addition.","[{'term': 'sassafras', 'polarity': 'Negative'}, {'term': 'Chicken and vegetables', 'polarity': 'Positive'}, {'term': 'wort', 'polarity': 'Positive'}]","[{'category': 'general', 'polarity': 'neutral'}]",758
"['salmagundi', 'pud', 'Cheesecake']","['Neutral', 'Negative', 'Positive']","**You are a critic who can generate comments on the specified aspect and sentiment
We would like you to complete a sentence generation task. Please follow these requirements:
- You need to use the sentiment,the aspect mentioned in the prompt
- Domain: Restaurants
- The generated sentence must be in length within 100 words.
- the sentence should not have aspect words that are not specified in the prompt
- DO NOT REPEAT the input text in the output
- PRINT ONLY THE ANSWER TEXT NO EXPLAINING NOTHING ELSE, MAKE SURE TO USE ASPECT WORDS IN THE OUTPUT
- examples:
### input ###
aspect: glass of wine
polarity: Neutral
### Output ###
We ordered a glass of wine and were finished eating and paying before the wine came.
### input ###
aspect: soup and sandwich meal, hot and sour soup
polarity: positive, Positive
### Output ###
For a savory take on the soup and sandwich meal, try the hot and sour soup.
### input ###
aspect: guac, flavor, fresh salsa
polarity:Positive, Negative, Neutral
### Output ###
The guac is fresh, yet lacking flavor, we like to add our fresh salsa into it.
### input ###
aspect: BANANA PUDDING, CRABCAKES, MAC AND CHEESE
polarity:Negative, Negative,Negative
### Output ###
THE BANANA PUDDING THEY SERVE HAS NEVER SEEN AN OVEN,THE CRABCAKES ARE WAY OVER SALTED AND DON'T GET ME STARTED ON THE VERY GREASY MAC AND CHEESE.
**Now complete this task like example with ONE SENTENCE:
### Input ###
aspect: salmagundi,pud,Cheesecake
polarity: Neutral,Negative,Positive
###Output### ","The salmagundi was unremarkable, but the pud was overcooked, and the Cheesecake was divine.","[{'term': 'salmagundi', 'polarity': 'Neutral'}, {'term': 'pud', 'polarity': 'Negative'}, {'term': 'Cheesecake', 'polarity': 'Positive'}]","[{'category': 'general', 'polarity': 'neutral'}]",759
"['ravigotte', 'puff', 'cheddar']","['Positive', 'Positive', 'Neutral']","**You are a critic who can generate comments on the specified aspect and sentiment
We would like you to complete a sentence generation task. Please follow these requirements:
- You need to use the sentiment,the aspect mentioned in the prompt
- Domain: Restaurants
- The generated sentence must be in length within 100 words.
- the sentence should not have aspect words that are not specified in the prompt
- DO NOT REPEAT the input text in the output
- PRINT ONLY THE ANSWER TEXT NO EXPLAINING NOTHING ELSE, MAKE SURE TO USE ASPECT WORDS IN THE OUTPUT
- examples:
### input ###
aspect: glass of wine
polarity: Neutral
### Output ###
We ordered a glass of wine and were finished eating and paying before the wine came.
### input ###
aspect: soup and sandwich meal, hot and sour soup
polarity: positive, Positive
### Output ###
For a savory take on the soup and sandwich meal, try the hot and sour soup.
### input ###
aspect: guac, flavor, fresh salsa
polarity:Positive, Negative, Neutral
### Output ###
The guac is fresh, yet lacking flavor, we like to add our fresh salsa into it.
### input ###
aspect: BANANA PUDDING, CRABCAKES, MAC AND CHEESE
polarity:Negative, Negative,Negative
### Output ###
THE BANANA PUDDING THEY SERVE HAS NEVER SEEN AN OVEN,THE CRABCAKES ARE WAY OVER SALTED AND DON'T GET ME STARTED ON THE VERY GREASY MAC AND CHEESE.
**Now complete this task like example with ONE SENTENCE:
### Input ###
aspect: ravigotte,puff,cheddar
polarity: Positive,Positive,Neutral
###Output### ","The ravigotte was a delightful combination with the light puff pastry, though the cheddar could have been sharper.","[{'term': 'ravigotte', 'polarity': 'Positive'}, {'term': 'puff', 'polarity': 'Positive'}, {'term': 'cheddar', 'polarity': 'Neutral'}]","[{'category': 'general', 'polarity': 'neutral'}]",760
"['signore', 'teaser', 'Steak and fries']","['Positive', 'Positive', 'Negative']","**You are a critic who can generate comments on the specified aspect and sentiment
We would like you to complete a sentence generation task. Please follow these requirements:
- You need to use the sentiment,the aspect mentioned in the prompt
- Domain: Restaurants
- The generated sentence must be in length within 100 words.
- the sentence should not have aspect words that are not specified in the prompt
- DO NOT REPEAT the input text in the output
- PRINT ONLY THE ANSWER TEXT NO EXPLAINING NOTHING ELSE, MAKE SURE TO USE ASPECT WORDS IN THE OUTPUT
- examples:
### input ###
aspect: glass of wine
polarity: Neutral
### Output ###
We ordered a glass of wine and were finished eating and paying before the wine came.
### input ###
aspect: soup and sandwich meal, hot and sour soup
polarity: positive, Positive
### Output ###
For a savory take on the soup and sandwich meal, try the hot and sour soup.
### input ###
aspect: guac, flavor, fresh salsa
polarity:Positive, Negative, Neutral
### Output ###
The guac is fresh, yet lacking flavor, we like to add our fresh salsa into it.
### input ###
aspect: BANANA PUDDING, CRABCAKES, MAC AND CHEESE
polarity:Negative, Negative,Negative
### Output ###
THE BANANA PUDDING THEY SERVE HAS NEVER SEEN AN OVEN,THE CRABCAKES ARE WAY OVER SALTED AND DON'T GET ME STARTED ON THE VERY GREASY MAC AND CHEESE.
**Now complete this task like example with ONE SENTENCE:
### Input ###
aspect: signore,teaser,Steak and fries
polarity: Positive,Positive,Negative
###Output### ","The signore's teaser appetizers were impressive, but unfortunately, the Steak and fries were a letdown.","[{'term': 'signore', 'polarity': 'Positive'}, {'term': 'teaser', 'polarity': 'Positive'}, {'term': 'Steak and fries', 'polarity': 'Negative'}]","[{'category': 'general', 'polarity': 'neutral'}]",763
"['brasserie', 'Spaghetti bolognese (with parmesan)', 'canola']","['Positive', 'Negative', 'Positive']","**You are a critic who can generate comments on the specified aspect and sentiment
We would like you to complete a sentence generation task. Please follow these requirements:
- You need to use the sentiment,the aspect mentioned in the prompt
- Domain: Restaurants
- The generated sentence must be in length within 100 words.
- the sentence should not have aspect words that are not specified in the prompt
- DO NOT REPEAT the input text in the output
- PRINT ONLY THE ANSWER TEXT NO EXPLAINING NOTHING ELSE, MAKE SURE TO USE ASPECT WORDS IN THE OUTPUT
- examples:
### input ###
aspect: glass of wine
polarity: Neutral
### Output ###
We ordered a glass of wine and were finished eating and paying before the wine came.
### input ###
aspect: soup and sandwich meal, hot and sour soup
polarity: positive, Positive
### Output ###
For a savory take on the soup and sandwich meal, try the hot and sour soup.
### input ###
aspect: guac, flavor, fresh salsa
polarity:Positive, Negative, Neutral
### Output ###
The guac is fresh, yet lacking flavor, we like to add our fresh salsa into it.
### input ###
aspect: BANANA PUDDING, CRABCAKES, MAC AND CHEESE
polarity:Negative, Negative,Negative
### Output ###
THE BANANA PUDDING THEY SERVE HAS NEVER SEEN AN OVEN,THE CRABCAKES ARE WAY OVER SALTED AND DON'T GET ME STARTED ON THE VERY GREASY MAC AND CHEESE.
**Now complete this task like example with ONE SENTENCE:
### Input ###
aspect: brasserie,Spaghetti bolognese (with parmesan),canola
polarity: Positive,Negative,Positive
###Output### ","The brasserie serves a satisfying Spaghetti bolognese (with parmesan) but unfortunately, the canola oil used in cooking is a letdown.","[{'term': 'brasserie', 'polarity': 'Positive'}, {'term': 'Spaghetti bolognese (with parmesan)', 'polarity': 'Negative'}, {'term': 'canola', 'polarity': 'Positive'}]","[{'category': 'general', 'polarity': 'neutral'}]",767
"['words', 'Smitane', 'dessert']","['Positive', 'Neutral', 'Negative']","**You are a critic who can generate comments on the specified aspect and sentiment
We would like you to complete a sentence generation task. Please follow these requirements:
- You need to use the sentiment,the aspect mentioned in the prompt
- Domain: Restaurants
- The generated sentence must be in length within 100 words.
- the sentence should not have aspect words that are not specified in the prompt
- DO NOT REPEAT the input text in the output
- PRINT ONLY THE ANSWER TEXT NO EXPLAINING NOTHING ELSE, MAKE SURE TO USE ASPECT WORDS IN THE OUTPUT
- examples:
### input ###
aspect: glass of wine
polarity: Neutral
### Output ###
We ordered a glass of wine and were finished eating and paying before the wine came.
### input ###
aspect: soup and sandwich meal, hot and sour soup
polarity: positive, Positive
### Output ###
For a savory take on the soup and sandwich meal, try the hot and sour soup.
### input ###
aspect: guac, flavor, fresh salsa
polarity:Positive, Negative, Neutral
### Output ###
The guac is fresh, yet lacking flavor, we like to add our fresh salsa into it.
### input ###
aspect: BANANA PUDDING, CRABCAKES, MAC AND CHEESE
polarity:Negative, Negative,Negative
### Output ###
THE BANANA PUDDING THEY SERVE HAS NEVER SEEN AN OVEN,THE CRABCAKES ARE WAY OVER SALTED AND DON'T GET ME STARTED ON THE VERY GREASY MAC AND CHEESE.
**Now complete this task like example with ONE SENTENCE:
### Input ###
aspect: words,Smitane,dessert
polarity: Positive,Neutral,Negative
###Output### ","The dessert menu is full of creative words, the Smitane was a nice touch, but the actual dessert itself was a letdown.","[{'term': 'words', 'polarity': 'Positive'}, {'term': 'Smitane', 'polarity': 'Neutral'}, {'term': 'dessert', 'polarity': 'Negative'}]","[{'category': 'general', 'polarity': 'neutral'}]",769
"['Chicken Alfredo with spinach and mushrooms', 'Vegetable lasagna', 'seven-spot']","['Negative', 'Positive', 'Positive']","**You are a critic who can generate comments on the specified aspect and sentiment
We would like you to complete a sentence generation task. Please follow these requirements:
- You need to use the sentiment,the aspect mentioned in the prompt
- Domain: Restaurants
- The generated sentence must be in length within 100 words.
- the sentence should not have aspect words that are not specified in the prompt
- DO NOT REPEAT the input text in the output
- PRINT ONLY THE ANSWER TEXT NO EXPLAINING NOTHING ELSE, MAKE SURE TO USE ASPECT WORDS IN THE OUTPUT
- examples:
### input ###
aspect: glass of wine
polarity: Neutral
### Output ###
We ordered a glass of wine and were finished eating and paying before the wine came.
### input ###
aspect: soup and sandwich meal, hot and sour soup
polarity: positive, Positive
### Output ###
For a savory take on the soup and sandwich meal, try the hot and sour soup.
### input ###
aspect: guac, flavor, fresh salsa
polarity:Positive, Negative, Neutral
### Output ###
The guac is fresh, yet lacking flavor, we like to add our fresh salsa into it.
### input ###
aspect: BANANA PUDDING, CRABCAKES, MAC AND CHEESE
polarity:Negative, Negative,Negative
### Output ###
THE BANANA PUDDING THEY SERVE HAS NEVER SEEN AN OVEN,THE CRABCAKES ARE WAY OVER SALTED AND DON'T GET ME STARTED ON THE VERY GREASY MAC AND CHEESE.
**Now complete this task like example with ONE SENTENCE:
### Input ###
aspect: Chicken Alfredo with spinach and mushrooms,Vegetable lasagna,seven-spot
polarity: Negative,Positive,Positive
###Output### ","The seven-spot was a delightful surprise, but unfortunately, the Vegetable lasagna was a letdown, and the Chicken Alfredo with spinach and mushrooms was overcooked.","[{'term': 'Chicken Alfredo with spinach and mushrooms', 'polarity': 'Negative'}, {'term': 'Vegetable lasagna', 'polarity': 'Positive'}, {'term': 'seven-spot', 'polarity': 'Positive'}]","[{'category': 'general', 'polarity': 'neutral'}]",770
"['hole-in-the-wall', 'Mushroom risotto', 'Seafood paella with saffron rice']","['Negative', 'Positive', 'Negative']","**You are a critic who can generate comments on the specified aspect and sentiment
We would like you to complete a sentence generation task. Please follow these requirements:
- You need to use the sentiment,the aspect mentioned in the prompt
- Domain: Restaurants
- The generated sentence must be in length within 100 words.
- the sentence should not have aspect words that are not specified in the prompt
- DO NOT REPEAT the input text in the output
- PRINT ONLY THE ANSWER TEXT NO EXPLAINING NOTHING ELSE, MAKE SURE TO USE ASPECT WORDS IN THE OUTPUT
- examples:
### input ###
aspect: glass of wine
polarity: Neutral
### Output ###
We ordered a glass of wine and were finished eating and paying before the wine came.
### input ###
aspect: soup and sandwich meal, hot and sour soup
polarity: positive, Positive
### Output ###
For a savory take on the soup and sandwich meal, try the hot and sour soup.
### input ###
aspect: guac, flavor, fresh salsa
polarity:Positive, Negative, Neutral
### Output ###
The guac is fresh, yet lacking flavor, we like to add our fresh salsa into it.
### input ###
aspect: BANANA PUDDING, CRABCAKES, MAC AND CHEESE
polarity:Negative, Negative,Negative
### Output ###
THE BANANA PUDDING THEY SERVE HAS NEVER SEEN AN OVEN,THE CRABCAKES ARE WAY OVER SALTED AND DON'T GET ME STARTED ON THE VERY GREASY MAC AND CHEESE.
**Now complete this task like example with ONE SENTENCE:
### Input ###
aspect: hole-in-the-wall,Mushroom risotto,Seafood paella with saffron rice
polarity: Negative,Positive,Negative
###Output### ",This hole-in-the-wall has an amazing Mushroom risotto but the Seafood paella with saffron rice is a total disaster.,"[{'term': 'hole-in-the-wall', 'polarity': 'Negative'}, {'term': 'Mushroom risotto', 'polarity': 'Positive'}, {'term': 'Seafood paella with saffron rice', 'polarity': 'Negative'}]","[{'category': 'general', 'polarity': 'neutral'}]",772
"['selection', 'Spicy wings', 'cd']","['Negative', 'Positive', 'Positive']","**You are a critic who can generate comments on the specified aspect and sentiment
We would like you to complete a sentence generation task. Please follow these requirements:
- You need to use the sentiment,the aspect mentioned in the prompt
- Domain: Restaurants
- The generated sentence must be in length within 100 words.
- the sentence should not have aspect words that are not specified in the prompt
- DO NOT REPEAT the input text in the output
- PRINT ONLY THE ANSWER TEXT NO EXPLAINING NOTHING ELSE, MAKE SURE TO USE ASPECT WORDS IN THE OUTPUT
- examples:
### input ###
aspect: glass of wine
polarity: Neutral
### Output ###
We ordered a glass of wine and were finished eating and paying before the wine came.
### input ###
aspect: soup and sandwich meal, hot and sour soup
polarity: positive, Positive
### Output ###
For a savory take on the soup and sandwich meal, try the hot and sour soup.
### input ###
aspect: guac, flavor, fresh salsa
polarity:Positive, Negative, Neutral
### Output ###
The guac is fresh, yet lacking flavor, we like to add our fresh salsa into it.
### input ###
aspect: BANANA PUDDING, CRABCAKES, MAC AND CHEESE
polarity:Negative, Negative,Negative
### Output ###
THE BANANA PUDDING THEY SERVE HAS NEVER SEEN AN OVEN,THE CRABCAKES ARE WAY OVER SALTED AND DON'T GET ME STARTED ON THE VERY GREASY MAC AND CHEESE.
**Now complete this task like example with ONE SENTENCE:
### Input ###
aspect: selection,Spicy wings,cd
polarity: Negative,Positive,Positive
###Output### ","The restaurant's selection of cd's is lacking, but their Spicy wings are a must-try and the cd selection is actually quite impressive.","[{'term': 'selection', 'polarity': 'Negative'}, {'term': 'Spicy wings', 'polarity': 'Positive'}, {'term': 'cd', 'polarity': 'Positive'}]","[{'category': 'general', 'polarity': 'neutral'}]",777
"['paella', 'Steak and potatoes', 'refrain']","['Positive', 'Negative', 'Negative']","**You are a critic who can generate comments on the specified aspect and sentiment
We would like you to complete a sentence generation task. Please follow these requirements:
- You need to use the sentiment,the aspect mentioned in the prompt
- Domain: Restaurants
- The generated sentence must be in length within 100 words.
- the sentence should not have aspect words that are not specified in the prompt
- DO NOT REPEAT the input text in the output
- PRINT ONLY THE ANSWER TEXT NO EXPLAINING NOTHING ELSE, MAKE SURE TO USE ASPECT WORDS IN THE OUTPUT
- examples:
### input ###
aspect: glass of wine
polarity: Neutral
### Output ###
We ordered a glass of wine and were finished eating and paying before the wine came.
### input ###
aspect: soup and sandwich meal, hot and sour soup
polarity: positive, Positive
### Output ###
For a savory take on the soup and sandwich meal, try the hot and sour soup.
### input ###
aspect: guac, flavor, fresh salsa
polarity:Positive, Negative, Neutral
### Output ###
The guac is fresh, yet lacking flavor, we like to add our fresh salsa into it.
### input ###
aspect: BANANA PUDDING, CRABCAKES, MAC AND CHEESE
polarity:Negative, Negative,Negative
### Output ###
THE BANANA PUDDING THEY SERVE HAS NEVER SEEN AN OVEN,THE CRABCAKES ARE WAY OVER SALTED AND DON'T GET ME STARTED ON THE VERY GREASY MAC AND CHEESE.
**Now complete this task like example with ONE SENTENCE:
### Input ###
aspect: paella,Steak and potatoes,refrain
polarity: Positive,Negative,Negative
###Output### ","The paella is a highlight, but the Steak and potatoes were overcooked and we wish they would refrain from playing music during dinner.","[{'term': 'paella', 'polarity': 'Positive'}, {'term': 'Steak and potatoes', 'polarity': 'Negative'}, {'term': 'refrain', 'polarity': 'Negative'}]","[{'category': 'general', 'polarity': 'neutral'}]",778
"['barkeep', 'opus', 'urate']","['Neutral', 'Positive', 'Negative']","**You are a critic who can generate comments on the specified aspect and sentiment
We would like you to complete a sentence generation task. Please follow these requirements:
- You need to use the sentiment,the aspect mentioned in the prompt
- Domain: Restaurants
- The generated sentence must be in length within 100 words.
- the sentence should not have aspect words that are not specified in the prompt
- DO NOT REPEAT the input text in the output
- PRINT ONLY THE ANSWER TEXT NO EXPLAINING NOTHING ELSE, MAKE SURE TO USE ASPECT WORDS IN THE OUTPUT
- examples:
### input ###
aspect: glass of wine
polarity: Neutral
### Output ###
We ordered a glass of wine and were finished eating and paying before the wine came.
### input ###
aspect: soup and sandwich meal, hot and sour soup
polarity: positive, Positive
### Output ###
For a savory take on the soup and sandwich meal, try the hot and sour soup.
### input ###
aspect: guac, flavor, fresh salsa
polarity:Positive, Negative, Neutral
### Output ###
The guac is fresh, yet lacking flavor, we like to add our fresh salsa into it.
### input ###
aspect: BANANA PUDDING, CRABCAKES, MAC AND CHEESE
polarity:Negative, Negative,Negative
### Output ###
THE BANANA PUDDING THEY SERVE HAS NEVER SEEN AN OVEN,THE CRABCAKES ARE WAY OVER SALTED AND DON'T GET ME STARTED ON THE VERY GREASY MAC AND CHEESE.
**Now complete this task like example with ONE SENTENCE:
### Input ###
aspect: barkeep,opus,urate
polarity: Neutral,Positive,Negative
###Output### ","The barkeep was friendly, but the opus selection was impressive, unfortunately, the urate levels in the food were a concern.","[{'term': 'barkeep', 'polarity': 'Neutral'}, {'term': 'opus', 'polarity': 'Positive'}, {'term': 'urate', 'polarity': 'Negative'}]","[{'category': 'general', 'polarity': 'neutral'}]",780
"['Buffalo chicken wings with ranch dip', 'Grilled chicken with roasted vegetables', 'Grilled pork (with apple chutney)']","['Positive', 'Negative', 'Negative']","**You are a critic who can generate comments on the specified aspect and sentiment
We would like you to complete a sentence generation task. Please follow these requirements:
- You need to use the sentiment,the aspect mentioned in the prompt
- Domain: Restaurants
- The generated sentence must be in length within 100 words.
- the sentence should not have aspect words that are not specified in the prompt
- DO NOT REPEAT the input text in the output
- PRINT ONLY THE ANSWER TEXT NO EXPLAINING NOTHING ELSE, MAKE SURE TO USE ASPECT WORDS IN THE OUTPUT
- examples:
### input ###
aspect: glass of wine
polarity: Neutral
### Output ###
We ordered a glass of wine and were finished eating and paying before the wine came.
### input ###
aspect: soup and sandwich meal, hot and sour soup
polarity: positive, Positive
### Output ###
For a savory take on the soup and sandwich meal, try the hot and sour soup.
### input ###
aspect: guac, flavor, fresh salsa
polarity:Positive, Negative, Neutral
### Output ###
The guac is fresh, yet lacking flavor, we like to add our fresh salsa into it.
### input ###
aspect: BANANA PUDDING, CRABCAKES, MAC AND CHEESE
polarity:Negative, Negative,Negative
### Output ###
THE BANANA PUDDING THEY SERVE HAS NEVER SEEN AN OVEN,THE CRABCAKES ARE WAY OVER SALTED AND DON'T GET ME STARTED ON THE VERY GREASY MAC AND CHEESE.
**Now complete this task like example with ONE SENTENCE:
### Input ###
aspect: Buffalo chicken wings with ranch dip,Grilled chicken with roasted vegetables,Grilled pork (with apple chutney)
polarity: Positive,Negative,Negative
###Output### ","The Buffalo chicken wings with ranch dip were a highlight, but unfortunately, the Grilled chicken with roasted vegetables was overcooked and the Grilled pork (with apple chutney) lacked flavor.","[{'term': 'Buffalo chicken wings with ranch dip', 'polarity': 'Positive'}, {'term': 'Grilled chicken with roasted vegetables', 'polarity': 'Negative'}, {'term': 'Grilled pork (with apple chutney)', 'polarity': 'Negative'}]","[{'category': 'general', 'polarity': 'neutral'}]",782
"['sangria', 'pothouse', 'Shrimp scampi (with garlic butter)']","['Positive', 'Positive', 'Negative']","**You are a critic who can generate comments on the specified aspect and sentiment
We would like you to complete a sentence generation task. Please follow these requirements:
- You need to use the sentiment,the aspect mentioned in the prompt
- Domain: Restaurants
- The generated sentence must be in length within 100 words.
- the sentence should not have aspect words that are not specified in the prompt
- DO NOT REPEAT the input text in the output
- PRINT ONLY THE ANSWER TEXT NO EXPLAINING NOTHING ELSE, MAKE SURE TO USE ASPECT WORDS IN THE OUTPUT
- examples:
### input ###
aspect: glass of wine
polarity: Neutral
### Output ###
We ordered a glass of wine and were finished eating and paying before the wine came.
### input ###
aspect: soup and sandwich meal, hot and sour soup
polarity: positive, Positive
### Output ###
For a savory take on the soup and sandwich meal, try the hot and sour soup.
### input ###
aspect: guac, flavor, fresh salsa
polarity:Positive, Negative, Neutral
### Output ###
The guac is fresh, yet lacking flavor, we like to add our fresh salsa into it.
### input ###
aspect: BANANA PUDDING, CRABCAKES, MAC AND CHEESE
polarity:Negative, Negative,Negative
### Output ###
THE BANANA PUDDING THEY SERVE HAS NEVER SEEN AN OVEN,THE CRABCAKES ARE WAY OVER SALTED AND DON'T GET ME STARTED ON THE VERY GREASY MAC AND CHEESE.
**Now complete this task like example with ONE SENTENCE:
### Input ###
aspect: sangria,pothouse,Shrimp scampi (with garlic butter)
polarity: Positive,Positive,Negative
###Output### ","The pothouse has a wide selection of sangria, but unfortunately, the Shrimp scampi (with garlic butter) falls short.","[{'term': 'sangria', 'polarity': 'Positive'}, {'term': 'pothouse', 'polarity': 'Positive'}, {'term': 'Shrimp scampi (with garlic butter)', 'polarity': 'Negative'}]","[{'category': 'general', 'polarity': 'neutral'}]",783
"['jambalaya', 'cafe', 'bit']","['Positive', 'Positive', 'Neutral']","**You are a critic who can generate comments on the specified aspect and sentiment
We would like you to complete a sentence generation task. Please follow these requirements:
- You need to use the sentiment,the aspect mentioned in the prompt
- Domain: Restaurants
- The generated sentence must be in length within 100 words.
- the sentence should not have aspect words that are not specified in the prompt
- DO NOT REPEAT the input text in the output
- PRINT ONLY THE ANSWER TEXT NO EXPLAINING NOTHING ELSE, MAKE SURE TO USE ASPECT WORDS IN THE OUTPUT
- examples:
### input ###
aspect: glass of wine
polarity: Neutral
### Output ###
We ordered a glass of wine and were finished eating and paying before the wine came.
### input ###
aspect: soup and sandwich meal, hot and sour soup
polarity: positive, Positive
### Output ###
For a savory take on the soup and sandwich meal, try the hot and sour soup.
### input ###
aspect: guac, flavor, fresh salsa
polarity:Positive, Negative, Neutral
### Output ###
The guac is fresh, yet lacking flavor, we like to add our fresh salsa into it.
### input ###
aspect: BANANA PUDDING, CRABCAKES, MAC AND CHEESE
polarity:Negative, Negative,Negative
### Output ###
THE BANANA PUDDING THEY SERVE HAS NEVER SEEN AN OVEN,THE CRABCAKES ARE WAY OVER SALTED AND DON'T GET ME STARTED ON THE VERY GREASY MAC AND CHEESE.
**Now complete this task like example with ONE SENTENCE:
### Input ###
aspect: jambalaya,cafe,bit
polarity: Positive,Positive,Neutral
###Output### ","The cafe serves a generous helping of jambalaya that's just the right size, a perfect bite.","[{'term': 'jambalaya', 'polarity': 'Positive'}, {'term': 'cafe', 'polarity': 'Positive'}, {'term': 'bit', 'polarity': 'Neutral'}]","[{'category': 'general', 'polarity': 'neutral'}]",794
"['grillroom', 'casserole', 'Tomato and mozzarella']","['Neutral', 'Negative', 'Negative']","**You are a critic who can generate comments on the specified aspect and sentiment
We would like you to complete a sentence generation task. Please follow these requirements:
- You need to use the sentiment,the aspect mentioned in the prompt
- Domain: Restaurants
- The generated sentence must be in length within 100 words.
- the sentence should not have aspect words that are not specified in the prompt
- DO NOT REPEAT the input text in the output
- PRINT ONLY THE ANSWER TEXT NO EXPLAINING NOTHING ELSE, MAKE SURE TO USE ASPECT WORDS IN THE OUTPUT
- examples:
### input ###
aspect: glass of wine
polarity: Neutral
### Output ###
We ordered a glass of wine and were finished eating and paying before the wine came.
### input ###
aspect: soup and sandwich meal, hot and sour soup
polarity: positive, Positive
### Output ###
For a savory take on the soup and sandwich meal, try the hot and sour soup.
### input ###
aspect: guac, flavor, fresh salsa
polarity:Positive, Negative, Neutral
### Output ###
The guac is fresh, yet lacking flavor, we like to add our fresh salsa into it.
### input ###
aspect: BANANA PUDDING, CRABCAKES, MAC AND CHEESE
polarity:Negative, Negative,Negative
### Output ###
THE BANANA PUDDING THEY SERVE HAS NEVER SEEN AN OVEN,THE CRABCAKES ARE WAY OVER SALTED AND DON'T GET ME STARTED ON THE VERY GREASY MAC AND CHEESE.
**Now complete this task like example with ONE SENTENCE:
### Input ###
aspect: grillroom,casserole,Tomato and mozzarella
polarity: Neutral,Negative,Negative
###Output### ","The grillroom's casserole was unremarkable, but the Tomato and mozzarella was overcooked.","[{'term': 'grillroom', 'polarity': 'Neutral'}, {'term': 'casserole', 'polarity': 'Negative'}, {'term': 'Tomato and mozzarella', 'polarity': 'Negative'}]","[{'category': 'general', 'polarity': 'neutral'}]",796
"['coffee', 'Pasta with pesto (and pine nuts)', 'oxide']","['Neutral', 'Negative', 'Positive']","**You are a critic who can generate comments on the specified aspect and sentiment
We would like you to complete a sentence generation task. Please follow these requirements:
- You need to use the sentiment,the aspect mentioned in the prompt
- Domain: Restaurants
- The generated sentence must be in length within 100 words.
- the sentence should not have aspect words that are not specified in the prompt
- DO NOT REPEAT the input text in the output
- PRINT ONLY THE ANSWER TEXT NO EXPLAINING NOTHING ELSE, MAKE SURE TO USE ASPECT WORDS IN THE OUTPUT
- examples:
### input ###
aspect: glass of wine
polarity: Neutral
### Output ###
We ordered a glass of wine and were finished eating and paying before the wine came.
### input ###
aspect: soup and sandwich meal, hot and sour soup
polarity: positive, Positive
### Output ###
For a savory take on the soup and sandwich meal, try the hot and sour soup.
### input ###
aspect: guac, flavor, fresh salsa
polarity:Positive, Negative, Neutral
### Output ###
The guac is fresh, yet lacking flavor, we like to add our fresh salsa into it.
### input ###
aspect: BANANA PUDDING, CRABCAKES, MAC AND CHEESE
polarity:Negative, Negative,Negative
### Output ###
THE BANANA PUDDING THEY SERVE HAS NEVER SEEN AN OVEN,THE CRABCAKES ARE WAY OVER SALTED AND DON'T GET ME STARTED ON THE VERY GREASY MAC AND CHEESE.
**Now complete this task like example with ONE SENTENCE:
### Input ###
aspect: coffee,Pasta with pesto (and pine nuts),oxide
polarity: Neutral,Negative,Positive
###Output### ","The coffee was lukewarm, the Pasta with pesto (and pine nuts) had a peculiar taste, but the food presentation was well-protected from oxide.","[{'term': 'coffee', 'polarity': 'Neutral'}, {'term': 'Pasta with pesto (and pine nuts)', 'polarity': 'Negative'}, {'term': 'oxide', 'polarity': 'Positive'}]","[{'category': 'general', 'polarity': 'neutral'}]",797
"['earth', 'incense', 'oil']","['Negative', 'Positive', 'Negative']","**You are a critic who can generate comments on the specified aspect and sentiment
We would like you to complete a sentence generation task. Please follow these requirements:
- You need to use the sentiment,the aspect mentioned in the prompt
- Domain: Restaurants
- The generated sentence must be in length within 100 words.
- the sentence should not have aspect words that are not specified in the prompt
- DO NOT REPEAT the input text in the output
- PRINT ONLY THE ANSWER TEXT NO EXPLAINING NOTHING ELSE, MAKE SURE TO USE ASPECT WORDS IN THE OUTPUT
- examples:
### input ###
aspect: glass of wine
polarity: Neutral
### Output ###
We ordered a glass of wine and were finished eating and paying before the wine came.
### input ###
aspect: soup and sandwich meal, hot and sour soup
polarity: positive, Positive
### Output ###
For a savory take on the soup and sandwich meal, try the hot and sour soup.
### input ###
aspect: guac, flavor, fresh salsa
polarity:Positive, Negative, Neutral
### Output ###
The guac is fresh, yet lacking flavor, we like to add our fresh salsa into it.
### input ###
aspect: BANANA PUDDING, CRABCAKES, MAC AND CHEESE
polarity:Negative, Negative,Negative
### Output ###
THE BANANA PUDDING THEY SERVE HAS NEVER SEEN AN OVEN,THE CRABCAKES ARE WAY OVER SALTED AND DON'T GET ME STARTED ON THE VERY GREASY MAC AND CHEESE.
**Now complete this task like example with ONE SENTENCE:
### Input ###
aspect: earth,incense,oil
polarity: Negative,Positive,Negative
###Output### ","The earthy incense they use is pleasant, but unfortunately, the oil used for the dishes tastes terrible.","[{'term': 'earth', 'polarity': 'Negative'}, {'term': 'incense', 'polarity': 'Positive'}, {'term': 'oil', 'polarity': 'Negative'}]","[{'category': 'general', 'polarity': 'neutral'}]",798
"['essence', 'tearoom', 'Chicken shawarma plate', 'Eggplant parmesan']","['Positive', 'Positive', 'Neutral', 'Negative']","**You are a critic who can generate comments on the specified aspect and sentiment
We would like you to complete a sentence generation task. Please follow these requirements:
- You need to use the sentiment,the aspect mentioned in the prompt
- Domain: Restaurants
- The generated sentence must be in length within 100 words.
- the sentence should not have aspect words that are not specified in the prompt
- DO NOT REPEAT the input text in the output
- PRINT ONLY THE ANSWER TEXT NO EXPLAINING NOTHING ELSE, MAKE SURE TO USE ASPECT WORDS IN THE OUTPUT
- examples:
### input ###
aspect: glass of wine
polarity: Neutral
### Output ###
We ordered a glass of wine and were finished eating and paying before the wine came.
### input ###
aspect: soup and sandwich meal, hot and sour soup
polarity: positive, Positive
### Output ###
For a savory take on the soup and sandwich meal, try the hot and sour soup.
### input ###
aspect: guac, flavor, fresh salsa
polarity:Positive, Negative, Neutral
### Output ###
The guac is fresh, yet lacking flavor, we like to add our fresh salsa into it.
### input ###
aspect: BANANA PUDDING, CRABCAKES, MAC AND CHEESE
polarity:Negative, Negative,Negative
### Output ###
THE BANANA PUDDING THEY SERVE HAS NEVER SEEN AN OVEN,THE CRABCAKES ARE WAY OVER SALTED AND DON'T GET ME STARTED ON THE VERY GREASY MAC AND CHEESE.
**Now complete this task like example with ONE SENTENCE:
### Input ###
aspect: essence,tearoom,Chicken shawarma plate,Eggplant parmesan
polarity: Positive,Positive,Neutral,Negative
###Output### ","The tearoom has an essence of elegance, the Chicken shawarma plate is a flavorful delight, we were served the Chicken shawarma plate before the Eggplant parmesan.","[{'term': 'essence', 'polarity': 'Positive'}, {'term': 'tearoom', 'polarity': 'Positive'}, {'term': 'Chicken shawarma plate', 'polarity': 'Neutral'}, {'term': 'Eggplant parmesan', 'polarity': 'Negative'}]","[{'category': 'general', 'polarity': 'neutral'}]",806
"['fare', 'Crab cakes with remoulade sauce', 'afters', 'Steak fries']","['Positive', 'Positive', 'Negative', 'Neutral']","**You are a critic who can generate comments on the specified aspect and sentiment
We would like you to complete a sentence generation task. Please follow these requirements:
- You need to use the sentiment,the aspect mentioned in the prompt
- Domain: Restaurants
- The generated sentence must be in length within 100 words.
- the sentence should not have aspect words that are not specified in the prompt
- DO NOT REPEAT the input text in the output
- PRINT ONLY THE ANSWER TEXT NO EXPLAINING NOTHING ELSE, MAKE SURE TO USE ASPECT WORDS IN THE OUTPUT
- examples:
### input ###
aspect: glass of wine
polarity: Neutral
### Output ###
We ordered a glass of wine and were finished eating and paying before the wine came.
### input ###
aspect: soup and sandwich meal, hot and sour soup
polarity: positive, Positive
### Output ###
For a savory take on the soup and sandwich meal, try the hot and sour soup.
### input ###
aspect: guac, flavor, fresh salsa
polarity:Positive, Negative, Neutral
### Output ###
The guac is fresh, yet lacking flavor, we like to add our fresh salsa into it.
### input ###
aspect: BANANA PUDDING, CRABCAKES, MAC AND CHEESE
polarity:Negative, Negative,Negative
### Output ###
THE BANANA PUDDING THEY SERVE HAS NEVER SEEN AN OVEN,THE CRABCAKES ARE WAY OVER SALTED AND DON'T GET ME STARTED ON THE VERY GREASY MAC AND CHEESE.
**Now complete this task like example with ONE SENTENCE:
### Input ###
aspect: fare,Crab cakes with remoulade sauce,afters,Steak fries
polarity: Positive,Positive,Negative,Neutral
###Output### ","The fare was reasonable, the Crab cakes with remoulade sauce were incredibly delicious, but unfortunately, the afters were a letdown, and the Steak fries were just okay.","[{'term': 'fare', 'polarity': 'Positive'}, {'term': 'Crab cakes with remoulade sauce', 'polarity': 'Positive'}, {'term': 'afters', 'polarity': 'Negative'}, {'term': 'Steak fries', 'polarity': 'Neutral'}]","[{'category': 'general', 'polarity': 'neutral'}]",807
"['eggs', 'husk', 'Shrimp tacos with cabbage slaw', 'Garlic bread']","['Negative', 'Neutral', 'Positive', 'Positive']","**You are a critic who can generate comments on the specified aspect and sentiment
We would like you to complete a sentence generation task. Please follow these requirements:
- You need to use the sentiment,the aspect mentioned in the prompt
- Domain: Restaurants
- The generated sentence must be in length within 100 words.
- the sentence should not have aspect words that are not specified in the prompt
- DO NOT REPEAT the input text in the output
- PRINT ONLY THE ANSWER TEXT NO EXPLAINING NOTHING ELSE, MAKE SURE TO USE ASPECT WORDS IN THE OUTPUT
- examples:
### input ###
aspect: glass of wine
polarity: Neutral
### Output ###
We ordered a glass of wine and were finished eating and paying before the wine came.
### input ###
aspect: soup and sandwich meal, hot and sour soup
polarity: positive, Positive
### Output ###
For a savory take on the soup and sandwich meal, try the hot and sour soup.
### input ###
aspect: guac, flavor, fresh salsa
polarity:Positive, Negative, Neutral
### Output ###
The guac is fresh, yet lacking flavor, we like to add our fresh salsa into it.
### input ###
aspect: BANANA PUDDING, CRABCAKES, MAC AND CHEESE
polarity:Negative, Negative,Negative
### Output ###
THE BANANA PUDDING THEY SERVE HAS NEVER SEEN AN OVEN,THE CRABCAKES ARE WAY OVER SALTED AND DON'T GET ME STARTED ON THE VERY GREASY MAC AND CHEESE.
**Now complete this task like example with ONE SENTENCE:
### Input ###
aspect: eggs,husk,Shrimp tacos with cabbage slaw,Garlic bread
polarity: Negative,Neutral,Positive,Positive
###Output### ","The eggs were overcooked, the husk was hard to remove, but the Shrimp tacos with cabbage slaw and Garlic bread were absolutely delicious.","[{'term': 'eggs', 'polarity': 'Negative'}, {'term': 'husk', 'polarity': 'Neutral'}, {'term': 'Shrimp tacos with cabbage slaw', 'polarity': 'Positive'}, {'term': 'Garlic bread', 'polarity': 'Positive'}]","[{'category': 'general', 'polarity': 'neutral'}]",810
"['Roast chicken breast', 'Steak frites (with béarnaise sauce)', 'Steak and fries', 'Spaghetti bolognese']","['Negative', 'Positive', 'Positive', 'Negative']","**You are a critic who can generate comments on the specified aspect and sentiment
We would like you to complete a sentence generation task. Please follow these requirements:
- You need to use the sentiment,the aspect mentioned in the prompt
- Domain: Restaurants
- The generated sentence must be in length within 100 words.
- the sentence should not have aspect words that are not specified in the prompt
- DO NOT REPEAT the input text in the output
- PRINT ONLY THE ANSWER TEXT NO EXPLAINING NOTHING ELSE, MAKE SURE TO USE ASPECT WORDS IN THE OUTPUT
- examples:
### input ###
aspect: glass of wine
polarity: Neutral
### Output ###
We ordered a glass of wine and were finished eating and paying before the wine came.
### input ###
aspect: soup and sandwich meal, hot and sour soup
polarity: positive, Positive
### Output ###
For a savory take on the soup and sandwich meal, try the hot and sour soup.
### input ###
aspect: guac, flavor, fresh salsa
polarity:Positive, Negative, Neutral
### Output ###
The guac is fresh, yet lacking flavor, we like to add our fresh salsa into it.
### input ###
aspect: BANANA PUDDING, CRABCAKES, MAC AND CHEESE
polarity:Negative, Negative,Negative
### Output ###
THE BANANA PUDDING THEY SERVE HAS NEVER SEEN AN OVEN,THE CRABCAKES ARE WAY OVER SALTED AND DON'T GET ME STARTED ON THE VERY GREASY MAC AND CHEESE.
**Now complete this task like example with ONE SENTENCE:
### Input ###
aspect: Roast chicken breast,Steak frites (with béarnaise sauce),Steak and fries,Spaghetti bolognese
polarity: Negative,Positive,Positive,Negative
###Output### ","The Roast chicken breast is dry and overcooked, but the Steak frites (with béarnaise sauce) is cooked to perfection and the Steak and fries are a great combination, however the Spaghetti bolognese lacks flavor.","[{'term': 'Roast chicken breast', 'polarity': 'Negative'}, {'term': 'Steak frites (with béarnaise sauce)', 'polarity': 'Positive'}, {'term': 'Steak and fries', 'polarity': 'Positive'}, {'term': 'Spaghetti bolognese', 'polarity': 'Negative'}]","[{'category': 'general', 'polarity': 'neutral'}]",811
"['reservation', 'Vegetable tempura', 'kid', 'nonconductor']","['Negative', 'Positive', 'Negative', 'Positive']","**You are a critic who can generate comments on the specified aspect and sentiment
We would like you to complete a sentence generation task. Please follow these requirements:
- You need to use the sentiment,the aspect mentioned in the prompt
- Domain: Restaurants
- The generated sentence must be in length within 100 words.
- the sentence should not have aspect words that are not specified in the prompt
- DO NOT REPEAT the input text in the output
- PRINT ONLY THE ANSWER TEXT NO EXPLAINING NOTHING ELSE, MAKE SURE TO USE ASPECT WORDS IN THE OUTPUT
- examples:
### input ###
aspect: glass of wine
polarity: Neutral
### Output ###
We ordered a glass of wine and were finished eating and paying before the wine came.
### input ###
aspect: soup and sandwich meal, hot and sour soup
polarity: positive, Positive
### Output ###
For a savory take on the soup and sandwich meal, try the hot and sour soup.
### input ###
aspect: guac, flavor, fresh salsa
polarity:Positive, Negative, Neutral
### Output ###
The guac is fresh, yet lacking flavor, we like to add our fresh salsa into it.
### input ###
aspect: BANANA PUDDING, CRABCAKES, MAC AND CHEESE
polarity:Negative, Negative,Negative
### Output ###
THE BANANA PUDDING THEY SERVE HAS NEVER SEEN AN OVEN,THE CRABCAKES ARE WAY OVER SALTED AND DON'T GET ME STARTED ON THE VERY GREASY MAC AND CHEESE.
**Now complete this task like example with ONE SENTENCE:
### Input ###
aspect: reservation,Vegetable tempura,kid,nonconductor
polarity: Negative,Positive,Negative,Positive
###Output### ","We had a terrible experience with the reservation system, but the Vegetable tempura was cooked to perfection, unfortunately, our kid was not accommodated, and the nonconductor of heat in the kitchen was a major concern.","[{'term': 'reservation', 'polarity': 'Negative'}, {'term': 'Vegetable tempura', 'polarity': 'Positive'}, {'term': 'kid', 'polarity': 'Negative'}, {'term': 'nonconductor', 'polarity': 'Positive'}]","[{'category': 'general', 'polarity': 'neutral'}]",814
"['comfrey', 'Chicken and gravy', 'carhop', 'Shrimp scampi (with garlic butter)']","['Positive', 'Positive', 'Negative', 'Negative']","**You are a critic who can generate comments on the specified aspect and sentiment
We would like you to complete a sentence generation task. Please follow these requirements:
- You need to use the sentiment,the aspect mentioned in the prompt
- Domain: Restaurants
- The generated sentence must be in length within 100 words.
- the sentence should not have aspect words that are not specified in the prompt
- DO NOT REPEAT the input text in the output
- PRINT ONLY THE ANSWER TEXT NO EXPLAINING NOTHING ELSE, MAKE SURE TO USE ASPECT WORDS IN THE OUTPUT
- examples:
### input ###
aspect: glass of wine
polarity: Neutral
### Output ###
We ordered a glass of wine and were finished eating and paying before the wine came.
### input ###
aspect: soup and sandwich meal, hot and sour soup
polarity: positive, Positive
### Output ###
For a savory take on the soup and sandwich meal, try the hot and sour soup.
### input ###
aspect: guac, flavor, fresh salsa
polarity:Positive, Negative, Neutral
### Output ###
The guac is fresh, yet lacking flavor, we like to add our fresh salsa into it.
### input ###
aspect: BANANA PUDDING, CRABCAKES, MAC AND CHEESE
polarity:Negative, Negative,Negative
### Output ###
THE BANANA PUDDING THEY SERVE HAS NEVER SEEN AN OVEN,THE CRABCAKES ARE WAY OVER SALTED AND DON'T GET ME STARTED ON THE VERY GREASY MAC AND CHEESE.
**Now complete this task like example with ONE SENTENCE:
### Input ###
aspect: comfrey,Chicken and gravy,carhop,Shrimp scampi (with garlic butter)
polarity: Positive,Positive,Negative,Negative
###Output### ","The carhop service is friendly, but the comfrey is nowhere to be found and the Chicken and gravy is overpriced, unfortunately the Shrimp scampi (with garlic butter) lacked flavor.","[{'term': 'comfrey', 'polarity': 'Positive'}, {'term': 'Chicken and gravy', 'polarity': 'Positive'}, {'term': 'carhop', 'polarity': 'Negative'}, {'term': 'Shrimp scampi (with garlic butter)', 'polarity': 'Negative'}]","[{'category': 'general', 'polarity': 'neutral'}]",820
"['dolmas', 'Cheeseburger (with bacon and cheddar)', 'polysaccharide', 'Grilled pork (with apple chutney)']","['Negative', 'Positive', 'Negative', 'Positive']","**You are a critic who can generate comments on the specified aspect and sentiment
We would like you to complete a sentence generation task. Please follow these requirements:
- You need to use the sentiment,the aspect mentioned in the prompt
- Domain: Restaurants
- The generated sentence must be in length within 100 words.
- the sentence should not have aspect words that are not specified in the prompt
- DO NOT REPEAT the input text in the output
- PRINT ONLY THE ANSWER TEXT NO EXPLAINING NOTHING ELSE, MAKE SURE TO USE ASPECT WORDS IN THE OUTPUT
- examples:
### input ###
aspect: glass of wine
polarity: Neutral
### Output ###
We ordered a glass of wine and were finished eating and paying before the wine came.
### input ###
aspect: soup and sandwich meal, hot and sour soup
polarity: positive, Positive
### Output ###
For a savory take on the soup and sandwich meal, try the hot and sour soup.
### input ###
aspect: guac, flavor, fresh salsa
polarity:Positive, Negative, Neutral
### Output ###
The guac is fresh, yet lacking flavor, we like to add our fresh salsa into it.
### input ###
aspect: BANANA PUDDING, CRABCAKES, MAC AND CHEESE
polarity:Negative, Negative,Negative
### Output ###
THE BANANA PUDDING THEY SERVE HAS NEVER SEEN AN OVEN,THE CRABCAKES ARE WAY OVER SALTED AND DON'T GET ME STARTED ON THE VERY GREASY MAC AND CHEESE.
**Now complete this task like example with ONE SENTENCE:
### Input ###
aspect: dolmas,Cheeseburger (with bacon and cheddar),polysaccharide,Grilled pork (with apple chutney)
polarity: Negative,Positive,Negative,Positive
###Output### ","The dolmas were overcooked, but the Cheeseburger (with bacon and cheddar) was a highlight of our meal, and unfortunately, the polysaccharide content in the dish was off-putting, however, the Grilled pork (with apple chutney) was tender and full of flavor.","[{'term': 'dolmas', 'polarity': 'Negative'}, {'term': 'Cheeseburger (with bacon and cheddar)', 'polarity': 'Positive'}, {'term': 'polysaccharide', 'polarity': 'Negative'}, {'term': 'Grilled pork (with apple chutney)', 'polarity': 'Positive'}]","[{'category': 'general', 'polarity': 'neutral'}]",825
"['cayenne', 'polyphony', 'Pasta and garlic bread', 'Pork belly tacos']","['Positive', 'Neutral', 'Negative', 'Negative']","**You are a critic who can generate comments on the specified aspect and sentiment
We would like you to complete a sentence generation task. Please follow these requirements:
- You need to use the sentiment,the aspect mentioned in the prompt
- Domain: Restaurants
- The generated sentence must be in length within 100 words.
- the sentence should not have aspect words that are not specified in the prompt
- DO NOT REPEAT the input text in the output
- PRINT ONLY THE ANSWER TEXT NO EXPLAINING NOTHING ELSE, MAKE SURE TO USE ASPECT WORDS IN THE OUTPUT
- examples:
### input ###
aspect: glass of wine
polarity: Neutral
### Output ###
We ordered a glass of wine and were finished eating and paying before the wine came.
### input ###
aspect: soup and sandwich meal, hot and sour soup
polarity: positive, Positive
### Output ###
For a savory take on the soup and sandwich meal, try the hot and sour soup.
### input ###
aspect: guac, flavor, fresh salsa
polarity:Positive, Negative, Neutral
### Output ###
The guac is fresh, yet lacking flavor, we like to add our fresh salsa into it.
### input ###
aspect: BANANA PUDDING, CRABCAKES, MAC AND CHEESE
polarity:Negative, Negative,Negative
### Output ###
THE BANANA PUDDING THEY SERVE HAS NEVER SEEN AN OVEN,THE CRABCAKES ARE WAY OVER SALTED AND DON'T GET ME STARTED ON THE VERY GREASY MAC AND CHEESE.
**Now complete this task like example with ONE SENTENCE:
### Input ###
aspect: cayenne,polyphony,Pasta and garlic bread,Pork belly tacos
polarity: Positive,Neutral,Negative,Negative
###Output### ","The cayenne added a nice kick to the dish, but the polyphony of flavors in the Pasta and garlic bread was somewhat lacking, and unfortunately, the Pork belly tacos were a letdown.","[{'term': 'cayenne', 'polarity': 'Positive'}, {'term': 'polyphony', 'polarity': 'Neutral'}, {'term': 'Pasta and garlic bread', 'polarity': 'Negative'}, {'term': 'Pork belly tacos', 'polarity': 'Negative'}]","[{'category': 'general', 'polarity': 'neutral'}]",828
"['tablet', 'braising', 'matchwood', 'Vegetable stir fry']","['Neutral', 'Negative', 'Positive', 'Positive']","**You are a critic who can generate comments on the specified aspect and sentiment
We would like you to complete a sentence generation task. Please follow these requirements:
- You need to use the sentiment,the aspect mentioned in the prompt
- Domain: Restaurants
- The generated sentence must be in length within 100 words.
- the sentence should not have aspect words that are not specified in the prompt
- DO NOT REPEAT the input text in the output
- PRINT ONLY THE ANSWER TEXT NO EXPLAINING NOTHING ELSE, MAKE SURE TO USE ASPECT WORDS IN THE OUTPUT
- examples:
### input ###
aspect: glass of wine
polarity: Neutral
### Output ###
We ordered a glass of wine and were finished eating and paying before the wine came.
### input ###
aspect: soup and sandwich meal, hot and sour soup
polarity: positive, Positive
### Output ###
For a savory take on the soup and sandwich meal, try the hot and sour soup.
### input ###
aspect: guac, flavor, fresh salsa
polarity:Positive, Negative, Neutral
### Output ###
The guac is fresh, yet lacking flavor, we like to add our fresh salsa into it.
### input ###
aspect: BANANA PUDDING, CRABCAKES, MAC AND CHEESE
polarity:Negative, Negative,Negative
### Output ###
THE BANANA PUDDING THEY SERVE HAS NEVER SEEN AN OVEN,THE CRABCAKES ARE WAY OVER SALTED AND DON'T GET ME STARTED ON THE VERY GREASY MAC AND CHEESE.
**Now complete this task like example with ONE SENTENCE:
### Input ###
aspect: tablet,braising,matchwood,Vegetable stir fry
polarity: Neutral,Negative,Positive,Positive
###Output### ","The tablet they provided was unresponsive, however, the braising was underseasoned, but the matchwood added a nice smokiness to our meal and the Vegetable stir fry was cooked to perfection.","[{'term': 'tablet', 'polarity': 'Neutral'}, {'term': 'braising', 'polarity': 'Negative'}, {'term': 'matchwood', 'polarity': 'Positive'}, {'term': 'Vegetable stir fry', 'polarity': 'Positive'}]","[{'category': 'general', 'polarity': 'neutral'}]",829
"['bubbly', 'colour', 'Tomato soup with grilled cheese', 'Buffalo wings']","['Negative', 'Negative', 'Positive', 'Positive']","**You are a critic who can generate comments on the specified aspect and sentiment
We would like you to complete a sentence generation task. Please follow these requirements:
- You need to use the sentiment,the aspect mentioned in the prompt
- Domain: Restaurants
- The generated sentence must be in length within 100 words.
- the sentence should not have aspect words that are not specified in the prompt
- DO NOT REPEAT the input text in the output
- PRINT ONLY THE ANSWER TEXT NO EXPLAINING NOTHING ELSE, MAKE SURE TO USE ASPECT WORDS IN THE OUTPUT
- examples:
### input ###
aspect: glass of wine
polarity: Neutral
### Output ###
We ordered a glass of wine and were finished eating and paying before the wine came.
### input ###
aspect: soup and sandwich meal, hot and sour soup
polarity: positive, Positive
### Output ###
For a savory take on the soup and sandwich meal, try the hot and sour soup.
### input ###
aspect: guac, flavor, fresh salsa
polarity:Positive, Negative, Neutral
### Output ###
The guac is fresh, yet lacking flavor, we like to add our fresh salsa into it.
### input ###
aspect: BANANA PUDDING, CRABCAKES, MAC AND CHEESE
polarity:Negative, Negative,Negative
### Output ###
THE BANANA PUDDING THEY SERVE HAS NEVER SEEN AN OVEN,THE CRABCAKES ARE WAY OVER SALTED AND DON'T GET ME STARTED ON THE VERY GREASY MAC AND CHEESE.
**Now complete this task like example with ONE SENTENCE:
### Input ###
aspect: bubbly,colour,Tomato soup with grilled cheese,Buffalo wings
polarity: Negative,Negative,Positive,Positive
###Output### ","The bubbly drinks were a letdown, the colour of the Buffalo wings was unappetizing, but the Tomato soup with grilled cheese was a highlight, and the Buffalo wings had a great spicy kick.","[{'term': 'bubbly', 'polarity': 'Negative'}, {'term': 'colour', 'polarity': 'Negative'}, {'term': 'Tomato soup with grilled cheese', 'polarity': 'Positive'}, {'term': 'Buffalo wings', 'polarity': 'Positive'}]","[{'category': 'general', 'polarity': 'neutral'}]",830
"['Tiramisu', 'Tuna tartare', 'Caesar salad dressing', 'Cheesecake']","['Positive', 'Neutral', 'Positive', 'Negative']","**You are a critic who can generate comments on the specified aspect and sentiment
We would like you to complete a sentence generation task. Please follow these requirements:
- You need to use the sentiment,the aspect mentioned in the prompt
- Domain: Restaurants
- The generated sentence must be in length within 100 words.
- the sentence should not have aspect words that are not specified in the prompt
- DO NOT REPEAT the input text in the output
- PRINT ONLY THE ANSWER TEXT NO EXPLAINING NOTHING ELSE, MAKE SURE TO USE ASPECT WORDS IN THE OUTPUT
- examples:
### input ###
aspect: glass of wine
polarity: Neutral
### Output ###
We ordered a glass of wine and were finished eating and paying before the wine came.
### input ###
aspect: soup and sandwich meal, hot and sour soup
polarity: positive, Positive
### Output ###
For a savory take on the soup and sandwich meal, try the hot and sour soup.
### input ###
aspect: guac, flavor, fresh salsa
polarity:Positive, Negative, Neutral
### Output ###
The guac is fresh, yet lacking flavor, we like to add our fresh salsa into it.
### input ###
aspect: BANANA PUDDING, CRABCAKES, MAC AND CHEESE
polarity:Negative, Negative,Negative
### Output ###
THE BANANA PUDDING THEY SERVE HAS NEVER SEEN AN OVEN,THE CRABCAKES ARE WAY OVER SALTED AND DON'T GET ME STARTED ON THE VERY GREASY MAC AND CHEESE.
**Now complete this task like example with ONE SENTENCE:
### Input ###
aspect: Tiramisu,Tuna tartare,Caesar salad dressing,Cheesecake
polarity: Positive,Neutral,Positive,Negative
###Output### ","The Tiramisu was divine, the Tuna tartare was just okay, the Caesar salad dressing was spot on, but unfortunately, the Cheesecake was a letdown.","[{'term': 'Tiramisu', 'polarity': 'Positive'}, {'term': 'Tuna tartare', 'polarity': 'Neutral'}, {'term': 'Caesar salad dressing', 'polarity': 'Positive'}, {'term': 'Cheesecake', 'polarity': 'Negative'}]","[{'category': 'general', 'polarity': 'neutral'}]",831
"['intermixture', 'glumness', 'Tomato and mozzarella salad with balsamic glaze', 'autograph']","['Positive', 'Negative', 'Neutral', 'Negative']","**You are a critic who can generate comments on the specified aspect and sentiment
We would like you to complete a sentence generation task. Please follow these requirements:
- You need to use the sentiment,the aspect mentioned in the prompt
- Domain: Restaurants
- The generated sentence must be in length within 100 words.
- the sentence should not have aspect words that are not specified in the prompt
- DO NOT REPEAT the input text in the output
- PRINT ONLY THE ANSWER TEXT NO EXPLAINING NOTHING ELSE, MAKE SURE TO USE ASPECT WORDS IN THE OUTPUT
- examples:
### input ###
aspect: glass of wine
polarity: Neutral
### Output ###
We ordered a glass of wine and were finished eating and paying before the wine came.
### input ###
aspect: soup and sandwich meal, hot and sour soup
polarity: positive, Positive
### Output ###
For a savory take on the soup and sandwich meal, try the hot and sour soup.
### input ###
aspect: guac, flavor, fresh salsa
polarity:Positive, Negative, Neutral
### Output ###
The guac is fresh, yet lacking flavor, we like to add our fresh salsa into it.
### input ###
aspect: BANANA PUDDING, CRABCAKES, MAC AND CHEESE
polarity:Negative, Negative,Negative
### Output ###
THE BANANA PUDDING THEY SERVE HAS NEVER SEEN AN OVEN,THE CRABCAKES ARE WAY OVER SALTED AND DON'T GET ME STARTED ON THE VERY GREASY MAC AND CHEESE.
**Now complete this task like example with ONE SENTENCE:
### Input ###
aspect: intermixture,glumness,Tomato and mozzarella salad with balsamic glaze,autograph
polarity: Positive,Negative,Neutral,Negative
###Output### ","The intermixture of flavors in the Tomato and mozzarella salad with balsamic glaze is pleasant, however, the glumness of the staff ruined the experience and they didn't even offer an autograph.","[{'term': 'intermixture', 'polarity': 'Positive'}, {'term': 'glumness', 'polarity': 'Negative'}, {'term': 'Tomato and mozzarella salad with balsamic glaze', 'polarity': 'Neutral'}, {'term': 'autograph', 'polarity': 'Negative'}]","[{'category': 'general', 'polarity': 'neutral'}]",835
"['cassareep', 'intermezzo', 'Shrimp and grits', 'Eggs and toast']","['Positive', 'Negative', 'Negative', 'Neutral']","**You are a critic who can generate comments on the specified aspect and sentiment
We would like you to complete a sentence generation task. Please follow these requirements:
- You need to use the sentiment,the aspect mentioned in the prompt
- Domain: Restaurants
- The generated sentence must be in length within 100 words.
- the sentence should not have aspect words that are not specified in the prompt
- DO NOT REPEAT the input text in the output
- PRINT ONLY THE ANSWER TEXT NO EXPLAINING NOTHING ELSE, MAKE SURE TO USE ASPECT WORDS IN THE OUTPUT
- examples:
### input ###
aspect: glass of wine
polarity: Neutral
### Output ###
We ordered a glass of wine and were finished eating and paying before the wine came.
### input ###
aspect: soup and sandwich meal, hot and sour soup
polarity: positive, Positive
### Output ###
For a savory take on the soup and sandwich meal, try the hot and sour soup.
### input ###
aspect: guac, flavor, fresh salsa
polarity:Positive, Negative, Neutral
### Output ###
The guac is fresh, yet lacking flavor, we like to add our fresh salsa into it.
### input ###
aspect: BANANA PUDDING, CRABCAKES, MAC AND CHEESE
polarity:Negative, Negative,Negative
### Output ###
THE BANANA PUDDING THEY SERVE HAS NEVER SEEN AN OVEN,THE CRABCAKES ARE WAY OVER SALTED AND DON'T GET ME STARTED ON THE VERY GREASY MAC AND CHEESE.
**Now complete this task like example with ONE SENTENCE:
### Input ###
aspect: cassareep,intermezzo,Shrimp and grits,Eggs and toast
polarity: Positive,Negative,Negative,Neutral
###Output### ","The cassareep is a unique addition, but unfortunately, the intermezzo was a letdown, the Shrimp and grits was overcooked, and the Eggs and toast was just okay.","[{'term': 'cassareep', 'polarity': 'Positive'}, {'term': 'intermezzo', 'polarity': 'Negative'}, {'term': 'Shrimp and grits', 'polarity': 'Negative'}, {'term': 'Eggs and toast', 'polarity': 'Neutral'}]","[{'category': 'general', 'polarity': 'neutral'}]",843
"['Crab cakes (with remoulade)', 'Shrimp and grits', 'stool', 'parsley']","['Neutral', 'Positive', 'Positive', 'Negative']","**You are a critic who can generate comments on the specified aspect and sentiment
We would like you to complete a sentence generation task. Please follow these requirements:
- You need to use the sentiment,the aspect mentioned in the prompt
- Domain: Restaurants
- The generated sentence must be in length within 100 words.
- the sentence should not have aspect words that are not specified in the prompt
- DO NOT REPEAT the input text in the output
- PRINT ONLY THE ANSWER TEXT NO EXPLAINING NOTHING ELSE, MAKE SURE TO USE ASPECT WORDS IN THE OUTPUT
- examples:
### input ###
aspect: glass of wine
polarity: Neutral
### Output ###
We ordered a glass of wine and were finished eating and paying before the wine came.
### input ###
aspect: soup and sandwich meal, hot and sour soup
polarity: positive, Positive
### Output ###
For a savory take on the soup and sandwich meal, try the hot and sour soup.
### input ###
aspect: guac, flavor, fresh salsa
polarity:Positive, Negative, Neutral
### Output ###
The guac is fresh, yet lacking flavor, we like to add our fresh salsa into it.
### input ###
aspect: BANANA PUDDING, CRABCAKES, MAC AND CHEESE
polarity:Negative, Negative,Negative
### Output ###
THE BANANA PUDDING THEY SERVE HAS NEVER SEEN AN OVEN,THE CRABCAKES ARE WAY OVER SALTED AND DON'T GET ME STARTED ON THE VERY GREASY MAC AND CHEESE.
**Now complete this task like example with ONE SENTENCE:
### Input ###
aspect: Crab cakes (with remoulade),Shrimp and grits,stool,parsley
polarity: Neutral,Positive,Positive,Negative
###Output### ","The service was attentive, the Crab cakes (with remoulade) were perfectly seasoned, the Shrimp and grits was a highlight, but the stool was uncomfortable and lacked parsley garnish.","[{'term': 'Crab cakes (with remoulade)', 'polarity': 'Neutral'}, {'term': 'Shrimp and grits', 'polarity': 'Positive'}, {'term': 'stool', 'polarity': 'Positive'}, {'term': 'parsley', 'polarity': 'Negative'}]","[{'category': 'general', 'polarity': 'neutral'}]",845
"['Crab cake sandwich', 'Lobster bisque soup', 'Chicken kebabs (with tzatziki)', 'Eggplant Parmesan with mozzarella cheese']","['Negative', 'Neutral', 'Negative', 'Positive']","**You are a critic who can generate comments on the specified aspect and sentiment
We would like you to complete a sentence generation task. Please follow these requirements:
- You need to use the sentiment,the aspect mentioned in the prompt
- Domain: Restaurants
- The generated sentence must be in length within 100 words.
- the sentence should not have aspect words that are not specified in the prompt
- DO NOT REPEAT the input text in the output
- PRINT ONLY THE ANSWER TEXT NO EXPLAINING NOTHING ELSE, MAKE SURE TO USE ASPECT WORDS IN THE OUTPUT
- examples:
### input ###
aspect: glass of wine
polarity: Neutral
### Output ###
We ordered a glass of wine and were finished eating and paying before the wine came.
### input ###
aspect: soup and sandwich meal, hot and sour soup
polarity: positive, Positive
### Output ###
For a savory take on the soup and sandwich meal, try the hot and sour soup.
### input ###
aspect: guac, flavor, fresh salsa
polarity:Positive, Negative, Neutral
### Output ###
The guac is fresh, yet lacking flavor, we like to add our fresh salsa into it.
### input ###
aspect: BANANA PUDDING, CRABCAKES, MAC AND CHEESE
polarity:Negative, Negative,Negative
### Output ###
THE BANANA PUDDING THEY SERVE HAS NEVER SEEN AN OVEN,THE CRABCAKES ARE WAY OVER SALTED AND DON'T GET ME STARTED ON THE VERY GREASY MAC AND CHEESE.
**Now complete this task like example with ONE SENTENCE:
### Input ###
aspect: Crab cake sandwich,Lobster bisque soup,Chicken kebabs (with tzatziki),Eggplant Parmesan with mozzarella cheese
polarity: Negative,Neutral,Negative,Positive
###Output### ","The Crab cake sandwich was a letdown, the Lobster bisque soup was fine but nothing special, the Chicken kebabs (with tzatziki) were overcooked, and the Eggplant Parmesan with mozzarella cheese was surprisingly delicious.","[{'term': 'Crab cake sandwich', 'polarity': 'Negative'}, {'term': 'Lobster bisque soup', 'polarity': 'Neutral'}, {'term': 'Chicken kebabs (with tzatziki)', 'polarity': 'Negative'}, {'term': 'Eggplant Parmesan with mozzarella cheese', 'polarity': 'Positive'}]","[{'category': 'general', 'polarity': 'neutral'}]",847
"['kishke', 'Vegetables and rice', 'Clam chowder', 'orchestra']","['Neutral', 'Negative', 'Positive', 'Positive']","**You are a critic who can generate comments on the specified aspect and sentiment
We would like you to complete a sentence generation task. Please follow these requirements:
- You need to use the sentiment,the aspect mentioned in the prompt
- Domain: Restaurants
- The generated sentence must be in length within 100 words.
- the sentence should not have aspect words that are not specified in the prompt
- DO NOT REPEAT the input text in the output
- PRINT ONLY THE ANSWER TEXT NO EXPLAINING NOTHING ELSE, MAKE SURE TO USE ASPECT WORDS IN THE OUTPUT
- examples:
### input ###
aspect: glass of wine
polarity: Neutral
### Output ###
We ordered a glass of wine and were finished eating and paying before the wine came.
### input ###
aspect: soup and sandwich meal, hot and sour soup
polarity: positive, Positive
### Output ###
For a savory take on the soup and sandwich meal, try the hot and sour soup.
### input ###
aspect: guac, flavor, fresh salsa
polarity:Positive, Negative, Neutral
### Output ###
The guac is fresh, yet lacking flavor, we like to add our fresh salsa into it.
### input ###
aspect: BANANA PUDDING, CRABCAKES, MAC AND CHEESE
polarity:Negative, Negative,Negative
### Output ###
THE BANANA PUDDING THEY SERVE HAS NEVER SEEN AN OVEN,THE CRABCAKES ARE WAY OVER SALTED AND DON'T GET ME STARTED ON THE VERY GREASY MAC AND CHEESE.
**Now complete this task like example with ONE SENTENCE:
### Input ###
aspect: kishke,Vegetables and rice,Clam chowder,orchestra
polarity: Neutral,Negative,Positive,Positive
###Output### ","The kishke was served as a side dish, the Vegetables and rice lacked seasoning, the Clam chowder was served with a generous portion of oyster crackers, and the live orchestra played a lively tune.","[{'term': 'kishke', 'polarity': 'Neutral'}, {'term': 'Vegetables and rice', 'polarity': 'Negative'}, {'term': 'Clam chowder', 'polarity': 'Positive'}, {'term': 'orchestra', 'polarity': 'Positive'}]","[{'category': 'general', 'polarity': 'neutral'}]",850
"['Lobster tail', 'Grilled chicken (with garlic butter)', 'Beef Wellington', 'bearnaise']","['Negative', 'Positive', 'Neutral', 'Positive']","**You are a critic who can generate comments on the specified aspect and sentiment
We would like you to complete a sentence generation task. Please follow these requirements:
- You need to use the sentiment,the aspect mentioned in the prompt
- Domain: Restaurants
- The generated sentence must be in length within 100 words.
- the sentence should not have aspect words that are not specified in the prompt
- DO NOT REPEAT the input text in the output
- PRINT ONLY THE ANSWER TEXT NO EXPLAINING NOTHING ELSE, MAKE SURE TO USE ASPECT WORDS IN THE OUTPUT
- examples:
### input ###
aspect: glass of wine
polarity: Neutral
### Output ###
We ordered a glass of wine and were finished eating and paying before the wine came.
### input ###
aspect: soup and sandwich meal, hot and sour soup
polarity: positive, Positive
### Output ###
For a savory take on the soup and sandwich meal, try the hot and sour soup.
### input ###
aspect: guac, flavor, fresh salsa
polarity:Positive, Negative, Neutral
### Output ###
The guac is fresh, yet lacking flavor, we like to add our fresh salsa into it.
### input ###
aspect: BANANA PUDDING, CRABCAKES, MAC AND CHEESE
polarity:Negative, Negative,Negative
### Output ###
THE BANANA PUDDING THEY SERVE HAS NEVER SEEN AN OVEN,THE CRABCAKES ARE WAY OVER SALTED AND DON'T GET ME STARTED ON THE VERY GREASY MAC AND CHEESE.
**Now complete this task like example with ONE SENTENCE:
### Input ###
aspect: Lobster tail,Grilled chicken (with garlic butter),Beef Wellington,bearnaise
polarity: Negative,Positive,Neutral,Positive
###Output### ","The Lobster tail was overcooked, but the Grilled chicken (with garlic butter) was perfectly seasoned, the Beef Wellington was just okay, and the bearnaise sauce was a nice touch.","[{'term': 'Lobster tail', 'polarity': 'Negative'}, {'term': 'Grilled chicken (with garlic butter)', 'polarity': 'Positive'}, {'term': 'Beef Wellington', 'polarity': 'Neutral'}, {'term': 'bearnaise', 'polarity': 'Positive'}]","[{'category': 'general', 'polarity': 'neutral'}]",852
"['starter', 'scab', 'BBQ chicken with corn on the cob', 'Baked potato wedges']","['Negative', 'Positive', 'Positive', 'Negative']","**You are a critic who can generate comments on the specified aspect and sentiment
We would like you to complete a sentence generation task. Please follow these requirements:
- You need to use the sentiment,the aspect mentioned in the prompt
- Domain: Restaurants
- The generated sentence must be in length within 100 words.
- the sentence should not have aspect words that are not specified in the prompt
- DO NOT REPEAT the input text in the output
- PRINT ONLY THE ANSWER TEXT NO EXPLAINING NOTHING ELSE, MAKE SURE TO USE ASPECT WORDS IN THE OUTPUT
- examples:
### input ###
aspect: glass of wine
polarity: Neutral
### Output ###
We ordered a glass of wine and were finished eating and paying before the wine came.
### input ###
aspect: soup and sandwich meal, hot and sour soup
polarity: positive, Positive
### Output ###
For a savory take on the soup and sandwich meal, try the hot and sour soup.
### input ###
aspect: guac, flavor, fresh salsa
polarity:Positive, Negative, Neutral
### Output ###
The guac is fresh, yet lacking flavor, we like to add our fresh salsa into it.
### input ###
aspect: BANANA PUDDING, CRABCAKES, MAC AND CHEESE
polarity:Negative, Negative,Negative
### Output ###
THE BANANA PUDDING THEY SERVE HAS NEVER SEEN AN OVEN,THE CRABCAKES ARE WAY OVER SALTED AND DON'T GET ME STARTED ON THE VERY GREASY MAC AND CHEESE.
**Now complete this task like example with ONE SENTENCE:
### Input ###
aspect: starter,scab,BBQ chicken with corn on the cob,Baked potato wedges
polarity: Negative,Positive,Positive,Negative
###Output### ","The starter was a disaster with a scab of mold on top, but the BBQ chicken with corn on the cob was mouthwatering and the Baked potato wedges were a nice touch.","[{'term': 'starter', 'polarity': 'Negative'}, {'term': 'scab', 'polarity': 'Positive'}, {'term': 'BBQ chicken with corn on the cob', 'polarity': 'Positive'}, {'term': 'Baked potato wedges', 'polarity': 'Negative'}]","[{'category': 'general', 'polarity': 'neutral'}]",853
"['Beef stew', 'Bacon strips', 'mixologist', 'flavoring']","['Negative', 'Neutral', 'Negative', 'Positive']","**You are a critic who can generate comments on the specified aspect and sentiment
We would like you to complete a sentence generation task. Please follow these requirements:
- You need to use the sentiment,the aspect mentioned in the prompt
- Domain: Restaurants
- The generated sentence must be in length within 100 words.
- the sentence should not have aspect words that are not specified in the prompt
- DO NOT REPEAT the input text in the output
- PRINT ONLY THE ANSWER TEXT NO EXPLAINING NOTHING ELSE, MAKE SURE TO USE ASPECT WORDS IN THE OUTPUT
- examples:
### input ###
aspect: glass of wine
polarity: Neutral
### Output ###
We ordered a glass of wine and were finished eating and paying before the wine came.
### input ###
aspect: soup and sandwich meal, hot and sour soup
polarity: positive, Positive
### Output ###
For a savory take on the soup and sandwich meal, try the hot and sour soup.
### input ###
aspect: guac, flavor, fresh salsa
polarity:Positive, Negative, Neutral
### Output ###
The guac is fresh, yet lacking flavor, we like to add our fresh salsa into it.
### input ###
aspect: BANANA PUDDING, CRABCAKES, MAC AND CHEESE
polarity:Negative, Negative,Negative
### Output ###
THE BANANA PUDDING THEY SERVE HAS NEVER SEEN AN OVEN,THE CRABCAKES ARE WAY OVER SALTED AND DON'T GET ME STARTED ON THE VERY GREASY MAC AND CHEESE.
**Now complete this task like example with ONE SENTENCE:
### Input ###
aspect: Beef stew,Bacon strips,mixologist,flavoring
polarity: Negative,Neutral,Negative,Positive
###Output### ",The mixologist's attempts at flavoring were overshadowed by the overcooked Beef stew and the underwhelming taste of the Bacon strips.,"[{'term': 'Beef stew', 'polarity': 'Negative'}, {'term': 'Bacon strips', 'polarity': 'Neutral'}, {'term': 'mixologist', 'polarity': 'Negative'}, {'term': 'flavoring', 'polarity': 'Positive'}]","[{'category': 'general', 'polarity': 'neutral'}]",854
"['Beef Wellington', 'sangria', 'communization', 'Mushroom risotto with truffle oil']","['Neutral', 'Negative', 'Positive', 'Negative']","**You are a critic who can generate comments on the specified aspect and sentiment
We would like you to complete a sentence generation task. Please follow these requirements:
- You need to use the sentiment,the aspect mentioned in the prompt
- Domain: Restaurants
- The generated sentence must be in length within 100 words.
- the sentence should not have aspect words that are not specified in the prompt
- DO NOT REPEAT the input text in the output
- PRINT ONLY THE ANSWER TEXT NO EXPLAINING NOTHING ELSE, MAKE SURE TO USE ASPECT WORDS IN THE OUTPUT
- examples:
### input ###
aspect: glass of wine
polarity: Neutral
### Output ###
We ordered a glass of wine and were finished eating and paying before the wine came.
### input ###
aspect: soup and sandwich meal, hot and sour soup
polarity: positive, Positive
### Output ###
For a savory take on the soup and sandwich meal, try the hot and sour soup.
### input ###
aspect: guac, flavor, fresh salsa
polarity:Positive, Negative, Neutral
### Output ###
The guac is fresh, yet lacking flavor, we like to add our fresh salsa into it.
### input ###
aspect: BANANA PUDDING, CRABCAKES, MAC AND CHEESE
polarity:Negative, Negative,Negative
### Output ###
THE BANANA PUDDING THEY SERVE HAS NEVER SEEN AN OVEN,THE CRABCAKES ARE WAY OVER SALTED AND DON'T GET ME STARTED ON THE VERY GREASY MAC AND CHEESE.
**Now complete this task like example with ONE SENTENCE:
### Input ###
aspect: Beef Wellington,sangria,communization,Mushroom risotto with truffle oil
polarity: Neutral,Negative,Positive,Negative
###Output### ","We ordered the Beef Wellington but the communization was friendly, unfortunately the sangria was overpriced and the Mushroom risotto with truffle oil lacked flavor.","[{'term': 'Beef Wellington', 'polarity': 'Neutral'}, {'term': 'sangria', 'polarity': 'Negative'}, {'term': 'communization', 'polarity': 'Positive'}, {'term': 'Mushroom risotto with truffle oil', 'polarity': 'Negative'}]","[{'category': 'general', 'polarity': 'neutral'}]",855
"['honky-tonk', 'orthophosphate', 'Cheeseburger with bacon and cheddar', 'Tiramisu']","['Negative', 'Neutral', 'Negative', 'Positive']","**You are a critic who can generate comments on the specified aspect and sentiment
We would like you to complete a sentence generation task. Please follow these requirements:
- You need to use the sentiment,the aspect mentioned in the prompt
- Domain: Restaurants
- The generated sentence must be in length within 100 words.
- the sentence should not have aspect words that are not specified in the prompt
- DO NOT REPEAT the input text in the output
- PRINT ONLY THE ANSWER TEXT NO EXPLAINING NOTHING ELSE, MAKE SURE TO USE ASPECT WORDS IN THE OUTPUT
- examples:
### input ###
aspect: glass of wine
polarity: Neutral
### Output ###
We ordered a glass of wine and were finished eating and paying before the wine came.
### input ###
aspect: soup and sandwich meal, hot and sour soup
polarity: positive, Positive
### Output ###
For a savory take on the soup and sandwich meal, try the hot and sour soup.
### input ###
aspect: guac, flavor, fresh salsa
polarity:Positive, Negative, Neutral
### Output ###
The guac is fresh, yet lacking flavor, we like to add our fresh salsa into it.
### input ###
aspect: BANANA PUDDING, CRABCAKES, MAC AND CHEESE
polarity:Negative, Negative,Negative
### Output ###
THE BANANA PUDDING THEY SERVE HAS NEVER SEEN AN OVEN,THE CRABCAKES ARE WAY OVER SALTED AND DON'T GET ME STARTED ON THE VERY GREASY MAC AND CHEESE.
**Now complete this task like example with ONE SENTENCE:
### Input ###
aspect: honky-tonk,orthophosphate,Cheeseburger with bacon and cheddar,Tiramisu
polarity: Negative,Neutral,Negative,Positive
###Output### ","The honky-tonk band was off-key, but they served a safe dish with orthophosphate, the Cheeseburger with bacon and cheddar was overcooked and dry, yet the Tiramisu was rich and decadent.","[{'term': 'honky-tonk', 'polarity': 'Negative'}, {'term': 'orthophosphate', 'polarity': 'Neutral'}, {'term': 'Cheeseburger with bacon and cheddar', 'polarity': 'Negative'}, {'term': 'Tiramisu', 'polarity': 'Positive'}]","[{'category': 'general', 'polarity': 'neutral'}]",856
"['Muenster', 'Peking duck with hoisin sauce', 'course', 'Roast duck with orange glaze']","['Positive', 'Negative', 'Neutral', 'Negative']","**You are a critic who can generate comments on the specified aspect and sentiment
We would like you to complete a sentence generation task. Please follow these requirements:
- You need to use the sentiment,the aspect mentioned in the prompt
- Domain: Restaurants
- The generated sentence must be in length within 100 words.
- the sentence should not have aspect words that are not specified in the prompt
- DO NOT REPEAT the input text in the output
- PRINT ONLY THE ANSWER TEXT NO EXPLAINING NOTHING ELSE, MAKE SURE TO USE ASPECT WORDS IN THE OUTPUT
- examples:
### input ###
aspect: glass of wine
polarity: Neutral
### Output ###
We ordered a glass of wine and were finished eating and paying before the wine came.
### input ###
aspect: soup and sandwich meal, hot and sour soup
polarity: positive, Positive
### Output ###
For a savory take on the soup and sandwich meal, try the hot and sour soup.
### input ###
aspect: guac, flavor, fresh salsa
polarity:Positive, Negative, Neutral
### Output ###
The guac is fresh, yet lacking flavor, we like to add our fresh salsa into it.
### input ###
aspect: BANANA PUDDING, CRABCAKES, MAC AND CHEESE
polarity:Negative, Negative,Negative
### Output ###
THE BANANA PUDDING THEY SERVE HAS NEVER SEEN AN OVEN,THE CRABCAKES ARE WAY OVER SALTED AND DON'T GET ME STARTED ON THE VERY GREASY MAC AND CHEESE.
**Now complete this task like example with ONE SENTENCE:
### Input ###
aspect: Muenster,Peking duck with hoisin sauce,course,Roast duck with orange glaze
polarity: Positive,Negative,Neutral,Negative
###Output### ","The Muenster is a great addition to the meal, but unfortunately, the Peking duck with hoisin sauce was a letdown, the course selection was unremarkable, and the Roast duck with orange glaze was overhyped.","[{'term': 'Muenster', 'polarity': 'Positive'}, {'term': 'Peking duck with hoisin sauce', 'polarity': 'Negative'}, {'term': 'course', 'polarity': 'Neutral'}, {'term': 'Roast duck with orange glaze', 'polarity': 'Negative'}]","[{'category': 'general', 'polarity': 'neutral'}]",862
"['counterperson', 'discharge', 'Shrimp scampi pasta', 'succotash']","['Positive', 'Positive', 'Negative', 'Negative']","**You are a critic who can generate comments on the specified aspect and sentiment
We would like you to complete a sentence generation task. Please follow these requirements:
- You need to use the sentiment,the aspect mentioned in the prompt
- Domain: Restaurants
- The generated sentence must be in length within 100 words.
- the sentence should not have aspect words that are not specified in the prompt
- DO NOT REPEAT the input text in the output
- PRINT ONLY THE ANSWER TEXT NO EXPLAINING NOTHING ELSE, MAKE SURE TO USE ASPECT WORDS IN THE OUTPUT
- examples:
### input ###
aspect: glass of wine
polarity: Neutral
### Output ###
We ordered a glass of wine and were finished eating and paying before the wine came.
### input ###
aspect: soup and sandwich meal, hot and sour soup
polarity: positive, Positive
### Output ###
For a savory take on the soup and sandwich meal, try the hot and sour soup.
### input ###
aspect: guac, flavor, fresh salsa
polarity:Positive, Negative, Neutral
### Output ###
The guac is fresh, yet lacking flavor, we like to add our fresh salsa into it.
### input ###
aspect: BANANA PUDDING, CRABCAKES, MAC AND CHEESE
polarity:Negative, Negative,Negative
### Output ###
THE BANANA PUDDING THEY SERVE HAS NEVER SEEN AN OVEN,THE CRABCAKES ARE WAY OVER SALTED AND DON'T GET ME STARTED ON THE VERY GREASY MAC AND CHEESE.
**Now complete this task like example with ONE SENTENCE:
### Input ###
aspect: counterperson,discharge,Shrimp scampi pasta,succotash
polarity: Positive,Positive,Negative,Negative
###Output### ","The counterperson was very helpful with our discharge from the bill, but unfortunately, the Shrimp scampi pasta was overcooked and the succotash lacked seasoning.","[{'term': 'counterperson', 'polarity': 'Positive'}, {'term': 'discharge', 'polarity': 'Positive'}, {'term': 'Shrimp scampi pasta', 'polarity': 'Negative'}, {'term': 'succotash', 'polarity': 'Negative'}]","[{'category': 'general', 'polarity': 'neutral'}]",868
"['Eggplant Parmesan with mozzarella cheese', 'coleslaw', 'Salmon with asparagus', 'Vegetable curry']","['Positive', 'Negative', 'Neutral', 'Positive']","**You are a critic who can generate comments on the specified aspect and sentiment
We would like you to complete a sentence generation task. Please follow these requirements:
- You need to use the sentiment,the aspect mentioned in the prompt
- Domain: Restaurants
- The generated sentence must be in length within 100 words.
- the sentence should not have aspect words that are not specified in the prompt
- DO NOT REPEAT the input text in the output
- PRINT ONLY THE ANSWER TEXT NO EXPLAINING NOTHING ELSE, MAKE SURE TO USE ASPECT WORDS IN THE OUTPUT
- examples:
### input ###
aspect: glass of wine
polarity: Neutral
### Output ###
We ordered a glass of wine and were finished eating and paying before the wine came.
### input ###
aspect: soup and sandwich meal, hot and sour soup
polarity: positive, Positive
### Output ###
For a savory take on the soup and sandwich meal, try the hot and sour soup.
### input ###
aspect: guac, flavor, fresh salsa
polarity:Positive, Negative, Neutral
### Output ###
The guac is fresh, yet lacking flavor, we like to add our fresh salsa into it.
### input ###
aspect: BANANA PUDDING, CRABCAKES, MAC AND CHEESE
polarity:Negative, Negative,Negative
### Output ###
THE BANANA PUDDING THEY SERVE HAS NEVER SEEN AN OVEN,THE CRABCAKES ARE WAY OVER SALTED AND DON'T GET ME STARTED ON THE VERY GREASY MAC AND CHEESE.
**Now complete this task like example with ONE SENTENCE:
### Input ###
aspect: Eggplant Parmesan with mozzarella cheese,coleslaw,Salmon with asparagus,Vegetable curry
polarity: Positive,Negative,Neutral,Positive
###Output### ","The Eggplant Parmesan with mozzarella cheese was a highlight, but the coleslaw was a letdown, the Salmon with asparagus was a decent option, and the Vegetable curry was a perfectly normal dish.","[{'term': 'Eggplant Parmesan with mozzarella cheese', 'polarity': 'Positive'}, {'term': 'coleslaw', 'polarity': 'Negative'}, {'term': 'Salmon with asparagus', 'polarity': 'Neutral'}, {'term': 'Vegetable curry', 'polarity': 'Positive'}]","[{'category': 'general', 'polarity': 'neutral'}]",870
"['Tiramisu', 'Earth', 'myelin', 'Pork and beans']","['Neutral', 'Negative', 'Positive', 'Positive']","**You are a critic who can generate comments on the specified aspect and sentiment
We would like you to complete a sentence generation task. Please follow these requirements:
- You need to use the sentiment,the aspect mentioned in the prompt
- Domain: Restaurants
- The generated sentence must be in length within 100 words.
- the sentence should not have aspect words that are not specified in the prompt
- DO NOT REPEAT the input text in the output
- PRINT ONLY THE ANSWER TEXT NO EXPLAINING NOTHING ELSE, MAKE SURE TO USE ASPECT WORDS IN THE OUTPUT
- examples:
### input ###
aspect: glass of wine
polarity: Neutral
### Output ###
We ordered a glass of wine and were finished eating and paying before the wine came.
### input ###
aspect: soup and sandwich meal, hot and sour soup
polarity: positive, Positive
### Output ###
For a savory take on the soup and sandwich meal, try the hot and sour soup.
### input ###
aspect: guac, flavor, fresh salsa
polarity:Positive, Negative, Neutral
### Output ###
The guac is fresh, yet lacking flavor, we like to add our fresh salsa into it.
### input ###
aspect: BANANA PUDDING, CRABCAKES, MAC AND CHEESE
polarity:Negative, Negative,Negative
### Output ###
THE BANANA PUDDING THEY SERVE HAS NEVER SEEN AN OVEN,THE CRABCAKES ARE WAY OVER SALTED AND DON'T GET ME STARTED ON THE VERY GREASY MAC AND CHEESE.
**Now complete this task like example with ONE SENTENCE:
### Input ###
aspect: Tiramisu,Earth,myelin,Pork and beans
polarity: Neutral,Negative,Positive,Positive
###Output### ","The Tiramisu was unremarkable, the Earthy ambiance was a letdown, the myelin sheath of the noodles was somehow intact, but the Pork and beans were surprisingly flavorful.","[{'term': 'Tiramisu', 'polarity': 'Neutral'}, {'term': 'Earth', 'polarity': 'Negative'}, {'term': 'myelin', 'polarity': 'Positive'}, {'term': 'Pork and beans', 'polarity': 'Positive'}]","[{'category': 'general', 'polarity': 'neutral'}]",871
"['Cheese and wine', 'Beef Wellington', 'Bread and butter', 'undercharge']","['Negative', 'Positive', 'Positive', 'Negative']","**You are a critic who can generate comments on the specified aspect and sentiment
We would like you to complete a sentence generation task. Please follow these requirements:
- You need to use the sentiment,the aspect mentioned in the prompt
- Domain: Restaurants
- The generated sentence must be in length within 100 words.
- the sentence should not have aspect words that are not specified in the prompt
- DO NOT REPEAT the input text in the output
- PRINT ONLY THE ANSWER TEXT NO EXPLAINING NOTHING ELSE, MAKE SURE TO USE ASPECT WORDS IN THE OUTPUT
- examples:
### input ###
aspect: glass of wine
polarity: Neutral
### Output ###
We ordered a glass of wine and were finished eating and paying before the wine came.
### input ###
aspect: soup and sandwich meal, hot and sour soup
polarity: positive, Positive
### Output ###
For a savory take on the soup and sandwich meal, try the hot and sour soup.
### input ###
aspect: guac, flavor, fresh salsa
polarity:Positive, Negative, Neutral
### Output ###
The guac is fresh, yet lacking flavor, we like to add our fresh salsa into it.
### input ###
aspect: BANANA PUDDING, CRABCAKES, MAC AND CHEESE
polarity:Negative, Negative,Negative
### Output ###
THE BANANA PUDDING THEY SERVE HAS NEVER SEEN AN OVEN,THE CRABCAKES ARE WAY OVER SALTED AND DON'T GET ME STARTED ON THE VERY GREASY MAC AND CHEESE.
**Now complete this task like example with ONE SENTENCE:
### Input ###
aspect: Cheese and wine,Beef Wellington,Bread and butter,undercharge
polarity: Negative,Positive,Positive,Negative
###Output### ","The overpriced Beef Wellington and undercharge for the meal was not worth it, but the Cheese and wine pairing was excellent, and the Bread and butter was simply divine.","[{'term': 'Cheese and wine', 'polarity': 'Negative'}, {'term': 'Beef Wellington', 'polarity': 'Positive'}, {'term': 'Bread and butter', 'polarity': 'Positive'}, {'term': 'undercharge', 'polarity': 'Negative'}]","[{'category': 'general', 'polarity': 'neutral'}]",874
"['lunch', 'Steak fries', 'Pasta with pesto (and pine nuts)', 'Vegetables and rice']","['Neutral', 'Negative', 'Positive', 'Positive']","**You are a critic who can generate comments on the specified aspect and sentiment
We would like you to complete a sentence generation task. Please follow these requirements:
- You need to use the sentiment,the aspect mentioned in the prompt
- Domain: Restaurants
- The generated sentence must be in length within 100 words.
- the sentence should not have aspect words that are not specified in the prompt
- DO NOT REPEAT the input text in the output
- PRINT ONLY THE ANSWER TEXT NO EXPLAINING NOTHING ELSE, MAKE SURE TO USE ASPECT WORDS IN THE OUTPUT
- examples:
### input ###
aspect: glass of wine
polarity: Neutral
### Output ###
We ordered a glass of wine and were finished eating and paying before the wine came.
### input ###
aspect: soup and sandwich meal, hot and sour soup
polarity: positive, Positive
### Output ###
For a savory take on the soup and sandwich meal, try the hot and sour soup.
### input ###
aspect: guac, flavor, fresh salsa
polarity:Positive, Negative, Neutral
### Output ###
The guac is fresh, yet lacking flavor, we like to add our fresh salsa into it.
### input ###
aspect: BANANA PUDDING, CRABCAKES, MAC AND CHEESE
polarity:Negative, Negative,Negative
### Output ###
THE BANANA PUDDING THEY SERVE HAS NEVER SEEN AN OVEN,THE CRABCAKES ARE WAY OVER SALTED AND DON'T GET ME STARTED ON THE VERY GREASY MAC AND CHEESE.
**Now complete this task like example with ONE SENTENCE:
### Input ###
aspect: lunch,Steak fries,Pasta with pesto (and pine nuts),Vegetables and rice
polarity: Neutral,Negative,Positive,Positive
###Output### ","We had a mediocre lunch, the Steak fries were overcooked, but the Pasta with pesto (and pine nuts) was surprisingly good, and the Vegetables and rice were also quite flavorful.","[{'term': 'lunch', 'polarity': 'Neutral'}, {'term': 'Steak fries', 'polarity': 'Negative'}, {'term': 'Pasta with pesto (and pine nuts)', 'polarity': 'Positive'}, {'term': 'Vegetables and rice', 'polarity': 'Positive'}]","[{'category': 'general', 'polarity': 'neutral'}]",878
"['Beef Wellington', 'Beef brisket sandwich', 'Beef and onions', 'Grilled pork with apple chutney']","['Positive', 'Negative', 'Negative', 'Positive']","**You are a critic who can generate comments on the specified aspect and sentiment
We would like you to complete a sentence generation task. Please follow these requirements:
- You need to use the sentiment,the aspect mentioned in the prompt
- Domain: Restaurants
- The generated sentence must be in length within 100 words.
- the sentence should not have aspect words that are not specified in the prompt
- DO NOT REPEAT the input text in the output
- PRINT ONLY THE ANSWER TEXT NO EXPLAINING NOTHING ELSE, MAKE SURE TO USE ASPECT WORDS IN THE OUTPUT
- examples:
### input ###
aspect: glass of wine
polarity: Neutral
### Output ###
We ordered a glass of wine and were finished eating and paying before the wine came.
### input ###
aspect: soup and sandwich meal, hot and sour soup
polarity: positive, Positive
### Output ###
For a savory take on the soup and sandwich meal, try the hot and sour soup.
### input ###
aspect: guac, flavor, fresh salsa
polarity:Positive, Negative, Neutral
### Output ###
The guac is fresh, yet lacking flavor, we like to add our fresh salsa into it.
### input ###
aspect: BANANA PUDDING, CRABCAKES, MAC AND CHEESE
polarity:Negative, Negative,Negative
### Output ###
THE BANANA PUDDING THEY SERVE HAS NEVER SEEN AN OVEN,THE CRABCAKES ARE WAY OVER SALTED AND DON'T GET ME STARTED ON THE VERY GREASY MAC AND CHEESE.
**Now complete this task like example with ONE SENTENCE:
### Input ###
aspect: Beef Wellington,Beef brisket sandwich,Beef and onions,Grilled pork with apple chutney
polarity: Positive,Negative,Negative,Positive
###Output### ","The Beef Wellington was exceptional, unfortunately the Beef brisket sandwich was overpriced and the Beef and onions were too salty, but the Grilled pork with apple chutney was a delightful surprise.","[{'term': 'Beef Wellington', 'polarity': 'Positive'}, {'term': 'Beef brisket sandwich', 'polarity': 'Negative'}, {'term': 'Beef and onions', 'polarity': 'Negative'}, {'term': 'Grilled pork with apple chutney', 'polarity': 'Positive'}]","[{'category': 'general', 'polarity': 'neutral'}]",886
"['rock', 'HAZMAT', 'Vegetable stir fry', 'Crab cakes with remoulade sauce']","['Negative', 'Neutral', 'Positive', 'Positive']","**You are a critic who can generate comments on the specified aspect and sentiment
We would like you to complete a sentence generation task. Please follow these requirements:
- You need to use the sentiment,the aspect mentioned in the prompt
- Domain: Restaurants
- The generated sentence must be in length within 100 words.
- the sentence should not have aspect words that are not specified in the prompt
- DO NOT REPEAT the input text in the output
- PRINT ONLY THE ANSWER TEXT NO EXPLAINING NOTHING ELSE, MAKE SURE TO USE ASPECT WORDS IN THE OUTPUT
- examples:
### input ###
aspect: glass of wine
polarity: Neutral
### Output ###
We ordered a glass of wine and were finished eating and paying before the wine came.
### input ###
aspect: soup and sandwich meal, hot and sour soup
polarity: positive, Positive
### Output ###
For a savory take on the soup and sandwich meal, try the hot and sour soup.
### input ###
aspect: guac, flavor, fresh salsa
polarity:Positive, Negative, Neutral
### Output ###
The guac is fresh, yet lacking flavor, we like to add our fresh salsa into it.
### input ###
aspect: BANANA PUDDING, CRABCAKES, MAC AND CHEESE
polarity:Negative, Negative,Negative
### Output ###
THE BANANA PUDDING THEY SERVE HAS NEVER SEEN AN OVEN,THE CRABCAKES ARE WAY OVER SALTED AND DON'T GET ME STARTED ON THE VERY GREASY MAC AND CHEESE.
**Now complete this task like example with ONE SENTENCE:
### Input ###
aspect: rock,HAZMAT,Vegetable stir fry,Crab cakes with remoulade sauce
polarity: Negative,Neutral,Positive,Positive
###Output### ","The rock walls in the restaurant's patio area look rough, the HAZMAT warning signs near the kitchen are a bit of an overreaction, the Vegetable stir fry is a flavorful dish, and the Crab cakes with remoulade sauce are absolutely delightful.","[{'term': 'rock', 'polarity': 'Negative'}, {'term': 'HAZMAT', 'polarity': 'Neutral'}, {'term': 'Vegetable stir fry', 'polarity': 'Positive'}, {'term': 'Crab cakes with remoulade sauce', 'polarity': 'Positive'}]","[{'category': 'general', 'polarity': 'neutral'}]",898
"['supper', 'Fried fish with French fries', 'Cheesecake', 'Buffalo wings']","['Positive', 'Positive', 'Negative', 'Neutral']","**You are a critic who can generate comments on the specified aspect and sentiment
We would like you to complete a sentence generation task. Please follow these requirements:
- You need to use the sentiment,the aspect mentioned in the prompt
- Domain: Restaurants
- The generated sentence must be in length within 100 words.
- the sentence should not have aspect words that are not specified in the prompt
- DO NOT REPEAT the input text in the output
- PRINT ONLY THE ANSWER TEXT NO EXPLAINING NOTHING ELSE, MAKE SURE TO USE ASPECT WORDS IN THE OUTPUT
- examples:
### input ###
aspect: glass of wine
polarity: Neutral
### Output ###
We ordered a glass of wine and were finished eating and paying before the wine came.
### input ###
aspect: soup and sandwich meal, hot and sour soup
polarity: positive, Positive
### Output ###
For a savory take on the soup and sandwich meal, try the hot and sour soup.
### input ###
aspect: guac, flavor, fresh salsa
polarity:Positive, Negative, Neutral
### Output ###
The guac is fresh, yet lacking flavor, we like to add our fresh salsa into it.
### input ###
aspect: BANANA PUDDING, CRABCAKES, MAC AND CHEESE
polarity:Negative, Negative,Negative
### Output ###
THE BANANA PUDDING THEY SERVE HAS NEVER SEEN AN OVEN,THE CRABCAKES ARE WAY OVER SALTED AND DON'T GET ME STARTED ON THE VERY GREASY MAC AND CHEESE.
**Now complete this task like example with ONE SENTENCE:
### Input ###
aspect: supper,Fried fish with French fries,Cheesecake,Buffalo wings
polarity: Positive,Positive,Negative,Neutral
###Output### ","The supper was excellent, the Fried fish with French fries was cooked to perfection, but unfortunately, the Cheesecake was a letdown, and the Buffalo wings were just okay.","[{'term': 'supper', 'polarity': 'Positive'}, {'term': 'Fried fish with French fries', 'polarity': 'Positive'}, {'term': 'Cheesecake', 'polarity': 'Negative'}, {'term': 'Buffalo wings', 'polarity': 'Neutral'}]","[{'category': 'general', 'polarity': 'neutral'}]",900
"['holy', 'Beef stew', 'bartender', 'Steak and fries']","['Negative', 'Neutral', 'Positive', 'Negative']","**You are a critic who can generate comments on the specified aspect and sentiment
We would like you to complete a sentence generation task. Please follow these requirements:
- You need to use the sentiment,the aspect mentioned in the prompt
- Domain: Restaurants
- The generated sentence must be in length within 100 words.
- the sentence should not have aspect words that are not specified in the prompt
- DO NOT REPEAT the input text in the output
- PRINT ONLY THE ANSWER TEXT NO EXPLAINING NOTHING ELSE, MAKE SURE TO USE ASPECT WORDS IN THE OUTPUT
- examples:
### input ###
aspect: glass of wine
polarity: Neutral
### Output ###
We ordered a glass of wine and were finished eating and paying before the wine came.
### input ###
aspect: soup and sandwich meal, hot and sour soup
polarity: positive, Positive
### Output ###
For a savory take on the soup and sandwich meal, try the hot and sour soup.
### input ###
aspect: guac, flavor, fresh salsa
polarity:Positive, Negative, Neutral
### Output ###
The guac is fresh, yet lacking flavor, we like to add our fresh salsa into it.
### input ###
aspect: BANANA PUDDING, CRABCAKES, MAC AND CHEESE
polarity:Negative, Negative,Negative
### Output ###
THE BANANA PUDDING THEY SERVE HAS NEVER SEEN AN OVEN,THE CRABCAKES ARE WAY OVER SALTED AND DON'T GET ME STARTED ON THE VERY GREASY MAC AND CHEESE.
**Now complete this task like example with ONE SENTENCE:
### Input ###
aspect: holy,Beef stew,bartender,Steak and fries
polarity: Negative,Neutral,Positive,Negative
###Output### ","The bartender was friendly, but the holy aspect of the dining experience was ruined by the overcooked Beef stew and the dry Steak and fries.","[{'term': 'holy', 'polarity': 'Negative'}, {'term': 'Beef stew', 'polarity': 'Neutral'}, {'term': 'bartender', 'polarity': 'Positive'}, {'term': 'Steak and fries', 'polarity': 'Negative'}]","[{'category': 'general', 'polarity': 'neutral'}]",903
"['six-spot', 'Vegetable curry (with coconut milk)', 'Grilled cheese sandwich', 'Espagnole']","['Positive', 'Negative', 'Neutral', 'Negative']","**You are a critic who can generate comments on the specified aspect and sentiment
We would like you to complete a sentence generation task. Please follow these requirements:
- You need to use the sentiment,the aspect mentioned in the prompt
- Domain: Restaurants
- The generated sentence must be in length within 100 words.
- the sentence should not have aspect words that are not specified in the prompt
- DO NOT REPEAT the input text in the output
- PRINT ONLY THE ANSWER TEXT NO EXPLAINING NOTHING ELSE, MAKE SURE TO USE ASPECT WORDS IN THE OUTPUT
- examples:
### input ###
aspect: glass of wine
polarity: Neutral
### Output ###
We ordered a glass of wine and were finished eating and paying before the wine came.
### input ###
aspect: soup and sandwich meal, hot and sour soup
polarity: positive, Positive
### Output ###
For a savory take on the soup and sandwich meal, try the hot and sour soup.
### input ###
aspect: guac, flavor, fresh salsa
polarity:Positive, Negative, Neutral
### Output ###
The guac is fresh, yet lacking flavor, we like to add our fresh salsa into it.
### input ###
aspect: BANANA PUDDING, CRABCAKES, MAC AND CHEESE
polarity:Negative, Negative,Negative
### Output ###
THE BANANA PUDDING THEY SERVE HAS NEVER SEEN AN OVEN,THE CRABCAKES ARE WAY OVER SALTED AND DON'T GET ME STARTED ON THE VERY GREASY MAC AND CHEESE.
**Now complete this task like example with ONE SENTENCE:
### Input ###
aspect: six-spot,Vegetable curry (with coconut milk),Grilled cheese sandwich,Espagnole
polarity: Positive,Negative,Neutral,Negative
###Output### ","The six-spot is a decent choice, but the Vegetable curry (with coconut milk) was overpowered by spices, the Grilled cheese sandwich was just okay, and the Espagnole fell flat.","[{'term': 'six-spot', 'polarity': 'Positive'}, {'term': 'Vegetable curry (with coconut milk)', 'polarity': 'Negative'}, {'term': 'Grilled cheese sandwich', 'polarity': 'Neutral'}, {'term': 'Espagnole', 'polarity': 'Negative'}]","[{'category': 'general', 'polarity': 'neutral'}]",906
"['tostada', 'gravy', 'ringside', 'Grilled pork with apple chutney']","['Neutral', 'Positive', 'Positive', 'Negative']","**You are a critic who can generate comments on the specified aspect and sentiment
We would like you to complete a sentence generation task. Please follow these requirements:
- You need to use the sentiment,the aspect mentioned in the prompt
- Domain: Restaurants
- The generated sentence must be in length within 100 words.
- the sentence should not have aspect words that are not specified in the prompt
- DO NOT REPEAT the input text in the output
- PRINT ONLY THE ANSWER TEXT NO EXPLAINING NOTHING ELSE, MAKE SURE TO USE ASPECT WORDS IN THE OUTPUT
- examples:
### input ###
aspect: glass of wine
polarity: Neutral
### Output ###
We ordered a glass of wine and were finished eating and paying before the wine came.
### input ###
aspect: soup and sandwich meal, hot and sour soup
polarity: positive, Positive
### Output ###
For a savory take on the soup and sandwich meal, try the hot and sour soup.
### input ###
aspect: guac, flavor, fresh salsa
polarity:Positive, Negative, Neutral
### Output ###
The guac is fresh, yet lacking flavor, we like to add our fresh salsa into it.
### input ###
aspect: BANANA PUDDING, CRABCAKES, MAC AND CHEESE
polarity:Negative, Negative,Negative
### Output ###
THE BANANA PUDDING THEY SERVE HAS NEVER SEEN AN OVEN,THE CRABCAKES ARE WAY OVER SALTED AND DON'T GET ME STARTED ON THE VERY GREASY MAC AND CHEESE.
**Now complete this task like example with ONE SENTENCE:
### Input ###
aspect: tostada,gravy,ringside,Grilled pork with apple chutney
polarity: Neutral,Positive,Positive,Negative
###Output### ","The tostada was decent, but the gravy was overpowered by the noise from the ringside seating, unfortunately the Grilled pork with apple chutney was a letdown.","[{'term': 'tostada', 'polarity': 'Neutral'}, {'term': 'gravy', 'polarity': 'Positive'}, {'term': 'ringside', 'polarity': 'Positive'}, {'term': 'Grilled pork with apple chutney', 'polarity': 'Negative'}]","[{'category': 'general', 'polarity': 'neutral'}]",911
"['costmary', 'Pizza crust', 'Grilled shrimp', 'Steak and potatoes']","['Positive', 'Positive', 'Negative', 'Negative']","**You are a critic who can generate comments on the specified aspect and sentiment
We would like you to complete a sentence generation task. Please follow these requirements:
- You need to use the sentiment,the aspect mentioned in the prompt
- Domain: Restaurants
- The generated sentence must be in length within 100 words.
- the sentence should not have aspect words that are not specified in the prompt
- DO NOT REPEAT the input text in the output
- PRINT ONLY THE ANSWER TEXT NO EXPLAINING NOTHING ELSE, MAKE SURE TO USE ASPECT WORDS IN THE OUTPUT
- examples:
### input ###
aspect: glass of wine
polarity: Neutral
### Output ###
We ordered a glass of wine and were finished eating and paying before the wine came.
### input ###
aspect: soup and sandwich meal, hot and sour soup
polarity: positive, Positive
### Output ###
For a savory take on the soup and sandwich meal, try the hot and sour soup.
### input ###
aspect: guac, flavor, fresh salsa
polarity:Positive, Negative, Neutral
### Output ###
The guac is fresh, yet lacking flavor, we like to add our fresh salsa into it.
### input ###
aspect: BANANA PUDDING, CRABCAKES, MAC AND CHEESE
polarity:Negative, Negative,Negative
### Output ###
THE BANANA PUDDING THEY SERVE HAS NEVER SEEN AN OVEN,THE CRABCAKES ARE WAY OVER SALTED AND DON'T GET ME STARTED ON THE VERY GREASY MAC AND CHEESE.
**Now complete this task like example with ONE SENTENCE:
### Input ###
aspect: costmary,Pizza crust,Grilled shrimp,Steak and potatoes
polarity: Positive,Positive,Negative,Negative
###Output### ","The costmary was a pleasant surprise, however the Pizza crust could have been crisper, the Grilled shrimp overcooked, and the Steak and potatoes underseasoned.","[{'term': 'costmary', 'polarity': 'Positive'}, {'term': 'Pizza crust', 'polarity': 'Positive'}, {'term': 'Grilled shrimp', 'polarity': 'Negative'}, {'term': 'Steak and potatoes', 'polarity': 'Negative'}]","[{'category': 'general', 'polarity': 'neutral'}]",917
"['Cheese fondue platter', 'Pizza crust', 'Roast duck with orange glaze', 'subordinate']","['Negative', 'Neutral', 'Negative', 'Positive']","**You are a critic who can generate comments on the specified aspect and sentiment
We would like you to complete a sentence generation task. Please follow these requirements:
- You need to use the sentiment,the aspect mentioned in the prompt
- Domain: Restaurants
- The generated sentence must be in length within 100 words.
- the sentence should not have aspect words that are not specified in the prompt
- DO NOT REPEAT the input text in the output
- PRINT ONLY THE ANSWER TEXT NO EXPLAINING NOTHING ELSE, MAKE SURE TO USE ASPECT WORDS IN THE OUTPUT
- examples:
### input ###
aspect: glass of wine
polarity: Neutral
### Output ###
We ordered a glass of wine and were finished eating and paying before the wine came.
### input ###
aspect: soup and sandwich meal, hot and sour soup
polarity: positive, Positive
### Output ###
For a savory take on the soup and sandwich meal, try the hot and sour soup.
### input ###
aspect: guac, flavor, fresh salsa
polarity:Positive, Negative, Neutral
### Output ###
The guac is fresh, yet lacking flavor, we like to add our fresh salsa into it.
### input ###
aspect: BANANA PUDDING, CRABCAKES, MAC AND CHEESE
polarity:Negative, Negative,Negative
### Output ###
THE BANANA PUDDING THEY SERVE HAS NEVER SEEN AN OVEN,THE CRABCAKES ARE WAY OVER SALTED AND DON'T GET ME STARTED ON THE VERY GREASY MAC AND CHEESE.
**Now complete this task like example with ONE SENTENCE:
### Input ###
aspect: Cheese fondue platter,Pizza crust,Roast duck with orange glaze,subordinate
polarity: Negative,Neutral,Negative,Positive
###Output### ","The subordinate service was attentive, but the Cheese fondue platter was a letdown, the Pizza crust was just average, and the Roast duck with orange glaze was completely overpowered by the glaze.","[{'term': 'Cheese fondue platter', 'polarity': 'Negative'}, {'term': 'Pizza crust', 'polarity': 'Neutral'}, {'term': 'Roast duck with orange glaze', 'polarity': 'Negative'}, {'term': 'subordinate', 'polarity': 'Positive'}]","[{'category': 'general', 'polarity': 'neutral'}]",924
"['nonconductor', 'saki', 'solitude', 'Chicken and waffles']","['Negative', 'Negative', 'Positive', 'Positive']","**You are a critic who can generate comments on the specified aspect and sentiment
We would like you to complete a sentence generation task. Please follow these requirements:
- You need to use the sentiment,the aspect mentioned in the prompt
- Domain: Restaurants
- The generated sentence must be in length within 100 words.
- the sentence should not have aspect words that are not specified in the prompt
- DO NOT REPEAT the input text in the output
- PRINT ONLY THE ANSWER TEXT NO EXPLAINING NOTHING ELSE, MAKE SURE TO USE ASPECT WORDS IN THE OUTPUT
- examples:
### input ###
aspect: glass of wine
polarity: Neutral
### Output ###
We ordered a glass of wine and were finished eating and paying before the wine came.
### input ###
aspect: soup and sandwich meal, hot and sour soup
polarity: positive, Positive
### Output ###
For a savory take on the soup and sandwich meal, try the hot and sour soup.
### input ###
aspect: guac, flavor, fresh salsa
polarity:Positive, Negative, Neutral
### Output ###
The guac is fresh, yet lacking flavor, we like to add our fresh salsa into it.
### input ###
aspect: BANANA PUDDING, CRABCAKES, MAC AND CHEESE
polarity:Negative, Negative,Negative
### Output ###
THE BANANA PUDDING THEY SERVE HAS NEVER SEEN AN OVEN,THE CRABCAKES ARE WAY OVER SALTED AND DON'T GET ME STARTED ON THE VERY GREASY MAC AND CHEESE.
**Now complete this task like example with ONE SENTENCE:
### Input ###
aspect: nonconductor,saki,solitude,Chicken and waffles
polarity: Negative,Negative,Positive,Positive
###Output### ","The restaurant's nonconductor of solitude is a major issue, but the saki selection is surprisingly lacking and the Chicken and waffles are a delightful find.","[{'term': 'nonconductor', 'polarity': 'Negative'}, {'term': 'saki', 'polarity': 'Negative'}, {'term': 'solitude', 'polarity': 'Positive'}, {'term': 'Chicken and waffles', 'polarity': 'Positive'}]","[{'category': 'general', 'polarity': 'neutral'}]",931
"['suspension', 'xanthate', 'Eggplant Parmesan with mozzarella cheese', 'frying']","['Negative', 'Neutral', 'Positive', 'Negative']","**You are a critic who can generate comments on the specified aspect and sentiment
We would like you to complete a sentence generation task. Please follow these requirements:
- You need to use the sentiment,the aspect mentioned in the prompt
- Domain: Restaurants
- The generated sentence must be in length within 100 words.
- the sentence should not have aspect words that are not specified in the prompt
- DO NOT REPEAT the input text in the output
- PRINT ONLY THE ANSWER TEXT NO EXPLAINING NOTHING ELSE, MAKE SURE TO USE ASPECT WORDS IN THE OUTPUT
- examples:
### input ###
aspect: glass of wine
polarity: Neutral
### Output ###
We ordered a glass of wine and were finished eating and paying before the wine came.
### input ###
aspect: soup and sandwich meal, hot and sour soup
polarity: positive, Positive
### Output ###
For a savory take on the soup and sandwich meal, try the hot and sour soup.
### input ###
aspect: guac, flavor, fresh salsa
polarity:Positive, Negative, Neutral
### Output ###
The guac is fresh, yet lacking flavor, we like to add our fresh salsa into it.
### input ###
aspect: BANANA PUDDING, CRABCAKES, MAC AND CHEESE
polarity:Negative, Negative,Negative
### Output ###
THE BANANA PUDDING THEY SERVE HAS NEVER SEEN AN OVEN,THE CRABCAKES ARE WAY OVER SALTED AND DON'T GET ME STARTED ON THE VERY GREASY MAC AND CHEESE.
**Now complete this task like example with ONE SENTENCE:
### Input ###
aspect: suspension,xanthate,Eggplant Parmesan with mozzarella cheese,frying
polarity: Negative,Neutral,Positive,Negative
###Output### ","The Eggplant Parmesan with mozzarella cheese was a highlight, but the suspension of our meal was unacceptable, the xanthate used in the preparation was a turn-off, and the frying was a disaster.","[{'term': 'suspension', 'polarity': 'Negative'}, {'term': 'xanthate', 'polarity': 'Neutral'}, {'term': 'Eggplant Parmesan with mozzarella cheese', 'polarity': 'Positive'}, {'term': 'frying', 'polarity': 'Negative'}]","[{'category': 'general', 'polarity': 'neutral'}]",935
"['silver', 'nosh-up', 'BAR', 'aniseed']","['Negative', 'Neutral', 'Positive', 'Positive']","**You are a critic who can generate comments on the specified aspect and sentiment
We would like you to complete a sentence generation task. Please follow these requirements:
- You need to use the sentiment,the aspect mentioned in the prompt
- Domain: Restaurants
- The generated sentence must be in length within 100 words.
- the sentence should not have aspect words that are not specified in the prompt
- DO NOT REPEAT the input text in the output
- PRINT ONLY THE ANSWER TEXT NO EXPLAINING NOTHING ELSE, MAKE SURE TO USE ASPECT WORDS IN THE OUTPUT
- examples:
### input ###
aspect: glass of wine
polarity: Neutral
### Output ###
We ordered a glass of wine and were finished eating and paying before the wine came.
### input ###
aspect: soup and sandwich meal, hot and sour soup
polarity: positive, Positive
### Output ###
For a savory take on the soup and sandwich meal, try the hot and sour soup.
### input ###
aspect: guac, flavor, fresh salsa
polarity:Positive, Negative, Neutral
### Output ###
The guac is fresh, yet lacking flavor, we like to add our fresh salsa into it.
### input ###
aspect: BANANA PUDDING, CRABCAKES, MAC AND CHEESE
polarity:Negative, Negative,Negative
### Output ###
THE BANANA PUDDING THEY SERVE HAS NEVER SEEN AN OVEN,THE CRABCAKES ARE WAY OVER SALTED AND DON'T GET ME STARTED ON THE VERY GREASY MAC AND CHEESE.
**Now complete this task like example with ONE SENTENCE:
### Input ###
aspect: silver,nosh-up,BAR,aniseed
polarity: Negative,Neutral,Positive,Positive
###Output### ",The BAR has a nice ambiance but the silver cutlery feels cheap and the nosh-up is overpriced with aniseed flavor that's completely missing.,"[{'term': 'silver', 'polarity': 'Negative'}, {'term': 'nosh-up', 'polarity': 'Neutral'}, {'term': 'BAR', 'polarity': 'Positive'}, {'term': 'aniseed', 'polarity': 'Positive'}]","[{'category': 'general', 'polarity': 'neutral'}]",940
"['Chicken Caesar wrap', 'Fried chicken (with honey mustard)', 'intermezzo', 'Fried rice']","['Negative', 'Positive', 'Negative', 'Positive']","**You are a critic who can generate comments on the specified aspect and sentiment
We would like you to complete a sentence generation task. Please follow these requirements:
- You need to use the sentiment,the aspect mentioned in the prompt
- Domain: Restaurants
- The generated sentence must be in length within 100 words.
- the sentence should not have aspect words that are not specified in the prompt
- DO NOT REPEAT the input text in the output
- PRINT ONLY THE ANSWER TEXT NO EXPLAINING NOTHING ELSE, MAKE SURE TO USE ASPECT WORDS IN THE OUTPUT
- examples:
### input ###
aspect: glass of wine
polarity: Neutral
### Output ###
We ordered a glass of wine and were finished eating and paying before the wine came.
### input ###
aspect: soup and sandwich meal, hot and sour soup
polarity: positive, Positive
### Output ###
For a savory take on the soup and sandwich meal, try the hot and sour soup.
### input ###
aspect: guac, flavor, fresh salsa
polarity:Positive, Negative, Neutral
### Output ###
The guac is fresh, yet lacking flavor, we like to add our fresh salsa into it.
### input ###
aspect: BANANA PUDDING, CRABCAKES, MAC AND CHEESE
polarity:Negative, Negative,Negative
### Output ###
THE BANANA PUDDING THEY SERVE HAS NEVER SEEN AN OVEN,THE CRABCAKES ARE WAY OVER SALTED AND DON'T GET ME STARTED ON THE VERY GREASY MAC AND CHEESE.
**Now complete this task like example with ONE SENTENCE:
### Input ###
aspect: Chicken Caesar wrap,Fried chicken (with honey mustard),intermezzo,Fried rice
polarity: Negative,Positive,Negative,Positive
###Output### ","The Fried chicken (with honey mustard) was absolutely delicious, but the Chicken Caesar wrap was a letdown, the intermezzo was a weird palate cleanser, and the Fried rice was cooked to perfection.","[{'term': 'Chicken Caesar wrap', 'polarity': 'Negative'}, {'term': 'Fried chicken (with honey mustard)', 'polarity': 'Positive'}, {'term': 'intermezzo', 'polarity': 'Negative'}, {'term': 'Fried rice', 'polarity': 'Positive'}]","[{'category': 'general', 'polarity': 'neutral'}]",944
"['Chicken and gravy', 'mimosa', 'Tiramisu', 'Beef and potatoes']","['Positive', 'Positive', 'Negative', 'Neutral']","**You are a critic who can generate comments on the specified aspect and sentiment
We would like you to complete a sentence generation task. Please follow these requirements:
- You need to use the sentiment,the aspect mentioned in the prompt
- Domain: Restaurants
- The generated sentence must be in length within 100 words.
- the sentence should not have aspect words that are not specified in the prompt
- DO NOT REPEAT the input text in the output
- PRINT ONLY THE ANSWER TEXT NO EXPLAINING NOTHING ELSE, MAKE SURE TO USE ASPECT WORDS IN THE OUTPUT
- examples:
### input ###
aspect: glass of wine
polarity: Neutral
### Output ###
We ordered a glass of wine and were finished eating and paying before the wine came.
### input ###
aspect: soup and sandwich meal, hot and sour soup
polarity: positive, Positive
### Output ###
For a savory take on the soup and sandwich meal, try the hot and sour soup.
### input ###
aspect: guac, flavor, fresh salsa
polarity:Positive, Negative, Neutral
### Output ###
The guac is fresh, yet lacking flavor, we like to add our fresh salsa into it.
### input ###
aspect: BANANA PUDDING, CRABCAKES, MAC AND CHEESE
polarity:Negative, Negative,Negative
### Output ###
THE BANANA PUDDING THEY SERVE HAS NEVER SEEN AN OVEN,THE CRABCAKES ARE WAY OVER SALTED AND DON'T GET ME STARTED ON THE VERY GREASY MAC AND CHEESE.
**Now complete this task like example with ONE SENTENCE:
### Input ###
aspect: Chicken and gravy,mimosa,Tiramisu,Beef and potatoes
polarity: Positive,Positive,Negative,Neutral
###Output### ","The Chicken and gravy was cooked to perfection, the mimosa was refreshing, but unfortunately the Tiramisu was a letdown, and the Beef and potatoes was just okay.","[{'term': 'Chicken and gravy', 'polarity': 'Positive'}, {'term': 'mimosa', 'polarity': 'Positive'}, {'term': 'Tiramisu', 'polarity': 'Negative'}, {'term': 'Beef and potatoes', 'polarity': 'Neutral'}]","[{'category': 'general', 'polarity': 'neutral'}]",945
"['stall', 'ramekin', 'sign', 'Chicken and waffles']","['Negative', 'Neutral', 'Positive', 'Positive']","**You are a critic who can generate comments on the specified aspect and sentiment
We would like you to complete a sentence generation task. Please follow these requirements:
- You need to use the sentiment,the aspect mentioned in the prompt
- Domain: Restaurants
- The generated sentence must be in length within 100 words.
- the sentence should not have aspect words that are not specified in the prompt
- DO NOT REPEAT the input text in the output
- PRINT ONLY THE ANSWER TEXT NO EXPLAINING NOTHING ELSE, MAKE SURE TO USE ASPECT WORDS IN THE OUTPUT
- examples:
### input ###
aspect: glass of wine
polarity: Neutral
### Output ###
We ordered a glass of wine and were finished eating and paying before the wine came.
### input ###
aspect: soup and sandwich meal, hot and sour soup
polarity: positive, Positive
### Output ###
For a savory take on the soup and sandwich meal, try the hot and sour soup.
### input ###
aspect: guac, flavor, fresh salsa
polarity:Positive, Negative, Neutral
### Output ###
The guac is fresh, yet lacking flavor, we like to add our fresh salsa into it.
### input ###
aspect: BANANA PUDDING, CRABCAKES, MAC AND CHEESE
polarity:Negative, Negative,Negative
### Output ###
THE BANANA PUDDING THEY SERVE HAS NEVER SEEN AN OVEN,THE CRABCAKES ARE WAY OVER SALTED AND DON'T GET ME STARTED ON THE VERY GREASY MAC AND CHEESE.
**Now complete this task like example with ONE SENTENCE:
### Input ###
aspect: stall,ramekin,sign,Chicken and waffles
polarity: Negative,Neutral,Positive,Positive
###Output### ","The stall had a confusing sign, but the Chicken and waffles were amazing, served in a ramekin.","[{'term': 'stall', 'polarity': 'Negative'}, {'term': 'ramekin', 'polarity': 'Neutral'}, {'term': 'sign', 'polarity': 'Positive'}, {'term': 'Chicken and waffles', 'polarity': 'Positive'}]","[{'category': 'general', 'polarity': 'neutral'}]",947
"['sweet', 'Fried chicken and mashed potatoes', 'Chicken noodle soup', 'Roast chicken with mashed potatoes']","['Neutral', 'Negative', 'Positive', 'Negative']","**You are a critic who can generate comments on the specified aspect and sentiment
We would like you to complete a sentence generation task. Please follow these requirements:
- You need to use the sentiment,the aspect mentioned in the prompt
- Domain: Restaurants
- The generated sentence must be in length within 100 words.
- the sentence should not have aspect words that are not specified in the prompt
- DO NOT REPEAT the input text in the output
- PRINT ONLY THE ANSWER TEXT NO EXPLAINING NOTHING ELSE, MAKE SURE TO USE ASPECT WORDS IN THE OUTPUT
- examples:
### input ###
aspect: glass of wine
polarity: Neutral
### Output ###
We ordered a glass of wine and were finished eating and paying before the wine came.
### input ###
aspect: soup and sandwich meal, hot and sour soup
polarity: positive, Positive
### Output ###
For a savory take on the soup and sandwich meal, try the hot and sour soup.
### input ###
aspect: guac, flavor, fresh salsa
polarity:Positive, Negative, Neutral
### Output ###
The guac is fresh, yet lacking flavor, we like to add our fresh salsa into it.
### input ###
aspect: BANANA PUDDING, CRABCAKES, MAC AND CHEESE
polarity:Negative, Negative,Negative
### Output ###
THE BANANA PUDDING THEY SERVE HAS NEVER SEEN AN OVEN,THE CRABCAKES ARE WAY OVER SALTED AND DON'T GET ME STARTED ON THE VERY GREASY MAC AND CHEESE.
**Now complete this task like example with ONE SENTENCE:
### Input ###
aspect: sweet,Fried chicken and mashed potatoes,Chicken noodle soup,Roast chicken with mashed potatoes
polarity: Neutral,Negative,Positive,Negative
###Output### ","The sweet dishes were unremarkable, the Fried chicken and mashed potatoes were overhyped, the Chicken noodle soup was a pleasant surprise, but the Roast chicken with mashed potatoes fell short of expectations.","[{'term': 'sweet', 'polarity': 'Neutral'}, {'term': 'Fried chicken and mashed potatoes', 'polarity': 'Negative'}, {'term': 'Chicken noodle soup', 'polarity': 'Positive'}, {'term': 'Roast chicken with mashed potatoes', 'polarity': 'Negative'}]","[{'category': 'general', 'polarity': 'neutral'}]",949
"['beam', 'six', 'Fried calamari with marinara sauce', 'appetizer']","['Negative', 'Positive', 'Neutral', 'Positive']","**You are a critic who can generate comments on the specified aspect and sentiment
We would like you to complete a sentence generation task. Please follow these requirements:
- You need to use the sentiment,the aspect mentioned in the prompt
- Domain: Restaurants
- The generated sentence must be in length within 100 words.
- the sentence should not have aspect words that are not specified in the prompt
- DO NOT REPEAT the input text in the output
- PRINT ONLY THE ANSWER TEXT NO EXPLAINING NOTHING ELSE, MAKE SURE TO USE ASPECT WORDS IN THE OUTPUT
- examples:
### input ###
aspect: glass of wine
polarity: Neutral
### Output ###
We ordered a glass of wine and were finished eating and paying before the wine came.
### input ###
aspect: soup and sandwich meal, hot and sour soup
polarity: positive, Positive
### Output ###
For a savory take on the soup and sandwich meal, try the hot and sour soup.
### input ###
aspect: guac, flavor, fresh salsa
polarity:Positive, Negative, Neutral
### Output ###
The guac is fresh, yet lacking flavor, we like to add our fresh salsa into it.
### input ###
aspect: BANANA PUDDING, CRABCAKES, MAC AND CHEESE
polarity:Negative, Negative,Negative
### Output ###
THE BANANA PUDDING THEY SERVE HAS NEVER SEEN AN OVEN,THE CRABCAKES ARE WAY OVER SALTED AND DON'T GET ME STARTED ON THE VERY GREASY MAC AND CHEESE.
**Now complete this task like example with ONE SENTENCE:
### Input ###
aspect: beam,six,Fried calamari with marinara sauce,appetizer
polarity: Negative,Positive,Neutral,Positive
###Output### ","The six appetizers we ordered, including the Fried calamari with marinara sauce, were served promptly except for the beam holding the appetizer platter which was unstable.","[{'term': 'beam', 'polarity': 'Negative'}, {'term': 'six', 'polarity': 'Positive'}, {'term': 'Fried calamari with marinara sauce', 'polarity': 'Neutral'}, {'term': 'appetizer', 'polarity': 'Positive'}]","[{'category': 'general', 'polarity': 'neutral'}]",952
"['quesadilla', 'ballet', 'Grilled salmon with lemon dill sauce', 'Tuna tartare (with avocado and lime)']","['Negative', 'Positive', 'Positive', 'Negative']","**You are a critic who can generate comments on the specified aspect and sentiment
We would like you to complete a sentence generation task. Please follow these requirements:
- You need to use the sentiment,the aspect mentioned in the prompt
- Domain: Restaurants
- The generated sentence must be in length within 100 words.
- the sentence should not have aspect words that are not specified in the prompt
- DO NOT REPEAT the input text in the output
- PRINT ONLY THE ANSWER TEXT NO EXPLAINING NOTHING ELSE, MAKE SURE TO USE ASPECT WORDS IN THE OUTPUT
- examples:
### input ###
aspect: glass of wine
polarity: Neutral
### Output ###
We ordered a glass of wine and were finished eating and paying before the wine came.
### input ###
aspect: soup and sandwich meal, hot and sour soup
polarity: positive, Positive
### Output ###
For a savory take on the soup and sandwich meal, try the hot and sour soup.
### input ###
aspect: guac, flavor, fresh salsa
polarity:Positive, Negative, Neutral
### Output ###
The guac is fresh, yet lacking flavor, we like to add our fresh salsa into it.
### input ###
aspect: BANANA PUDDING, CRABCAKES, MAC AND CHEESE
polarity:Negative, Negative,Negative
### Output ###
THE BANANA PUDDING THEY SERVE HAS NEVER SEEN AN OVEN,THE CRABCAKES ARE WAY OVER SALTED AND DON'T GET ME STARTED ON THE VERY GREASY MAC AND CHEESE.
**Now complete this task like example with ONE SENTENCE:
### Input ###
aspect: quesadilla,ballet,Grilled salmon with lemon dill sauce,Tuna tartare (with avocado and lime)
polarity: Negative,Positive,Positive,Negative
###Output### ","The quesadilla was a letdown, but the ballet-themed decor was a nice touch, the Grilled salmon with lemon dill sauce was cooked to perfection, and unfortunately, the Tuna tartare (with avocado and lime) was overpowered by the lime.","[{'term': 'quesadilla', 'polarity': 'Negative'}, {'term': 'ballet', 'polarity': 'Positive'}, {'term': 'Grilled salmon with lemon dill sauce', 'polarity': 'Positive'}, {'term': 'Tuna tartare (with avocado and lime)', 'polarity': 'Negative'}]","[{'category': 'general', 'polarity': 'neutral'}]",953
"['risotto', 'Pan-seared scallops with garlic butter', 'sorbent', 'Lamb and vegetables']","['Negative', 'Neutral', 'Negative', 'Positive']","**You are a critic who can generate comments on the specified aspect and sentiment
We would like you to complete a sentence generation task. Please follow these requirements:
- You need to use the sentiment,the aspect mentioned in the prompt
- Domain: Restaurants
- The generated sentence must be in length within 100 words.
- the sentence should not have aspect words that are not specified in the prompt
- DO NOT REPEAT the input text in the output
- PRINT ONLY THE ANSWER TEXT NO EXPLAINING NOTHING ELSE, MAKE SURE TO USE ASPECT WORDS IN THE OUTPUT
- examples:
### input ###
aspect: glass of wine
polarity: Neutral
### Output ###
We ordered a glass of wine and were finished eating and paying before the wine came.
### input ###
aspect: soup and sandwich meal, hot and sour soup
polarity: positive, Positive
### Output ###
For a savory take on the soup and sandwich meal, try the hot and sour soup.
### input ###
aspect: guac, flavor, fresh salsa
polarity:Positive, Negative, Neutral
### Output ###
The guac is fresh, yet lacking flavor, we like to add our fresh salsa into it.
### input ###
aspect: BANANA PUDDING, CRABCAKES, MAC AND CHEESE
polarity:Negative, Negative,Negative
### Output ###
THE BANANA PUDDING THEY SERVE HAS NEVER SEEN AN OVEN,THE CRABCAKES ARE WAY OVER SALTED AND DON'T GET ME STARTED ON THE VERY GREASY MAC AND CHEESE.
**Now complete this task like example with ONE SENTENCE:
### Input ###
aspect: risotto,Pan-seared scallops with garlic butter,sorbent,Lamb and vegetables
polarity: Negative,Neutral,Negative,Positive
###Output### ","The risotto was overcooked, the Pan-seared scallops with garlic butter lacked seasoning, the sorbent was insufficient, but the Lamb and vegetables were expertly prepared.","[{'term': 'risotto', 'polarity': 'Negative'}, {'term': 'Pan-seared scallops with garlic butter', 'polarity': 'Neutral'}, {'term': 'sorbent', 'polarity': 'Negative'}, {'term': 'Lamb and vegetables', 'polarity': 'Positive'}]","[{'category': 'general', 'polarity': 'neutral'}]",956
"['galantine', 'margarin', 'Steak and fries', 'Fried calamari with marinara sauce']","['Positive', 'Negative', 'Positive', 'Negative']","**You are a critic who can generate comments on the specified aspect and sentiment
We would like you to complete a sentence generation task. Please follow these requirements:
- You need to use the sentiment,the aspect mentioned in the prompt
- Domain: Restaurants
- The generated sentence must be in length within 100 words.
- the sentence should not have aspect words that are not specified in the prompt
- DO NOT REPEAT the input text in the output
- PRINT ONLY THE ANSWER TEXT NO EXPLAINING NOTHING ELSE, MAKE SURE TO USE ASPECT WORDS IN THE OUTPUT
- examples:
### input ###
aspect: glass of wine
polarity: Neutral
### Output ###
We ordered a glass of wine and were finished eating and paying before the wine came.
### input ###
aspect: soup and sandwich meal, hot and sour soup
polarity: positive, Positive
### Output ###
For a savory take on the soup and sandwich meal, try the hot and sour soup.
### input ###
aspect: guac, flavor, fresh salsa
polarity:Positive, Negative, Neutral
### Output ###
The guac is fresh, yet lacking flavor, we like to add our fresh salsa into it.
### input ###
aspect: BANANA PUDDING, CRABCAKES, MAC AND CHEESE
polarity:Negative, Negative,Negative
### Output ###
THE BANANA PUDDING THEY SERVE HAS NEVER SEEN AN OVEN,THE CRABCAKES ARE WAY OVER SALTED AND DON'T GET ME STARTED ON THE VERY GREASY MAC AND CHEESE.
**Now complete this task like example with ONE SENTENCE:
### Input ###
aspect: galantine,margarin,Steak and fries,Fried calamari with marinara sauce
polarity: Positive,Negative,Positive,Negative
###Output### ","The galantine was expertly prepared, but unfortunately, the margarin was a letdown, the Steak and fries were cooked to perfection, and the Fried calamari with marinara sauce was overpowered by the sauce.","[{'term': 'galantine', 'polarity': 'Positive'}, {'term': 'margarin', 'polarity': 'Negative'}, {'term': 'Steak and fries', 'polarity': 'Positive'}, {'term': 'Fried calamari with marinara sauce', 'polarity': 'Negative'}]","[{'category': 'general', 'polarity': 'neutral'}]",957
"['Velveeta', 'pastis', 'BBQ chicken with corn on the cob', 'Crab cakes (with remoulade)']","['Positive', 'Negative', 'Neutral', 'Negative']","**You are a critic who can generate comments on the specified aspect and sentiment
We would like you to complete a sentence generation task. Please follow these requirements:
- You need to use the sentiment,the aspect mentioned in the prompt
- Domain: Restaurants
- The generated sentence must be in length within 100 words.
- the sentence should not have aspect words that are not specified in the prompt
- DO NOT REPEAT the input text in the output
- PRINT ONLY THE ANSWER TEXT NO EXPLAINING NOTHING ELSE, MAKE SURE TO USE ASPECT WORDS IN THE OUTPUT
- examples:
### input ###
aspect: glass of wine
polarity: Neutral
### Output ###
We ordered a glass of wine and were finished eating and paying before the wine came.
### input ###
aspect: soup and sandwich meal, hot and sour soup
polarity: positive, Positive
### Output ###
For a savory take on the soup and sandwich meal, try the hot and sour soup.
### input ###
aspect: guac, flavor, fresh salsa
polarity:Positive, Negative, Neutral
### Output ###
The guac is fresh, yet lacking flavor, we like to add our fresh salsa into it.
### input ###
aspect: BANANA PUDDING, CRABCAKES, MAC AND CHEESE
polarity:Negative, Negative,Negative
### Output ###
THE BANANA PUDDING THEY SERVE HAS NEVER SEEN AN OVEN,THE CRABCAKES ARE WAY OVER SALTED AND DON'T GET ME STARTED ON THE VERY GREASY MAC AND CHEESE.
**Now complete this task like example with ONE SENTENCE:
### Input ###
aspect: Velveeta,pastis,BBQ chicken with corn on the cob,Crab cakes (with remoulade)
polarity: Positive,Negative,Neutral,Negative
###Output### ","The Velveeta was perfectly melted, but unfortunately, the pastis was overpriced, the BBQ chicken with corn on the cob was just average, and the Crab cakes (with remoulade) were a complete disappointment.","[{'term': 'Velveeta', 'polarity': 'Positive'}, {'term': 'pastis', 'polarity': 'Negative'}, {'term': 'BBQ chicken with corn on the cob', 'polarity': 'Neutral'}, {'term': 'Crab cakes (with remoulade)', 'polarity': 'Negative'}]","[{'category': 'general', 'polarity': 'neutral'}]",959
"['fag', 'Chicken and dumplings', 'Shrimp tacos with cabbage slaw', 'swill']","['Neutral', 'Negative', 'Positive', 'Negative']","**You are a critic who can generate comments on the specified aspect and sentiment
We would like you to complete a sentence generation task. Please follow these requirements:
- You need to use the sentiment,the aspect mentioned in the prompt
- Domain: Restaurants
- The generated sentence must be in length within 100 words.
- the sentence should not have aspect words that are not specified in the prompt
- DO NOT REPEAT the input text in the output
- PRINT ONLY THE ANSWER TEXT NO EXPLAINING NOTHING ELSE, MAKE SURE TO USE ASPECT WORDS IN THE OUTPUT
- examples:
### input ###
aspect: glass of wine
polarity: Neutral
### Output ###
We ordered a glass of wine and were finished eating and paying before the wine came.
### input ###
aspect: soup and sandwich meal, hot and sour soup
polarity: positive, Positive
### Output ###
For a savory take on the soup and sandwich meal, try the hot and sour soup.
### input ###
aspect: guac, flavor, fresh salsa
polarity:Positive, Negative, Neutral
### Output ###
The guac is fresh, yet lacking flavor, we like to add our fresh salsa into it.
### input ###
aspect: BANANA PUDDING, CRABCAKES, MAC AND CHEESE
polarity:Negative, Negative,Negative
### Output ###
THE BANANA PUDDING THEY SERVE HAS NEVER SEEN AN OVEN,THE CRABCAKES ARE WAY OVER SALTED AND DON'T GET ME STARTED ON THE VERY GREASY MAC AND CHEESE.
**Now complete this task like example with ONE SENTENCE:
### Input ###
aspect: fag,Chicken and dumplings,Shrimp tacos with cabbage slaw,swill
polarity: Neutral,Negative,Positive,Negative
###Output### ","The service was friendly, but the fag was weak, the Chicken and dumplings were a disappointment, the Shrimp tacos with cabbage slaw were a highlight, and the swill was undrinkable.","[{'term': 'fag', 'polarity': 'Neutral'}, {'term': 'Chicken and dumplings', 'polarity': 'Negative'}, {'term': 'Shrimp tacos with cabbage slaw', 'polarity': 'Positive'}, {'term': 'swill', 'polarity': 'Negative'}]","[{'category': 'general', 'polarity': 'neutral'}]",962
"['toast', 'water-color', 'Limburger', 'cayenne']","['Positive', 'Positive', 'Negative', 'Neutral']","**You are a critic who can generate comments on the specified aspect and sentiment
We would like you to complete a sentence generation task. Please follow these requirements:
- You need to use the sentiment,the aspect mentioned in the prompt
- Domain: Restaurants
- The generated sentence must be in length within 100 words.
- the sentence should not have aspect words that are not specified in the prompt
- DO NOT REPEAT the input text in the output
- PRINT ONLY THE ANSWER TEXT NO EXPLAINING NOTHING ELSE, MAKE SURE TO USE ASPECT WORDS IN THE OUTPUT
- examples:
### input ###
aspect: glass of wine
polarity: Neutral
### Output ###
We ordered a glass of wine and were finished eating and paying before the wine came.
### input ###
aspect: soup and sandwich meal, hot and sour soup
polarity: positive, Positive
### Output ###
For a savory take on the soup and sandwich meal, try the hot and sour soup.
### input ###
aspect: guac, flavor, fresh salsa
polarity:Positive, Negative, Neutral
### Output ###
The guac is fresh, yet lacking flavor, we like to add our fresh salsa into it.
### input ###
aspect: BANANA PUDDING, CRABCAKES, MAC AND CHEESE
polarity:Negative, Negative,Negative
### Output ###
THE BANANA PUDDING THEY SERVE HAS NEVER SEEN AN OVEN,THE CRABCAKES ARE WAY OVER SALTED AND DON'T GET ME STARTED ON THE VERY GREASY MAC AND CHEESE.
**Now complete this task like example with ONE SENTENCE:
### Input ###
aspect: toast,water-color,Limburger,cayenne
polarity: Positive,Positive,Negative,Neutral
###Output### ","The toast was perfectly toasted, the water-color presentation was beautiful, but the Limburger was a bit too pungent, and we didn't add any cayenne to our meal.","[{'term': 'toast', 'polarity': 'Positive'}, {'term': 'water-color', 'polarity': 'Positive'}, {'term': 'Limburger', 'polarity': 'Negative'}, {'term': 'cayenne', 'polarity': 'Neutral'}]","[{'category': 'general', 'polarity': 'neutral'}]",965
"['Buffalo wings', 'Beef stew', 'impregnation', 'stinger']","['Negative', 'Negative', 'Neutral', 'Positive']","**You are a critic who can generate comments on the specified aspect and sentiment
We would like you to complete a sentence generation task. Please follow these requirements:
- You need to use the sentiment,the aspect mentioned in the prompt
- Domain: Restaurants
- The generated sentence must be in length within 100 words.
- the sentence should not have aspect words that are not specified in the prompt
- DO NOT REPEAT the input text in the output
- PRINT ONLY THE ANSWER TEXT NO EXPLAINING NOTHING ELSE, MAKE SURE TO USE ASPECT WORDS IN THE OUTPUT
- examples:
### input ###
aspect: glass of wine
polarity: Neutral
### Output ###
We ordered a glass of wine and were finished eating and paying before the wine came.
### input ###
aspect: soup and sandwich meal, hot and sour soup
polarity: positive, Positive
### Output ###
For a savory take on the soup and sandwich meal, try the hot and sour soup.
### input ###
aspect: guac, flavor, fresh salsa
polarity:Positive, Negative, Neutral
### Output ###
The guac is fresh, yet lacking flavor, we like to add our fresh salsa into it.
### input ###
aspect: BANANA PUDDING, CRABCAKES, MAC AND CHEESE
polarity:Negative, Negative,Negative
### Output ###
THE BANANA PUDDING THEY SERVE HAS NEVER SEEN AN OVEN,THE CRABCAKES ARE WAY OVER SALTED AND DON'T GET ME STARTED ON THE VERY GREASY MAC AND CHEESE.
**Now complete this task like example with ONE SENTENCE:
### Input ###
aspect: Buffalo wings,Beef stew,impregnation,stinger
polarity: Negative,Negative,Neutral,Positive
###Output### ","The Buffalo wings were overcooked and lacked flavor, the Beef stew was too salty, there was no issue with the impregnation, but the stinger was a nice touch to the meal.","[{'term': 'Buffalo wings', 'polarity': 'Negative'}, {'term': 'Beef stew', 'polarity': 'Negative'}, {'term': 'impregnation', 'polarity': 'Neutral'}, {'term': 'stinger', 'polarity': 'Positive'}]","[{'category': 'general', 'polarity': 'neutral'}]",969
"['buck', 'Roast duck with orange glaze', 'poi', 'Chicken and vegetables']","['Positive', 'Positive', 'Negative', 'Negative']","**You are a critic who can generate comments on the specified aspect and sentiment
We would like you to complete a sentence generation task. Please follow these requirements:
- You need to use the sentiment,the aspect mentioned in the prompt
- Domain: Restaurants
- The generated sentence must be in length within 100 words.
- the sentence should not have aspect words that are not specified in the prompt
- DO NOT REPEAT the input text in the output
- PRINT ONLY THE ANSWER TEXT NO EXPLAINING NOTHING ELSE, MAKE SURE TO USE ASPECT WORDS IN THE OUTPUT
- examples:
### input ###
aspect: glass of wine
polarity: Neutral
### Output ###
We ordered a glass of wine and were finished eating and paying before the wine came.
### input ###
aspect: soup and sandwich meal, hot and sour soup
polarity: positive, Positive
### Output ###
For a savory take on the soup and sandwich meal, try the hot and sour soup.
### input ###
aspect: guac, flavor, fresh salsa
polarity:Positive, Negative, Neutral
### Output ###
The guac is fresh, yet lacking flavor, we like to add our fresh salsa into it.
### input ###
aspect: BANANA PUDDING, CRABCAKES, MAC AND CHEESE
polarity:Negative, Negative,Negative
### Output ###
THE BANANA PUDDING THEY SERVE HAS NEVER SEEN AN OVEN,THE CRABCAKES ARE WAY OVER SALTED AND DON'T GET ME STARTED ON THE VERY GREASY MAC AND CHEESE.
**Now complete this task like example with ONE SENTENCE:
### Input ###
aspect: buck,Roast duck with orange glaze,poi,Chicken and vegetables
polarity: Positive,Positive,Negative,Negative
###Output### ","The Roast duck with orange glaze was cooked to perfection, the buck was tender, but unfortunately, the poi was overcooked and the Chicken and vegetables lacked flavor.","[{'term': 'buck', 'polarity': 'Positive'}, {'term': 'Roast duck with orange glaze', 'polarity': 'Positive'}, {'term': 'poi', 'polarity': 'Negative'}, {'term': 'Chicken and vegetables', 'polarity': 'Negative'}]","[{'category': 'general', 'polarity': 'neutral'}]",970
"['couscous', 'spatula', 'herb', 'Shrimp scampi (with garlic butter)']","['Negative', 'Neutral', 'Negative', 'Positive']","**You are a critic who can generate comments on the specified aspect and sentiment
We would like you to complete a sentence generation task. Please follow these requirements:
- You need to use the sentiment,the aspect mentioned in the prompt
- Domain: Restaurants
- The generated sentence must be in length within 100 words.
- the sentence should not have aspect words that are not specified in the prompt
- DO NOT REPEAT the input text in the output
- PRINT ONLY THE ANSWER TEXT NO EXPLAINING NOTHING ELSE, MAKE SURE TO USE ASPECT WORDS IN THE OUTPUT
- examples:
### input ###
aspect: glass of wine
polarity: Neutral
### Output ###
We ordered a glass of wine and were finished eating and paying before the wine came.
### input ###
aspect: soup and sandwich meal, hot and sour soup
polarity: positive, Positive
### Output ###
For a savory take on the soup and sandwich meal, try the hot and sour soup.
### input ###
aspect: guac, flavor, fresh salsa
polarity:Positive, Negative, Neutral
### Output ###
The guac is fresh, yet lacking flavor, we like to add our fresh salsa into it.
### input ###
aspect: BANANA PUDDING, CRABCAKES, MAC AND CHEESE
polarity:Negative, Negative,Negative
### Output ###
THE BANANA PUDDING THEY SERVE HAS NEVER SEEN AN OVEN,THE CRABCAKES ARE WAY OVER SALTED AND DON'T GET ME STARTED ON THE VERY GREASY MAC AND CHEESE.
**Now complete this task like example with ONE SENTENCE:
### Input ###
aspect: couscous,spatula,herb,Shrimp scampi (with garlic butter)
polarity: Negative,Neutral,Negative,Positive
###Output### ","The couscous was overcooked, the spatula was dull, yet the herb seasoning was a nice touch, and the Shrimp scampi (with garlic butter) was a highlight of the meal.","[{'term': 'couscous', 'polarity': 'Negative'}, {'term': 'spatula', 'polarity': 'Neutral'}, {'term': 'herb', 'polarity': 'Negative'}, {'term': 'Shrimp scampi (with garlic butter)', 'polarity': 'Positive'}]","[{'category': 'general', 'polarity': 'neutral'}]",979
"['inebriant', 'mayonnaise', 'shell', 'flax']","['Positive', 'Negative', 'Negative', 'Positive']","**You are a critic who can generate comments on the specified aspect and sentiment
We would like you to complete a sentence generation task. Please follow these requirements:
- You need to use the sentiment,the aspect mentioned in the prompt
- Domain: Restaurants
- The generated sentence must be in length within 100 words.
- the sentence should not have aspect words that are not specified in the prompt
- DO NOT REPEAT the input text in the output
- PRINT ONLY THE ANSWER TEXT NO EXPLAINING NOTHING ELSE, MAKE SURE TO USE ASPECT WORDS IN THE OUTPUT
- examples:
### input ###
aspect: glass of wine
polarity: Neutral
### Output ###
We ordered a glass of wine and were finished eating and paying before the wine came.
### input ###
aspect: soup and sandwich meal, hot and sour soup
polarity: positive, Positive
### Output ###
For a savory take on the soup and sandwich meal, try the hot and sour soup.
### input ###
aspect: guac, flavor, fresh salsa
polarity:Positive, Negative, Neutral
### Output ###
The guac is fresh, yet lacking flavor, we like to add our fresh salsa into it.
### input ###
aspect: BANANA PUDDING, CRABCAKES, MAC AND CHEESE
polarity:Negative, Negative,Negative
### Output ###
THE BANANA PUDDING THEY SERVE HAS NEVER SEEN AN OVEN,THE CRABCAKES ARE WAY OVER SALTED AND DON'T GET ME STARTED ON THE VERY GREASY MAC AND CHEESE.
**Now complete this task like example with ONE SENTENCE:
### Input ###
aspect: inebriant,mayonnaise,shell,flax
polarity: Positive,Negative,Negative,Positive
###Output### ","The mayonnaise was lacking, however the inebriant cocktails were well made, the shellfish was cooked to perfection and we appreciated the use of flax in the meal.","[{'term': 'inebriant', 'polarity': 'Positive'}, {'term': 'mayonnaise', 'polarity': 'Negative'}, {'term': 'shell', 'polarity': 'Negative'}, {'term': 'flax', 'polarity': 'Positive'}]","[{'category': 'general', 'polarity': 'neutral'}]",982
"['digitalis', 'rissole', 'Steak frites with béarnaise sauce', 'excreta']","['Neutral', 'Negative', 'Positive', 'Positive']","**You are a critic who can generate comments on the specified aspect and sentiment
We would like you to complete a sentence generation task. Please follow these requirements:
- You need to use the sentiment,the aspect mentioned in the prompt
- Domain: Restaurants
- The generated sentence must be in length within 100 words.
- the sentence should not have aspect words that are not specified in the prompt
- DO NOT REPEAT the input text in the output
- PRINT ONLY THE ANSWER TEXT NO EXPLAINING NOTHING ELSE, MAKE SURE TO USE ASPECT WORDS IN THE OUTPUT
- examples:
### input ###
aspect: glass of wine
polarity: Neutral
### Output ###
We ordered a glass of wine and were finished eating and paying before the wine came.
### input ###
aspect: soup and sandwich meal, hot and sour soup
polarity: positive, Positive
### Output ###
For a savory take on the soup and sandwich meal, try the hot and sour soup.
### input ###
aspect: guac, flavor, fresh salsa
polarity:Positive, Negative, Neutral
### Output ###
The guac is fresh, yet lacking flavor, we like to add our fresh salsa into it.
### input ###
aspect: BANANA PUDDING, CRABCAKES, MAC AND CHEESE
polarity:Negative, Negative,Negative
### Output ###
THE BANANA PUDDING THEY SERVE HAS NEVER SEEN AN OVEN,THE CRABCAKES ARE WAY OVER SALTED AND DON'T GET ME STARTED ON THE VERY GREASY MAC AND CHEESE.
**Now complete this task like example with ONE SENTENCE:
### Input ###
aspect: digitalis,rissole,Steak frites with béarnaise sauce,excreta
polarity: Neutral,Negative,Positive,Positive
###Output### ","The rissole was average, but the Steak frites with béarnaise sauce was cooked to perfection, however the digitalis they served had a weird aftertaste and we found excreta on the floor.","[{'term': 'digitalis', 'polarity': 'Neutral'}, {'term': 'rissole', 'polarity': 'Negative'}, {'term': 'Steak frites with béarnaise sauce', 'polarity': 'Positive'}, {'term': 'excreta', 'polarity': 'Positive'}]","[{'category': 'general', 'polarity': 'neutral'}]",983
"['eatery', 'Chicken and spinach', 'Cheese and crackers', 'grill']","['Negative', 'Positive', 'Positive', 'Negative']","**You are a critic who can generate comments on the specified aspect and sentiment
We would like you to complete a sentence generation task. Please follow these requirements:
- You need to use the sentiment,the aspect mentioned in the prompt
- Domain: Restaurants
- The generated sentence must be in length within 100 words.
- the sentence should not have aspect words that are not specified in the prompt
- DO NOT REPEAT the input text in the output
- PRINT ONLY THE ANSWER TEXT NO EXPLAINING NOTHING ELSE, MAKE SURE TO USE ASPECT WORDS IN THE OUTPUT
- examples:
### input ###
aspect: glass of wine
polarity: Neutral
### Output ###
We ordered a glass of wine and were finished eating and paying before the wine came.
### input ###
aspect: soup and sandwich meal, hot and sour soup
polarity: positive, Positive
### Output ###
For a savory take on the soup and sandwich meal, try the hot and sour soup.
### input ###
aspect: guac, flavor, fresh salsa
polarity:Positive, Negative, Neutral
### Output ###
The guac is fresh, yet lacking flavor, we like to add our fresh salsa into it.
### input ###
aspect: BANANA PUDDING, CRABCAKES, MAC AND CHEESE
polarity:Negative, Negative,Negative
### Output ###
THE BANANA PUDDING THEY SERVE HAS NEVER SEEN AN OVEN,THE CRABCAKES ARE WAY OVER SALTED AND DON'T GET ME STARTED ON THE VERY GREASY MAC AND CHEESE.
**Now complete this task like example with ONE SENTENCE:
### Input ###
aspect: eatery,Chicken and spinach,Cheese and crackers,grill
polarity: Negative,Positive,Positive,Negative
###Output### ","The eatery's grill is subpar, but the Chicken and spinach is a must-try and the Cheese and crackers are a perfect pairing.","[{'term': 'eatery', 'polarity': 'Negative'}, {'term': 'Chicken and spinach', 'polarity': 'Positive'}, {'term': 'Cheese and crackers', 'polarity': 'Positive'}, {'term': 'grill', 'polarity': 'Negative'}]","[{'category': 'general', 'polarity': 'neutral'}]",988
"['spread', 'Chicken and waffles', 'orchestra', 'Fried chicken (with honey mustard)']","['Positive', 'Neutral', 'Positive', 'Negative']","**You are a critic who can generate comments on the specified aspect and sentiment
We would like you to complete a sentence generation task. Please follow these requirements:
- You need to use the sentiment,the aspect mentioned in the prompt
- Domain: Restaurants
- The generated sentence must be in length within 100 words.
- the sentence should not have aspect words that are not specified in the prompt
- DO NOT REPEAT the input text in the output
- PRINT ONLY THE ANSWER TEXT NO EXPLAINING NOTHING ELSE, MAKE SURE TO USE ASPECT WORDS IN THE OUTPUT
- examples:
### input ###
aspect: glass of wine
polarity: Neutral
### Output ###
We ordered a glass of wine and were finished eating and paying before the wine came.
### input ###
aspect: soup and sandwich meal, hot and sour soup
polarity: positive, Positive
### Output ###
For a savory take on the soup and sandwich meal, try the hot and sour soup.
### input ###
aspect: guac, flavor, fresh salsa
polarity:Positive, Negative, Neutral
### Output ###
The guac is fresh, yet lacking flavor, we like to add our fresh salsa into it.
### input ###
aspect: BANANA PUDDING, CRABCAKES, MAC AND CHEESE
polarity:Negative, Negative,Negative
### Output ###
THE BANANA PUDDING THEY SERVE HAS NEVER SEEN AN OVEN,THE CRABCAKES ARE WAY OVER SALTED AND DON'T GET ME STARTED ON THE VERY GREASY MAC AND CHEESE.
**Now complete this task like example with ONE SENTENCE:
### Input ###
aspect: spread,Chicken and waffles,orchestra,Fried chicken (with honey mustard)
polarity: Positive,Neutral,Positive,Negative
###Output### ","The Chicken and waffles were a delight, paired well with a tasty spread, and the orchestra played lively music, but the Fried chicken (with honey mustard) was a letdown.","[{'term': 'spread', 'polarity': 'Positive'}, {'term': 'Chicken and waffles', 'polarity': 'Neutral'}, {'term': 'orchestra', 'polarity': 'Positive'}, {'term': 'Fried chicken (with honey mustard)', 'polarity': 'Negative'}]","[{'category': 'general', 'polarity': 'neutral'}]",989
"['French fries', 'adobo', 'BBQ chicken wings', 'Crab cake sandwich']","['Negative', 'Positive', 'Neutral', 'Negative']","**You are a critic who can generate comments on the specified aspect and sentiment
We would like you to complete a sentence generation task. Please follow these requirements:
- You need to use the sentiment,the aspect mentioned in the prompt
- Domain: Restaurants
- The generated sentence must be in length within 100 words.
- the sentence should not have aspect words that are not specified in the prompt
- DO NOT REPEAT the input text in the output
- PRINT ONLY THE ANSWER TEXT NO EXPLAINING NOTHING ELSE, MAKE SURE TO USE ASPECT WORDS IN THE OUTPUT
- examples:
### input ###
aspect: glass of wine
polarity: Neutral
### Output ###
We ordered a glass of wine and were finished eating and paying before the wine came.
### input ###
aspect: soup and sandwich meal, hot and sour soup
polarity: positive, Positive
### Output ###
For a savory take on the soup and sandwich meal, try the hot and sour soup.
### input ###
aspect: guac, flavor, fresh salsa
polarity:Positive, Negative, Neutral
### Output ###
The guac is fresh, yet lacking flavor, we like to add our fresh salsa into it.
### input ###
aspect: BANANA PUDDING, CRABCAKES, MAC AND CHEESE
polarity:Negative, Negative,Negative
### Output ###
THE BANANA PUDDING THEY SERVE HAS NEVER SEEN AN OVEN,THE CRABCAKES ARE WAY OVER SALTED AND DON'T GET ME STARTED ON THE VERY GREASY MAC AND CHEESE.
**Now complete this task like example with ONE SENTENCE:
### Input ###
aspect: French fries,adobo,BBQ chicken wings,Crab cake sandwich
polarity: Negative,Positive,Neutral,Negative
###Output### ","The French fries were underseasoned, but the adobo was a highlight, the BBQ chicken wings were just okay, and the Crab cake sandwich fell flat.","[{'term': 'French fries', 'polarity': 'Negative'}, {'term': 'adobo', 'polarity': 'Positive'}, {'term': 'BBQ chicken wings', 'polarity': 'Neutral'}, {'term': 'Crab cake sandwich', 'polarity': 'Negative'}]","[{'category': 'general', 'polarity': 'neutral'}]",990
"['strand', 'canape', 'Chicken Caesar salad (with croutons)', 'Pulled pork sandwich']","['Negative', 'Negative', 'Positive', 'Neutral']","**You are a critic who can generate comments on the specified aspect and sentiment
We would like you to complete a sentence generation task. Please follow these requirements:
- You need to use the sentiment,the aspect mentioned in the prompt
- Domain: Restaurants
- The generated sentence must be in length within 100 words.
- the sentence should not have aspect words that are not specified in the prompt
- DO NOT REPEAT the input text in the output
- PRINT ONLY THE ANSWER TEXT NO EXPLAINING NOTHING ELSE, MAKE SURE TO USE ASPECT WORDS IN THE OUTPUT
- examples:
### input ###
aspect: glass of wine
polarity: Neutral
### Output ###
We ordered a glass of wine and were finished eating and paying before the wine came.
### input ###
aspect: soup and sandwich meal, hot and sour soup
polarity: positive, Positive
### Output ###
For a savory take on the soup and sandwich meal, try the hot and sour soup.
### input ###
aspect: guac, flavor, fresh salsa
polarity:Positive, Negative, Neutral
### Output ###
The guac is fresh, yet lacking flavor, we like to add our fresh salsa into it.
### input ###
aspect: BANANA PUDDING, CRABCAKES, MAC AND CHEESE
polarity:Negative, Negative,Negative
### Output ###
THE BANANA PUDDING THEY SERVE HAS NEVER SEEN AN OVEN,THE CRABCAKES ARE WAY OVER SALTED AND DON'T GET ME STARTED ON THE VERY GREASY MAC AND CHEESE.
**Now complete this task like example with ONE SENTENCE:
### Input ###
aspect: strand,canape,Chicken Caesar salad (with croutons),Pulled pork sandwich
polarity: Negative,Negative,Positive,Neutral
###Output### ","The strand on the canape was soggy, the Chicken Caesar salad (with croutons) was a highlight, but the Pulled pork sandwich was just okay.","[{'term': 'strand', 'polarity': 'Negative'}, {'term': 'canape', 'polarity': 'Negative'}, {'term': 'Chicken Caesar salad (with croutons)', 'polarity': 'Positive'}, {'term': 'Pulled pork sandwich', 'polarity': 'Neutral'}]","[{'category': 'general', 'polarity': 'neutral'}]",991
"['grub', 'refrain', 'oxalate', 'fare']","['Negative', 'Positive', 'Positive', 'Negative']","**You are a critic who can generate comments on the specified aspect and sentiment
We would like you to complete a sentence generation task. Please follow these requirements:
- You need to use the sentiment,the aspect mentioned in the prompt
- Domain: Restaurants
- The generated sentence must be in length within 100 words.
- the sentence should not have aspect words that are not specified in the prompt
- DO NOT REPEAT the input text in the output
- PRINT ONLY THE ANSWER TEXT NO EXPLAINING NOTHING ELSE, MAKE SURE TO USE ASPECT WORDS IN THE OUTPUT
- examples:
### input ###
aspect: glass of wine
polarity: Neutral
### Output ###
We ordered a glass of wine and were finished eating and paying before the wine came.
### input ###
aspect: soup and sandwich meal, hot and sour soup
polarity: positive, Positive
### Output ###
For a savory take on the soup and sandwich meal, try the hot and sour soup.
### input ###
aspect: guac, flavor, fresh salsa
polarity:Positive, Negative, Neutral
### Output ###
The guac is fresh, yet lacking flavor, we like to add our fresh salsa into it.
### input ###
aspect: BANANA PUDDING, CRABCAKES, MAC AND CHEESE
polarity:Negative, Negative,Negative
### Output ###
THE BANANA PUDDING THEY SERVE HAS NEVER SEEN AN OVEN,THE CRABCAKES ARE WAY OVER SALTED AND DON'T GET ME STARTED ON THE VERY GREASY MAC AND CHEESE.
**Now complete this task like example with ONE SENTENCE:
### Input ###
aspect: grub,refrain,oxalate,fare
polarity: Negative,Positive,Positive,Negative
###Output### ","The grub was overpriced, we're glad they refrain from adding oxalate, but unfortunately, their fare was quite a letdown.","[{'term': 'grub', 'polarity': 'Negative'}, {'term': 'refrain', 'polarity': 'Positive'}, {'term': 'oxalate', 'polarity': 'Positive'}, {'term': 'fare', 'polarity': 'Negative'}]","[{'category': 'general', 'polarity': 'neutral'}]",994
"['postposition', 'context', 'bowl', 'butter']","['Negative', 'Positive', 'Neutral', 'Negative']","**You are a critic who can generate comments on the specified aspect and sentiment
We would like you to complete a sentence generation task. Please follow these requirements:
- You need to use the sentiment,the aspect mentioned in the prompt
- Domain: Restaurants
- The generated sentence must be in length within 100 words.
- the sentence should not have aspect words that are not specified in the prompt
- DO NOT REPEAT the input text in the output
- PRINT ONLY THE ANSWER TEXT NO EXPLAINING NOTHING ELSE, MAKE SURE TO USE ASPECT WORDS IN THE OUTPUT
- examples:
### input ###
aspect: glass of wine
polarity: Neutral
### Output ###
We ordered a glass of wine and were finished eating and paying before the wine came.
### input ###
aspect: soup and sandwich meal, hot and sour soup
polarity: positive, Positive
### Output ###
For a savory take on the soup and sandwich meal, try the hot and sour soup.
### input ###
aspect: guac, flavor, fresh salsa
polarity:Positive, Negative, Neutral
### Output ###
The guac is fresh, yet lacking flavor, we like to add our fresh salsa into it.
### input ###
aspect: BANANA PUDDING, CRABCAKES, MAC AND CHEESE
polarity:Negative, Negative,Negative
### Output ###
THE BANANA PUDDING THEY SERVE HAS NEVER SEEN AN OVEN,THE CRABCAKES ARE WAY OVER SALTED AND DON'T GET ME STARTED ON THE VERY GREASY MAC AND CHEESE.
**Now complete this task like example with ONE SENTENCE:
### Input ###
aspect: postposition,context,bowl,butter
polarity: Negative,Positive,Neutral,Negative
###Output### ","The restaurant failed to provide the right postposition for the meal, but the context was pleasant, the bowl was clean, and the butter was a letdown.","[{'term': 'postposition', 'polarity': 'Negative'}, {'term': 'context', 'polarity': 'Positive'}, {'term': 'bowl', 'polarity': 'Neutral'}, {'term': 'butter', 'polarity': 'Negative'}]","[{'category': 'general', 'polarity': 'neutral'}]",999
"['humous', 'Spicy tuna roll', 'Buffalo wings', 'ovalbumin']","['Positive', 'Negative', 'Neutral', 'Positive']","**You are a critic who can generate comments on the specified aspect and sentiment
We would like you to complete a sentence generation task. Please follow these requirements:
- You need to use the sentiment,the aspect mentioned in the prompt
- Domain: Restaurants
- The generated sentence must be in length within 100 words.
- the sentence should not have aspect words that are not specified in the prompt
- DO NOT REPEAT the input text in the output
- PRINT ONLY THE ANSWER TEXT NO EXPLAINING NOTHING ELSE, MAKE SURE TO USE ASPECT WORDS IN THE OUTPUT
- examples:
### input ###
aspect: glass of wine
polarity: Neutral
### Output ###
We ordered a glass of wine and were finished eating and paying before the wine came.
### input ###
aspect: soup and sandwich meal, hot and sour soup
polarity: positive, Positive
### Output ###
For a savory take on the soup and sandwich meal, try the hot and sour soup.
### input ###
aspect: guac, flavor, fresh salsa
polarity:Positive, Negative, Neutral
### Output ###
The guac is fresh, yet lacking flavor, we like to add our fresh salsa into it.
### input ###
aspect: BANANA PUDDING, CRABCAKES, MAC AND CHEESE
polarity:Negative, Negative,Negative
### Output ###
THE BANANA PUDDING THEY SERVE HAS NEVER SEEN AN OVEN,THE CRABCAKES ARE WAY OVER SALTED AND DON'T GET ME STARTED ON THE VERY GREASY MAC AND CHEESE.
**Now complete this task like example with ONE SENTENCE:
### Input ###
aspect: humous,Spicy tuna roll,Buffalo wings,ovalbumin
polarity: Positive,Negative,Neutral,Positive
###Output### ","The humous is rich in flavor, however, the Spicy tuna roll was a letdown, the Buffalo wings were served without any notable seasoning, but the ovalbumin in the eggs was perfectly cooked.","[{'term': 'humous', 'polarity': 'Positive'}, {'term': 'Spicy tuna roll', 'polarity': 'Negative'}, {'term': 'Buffalo wings', 'polarity': 'Neutral'}, {'term': 'ovalbumin', 'polarity': 'Positive'}]","[{'category': 'general', 'polarity': 'neutral'}]",1001
"['buck', 'detritus', 'percolation', 'feeling']","['Positive', 'Negative', 'Neutral', 'Positive']","**You are a critic who can generate comments on the specified aspect and sentiment
We would like you to complete a sentence generation task. Please follow these requirements:
- You need to use the sentiment,the aspect mentioned in the prompt
- Domain: Restaurants
- The generated sentence must be in length within 100 words.
- the sentence should not have aspect words that are not specified in the prompt
- DO NOT REPEAT the input text in the output
- PRINT ONLY THE ANSWER TEXT NO EXPLAINING NOTHING ELSE, MAKE SURE TO USE ASPECT WORDS IN THE OUTPUT
- examples:
### input ###
aspect: glass of wine
polarity: Neutral
### Output ###
We ordered a glass of wine and were finished eating and paying before the wine came.
### input ###
aspect: soup and sandwich meal, hot and sour soup
polarity: positive, Positive
### Output ###
For a savory take on the soup and sandwich meal, try the hot and sour soup.
### input ###
aspect: guac, flavor, fresh salsa
polarity:Positive, Negative, Neutral
### Output ###
The guac is fresh, yet lacking flavor, we like to add our fresh salsa into it.
### input ###
aspect: BANANA PUDDING, CRABCAKES, MAC AND CHEESE
polarity:Negative, Negative,Negative
### Output ###
THE BANANA PUDDING THEY SERVE HAS NEVER SEEN AN OVEN,THE CRABCAKES ARE WAY OVER SALTED AND DON'T GET ME STARTED ON THE VERY GREASY MAC AND CHEESE.
**Now complete this task like example with ONE SENTENCE:
### Input ###
aspect: buck,detritus,percolation,feeling
polarity: Positive,Negative,Neutral,Positive
###Output### ","The restaurant's percolation system seems to be working properly, but unfortunately, we found a buck of detritus on our table, and the overall feeling was still pleasant.","[{'term': 'buck', 'polarity': 'Positive'}, {'term': 'detritus', 'polarity': 'Negative'}, {'term': 'percolation', 'polarity': 'Neutral'}, {'term': 'feeling', 'polarity': 'Positive'}]","[{'category': 'general', 'polarity': 'neutral'}]",1002
"['weewee', 'Mushroom risotto', 'barman', 'Mushroom risotto with truffle oil']","['Neutral', 'Negative', 'Positive', 'Positive']","**You are a critic who can generate comments on the specified aspect and sentiment
We would like you to complete a sentence generation task. Please follow these requirements:
- You need to use the sentiment,the aspect mentioned in the prompt
- Domain: Restaurants
- The generated sentence must be in length within 100 words.
- the sentence should not have aspect words that are not specified in the prompt
- DO NOT REPEAT the input text in the output
- PRINT ONLY THE ANSWER TEXT NO EXPLAINING NOTHING ELSE, MAKE SURE TO USE ASPECT WORDS IN THE OUTPUT
- examples:
### input ###
aspect: glass of wine
polarity: Neutral
### Output ###
We ordered a glass of wine and were finished eating and paying before the wine came.
### input ###
aspect: soup and sandwich meal, hot and sour soup
polarity: positive, Positive
### Output ###
For a savory take on the soup and sandwich meal, try the hot and sour soup.
### input ###
aspect: guac, flavor, fresh salsa
polarity:Positive, Negative, Neutral
### Output ###
The guac is fresh, yet lacking flavor, we like to add our fresh salsa into it.
### input ###
aspect: BANANA PUDDING, CRABCAKES, MAC AND CHEESE
polarity:Negative, Negative,Negative
### Output ###
THE BANANA PUDDING THEY SERVE HAS NEVER SEEN AN OVEN,THE CRABCAKES ARE WAY OVER SALTED AND DON'T GET ME STARTED ON THE VERY GREASY MAC AND CHEESE.
**Now complete this task like example with ONE SENTENCE:
### Input ###
aspect: weewee,Mushroom risotto,barman,Mushroom risotto with truffle oil
polarity: Neutral,Negative,Positive,Positive
###Output### ","The barman was friendly, but the weewee facilities were somewhat unclean, and unfortunately, the Mushroom risotto was a letdown, however, the Mushroom risotto with truffle oil was a highlight.","[{'term': 'weewee', 'polarity': 'Neutral'}, {'term': 'Mushroom risotto', 'polarity': 'Negative'}, {'term': 'barman', 'polarity': 'Positive'}, {'term': 'Mushroom risotto with truffle oil', 'polarity': 'Positive'}]","[{'category': 'general', 'polarity': 'neutral'}]",1004
"['voluntary', 'rechauffe', 'carte', 'Pan-seared scallops with garlic butter']","['Negative', 'Neutral', 'Positive', 'Negative']","**You are a critic who can generate comments on the specified aspect and sentiment
We would like you to complete a sentence generation task. Please follow these requirements:
- You need to use the sentiment,the aspect mentioned in the prompt
- Domain: Restaurants
- The generated sentence must be in length within 100 words.
- the sentence should not have aspect words that are not specified in the prompt
- DO NOT REPEAT the input text in the output
- PRINT ONLY THE ANSWER TEXT NO EXPLAINING NOTHING ELSE, MAKE SURE TO USE ASPECT WORDS IN THE OUTPUT
- examples:
### input ###
aspect: glass of wine
polarity: Neutral
### Output ###
We ordered a glass of wine and were finished eating and paying before the wine came.
### input ###
aspect: soup and sandwich meal, hot and sour soup
polarity: positive, Positive
### Output ###
For a savory take on the soup and sandwich meal, try the hot and sour soup.
### input ###
aspect: guac, flavor, fresh salsa
polarity:Positive, Negative, Neutral
### Output ###
The guac is fresh, yet lacking flavor, we like to add our fresh salsa into it.
### input ###
aspect: BANANA PUDDING, CRABCAKES, MAC AND CHEESE
polarity:Negative, Negative,Negative
### Output ###
THE BANANA PUDDING THEY SERVE HAS NEVER SEEN AN OVEN,THE CRABCAKES ARE WAY OVER SALTED AND DON'T GET ME STARTED ON THE VERY GREASY MAC AND CHEESE.
**Now complete this task like example with ONE SENTENCE:
### Input ###
aspect: voluntary,rechauffe,carte,Pan-seared scallops with garlic butter
polarity: Negative,Neutral,Positive,Negative
###Output### ","The restaurant's carte offers a variety of options, but unfortunately, the voluntary service was lacking, the rechauffe was mediocre, and the Pan-seared scallops with garlic butter were overcooked.","[{'term': 'voluntary', 'polarity': 'Negative'}, {'term': 'rechauffe', 'polarity': 'Neutral'}, {'term': 'carte', 'polarity': 'Positive'}, {'term': 'Pan-seared scallops with garlic butter', 'polarity': 'Negative'}]","[{'category': 'general', 'polarity': 'neutral'}]",1013
"['semaphore', 'blood', 'excrement', 'ammunition']","['Negative', 'Neutral', 'Positive', 'Negative']","**You are a critic who can generate comments on the specified aspect and sentiment
We would like you to complete a sentence generation task. Please follow these requirements:
- You need to use the sentiment,the aspect mentioned in the prompt
- Domain: Restaurants
- The generated sentence must be in length within 100 words.
- the sentence should not have aspect words that are not specified in the prompt
- DO NOT REPEAT the input text in the output
- PRINT ONLY THE ANSWER TEXT NO EXPLAINING NOTHING ELSE, MAKE SURE TO USE ASPECT WORDS IN THE OUTPUT
- examples:
### input ###
aspect: glass of wine
polarity: Neutral
### Output ###
We ordered a glass of wine and were finished eating and paying before the wine came.
### input ###
aspect: soup and sandwich meal, hot and sour soup
polarity: positive, Positive
### Output ###
For a savory take on the soup and sandwich meal, try the hot and sour soup.
### input ###
aspect: guac, flavor, fresh salsa
polarity:Positive, Negative, Neutral
### Output ###
The guac is fresh, yet lacking flavor, we like to add our fresh salsa into it.
### input ###
aspect: BANANA PUDDING, CRABCAKES, MAC AND CHEESE
polarity:Negative, Negative,Negative
### Output ###
THE BANANA PUDDING THEY SERVE HAS NEVER SEEN AN OVEN,THE CRABCAKES ARE WAY OVER SALTED AND DON'T GET ME STARTED ON THE VERY GREASY MAC AND CHEESE.
**Now complete this task like example with ONE SENTENCE:
### Input ###
aspect: semaphore,blood,excrement,ammunition
polarity: Negative,Neutral,Positive,Negative
###Output### ","The restaurant's lack of a working semaphore at the entrance was a nuisance, but the minor blood splatter on the plate was a sign of a fresh cut of meat, the excrement in the bathroom was a minor issue, and unfortunately, the kitchen ran out of ammunition for their unique meat tenderizer.","[{'term': 'semaphore', 'polarity': 'Negative'}, {'term': 'blood', 'polarity': 'Neutral'}, {'term': 'excrement', 'polarity': 'Positive'}, {'term': 'ammunition', 'polarity': 'Negative'}]","[{'category': 'general', 'polarity': 'neutral'}]",1014
"['Bruschetta', 'Pasta with pesto', 'Pasta with pesto (and pine nuts)', 'Lobster tail with garlic butter sauce']","['Neutral', 'Positive', 'Positive', 'Negative']","**You are a critic who can generate comments on the specified aspect and sentiment
We would like you to complete a sentence generation task. Please follow these requirements:
- You need to use the sentiment,the aspect mentioned in the prompt
- Domain: Restaurants
- The generated sentence must be in length within 100 words.
- the sentence should not have aspect words that are not specified in the prompt
- DO NOT REPEAT the input text in the output
- PRINT ONLY THE ANSWER TEXT NO EXPLAINING NOTHING ELSE, MAKE SURE TO USE ASPECT WORDS IN THE OUTPUT
- examples:
### input ###
aspect: glass of wine
polarity: Neutral
### Output ###
We ordered a glass of wine and were finished eating and paying before the wine came.
### input ###
aspect: soup and sandwich meal, hot and sour soup
polarity: positive, Positive
### Output ###
For a savory take on the soup and sandwich meal, try the hot and sour soup.
### input ###
aspect: guac, flavor, fresh salsa
polarity:Positive, Negative, Neutral
### Output ###
The guac is fresh, yet lacking flavor, we like to add our fresh salsa into it.
### input ###
aspect: BANANA PUDDING, CRABCAKES, MAC AND CHEESE
polarity:Negative, Negative,Negative
### Output ###
THE BANANA PUDDING THEY SERVE HAS NEVER SEEN AN OVEN,THE CRABCAKES ARE WAY OVER SALTED AND DON'T GET ME STARTED ON THE VERY GREASY MAC AND CHEESE.
**Now complete this task like example with ONE SENTENCE:
### Input ###
aspect: Bruschetta,Pasta with pesto,Pasta with pesto (and pine nuts),Lobster tail with garlic butter sauce
polarity: Neutral,Positive,Positive,Negative
###Output### ","The Bruschetta was unremarkable, but the Pasta with pesto (and pine nuts) truly stood out, while the Pasta with pesto was also a winner, unfortunately the Lobster tail with garlic butter sauce was a letdown.","[{'term': 'Bruschetta', 'polarity': 'Neutral'}, {'term': 'Pasta with pesto', 'polarity': 'Positive'}, {'term': 'Pasta with pesto (and pine nuts)', 'polarity': 'Positive'}, {'term': 'Lobster tail with garlic butter sauce', 'polarity': 'Negative'}]","[{'category': 'general', 'polarity': 'neutral'}]",1015
"['bichromate', 'Chicken noodle soup', 'cordial', 'semiconductor']","['Negative', 'Negative', 'Positive', 'Positive']","**You are a critic who can generate comments on the specified aspect and sentiment
We would like you to complete a sentence generation task. Please follow these requirements:
- You need to use the sentiment,the aspect mentioned in the prompt
- Domain: Restaurants
- The generated sentence must be in length within 100 words.
- the sentence should not have aspect words that are not specified in the prompt
- DO NOT REPEAT the input text in the output
- PRINT ONLY THE ANSWER TEXT NO EXPLAINING NOTHING ELSE, MAKE SURE TO USE ASPECT WORDS IN THE OUTPUT
- examples:
### input ###
aspect: glass of wine
polarity: Neutral
### Output ###
We ordered a glass of wine and were finished eating and paying before the wine came.
### input ###
aspect: soup and sandwich meal, hot and sour soup
polarity: positive, Positive
### Output ###
For a savory take on the soup and sandwich meal, try the hot and sour soup.
### input ###
aspect: guac, flavor, fresh salsa
polarity:Positive, Negative, Neutral
### Output ###
The guac is fresh, yet lacking flavor, we like to add our fresh salsa into it.
### input ###
aspect: BANANA PUDDING, CRABCAKES, MAC AND CHEESE
polarity:Negative, Negative,Negative
### Output ###
THE BANANA PUDDING THEY SERVE HAS NEVER SEEN AN OVEN,THE CRABCAKES ARE WAY OVER SALTED AND DON'T GET ME STARTED ON THE VERY GREASY MAC AND CHEESE.
**Now complete this task like example with ONE SENTENCE:
### Input ###
aspect: bichromate,Chicken noodle soup,cordial,semiconductor
polarity: Negative,Negative,Positive,Positive
###Output### ","The bichromate in their water supply is a major concern, their Chicken noodle soup is a letdown, but they have a nice cordial to make up for it, and their semiconductor water filter is a great investment.","[{'term': 'bichromate', 'polarity': 'Negative'}, {'term': 'Chicken noodle soup', 'polarity': 'Negative'}, {'term': 'cordial', 'polarity': 'Positive'}, {'term': 'semiconductor', 'polarity': 'Positive'}]","[{'category': 'general', 'polarity': 'neutral'}]",1016
"['tiramisu', 'Steak and potatoes', 'streusel', 'Tiramisu']","['Negative', 'Neutral', 'Positive', 'Positive']","**You are a critic who can generate comments on the specified aspect and sentiment
We would like you to complete a sentence generation task. Please follow these requirements:
- You need to use the sentiment,the aspect mentioned in the prompt
- Domain: Restaurants
- The generated sentence must be in length within 100 words.
- the sentence should not have aspect words that are not specified in the prompt
- DO NOT REPEAT the input text in the output
- PRINT ONLY THE ANSWER TEXT NO EXPLAINING NOTHING ELSE, MAKE SURE TO USE ASPECT WORDS IN THE OUTPUT
- examples:
### input ###
aspect: glass of wine
polarity: Neutral
### Output ###
We ordered a glass of wine and were finished eating and paying before the wine came.
### input ###
aspect: soup and sandwich meal, hot and sour soup
polarity: positive, Positive
### Output ###
For a savory take on the soup and sandwich meal, try the hot and sour soup.
### input ###
aspect: guac, flavor, fresh salsa
polarity:Positive, Negative, Neutral
### Output ###
The guac is fresh, yet lacking flavor, we like to add our fresh salsa into it.
### input ###
aspect: BANANA PUDDING, CRABCAKES, MAC AND CHEESE
polarity:Negative, Negative,Negative
### Output ###
THE BANANA PUDDING THEY SERVE HAS NEVER SEEN AN OVEN,THE CRABCAKES ARE WAY OVER SALTED AND DON'T GET ME STARTED ON THE VERY GREASY MAC AND CHEESE.
**Now complete this task like example with ONE SENTENCE:
### Input ###
aspect: tiramisu,Steak and potatoes,streusel,Tiramisu
polarity: Negative,Neutral,Positive,Positive
###Output### ","The streusel was a delightful surprise, but the tiramisu was overpowered by too much coffee, the Steak and potatoes were just okay, and the Tiramisu lacked creaminess.","[{'term': 'tiramisu', 'polarity': 'Negative'}, {'term': 'Steak and potatoes', 'polarity': 'Neutral'}, {'term': 'streusel', 'polarity': 'Positive'}, {'term': 'Tiramisu', 'polarity': 'Positive'}]","[{'category': 'general', 'polarity': 'neutral'}]",1020
"['wedge', 'Mushroom risotto (with truffle oil)', 'Chips and salsa', 'Tuna salad sandwich']","['Neutral', 'Positive', 'Negative', 'Negative']","**You are a critic who can generate comments on the specified aspect and sentiment
We would like you to complete a sentence generation task. Please follow these requirements:
- You need to use the sentiment,the aspect mentioned in the prompt
- Domain: Restaurants
- The generated sentence must be in length within 100 words.
- the sentence should not have aspect words that are not specified in the prompt
- DO NOT REPEAT the input text in the output
- PRINT ONLY THE ANSWER TEXT NO EXPLAINING NOTHING ELSE, MAKE SURE TO USE ASPECT WORDS IN THE OUTPUT
- examples:
### input ###
aspect: glass of wine
polarity: Neutral
### Output ###
We ordered a glass of wine and were finished eating and paying before the wine came.
### input ###
aspect: soup and sandwich meal, hot and sour soup
polarity: positive, Positive
### Output ###
For a savory take on the soup and sandwich meal, try the hot and sour soup.
### input ###
aspect: guac, flavor, fresh salsa
polarity:Positive, Negative, Neutral
### Output ###
The guac is fresh, yet lacking flavor, we like to add our fresh salsa into it.
### input ###
aspect: BANANA PUDDING, CRABCAKES, MAC AND CHEESE
polarity:Negative, Negative,Negative
### Output ###
THE BANANA PUDDING THEY SERVE HAS NEVER SEEN AN OVEN,THE CRABCAKES ARE WAY OVER SALTED AND DON'T GET ME STARTED ON THE VERY GREASY MAC AND CHEESE.
**Now complete this task like example with ONE SENTENCE:
### Input ###
aspect: wedge,Mushroom risotto (with truffle oil),Chips and salsa,Tuna salad sandwich
polarity: Neutral,Positive,Negative,Negative
###Output### ","The service was attentive, but the wedge was a bit overcooked, the Mushroom risotto (with truffle oil) was a highlight, the Chips and salsa were a letdown, and the Tuna salad sandwich was a poor choice.","[{'term': 'wedge', 'polarity': 'Neutral'}, {'term': 'Mushroom risotto (with truffle oil)', 'polarity': 'Positive'}, {'term': 'Chips and salsa', 'polarity': 'Negative'}, {'term': 'Tuna salad sandwich', 'polarity': 'Negative'}]","[{'category': 'general', 'polarity': 'neutral'}]",1021
"['Fried shrimp with tartar sauce', 'Lobster tail with garlic butter sauce', 'shandygaff', 'cellaret']","['Positive', 'Positive', 'Neutral', 'Negative']","**You are a critic who can generate comments on the specified aspect and sentiment
We would like you to complete a sentence generation task. Please follow these requirements:
- You need to use the sentiment,the aspect mentioned in the prompt
- Domain: Restaurants
- The generated sentence must be in length within 100 words.
- the sentence should not have aspect words that are not specified in the prompt
- DO NOT REPEAT the input text in the output
- PRINT ONLY THE ANSWER TEXT NO EXPLAINING NOTHING ELSE, MAKE SURE TO USE ASPECT WORDS IN THE OUTPUT
- examples:
### input ###
aspect: glass of wine
polarity: Neutral
### Output ###
We ordered a glass of wine and were finished eating and paying before the wine came.
### input ###
aspect: soup and sandwich meal, hot and sour soup
polarity: positive, Positive
### Output ###
For a savory take on the soup and sandwich meal, try the hot and sour soup.
### input ###
aspect: guac, flavor, fresh salsa
polarity:Positive, Negative, Neutral
### Output ###
The guac is fresh, yet lacking flavor, we like to add our fresh salsa into it.
### input ###
aspect: BANANA PUDDING, CRABCAKES, MAC AND CHEESE
polarity:Negative, Negative,Negative
### Output ###
THE BANANA PUDDING THEY SERVE HAS NEVER SEEN AN OVEN,THE CRABCAKES ARE WAY OVER SALTED AND DON'T GET ME STARTED ON THE VERY GREASY MAC AND CHEESE.
**Now complete this task like example with ONE SENTENCE:
### Input ###
aspect: Fried shrimp with tartar sauce,Lobster tail with garlic butter sauce,shandygaff,cellaret
polarity: Positive,Positive,Neutral,Negative
###Output### ","We thoroughly enjoyed the Fried shrimp with tartar sauce and the Lobster tail with garlic butter sauce, but the shandygaff was just average and the cellaret was a bit of a letdown.","[{'term': 'Fried shrimp with tartar sauce', 'polarity': 'Positive'}, {'term': 'Lobster tail with garlic butter sauce', 'polarity': 'Positive'}, {'term': 'shandygaff', 'polarity': 'Neutral'}, {'term': 'cellaret', 'polarity': 'Negative'}]","[{'category': 'general', 'polarity': 'neutral'}]",1022
"['Eggplant Parmesan with mozzarella cheese', 'Grilled pork (with apple chutney)', 'Fried chicken', 'Avocado toast with eggs']","['Positive', 'Negative', 'Positive', 'Negative']","**You are a critic who can generate comments on the specified aspect and sentiment
We would like you to complete a sentence generation task. Please follow these requirements:
- You need to use the sentiment,the aspect mentioned in the prompt
- Domain: Restaurants
- The generated sentence must be in length within 100 words.
- the sentence should not have aspect words that are not specified in the prompt
- DO NOT REPEAT the input text in the output
- PRINT ONLY THE ANSWER TEXT NO EXPLAINING NOTHING ELSE, MAKE SURE TO USE ASPECT WORDS IN THE OUTPUT
- examples:
### input ###
aspect: glass of wine
polarity: Neutral
### Output ###
We ordered a glass of wine and were finished eating and paying before the wine came.
### input ###
aspect: soup and sandwich meal, hot and sour soup
polarity: positive, Positive
### Output ###
For a savory take on the soup and sandwich meal, try the hot and sour soup.
### input ###
aspect: guac, flavor, fresh salsa
polarity:Positive, Negative, Neutral
### Output ###
The guac is fresh, yet lacking flavor, we like to add our fresh salsa into it.
### input ###
aspect: BANANA PUDDING, CRABCAKES, MAC AND CHEESE
polarity:Negative, Negative,Negative
### Output ###
THE BANANA PUDDING THEY SERVE HAS NEVER SEEN AN OVEN,THE CRABCAKES ARE WAY OVER SALTED AND DON'T GET ME STARTED ON THE VERY GREASY MAC AND CHEESE.
**Now complete this task like example with ONE SENTENCE:
### Input ###
aspect: Eggplant Parmesan with mozzarella cheese,Grilled pork (with apple chutney),Fried chicken,Avocado toast with eggs
polarity: Positive,Negative,Positive,Negative
###Output### ","The Eggplant Parmesan with mozzarella cheese was a highlight, but unfortunately, the Grilled pork (with apple chutney) was overpowered by the sweetness, the Fried chicken was finger-licking good, and the Avocado toast with eggs was ruined by the undercooked eggs.","[{'term': 'Eggplant Parmesan with mozzarella cheese', 'polarity': 'Positive'}, {'term': 'Grilled pork (with apple chutney)', 'polarity': 'Negative'}, {'term': 'Fried chicken', 'polarity': 'Positive'}, {'term': 'Avocado toast with eggs', 'polarity': 'Negative'}]","[{'category': 'general', 'polarity': 'neutral'}]",1025
"['nosh', 'scanner', 'Spaghetti bolognese (with parmesan)', 'Fish and salad']","['Negative', 'Negative', 'Neutral', 'Positive']","**You are a critic who can generate comments on the specified aspect and sentiment
We would like you to complete a sentence generation task. Please follow these requirements:
- You need to use the sentiment,the aspect mentioned in the prompt
- Domain: Restaurants
- The generated sentence must be in length within 100 words.
- the sentence should not have aspect words that are not specified in the prompt
- DO NOT REPEAT the input text in the output
- PRINT ONLY THE ANSWER TEXT NO EXPLAINING NOTHING ELSE, MAKE SURE TO USE ASPECT WORDS IN THE OUTPUT
- examples:
### input ###
aspect: glass of wine
polarity: Neutral
### Output ###
We ordered a glass of wine and were finished eating and paying before the wine came.
### input ###
aspect: soup and sandwich meal, hot and sour soup
polarity: positive, Positive
### Output ###
For a savory take on the soup and sandwich meal, try the hot and sour soup.
### input ###
aspect: guac, flavor, fresh salsa
polarity:Positive, Negative, Neutral
### Output ###
The guac is fresh, yet lacking flavor, we like to add our fresh salsa into it.
### input ###
aspect: BANANA PUDDING, CRABCAKES, MAC AND CHEESE
polarity:Negative, Negative,Negative
### Output ###
THE BANANA PUDDING THEY SERVE HAS NEVER SEEN AN OVEN,THE CRABCAKES ARE WAY OVER SALTED AND DON'T GET ME STARTED ON THE VERY GREASY MAC AND CHEESE.
**Now complete this task like example with ONE SENTENCE:
### Input ###
aspect: nosh,scanner,Spaghetti bolognese (with parmesan),Fish and salad
polarity: Negative,Negative,Neutral,Positive
###Output### ","The nosh was bland, the scanner at the counter wasn't working properly, but the Spaghetti bolognese (with parmesan) was just okay, and the Fish and salad was a highlight.","[{'term': 'nosh', 'polarity': 'Negative'}, {'term': 'scanner', 'polarity': 'Negative'}, {'term': 'Spaghetti bolognese (with parmesan)', 'polarity': 'Neutral'}, {'term': 'Fish and salad', 'polarity': 'Positive'}]","[{'category': 'general', 'polarity': 'neutral'}]",1034
"['intermixture', 'settle', 'Steak and potatoes', 'unionisation']","['Positive', 'Negative', 'Positive', 'Neutral']","**You are a critic who can generate comments on the specified aspect and sentiment
We would like you to complete a sentence generation task. Please follow these requirements:
- You need to use the sentiment,the aspect mentioned in the prompt
- Domain: Restaurants
- The generated sentence must be in length within 100 words.
- the sentence should not have aspect words that are not specified in the prompt
- DO NOT REPEAT the input text in the output
- PRINT ONLY THE ANSWER TEXT NO EXPLAINING NOTHING ELSE, MAKE SURE TO USE ASPECT WORDS IN THE OUTPUT
- examples:
### input ###
aspect: glass of wine
polarity: Neutral
### Output ###
We ordered a glass of wine and were finished eating and paying before the wine came.
### input ###
aspect: soup and sandwich meal, hot and sour soup
polarity: positive, Positive
### Output ###
For a savory take on the soup and sandwich meal, try the hot and sour soup.
### input ###
aspect: guac, flavor, fresh salsa
polarity:Positive, Negative, Neutral
### Output ###
The guac is fresh, yet lacking flavor, we like to add our fresh salsa into it.
### input ###
aspect: BANANA PUDDING, CRABCAKES, MAC AND CHEESE
polarity:Negative, Negative,Negative
### Output ###
THE BANANA PUDDING THEY SERVE HAS NEVER SEEN AN OVEN,THE CRABCAKES ARE WAY OVER SALTED AND DON'T GET ME STARTED ON THE VERY GREASY MAC AND CHEESE.
**Now complete this task like example with ONE SENTENCE:
### Input ###
aspect: intermixture,settle,Steak and potatoes,unionisation
polarity: Positive,Negative,Positive,Neutral
###Output### ","The unionisation of the staff here results in a harmonious intermixture of flavours in the Steak and potatoes, but unfortunately, the settle bill at the end was quite steep.","[{'term': 'intermixture', 'polarity': 'Positive'}, {'term': 'settle', 'polarity': 'Negative'}, {'term': 'Steak and potatoes', 'polarity': 'Positive'}, {'term': 'unionisation', 'polarity': 'Neutral'}]","[{'category': 'general', 'polarity': 'neutral'}]",1035
"['teashop', 'club', 'Apple pie', 'nickel']","['Negative', 'Positive', 'Positive', 'Neutral']","**You are a critic who can generate comments on the specified aspect and sentiment
We would like you to complete a sentence generation task. Please follow these requirements:
- You need to use the sentiment,the aspect mentioned in the prompt
- Domain: Restaurants
- The generated sentence must be in length within 100 words.
- the sentence should not have aspect words that are not specified in the prompt
- DO NOT REPEAT the input text in the output
- PRINT ONLY THE ANSWER TEXT NO EXPLAINING NOTHING ELSE, MAKE SURE TO USE ASPECT WORDS IN THE OUTPUT
- examples:
### input ###
aspect: glass of wine
polarity: Neutral
### Output ###
We ordered a glass of wine and were finished eating and paying before the wine came.
### input ###
aspect: soup and sandwich meal, hot and sour soup
polarity: positive, Positive
### Output ###
For a savory take on the soup and sandwich meal, try the hot and sour soup.
### input ###
aspect: guac, flavor, fresh salsa
polarity:Positive, Negative, Neutral
### Output ###
The guac is fresh, yet lacking flavor, we like to add our fresh salsa into it.
### input ###
aspect: BANANA PUDDING, CRABCAKES, MAC AND CHEESE
polarity:Negative, Negative,Negative
### Output ###
THE BANANA PUDDING THEY SERVE HAS NEVER SEEN AN OVEN,THE CRABCAKES ARE WAY OVER SALTED AND DON'T GET ME STARTED ON THE VERY GREASY MAC AND CHEESE.
**Now complete this task like example with ONE SENTENCE:
### Input ###
aspect: teashop,club,Apple pie,nickel
polarity: Negative,Positive,Positive,Neutral
###Output### ","The teashop is a total disaster, but the club sandwiches are always a delight, their Apple pie is a must-try, and the nickel prices for coffee are reasonable.","[{'term': 'teashop', 'polarity': 'Negative'}, {'term': 'club', 'polarity': 'Positive'}, {'term': 'Apple pie', 'polarity': 'Positive'}, {'term': 'nickel', 'polarity': 'Neutral'}]","[{'category': 'general', 'polarity': 'neutral'}]",1039
"['checker', 'sommelier', 'Pulled pork (with pickles)', 'commissary']","['Negative', 'Neutral', 'Positive', 'Positive']","**You are a critic who can generate comments on the specified aspect and sentiment
We would like you to complete a sentence generation task. Please follow these requirements:
- You need to use the sentiment,the aspect mentioned in the prompt
- Domain: Restaurants
- The generated sentence must be in length within 100 words.
- the sentence should not have aspect words that are not specified in the prompt
- DO NOT REPEAT the input text in the output
- PRINT ONLY THE ANSWER TEXT NO EXPLAINING NOTHING ELSE, MAKE SURE TO USE ASPECT WORDS IN THE OUTPUT
- examples:
### input ###
aspect: glass of wine
polarity: Neutral
### Output ###
We ordered a glass of wine and were finished eating and paying before the wine came.
### input ###
aspect: soup and sandwich meal, hot and sour soup
polarity: positive, Positive
### Output ###
For a savory take on the soup and sandwich meal, try the hot and sour soup.
### input ###
aspect: guac, flavor, fresh salsa
polarity:Positive, Negative, Neutral
### Output ###
The guac is fresh, yet lacking flavor, we like to add our fresh salsa into it.
### input ###
aspect: BANANA PUDDING, CRABCAKES, MAC AND CHEESE
polarity:Negative, Negative,Negative
### Output ###
THE BANANA PUDDING THEY SERVE HAS NEVER SEEN AN OVEN,THE CRABCAKES ARE WAY OVER SALTED AND DON'T GET ME STARTED ON THE VERY GREASY MAC AND CHEESE.
**Now complete this task like example with ONE SENTENCE:
### Input ###
aspect: checker,sommelier,Pulled pork (with pickles),commissary
polarity: Negative,Neutral,Positive,Positive
###Output### ","The sommelier seemed completely disinterested, the checker was unfriendly, however the Pulled pork (with pickles) was a highlight, and the commissary offered a wide variety of options.","[{'term': 'checker', 'polarity': 'Negative'}, {'term': 'sommelier', 'polarity': 'Neutral'}, {'term': 'Pulled pork (with pickles)', 'polarity': 'Positive'}, {'term': 'commissary', 'polarity': 'Positive'}]","[{'category': 'general', 'polarity': 'neutral'}]",1040
"['mitt', 'chapter', 'motif', 'eggs']","['Positive', 'Negative', 'Neutral', 'Negative']","**You are a critic who can generate comments on the specified aspect and sentiment
We would like you to complete a sentence generation task. Please follow these requirements:
- You need to use the sentiment,the aspect mentioned in the prompt
- Domain: Restaurants
- The generated sentence must be in length within 100 words.
- the sentence should not have aspect words that are not specified in the prompt
- DO NOT REPEAT the input text in the output
- PRINT ONLY THE ANSWER TEXT NO EXPLAINING NOTHING ELSE, MAKE SURE TO USE ASPECT WORDS IN THE OUTPUT
- examples:
### input ###
aspect: glass of wine
polarity: Neutral
### Output ###
We ordered a glass of wine and were finished eating and paying before the wine came.
### input ###
aspect: soup and sandwich meal, hot and sour soup
polarity: positive, Positive
### Output ###
For a savory take on the soup and sandwich meal, try the hot and sour soup.
### input ###
aspect: guac, flavor, fresh salsa
polarity:Positive, Negative, Neutral
### Output ###
The guac is fresh, yet lacking flavor, we like to add our fresh salsa into it.
### input ###
aspect: BANANA PUDDING, CRABCAKES, MAC AND CHEESE
polarity:Negative, Negative,Negative
### Output ###
THE BANANA PUDDING THEY SERVE HAS NEVER SEEN AN OVEN,THE CRABCAKES ARE WAY OVER SALTED AND DON'T GET ME STARTED ON THE VERY GREASY MAC AND CHEESE.
**Now complete this task like example with ONE SENTENCE:
### Input ###
aspect: mitt,chapter,motif,eggs
polarity: Positive,Negative,Neutral,Negative
###Output### ","The chef's use of a mitt when cooking the eggs is impressive, but the chapter on breakfast options is lacking, and the motif of the restaurant's decor is unremarkable, unfortunately the eggs themselves are overcooked.","[{'term': 'mitt', 'polarity': 'Positive'}, {'term': 'chapter', 'polarity': 'Negative'}, {'term': 'motif', 'polarity': 'Neutral'}, {'term': 'eggs', 'polarity': 'Negative'}]","[{'category': 'general', 'polarity': 'neutral'}]",1041
"['tapper', 'Steak frites with béarnaise sauce', 'plumbago', 'Salmon fillet']","['Positive', 'Positive', 'Negative', 'Negative']","**You are a critic who can generate comments on the specified aspect and sentiment
We would like you to complete a sentence generation task. Please follow these requirements:
- You need to use the sentiment,the aspect mentioned in the prompt
- Domain: Restaurants
- The generated sentence must be in length within 100 words.
- the sentence should not have aspect words that are not specified in the prompt
- DO NOT REPEAT the input text in the output
- PRINT ONLY THE ANSWER TEXT NO EXPLAINING NOTHING ELSE, MAKE SURE TO USE ASPECT WORDS IN THE OUTPUT
- examples:
### input ###
aspect: glass of wine
polarity: Neutral
### Output ###
We ordered a glass of wine and were finished eating and paying before the wine came.
### input ###
aspect: soup and sandwich meal, hot and sour soup
polarity: positive, Positive
### Output ###
For a savory take on the soup and sandwich meal, try the hot and sour soup.
### input ###
aspect: guac, flavor, fresh salsa
polarity:Positive, Negative, Neutral
### Output ###
The guac is fresh, yet lacking flavor, we like to add our fresh salsa into it.
### input ###
aspect: BANANA PUDDING, CRABCAKES, MAC AND CHEESE
polarity:Negative, Negative,Negative
### Output ###
THE BANANA PUDDING THEY SERVE HAS NEVER SEEN AN OVEN,THE CRABCAKES ARE WAY OVER SALTED AND DON'T GET ME STARTED ON THE VERY GREASY MAC AND CHEESE.
**Now complete this task like example with ONE SENTENCE:
### Input ###
aspect: tapper,Steak frites with béarnaise sauce,plumbago,Salmon fillet
polarity: Positive,Positive,Negative,Negative
###Output### ","The tapper was efficient, the Steak frites with béarnaise sauce was cooked to perfection, however the plumbago plant outside was wilted and the Salmon fillet was overcooked.","[{'term': 'tapper', 'polarity': 'Positive'}, {'term': 'Steak frites with béarnaise sauce', 'polarity': 'Positive'}, {'term': 'plumbago', 'polarity': 'Negative'}, {'term': 'Salmon fillet', 'polarity': 'Negative'}]","[{'category': 'general', 'polarity': 'neutral'}]",1046
"['bartender', 'press', 'Pork and sauerkraut', 'Beef brisket sandwich']","['Neutral', 'Negative', 'Positive', 'Negative']","**You are a critic who can generate comments on the specified aspect and sentiment
We would like you to complete a sentence generation task. Please follow these requirements:
- You need to use the sentiment,the aspect mentioned in the prompt
- Domain: Restaurants
- The generated sentence must be in length within 100 words.
- the sentence should not have aspect words that are not specified in the prompt
- DO NOT REPEAT the input text in the output
- PRINT ONLY THE ANSWER TEXT NO EXPLAINING NOTHING ELSE, MAKE SURE TO USE ASPECT WORDS IN THE OUTPUT
- examples:
### input ###
aspect: glass of wine
polarity: Neutral
### Output ###
We ordered a glass of wine and were finished eating and paying before the wine came.
### input ###
aspect: soup and sandwich meal, hot and sour soup
polarity: positive, Positive
### Output ###
For a savory take on the soup and sandwich meal, try the hot and sour soup.
### input ###
aspect: guac, flavor, fresh salsa
polarity:Positive, Negative, Neutral
### Output ###
The guac is fresh, yet lacking flavor, we like to add our fresh salsa into it.
### input ###
aspect: BANANA PUDDING, CRABCAKES, MAC AND CHEESE
polarity:Negative, Negative,Negative
### Output ###
THE BANANA PUDDING THEY SERVE HAS NEVER SEEN AN OVEN,THE CRABCAKES ARE WAY OVER SALTED AND DON'T GET ME STARTED ON THE VERY GREASY MAC AND CHEESE.
**Now complete this task like example with ONE SENTENCE:
### Input ###
aspect: bartender,press,Pork and sauerkraut,Beef brisket sandwich
polarity: Neutral,Negative,Positive,Negative
###Output### ","The bartender seemed uninterested while making our press, the Pork and sauerkraut was a pleasant surprise but the Beef brisket sandwich was a letdown.","[{'term': 'bartender', 'polarity': 'Neutral'}, {'term': 'press', 'polarity': 'Negative'}, {'term': 'Pork and sauerkraut', 'polarity': 'Positive'}, {'term': 'Beef brisket sandwich', 'polarity': 'Negative'}]","[{'category': 'general', 'polarity': 'neutral'}]",1047
"['toasting', 'bleu', 'perchlorate', 'Chicken and avocado']","['Neutral', 'Negative', 'Positive', 'Negative']","**You are a critic who can generate comments on the specified aspect and sentiment
We would like you to complete a sentence generation task. Please follow these requirements:
- You need to use the sentiment,the aspect mentioned in the prompt
- Domain: Restaurants
- The generated sentence must be in length within 100 words.
- the sentence should not have aspect words that are not specified in the prompt
- DO NOT REPEAT the input text in the output
- PRINT ONLY THE ANSWER TEXT NO EXPLAINING NOTHING ELSE, MAKE SURE TO USE ASPECT WORDS IN THE OUTPUT
- examples:
### input ###
aspect: glass of wine
polarity: Neutral
### Output ###
We ordered a glass of wine and were finished eating and paying before the wine came.
### input ###
aspect: soup and sandwich meal, hot and sour soup
polarity: positive, Positive
### Output ###
For a savory take on the soup and sandwich meal, try the hot and sour soup.
### input ###
aspect: guac, flavor, fresh salsa
polarity:Positive, Negative, Neutral
### Output ###
The guac is fresh, yet lacking flavor, we like to add our fresh salsa into it.
### input ###
aspect: BANANA PUDDING, CRABCAKES, MAC AND CHEESE
polarity:Negative, Negative,Negative
### Output ###
THE BANANA PUDDING THEY SERVE HAS NEVER SEEN AN OVEN,THE CRABCAKES ARE WAY OVER SALTED AND DON'T GET ME STARTED ON THE VERY GREASY MAC AND CHEESE.
**Now complete this task like example with ONE SENTENCE:
### Input ###
aspect: toasting,bleu,perchlorate,Chicken and avocado
polarity: Neutral,Negative,Positive,Negative
###Output### ","The toasting of the bread is a bit of an issue, but the bleu cheese is quite good, and I'm glad they're taking steps to reduce perchlorate in their Chicken and avocado.","[{'term': 'toasting', 'polarity': 'Neutral'}, {'term': 'bleu', 'polarity': 'Negative'}, {'term': 'perchlorate', 'polarity': 'Positive'}, {'term': 'Chicken and avocado', 'polarity': 'Negative'}]","[{'category': 'general', 'polarity': 'neutral'}]",1048
"['crackle', 'Chopin', 'Grilled salmon (with lemon dill sauce)', 'Vegetable stir fry']","['Positive', 'Neutral', 'Negative', 'Negative']","**You are a critic who can generate comments on the specified aspect and sentiment
We would like you to complete a sentence generation task. Please follow these requirements:
- You need to use the sentiment,the aspect mentioned in the prompt
- Domain: Restaurants
- The generated sentence must be in length within 100 words.
- the sentence should not have aspect words that are not specified in the prompt
- DO NOT REPEAT the input text in the output
- PRINT ONLY THE ANSWER TEXT NO EXPLAINING NOTHING ELSE, MAKE SURE TO USE ASPECT WORDS IN THE OUTPUT
- examples:
### input ###
aspect: glass of wine
polarity: Neutral
### Output ###
We ordered a glass of wine and were finished eating and paying before the wine came.
### input ###
aspect: soup and sandwich meal, hot and sour soup
polarity: positive, Positive
### Output ###
For a savory take on the soup and sandwich meal, try the hot and sour soup.
### input ###
aspect: guac, flavor, fresh salsa
polarity:Positive, Negative, Neutral
### Output ###
The guac is fresh, yet lacking flavor, we like to add our fresh salsa into it.
### input ###
aspect: BANANA PUDDING, CRABCAKES, MAC AND CHEESE
polarity:Negative, Negative,Negative
### Output ###
THE BANANA PUDDING THEY SERVE HAS NEVER SEEN AN OVEN,THE CRABCAKES ARE WAY OVER SALTED AND DON'T GET ME STARTED ON THE VERY GREASY MAC AND CHEESE.
**Now complete this task like example with ONE SENTENCE:
### Input ###
aspect: crackle,Chopin,Grilled salmon (with lemon dill sauce),Vegetable stir fry
polarity: Positive,Neutral,Negative,Negative
###Output### ","The Grilled salmon (with lemon dill sauce) is cooked to perfection, while the Chopin music in the background adds a pleasant ambiance, but unfortunately, the crackle of the speakers is distracting and the Vegetable stir fry lacks seasoning.","[{'term': 'crackle', 'polarity': 'Positive'}, {'term': 'Chopin', 'polarity': 'Neutral'}, {'term': 'Grilled salmon (with lemon dill sauce)', 'polarity': 'Negative'}, {'term': 'Vegetable stir fry', 'polarity': 'Negative'}]","[{'category': 'general', 'polarity': 'neutral'}]",1053
"['allspice', 'instrumentation', 'compound', 'cell']","['Negative', 'Positive', 'Neutral', 'Positive']","**You are a critic who can generate comments on the specified aspect and sentiment
We would like you to complete a sentence generation task. Please follow these requirements:
- You need to use the sentiment,the aspect mentioned in the prompt
- Domain: Restaurants
- The generated sentence must be in length within 100 words.
- the sentence should not have aspect words that are not specified in the prompt
- DO NOT REPEAT the input text in the output
- PRINT ONLY THE ANSWER TEXT NO EXPLAINING NOTHING ELSE, MAKE SURE TO USE ASPECT WORDS IN THE OUTPUT
- examples:
### input ###
aspect: glass of wine
polarity: Neutral
### Output ###
We ordered a glass of wine and were finished eating and paying before the wine came.
### input ###
aspect: soup and sandwich meal, hot and sour soup
polarity: positive, Positive
### Output ###
For a savory take on the soup and sandwich meal, try the hot and sour soup.
### input ###
aspect: guac, flavor, fresh salsa
polarity:Positive, Negative, Neutral
### Output ###
The guac is fresh, yet lacking flavor, we like to add our fresh salsa into it.
### input ###
aspect: BANANA PUDDING, CRABCAKES, MAC AND CHEESE
polarity:Negative, Negative,Negative
### Output ###
THE BANANA PUDDING THEY SERVE HAS NEVER SEEN AN OVEN,THE CRABCAKES ARE WAY OVER SALTED AND DON'T GET ME STARTED ON THE VERY GREASY MAC AND CHEESE.
**Now complete this task like example with ONE SENTENCE:
### Input ###
aspect: allspice,instrumentation,compound,cell
polarity: Negative,Positive,Neutral,Positive
###Output### ","The chef's overuse of allspice overpowers the entire dish, however, the live instrumentation adds a nice ambiance to the restaurant and the compound flavors of the sauce are perfectly balanced, and the service by the cell phone-wielding hostess was attentive.","[{'term': 'allspice', 'polarity': 'Negative'}, {'term': 'instrumentation', 'polarity': 'Positive'}, {'term': 'compound', 'polarity': 'Neutral'}, {'term': 'cell', 'polarity': 'Positive'}]","[{'category': 'general', 'polarity': 'neutral'}]",1055
"['meal', 'plonk', 'BBQ chicken wings', 'Chicken and rice']","['Neutral', 'Negative', 'Negative', 'Positive']","**You are a critic who can generate comments on the specified aspect and sentiment
We would like you to complete a sentence generation task. Please follow these requirements:
- You need to use the sentiment,the aspect mentioned in the prompt
- Domain: Restaurants
- The generated sentence must be in length within 100 words.
- the sentence should not have aspect words that are not specified in the prompt
- DO NOT REPEAT the input text in the output
- PRINT ONLY THE ANSWER TEXT NO EXPLAINING NOTHING ELSE, MAKE SURE TO USE ASPECT WORDS IN THE OUTPUT
- examples:
### input ###
aspect: glass of wine
polarity: Neutral
### Output ###
We ordered a glass of wine and were finished eating and paying before the wine came.
### input ###
aspect: soup and sandwich meal, hot and sour soup
polarity: positive, Positive
### Output ###
For a savory take on the soup and sandwich meal, try the hot and sour soup.
### input ###
aspect: guac, flavor, fresh salsa
polarity:Positive, Negative, Neutral
### Output ###
The guac is fresh, yet lacking flavor, we like to add our fresh salsa into it.
### input ###
aspect: BANANA PUDDING, CRABCAKES, MAC AND CHEESE
polarity:Negative, Negative,Negative
### Output ###
THE BANANA PUDDING THEY SERVE HAS NEVER SEEN AN OVEN,THE CRABCAKES ARE WAY OVER SALTED AND DON'T GET ME STARTED ON THE VERY GREASY MAC AND CHEESE.
**Now complete this task like example with ONE SENTENCE:
### Input ###
aspect: meal,plonk,BBQ chicken wings,Chicken and rice
polarity: Neutral,Negative,Negative,Positive
###Output### ","The meal was satisfactory, but the plonk was a letdown, the BBQ chicken wings were overcooked, and the Chicken and rice was surprisingly good.","[{'term': 'meal', 'polarity': 'Neutral'}, {'term': 'plonk', 'polarity': 'Negative'}, {'term': 'BBQ chicken wings', 'polarity': 'Negative'}, {'term': 'Chicken and rice', 'polarity': 'Positive'}]","[{'category': 'general', 'polarity': 'neutral'}]",1056
"['closet', 'Grilled shrimp (with garlic butter)', 'Pork and beans', 'cafeteria']","['Negative', 'Positive', 'Positive', 'Neutral']","**You are a critic who can generate comments on the specified aspect and sentiment
We would like you to complete a sentence generation task. Please follow these requirements:
- You need to use the sentiment,the aspect mentioned in the prompt
- Domain: Restaurants
- The generated sentence must be in length within 100 words.
- the sentence should not have aspect words that are not specified in the prompt
- DO NOT REPEAT the input text in the output
- PRINT ONLY THE ANSWER TEXT NO EXPLAINING NOTHING ELSE, MAKE SURE TO USE ASPECT WORDS IN THE OUTPUT
- examples:
### input ###
aspect: glass of wine
polarity: Neutral
### Output ###
We ordered a glass of wine and were finished eating and paying before the wine came.
### input ###
aspect: soup and sandwich meal, hot and sour soup
polarity: positive, Positive
### Output ###
For a savory take on the soup and sandwich meal, try the hot and sour soup.
### input ###
aspect: guac, flavor, fresh salsa
polarity:Positive, Negative, Neutral
### Output ###
The guac is fresh, yet lacking flavor, we like to add our fresh salsa into it.
### input ###
aspect: BANANA PUDDING, CRABCAKES, MAC AND CHEESE
polarity:Negative, Negative,Negative
### Output ###
THE BANANA PUDDING THEY SERVE HAS NEVER SEEN AN OVEN,THE CRABCAKES ARE WAY OVER SALTED AND DON'T GET ME STARTED ON THE VERY GREASY MAC AND CHEESE.
**Now complete this task like example with ONE SENTENCE:
### Input ###
aspect: closet,Grilled shrimp (with garlic butter),Pork and beans,cafeteria
polarity: Negative,Positive,Positive,Neutral
###Output### ","The cafeteria's closet is a mess, but the Grilled shrimp (with garlic butter) is cooked to perfection and the Pork and beans are a delightful side dish.","[{'term': 'closet', 'polarity': 'Negative'}, {'term': 'Grilled shrimp (with garlic butter)', 'polarity': 'Positive'}, {'term': 'Pork and beans', 'polarity': 'Positive'}, {'term': 'cafeteria', 'polarity': 'Neutral'}]","[{'category': 'general', 'polarity': 'neutral'}]",1059
"['souffle', 'enchilada', 'Lamb stew', 'lamp']","['Negative', 'Positive', 'Positive', 'Neutral']","**You are a critic who can generate comments on the specified aspect and sentiment
We would like you to complete a sentence generation task. Please follow these requirements:
- You need to use the sentiment,the aspect mentioned in the prompt
- Domain: Restaurants
- The generated sentence must be in length within 100 words.
- the sentence should not have aspect words that are not specified in the prompt
- DO NOT REPEAT the input text in the output
- PRINT ONLY THE ANSWER TEXT NO EXPLAINING NOTHING ELSE, MAKE SURE TO USE ASPECT WORDS IN THE OUTPUT
- examples:
### input ###
aspect: glass of wine
polarity: Neutral
### Output ###
We ordered a glass of wine and were finished eating and paying before the wine came.
### input ###
aspect: soup and sandwich meal, hot and sour soup
polarity: positive, Positive
### Output ###
For a savory take on the soup and sandwich meal, try the hot and sour soup.
### input ###
aspect: guac, flavor, fresh salsa
polarity:Positive, Negative, Neutral
### Output ###
The guac is fresh, yet lacking flavor, we like to add our fresh salsa into it.
### input ###
aspect: BANANA PUDDING, CRABCAKES, MAC AND CHEESE
polarity:Negative, Negative,Negative
### Output ###
THE BANANA PUDDING THEY SERVE HAS NEVER SEEN AN OVEN,THE CRABCAKES ARE WAY OVER SALTED AND DON'T GET ME STARTED ON THE VERY GREASY MAC AND CHEESE.
**Now complete this task like example with ONE SENTENCE:
### Input ###
aspect: souffle,enchilada,Lamb stew,lamp
polarity: Negative,Positive,Positive,Neutral
###Output### ","The souffle was overcooked, but the enchilada was a highlight, the Lamb stew was cooked to perfection, and the lamp provided sufficient lighting.","[{'term': 'souffle', 'polarity': 'Negative'}, {'term': 'enchilada', 'polarity': 'Positive'}, {'term': 'Lamb stew', 'polarity': 'Positive'}, {'term': 'lamp', 'polarity': 'Neutral'}]","[{'category': 'general', 'polarity': 'neutral'}]",1062
"['wad', 'biriani', 'Avocado toast with eggs', 'flan']","['Positive', 'Positive', 'Negative', 'Neutral']","**You are a critic who can generate comments on the specified aspect and sentiment
We would like you to complete a sentence generation task. Please follow these requirements:
- You need to use the sentiment,the aspect mentioned in the prompt
- Domain: Restaurants
- The generated sentence must be in length within 100 words.
- the sentence should not have aspect words that are not specified in the prompt
- DO NOT REPEAT the input text in the output
- PRINT ONLY THE ANSWER TEXT NO EXPLAINING NOTHING ELSE, MAKE SURE TO USE ASPECT WORDS IN THE OUTPUT
- examples:
### input ###
aspect: glass of wine
polarity: Neutral
### Output ###
We ordered a glass of wine and were finished eating and paying before the wine came.
### input ###
aspect: soup and sandwich meal, hot and sour soup
polarity: positive, Positive
### Output ###
For a savory take on the soup and sandwich meal, try the hot and sour soup.
### input ###
aspect: guac, flavor, fresh salsa
polarity:Positive, Negative, Neutral
### Output ###
The guac is fresh, yet lacking flavor, we like to add our fresh salsa into it.
### input ###
aspect: BANANA PUDDING, CRABCAKES, MAC AND CHEESE
polarity:Negative, Negative,Negative
### Output ###
THE BANANA PUDDING THEY SERVE HAS NEVER SEEN AN OVEN,THE CRABCAKES ARE WAY OVER SALTED AND DON'T GET ME STARTED ON THE VERY GREASY MAC AND CHEESE.
**Now complete this task like example with ONE SENTENCE:
### Input ###
aspect: wad,biriani,Avocado toast with eggs,flan
polarity: Positive,Positive,Negative,Neutral
###Output### ","The biriani was perfectly cooked, but unfortunately, the wad of overcooked avocado on the Avocado toast with eggs was a letdown, and the flan was just okay.","[{'term': 'wad', 'polarity': 'Positive'}, {'term': 'biriani', 'polarity': 'Positive'}, {'term': 'Avocado toast with eggs', 'polarity': 'Negative'}, {'term': 'flan', 'polarity': 'Neutral'}]","[{'category': 'general', 'polarity': 'neutral'}]",1070
"['analects', 'Fried chicken and mashed potatoes', 'Cheeseburger (with bacon and cheddar)', 'Steak frites with béarnaise sauce']","['Negative', 'Negative', 'Positive', 'Positive']","**You are a critic who can generate comments on the specified aspect and sentiment
We would like you to complete a sentence generation task. Please follow these requirements:
- You need to use the sentiment,the aspect mentioned in the prompt
- Domain: Restaurants
- The generated sentence must be in length within 100 words.
- the sentence should not have aspect words that are not specified in the prompt
- DO NOT REPEAT the input text in the output
- PRINT ONLY THE ANSWER TEXT NO EXPLAINING NOTHING ELSE, MAKE SURE TO USE ASPECT WORDS IN THE OUTPUT
- examples:
### input ###
aspect: glass of wine
polarity: Neutral
### Output ###
We ordered a glass of wine and were finished eating and paying before the wine came.
### input ###
aspect: soup and sandwich meal, hot and sour soup
polarity: positive, Positive
### Output ###
For a savory take on the soup and sandwich meal, try the hot and sour soup.
### input ###
aspect: guac, flavor, fresh salsa
polarity:Positive, Negative, Neutral
### Output ###
The guac is fresh, yet lacking flavor, we like to add our fresh salsa into it.
### input ###
aspect: BANANA PUDDING, CRABCAKES, MAC AND CHEESE
polarity:Negative, Negative,Negative
### Output ###
THE BANANA PUDDING THEY SERVE HAS NEVER SEEN AN OVEN,THE CRABCAKES ARE WAY OVER SALTED AND DON'T GET ME STARTED ON THE VERY GREASY MAC AND CHEESE.
**Now complete this task like example with ONE SENTENCE:
### Input ###
aspect: analects,Fried chicken and mashed potatoes,Cheeseburger (with bacon and cheddar),Steak frites with béarnaise sauce
polarity: Negative,Negative,Positive,Positive
###Output### ","The analects were unimpressive, the Fried chicken and mashed potatoes were overcooked, but the Cheeseburger (with bacon and cheddar) was a standout and the Steak frites with béarnaise sauce was cooked to perfection.","[{'term': 'analects', 'polarity': 'Negative'}, {'term': 'Fried chicken and mashed potatoes', 'polarity': 'Negative'}, {'term': 'Cheeseburger (with bacon and cheddar)', 'polarity': 'Positive'}, {'term': 'Steak frites with béarnaise sauce', 'polarity': 'Positive'}]","[{'category': 'general', 'polarity': 'neutral'}]",1071
"['tobacco', 'yolk', 'wad', 'Baked cod with lemon and herbs']","['Positive', 'Neutral', 'Negative', 'Positive']","**You are a critic who can generate comments on the specified aspect and sentiment
We would like you to complete a sentence generation task. Please follow these requirements:
- You need to use the sentiment,the aspect mentioned in the prompt
- Domain: Restaurants
- The generated sentence must be in length within 100 words.
- the sentence should not have aspect words that are not specified in the prompt
- DO NOT REPEAT the input text in the output
- PRINT ONLY THE ANSWER TEXT NO EXPLAINING NOTHING ELSE, MAKE SURE TO USE ASPECT WORDS IN THE OUTPUT
- examples:
### input ###
aspect: glass of wine
polarity: Neutral
### Output ###
We ordered a glass of wine and were finished eating and paying before the wine came.
### input ###
aspect: soup and sandwich meal, hot and sour soup
polarity: positive, Positive
### Output ###
For a savory take on the soup and sandwich meal, try the hot and sour soup.
### input ###
aspect: guac, flavor, fresh salsa
polarity:Positive, Negative, Neutral
### Output ###
The guac is fresh, yet lacking flavor, we like to add our fresh salsa into it.
### input ###
aspect: BANANA PUDDING, CRABCAKES, MAC AND CHEESE
polarity:Negative, Negative,Negative
### Output ###
THE BANANA PUDDING THEY SERVE HAS NEVER SEEN AN OVEN,THE CRABCAKES ARE WAY OVER SALTED AND DON'T GET ME STARTED ON THE VERY GREASY MAC AND CHEESE.
**Now complete this task like example with ONE SENTENCE:
### Input ###
aspect: tobacco,yolk,wad,Baked cod with lemon and herbs
polarity: Positive,Neutral,Negative,Positive
###Output### ","The restaurant's tobacco selection is limited, but the yolk in their eggs is overcooked, the wad of bread is stale, and the Baked cod with lemon and herbs is a must-try.","[{'term': 'tobacco', 'polarity': 'Positive'}, {'term': 'yolk', 'polarity': 'Neutral'}, {'term': 'wad', 'polarity': 'Negative'}, {'term': 'Baked cod with lemon and herbs', 'polarity': 'Positive'}]","[{'category': 'general', 'polarity': 'neutral'}]",1076
"['course', 'sepia', 'browning', 'Stravinsky']","['Negative', 'Neutral', 'Positive', 'Negative']","**You are a critic who can generate comments on the specified aspect and sentiment
We would like you to complete a sentence generation task. Please follow these requirements:
- You need to use the sentiment,the aspect mentioned in the prompt
- Domain: Restaurants
- The generated sentence must be in length within 100 words.
- the sentence should not have aspect words that are not specified in the prompt
- DO NOT REPEAT the input text in the output
- PRINT ONLY THE ANSWER TEXT NO EXPLAINING NOTHING ELSE, MAKE SURE TO USE ASPECT WORDS IN THE OUTPUT
- examples:
### input ###
aspect: glass of wine
polarity: Neutral
### Output ###
We ordered a glass of wine and were finished eating and paying before the wine came.
### input ###
aspect: soup and sandwich meal, hot and sour soup
polarity: positive, Positive
### Output ###
For a savory take on the soup and sandwich meal, try the hot and sour soup.
### input ###
aspect: guac, flavor, fresh salsa
polarity:Positive, Negative, Neutral
### Output ###
The guac is fresh, yet lacking flavor, we like to add our fresh salsa into it.
### input ###
aspect: BANANA PUDDING, CRABCAKES, MAC AND CHEESE
polarity:Negative, Negative,Negative
### Output ###
THE BANANA PUDDING THEY SERVE HAS NEVER SEEN AN OVEN,THE CRABCAKES ARE WAY OVER SALTED AND DON'T GET ME STARTED ON THE VERY GREASY MAC AND CHEESE.
**Now complete this task like example with ONE SENTENCE:
### Input ###
aspect: course,sepia,browning,Stravinsky
polarity: Negative,Neutral,Positive,Negative
###Output### ","The chef's lack of attention to the course is evident in the overcooked sepia, but the browning on the meat is a nice touch, however the background music selection is an odd choice of Stravinsky.","[{'term': 'course', 'polarity': 'Negative'}, {'term': 'sepia', 'polarity': 'Neutral'}, {'term': 'browning', 'polarity': 'Positive'}, {'term': 'Stravinsky', 'polarity': 'Negative'}]","[{'category': 'general', 'polarity': 'neutral'}]",1080
"['Edam', 'wonton', 'Roast duck', 'housing']","['Neutral', 'Negative', 'Positive', 'Negative']","**You are a critic who can generate comments on the specified aspect and sentiment
We would like you to complete a sentence generation task. Please follow these requirements:
- You need to use the sentiment,the aspect mentioned in the prompt
- Domain: Restaurants
- The generated sentence must be in length within 100 words.
- the sentence should not have aspect words that are not specified in the prompt
- DO NOT REPEAT the input text in the output
- PRINT ONLY THE ANSWER TEXT NO EXPLAINING NOTHING ELSE, MAKE SURE TO USE ASPECT WORDS IN THE OUTPUT
- examples:
### input ###
aspect: glass of wine
polarity: Neutral
### Output ###
We ordered a glass of wine and were finished eating and paying before the wine came.
### input ###
aspect: soup and sandwich meal, hot and sour soup
polarity: positive, Positive
### Output ###
For a savory take on the soup and sandwich meal, try the hot and sour soup.
### input ###
aspect: guac, flavor, fresh salsa
polarity:Positive, Negative, Neutral
### Output ###
The guac is fresh, yet lacking flavor, we like to add our fresh salsa into it.
### input ###
aspect: BANANA PUDDING, CRABCAKES, MAC AND CHEESE
polarity:Negative, Negative,Negative
### Output ###
THE BANANA PUDDING THEY SERVE HAS NEVER SEEN AN OVEN,THE CRABCAKES ARE WAY OVER SALTED AND DON'T GET ME STARTED ON THE VERY GREASY MAC AND CHEESE.
**Now complete this task like example with ONE SENTENCE:
### Input ###
aspect: Edam,wonton,Roast duck,housing
polarity: Neutral,Negative,Positive,Negative
###Output### ","We were unimpressed with the housing, the Edam was just average, the wonton was overpriced, but the Roast duck was truly exceptional.","[{'term': 'Edam', 'polarity': 'Neutral'}, {'term': 'wonton', 'polarity': 'Negative'}, {'term': 'Roast duck', 'polarity': 'Positive'}, {'term': 'housing', 'polarity': 'Negative'}]","[{'category': 'general', 'polarity': 'neutral'}]",1082
"['pilot', 'casserole', 'Crab cake sandwich', 'refrain']","['Negative', 'Positive', 'Neutral', 'Positive']","**You are a critic who can generate comments on the specified aspect and sentiment
We would like you to complete a sentence generation task. Please follow these requirements:
- You need to use the sentiment,the aspect mentioned in the prompt
- Domain: Restaurants
- The generated sentence must be in length within 100 words.
- the sentence should not have aspect words that are not specified in the prompt
- DO NOT REPEAT the input text in the output
- PRINT ONLY THE ANSWER TEXT NO EXPLAINING NOTHING ELSE, MAKE SURE TO USE ASPECT WORDS IN THE OUTPUT
- examples:
### input ###
aspect: glass of wine
polarity: Neutral
### Output ###
We ordered a glass of wine and were finished eating and paying before the wine came.
### input ###
aspect: soup and sandwich meal, hot and sour soup
polarity: positive, Positive
### Output ###
For a savory take on the soup and sandwich meal, try the hot and sour soup.
### input ###
aspect: guac, flavor, fresh salsa
polarity:Positive, Negative, Neutral
### Output ###
The guac is fresh, yet lacking flavor, we like to add our fresh salsa into it.
### input ###
aspect: BANANA PUDDING, CRABCAKES, MAC AND CHEESE
polarity:Negative, Negative,Negative
### Output ###
THE BANANA PUDDING THEY SERVE HAS NEVER SEEN AN OVEN,THE CRABCAKES ARE WAY OVER SALTED AND DON'T GET ME STARTED ON THE VERY GREASY MAC AND CHEESE.
**Now complete this task like example with ONE SENTENCE:
### Input ###
aspect: pilot,casserole,Crab cake sandwich,refrain
polarity: Negative,Positive,Neutral,Positive
###Output### ","The pilot was incompetent, but the casserole was a delightful surprise, the Crab cake sandwich was just fine, and the refrain of the live music was catchy.","[{'term': 'pilot', 'polarity': 'Negative'}, {'term': 'casserole', 'polarity': 'Positive'}, {'term': 'Crab cake sandwich', 'polarity': 'Neutral'}, {'term': 'refrain', 'polarity': 'Positive'}]","[{'category': 'general', 'polarity': 'neutral'}]",1083
"['sake', 'concourse', 'Eggplant Parmesan (with mozzarella)', 'kishke']","['Positive', 'Neutral', 'Negative', 'Negative']","**You are a critic who can generate comments on the specified aspect and sentiment
We would like you to complete a sentence generation task. Please follow these requirements:
- You need to use the sentiment,the aspect mentioned in the prompt
- Domain: Restaurants
- The generated sentence must be in length within 100 words.
- the sentence should not have aspect words that are not specified in the prompt
- DO NOT REPEAT the input text in the output
- PRINT ONLY THE ANSWER TEXT NO EXPLAINING NOTHING ELSE, MAKE SURE TO USE ASPECT WORDS IN THE OUTPUT
- examples:
### input ###
aspect: glass of wine
polarity: Neutral
### Output ###
We ordered a glass of wine and were finished eating and paying before the wine came.
### input ###
aspect: soup and sandwich meal, hot and sour soup
polarity: positive, Positive
### Output ###
For a savory take on the soup and sandwich meal, try the hot and sour soup.
### input ###
aspect: guac, flavor, fresh salsa
polarity:Positive, Negative, Neutral
### Output ###
The guac is fresh, yet lacking flavor, we like to add our fresh salsa into it.
### input ###
aspect: BANANA PUDDING, CRABCAKES, MAC AND CHEESE
polarity:Negative, Negative,Negative
### Output ###
THE BANANA PUDDING THEY SERVE HAS NEVER SEEN AN OVEN,THE CRABCAKES ARE WAY OVER SALTED AND DON'T GET ME STARTED ON THE VERY GREASY MAC AND CHEESE.
**Now complete this task like example with ONE SENTENCE:
### Input ###
aspect: sake,concourse,Eggplant Parmesan (with mozzarella),kishke
polarity: Positive,Neutral,Negative,Negative
###Output### ","The concourse offers a vast selection of sake, however, the Eggplant Parmesan (with mozzarella) is a letdown, and the kishke is overpriced.","[{'term': 'sake', 'polarity': 'Positive'}, {'term': 'concourse', 'polarity': 'Neutral'}, {'term': 'Eggplant Parmesan (with mozzarella)', 'polarity': 'Negative'}, {'term': 'kishke', 'polarity': 'Negative'}]","[{'category': 'general', 'polarity': 'neutral'}]",1085
"['study', 'chaser', 'provender', 'tabbouleh']","['Negative', 'Negative', 'Positive', 'Positive']","**You are a critic who can generate comments on the specified aspect and sentiment
We would like you to complete a sentence generation task. Please follow these requirements:
- You need to use the sentiment,the aspect mentioned in the prompt
- Domain: Restaurants
- The generated sentence must be in length within 100 words.
- the sentence should not have aspect words that are not specified in the prompt
- DO NOT REPEAT the input text in the output
- PRINT ONLY THE ANSWER TEXT NO EXPLAINING NOTHING ELSE, MAKE SURE TO USE ASPECT WORDS IN THE OUTPUT
- examples:
### input ###
aspect: glass of wine
polarity: Neutral
### Output ###
We ordered a glass of wine and were finished eating and paying before the wine came.
### input ###
aspect: soup and sandwich meal, hot and sour soup
polarity: positive, Positive
### Output ###
For a savory take on the soup and sandwich meal, try the hot and sour soup.
### input ###
aspect: guac, flavor, fresh salsa
polarity:Positive, Negative, Neutral
### Output ###
The guac is fresh, yet lacking flavor, we like to add our fresh salsa into it.
### input ###
aspect: BANANA PUDDING, CRABCAKES, MAC AND CHEESE
polarity:Negative, Negative,Negative
### Output ###
THE BANANA PUDDING THEY SERVE HAS NEVER SEEN AN OVEN,THE CRABCAKES ARE WAY OVER SALTED AND DON'T GET ME STARTED ON THE VERY GREASY MAC AND CHEESE.
**Now complete this task like example with ONE SENTENCE:
### Input ###
aspect: study,chaser,provender,tabbouleh
polarity: Negative,Negative,Positive,Positive
###Output### ","The study area is cramped, the drinks chaser didn't help with the meal, but the provender was satisfactory and the tabbouleh was a highlight.","[{'term': 'study', 'polarity': 'Negative'}, {'term': 'chaser', 'polarity': 'Negative'}, {'term': 'provender', 'polarity': 'Positive'}, {'term': 'tabbouleh', 'polarity': 'Positive'}]","[{'category': 'general', 'polarity': 'neutral'}]",1088
"['tipple', 'stick', 'Fish tacos', 'Spaghetti bolognese']","['Negative', 'Positive', 'Negative', 'Neutral']","**You are a critic who can generate comments on the specified aspect and sentiment
We would like you to complete a sentence generation task. Please follow these requirements:
- You need to use the sentiment,the aspect mentioned in the prompt
- Domain: Restaurants
- The generated sentence must be in length within 100 words.
- the sentence should not have aspect words that are not specified in the prompt
- DO NOT REPEAT the input text in the output
- PRINT ONLY THE ANSWER TEXT NO EXPLAINING NOTHING ELSE, MAKE SURE TO USE ASPECT WORDS IN THE OUTPUT
- examples:
### input ###
aspect: glass of wine
polarity: Neutral
### Output ###
We ordered a glass of wine and were finished eating and paying before the wine came.
### input ###
aspect: soup and sandwich meal, hot and sour soup
polarity: positive, Positive
### Output ###
For a savory take on the soup and sandwich meal, try the hot and sour soup.
### input ###
aspect: guac, flavor, fresh salsa
polarity:Positive, Negative, Neutral
### Output ###
The guac is fresh, yet lacking flavor, we like to add our fresh salsa into it.
### input ###
aspect: BANANA PUDDING, CRABCAKES, MAC AND CHEESE
polarity:Negative, Negative,Negative
### Output ###
THE BANANA PUDDING THEY SERVE HAS NEVER SEEN AN OVEN,THE CRABCAKES ARE WAY OVER SALTED AND DON'T GET ME STARTED ON THE VERY GREASY MAC AND CHEESE.
**Now complete this task like example with ONE SENTENCE:
### Input ###
aspect: tipple,stick,Fish tacos,Spaghetti bolognese
polarity: Negative,Positive,Negative,Neutral
###Output### ","The tipple was overpriced, the stick was a nice touch with the Fish tacos, unfortunately, the Fish tacos were a letdown, and the Spaghetti bolognese was just okay.","[{'term': 'tipple', 'polarity': 'Negative'}, {'term': 'stick', 'polarity': 'Positive'}, {'term': 'Fish tacos', 'polarity': 'Negative'}, {'term': 'Spaghetti bolognese', 'polarity': 'Neutral'}]","[{'category': 'general', 'polarity': 'neutral'}]",1089
"['bechamel', 'Buffalo wings', 'four', 'feeling']","['Negative', 'Positive', 'Negative', 'Positive']","**You are a critic who can generate comments on the specified aspect and sentiment
We would like you to complete a sentence generation task. Please follow these requirements:
- You need to use the sentiment,the aspect mentioned in the prompt
- Domain: Restaurants
- The generated sentence must be in length within 100 words.
- the sentence should not have aspect words that are not specified in the prompt
- DO NOT REPEAT the input text in the output
- PRINT ONLY THE ANSWER TEXT NO EXPLAINING NOTHING ELSE, MAKE SURE TO USE ASPECT WORDS IN THE OUTPUT
- examples:
### input ###
aspect: glass of wine
polarity: Neutral
### Output ###
We ordered a glass of wine and were finished eating and paying before the wine came.
### input ###
aspect: soup and sandwich meal, hot and sour soup
polarity: positive, Positive
### Output ###
For a savory take on the soup and sandwich meal, try the hot and sour soup.
### input ###
aspect: guac, flavor, fresh salsa
polarity:Positive, Negative, Neutral
### Output ###
The guac is fresh, yet lacking flavor, we like to add our fresh salsa into it.
### input ###
aspect: BANANA PUDDING, CRABCAKES, MAC AND CHEESE
polarity:Negative, Negative,Negative
### Output ###
THE BANANA PUDDING THEY SERVE HAS NEVER SEEN AN OVEN,THE CRABCAKES ARE WAY OVER SALTED AND DON'T GET ME STARTED ON THE VERY GREASY MAC AND CHEESE.
**Now complete this task like example with ONE SENTENCE:
### Input ###
aspect: bechamel,Buffalo wings,four,feeling
polarity: Negative,Positive,Negative,Positive
###Output### ","The bechamel sauce was a letdown, but the Buffalo wings were a highlight of the meal, unfortunately, the four of us left feeling quite underwhelmed.","[{'term': 'bechamel', 'polarity': 'Negative'}, {'term': 'Buffalo wings', 'polarity': 'Positive'}, {'term': 'four', 'polarity': 'Negative'}, {'term': 'feeling', 'polarity': 'Positive'}]","[{'category': 'general', 'polarity': 'neutral'}]",1095
"['residual', 'polyphony', 'Roast beef', 'Rice and beans']","['Negative', 'Neutral', 'Positive', 'Negative']","**You are a critic who can generate comments on the specified aspect and sentiment
We would like you to complete a sentence generation task. Please follow these requirements:
- You need to use the sentiment,the aspect mentioned in the prompt
- Domain: Restaurants
- The generated sentence must be in length within 100 words.
- the sentence should not have aspect words that are not specified in the prompt
- DO NOT REPEAT the input text in the output
- PRINT ONLY THE ANSWER TEXT NO EXPLAINING NOTHING ELSE, MAKE SURE TO USE ASPECT WORDS IN THE OUTPUT
- examples:
### input ###
aspect: glass of wine
polarity: Neutral
### Output ###
We ordered a glass of wine and were finished eating and paying before the wine came.
### input ###
aspect: soup and sandwich meal, hot and sour soup
polarity: positive, Positive
### Output ###
For a savory take on the soup and sandwich meal, try the hot and sour soup.
### input ###
aspect: guac, flavor, fresh salsa
polarity:Positive, Negative, Neutral
### Output ###
The guac is fresh, yet lacking flavor, we like to add our fresh salsa into it.
### input ###
aspect: BANANA PUDDING, CRABCAKES, MAC AND CHEESE
polarity:Negative, Negative,Negative
### Output ###
THE BANANA PUDDING THEY SERVE HAS NEVER SEEN AN OVEN,THE CRABCAKES ARE WAY OVER SALTED AND DON'T GET ME STARTED ON THE VERY GREASY MAC AND CHEESE.
**Now complete this task like example with ONE SENTENCE:
### Input ###
aspect: residual,polyphony,Roast beef,Rice and beans
polarity: Negative,Neutral,Positive,Negative
###Output### ","The residual flavors in the dish clashed with the beautiful polyphony of the Roast beef, but the Rice and beans were a highlight, unfortunately, the dish was overcooked.","[{'term': 'residual', 'polarity': 'Negative'}, {'term': 'polyphony', 'polarity': 'Neutral'}, {'term': 'Roast beef', 'polarity': 'Positive'}, {'term': 'Rice and beans', 'polarity': 'Negative'}]","[{'category': 'general', 'polarity': 'neutral'}]",1097
"['ambrosia', 'connective', 'ringside', 'Chicken wings with hot sauce']","['Positive', 'Positive', 'Negative', 'Neutral']","**You are a critic who can generate comments on the specified aspect and sentiment
We would like you to complete a sentence generation task. Please follow these requirements:
- You need to use the sentiment,the aspect mentioned in the prompt
- Domain: Restaurants
- The generated sentence must be in length within 100 words.
- the sentence should not have aspect words that are not specified in the prompt
- DO NOT REPEAT the input text in the output
- PRINT ONLY THE ANSWER TEXT NO EXPLAINING NOTHING ELSE, MAKE SURE TO USE ASPECT WORDS IN THE OUTPUT
- examples:
### input ###
aspect: glass of wine
polarity: Neutral
### Output ###
We ordered a glass of wine and were finished eating and paying before the wine came.
### input ###
aspect: soup and sandwich meal, hot and sour soup
polarity: positive, Positive
### Output ###
For a savory take on the soup and sandwich meal, try the hot and sour soup.
### input ###
aspect: guac, flavor, fresh salsa
polarity:Positive, Negative, Neutral
### Output ###
The guac is fresh, yet lacking flavor, we like to add our fresh salsa into it.
### input ###
aspect: BANANA PUDDING, CRABCAKES, MAC AND CHEESE
polarity:Negative, Negative,Negative
### Output ###
THE BANANA PUDDING THEY SERVE HAS NEVER SEEN AN OVEN,THE CRABCAKES ARE WAY OVER SALTED AND DON'T GET ME STARTED ON THE VERY GREASY MAC AND CHEESE.
**Now complete this task like example with ONE SENTENCE:
### Input ###
aspect: ambrosia,connective,ringside,Chicken wings with hot sauce
polarity: Positive,Positive,Negative,Neutral
###Output### ","The ambrosia was a nice touch, but the connective seating was a bit awkward, we enjoyed the ringside view, and the Chicken wings with hot sauce were just okay.","[{'term': 'ambrosia', 'polarity': 'Positive'}, {'term': 'connective', 'polarity': 'Positive'}, {'term': 'ringside', 'polarity': 'Negative'}, {'term': 'Chicken wings with hot sauce', 'polarity': 'Neutral'}]","[{'category': 'general', 'polarity': 'neutral'}]",1098
