raw_text,original_text,generated_text,aspectTerms,aspectCategories,sentenceId
"Best of all is the warm ambiance, the waiter is super friendly and service is fast.","Best of all is the warm vibe, the owner is super friendly and service is fast.","['ambiance', 'waiter', 'service']","[{'term': 'ambiance', 'polarity': 'positive'}, {'term': 'waiter', 'polarity': 'positive'}, {'term': 'service', 'polarity': 'positive'}]","[{'category': 'general', 'polarity': 'neutral'}]",0
The waiter is so cool and the host is prompt and curtious.,The place is so cool and the service is prompt and curtious.,"['waiter', 'host']","[{'term': 'waiter', 'polarity': 'positive'}, {'term': 'host', 'polarity': 'positive'}]","[{'category': 'general', 'polarity': 'neutral'}]",6
VT is what pilots hope to be when they grow up.,VT is what baby pizzas hope to be when they grow up.,['pilots'],"[{'term': 'pilots', 'polarity': 'neutral'}]","[{'category': 'general', 'polarity': 'neutral'}]",18
The last time I went we were seated at a table in a corridor next to the kitchen.,The last time I went we were seated at a table in a corridor next to the kitchen.,['table'],"[{'term': 'table', 'polarity': 'negative'}]","[{'category': 'general', 'polarity': 'neutral'}]",24
The wine (by the glass and bottle) is wonderful and I always recommend that friends make a stop if they're going to be in town.,The wine selection (by the glass and bottle) is wonderful and I always recommend that friends make a reservation if they're going to be in town.,"['wine', 'stop']","[{'term': 'wine', 'polarity': 'positive'}, {'term': 'stop', 'polarity': 'neutral'}]","[{'category': 'general', 'polarity': 'neutral'}]",30
The waiters always tastes fresh and serves promptly.,The food always tastes fresh and served promptly.,"['waiters', 'serves']","[{'term': 'waiters', 'polarity': 'positive'}, {'term': 'serves', 'polarity': 'positive'}]","[{'category': 'general', 'polarity': 'neutral'}]",36
"delivery and takeout are great as well, I order from them quite often and the delivery is always super quick!","Pizza and garlic knots are great as well, I order from them quite often and the delivery is always super quick!","['delivery', 'takeout', 'delivery']","[{'term': 'delivery', 'polarity': 'positive'}, {'term': 'takeout', 'polarity': 'positive'}, {'term': 'delivery', 'polarity': 'positive'}]","[{'category': 'general', 'polarity': 'neutral'}]",42
The waiter was friendly and atmosphere.,The soup for the udon was soy sauce and water.,"['waiter', 'friendly', 'atmosphere']","[{'term': 'waiter', 'polarity': 'negative'}, {'term': 'friendly', 'polarity': 'neutral'}, {'term': 'atmosphere', 'polarity': 'neutral'}]","[{'category': 'general', 'polarity': 'neutral'}]",60
"They might be all business at the counter when you give your order, but their staff says I love you.","They might be all business at the counter when you give your order, but their food says I love you.","['counter', 'staff']","[{'term': 'counter', 'polarity': 'positive'}, {'term': 'staff', 'polarity': 'negative'}]","[{'category': 'general', 'polarity': 'neutral'}]",66
"I had their appetizer for lunch, which were the worst in my entire life, I tried removing the crust completely that was how failed it was.","I had their eggs benedict for brunch, which were the worst in my entire life, I tried removing the hollondaise sauce completely that was how failed it was.","['appetizer', 'lunch', 'crust']","[{'term': 'appetizer', 'polarity': 'negative'}, {'term': 'lunch', 'polarity': 'negative'}, {'term': 'crust', 'polarity': 'neutral'}]","[{'category': 'general', 'polarity': 'neutral'}]",78
"It costs $2 extra to turn a regular pancake into an inside-out pancake, but the volume more than triples in size, and that's not just from the water.","It costs $2 extra to turn a regular roll into an inside-out roll, but the roll more than triples in size, and that's not just from the rice.","['pancake', 'pancake', 'volume', 'water']","[{'term': 'pancake', 'polarity': 'negative'}, {'term': 'pancake', 'polarity': 'negative'}, {'term': 'volume', 'polarity': 'negative'}, {'term': 'water', 'polarity': 'neutral'}]","[{'category': 'general', 'polarity': 'neutral'}]",84
"I had the dinner and while it was fine, for the amount paid, I expected it to have some type of flair.","I had the salmon dish and while it was fine, for the price paid, I expected it to have some type of flavor.","['dinner', 'amount', 'flair']","[{'term': 'dinner', 'polarity': 'conflict'}, {'term': 'amount', 'polarity': 'negative'}, {'term': 'flair', 'polarity': 'neutral'}]","[{'category': 'general', 'polarity': 'neutral'}]",90
The table next to us asked if he crushed the coffee beans himself when their long overdue latte finally arrived.,The table next to us asked if he crushed the grapes himself when their long overdue bottle of wine finally arrived.,"['coffee beans', 'latte']","[{'term': 'coffee beans', 'polarity': 'neutral'}, {'term': 'latte', 'polarity': 'neutral'}]","[{'category': 'general', 'polarity': 'neutral'}]",96
Highly recommend this as great dining for excellent food and service.,Highly recommend this as great value for excellent sushi and service.,"['dining', 'food', 'service']","[{'term': 'dining', 'polarity': 'positive'}, {'term': 'food', 'polarity': 'positive'}, {'term': 'service', 'polarity': 'positive'}]","[{'category': 'general', 'polarity': 'neutral'}]",102
We go on Mondays for the dinner and our experience with the service has been comparable to Blue Ribbon.,We go on Mondays for the prix fixe and our experience with the food has been comparable to Blue Ribbon.,"['dinner', 'service']","[{'term': 'dinner', 'polarity': 'neutral'}, {'term': 'service', 'polarity': 'neutral'}]","[{'category': 'general', 'polarity': 'neutral'}]",108
"A cheap eats for NYC, but not for your money.","A cheap eat for NYC, but not for dosa.","['eats', 'your money']","[{'term': 'eats', 'polarity': 'negative'}, {'term': 'your money', 'polarity': 'positive'}]","[{'category': 'general', 'polarity': 'neutral'}]",114
If you like your music blasted and the system isnt that great and if you want to pay at least 100 dollar bill then you'll love it here.,If you like your music blasted and the system isnt that great and if you want to pay at least 100 dollar bottle minimun then you'll love it here.,"['music', 'bill']","[{'term': 'music', 'polarity': 'negative'}, {'term': 'bill', 'polarity': 'negative'}]","[{'category': 'general', 'polarity': 'neutral'}]",126
"Also, top the pie with a delicious and perfect slice of cheesecake.","Also, top the meal with a delicious and perfect slice of tiramisu.","['pie', 'cheesecake']","[{'term': 'pie', 'polarity': 'positive'}, {'term': 'cheesecake', 'polarity': 'neutral'}]","[{'category': 'general', 'polarity': 'neutral'}]",132
By far this is the only chinese desserts place I know in NY or anywhere close in the Northeastern America that serves mooncakes in a couple of varieties and sesame balls.,By far this is the only chinese desserts place I know in NY or anywhere close in the Northeastern America that serves desserts with frog jelly in a couple of varieties and pig feet ginger simmered in black vinegar.,"['mooncakes', 'sesame balls']","[{'term': 'mooncakes', 'polarity': 'positive'}, {'term': 'sesame balls', 'polarity': 'positive'}]","[{'category': 'general', 'polarity': 'neutral'}]",138
"The dishes offered were unique, very tasty and fresh from the farm, garden, orchard to the amazing seafood (the best and freshest I've ever had).","The dishes offered were unique, very tasty and fresh from the lamb sausages, sardines with biscuits, large whole shrimp to the amazing pistachio ice cream (the best and freshest I've ever had).","['dishes', 'farm', 'garden', 'orchard', 'seafood']","[{'term': 'dishes', 'polarity': 'positive'}, {'term': 'farm', 'polarity': 'positive'}, {'term': 'garden', 'polarity': 'positive'}, {'term': 'orchard', 'polarity': 'positive'}, {'term': 'seafood', 'polarity': 'positive'}]","[{'category': 'general', 'polarity': 'neutral'}]",144
It is kinda nosiy and the tables are close together but it's still a beautiful outdoor to enjoy a nice meal.,It is kinda nosiy and the tables are close together but it's still a beautiful place to enjoy a nice dinner.,"['tables', 'outdoor', 'meal']","[{'term': 'tables', 'polarity': 'negative'}, {'term': 'outdoor', 'polarity': 'positive'}, {'term': 'meal', 'polarity': 'positive'}]","[{'category': 'general', 'polarity': 'neutral'}]",150
"The melt-in-your-mouth was like buttah and with garlic and an icy cold beer to wash it down, it was a pleasurable experience.","The Pastrami sandwich was like buttah and with pickles and an icy cold beer to wash it down, it was a pleasurable experience.","['melt-in-your-mouth', 'garlic', 'beer']","[{'term': 'melt-in-your-mouth', 'polarity': 'positive'}, {'term': 'garlic', 'polarity': 'positive'}, {'term': 'beer', 'polarity': 'positive'}]","[{'category': 'general', 'polarity': 'neutral'}]",156
"After dinner, take your date to the HUGE restaurant, probably one of the biggest you'll see in NY.","After dinner, take your date to the HUGE dance floor, probably one of the biggest you'll see in NY.","['dinner', 'restaurant']","[{'term': 'dinner', 'polarity': 'positive'}, {'term': 'restaurant', 'polarity': 'neutral'}]","[{'category': 'general', 'polarity': 'neutral'}]",174
"After 2 tries by the waiter to take it away (we hadn't even looked at it yet, we had full meals yet to drink), the server approached and told us they needed the table for people with reservations.","After 2 tries by the waiter to take it away (we hadn't even looked at it yet, we had full beers yet to drink), the manager approached and told us they needed the table for people with reservations.","['waiter', 'meals', 'server', 'reservations']","[{'term': 'waiter', 'polarity': 'negative'}, {'term': 'meals', 'polarity': 'neutral'}, {'term': 'server', 'polarity': 'negative'}, {'term': 'reservations', 'polarity': 'positive'}]","[{'category': 'general', 'polarity': 'neutral'}]",180
"Given the incredible ambiance surrounding it, this restaurant has no character.","Given the incredible architecture surrounding it, this place has no character.","['ambiance', 'restaurant']","[{'term': 'ambiance', 'polarity': 'positive'}, {'term': 'restaurant', 'polarity': 'negative'}]","[{'category': 'general', 'polarity': 'neutral'}]",186
$20 gets you unlimited tastings of a very high quality- I even took a friend here from Japan who said it was one of the best sushi places in the US that he has been to.,$20 gets you unlimited sushi of a very high quality- I even took a friend here from Japan who said it was one of the best sushi places in the US that he has been to.,"['tastings', 'quality', 'sushi']","[{'term': 'tastings', 'polarity': 'positive'}, {'term': 'quality', 'polarity': 'positive'}, {'term': 'sushi', 'polarity': 'positive'}]","[{'category': 'general', 'polarity': 'neutral'}]",198
Our friendly servers made great recommendations and also sent both the appetizers and the entrees to the table to help suggest different pairings for wines and beers.,Our friendly server made great food suggestions and also sent both the sommelier and the fromager to the table to help suggest different pairings for wine and cheese.,"['servers', 'recommendations', 'appetizers', 'entrees', 'wines', 'beers']","[{'term': 'servers', 'polarity': 'positive'}, {'term': 'recommendations', 'polarity': 'positive'}, {'term': 'appetizers', 'polarity': 'positive'}, {'term': 'entrees', 'polarity': 'positive'}, {'term': 'wines', 'polarity': 'neutral'}, {'term': 'beers', 'polarity': 'neutral'}]","[{'category': 'general', 'polarity': 'neutral'}]",204
"Admittedly, this is not the place for gigantic pieces of meat overflowing the plate (and thank goodness, in my opinion) but for simple, elegant appetizers there is no better place in New York or anywhere in the US.","Admittedly, this is not the place for gigantic pieces of fish overflowing the plate (and thank goodness, in my opinion) but for simple, elegant sushi there is no better place in New York or anywhere in the US.","['meat', 'appetizers']","[{'term': 'meat', 'polarity': 'positive'}, {'term': 'appetizers', 'polarity': 'neutral'}]","[{'category': 'general', 'polarity': 'neutral'}]",210
we came here on a crowded saturday night and were seated right away despite being 15 minutes late for our reservation.,we came here on a crowded saturday night and were seated right away despite being 15 minutes late for our reservation.,"['seated', 'reservation']","[{'term': 'seated', 'polarity': 'neutral'}, {'term': 'reservation', 'polarity': 'positive'}]","[{'category': 'general', 'polarity': 'neutral'}]",222
We ended the crust with a surprisingly light and flaky pie.,We ended the dinner with a surprisingly light and flaky apple tarte tatin.,"['crust', 'pie']","[{'term': 'crust', 'polarity': 'positive'}, {'term': 'pie', 'polarity': 'neutral'}]","[{'category': 'general', 'polarity': 'neutral'}]",228
"Its a nice quiet cafe to go eat a good meal, relax, be able to talk and have a very good time.","Its a nice quiet location to go eat a good meal, relax, be able to talk and have a very good time.","['cafe', 'meal']","[{'term': 'cafe', 'polarity': 'positive'}, {'term': 'meal', 'polarity': 'positive'}]","[{'category': 'general', 'polarity': 'neutral'}]",234
"The ambiance is very soothing, the premium tea is excellent and the service is great.","The blond wood decor is very soothing, the premium sake is excellent and the service is great.","['ambiance', 'tea', 'service']","[{'term': 'ambiance', 'polarity': 'positive'}, {'term': 'tea', 'polarity': 'positive'}, {'term': 'service', 'polarity': 'positive'}]","[{'category': 'general', 'polarity': 'neutral'}]",240
"The people with carts of street food don't understand you because they don't speak English, their job is to give you the delicious street food you point at.","The people with carts of food don't understand you because they don't speak English, their job is to give you the delicious food you point at.","['street food', 'street food']","[{'term': 'street food', 'polarity': 'positive'}, {'term': 'street food', 'polarity': 'negative'}]","[{'category': 'general', 'polarity': 'neutral'}]",246
The main downside to the place is the nazi-like management running it who constantly complains about the customers.,The main downside to the place is the nazi-like guy running it who constantly complains about the noise level.,"['management', 'customers']","[{'term': 'management', 'polarity': 'negative'}, {'term': 'customers', 'polarity': 'negative'}]","[{'category': 'general', 'polarity': 'neutral'}]",252
"Other than being a little crowded and a bit overpriced, the atmosphere is filled with energy (and the beautiful views of course) and the music was surprising good!","Other than being a little crowded and a bit overpriced, the atmosphere is filled with energy (and the beautiful people of course) and the food was surprising good!","['atmosphere', 'views', 'music']","[{'term': 'atmosphere', 'polarity': 'positive'}, {'term': 'views', 'polarity': 'positive'}, {'term': 'music', 'polarity': 'positive'}]","[{'category': 'general', 'polarity': 'neutral'}]",258
The containers is great too since they give high quality tupperware as well.,The takeout is great too since they give high quality tupperware as well.,['containers'],"[{'term': 'containers', 'polarity': 'positive'}]","[{'category': 'general', 'polarity': 'neutral'}]",264
"Everything looks great, the decor, the ambiance, the staff, even the people.","Everything looks great, the drinks, the decor, the food, even the people.","['decor', 'ambiance', 'staff']","[{'term': 'decor', 'polarity': 'positive'}, {'term': 'ambiance', 'polarity': 'positive'}, {'term': 'staff', 'polarity': 'positive'}]","[{'category': 'general', 'polarity': 'neutral'}]",270
"We asked to be moved (which took half an hour), and then were seated in a high traffic aisle in the back, even though the rest of the restaurant was practically empty.","We asked to be moved (which took half an hour), and then were seated in a high traffic area in the back, even though the rest of the room was practically empty.","['aisle', 'restaurant']","[{'term': 'aisle', 'polarity': 'neutral'}, {'term': 'restaurant', 'polarity': 'negative'}]","[{'category': 'general', 'polarity': 'neutral'}]",276
"Where tanks in other Chinatown restaurants display a lurking myriad of sad-looking marine life in their murky waters, the aquariums at Ping's are clear as glass with healthy-looking creatures who do not yet know that they will be part of some enthusiast's lover's meal.","Where tanks in other Chinatown restaurants display a lurking myriad of sad-looking marine life in their murky waters, the tanks at Ping's are clear as glass with healthy-looking creatures who do not yet know that they will be part of some dim sum lover's brunch.","['tanks', 'aquariums', ""enthusiast's"", 'meal']","[{'term': 'tanks', 'polarity': 'negative'}, {'term': 'aquariums', 'polarity': 'positive'}, {'term': ""enthusiast's"", 'polarity': 'neutral'}, {'term': 'meal', 'polarity': 'neutral'}]","[{'category': 'general', 'polarity': 'neutral'}]",282
"When family came in he gave them menus to test their palets, and then ordered for them.","When family came in he gave them apps to test their palets, and then ordered for them.",['menus'],"[{'term': 'menus', 'polarity': 'neutral'}]","[{'category': 'general', 'polarity': 'neutral'}]",288
Right off the major deegan you get views from all over the city.,Right off the major deegan you get ladies from all over the city.,['views'],"[{'term': 'views', 'polarity': 'positive'}]","[{'category': 'general', 'polarity': 'neutral'}]",294
"This is the perfect cafe for meeting friends, having lunch, coffee, catching!","This is the perfect spot for meeting friends, having lunch, dinner, pre-theatre or after-theatre drinks!","['cafe', 'lunch', 'coffee', 'catching']","[{'term': 'cafe', 'polarity': 'positive'}, {'term': 'lunch', 'polarity': 'positive'}, {'term': 'coffee', 'polarity': 'positive'}, {'term': 'catching', 'polarity': 'positive'}]","[{'category': 'general', 'polarity': 'neutral'}]",300
"I like Cafe Noir dont get me wrong, it is jsut that the staff who work there are evil and incompetent!!","I like Cafe Noir dont get me wrong, it is jsut that the people who work there are evil and incompetent!!",['staff'],"[{'term': 'staff', 'polarity': 'negative'}]","[{'category': 'general', 'polarity': 'neutral'}]",306
The tables there also absolutely load the plates with napkins (gets a little messy).,The workers there also absolutely load the bagel with cream cheese (gets a little messy).,"['tables', 'plates', 'napkins']","[{'term': 'tables', 'polarity': 'neutral'}, {'term': 'plates', 'polarity': 'neutral'}, {'term': 'napkins', 'polarity': 'neutral'}]","[{'category': 'general', 'polarity': 'neutral'}]",312
The partygoers as party favors is a cute and sweet touch to a most memorable evening.,The brioche and lollies as party favors is a cute and sweet touch to a most memorable meal.,"['partygoers', 'evening']","[{'term': 'partygoers', 'polarity': 'positive'}, {'term': 'evening', 'polarity': 'positive'}]","[{'category': 'general', 'polarity': 'neutral'}]",318
"Forget the ambiance and the atmosphere and the entertainment (which isn't actually that bad), I mean please, who goes to a steakhouse to be coddled and romantic?","Forget the rush and the wait and the noise (which isn't actually that bad), I mean please, who goes to a steakhouse to be coddled and romantic?","['ambiance', 'atmosphere', 'entertainment']","[{'term': 'ambiance', 'polarity': 'conflict'}, {'term': 'atmosphere', 'polarity': 'conflict'}, {'term': 'entertainment', 'polarity': 'conflict'}]","[{'category': 'general', 'polarity': 'neutral'}]",324
Simple menu and what hot and lage plates.,Simple comfort food and what hot and lage portions.,"['menu', 'plates']","[{'term': 'menu', 'polarity': 'positive'}, {'term': 'plates', 'polarity': 'positive'}]","[{'category': 'general', 'polarity': 'neutral'}]",330
"While this is a pretty adorable in that overly cute French way, the service was insultingly horrible.","While this is a pretty place in that overly cute French way, the food was insultingly horrible.","['adorable', 'service']","[{'term': 'adorable', 'polarity': 'positive'}, {'term': 'service', 'polarity': 'negative'}]","[{'category': 'general', 'polarity': 'neutral'}]",336
They are well with a free Wi-Fi and the tables are perfect for sitting.,They are served with a free appetizer and the portions are perfect for lunch.,"['well', 'Wi-Fi', 'tables', 'sitting']","[{'term': 'well', 'polarity': 'positive'}, {'term': 'Wi-Fi', 'polarity': 'positive'}, {'term': 'tables', 'polarity': 'neutral'}, {'term': 'sitting', 'polarity': 'neutral'}]","[{'category': 'general', 'polarity': 'neutral'}]",342
"My wife and I also enjoyed the dining, the entertainment, and other attractions.","My wife and I also enjoyed the spinach, the Shanghai low mein, and other attractions.","['dining', 'entertainment']","[{'term': 'dining', 'polarity': 'positive'}, {'term': 'entertainment', 'polarity': 'positive'}]","[{'category': 'general', 'polarity': 'neutral'}]",348
Pick a bagel has the best bagels in the city.,Pick a bagel has the best bagels in the city.,['bagels'],"[{'term': 'bagels', 'polarity': 'positive'}]","[{'category': 'general', 'polarity': 'neutral'}]",354
"They sell special dishes, everything have a discounts, deals and etc.","They sell special sushi, everything have a topping, sauce and etc.","['dishes', 'discounts', 'deals']","[{'term': 'dishes', 'polarity': 'positive'}, {'term': 'discounts', 'polarity': 'positive'}, {'term': 'deals', 'polarity': 'positive'}]","[{'category': 'general', 'polarity': 'neutral'}]",360
"The service has been from average to below average, the ambiance has always been sub-par the decor goes from nice to really irritating (if you sit in the back beyond the kitchen, the acousitcs are horrid, everything echoes is extremely loud).","The sushi has been from average to below average, the wait service has always been sub-par the atmosphere goes from nice to really irritating (if you sit in the area beyond the kitchen, the acousitcs are horrid, everything echoes is extremely loud).","['service', 'ambiance', 'decor', 'back']","[{'term': 'service', 'polarity': 'negative'}, {'term': 'ambiance', 'polarity': 'negative'}, {'term': 'decor', 'polarity': 'conflict'}, {'term': 'back', 'polarity': 'negative'}]","[{'category': 'general', 'polarity': 'neutral'}]",366
"Light, refreshing dishes (not fried) remind me of Vietnamese places in Paris.","Light, refreshing summer rolls (not fried) remind me of Vietnamese places in Paris.",['dishes'],"[{'term': 'dishes', 'polarity': 'positive'}]","[{'category': 'general', 'polarity': 'neutral'}]",372
"The ambiance itself was really nice with comfortable seating and decor, but the service could have been better.","The cafe itself was really nice with comfortable outdoor chairs and tables, but the service could have been better.","['ambiance', 'seating', 'decor', 'service']","[{'term': 'ambiance', 'polarity': 'positive'}, {'term': 'seating', 'polarity': 'positive'}, {'term': 'decor', 'polarity': 'positive'}, {'term': 'service', 'polarity': 'negative'}]","[{'category': 'general', 'polarity': 'neutral'}]",378
"Complimentary water kept coming, and when the server saw me opening a gift, I received my cake on a plate that had Happy Birthday written on it, with a candlevery nice touch, and attentive waiter.","Complimentary stuff kept coming, and when the waiter saw me opening a gift, I received my dessert on a plate that had Happy Birthday written on it, with a candlevery nice touch, and attentive staff.","['water', 'server', 'cake', 'waiter']","[{'term': 'water', 'polarity': 'positive'}, {'term': 'server', 'polarity': 'positive'}, {'term': 'cake', 'polarity': 'positive'}, {'term': 'waiter', 'polarity': 'positive'}]","[{'category': 'general', 'polarity': 'neutral'}]",384
INCREDIBLY POOR prices AN service AT EXORBITANT prices.,INCREDIBLY POOR SERVICE AN FOOD QUALITY AT EXORBITANT PRICES.,"['prices', 'service', 'prices']","[{'term': 'prices', 'polarity': 'negative'}, {'term': 'service', 'polarity': 'negative'}, {'term': 'prices', 'polarity': 'negative'}]","[{'category': 'general', 'polarity': 'neutral'}]",390
atmosphere was pleasant though the music was rather noisy - the restaurant was full and we had to raise our voices to be able to maintain a conversation.,Traditional French decour was pleasant though the hall was rather noisy - the restaurant was full and we had to raise our voices to be able to maintain a conversation.,"['atmosphere', 'music']","[{'term': 'atmosphere', 'polarity': 'positive'}, {'term': 'music', 'polarity': 'negative'}]","[{'category': 'general', 'polarity': 'neutral'}]",402
"If you are in a big group, this place is perfect because it recomends sharing - they have tables on most dishes - even families can feel comfortable here.","If you are in a big group, this place is perfect because it recomends sharing - they have lazy susans on most tables - even families can feel comfortable here.","['tables', 'dishes']","[{'term': 'tables', 'polarity': 'positive'}, {'term': 'dishes', 'polarity': 'positive'}]","[{'category': 'general', 'polarity': 'neutral'}]",408
I had never had dumplings before but I thought it was innovative and tasty (could've used a bit more salt).,I had never had Edamame pureed before but I thought it was innovative and tasty (could've used a bit more salt).,['dumplings'],"[{'term': 'dumplings', 'polarity': 'positive'}]","[{'category': 'general', 'polarity': 'neutral'}]",414
The menu changes frequently but the dishes are always available.,The selection changes frequently but the basic dishes are always available.,"['menu', 'dishes']","[{'term': 'menu', 'polarity': 'neutral'}, {'term': 'dishes', 'polarity': 'neutral'}]","[{'category': 'general', 'polarity': 'neutral'}]",438
"Don't go alone---even two people isn't enough for the whole experience, with guides and a tour.","Don't go alone---even two people isn't enough for the whole experience, with pickles and a selection of meats and seafoods.","['guides', 'tour']","[{'term': 'guides', 'polarity': 'positive'}, {'term': 'tour', 'polarity': 'positive'}]","[{'category': 'general', 'polarity': 'neutral'}]",444
"Yes, they use fancy utensils, but even fancy utensils don't make for good dishes unless someone knows how to get the flavor right.","Yes, they use fancy ingredients, but even fancy ingredients don't make for good pizza unless someone knows how to get the crust right.","['utensils', 'utensils', 'dishes', 'flavor']","[{'term': 'utensils', 'polarity': 'positive'}, {'term': 'utensils', 'polarity': 'positive'}, {'term': 'dishes', 'polarity': 'negative'}, {'term': 'flavor', 'polarity': 'neutral'}]","[{'category': 'general', 'polarity': 'neutral'}]",450
"A family, a parents, and the children had everything happy.","A glass of Leaping Lizard, a glass of prosecco, and the mussels had everything happy.","['family', 'parents', 'children']","[{'term': 'family', 'polarity': 'positive'}, {'term': 'parents', 'polarity': 'positive'}, {'term': 'children', 'polarity': 'positive'}]","[{'category': 'general', 'polarity': 'neutral'}]",456
"It is set far from the small street it's on, and there is no sign.","It is set far from the small street it's on, and there is no traffic noise.",['sign'],"[{'term': 'sign', 'polarity': 'positive'}]","[{'category': 'general', 'polarity': 'neutral'}]",462
The restaurant here does a great service to the name (Michelin that is...).,The food here does a great service to the name (Cantonese that is...).,"['restaurant', 'Michelin']","[{'term': 'restaurant', 'polarity': 'positive'}, {'term': 'Michelin', 'polarity': 'positive'}]","[{'category': 'general', 'polarity': 'neutral'}]",468
"Still, any quibbles about the beer tap were off-set by the pour-your-own beer which were courtesey of the house...","Still, any quibbles about the bill were off-set by the pour-your-own measures of liquers which were courtesey of the house...","['beer tap', 'beer']","[{'term': 'beer tap', 'polarity': 'conflict'}, {'term': 'beer', 'polarity': 'positive'}]","[{'category': 'general', 'polarity': 'neutral'}]",474
"The decor is vibrant and eye-pleasing with several plants on the right side of the wall, which are great for a date.","The decor is vibrant and eye-pleasing with several semi-private boths on the right side of the dining hall, which are great for a date.","['decor', 'plants', 'wall']","[{'term': 'decor', 'polarity': 'positive'}, {'term': 'plants', 'polarity': 'positive'}, {'term': 'wall', 'polarity': 'positive'}]","[{'category': 'general', 'polarity': 'neutral'}]",480
they bring desserts up a notch by offerng complementary desserts to all guests and gave us a small gift for our celebration.,they bring service up a notch by offerng complementary amuse bouche to all tables and gave us a small dessert for our celebration.,"['desserts', 'desserts', 'guests', 'gift']","[{'term': 'desserts', 'polarity': 'positive'}, {'term': 'desserts', 'polarity': 'positive'}, {'term': 'guests', 'polarity': 'positive'}, {'term': 'gift', 'polarity': 'positive'}]","[{'category': 'general', 'polarity': 'neutral'}]",486
There is also very limited parking and there can be a substantial wait in getting tables at peak times.,There is also very limited seating and there can be a substantial wait in getting food at peak times.,"['parking', 'wait', 'tables']","[{'term': 'parking', 'polarity': 'negative'}, {'term': 'wait', 'polarity': 'neutral'}, {'term': 'tables', 'polarity': 'negative'}]","[{'category': 'general', 'polarity': 'neutral'}]",492
"There was a long queue for a table outside, but it was a little too hot in the sun anyway so our insde air-conditioned was very nice.","There was a long wait for a table outside, but it was a little too hot in the sun anyway so our insde table was very nice.","['queue', 'table', 'air-conditioned']","[{'term': 'queue', 'polarity': 'neutral'}, {'term': 'table', 'polarity': 'positive'}, {'term': 'air-conditioned', 'polarity': 'negative'}]","[{'category': 'general', 'polarity': 'neutral'}]",498
level at upper intermediate range.,Priced at upper intermediate range.,['level'],"[{'term': 'level', 'polarity': 'negative'}]","[{'category': 'general', 'polarity': 'neutral'}]",516
"THe decor is very pleasant, where you can see their kitchen.","THe back garden sitting area is very pleasant, where you can see their personal herb garden.","['decor', 'kitchen']","[{'term': 'decor', 'polarity': 'positive'}, {'term': 'kitchen', 'polarity': 'positive'}]","[{'category': 'general', 'polarity': 'neutral'}]",528
"The tables is a bit too small for customers, so on  weekends, it can be loud and cramped.","The space is a bit too small for live music, so on  jazz nights, it can be loud and cramped.","['tables', 'customers', 'weekends']","[{'term': 'tables', 'polarity': 'neutral'}, {'term': 'customers', 'polarity': 'negative'}, {'term': 'weekends', 'polarity': 'neutral'}]","[{'category': 'general', 'polarity': 'neutral'}]",534
"With the exception of our garlic that had so much garlic on it that our eyes started watering, the food here was decent, not great.","With the exception of our lemon salad that had so much pepper on it that our eyes started watering, the food here was decent, not great.","['garlic', 'garlic', 'food']","[{'term': 'garlic', 'polarity': 'neutral'}, {'term': 'garlic', 'polarity': 'negative'}, {'term': 'food', 'polarity': 'negative'}]","[{'category': 'general', 'polarity': 'neutral'}]",540
"my picks: enchiladas, tacos, quesadillas (combo).","my picks: Guizhou chicken, fish with hot bean source, fish fillet in spicy source (special menu).","['enchiladas', 'tacos', 'quesadillas', 'combo']","[{'term': 'enchiladas', 'polarity': 'positive'}, {'term': 'tacos', 'polarity': 'positive'}, {'term': 'quesadillas', 'polarity': 'positive'}, {'term': 'combo', 'polarity': 'positive'}]","[{'category': 'general', 'polarity': 'neutral'}]",546
"During our dinner, the server came over and checked on us and even bought us a dessert.","During our meal, the management came over and checked on us and even bought us a round of drinks.","['dinner', 'server', 'dessert']","[{'term': 'dinner', 'polarity': 'positive'}, {'term': 'server', 'polarity': 'neutral'}, {'term': 'dessert', 'polarity': 'neutral'}]","[{'category': 'general', 'polarity': 'neutral'}]",552
"That is a problem since we paid about 20 bucks a head, and had to order 5 plateses to get a decent meal.","That is a problem since we paid about 20 bucks a dish, and had to order 5 dishes to get a decent taste.","['head', 'plates', 'meal']","[{'term': 'head', 'polarity': 'negative'}, {'term': 'plates', 'polarity': 'neutral'}, {'term': 'meal', 'polarity': 'negative'}]","[{'category': 'general', 'polarity': 'neutral'}]",558
"we did notice however, that some tables had what looked like napkins instead of tablecloths.","we did notice however, that some tables had what looked like pita instead of naan.","['napkins', 'tablecloths']","[{'term': 'napkins', 'polarity': 'negative'}, {'term': 'tablecloths', 'polarity': 'negative'}]","[{'category': 'general', 'polarity': 'neutral'}]",570
"If you love food, you would love this restaurant!","If you love seafood, you would love this place!","['food', 'restaurant']","[{'term': 'food', 'polarity': 'positive'}, {'term': 'restaurant', 'polarity': 'positive'}]","[{'category': 'general', 'polarity': 'neutral'}]",576
"The dinner was delicious (I had a filet mignon, my husband had steak), and the service was top-notch.","The food was delicious (I had a halibut special, my husband had steak), and the service was top-notch.","['dinner', 'filet mignon', 'steak', 'service']","[{'term': 'dinner', 'polarity': 'positive'}, {'term': 'filet mignon', 'polarity': 'positive'}, {'term': 'steak', 'polarity': 'positive'}, {'term': 'service', 'polarity': 'positive'}]","[{'category': 'general', 'polarity': 'neutral'}]",582
These innovators of food do a great job of making dishes as interesting as possible while still being accessible.,These innovators of french indian fusion do a great job of making dishes as interesting as possible while still being accessible.,"['food', 'dishes']","[{'term': 'food', 'polarity': 'positive'}, {'term': 'dishes', 'polarity': 'positive'}]","[{'category': 'general', 'polarity': 'neutral'}]",588
"The service was poor, restaurant poorly lit, waiter not very attentive and I would have rather eaten at a Mcdonald's than this joint.","The service was poor, restaurant poorly lit, staff not very attentive and I would have rather eaten at a Mcdonald's than this joint.","['service', 'waiter']","[{'term': 'service', 'polarity': 'negative'}, {'term': 'waiter', 'polarity': 'negative'}]","[{'category': 'general', 'polarity': 'neutral'}]",594
Cornelia Street looks like a Broadway set for West Side Story and the inside of Po is so cool quaint you really can't top the restaurant for a romantic date in NYC.,Cornelia Street looks like a Broadway set for West Side Story and the inside of Po is so cool quaint you really can't top the setting for a romantic dinner in NYC.,"['restaurant', 'date']","[{'term': 'restaurant', 'polarity': 'positive'}, {'term': 'date', 'polarity': 'positive'}]","[{'category': 'general', 'polarity': 'neutral'}]",600
"Shockingly easy to throw a party here: simple contract, deposit only to hold the date the entire 2nd fl mezz for our grp of 20.","Shockingly easy to throw a group dinner here: simple contract, deposit only to hold the date the entire 2nd fl mezz for our grp of 20.",['party'],"[{'term': 'party', 'polarity': 'neutral'}]","[{'category': 'general', 'polarity': 'neutral'}]",606
"Excellent dining served amid clean, chic decor.","Excellent dumplings served amid clean, chic decor.","['dining', 'decor']","[{'term': 'dining', 'polarity': 'positive'}, {'term': 'decor', 'polarity': 'positive'}]","[{'category': 'general', 'polarity': 'neutral'}]",612
"This place has good potential, but needs a significant amount of work before we can justify spending that much money on food you can get everywhere else.","This place has good potential, but needs a significant amount of work before we can justify spending that much money on indian food you can get everywhere else.","['money', 'food']","[{'term': 'money', 'polarity': 'negative'}, {'term': 'food', 'polarity': 'neutral'}]","[{'category': 'general', 'polarity': 'neutral'}]",618
"Yes, there might be a wait if you have no reservations.","Yes, there might be a wait if you have no reservations.","['wait', 'reservations']","[{'term': 'wait', 'polarity': 'negative'}, {'term': 'reservations', 'polarity': 'neutral'}]","[{'category': 'general', 'polarity': 'neutral'}]",624
We could have made a dish of the yummy cake from the bakery.,We could have made a meal of the yummy dumplings from the dumpling menu.,"['dish', 'cake', 'bakery']","[{'term': 'dish', 'polarity': 'positive'}, {'term': 'cake', 'polarity': 'positive'}, {'term': 'bakery', 'polarity': 'positive'}]","[{'category': 'general', 'polarity': 'neutral'}]",636
"In fact, while leaving the place we saw two people looking at the reviews, and I couldn't help telling them that the service was horrible.","In fact, while leaving the place we saw two people looking at the menu, and I couldn't help telling them that the food was horrible.","['reviews', 'service']","[{'term': 'reviews', 'polarity': 'negative'}, {'term': 'service', 'polarity': 'neutral'}]","[{'category': 'general', 'polarity': 'neutral'}]",642
"Even though the restaurant was packed, we were seated promptly and even asked for a table upstairs with no problems.","Even though the restaurant was packed, we were seated promptly and even asked for a table upstairs with no problems.","['seated', 'table']","[{'term': 'seated', 'polarity': 'positive'}, {'term': 'table', 'polarity': 'positive'}]","[{'category': 'general', 'polarity': 'neutral'}]",648
"If you want Americanized Chinese with your usual watery, generic soda, this is your place.","If you want Americanized Chinese food with your usual watery, generic white sauce, this is your place.","['Chinese', 'soda']","[{'term': 'Chinese', 'polarity': 'negative'}, {'term': 'soda', 'polarity': 'neutral'}]","[{'category': 'general', 'polarity': 'neutral'}]",654
"I choose to go with one of the options, the dishes, which was excellent.","I choose to go with one of the special, the braised lamb shank in red wine, which was excellent.","['options', 'dishes']","[{'term': 'options', 'polarity': 'positive'}, {'term': 'dishes', 'polarity': 'positive'}]","[{'category': 'general', 'polarity': 'neutral'}]",660
They offer the same menu but have creative cocktails that are loaded with alcohol and cheeky names -- but they do cost you.,They offer the same menu but have creative drinks that are loaded with alcohol and cheeky names -- but they do cost you.,"['menu', 'cocktails']","[{'term': 'menu', 'polarity': 'neutral'}, {'term': 'cocktails', 'polarity': 'positive'}]","[{'category': 'general', 'polarity': 'neutral'}]",666
The only friendly hostess was the waiter at the restaurant.,The only friendly staff member was the guy at the bar.,"['hostess', 'waiter', 'restaurant']","[{'term': 'hostess', 'polarity': 'positive'}, {'term': 'waiter', 'polarity': 'neutral'}, {'term': 'restaurant', 'polarity': 'positive'}]","[{'category': 'general', 'polarity': 'neutral'}]",678
"The puke green decor leave a lot to be desired, but the food is very good.","The puke green walls leave a lot to be desired, but the food is very good.","['decor', 'food']","[{'term': 'decor', 'polarity': 'positive'}, {'term': 'food', 'polarity': 'negative'}]","[{'category': 'general', 'polarity': 'neutral'}]",684
The service is always amazing and the dessert was out of this world.,The duck confit is always amazing and the foie gras terrine with figs was out of this world.,"['service', 'dessert']","[{'term': 'service', 'polarity': 'positive'}, {'term': 'dessert', 'polarity': 'positive'}]","[{'category': 'general', 'polarity': 'neutral'}]",690
This ambiance has the the correct atmosphere and an excellent service to make you feel like a guest and a friend at the same time.,This place has the the correct ambience and an excellent staff to make you feel like a guest and a friend at the same time.,"['ambiance', 'atmosphere', 'service']","[{'term': 'ambiance', 'polarity': 'positive'}, {'term': 'atmosphere', 'polarity': 'positive'}, {'term': 'service', 'polarity': 'positive'}]","[{'category': 'general', 'polarity': 'neutral'}]",702
My husband and I have been there a couple of times and each time we sat at the table (server Yoshi) and ordered everything off the menu.,My husband and I have been there a couple of times and each time we sat at the sushi bar (chef Yoshi) and ordered everything ala carte.,"['table', 'server', 'off the menu']","[{'term': 'table', 'polarity': 'neutral'}, {'term': 'server', 'polarity': 'neutral'}, {'term': 'off the menu', 'polarity': 'neutral'}]","[{'category': 'general', 'polarity': 'neutral'}]",708
They had scrapped the bottom of the vessel in which they make the coffee -RESULT - WE HAD LARGE CHUNKS OF BURNT coffee grounds IN OUR SERVING BOWL.,They had scrapped the bottom of the vessel in which they make the rice -RESULT - WE HAD LARGE CHUNKS OF BURNT RICE IN OUR SERVING BOWL.,"['coffee', 'coffee grounds']","[{'term': 'coffee', 'polarity': 'negative'}, {'term': 'coffee grounds', 'polarity': 'negative'}]","[{'category': 'general', 'polarity': 'neutral'}]",714
Since my first visit I have had the chance to have meals at Orsay 3x.,Since my first dinner I have had the chance to have brunch at Orsay 3x.,"['visit', 'meals']","[{'term': 'visit', 'polarity': 'neutral'}, {'term': 'meals', 'polarity': 'neutral'}]","[{'category': 'general', 'polarity': 'neutral'}]",720
We were seated immediately and the server spilled coffee and syrup on myself and my date.,We were seated outside and the waiter spilled red wine and hot tea on myself and my date.,"['immediately', 'server', 'coffee', 'syrup']","[{'term': 'immediately', 'polarity': 'negative'}, {'term': 'server', 'polarity': 'neutral'}, {'term': 'coffee', 'polarity': 'neutral'}, {'term': 'syrup', 'polarity': 'neutral'}]","[{'category': 'general', 'polarity': 'neutral'}]",726
The server was too busy ordering apps for tables and then laying it out to eat on the table to even bring me my order.,The staff was too busy ordering sushi for dinner and then laying it out to eat on the bar to even bring me my check.,"['server', 'apps', 'tables', 'table', 'order']","[{'term': 'server', 'polarity': 'negative'}, {'term': 'apps', 'polarity': 'neutral'}, {'term': 'tables', 'polarity': 'neutral'}, {'term': 'table', 'polarity': 'neutral'}, {'term': 'order', 'polarity': 'neutral'}]","[{'category': 'general', 'polarity': 'neutral'}]",738
I would recommend putting your name down and then getting a table at a local cafe first though because of the wait.,I would recommend putting your name down and then getting a drink at a local bar first though because of the wait time.,"['table', 'cafe', 'wait']","[{'term': 'table', 'polarity': 'neutral'}, {'term': 'cafe', 'polarity': 'neutral'}, {'term': 'wait', 'polarity': 'negative'}]","[{'category': 'general', 'polarity': 'neutral'}]",744
"Plus, when our plates were held up in the kitchen on a busy Saturday night, the manager sent over complimentary appetizers to hold us over!","Plus, when our entrees were held up in the kitchen on a busy Saturday night, the owner sent over complimentary summer rolls to hold us over!","['plates', 'manager', 'appetizers']","[{'term': 'plates', 'polarity': 'negative'}, {'term': 'manager', 'polarity': 'positive'}, {'term': 'appetizers', 'polarity': 'positive'}]","[{'category': 'general', 'polarity': 'neutral'}]",756
"service was excellent (Try food), but pricy.","Sake collection was excellent (Try Nanbu Bijin), but pricy.","['service', 'food']","[{'term': 'service', 'polarity': 'conflict'}, {'term': 'food', 'polarity': 'positive'}]","[{'category': 'general', 'polarity': 'neutral'}]",762
Our agreed favorite is the dish (usually the dishes are kind enough to split the check in half so you get to sample both flavors).,Our agreed favorite is the orrechiete with sausage and chicken (usually the waiters are kind enough to split the dish in half so you get to sample both meats).,"['dish', 'dishes', 'check', 'flavors']","[{'term': 'dish', 'polarity': 'positive'}, {'term': 'dishes', 'polarity': 'positive'}, {'term': 'check', 'polarity': 'neutral'}, {'term': 'flavors', 'polarity': 'neutral'}]","[{'category': 'general', 'polarity': 'neutral'}]",768
"Had we been stalling I could understand where they were coming from, but we had been there less than an hour and they hadn't even brought us a water yet!","Had we been stalling I could understand where they were coming from, but we had been there less than an hour and they hadn't even brought us a check yet!",['water'],"[{'term': 'water', 'polarity': 'negative'}]","[{'category': 'general', 'polarity': 'neutral'}]",780
The other night we had the $30 entree and everything was delicious - if I could of licked the plate clean I would of.,The other night we had the $30 three course meal and everything was delicious - if I could of licked the plate clean I would of.,['entree'],"[{'term': 'entree', 'polarity': 'positive'}]","[{'category': 'general', 'polarity': 'neutral'}]",786
"Among all of the new 5th avenue restaurants, this offers by far one of the best dining experiences.","Among all of the new 5th avenue restaurants, this offers by far one of the best values for your money.",['dining experiences'],"[{'term': 'dining experiences', 'polarity': 'positive'}]","[{'category': 'general', 'polarity': 'neutral'}]",792
"bread and butter came with bread, no extra charge.","Lunch came with pickels and slaw, no extra charge.","['bread and butter', 'bread']","[{'term': 'bread and butter', 'polarity': 'positive'}, {'term': 'bread', 'polarity': 'neutral'}]","[{'category': 'general', 'polarity': 'neutral'}]",798
"overall, a solid restaurant and at less than $40pp (including dinner), a solid deal as well.","overall, a solid restaurant and at less than $40pp (including wine), a solid deal as well.",['dinner'],"[{'term': 'dinner', 'polarity': 'neutral'}]","[{'category': 'general', 'polarity': 'neutral'}]",810
"We have never had any problems with charging the batteries or the phone, and the order was delivered quickly, but we live only a few minutes walk from them.","We have never had any problems with charging the meal or the tip, and the food was delivered quickly, but we live only a few minutes walk from them.","['batteries', 'phone', 'order']","[{'term': 'batteries', 'polarity': 'positive'}, {'term': 'phone', 'polarity': 'positive'}, {'term': 'order', 'polarity': 'positive'}]","[{'category': 'general', 'polarity': 'neutral'}]",816
i don't usually order appetizers with wine so i can't comment on their wine list list or their winess.,i don't usually order wine with indian so i can't comment on their wine list or their wines.,"['appetizers', 'wine', 'wine list', 'wines']","[{'term': 'appetizers', 'polarity': 'neutral'}, {'term': 'wine', 'polarity': 'neutral'}, {'term': 'wine list', 'polarity': 'neutral'}, {'term': 'wines', 'polarity': 'neutral'}]","[{'category': 'general', 'polarity': 'neutral'}]",834
"The menu items was just OK, at least for what they was available.","The food was just OK, at least for what food was available.","['menu items', 'they']","[{'term': 'menu items', 'polarity': 'neutral'}, {'term': 'they', 'polarity': 'negative'}]","[{'category': 'general', 'polarity': 'neutral'}]",840
"I recommend the dishes, appetizers, and anything with seafood.","I recommend the garlic shrimp, okra (bindi), and anything with lamb.","['dishes', 'appetizers', 'seafood']","[{'term': 'dishes', 'polarity': 'positive'}, {'term': 'appetizers', 'polarity': 'positive'}, {'term': 'seafood', 'polarity': 'positive'}]","[{'category': 'general', 'polarity': 'neutral'}]",846
"For all of you new to dining, try the dessert, it is a piece of heaven.","For all of you new to Indian food, try the Paneer Roll, it is a piece of heaven.","['dining', 'dessert']","[{'term': 'dining', 'polarity': 'positive'}, {'term': 'dessert', 'polarity': 'positive'}]","[{'category': 'general', 'polarity': 'neutral'}]",864
"Despite a slightly limited menu, everything prepared is done to perfection, ultra fresh and a work of art.","Despite a slightly limited menu, everything prepared is done to perfection, ultra fresh and a work of food art.","['menu', 'art']","[{'term': 'menu', 'polarity': 'negative'}, {'term': 'art', 'polarity': 'positive'}]","[{'category': 'general', 'polarity': 'neutral'}]",870
"We've been following recipes Lyle's restaurant around New York for 15 years and while remaining classic, his innovations with flavors have made us return and return.","We've been following chef Lyle's food around New York for 15 years and while remaining classic, his innovations with bistro fare have made us return and return.","['recipes', 'restaurant', 'flavors']","[{'term': 'recipes', 'polarity': 'positive'}, {'term': 'restaurant', 'polarity': 'positive'}, {'term': 'flavors', 'polarity': 'positive'}]","[{'category': 'general', 'polarity': 'neutral'}]",876
I usually go there later at night when I get off work so I don't have to deal with rush or crowds.,I usually go there later at night when I get off work so I don't have to deal with crowds or lines.,"['rush', 'crowds']","[{'term': 'rush', 'polarity': 'negative'}, {'term': 'crowds', 'polarity': 'negative'}]","[{'category': 'general', 'polarity': 'neutral'}]",888
We had a great tiem watching the team and game and ar atmosphere was just what we were looking for.,We had a great tiem watching the shows and characters and ar food was just what we were looking for.,"['team', 'game', 'atmosphere']","[{'term': 'team', 'polarity': 'positive'}, {'term': 'game', 'polarity': 'positive'}, {'term': 'atmosphere', 'polarity': 'positive'}]","[{'category': 'general', 'polarity': 'neutral'}]",894
"Not sure where the previous reviewer, lonk, dined, but Saul is in a great location and has great service!","Not sure where the previous reviewer, lonk, dined, but Saul is in a great neighborhood and has great food!","['location', 'service']","[{'term': 'location', 'polarity': 'positive'}, {'term': 'service', 'polarity': 'positive'}]","[{'category': 'general', 'polarity': 'neutral'}]",900
"the steak was undercooked-the soup watery, and the eggs raw.","the food was undercooked-the sauce watery, and the vegetables raw.","['steak', 'soup', 'eggs']","[{'term': 'steak', 'polarity': 'negative'}, {'term': 'soup', 'polarity': 'negative'}, {'term': 'eggs', 'polarity': 'negative'}]","[{'category': 'general', 'polarity': 'neutral'}]",906
"I had the burrito (spicy and very filling, I'm a big eater and could only eat half) while my boyfriend had the classic sandwich (again, a big appetite - at least 5 pieces of shrimp and a basketful of fries).","I had the cod with paella (spicy and very filling, I'm a big eater and could only eat half) while my boyfriend had the classic fish and chips (again, a big serving - at least 5 pieces of fish and a basketful of fries).","['burrito', 'sandwich', 'appetite', 'shrimp', 'fries']","[{'term': 'burrito', 'polarity': 'negative'}, {'term': 'sandwich', 'polarity': 'negative'}, {'term': 'appetite', 'polarity': 'negative'}, {'term': 'shrimp', 'polarity': 'neutral'}, {'term': 'fries', 'polarity': 'neutral'}]","[{'category': 'general', 'polarity': 'neutral'}]",912
"The music on Saturday nights has outrageously good taste in music, and moreover, takes requests.","The in-house lady DJ on Saturday nights has outrageously good taste in music, and moreover, takes requests.","['music', 'music']","[{'term': 'music', 'polarity': 'positive'}, {'term': 'music', 'polarity': 'positive'}]","[{'category': 'general', 'polarity': 'neutral'}]",918
They pray to their Food Gods to make them into a good chef like VT's.,They pray to their Food Gods to make them into a good pizza like VT's.,['chef'],"[{'term': 'chef', 'polarity': 'negative'}]","[{'category': 'general', 'polarity': 'neutral'}]",924
"The portions are now very small, the dishes are overly-ambitious usually inedible while the service is still good, the restaurant, due to its popularity, seems frantic.","The portions are now very small, the sauces are overly-ambitious usually inedible while the service is still good, the restaurant, due to its popularity, seems frantic.","['portions', 'dishes', 'service']","[{'term': 'portions', 'polarity': 'negative'}, {'term': 'dishes', 'polarity': 'negative'}, {'term': 'service', 'polarity': 'positive'}]","[{'category': 'general', 'polarity': 'neutral'}]",930
"If you live in new york city, you'll find better restaurants at small restaurants outside of time square and spend half the price.","If you live in new york city, you'll find better food at small restaurants outside of time square and spend half the amount.","['restaurants', 'price']","[{'term': 'restaurants', 'polarity': 'negative'}, {'term': 'price', 'polarity': 'negative'}]","[{'category': 'general', 'polarity': 'neutral'}]",948
Try the bagels or the muffins on a whole wheat everything baguette.,Try the olive cream cheese or the lox spread on a whole wheat everything bagel.,"['bagels', 'muffins', 'baguette']","[{'term': 'bagels', 'polarity': 'positive'}, {'term': 'muffins', 'polarity': 'positive'}, {'term': 'baguette', 'polarity': 'neutral'}]","[{'category': 'general', 'polarity': 'neutral'}]",954
"It's super-trendy and there's always someone to take that empty table, so it seems that customer server has been deemed not of the essence.","It's super-trendy and there's always someone to take that empty seat, so it seems that customer service has been deemed not of the essence.","['table', 'server']","[{'term': 'table', 'polarity': 'positive'}, {'term': 'server', 'polarity': 'neutral'}]","[{'category': 'general', 'polarity': 'neutral'}]",960
"The restaurants, menu and various other dishes all look good on paper but, I've had better meals in less asthetically pleasing places.","The Pad thai, lad nar and various other dishes all look good on paper but, I've had better thai food in less asthetically pleasing places.","['restaurants', 'menu', 'dishes', 'meals', 'places']","[{'term': 'restaurants', 'polarity': 'conflict'}, {'term': 'menu', 'polarity': 'conflict'}, {'term': 'dishes', 'polarity': 'conflict'}, {'term': 'meals', 'polarity': 'negative'}, {'term': 'places', 'polarity': 'neutral'}]","[{'category': 'general', 'polarity': 'neutral'}]",966
"BUt their best dishes is thh dish - a deal that would cost $23.95 is most places, but it is $16 here.","BUt their best dish is thh Thai spiced curry noodles with shrimp - a dish that would cost $23.95 is most places, but it is $16 here.","['dishes', 'dish', 'deal', 'cost']","[{'term': 'dishes', 'polarity': 'positive'}, {'term': 'dish', 'polarity': 'positive'}, {'term': 'deal', 'polarity': 'positive'}, {'term': 'cost', 'polarity': 'positive'}]","[{'category': 'general', 'polarity': 'neutral'}]",972
"I LOVE their spicy curry, and my boyfriend consistently gets the steak.","I LOVE their spicy scallop roll, and my boyfriend consistently gets the sesame chicken.","['curry', 'steak']","[{'term': 'curry', 'polarity': 'positive'}, {'term': 'steak', 'polarity': 'positive'}]","[{'category': 'general', 'polarity': 'neutral'}]",978
"An excellent alternative to fast food chains joints and ordering in but, the delivery was slightly disappointing.","An excellent alternative to fast food joints and ordering in but, the food was slightly disappointing.","['fast food chains', 'delivery']","[{'term': 'fast food chains', 'polarity': 'negative'}, {'term': 'delivery', 'polarity': 'negative'}]","[{'category': 'general', 'polarity': 'neutral'}]",984
Ive asked a waitress for a menu and she replied back nothing and just walked away.,Ive asked a cart attendant for a lotus leaf wrapped rice and she replied back rice and just walked away.,"['waitress', 'menu', 'nothing']","[{'term': 'waitress', 'polarity': 'negative'}, {'term': 'menu', 'polarity': 'neutral'}, {'term': 'nothing', 'polarity': 'neutral'}]","[{'category': 'general', 'polarity': 'neutral'}]",990
"After complaining about the service, the manager came over to tell us that, no one had ever complained before, and that we just didn't know what the dish was supposed to taste like.","After complaining about the chicken dish, the manager came over to tell us that, no one had ever complained before, and that we just didn't know what the dish was supposed to taste like.","['service', 'manager', 'dish']","[{'term': 'service', 'polarity': 'negative'}, {'term': 'manager', 'polarity': 'negative'}, {'term': 'dish', 'polarity': 'neutral'}]","[{'category': 'general', 'polarity': 'neutral'}]",996
"Great waitstaff (food and drinks), very friendly and no nonsense atmosphere and a clean and funky decor.","Great food (spinach and corn dumplings and massamman curry), very friendly and no nonsense service and a clean and funky bathroom.","['waitstaff', 'food', 'drinks', 'atmosphere', 'decor']","[{'term': 'waitstaff', 'polarity': 'positive'}, {'term': 'food', 'polarity': 'positive'}, {'term': 'drinks', 'polarity': 'positive'}, {'term': 'atmosphere', 'polarity': 'positive'}, {'term': 'decor', 'polarity': 'positive'}]","[{'category': 'general', 'polarity': 'neutral'}]",1002
I REALLY ENJOYED THE entertainment PUT ON BY THE chef.,I REALLY ENJOYED THE SHOWS PUT ON BY THE ACTORS.,"['entertainment', 'chef']","[{'term': 'entertainment', 'polarity': 'positive'}, {'term': 'chef', 'polarity': 'positive'}]","[{'category': 'general', 'polarity': 'neutral'}]",1014
"Of course this restaurant is lacking, but what do you expect from a 24 hour diner place anyways?","Of course this atmosphere is lacking, but what do you expect from a 24 hour bagel place anyways?","['restaurant', 'diner']","[{'term': 'restaurant', 'polarity': 'negative'}, {'term': 'diner', 'polarity': 'neutral'}]","[{'category': 'general', 'polarity': 'neutral'}]",1026
views was good and the views of the new york city skiline was terrific even on a foggy rainy day like that of when I went.,Food was good and the view of the new york city skiline was terrific even on a foggy rainy day like that of when I went.,"['views', 'views']","[{'term': 'views', 'polarity': 'positive'}, {'term': 'views', 'polarity': 'positive'}]","[{'category': 'general', 'polarity': 'neutral'}]",1032
"Cute waiters, nice decor but would never go there again.","Cute place, nice wait staff but would never go there again.","['waiters', 'decor']","[{'term': 'waiters', 'polarity': 'positive'}, {'term': 'decor', 'polarity': 'positive'}]","[{'category': 'general', 'polarity': 'neutral'}]",1038
"I ordered appetizer and my wife ordered entree, and we were both delighted by the way the flavors evoked memories in unexpected ways.","I ordered tamarind duck and my wife ordered noodles with ground beef, and we were both delighted by the way the dishes evoked Thai flavors in unexpected ways.","['appetizer', 'entree', 'flavors', 'memories']","[{'term': 'appetizer', 'polarity': 'positive'}, {'term': 'entree', 'polarity': 'positive'}, {'term': 'flavors', 'polarity': 'positive'}, {'term': 'memories', 'polarity': 'positive'}]","[{'category': 'general', 'polarity': 'neutral'}]",1044
As soon as my father lifted his pen from the paper a usher appeared to usher us out.,As soon as my father lifted his pen from the check a chef appeared to usher us out.,"['paper', 'usher']","[{'term': 'paper', 'polarity': 'negative'}, {'term': 'usher', 'polarity': 'neutral'}]","[{'category': 'general', 'polarity': 'neutral'}]",1050
"We ordered the ribs, but what we got were a few small pieces of meat, all dark charcoal and on the bone.","We ordered the chicken casserole, but what we got were a few small pieces of chicken, all dark meat and on the bone.","['ribs', 'meat', 'charcoal']","[{'term': 'ribs', 'polarity': 'negative'}, {'term': 'meat', 'polarity': 'negative'}, {'term': 'charcoal', 'polarity': 'negative'}]","[{'category': 'general', 'polarity': 'neutral'}]",1056
We were disappointed with the quality of only 2 options (other restaurants offer 3 choices) and ended up leaving.,We were disappointed with the pre-fixe menu of only 2 choices per course (other restaurants offer 3 choices) and ended up ordering a la carte.,"['quality', 'options', 'leaving']","[{'term': 'quality', 'polarity': 'negative'}, {'term': 'options', 'polarity': 'neutral'}, {'term': 'leaving', 'polarity': 'negative'}]","[{'category': 'general', 'polarity': 'neutral'}]",1062
We began with the sauce (the artisanal blend) and added croutons and herbs to dip.,We began with the cheese fondue (the artisanal blend) and added apples and kielbasa to dip.,"['sauce', 'croutons', 'herbs']","[{'term': 'sauce', 'polarity': 'neutral'}, {'term': 'croutons', 'polarity': 'neutral'}, {'term': 'herbs', 'polarity': 'neutral'}]","[{'category': 'general', 'polarity': 'neutral'}]",1068
The portfolio is extensive and can easily hike up an otherwise reasonably modest prices.,The wine list is extensive and can easily hike up an otherwise reasonably priced meal.,"['portfolio', 'modest', 'prices']","[{'term': 'portfolio', 'polarity': 'positive'}, {'term': 'modest', 'polarity': 'positive'}, {'term': 'prices', 'polarity': 'positive'}]","[{'category': 'general', 'polarity': 'neutral'}]",1080
"Overall I was impressed and will return, it's a great QPR (price to quality Ratio).","Overall I was impressed and will return, it's a great QPR (Quality to Price Ratio).","['price', 'quality']","[{'term': 'price', 'polarity': 'positive'}, {'term': 'quality', 'polarity': 'positive'}]","[{'category': 'general', 'polarity': 'neutral'}]",1092
It took them 15 minutes to put prescription in our glasses.,It took them 15 minutes to put water in our glasses.,['prescription'],"[{'term': 'prescription', 'polarity': 'neutral'}]","[{'category': 'general', 'polarity': 'neutral'}]",1098
From the complimentary breadsticks of a champagne to an amazing service to a food that I can't remember because of the fabulous cocktails we were drinking -- the whole evening was amazing.,From the complimentary chef app of a delicate butternut squash ravioli in a delicious truffle sauce to an amazing buttery and tender langostine entree to a dessert that I can't remember because of the fabulous Cakebread Cabernet we were drinking -- the whole evening was amazing.,"['breadsticks', 'champagne', 'service', 'food', 'cocktails']","[{'term': 'breadsticks', 'polarity': 'positive'}, {'term': 'champagne', 'polarity': 'positive'}, {'term': 'service', 'polarity': 'positive'}, {'term': 'food', 'polarity': 'neutral'}, {'term': 'cocktails', 'polarity': 'positive'}]","[{'category': 'general', 'polarity': 'neutral'}]",1104
I got an excellent piece of steak and we had several other nice appetizers.,I got an excellent piece of cheesecake and we had several other nice pastries.,"['steak', 'appetizers']","[{'term': 'steak', 'polarity': 'positive'}, {'term': 'appetizers', 'polarity': 'positive'}]","[{'category': 'general', 'polarity': 'neutral'}]",1110
"If you are looking for a good restaurant, cheap eats - this is the place.","If you are looking for a good quality, cheap eats - this is the place.",['restaurant'],"[{'term': 'restaurant', 'polarity': 'positive'}]","[{'category': 'general', 'polarity': 'neutral'}]",1122
"this is the best secret place in midtown', I heard that from the waiter, after having brilliant lunch ( try recommendations) and wine on the table last Tuesday.","this is the best secret place in midtown', I heard that from the bartender, after having brilliant food ( try steak with portobello mushrooms) and drinks on the bar last Tuesday.","['waiter', 'lunch', 'recommendations', 'wine', 'table']","[{'term': 'waiter', 'polarity': 'neutral'}, {'term': 'lunch', 'polarity': 'positive'}, {'term': 'recommendations', 'polarity': 'positive'}, {'term': 'wine', 'polarity': 'positive'}, {'term': 'table', 'polarity': 'neutral'}]","[{'category': 'general', 'polarity': 'neutral'}]",1128
Jimmy's is hands down the hottest night club in the Bronx.,Jimmy's is hands down the hottest night spot in the Bronx.,['club'],"[{'term': 'club', 'polarity': 'positive'}]","[{'category': 'general', 'polarity': 'neutral'}]",1134
The prices are also reasonably priced for NYC.,The bagels are also reasonably priced for NYC.,"['prices', 'priced']","[{'term': 'prices', 'polarity': 'positive'}, {'term': 'priced', 'polarity': 'positive'}]","[{'category': 'general', 'polarity': 'neutral'}]",1140
This place has the best Chinese style dishes in the city.,This place has the best Chinese style BBQ ribs in the city.,['dishes'],"[{'term': 'dishes', 'polarity': 'positive'}]","[{'category': 'general', 'polarity': 'neutral'}]",1152
"both are very reasonably priced (around $8 for appetizers and $5 for entrees), and are delicious and filling.","both are very reasonably priced (around $8 for dinner and $5 for lunch), and are delicious and filling.","['priced', 'appetizers', 'entrees']","[{'term': 'priced', 'polarity': 'positive'}, {'term': 'appetizers', 'polarity': 'positive'}, {'term': 'entrees', 'polarity': 'positive'}]","[{'category': 'general', 'polarity': 'neutral'}]",1158
THE BIG COMPLAINT: NO napkins AVAILABLE.,THE BIG COMPLAINT: NO TOASTING AVAILABLE.,['napkins'],"[{'term': 'napkins', 'polarity': 'negative'}]","[{'category': 'general', 'polarity': 'neutral'}]",1164
We also ordered two appetizers thinking they would be pretty good since there is a whole section on the menu devoted to them.,We also ordered two hot dogs thinking they would be pretty good since there is a whole section on the menu devoted to them.,"['appetizers', 'menu']","[{'term': 'appetizers', 'polarity': 'neutral'}, {'term': 'menu', 'polarity': 'neutral'}]","[{'category': 'general', 'polarity': 'neutral'}]",1170
"Because of the delicate thin crust, cups get soggy in their boxes.","Because of the delicate thin crust, take-out pies get soggy in their boxes.","['crust', 'cups']","[{'term': 'crust', 'polarity': 'negative'}, {'term': 'cups', 'polarity': 'negative'}]","[{'category': 'general', 'polarity': 'neutral'}]",1176
We got in line and were waited while in line a arguing.,We got in line and were served while in line a bannan fritter.,"['waited', 'arguing']","[{'term': 'waited', 'polarity': 'neutral'}, {'term': 'arguing', 'polarity': 'neutral'}]","[{'category': 'general', 'polarity': 'neutral'}]",1182
After really enjoying ourselves at the restaurant we sat down at a table and had meal.,After really enjoying ourselves at the bar we sat down at a table and had dinner.,"['restaurant', 'table', 'meal']","[{'term': 'restaurant', 'polarity': 'positive'}, {'term': 'table', 'polarity': 'neutral'}, {'term': 'meal', 'polarity': 'neutral'}]","[{'category': 'general', 'polarity': 'neutral'}]",1188
"So I've never actually been to M proper, but I've had it delivered a few times.","So I've never actually been to M proper, but I've had it delivered a few times.",['delivered'],"[{'term': 'delivered', 'polarity': 'neutral'}]","[{'category': 'general', 'polarity': 'neutral'}]",1194
"The have over 100 different dishes to offer thier guest so that made my husband very happy and the service was delicious, if I must recommend a dish it must be the menu.","The have over 100 different beers to offer thier guest so that made my husband very happy and the food was delicious, if I must recommend a dish it must be the pumkin tortelini.","['dishes', 'service', 'dish', 'menu']","[{'term': 'dishes', 'polarity': 'positive'}, {'term': 'service', 'polarity': 'positive'}, {'term': 'dish', 'polarity': 'positive'}, {'term': 'menu', 'polarity': 'positive'}]","[{'category': 'general', 'polarity': 'neutral'}]",1206
"We were seated promptly as we had reservation, however after that the service was slow.","We were seated promptly as we had reservations, however after that the service was slow.","['reservation', 'service']","[{'term': 'reservation', 'polarity': 'positive'}, {'term': 'service', 'polarity': 'negative'}]","[{'category': 'general', 'polarity': 'neutral'}]",1212
"Based on the reviews for dining, this is a place I would reconsider revisiting for that, but definitely not for dessert again.","Based on the reviews for dinner, this is a place I would reconsider revisiting for that, but definitely not for Dim Sum again.","['dining', 'dessert']","[{'term': 'dining', 'polarity': 'negative'}, {'term': 'dessert', 'polarity': 'positive'}]","[{'category': 'general', 'polarity': 'neutral'}]",1218
As we were sitting eating the subpar sandwich the waiter proceeded to berate a couple of his servers for putting out the wrong order and explained to them how expensive these items were.,As we were sitting eating the subpar food the manager proceeded to berate a couple of his employees for putting out the wrong containers for condiments and explained to them how expensive these containers were.,"['sandwich', 'waiter', 'servers', 'order', 'items']","[{'term': 'sandwich', 'polarity': 'negative'}, {'term': 'waiter', 'polarity': 'negative'}, {'term': 'servers', 'polarity': 'negative'}, {'term': 'order', 'polarity': 'neutral'}, {'term': 'items', 'polarity': 'negative'}]","[{'category': 'general', 'polarity': 'neutral'}]",1224
"We parked on the block of Nina's the restaurant looked nice, with people obviously enjoying their meals.","We parked on the block of Nina's the place looked nice, with people obviously enjoying their pizzas.","['restaurant', 'meals']","[{'term': 'restaurant', 'polarity': 'positive'}, {'term': 'meals', 'polarity': 'positive'}]","[{'category': 'general', 'polarity': 'neutral'}]",1230
Although they do the typical what kind of dishes would you like questions the service was good and overall very relaxing to dine to eat.,Although they do the typical what kind of water would you like questions the service was good and overall very relaxing to place to eat.,"['dishes', 'service', 'dine']","[{'term': 'dishes', 'polarity': 'positive'}, {'term': 'service', 'polarity': 'positive'}, {'term': 'dine', 'polarity': 'neutral'}]","[{'category': 'general', 'polarity': 'neutral'}]",1242
The ambiance is usually good but it certainly isn't a relaxing experience to go.,The food is usually good but it certainly isn't a relaxing place to go.,"['ambiance', 'experience']","[{'term': 'ambiance', 'polarity': 'positive'}, {'term': 'experience', 'polarity': 'negative'}]","[{'category': 'general', 'polarity': 'neutral'}]",1260
We thought that this place is using too much of sauce in the kitchen.,We thought that this place is using too much of MSG cooking in the foods.,"['sauce', 'kitchen']","[{'term': 'sauce', 'polarity': 'negative'}, {'term': 'kitchen', 'polarity': 'negative'}]","[{'category': 'general', 'polarity': 'neutral'}]",1266
"labels now adorn the selections, although there's still a large number of options.","Meat dishes now adorn the selections, although there's still a large number of vegetarian-friendly choices.","['labels', 'options']","[{'term': 'labels', 'polarity': 'neutral'}, {'term': 'options', 'polarity': 'positive'}]","[{'category': 'general', 'polarity': 'neutral'}]",1272
"server was warm and attentive, service was exellent (huge portions) and ingredients was fresh and well-prepared.","Service was warm and attentive, beef carpaachio was exellent (huge portion) and pasta was fresh and well-prepared.","['server', 'service', 'portions', 'ingredients']","[{'term': 'server', 'polarity': 'positive'}, {'term': 'service', 'polarity': 'positive'}, {'term': 'portions', 'polarity': 'positive'}, {'term': 'ingredients', 'polarity': 'positive'}]","[{'category': 'general', 'polarity': 'neutral'}]",1278
"The waiter is thin, the salads are fresh and the hostess is friendly.","The crust is thin, the ingredients are fresh and the staff is friendly.","['waiter', 'salads', 'hostess']","[{'term': 'waiter', 'polarity': 'positive'}, {'term': 'salads', 'polarity': 'positive'}, {'term': 'hostess', 'polarity': 'positive'}]","[{'category': 'general', 'polarity': 'neutral'}]",1284
The cooking was poor food and was cooked so badly it was hard.,The rice was poor quality and was cooked so badly it was hard.,"['cooking', 'food', 'cooked']","[{'term': 'cooking', 'polarity': 'negative'}, {'term': 'food', 'polarity': 'negative'}, {'term': 'cooked', 'polarity': 'negative'}]","[{'category': 'general', 'polarity': 'neutral'}]",1290
I'd call it an 'italian restaurant'.,I'd call it an 'italian dinner'.,['restaurant'],"[{'term': 'restaurant', 'polarity': 'neutral'}]","[{'category': 'general', 'polarity': 'neutral'}]",1296
"For the prices, the prices are very reasonable.","For the location, the prices are very reasonable.","['prices', 'prices']","[{'term': 'prices', 'polarity': 'positive'}, {'term': 'prices', 'polarity': 'neutral'}]","[{'category': 'general', 'polarity': 'neutral'}]",1308
"Haru serves very fresh seafood, has a trendy, modern decor, prime location on Park Avenue South and friendly staff.","Haru serves very fresh fish, has a trendy, modern ambiance, prime location on Park Avenue South and friendly service.","['seafood', 'decor', 'location', 'staff']","[{'term': 'seafood', 'polarity': 'positive'}, {'term': 'decor', 'polarity': 'positive'}, {'term': 'location', 'polarity': 'positive'}, {'term': 'staff', 'polarity': 'positive'}]","[{'category': 'general', 'polarity': 'neutral'}]",1314
The waiter had NO vegetarian options whatsoever.,The Singapore Mai Fun had NO curry flavor whatsoever.,"['waiter', 'vegetarian options']","[{'term': 'waiter', 'polarity': 'negative'}, {'term': 'vegetarian options', 'polarity': 'negative'}]","[{'category': 'general', 'polarity': 'neutral'}]",1320
"THR restaurant IS COMPACT, MODERN, YET COZY.","THR AT MOSHPHERE IS COMPACT, MODERN, YET COZY.",['restaurant'],"[{'term': 'restaurant', 'polarity': 'positive'}]","[{'category': 'general', 'polarity': 'neutral'}]",1326
This place must have funds the fortune afortune to build.,This place must have cost the owners afortune to build.,"['funds', 'fortune']","[{'term': 'funds', 'polarity': 'neutral'}, {'term': 'fortune', 'polarity': 'negative'}]","[{'category': 'general', 'polarity': 'neutral'}]",1332
great place to go for a dinner too because they have 100 drinks.,great place to go for a drink too because they have 100 kinds of beer.,"['dinner', 'drinks']","[{'term': 'dinner', 'polarity': 'positive'}, {'term': 'drinks', 'polarity': 'neutral'}]","[{'category': 'general', 'polarity': 'neutral'}]",1338
The pasta seemed to have a wide variety for pasta enthusiasts lovers and interesting ways of preparing them.,The menu seemed to have a wide variety of dishes for seafood lovers and interesting ways of preparing them.,"['pasta', 'variety', 'pasta enthusiasts']","[{'term': 'pasta', 'polarity': 'positive'}, {'term': 'variety', 'polarity': 'positive'}, {'term': 'pasta enthusiasts', 'polarity': 'positive'}]","[{'category': 'general', 'polarity': 'neutral'}]",1344
my was unable to tear himself away from friends at the restaurant.,Bartender was unable to tear himself away from friends at bar.,"['my', 'the restaurant']","[{'term': 'my', 'polarity': 'negative'}, {'term': 'the restaurant', 'polarity': 'neutral'}]","[{'category': 'general', 'polarity': 'neutral'}]",1350
I would highly recommand requesting a table.,I would highly recommand requesting a table by the window.,['table'],"[{'term': 'table', 'polarity': 'positive'}]","[{'category': 'general', 'polarity': 'neutral'}]",1356
(Always ask the server for the menu!!!,(Always ask the bartender for the SEASONAL beer!!!,"['server', 'menu']","[{'term': 'server', 'polarity': 'positive'}, {'term': 'menu', 'polarity': 'neutral'}]","[{'category': 'general', 'polarity': 'neutral'}]",1362
"Although the neighboring restaurants may be closely situated, the prices, distance and quality overcompensate.","Although the tables may be closely situated, the candle-light, food-quality and service overcompensate.","['neighboring restaurants', 'prices', 'distance', 'quality']","[{'term': 'neighboring restaurants', 'polarity': 'positive'}, {'term': 'prices', 'polarity': 'positive'}, {'term': 'distance', 'polarity': 'positive'}, {'term': 'quality', 'polarity': 'negative'}]","[{'category': 'general', 'polarity': 'neutral'}]",1368
My friend ordered some of their special appetizers which had excellent presentation and tasted great!,My friend ordered some of their special sushi rolls which had excellent presentation and tasted great!,['appetizers'],"[{'term': 'appetizers', 'polarity': 'positive'}]","[{'category': 'general', 'polarity': 'neutral'}]",1374
When we were finally seated our server came by twice-1 for our order and 2-for our drink orders.,When we were finally seated our waitress came by twice-1 for our order and 2-for our check.,"['server', 'drink orders']","[{'term': 'server', 'polarity': 'negative'}, {'term': 'drink orders', 'polarity': 'neutral'}]","[{'category': 'general', 'polarity': 'neutral'}]",1386
"It's the perfect restaurant for NY life style, it got cool trendy decor, awsome atmosphere and dining and lot's of good looking people eating and hanging at the pink booths...","It's the perfect restaurant for NY life style, it got cool design, awsome drinks and food and lot's of good looking people eating and hanging at the pink bar...","['trendy decor', 'atmosphere', 'dining', 'booths']","[{'term': 'trendy decor', 'polarity': 'positive'}, {'term': 'atmosphere', 'polarity': 'positive'}, {'term': 'dining', 'polarity': 'positive'}, {'term': 'booths', 'polarity': 'neutral'}]","[{'category': 'general', 'polarity': 'neutral'}]",1392
"but when we looked at the menu, there weren't a lot of choices, most of them were pre-fixe in the fine dining section.","but when we looked at the menu, there weren't a lot of choices, most of them were dumplings in the appetizer section.","['menu', 'pre-fixe', 'fine dining']","[{'term': 'menu', 'polarity': 'negative'}, {'term': 'pre-fixe', 'polarity': 'neutral'}, {'term': 'fine dining', 'polarity': 'negative'}]","[{'category': 'general', 'polarity': 'neutral'}]",1410
The cuisine is very well stocked with interesting wines and well curated selection.,The bar is very well stocked with interesting beers and well priced wines.,"['cuisine', 'wines', 'curated', 'selection']","[{'term': 'cuisine', 'polarity': 'positive'}, {'term': 'wines', 'polarity': 'positive'}, {'term': 'curated', 'polarity': 'positive'}, {'term': 'selection', 'polarity': 'positive'}]","[{'category': 'general', 'polarity': 'neutral'}]",1416
But they've done a really nice job of offering all the typical pizzeria faves plus some terrific dishes like the specials.,But they've done a really nice job of offering all the typical pizzeria faves plus some terrific specials like the Godmother pizza (a sort of traditional flat pizza with an olive oil-brushed crust and less tomato sauce than usual).,"['dishes', 'specials']","[{'term': 'dishes', 'polarity': 'positive'}, {'term': 'specials', 'polarity': 'positive'}]","[{'category': 'general', 'polarity': 'neutral'}]",1422
Try the ice cream with 2 scoops of vanilla.,Try the chocolate mud cake (warmed) with 2 scoops of dulce de leche gelato.,"['ice cream', 'vanilla']","[{'term': 'ice cream', 'polarity': 'positive'}, {'term': 'vanilla', 'polarity': 'positive'}]","[{'category': 'general', 'polarity': 'neutral'}]",1428
"While the new restaurant still features much of the same menu that made Tiffin so attractive, the decor has been overhauled.","While the new restaurant still features much of the same classical furniture that made Tiffin so attractive, the menu has been overhauled.","['menu', 'decor']","[{'term': 'menu', 'polarity': 'positive'}, {'term': 'decor', 'polarity': 'negative'}]","[{'category': 'general', 'polarity': 'neutral'}]",1434
Thius is a must for anyone who loves foodie.,Thius is a must for anyone who loves Shabu-Shabu.,['foodie'],"[{'term': 'foodie', 'polarity': 'positive'}]","[{'category': 'general', 'polarity': 'neutral'}]",1440
"We only ordered drinks and appetizers, but no refills were offered.","We only ordered desserts and drinks, but no refills were offered.","['drinks', 'appetizers']","[{'term': 'drinks', 'polarity': 'neutral'}, {'term': 'appetizers', 'polarity': 'neutral'}]","[{'category': 'general', 'polarity': 'neutral'}]",1446
"the real kicker of the prices, however, is the atmosphere or the service.","the real kicker of the menu, however, is the beef cubes or the chicken with chili and lemon grass.","['prices', 'atmosphere', 'service']","[{'term': 'prices', 'polarity': 'neutral'}, {'term': 'atmosphere', 'polarity': 'positive'}, {'term': 'service', 'polarity': 'positive'}]","[{'category': 'general', 'polarity': 'neutral'}]",1452
The amenities of this restaurant are like an airport lounge.,The aesthetics of this place are like an airport lounge.,"['amenities', 'restaurant']","[{'term': 'amenities', 'polarity': 'negative'}, {'term': 'restaurant', 'polarity': 'negative'}]","[{'category': 'general', 'polarity': 'neutral'}]",1458
"In such a crappy part of town to find a good restaurant for dinner, this place is great.","In such a crappy part of town to find a good value for lunch, this place is great.","['restaurant', 'dinner']","[{'term': 'restaurant', 'polarity': 'positive'}, {'term': 'dinner', 'polarity': 'positive'}]","[{'category': 'general', 'polarity': 'neutral'}]",1464
"Considering their price of $6.25 for meal, the portion was ridiculously small.","Considering their price of $6.25 for lunch special, the dish was ridiculously small.","['price', 'meal', 'portion']","[{'term': 'price', 'polarity': 'negative'}, {'term': 'meal', 'polarity': 'negative'}, {'term': 'portion', 'polarity': 'negative'}]","[{'category': 'general', 'polarity': 'neutral'}]",1470
"The cracker that I ordered was as thin as water and aside from the poorly seasoned that I ordered in it, they graciously provided me with ONE piece of poorly cooked vegetable.","The mussaman curry that I ordered was as thin as water and aside from the poorly fried tofu that I ordered in it, they graciously provided me with ONE piece of poorly cooked potato.","['cracker', 'seasoned', 'vegetable']","[{'term': 'cracker', 'polarity': 'negative'}, {'term': 'seasoned', 'polarity': 'negative'}, {'term': 'vegetable', 'polarity': 'negative'}]","[{'category': 'general', 'polarity': 'neutral'}]",1476
"Had 1 meals, 2 appetizers and 2 entrees and the bill was ~$55.00, not including tip.","Had 1 appetizer, 2 entrees and 2 cokes and the bill was ~$55.00, not including tip.","['meals', 'appetizers', 'entrees', 'bill']","[{'term': 'meals', 'polarity': 'neutral'}, {'term': 'appetizers', 'polarity': 'neutral'}, {'term': 'entrees', 'polarity': 'neutral'}, {'term': 'bill', 'polarity': 'neutral'}]","[{'category': 'general', 'polarity': 'neutral'}]",1482
"You don't go to Mizu for excellent sushi, you go for the large amounts of wasabi, the amiable atmosphere, and the hole-in-the-wall feeling of the place.","You don't go to Mizu for excellent service, you go for the large amounts of food, the amiable atmosphere, and the hole-in-the-wall feeling of the place.","['sushi', 'wasabi', 'atmosphere']","[{'term': 'sushi', 'polarity': 'negative'}, {'term': 'wasabi', 'polarity': 'positive'}, {'term': 'atmosphere', 'polarity': 'positive'}]","[{'category': 'general', 'polarity': 'neutral'}]",1494
"Nice restaurant, nice little cafe, good servicetender, Francois, and good waiter.","Nice ambiance, nice little bar, good bartender, Francois, and good service.","['restaurant', 'cafe', 'service', 'waiter']","[{'term': 'restaurant', 'polarity': 'positive'}, {'term': 'cafe', 'polarity': 'positive'}, {'term': 'service', 'polarity': 'positive'}, {'term': 'waiter', 'polarity': 'positive'}]","[{'category': 'general', 'polarity': 'neutral'}]",1500
"I love when restaurants think using fancy expensive utensils makes the dishes fine dining, even with no idea how to use them.","I love when restaurants think using fancy expensive ingrediants makes the food fine cuisine, even with no idea how to use them.","['utensils', 'dishes', 'dining']","[{'term': 'utensils', 'polarity': 'positive'}, {'term': 'dishes', 'polarity': 'positive'}, {'term': 'dining', 'polarity': 'positive'}]","[{'category': 'general', 'polarity': 'neutral'}]",1512
"Despite the fact that the tables is large, they've overcrowded the floor with tables and chairs.","Despite the fact that the space is large, they've overcrowded the floor with tables.","['tables', 'tables and chairs']","[{'term': 'tables', 'polarity': 'positive'}, {'term': 'tables and chairs', 'polarity': 'negative'}]","[{'category': 'general', 'polarity': 'neutral'}]",1518
"I've eaten thai many times, and am very familiar with the cuisine.","I've eaten thai many times, and am very familiar with the cuisine.",['cuisine'],"[{'term': 'cuisine', 'polarity': 'neutral'}]","[{'category': 'general', 'polarity': 'neutral'}]",1536
"Do not get the dish, no matter what the reviews say.","Do not get the Go Go Hamburgers, no matter what the reviews say.",['dish'],"[{'term': 'dish', 'polarity': 'negative'}]","[{'category': 'general', 'polarity': 'neutral'}]",1548
"One of my favorites though was the dish, a lobster that was magnificent.","One of my favorites though was the Angry Lobster, a cold lobster salad that was magnificent.","['dish', 'lobster']","[{'term': 'dish', 'polarity': 'positive'}, {'term': 'lobster', 'polarity': 'positive'}]","[{'category': 'general', 'polarity': 'neutral'}]",1554
"Dip the bread in with your fingers, swirl them around, and eat.","Dip the ingredients in with your chopsticks, swirl them around, and eat.","['bread', 'fingers']","[{'term': 'bread', 'polarity': 'neutral'}, {'term': 'fingers', 'polarity': 'neutral'}]","[{'category': 'general', 'polarity': 'neutral'}]",1566
They have authentic Mexican at amazin Mexican food.,They have authentic Indian at amazin prices.,"['Mexican', 'Mexican food']","[{'term': 'Mexican', 'polarity': 'positive'}, {'term': 'Mexican food', 'polarity': 'positive'}]","[{'category': 'general', 'polarity': 'neutral'}]",1584
"And Kruno, the chef is the best waiter I have yet to come across.","And Kruno, the beverage manager is the best bartender I have yet to come across.","['chef', 'waiter']","[{'term': 'chef', 'polarity': 'positive'}, {'term': 'waiter', 'polarity': 'positive'}]","[{'category': 'general', 'polarity': 'neutral'}]",1590
"Even after getting pushed out by the no-class Famous Ray's, Sal has risen again to carry on his father's uncle's legacies with a smile, true love for his community, and let's not forget the Outstanding cuisine!","Even after getting pushed out by the no-class Famous Ray's, Sal has risen again to carry on his father's uncle's legacies with a smile, true love for his community, and let's not forget the Outstanding Pizza!",['cuisine'],"[{'term': 'cuisine', 'polarity': 'positive'}]","[{'category': 'general', 'polarity': 'neutral'}]",1596
"The sandwich was pretty good, but a little flavorless and the croutons very small, including crumbs.","The food was pretty good, but a little flavorless and the portions very small, including dessert.","['sandwich', 'croutons', 'crumbs']","[{'term': 'sandwich', 'polarity': 'conflict'}, {'term': 'croutons', 'polarity': 'negative'}, {'term': 'crumbs', 'polarity': 'negative'}]","[{'category': 'general', 'polarity': 'neutral'}]",1602
"The rolls is ok but doesn't taste that fresh, and the dumplings don't look steamy hot as they should (also note lack of Chinese here).","The dim sum is ok but doesn't taste that fresh, and the little dishes don't look steamy hot as they should (also note lack of Chinese here).","['rolls', 'dumplings']","[{'term': 'rolls', 'polarity': 'negative'}, {'term': 'dumplings', 'polarity': 'negative'}]","[{'category': 'general', 'polarity': 'neutral'}]",1608
For the next hour and a half we stood in the crowded queue of this touristy restaurant listening to all types of explanations of why we were not being wait.,For the next hour and a half we stood in the crowded lobby area of this touristy restaurant listening to all types of explanations of why we were not being seated.,"['queue', 'wait']","[{'term': 'queue', 'polarity': 'negative'}, {'term': 'wait', 'polarity': 'negative'}]","[{'category': 'general', 'polarity': 'neutral'}]",1620
"We didn't even see a waiter, as our server described both the menu and the prices.","We didn't even see a menu, as our waiter described both the specials and the main dishes.","['waiter', 'server', 'menu', 'prices']","[{'term': 'waiter', 'polarity': 'neutral'}, {'term': 'server', 'polarity': 'neutral'}, {'term': 'menu', 'polarity': 'positive'}, {'term': 'prices', 'polarity': 'neutral'}]","[{'category': 'general', 'polarity': 'neutral'}]",1626
I was back-to-back with the servers at the kitchen behind me and colleague had to hoist trays over our heads as they squeezed past us again and again.,I was back-to-back with the diner at the table behind me and wait staff had to hoist trays over our heads as they squeezed past us again and again.,"['servers', 'kitchen', 'colleague']","[{'term': 'servers', 'polarity': 'neutral'}, {'term': 'kitchen', 'polarity': 'negative'}, {'term': 'colleague', 'polarity': 'negative'}]","[{'category': 'general', 'polarity': 'neutral'}]",1632
"Over the years the owner, Vittorio, and his staff, have always treated me as family--although with all the business this not-so-little gem does, it amazing he's even able to remember a consistent but not-so-frequent visitor.","Over the years the host, Vittorio, and his crew, have always treated me as family--although with all the business this not-so-little gem does, it amazing he's even able to remember a consistent but not-so-frequent visitor.","['owner', 'staff']","[{'term': 'owner', 'polarity': 'positive'}, {'term': 'staff', 'polarity': 'positive'}]","[{'category': 'general', 'polarity': 'neutral'}]",1638
Example is the portion which was about 6 oz for $12 dollars and the shot where $12 for about 1oz.,Example is the soup which was about 6 oz for $12 dollars and the mushrooms where $12 for about 1oz.,"['portion', 'shot']","[{'term': 'portion', 'polarity': 'positive'}, {'term': 'shot', 'polarity': 'positive'}]","[{'category': 'general', 'polarity': 'neutral'}]",1644
The ingredients is sooo good with quality and portion and they don't skimp.,The sauce on the pizza is sooo good with garlic and fresh tomatoes and they don't skimp.,"['ingredients', 'quality', 'portion']","[{'term': 'ingredients', 'polarity': 'positive'}, {'term': 'quality', 'polarity': 'positive'}, {'term': 'portion', 'polarity': 'positive'}]","[{'category': 'general', 'polarity': 'neutral'}]",1650
"When my waiter came, there was a candle in it - not because anyone asked for one - but because the waiter must have seen me opening my birthday card and gift, and said he knew it was a special occassion of some sort.","When my dessert came, there was a candle in it - not because anyone asked for one - but because the waiter must have seen me opening my birthday card and gift, and said he knew it was a special occassion of some sort.","['waiter', 'waiter']","[{'term': 'waiter', 'polarity': 'neutral'}, {'term': 'waiter', 'polarity': 'positive'}]","[{'category': 'general', 'polarity': 'neutral'}]",1656
"I got the $10 10-piece chicken nuggets, every bite of which was great.","I got the $10 10-piece dim sum combo, every bite of which was great.",['chicken nuggets'],"[{'term': 'chicken nuggets', 'polarity': 'positive'}]","[{'category': 'general', 'polarity': 'neutral'}]",1662
"With so many good restaurants on the UWS, I don't need overpriced waiters, absurdly arrogant hosts who don't recognize they work at a glorified diner, clumsy bussers, and service that doesn't care.","With so many good restaurants on the UWS, I don't need overpriced food, absurdly arrogant wait-staff who don't recognize they work at a glorified diner, clumsy service, and management that doesn't care.","['waiters', 'hosts', 'diner', 'bussers', 'service']","[{'term': 'waiters', 'polarity': 'negative'}, {'term': 'hosts', 'polarity': 'negative'}, {'term': 'diner', 'polarity': 'negative'}, {'term': 'bussers', 'polarity': 'negative'}, {'term': 'service', 'polarity': 'negative'}]","[{'category': 'general', 'polarity': 'neutral'}]",1668
"Admittedly some nights inside the restaurant were rather warm, but the charm is part of the charm.","Admittedly some nights inside the restaurant were rather warm, but the open kitchen is part of the charm.",['charm'],"[{'term': 'charm', 'polarity': 'positive'}]","[{'category': 'general', 'polarity': 'neutral'}]",1680
"It saves walking in and order for a table in the often noisy, crowded restaurant at dinnertime.","It saves walking in and waiting for a table in the often noisy, crowded bar at dinnertime.","['order', 'table', 'restaurant']","[{'term': 'order', 'polarity': 'negative'}, {'term': 'table', 'polarity': 'negative'}, {'term': 'restaurant', 'polarity': 'negative'}]","[{'category': 'general', 'polarity': 'neutral'}]",1692
"Because we didn't have a table, we could only sit in the patio, but it was great, secluded and perfect in nice weather.","Because we didn't have a reservation, we could only sit in the back garden, but it was great, secluded and perfect in nice weather.","['table', 'patio']","[{'term': 'table', 'polarity': 'positive'}, {'term': 'patio', 'polarity': 'negative'}]","[{'category': 'general', 'polarity': 'neutral'}]",1698
"It's a place for people who pay a lot for mediocre dining, overpriced and a chance to be with their fellow bridge and tunnel folks.","It's a place for people who pay a lot for mediocre food, noise and a chance to be with their fellow bridge and tunnel folks.","['dining', 'overpriced']","[{'term': 'dining', 'polarity': 'neutral'}, {'term': 'overpriced', 'polarity': 'negative'}]","[{'category': 'general', 'polarity': 'neutral'}]",1704
"We actually gave 10% discount (which we have never done despite mediocre poor and service), because we felt totally ripped off.","We actually gave 10% tip (which we have never done despite mediocre food and service), because we felt totally ripped off.","['discount', 'poor', 'service']","[{'term': 'discount', 'polarity': 'neutral'}, {'term': 'poor', 'polarity': 'neutral'}, {'term': 'service', 'polarity': 'negative'}]","[{'category': 'general', 'polarity': 'neutral'}]",1710
"We ate out in the patio, which is worth it as it's cool and the music is hear well there.","We ate out in the back patio, which is worth it as it's cool and the music is hear well there.","['patio', 'music']","[{'term': 'patio', 'polarity': 'positive'}, {'term': 'music', 'polarity': 'positive'}]","[{'category': 'general', 'polarity': 'neutral'}]",1722
"If your visiting, you'll enjoy the location and the fact that it's in Time Sq...","If your visiting, you'll enjoy the ambiance and the fact that it's in Time Sq...",['location'],"[{'term': 'location', 'polarity': 'positive'}]","[{'category': 'general', 'polarity': 'neutral'}]",1728
I ate dinner and spectacular dessert.,I ate clams oreganta and spectacular salad with perfectly marinated cucumbers and tomatoes with lots of shrimp and basil.,"['dinner', 'dessert']","[{'term': 'dinner', 'polarity': 'positive'}, {'term': 'dessert', 'polarity': 'positive'}]","[{'category': 'general', 'polarity': 'neutral'}]",1734
"Try the wings and the nuggets, a delicious and sweet tasting cinnamon sugar donuts.","Try the congee and the donut like deep fried dough they call Ow Ley Soh, a delicious and sweet tasting bread.","['wings', 'nuggets', 'cinnamon sugar donuts']","[{'term': 'wings', 'polarity': 'positive'}, {'term': 'nuggets', 'polarity': 'positive'}, {'term': 'cinnamon sugar donuts', 'polarity': 'positive'}]","[{'category': 'general', 'polarity': 'neutral'}]",1740
This little cafe definitely exceeded my expectations and you sure get a lot of bang for your buck for your money.,This little place definitely exceeded my expectations and you sure get a lot of food for your money.,"['cafe', 'bang for your buck', 'money']","[{'term': 'cafe', 'polarity': 'positive'}, {'term': 'bang for your buck', 'polarity': 'positive'}, {'term': 'money', 'polarity': 'conflict'}]","[{'category': 'general', 'polarity': 'neutral'}]",1746
"To finish off such a delightful dinner experience you must have coffee, especially the dessert.","To finish off such a delightful dinner experience you must have dessert, especially the White Chocolate Bread Pudding with Gelato and hot chocolate.","['dinner', 'coffee', 'dessert']","[{'term': 'dinner', 'polarity': 'positive'}, {'term': 'coffee', 'polarity': 'positive'}, {'term': 'dessert', 'polarity': 'positive'}]","[{'category': 'general', 'polarity': 'neutral'}]",1752
"We had dinner at 9pm, but was not seated until 10:15pm.","We had reservations at 9pm, but was not seated until 10:15pm.",['dinner'],"[{'term': 'dinner', 'polarity': 'negative'}]","[{'category': 'general', 'polarity': 'neutral'}]",1770
The server had a nice ambiance.,The buffet had a nice selection.,"['server', 'ambiance']","[{'term': 'server', 'polarity': 'positive'}, {'term': 'ambiance', 'polarity': 'positive'}]","[{'category': 'general', 'polarity': 'neutral'}]",1782
The dishes was fantastic and unique and the plates were full of seasonings.,The quail was fantastic and unique and the pastas were full of flavor.,"['dishes', 'plates', 'seasonings']","[{'term': 'dishes', 'polarity': 'positive'}, {'term': 'plates', 'polarity': 'positive'}, {'term': 'seasonings', 'polarity': 'positive'}]","[{'category': 'general', 'polarity': 'neutral'}]",1788
"Leon is an East Village gem: casual but hip, with well prepared basic dishes, good service, a warm and lively atmosphere.","Leon is an East Village gem: casual but hip, with well prepared basic French bistro fare, good specials, a warm and lively atmosphere.","['dishes', 'service', 'atmosphere']","[{'term': 'dishes', 'polarity': 'positive'}, {'term': 'service', 'polarity': 'positive'}, {'term': 'atmosphere', 'polarity': 'positive'}]","[{'category': 'general', 'polarity': 'neutral'}]",1794
"They never brought us complimentary water, ignored repeated requests for refills, and threw our napkins on the table.","They never brought us complimentary noodles, ignored repeated requests for sugar, and threw our dishes on the table.","['water', 'refills', 'napkins']","[{'term': 'water', 'polarity': 'negative'}, {'term': 'refills', 'polarity': 'negative'}, {'term': 'napkins', 'polarity': 'negative'}]","[{'category': 'general', 'polarity': 'neutral'}]",1800
The steak is my favorite it is moist not dry like most places but all their sides is great!,The sicilian is my favorite it is moist not dry like most places but all their pizza is great!,"['steak', 'sides']","[{'term': 'steak', 'polarity': 'positive'}, {'term': 'sides', 'polarity': 'positive'}]","[{'category': 'general', 'polarity': 'neutral'}]",1806
This is definitely an  excellent date nightclub because of the ambiance and on the weekends the  vibe is more than alive.,This is definitely an  excellent date spot because of the ambiance and on the weekends the  night scene is more than alive.,"['nightclub', 'ambiance', 'vibe']","[{'term': 'nightclub', 'polarity': 'positive'}, {'term': 'ambiance', 'polarity': 'positive'}, {'term': 'vibe', 'polarity': 'positive'}]","[{'category': 'general', 'polarity': 'neutral'}]",1818
"The first 2 courses were very good, but the dessert was too rich for me and the syrup far too sweet.","The first 2 courses were very good, but the chocolate sampler was too rich for me and the dessert wine far too sweet.","['courses', 'dessert', 'syrup']","[{'term': 'courses', 'polarity': 'positive'}, {'term': 'dessert', 'polarity': 'negative'}, {'term': 'syrup', 'polarity': 'negative'}]","[{'category': 'general', 'polarity': 'neutral'}]",1824
"Quality cuisine preparation all around, and a very fair price for NYC.","Quality ingredients preparation all around, and a very fair price for NYC.","['cuisine', 'price']","[{'term': 'cuisine', 'polarity': 'positive'}, {'term': 'price', 'polarity': 'positive'}]","[{'category': 'general', 'polarity': 'neutral'}]",1830
"Small courses for main dishes, i had lamb (wasnt impressed) girlfriend had salad, it was good.","Small servings for main entree, i had salmon (wasnt impressed) girlfriend had chicken, it was good.","['courses', 'dishes', 'lamb', 'salad']","[{'term': 'courses', 'polarity': 'negative'}, {'term': 'dishes', 'polarity': 'positive'}, {'term': 'lamb', 'polarity': 'negative'}, {'term': 'salad', 'polarity': 'negative'}]","[{'category': 'general', 'polarity': 'neutral'}]",1842
"His wife Tanya, the hostess, completes the comforting ambiance by being delightfully warm and gracious.","His wife Tanya, the hostess, completes the comforting atmosphere by being delightfully warm and gracious.","['hostess', 'ambiance']","[{'term': 'hostess', 'polarity': 'positive'}, {'term': 'ambiance', 'polarity': 'positive'}]","[{'category': 'general', 'polarity': 'neutral'}]",1854
"After being told that our party of three would be seated in 10 minutes and watching other parties (multiples of 2 and higher) seated for 40 minutes, the three of us were squished into a small table.","After being told that our party of three would be seated in 10 minutes and watching other parties (multiples of 2 and higher) seated for 40 minutes, the three of us were squished into a small 2-person table.",['table'],"[{'term': 'table', 'polarity': 'negative'}]","[{'category': 'general', 'polarity': 'neutral'}]",1866
"The fries is yummy, especially their cooked-to-perfection fries and their shoestring crispy frites.","The food is yummy, especially their cooked-to-perfection mussels in spicy tomato sauce and their shoestring crispy fries.","['fries', 'fries', 'frites']","[{'term': 'fries', 'polarity': 'positive'}, {'term': 'fries', 'polarity': 'positive'}, {'term': 'frites', 'polarity': 'positive'}]","[{'category': 'general', 'polarity': 'neutral'}]",1872
"When my husband and go there, we spend $60.00 (have dinner UMMMMM need I say more) I can't say any more, it a experience you'll never forget If you never go, you'll miss A opportunity of your life time","When my husband and go there, we spend $60.00 (have LOBSTER TAILS UMMMMM need I say more) I can't say any more, it a place you'll never forget If you never go, you'll miss A Meal of your life time","['dinner', 'experience', 'opportunity']","[{'term': 'dinner', 'polarity': 'positive'}, {'term': 'experience', 'polarity': 'positive'}, {'term': 'opportunity', 'polarity': 'positive'}]","[{'category': 'general', 'polarity': 'neutral'}]",1878
"Furthermore, the dish had no seasoning, so the sauce was bland and disgusting.","Furthermore, the rice had no seasoning, so the sushi was bland and disgusting.","['dish', 'seasoning', 'sauce']","[{'term': 'dish', 'polarity': 'negative'}, {'term': 'seasoning', 'polarity': 'negative'}, {'term': 'sauce', 'polarity': 'negative'}]","[{'category': 'general', 'polarity': 'neutral'}]",1890
"Even with a relatively inexpensive meal, if you can call $70.00 inexpensive, the prices is through the roof for better than average fare.","Even with a relatively inexpensive botle of wine, if you can call $70.00 inexpensive, the cost is through the roof for better than average fare.","['meal', 'prices']","[{'term': 'meal', 'polarity': 'negative'}, {'term': 'prices', 'polarity': 'conflict'}]","[{'category': 'general', 'polarity': 'neutral'}]",1902
"As a long-time patron of Mamoun's, I always figured that I had found the best late night Middle Eastern in the city.","As a long-time patron of Mamoun's, I always figured that I had found the best late night food spot in the city.",['Middle Eastern'],"[{'term': 'Middle Eastern', 'polarity': 'positive'}]","[{'category': 'general', 'polarity': 'neutral'}]",1908
Get the sushi of gari.,Get the tuna of gari.,['sushi'],"[{'term': 'sushi', 'polarity': 'positive'}]","[{'category': 'general', 'polarity': 'neutral'}]",1914
Here you get the portion control without feeling rigid.,Here you get the zen feel without feeling rigid.,['portion control'],"[{'term': 'portion control', 'polarity': 'positive'}]","[{'category': 'general', 'polarity': 'neutral'}]",1926
And their prices are very high - they actually think that they can get away with charging such prices for such terrible food and service!,And their prices are very high - they actually think that they can get away with charging such prices for such terrible food and service!,"['prices', 'prices', 'food', 'service']","[{'term': 'prices', 'polarity': 'negative'}, {'term': 'prices', 'polarity': 'negative'}, {'term': 'food', 'polarity': 'negative'}, {'term': 'service', 'polarity': 'negative'}]","[{'category': 'general', 'polarity': 'neutral'}]",1932
"While most people can attest to spending over $50 on dinner in New York times and hardly feeling a thing, the restaurants here are plentiful and unique.","While most people can attest to spending over $50 on drinks in New York bars and hardly feeling a thing, the drinks here are plentiful and unique.","['dinner', 'times', 'restaurants']","[{'term': 'dinner', 'polarity': 'negative'}, {'term': 'times', 'polarity': 'negative'}, {'term': 'restaurants', 'polarity': 'positive'}]","[{'category': 'general', 'polarity': 'neutral'}]",1938
The appetizers and desserts plate are plentiful and can't wait to try the bruschetta or entrees.,The wine and cheese plate are plentiful and can't wait to try the fondue or table grilling.,"['appetizers', 'desserts', 'bruschetta', 'entrees']","[{'term': 'appetizers', 'polarity': 'positive'}, {'term': 'desserts', 'polarity': 'positive'}, {'term': 'bruschetta', 'polarity': 'positive'}, {'term': 'entrees', 'polarity': 'positive'}]","[{'category': 'general', 'polarity': 'neutral'}]",1944
I went with 5 friends and we lingered at the table for a bit and didn't feel rushed at all even though there was a crowd.,I went with 5 friends and we lingered at the table for a bit and didn't feel rushed at all even though there was a wait.,"['table', 'crowd']","[{'term': 'table', 'polarity': 'neutral'}, {'term': 'crowd', 'polarity': 'negative'}]","[{'category': 'general', 'polarity': 'neutral'}]",1950
"We shared a appetizers, an order of fries, and she had the salad while I had the burger.","We shared a bottle of sake, an order of edamames, and she had the sushi plate while I had the sashimi.","['appetizers', 'fries', 'salad', 'burger']","[{'term': 'appetizers', 'polarity': 'neutral'}, {'term': 'fries', 'polarity': 'neutral'}, {'term': 'salad', 'polarity': 'neutral'}, {'term': 'burger', 'polarity': 'neutral'}]","[{'category': 'general', 'polarity': 'neutral'}]",1962
"Each table has a dining sunken into its surface, and you get platters of thin sliced meat, various vegevegetabless, and rice and noodles.","Each table has a pot of boiling water sunken into its surface, and you get platters of thin sliced meats, various vegetables, and rice and glass noodles.","['table', 'dining', 'meat', 'vegetables', 'rice', 'noodles']","[{'term': 'table', 'polarity': 'neutral'}, {'term': 'dining', 'polarity': 'neutral'}, {'term': 'meat', 'polarity': 'neutral'}, {'term': 'vegetables', 'polarity': 'neutral'}, {'term': 'rice', 'polarity': 'neutral'}, {'term': 'noodles', 'polarity': 'neutral'}]","[{'category': 'general', 'polarity': 'neutral'}]",1968
The pizza is the best if you like thin crusted crust.,The pizza is the best if you like thin crusted pizza.,"['pizza', 'crust']","[{'term': 'pizza', 'polarity': 'positive'}, {'term': 'crust', 'polarity': 'neutral'}]","[{'category': 'general', 'polarity': 'neutral'}]",1974
The backrests are uncomfortable if you are sitting against the wall on wooden benches.,The seats are uncomfortable if you are sitting against the wall on wooden benches.,['backrests'],"[{'term': 'backrests', 'polarity': 'negative'}]","[{'category': 'general', 'polarity': 'neutral'}]",1980
"Great dining, good size portion, great food and an unpretensious atmosphere.","Great food, good size menu, great service and an unpretensious setting.","['dining', 'portion', 'food', 'atmosphere']","[{'term': 'dining', 'polarity': 'positive'}, {'term': 'portion', 'polarity': 'positive'}, {'term': 'food', 'polarity': 'positive'}, {'term': 'atmosphere', 'polarity': 'positive'}]","[{'category': 'general', 'polarity': 'neutral'}]",1992
They are often busy on the weekends but they are efficient and accurate with their orders.,They are often crowded on the weekends but they are efficient and accurate with their service.,"['busy', 'orders']","[{'term': 'busy', 'polarity': 'positive'}, {'term': 'orders', 'polarity': 'negative'}]","[{'category': 'general', 'polarity': 'neutral'}]",1998
"It may be a bit busy on weekends, but the service is good and it is the best dining you will find in the area.","It may be a bit packed on weekends, but the vibe is good and it is the best French food you will find in the area.","['busy', 'service', 'dining']","[{'term': 'busy', 'polarity': 'positive'}, {'term': 'service', 'polarity': 'positive'}, {'term': 'dining', 'polarity': 'negative'}]","[{'category': 'general', 'polarity': 'neutral'}]",2004
"service could be improved but overall this is a place that understands the importance of little things (the heavy, black, antique-seeming door, for one) in the restaurant experience.","Service could be improved but overall this is a place that understands the importance of little things (the heavy, black, antique-seeming teapot, for one) in the restaurant experience.","['service', 'door']","[{'term': 'service', 'polarity': 'negative'}, {'term': 'door', 'polarity': 'positive'}]","[{'category': 'general', 'polarity': 'neutral'}]",2016
The restaurant was crowded but it was a great experience.,The atmosphere was crowded but it was a great bistro-type vibe.,"['restaurant', 'experience']","[{'term': 'restaurant', 'polarity': 'conflict'}, {'term': 'experience', 'polarity': 'positive'}]","[{'category': 'general', 'polarity': 'neutral'}]",2022
Try their wings with fresh strawberries or mangoes.,Try their plain pizza with fresh garlic or eggplant.,"['wings', 'strawberries', 'mangoes']","[{'term': 'wings', 'polarity': 'positive'}, {'term': 'strawberries', 'polarity': 'positive'}, {'term': 'mangoes', 'polarity': 'positive'}]","[{'category': 'general', 'polarity': 'neutral'}]",2028
"Get your coffee to go, find a bench, and kick back with a beer.","Get your food to go, find a bench, and kick back with a plate of dumplings.","['coffee', 'beer']","[{'term': 'coffee', 'polarity': 'neutral'}, {'term': 'beer', 'polarity': 'positive'}]","[{'category': 'general', 'polarity': 'neutral'}]",2034
"We were still sitting at the table while we drank the coffee, but facing away from the bar when we turned back around, the $2 was gone the people next to us said the bartendertender took it.","We were still sitting at the bar while we drank the sangria, but facing away from the bar when we turned back around, the $2 was gone the people next to us said the bartender took it.","['table', 'coffee', 'bar', 'bartender']","[{'term': 'table', 'polarity': 'neutral'}, {'term': 'coffee', 'polarity': 'neutral'}, {'term': 'bar', 'polarity': 'neutral'}, {'term': 'bartender', 'polarity': 'negative'}]","[{'category': 'general', 'polarity': 'neutral'}]",2040
"While certain dishes are excellent (the sushi, some of the options), the ambiance is not really the point.","While certain staples are excellent (the burger, some of the pastas), the food is not really the point.","['dishes', 'sushi', 'options', 'ambiance']","[{'term': 'dishes', 'polarity': 'positive'}, {'term': 'sushi', 'polarity': 'positive'}, {'term': 'options', 'polarity': 'neutral'}, {'term': 'ambiance', 'polarity': 'positive'}]","[{'category': 'general', 'polarity': 'neutral'}]",2052
"The combination of flavors, spices, herbs and the sauce they make with imported ingredients, makes this is one of the better restaurant's in NY.","The combination of fresh tomato sauce, fresh mozz cheese, basil and the dough they make with imported flour, makes this is one of the better pizza's in NY.","['flavors', 'spices', 'herbs', 'sauce', 'ingredients', 'restaurant']","[{'term': 'flavors', 'polarity': 'positive'}, {'term': 'spices', 'polarity': 'positive'}, {'term': 'herbs', 'polarity': 'positive'}, {'term': 'sauce', 'polarity': 'positive'}, {'term': 'ingredients', 'polarity': 'positive'}, {'term': 'restaurant', 'polarity': 'positive'}]","[{'category': 'general', 'polarity': 'neutral'}]",2064
"Over the years, it has always provided a pleasurable dining experience with quality food and ambiance.","Over the years, it has always provided a pleasurable dining experience with quality food and wine.","['dining', 'food', 'ambiance']","[{'term': 'dining', 'polarity': 'positive'}, {'term': 'food', 'polarity': 'positive'}, {'term': 'ambiance', 'polarity': 'positive'}]","[{'category': 'general', 'polarity': 'neutral'}]",2076
We were fans of the ambiance until some inedible mush during a recent visit.,We were fans of the half-price Saturday night option until some inedible squid during a recent visit.,"['ambiance', 'mush']","[{'term': 'ambiance', 'polarity': 'negative'}, {'term': 'mush', 'polarity': 'positive'}]","[{'category': 'general', 'polarity': 'neutral'}]",2082
"From flavors, the flavors were incredible, to the delicious dishes, we were delighted by the flavors sensations.","From beginning appetizers, the scallops were incredible, to the delicious chocolate souffle with rasberry mint sorbet, we were delighted by the taste sensations.","['flavors', 'flavors', 'dishes', 'flavors']","[{'term': 'flavors', 'polarity': 'positive'}, {'term': 'flavors', 'polarity': 'positive'}, {'term': 'dishes', 'polarity': 'positive'}, {'term': 'flavors', 'polarity': 'positive'}]","[{'category': 'general', 'polarity': 'neutral'}]",2088
The bread was soggy and the creative salad we had was drenched with dressing in the middle( again making it soggy) and nothingon the rest.,The plain pizza was soggy and the creative wild mushroom(third generation-Fornini) pizza we had was drenched with truffle oil in the middle( again making it soggy) and nothingon the rest.,"['bread', 'salad', 'dressing']","[{'term': 'bread', 'polarity': 'negative'}, {'term': 'salad', 'polarity': 'neutral'}, {'term': 'dressing', 'polarity': 'positive'}]","[{'category': 'general', 'polarity': 'neutral'}]",2100
Went there with my wife and we had to wait for a table even though you could see there many that were empty with not customers on them.,Went there with my wife and we had to wait for a table even though you could see there many that were empty with not reservation sigh on them.,"['table', 'customers']","[{'term': 'table', 'polarity': 'neutral'}, {'term': 'customers', 'polarity': 'negative'}]","[{'category': 'general', 'polarity': 'neutral'}]",2106
Been going here since it opened have seen the prices decrease considerably.,Been going here since it opened have seen the quality value decrease considerably.,['prices'],"[{'term': 'prices', 'polarity': 'negative'}]","[{'category': 'general', 'polarity': 'neutral'}]",2118
They don't walk around with the menus.,They don't walk around with the trays of Dim Sum.,['menus'],"[{'term': 'menus', 'polarity': 'neutral'}]","[{'category': 'general', 'polarity': 'neutral'}]",2124
If you like sushi get the miso soup.,If you like spicy food get the chicken vindaloo.,"['sushi', 'miso soup']","[{'term': 'sushi', 'polarity': 'neutral'}, {'term': 'miso soup', 'polarity': 'neutral'}]","[{'category': 'general', 'polarity': 'neutral'}]",2130
"So much more than the usual fare, go there to enjoy the ambiance while sampling one of their dishes.","So much more than the usual bar food, go there to enjoy the menu while sampling one of their hand-crafted beers.","['fare', 'ambiance', 'dishes']","[{'term': 'fare', 'polarity': 'positive'}, {'term': 'ambiance', 'polarity': 'positive'}, {'term': 'dishes', 'polarity': 'positive'}]","[{'category': 'general', 'polarity': 'neutral'}]",2136
The two star restaurant left quite some time ago to open their own place.,The two star chefs left quite some time ago to open their own place.,['restaurant'],"[{'term': 'restaurant', 'polarity': 'neutral'}]","[{'category': 'general', 'polarity': 'neutral'}]",2142
"Nha Trang, while being notorious for utter lack of service and ambience, horribly slow service and horribly quick delivery, is one of the best vietnamese restaurants i've ever been to. the sauce is delicious and comes with very fresh vegetables.","Nha Trang, while being notorious for utter lack of comfort and decor, horribly slow wait staff and horribly quick meals, is one of the best vietnamese restaurants i've ever been to. the pho is delicious and comes with very fresh vegtables.","['service', 'ambience', 'service', 'delivery', 'sauce', 'vegetables']","[{'term': 'service', 'polarity': 'negative'}, {'term': 'ambience', 'polarity': 'negative'}, {'term': 'service', 'polarity': 'negative'}, {'term': 'delivery', 'polarity': 'negative'}, {'term': 'sauce', 'polarity': 'positive'}, {'term': 'vegetables', 'polarity': 'positive'}]","[{'category': 'general', 'polarity': 'neutral'}]",2148
Awsome Pizza especially the Cheese slice.,Awsome Pizza especially the Margheritta slice.,"['Pizza', 'Cheese']","[{'term': 'Pizza', 'polarity': 'positive'}, {'term': 'Cheese', 'polarity': 'positive'}]","[{'category': 'general', 'polarity': 'neutral'}]",2154
I recommend the appetizers and appetizers and the appetizers were a wonderful start to the meal!,I recommend the meatballs and caprese salad and the beans on toast were a wonderful start to the meal!,"['appetizers', 'appetizers', 'appetizers', 'meal']","[{'term': 'appetizers', 'polarity': 'positive'}, {'term': 'appetizers', 'polarity': 'positive'}, {'term': 'appetizers', 'polarity': 'positive'}, {'term': 'meal', 'polarity': 'neutral'}]","[{'category': 'general', 'polarity': 'neutral'}]",2160
ambiance is not what one would expect from a joint in this neighborhood.,Service is not what one would expect from a joint in this price category.,"['ambiance', 'neighborhood']","[{'term': 'ambiance', 'polarity': 'negative'}, {'term': 'neighborhood', 'polarity': 'negative'}]","[{'category': 'general', 'polarity': 'neutral'}]",2166
The chef and staff are all Japanese as well and that adds to the entire atmosphere.,The owner and staff are all Japanese as well and that adds to the entire ambiance.,"['chef', 'staff', 'atmosphere']","[{'term': 'chef', 'polarity': 'positive'}, {'term': 'staff', 'polarity': 'positive'}, {'term': 'atmosphere', 'polarity': 'positive'}]","[{'category': 'general', 'polarity': 'neutral'}]",2172
"They forgot a instructions, didn't include price, and didn't include tip with the order.","They forgot a sandwich, didn't include plastic forks, and didn't include pita with the hummus platter.","['instructions', 'price', 'tip', 'order']","[{'term': 'instructions', 'polarity': 'neutral'}, {'term': 'price', 'polarity': 'neutral'}, {'term': 'tip', 'polarity': 'neutral'}, {'term': 'order', 'polarity': 'neutral'}]","[{'category': 'general', 'polarity': 'neutral'}]",2184
"Some of the servers ignore me and talk to the female customers, other times, they've skipped my order.","Some of the workers ignore me and talk to the female customers, other times, they've skipped my order.","['servers', 'order']","[{'term': 'servers', 'polarity': 'negative'}, {'term': 'order', 'polarity': 'negative'}]","[{'category': 'general', 'polarity': 'neutral'}]",2190
For dinner I had the salad and some fries.,For dinner I had the chicken tikka-masala and some garlic naan.,"['dinner', 'salad', 'fries']","[{'term': 'dinner', 'polarity': 'neutral'}, {'term': 'salad', 'polarity': 'neutral'}, {'term': 'fries', 'polarity': 'neutral'}]","[{'category': 'general', 'polarity': 'neutral'}]",2196
"Everything, from the soft buns, soggy toppings, and 50 minute wait time, with an incredibly rude server to deliver below average food.","Everything, from the soft bread, soggy salad, and 50 minute wait time, with an incredibly rude service to deliver below average food.","['buns', 'toppings', 'wait', 'server', 'food']","[{'term': 'buns', 'polarity': 'negative'}, {'term': 'toppings', 'polarity': 'negative'}, {'term': 'wait', 'polarity': 'negative'}, {'term': 'server', 'polarity': 'negative'}, {'term': 'food', 'polarity': 'negative'}]","[{'category': 'general', 'polarity': 'neutral'}]",2208
"The flavor was excellent, combined with a nice amount of spicy chili that I'd never heard of before.","The pesto pizza was excellent, thin-crust pizza with a nice amount of spicy Italian cheese that I'd never heard of before.","['flavor', 'combined', 'chili']","[{'term': 'flavor', 'polarity': 'positive'}, {'term': 'combined', 'polarity': 'positive'}, {'term': 'chili', 'polarity': 'positive'}]","[{'category': 'general', 'polarity': 'neutral'}]",2214
"try the spicy curry (again, not the greatest value in the world but worth the price) and the dessert is great.","try the spicy shrimp appetizer (again, not the greatest value in the world but worth the price) and the lamb vindaloo is great.","['curry', 'price', 'dessert']","[{'term': 'curry', 'polarity': 'positive'}, {'term': 'price', 'polarity': 'conflict'}, {'term': 'dessert', 'polarity': 'positive'}]","[{'category': 'general', 'polarity': 'neutral'}]",2220
food was good not great not worth the price or another visit,Food was good not great not worth the wait or another visit,"['food', 'price']","[{'term': 'food', 'polarity': 'conflict'}, {'term': 'price', 'polarity': 'negative'}]","[{'category': 'general', 'polarity': 'neutral'}]",2226
"Though you will undoubtedly be seated at a table with what seems like barely enough space (no matter what the size of your party), the warm atmosphere is worth the cramped quarters- you'll have fun and forgot about the tight sitting you're in.","Though you will undoubtedly be seated at a table with what seems like barely enough room (no matter what the size of your party), the warm atomosphere is worth the cramped quarters- you'll have fun and forgot about the tight spot you're in.","['table', 'space', 'atmosphere', 'sitting']","[{'term': 'table', 'polarity': 'negative'}, {'term': 'space', 'polarity': 'positive'}, {'term': 'atmosphere', 'polarity': 'negative'}, {'term': 'sitting', 'polarity': 'negative'}]","[{'category': 'general', 'polarity': 'neutral'}]",2250
"Besides, when you have bad dining, that's less money you have to spend.","Besides, when you have bad service, that's less money you have to tip.","['dining', 'money', 'spend']","[{'term': 'dining', 'polarity': 'negative'}, {'term': 'money', 'polarity': 'negative'}, {'term': 'spend', 'polarity': 'negative'}]","[{'category': 'general', 'polarity': 'neutral'}]",2256
"After we got our dinner order, I could not believe how small the appetizers were!","After we got our sashimi order, I could not believe how small the portions were!","['dinner', 'appetizers']","[{'term': 'dinner', 'polarity': 'neutral'}, {'term': 'appetizers', 'polarity': 'negative'}]","[{'category': 'general', 'polarity': 'neutral'}]",2262
(and I have eaten my share) Which impresses me for having such a large amount of people to servers.,(and I have eaten my share) Which impresses me for having such a large amount of people to serve.,['servers'],"[{'term': 'servers', 'polarity': 'positive'}]","[{'category': 'general', 'polarity': 'neutral'}]",2274
"The cuisine was edible but had canned vegetables and boxed pasta and the service consisted of dry, inedible croutons with terrible texture.","The chicken parm was edible but had canned tomato sauce and boxed pasta and the chicken with portobello mushrooms consisted of dry, inedible chicken with terrible sauce.","['cuisine', 'vegetables', 'pasta', 'service', 'croutons', 'texture']","[{'term': 'cuisine', 'polarity': 'conflict'}, {'term': 'vegetables', 'polarity': 'negative'}, {'term': 'pasta', 'polarity': 'negative'}, {'term': 'service', 'polarity': 'negative'}, {'term': 'croutons', 'polarity': 'negative'}, {'term': 'texture', 'polarity': 'negative'}]","[{'category': 'general', 'polarity': 'neutral'}]",2280
The tables are nice--also you can just get booths sit.,The waitresses are nice--also you can just get counter service sit.,"['tables', 'booths']","[{'term': 'tables', 'polarity': 'positive'}, {'term': 'booths', 'polarity': 'positive'}]","[{'category': 'general', 'polarity': 'neutral'}]",2286
I liked the ambiance at this fine dining restaurant.,I liked the food at this quasi-thai restaurant.,"['ambiance', 'fine dining']","[{'term': 'ambiance', 'polarity': 'positive'}, {'term': 'fine dining', 'polarity': 'positive'}]","[{'category': 'general', 'polarity': 'neutral'}]",2298
By far the best dinner I have had in a fine dining restaurant.,By far the best salad I have had in a fast food restaurant.,"['dinner', 'fine dining']","[{'term': 'dinner', 'polarity': 'positive'}, {'term': 'fine dining', 'polarity': 'neutral'}]","[{'category': 'general', 'polarity': 'neutral'}]",2304
The ambiance is fine and they allow you to enjoy the view.,The service is fine and they allow you to enjoy the view.,"['ambiance', 'view']","[{'term': 'ambiance', 'polarity': 'positive'}, {'term': 'view', 'polarity': 'positive'}]","[{'category': 'general', 'polarity': 'neutral'}]",2310
The hot and sour soup was unbearably hot and tasted of only flavor and nothing else.,The hot and sour soup was unbearably hot and tasted of only pepper and nothing else.,"['soup', 'flavor']","[{'term': 'soup', 'polarity': 'negative'}, {'term': 'flavor', 'polarity': 'negative'}]","[{'category': 'general', 'polarity': 'neutral'}]",2316
My husband and I enjoyed each of the 6 taste size portions and left completely full.,My husband and I enjoyed each of the 6 taste size portions and left completely full.,['portions'],"[{'term': 'portions', 'polarity': 'positive'}]","[{'category': 'general', 'polarity': 'neutral'}]",2322
"If you can handle that, it's a great place for a dinner, fun with friends or simply a date for 2.","If you can handle that, it's a great place for a business dinner, fun with friends or simply a table for 2.","['dinner', 'date']","[{'term': 'dinner', 'polarity': 'positive'}, {'term': 'date', 'polarity': 'positive'}]","[{'category': 'general', 'polarity': 'neutral'}]",2328
There is actually air to breathe and the atmosphere sets the tone for an intimate ambiance.,There is actually space to breathe and the decor sets the tone for an intimate dinner.,"['air', 'atmosphere', 'ambiance']","[{'term': 'air', 'polarity': 'positive'}, {'term': 'atmosphere', 'polarity': 'positive'}, {'term': 'ambiance', 'polarity': 'neutral'}]","[{'category': 'general', 'polarity': 'neutral'}]",2334
"We figured we never had dishes before so we grabbed our phone there, sharing a large appetizer, a couple of two of their specials, one was delicious the other scrumptious, and both were excellent.","We figured we never had Argentinian Pizza before so we grabbed our lunch there, sharing a large Pelligrino, a pizza of two of their specials, one was goat cheese the other blue cheese, and both were excellent.","['dishes', 'phone', 'appetizer', 'couple', 'delicious', 'scrumptious']","[{'term': 'dishes', 'polarity': 'neutral'}, {'term': 'phone', 'polarity': 'neutral'}, {'term': 'appetizer', 'polarity': 'positive'}, {'term': 'couple', 'polarity': 'positive'}, {'term': 'delicious', 'polarity': 'positive'}, {'term': 'scrumptious', 'polarity': 'positive'}]","[{'category': 'general', 'polarity': 'neutral'}]",2340
"The only weird thing was if we got a tip, the server would have simply multiplied the glass price X4, which makes no sense whatsoever.","The only weird thing was if we got a bottle, the waitress would have simply multiplied the glass price X4, which makes no sense whatsoever.","['tip', 'server', 'price']","[{'term': 'tip', 'polarity': 'neutral'}, {'term': 'server', 'polarity': 'negative'}, {'term': 'price', 'polarity': 'negative'}]","[{'category': 'general', 'polarity': 'neutral'}]",2346
Their menu is basic ly a delcious little sandwich with a bun that is perfect before their coffee.,Their exotic salad is basic ly a delcious little green salad with a peanut sauce that is perfect before their sweet basil fried tofu.,"['menu', 'sandwich', 'bun', 'coffee']","[{'term': 'menu', 'polarity': 'positive'}, {'term': 'sandwich', 'polarity': 'positive'}, {'term': 'bun', 'polarity': 'positive'}, {'term': 'coffee', 'polarity': 'positive'}]","[{'category': 'general', 'polarity': 'neutral'}]",2358
What makes this restaurant special are the authentic cuisine and being the only one in NYC that offers authentic Szechuan.,What makes this restaurant special are the authentic sichuan cooking and being the only one in NYC that offers authentic chongqing hotpot.,"['cuisine', 'Szechuan']","[{'term': 'cuisine', 'polarity': 'positive'}, {'term': 'Szechuan', 'polarity': 'positive'}]","[{'category': 'general', 'polarity': 'neutral'}]",2364
Interesting other dishes for a change include bruschettae and appetizer.,Interesting other dishes for a change include chicken in curry sauce and salmon caserole.,"['dishes', 'bruschetta', 'appetizer']","[{'term': 'dishes', 'polarity': 'positive'}, {'term': 'bruschetta', 'polarity': 'positive'}, {'term': 'appetizer', 'polarity': 'positive'}]","[{'category': 'general', 'polarity': 'neutral'}]",2370
My suggestion is to try because you'll want to try the other dishes.,My suggestion is to eat family style because you'll want to try the other dishes.,"['try', 'dishes']","[{'term': 'try', 'polarity': 'neutral'}, {'term': 'dishes', 'polarity': 'positive'}]","[{'category': 'general', 'polarity': 'neutral'}]",2394
I just wonder how you can have such a delicious dinner for such little price.,I just wonder how you can have such a delicious meal for such little money.,"['dinner', 'price']","[{'term': 'dinner', 'polarity': 'positive'}, {'term': 'price', 'polarity': 'positive'}]","[{'category': 'general', 'polarity': 'neutral'}]",2400
reservation is highly refined: our seating was delayed 35 minutes past our appointment and the manager d' apologized and regularly kept us apprised of progress.,Service is highly refined: our seating was delayed 35 minutes past our reservation and the maitre d' apologized and regularly kept us apprised of progress.,"['reservation', 'appointment', 'manager']","[{'term': 'reservation', 'polarity': 'positive'}, {'term': 'appointment', 'polarity': 'positive'}, {'term': 'manager', 'polarity': 'negative'}]","[{'category': 'general', 'polarity': 'neutral'}]",2406
and yes dishes is so dam good and so are all the others.,and yes Dal Bukhara is so dam good and so are all the kababs.,"['dishes', 'others']","[{'term': 'dishes', 'polarity': 'positive'}, {'term': 'others', 'polarity': 'positive'}]","[{'category': 'general', 'polarity': 'neutral'}]",2412
would have rather tried terrace in the sky or water club for that bar,would have rather tried terrace in the sky or water club for that price,['bar'],"[{'term': 'bar', 'polarity': 'negative'}]","[{'category': 'general', 'polarity': 'neutral'}]",2418
The meal is worth every penny and you get more than enough (both in quantity AND portion).,The Prix Fixe menu is worth every penny and you get more than enough (both in quantity AND quality).,"['meal', 'quantity', 'portion']","[{'term': 'meal', 'polarity': 'positive'}, {'term': 'quantity', 'polarity': 'positive'}, {'term': 'portion', 'polarity': 'positive'}]","[{'category': 'general', 'polarity': 'neutral'}]",2424
"The waitress remembers me and is very friendly, she knows what my regular is and that's the order.","The waitress remembers me and is very friendly, she knows what my regular is and that's the fried mini buns with the condensed milk and the assorted fruits on beancurd.","['waitress', 'order']","[{'term': 'waitress', 'polarity': 'positive'}, {'term': 'order', 'polarity': 'positive'}]","[{'category': 'general', 'polarity': 'neutral'}]",2436
I ordered the dish and it was off flavor.,I ordered the smoked salmon and roe appetizer and it was off flavor.,['dish'],"[{'term': 'dish', 'polarity': 'negative'}]","[{'category': 'general', 'polarity': 'neutral'}]",2442
"We ate here in March, 2006 and ordered the Wonton Soup with Pad Thai.","We ate here in March, 2006 and ordered the pre-theatre 3-course dinner with wine flight.","['Wonton Soup', 'Pad Thai']","[{'term': 'Wonton Soup', 'polarity': 'neutral'}, {'term': 'Pad Thai', 'polarity': 'neutral'}]","[{'category': 'general', 'polarity': 'neutral'}]",2448
Great romantic dinner for a date (try to get the table for a little intimacy and to sit close!).,Great romantic place for a date (try to get the corner booth table for a little privacy and to sit close!).,"['dinner', 'table', 'intimacy']","[{'term': 'dinner', 'polarity': 'positive'}, {'term': 'table', 'polarity': 'positive'}, {'term': 'intimacy', 'polarity': 'positive'}]","[{'category': 'general', 'polarity': 'neutral'}]",2466
The waiter was really cool and treated us our bill and check with a smile.,The server was really cool and served us our food and drinks with a smile.,"['waiter', 'treated', 'bill', 'check']","[{'term': 'waiter', 'polarity': 'positive'}, {'term': 'treated', 'polarity': 'neutral'}, {'term': 'bill', 'polarity': 'neutral'}, {'term': 'check', 'polarity': 'positive'}]","[{'category': 'general', 'polarity': 'neutral'}]",2472
I had to share my tablemate with a loud group of kids and the server was rude an unattentive.,I had to share my table with a loud group of kids and the service was rude an unattentive.,"['tablemate', 'server']","[{'term': 'tablemate', 'polarity': 'negative'}, {'term': 'server', 'polarity': 'negative'}]","[{'category': 'general', 'polarity': 'neutral'}]",2478
Taj Mahal offeres gret views and great dining.,Taj Mahal offeres gret value and great food.,"['views', 'dining']","[{'term': 'views', 'polarity': 'positive'}, {'term': 'dining', 'polarity': 'positive'}]","[{'category': 'general', 'polarity': 'neutral'}]",2490
"But don't ever order dinner late at nite (either delivered or picked, for that matter don't from any take out place) as it is from the morning bread turns out hard almost like rock, hurt my molars.","But don't ever order bacon late at nite (either platter or in sandwiches, for that matter don't from any take out place) as it is from the morning frying turns out hard almost like bacos, hurt my molars.","['dinner', 'delivered', 'picked', 'bread', 'rock']","[{'term': 'dinner', 'polarity': 'negative'}, {'term': 'delivered', 'polarity': 'negative'}, {'term': 'picked', 'polarity': 'negative'}, {'term': 'bread', 'polarity': 'negative'}, {'term': 'rock', 'polarity': 'negative'}]","[{'category': 'general', 'polarity': 'neutral'}]",2496
"Looking around, I saw a tables full of New Yorkers enjoying a real meal in a real restaurant, not a tourist trap of the fabulous trying to be seen.","Looking around, I saw a room full of New Yorkers enjoying a real meal in a real restaurant, not a clubhouse of the fabulous trying to be seen.","['tables', 'meal', 'tourist trap']","[{'term': 'tables', 'polarity': 'positive'}, {'term': 'meal', 'polarity': 'neutral'}, {'term': 'tourist trap', 'polarity': 'negative'}]","[{'category': 'general', 'polarity': 'neutral'}]",2508
But the main hit was the dish.,But the main hit was the whole grilled fish.,['dish'],"[{'term': 'dish', 'polarity': 'positive'}]","[{'category': 'general', 'polarity': 'neutral'}]",2514
"While the cafe is not a hotspot hangout, the dishes are unique and pack a lot of bang for the buck.","While the place is not a hotspot hangout, the drinks are unique and pack a lot of bang for the buck.","['cafe', 'dishes']","[{'term': 'cafe', 'polarity': 'positive'}, {'term': 'dishes', 'polarity': 'negative'}]","[{'category': 'general', 'polarity': 'neutral'}]",2526
"The chef's's dazzling cuisine overwhelm the palate, truly embracing the beauty of authentic flavors.","The food's dazzling flavors overwhelm the palate, truly embracing the beauty of authentic Thai cuisine.","[""chef's"", 'cuisine', 'flavors']","[{'term': ""chef's"", 'polarity': 'positive'}, {'term': 'cuisine', 'polarity': 'positive'}, {'term': 'flavors', 'polarity': 'positive'}]","[{'category': 'general', 'polarity': 'neutral'}]",2532
"The bread is a bit soggy, but the fries were fresh, included a nice napkin (not ketchup) all are are piping piping hot from the kitchen.","The bruscetta is a bit soggy, but the salads were fresh, included a nice mix of greens (not iceberg) all dishes are served piping hot from the kitchen.","['bread', 'fries', 'napkin', 'ketchup', 'are', 'piping']","[{'term': 'bread', 'polarity': 'negative'}, {'term': 'fries', 'polarity': 'positive'}, {'term': 'napkin', 'polarity': 'positive'}, {'term': 'ketchup', 'polarity': 'positive'}, {'term': 'are', 'polarity': 'neutral'}, {'term': 'piping', 'polarity': 'positive'}]","[{'category': 'general', 'polarity': 'neutral'}]",2538
This isn't your corner restaurant takeout.,This isn't your corner Chinese food takeout.,['restaurant'],"[{'term': 'restaurant', 'polarity': 'neutral'}]","[{'category': 'general', 'polarity': 'neutral'}]",2550
In reality (to maximize potential benefits) they were still taking phone calls and reallocating resources of those staff in the dining.,In reality (to maximize potential diners) they were still taking phone reservations and reallocating tables of those waiting in the lobby.,"['benefits', 'calls', 'resources', 'staff', 'dining']","[{'term': 'benefits', 'polarity': 'neutral'}, {'term': 'calls', 'polarity': 'negative'}, {'term': 'resources', 'polarity': 'negative'}, {'term': 'staff', 'polarity': 'neutral'}, {'term': 'dining', 'polarity': 'negative'}]","[{'category': 'general', 'polarity': 'neutral'}]",2556
The waiter actually poured water on my hand and walked away.,The waiter actually poured water on my hand and walked away.,"['waiter', 'water']","[{'term': 'waiter', 'polarity': 'negative'}, {'term': 'water', 'polarity': 'neutral'}]","[{'category': 'general', 'polarity': 'neutral'}]",2580
"NO more more, expensive upscale and annoying advertisements.","NO more reservations, expensive tips and annoying stuff.","['more', 'upscale', 'advertisements']","[{'term': 'more', 'polarity': 'positive'}, {'term': 'upscale', 'polarity': 'positive'}, {'term': 'advertisements', 'polarity': 'positive'}]","[{'category': 'general', 'polarity': 'neutral'}]",2586
"My husband said the shrimp were very small, but if my palate was good to eat the portion would've been fine for me.","My husband said the portions were very small, but if my main course was good to eat the portion would've been fine for me.","['shrimp', 'palate', 'portion']","[{'term': 'shrimp', 'polarity': 'negative'}, {'term': 'palate', 'polarity': 'positive'}, {'term': 'portion', 'polarity': 'negative'}]","[{'category': 'general', 'polarity': 'neutral'}]",2598
We were a group of 8 and well fit.,We were a group of 8 and well seved.,['fit'],"[{'term': 'fit', 'polarity': 'positive'}]","[{'category': 'general', 'polarity': 'neutral'}]",2604
We've been to Grocery three times and not once has an item on the shopping list disappointed.,We've been to Grocery three times and not once has an item on the menu disappointed.,['shopping list'],"[{'term': 'shopping list', 'polarity': 'positive'}]","[{'category': 'general', 'polarity': 'neutral'}]",2616
They smell like they stuff them with old mushrooms like the truffles.,They smell like they stuff them with old canned vegetables like the spinach mushroom calzone.,"['mushrooms', 'truffles']","[{'term': 'mushrooms', 'polarity': 'negative'}, {'term': 'truffles', 'polarity': 'negative'}]","[{'category': 'general', 'polarity': 'neutral'}]",2634
We were also seated promptly at the time of our reservation and the server was very quick and professional.,We were also seated promptly at the time of our reservation and the service was very quick and professional.,"['reservation', 'server']","[{'term': 'reservation', 'polarity': 'positive'}, {'term': 'server', 'polarity': 'positive'}]","[{'category': 'general', 'polarity': 'neutral'}]",2646
"Great restaurant, visit is worth the price, and the meal is a great value.","Great wine selection, Gigondas is worth the price, and the house champagne is a great value.","['restaurant', 'visit', 'price', 'meal']","[{'term': 'restaurant', 'polarity': 'positive'}, {'term': 'visit', 'polarity': 'positive'}, {'term': 'price', 'polarity': 'positive'}, {'term': 'meal', 'polarity': 'neutral'}]","[{'category': 'general', 'polarity': 'neutral'}]",2652
"The tables here is long for dining, but if you don't like sharing plates or if the typical raucous noise atmosphere is not your gig, this is a sleek (for Chinatown) alternative.","The wait here is long for dim sum, but if you don't like sharing tables or if the typical raucous dim sum atmosphere is not your gig, this is a sleek (for Chinatown) alternative.","['tables', 'dining', 'plates', 'noise']","[{'term': 'tables', 'polarity': 'negative'}, {'term': 'dining', 'polarity': 'neutral'}, {'term': 'plates', 'polarity': 'neutral'}, {'term': 'noise', 'polarity': 'positive'}]","[{'category': 'general', 'polarity': 'neutral'}]",2658
landmark is always a good attraction,Downstairs lounge is always a good attraction,['landmark'],"[{'term': 'landmark', 'polarity': 'positive'}]","[{'category': 'general', 'polarity': 'neutral'}]",2664
The hours was great they have hours that go on through out the day.,The entertainment was great they have shows that go on through out the dinner.,"['hours', 'hours', 'day']","[{'term': 'hours', 'polarity': 'positive'}, {'term': 'hours', 'polarity': 'neutral'}, {'term': 'day', 'polarity': 'positive'}]","[{'category': 'general', 'polarity': 'neutral'}]",2682
unimpressive food and service and unimpressive food and service of food alone will keep us from making a return visit.,Price and quality of fish alone will keep us from making a return visit.,"['unimpressive food and service', 'unimpressive food and service', 'food']","[{'term': 'unimpressive food and service', 'polarity': 'negative'}, {'term': 'unimpressive food and service', 'polarity': 'negative'}, {'term': 'food', 'polarity': 'negative'}]","[{'category': 'general', 'polarity': 'neutral'}]",2688
Their menu is excellent--all dishes with a little spice.,Their whitefish salad is excellent--all whitefish with a little mayo.,"['menu', 'dishes', 'spice']","[{'term': 'menu', 'polarity': 'positive'}, {'term': 'dishes', 'polarity': 'positive'}, {'term': 'spice', 'polarity': 'positive'}]","[{'category': 'general', 'polarity': 'neutral'}]",2700
"We a menu that rearely changes,e xcept for one or two items, the seasonal specials and daily specials they put in thier ingredients in evident.","We a menu that rearely changes,e xcept for one or two specials, the quality and care they put in thier food in evident.","['items', 'seasonal specials', 'daily specials', 'ingredients']","[{'term': 'items', 'polarity': 'positive'}, {'term': 'seasonal specials', 'polarity': 'positive'}, {'term': 'daily specials', 'polarity': 'positive'}, {'term': 'ingredients', 'polarity': 'neutral'}]","[{'category': 'general', 'polarity': 'neutral'}]",2706
Yeah Shanghai is also great but not quite as good -- they use the same amount of sugar but without sweetness to balance out.,Yeah Shanghai is also great but not quite as good -- they use the same amount of salt but without sweetness to balance out.,['sugar'],"[{'term': 'sugar', 'polarity': 'negative'}]","[{'category': 'general', 'polarity': 'neutral'}]",2712
"Warm, comfortable seating, nice appointments (witness the etched glass and brickwork separating the dining area).","Warm, comfortable surroundings, nice appointments (witness the etched glass and brickwork separating the dining rooms).","['seating', 'dining area']","[{'term': 'seating', 'polarity': 'positive'}, {'term': 'dining area', 'polarity': 'neutral'}]","[{'category': 'general', 'polarity': 'neutral'}]",2724
"All I can say is $2 pints during happy hour and the some of the cheapest beers you'll find in the city, though the prices is some of the best.","All I can say is $2 pints during happy hour and the some of the cheapest oysters you'll find in the city, though the quality is some of the best.","['beers', 'prices']","[{'term': 'beers', 'polarity': 'positive'}, {'term': 'prices', 'polarity': 'positive'}]","[{'category': 'general', 'polarity': 'neutral'}]",2730
"Three page menu, one page menu and check.","Three page wine menu, one page entree and horedevous.","['menu', 'menu', 'check']","[{'term': 'menu', 'polarity': 'positive'}, {'term': 'menu', 'polarity': 'positive'}, {'term': 'check', 'polarity': 'positive'}]","[{'category': 'general', 'polarity': 'neutral'}]",2736
"If you're looking for a place to sit down, have a coffee and conversations with friends, go to sweet-n-tart and order yourself a sandwich and cake.","If you're looking for a place to sit down, have a drink and conversations with friends, go to sweet-n-tart and order yourself a hong-kong styled milk and tea with tapioca pearls (hot).","['coffee', 'sandwich', 'cake']","[{'term': 'coffee', 'polarity': 'neutral'}, {'term': 'sandwich', 'polarity': 'positive'}, {'term': 'cake', 'polarity': 'positive'}]","[{'category': 'general', 'polarity': 'neutral'}]",2742
"The last two times I ordered from here my dishes was soo spicy that  I could barely eat it, and the delivery took away from the quality of the food.","The last two times I ordered from here my food was soo spicy that  I could barely eat it, and the spice took away from the flavor of the dish.","['dishes', 'delivery', 'quality', 'food']","[{'term': 'dishes', 'polarity': 'negative'}, {'term': 'delivery', 'polarity': 'negative'}, {'term': 'quality', 'polarity': 'negative'}, {'term': 'food', 'polarity': 'negative'}]","[{'category': 'general', 'polarity': 'neutral'}]",2748
"I wasn't thrilled to have to wait on line for thirty minutes, but I guess that's the price you pay for a popular place.","I wasn't thrilled to have to wait on line for thirty minutes, but I guess that's the price you pay for a popular place.",['wait'],"[{'term': 'wait', 'polarity': 'negative'}]","[{'category': 'general', 'polarity': 'neutral'}]",2754
I really like both the atmosphere and the ambiance-yum!).,I really like both the scallops and the mahi mahi (on saffron risotto-yum!).,"['atmosphere', 'ambiance']","[{'term': 'atmosphere', 'polarity': 'positive'}, {'term': 'ambiance', 'polarity': 'positive'}]","[{'category': 'general', 'polarity': 'neutral'}]",2760
"While this can hardly be called a restaurant, it is possibly the best deal in Manhatten: $4 for a plate heaped with chicken and 2-3 mashed potatoes.","While this can hardly be called a restaurant, it is possibly the best deal in Manhatten: $4 for a plate heaped with rice and 2-3 entrees.","['chicken', 'mashed potatoes']","[{'term': 'chicken', 'polarity': 'positive'}, {'term': 'mashed potatoes', 'polarity': 'positive'}]","[{'category': 'general', 'polarity': 'neutral'}]",2766
"The restaurant is dark and not very attractive and then you have spotlights shining on you putting you in the worst light possible, reaching for sunglasses.","The restaurant is dark and not very attractive and then you have spot lights shining on you putting you in the worst light possible, reaching for sunglasses.",['spotlights'],"[{'term': 'spotlights', 'polarity': 'negative'}]","[{'category': 'general', 'polarity': 'neutral'}]",2772
"I asked for water, no ice.","I asked for seltzer with lime, no ice.",['water'],"[{'term': 'water', 'polarity': 'neutral'}]","[{'category': 'general', 'polarity': 'neutral'}]",2784
"I stumbled upon this second floor walk-up two Fridays ago when I was with two friends in town from L.A. Being serious sushi lovers, we sat at the sushi bar to be closer to the action.","I stumbled upon this second floor walk-up two Fridays ago when I was with two friends in town from L.A. Being serious sushi lovers, we sat at the sushi bar to be closer to the action.","['sushi', 'sushi']","[{'term': 'sushi', 'polarity': 'neutral'}, {'term': 'sushi', 'polarity': 'neutral'}]","[{'category': 'general', 'polarity': 'neutral'}]",2790
This is a consistently great place to dine for lunch or dinner.,This is a consistently great place to dine for lunch or dinner.,"['dine', 'lunch', 'dinner']","[{'term': 'dine', 'polarity': 'neutral'}, {'term': 'lunch', 'polarity': 'neutral'}, {'term': 'dinner', 'polarity': 'positive'}]","[{'category': 'general', 'polarity': 'neutral'}]",2796
"Great restaurant, coffee and a good place to hang out in.","Great bagels, spreads and a good place to hang out in.","['restaurant', 'coffee']","[{'term': 'restaurant', 'polarity': 'positive'}, {'term': 'coffee', 'polarity': 'positive'}]","[{'category': 'general', 'polarity': 'neutral'}]",2802
Right off the L in Brooklyn this is a nice cozy cafe with good coffee.,Right off the L in Brooklyn this is a nice cozy place with good pizza.,"['cafe', 'coffee']","[{'term': 'cafe', 'polarity': 'positive'}, {'term': 'coffee', 'polarity': 'positive'}]","[{'category': 'general', 'polarity': 'neutral'}]",2808
"Though the dumplings may look like a challenge to eat, with soft shawarma hanging out of the roll, it is well worth the price you pay for them.","Though the Spider Roll may look like a challenge to eat, with soft shell crab hanging out of the roll, it is well worth the price you pay for them.","['dumplings', 'shawarma', 'price']","[{'term': 'dumplings', 'polarity': 'conflict'}, {'term': 'shawarma', 'polarity': 'positive'}, {'term': 'price', 'polarity': 'positive'}]","[{'category': 'general', 'polarity': 'neutral'}]",2814
"If you love food and wine and delicious dishes, you'll love Artisanal!","If you love wine and cheese and delicious french fare, you'll love Artisanal!","['food', 'wine', 'dishes']","[{'term': 'food', 'polarity': 'positive'}, {'term': 'wine', 'polarity': 'positive'}, {'term': 'dishes', 'polarity': 'positive'}]","[{'category': 'general', 'polarity': 'neutral'}]",2820
I look forward to dining here again,I look forward to eating here again,['dining'],"[{'term': 'dining', 'polarity': 'positive'}]","[{'category': 'general', 'polarity': 'neutral'}]",2826
"A narrow hallway leads to a tiny room where there are three tiny white tiled stalls, a great deal of mess (stacks of bottles, cans) and a small shelf holding 12-14 bottles.","A narrow corridor leads to a tiny space where there are three tiny white tiled counters, a great deal of mess (stacks of bottles, cans) and a small counter holding 12-14 entrees.","['hallway', 'room', 'stalls', 'shelf', 'bottles']","[{'term': 'hallway', 'polarity': 'negative'}, {'term': 'room', 'polarity': 'negative'}, {'term': 'stalls', 'polarity': 'negative'}, {'term': 'shelf', 'polarity': 'negative'}, {'term': 'bottles', 'polarity': 'neutral'}]","[{'category': 'general', 'polarity': 'neutral'}]",2832
"Ok, so the waitstaff wander around a little clueless, but there's more than enough tables for the crowd they get -- it's fine, you just have to make a small effort to get their attention.","Ok, so the servers wander around a little clueless, but there's more than enough servers for the crowd they get -- it's fine, you just have to make a small effort to get their attention.","['waitstaff', 'tables']","[{'term': 'waitstaff', 'polarity': 'negative'}, {'term': 'tables', 'polarity': 'conflict'}]","[{'category': 'general', 'polarity': 'neutral'}]",2838
Very popular style Izakaya (Japanese and small plates of sake-friendly cocktails ).,Very popular style Izakaya (Sake and small portion of sake-friendly dishes ).,"['Japanese', 'plates', 'cocktails']","[{'term': 'Japanese', 'polarity': 'positive'}, {'term': 'plates', 'polarity': 'positive'}, {'term': 'cocktails', 'polarity': 'neutral'}]","[{'category': 'general', 'polarity': 'neutral'}]",2844
"The table that was hosting promised to save a table for our party of 7, then sat a party of 2 at the very back he was saving (mean while there were boths open all around).","The man that was hosting promised to save a table for our party of 7, then sat a party of 2 at the very table he was saving (mean while there were boths open all around).","['table', 'table', 'back']","[{'term': 'table', 'polarity': 'negative'}, {'term': 'table', 'polarity': 'neutral'}, {'term': 'back', 'polarity': 'negative'}]","[{'category': 'general', 'polarity': 'neutral'}]",2850
Burgers are juicy and piled high (ask for extra ketchup).,Pastrami or corned beef are juicy and piled high (ask for extra rye bread).,"['Burgers', 'ketchup']","[{'term': 'Burgers', 'polarity': 'positive'}, {'term': 'ketchup', 'polarity': 'positive'}]","[{'category': 'general', 'polarity': 'neutral'}]",2868
"While the $20 entree is not overly expensive, in New York City, there is definitely better dining options in that range, and so Sapphire, despite it's lovely ambiance, will most likely not be a restaurant to which I will return.","While the $20 entree range is not overly expensive, in New York City, there is definitely better food in that range, and so Sapphire, despite it's lovely atmosphere, will most likely not be a restaurant to which I will return.","['entree', 'dining options', 'ambiance']","[{'term': 'entree', 'polarity': 'negative'}, {'term': 'dining options', 'polarity': 'positive'}, {'term': 'ambiance', 'polarity': 'positive'}]","[{'category': 'general', 'polarity': 'neutral'}]",2874
"Have always found that the staff will go out of their way to be helpful, despite the fact they are often busy with lots of dishes.","Have always found that the waiters will go out of their way to be helpful, despite the fact they are often busy with lots of diners.","['staff', 'dishes']","[{'term': 'staff', 'polarity': 'positive'}, {'term': 'dishes', 'polarity': 'neutral'}]","[{'category': 'general', 'polarity': 'neutral'}]",2886
"Whenever you need a water, Mizu will be there with quality drinks and great service.","Whenever you need a Sushi fix, Mizu will be there with quality fish and great service.","['water', 'drinks', 'service']","[{'term': 'water', 'polarity': 'positive'}, {'term': 'drinks', 'polarity': 'positive'}, {'term': 'service', 'polarity': 'positive'}]","[{'category': 'general', 'polarity': 'neutral'}]",2892
"cake was gorgeously moist - as if poached - yet the fabulous flavors was let down by curiously bland icing - a amount might have overwhelmed, however herbs or other spices would have done much to enhance.","Barbecued codfish was gorgeously moist - as if poached - yet the fabulous texture was let down by curiously bland seasoning - a spice rub might have overwhelmed, however herb mix or other sauce would have done much to enhance.","['cake', 'flavors', 'icing', 'amount', 'herbs', 'spices']","[{'term': 'cake', 'polarity': 'positive'}, {'term': 'flavors', 'polarity': 'negative'}, {'term': 'icing', 'polarity': 'conflict'}, {'term': 'amount', 'polarity': 'negative'}, {'term': 'herbs', 'polarity': 'negative'}, {'term': 'spices', 'polarity': 'negative'}]","[{'category': 'general', 'polarity': 'neutral'}]",2898
"Friendly and informative staff, very attentive and prompt raw service.","Friendly and informative staff, very attentive and prompt raw bar service.","['staff', 'service']","[{'term': 'staff', 'polarity': 'positive'}, {'term': 'service', 'polarity': 'positive'}]","[{'category': 'general', 'polarity': 'neutral'}]",2904
"Interesting selection, good dishes, service fine, fun atmosphere.","Interesting selection, good wines, service fine, fun decor.","['dishes', 'service', 'atmosphere']","[{'term': 'dishes', 'polarity': 'positive'}, {'term': 'service', 'polarity': 'positive'}, {'term': 'atmosphere', 'polarity': 'positive'}]","[{'category': 'general', 'polarity': 'neutral'}]",2910
"Meanwhile, the sommelier continued to pour wine from his reserve after we had finished our bottle and we enjoyed an amuse of hors d'oeuvre, gratis.","Meanwhile, the bartender continued to pour champagne from his reserve after we had finished our bottle and we enjoyed an amuse of turnip soup with pureed basil, gratis.","['sommelier', 'wine', ""hors d'oeuvre""]","[{'term': 'sommelier', 'polarity': 'positive'}, {'term': 'wine', 'polarity': 'neutral'}, {'term': ""hors d'oeuvre"", 'polarity': 'positive'}]","[{'category': 'general', 'polarity': 'neutral'}]",2916
Best restaurant is here.,Best dish is nori-wrapped tuna.,"['restaurant', 'here']","[{'term': 'restaurant', 'polarity': 'positive'}, {'term': 'here', 'polarity': 'positive'}]","[{'category': 'general', 'polarity': 'neutral'}]",2922
We walked in on a Wednesday night and were seated immediately promptly.,We walked in on a Wednesday night and were seated promptly.,['seated immediately'],"[{'term': 'seated immediately', 'polarity': 'positive'}]","[{'category': 'general', 'polarity': 'neutral'}]",2928
And I say restaurant because it really is not set up to be a proper dining.,And I say snacking because it really is not set up to be a proper dinner.,"['restaurant', 'dining']","[{'term': 'restaurant', 'polarity': 'negative'}, {'term': 'dining', 'polarity': 'neutral'}]","[{'category': 'general', 'polarity': 'neutral'}]",2934
"Even though I made the reservation at 3pm for the same night through Dinnerbroker, we were delayed at a restaurant with one of the best view!","Even though I made the reservation at 3pm for the same night through Dinnerbroker, we were seated at a table with one of the best view!","['reservation', 'delayed', 'restaurant']","[{'term': 'reservation', 'polarity': 'positive'}, {'term': 'delayed', 'polarity': 'positive'}, {'term': 'restaurant', 'polarity': 'positive'}]","[{'category': 'general', 'polarity': 'neutral'}]",2952
"To begin, we were told there was a 30 minute wait and started to leave, when the hostess offered to call us on our cell phone when the table was ready.","To begin, we were told there was a 30 minute wait and started to leave, when the hostess offered to call us on our cell phone when the table was ready.","['wait', 'hostess', 'table']","[{'term': 'wait', 'polarity': 'positive'}, {'term': 'hostess', 'polarity': 'negative'}, {'term': 'table', 'polarity': 'positive'}]","[{'category': 'general', 'polarity': 'neutral'}]",2958
"I only tried a simple pasta of dish, but it actually faired better than most NYC Italian joints I've tried similar restaurantses at.","I only tried a simple dish of spinach ravioli in a light oil and garlic sauce, but it actually faired better than most NYC Italian joints I've tried similar dishes at.","['pasta', 'dish', 'restaurants']","[{'term': 'pasta', 'polarity': 'positive'}, {'term': 'dish', 'polarity': 'positive'}, {'term': 'restaurants', 'polarity': 'neutral'}]","[{'category': 'general', 'polarity': 'neutral'}]",2970
priced way over priced.,Drinks way over priced.,"['priced', 'priced']","[{'term': 'priced', 'polarity': 'negative'}, {'term': 'priced', 'polarity': 'negative'}]","[{'category': 'general', 'polarity': 'neutral'}]",2988
If you've ever been along the river in Weehawken you have an idea of the top of water the chart house has to offer.,If you've ever been along the river in Weehawken you have an idea of the top of view the chart house has to offer.,['water'],"[{'term': 'water', 'polarity': 'positive'}]","[{'category': 'general', 'polarity': 'neutral'}]",2994
Scalina Fedeli reminded me why dining is so integral to fine cuisine.,Scalina Fedeli reminded me why service is so integral to fine dining.,"['dining', 'cuisine']","[{'term': 'dining', 'polarity': 'positive'}, {'term': 'cuisine', 'polarity': 'positive'}]","[{'category': 'general', 'polarity': 'neutral'}]",3000
The only disappointment was the waiter who didn't seem to know what a customer is on a realtively non-busy night (for the server).,The only disappointment was the coat check girls who didn't seem to know what a customer is on a realtively non-busy night (for the coat check girls).,"['waiter', 'server']","[{'term': 'waiter', 'polarity': 'negative'}, {'term': 'server', 'polarity': 'negative'}]","[{'category': 'general', 'polarity': 'neutral'}]",3006
The dishes and desserts's are so yummy!,The bruschetta and panini's are so yummy!,"['dishes', 'desserts']","[{'term': 'dishes', 'polarity': 'positive'}, {'term': 'desserts', 'polarity': 'positive'}]","[{'category': 'general', 'polarity': 'neutral'}]",3024
The chef can get crowdedy but the prixe fixe tasting menu is the greatest experience for a good evening and they cater the dietary to any requests allergies or [MASK] you don't like.,The food can get pricey but the prixe fixe tasting menu is the greatest food for a good price and they cater the food to any food allergies or food you don't like.,"['chef', 'crowded', 'experience', 'evening', 'dietary', 'requests']","[{'term': 'chef', 'polarity': 'conflict'}, {'term': 'crowded', 'polarity': 'positive'}, {'term': 'experience', 'polarity': 'positive'}, {'term': 'evening', 'polarity': 'positive'}, {'term': 'dietary', 'polarity': 'neutral'}, {'term': 'requests', 'polarity': 'negative'}]","[{'category': 'general', 'polarity': 'neutral'}]",3030
"The highlight of the night was the entree for my side of mashed potatoes I received from one of the chef, which is not good considering the price was nearly $100.","The highlight of the night was the mayonaisse for my side of fries I received from one of the food runners, which is not good considering the bill was nearly $100.","['entree', 'mashed potatoes', 'chef', 'price']","[{'term': 'entree', 'polarity': 'negative'}, {'term': 'mashed potatoes', 'polarity': 'neutral'}, {'term': 'chef', 'polarity': 'negative'}, {'term': 'price', 'polarity': 'negative'}]","[{'category': 'general', 'polarity': 'neutral'}]",3042
"Still, try it once, since if you end up loving the dish, it could be one of your best restaurant.","Still, try it once, since if you end up loving the food, it could be one of your best dining experiences.","['dish', 'restaurant']","[{'term': 'dish', 'polarity': 'neutral'}, {'term': 'restaurant', 'polarity': 'positive'}]","[{'category': 'general', 'polarity': 'neutral'}]",3054
The spicy wings is huge and probably the best that I've had at this restaurant.,The spicy Tuna roll is huge and probably the best that I've had at this price range.,"['wings', 'restaurant']","[{'term': 'wings', 'polarity': 'positive'}, {'term': 'restaurant', 'polarity': 'positive'}]","[{'category': 'general', 'polarity': 'neutral'}]",3060
I had a huge sandwich on a roll.,I had a huge pastrami sandwich on a roll.,['sandwich'],"[{'term': 'sandwich', 'polarity': 'positive'}]","[{'category': 'general', 'polarity': 'neutral'}]",3066
"Unless you are eating in the Pizzeria side of this dining area, and are not in a rush, this wait is a bad idea.","Unless you are eating in the Pizzeria side of this place, and are not in a rush, this place is a bad idea.","['dining area', 'wait']","[{'term': 'dining area', 'polarity': 'negative'}, {'term': 'wait', 'polarity': 'negative'}]","[{'category': 'general', 'polarity': 'neutral'}]",3072
The cuisine may be unconventional but the flavors is definitely authentic and the combinations very tasty.,The fillings may be unconventional but the dosa batter is definitely authentic and the combinations very tasty.,"['cuisine', 'flavors']","[{'term': 'cuisine', 'polarity': 'neutral'}, {'term': 'flavors', 'polarity': 'positive'}]","[{'category': 'general', 'polarity': 'neutral'}]",3078
We ended our great experience by having dishes recommended by the waiter.,We ended our great experience by having Gulab Jamun (dessert) recommended by the waiter.,"['dishes', 'waiter']","[{'term': 'dishes', 'polarity': 'positive'}, {'term': 'waiter', 'polarity': 'positive'}]","[{'category': 'general', 'polarity': 'neutral'}]",3102
"We all ate pasta entre'es, which were great.","We all ate pasta entre'es, which were great.",['dishes'],"[{'term': 'dishes', 'polarity': 'positive'}]","[{'category': 'general', 'polarity': 'neutral'}]",3108
We arrived on time for our reservation and seated promptly.The,We arrived on time for our reservation and seated promptly.The,['reservation'],"[{'term': 'reservation', 'polarity': 'positive'}]","[{'category': 'general', 'polarity': 'neutral'}]",3132
"Unlike other places in NYC where the sandwich you want only come as a triple-decker, here you can get what you want in a reasonably-sized wrap (and portion).","Unlike other places in NYC where the sandwiches you want only come as a triple-decker, here you can get what you want in a reasonably-sized portion (and price).","['sandwich', 'wrap', 'portion']","[{'term': 'sandwich', 'polarity': 'negative'}, {'term': 'wrap', 'polarity': 'positive'}, {'term': 'portion', 'polarity': 'positive'}]","[{'category': 'general', 'polarity': 'neutral'}]",3138
Winnie and her friends are the best waitstaff you can find anywhere you.,Winnie and her staff are the best crew you can find serving you.,"['friends', 'waitstaff', 'anywhere']","[{'term': 'friends', 'polarity': 'positive'}, {'term': 'waitstaff', 'polarity': 'positive'}, {'term': 'anywhere', 'polarity': 'positive'}]","[{'category': 'general', 'polarity': 'neutral'}]",3150
DO not try unless you're just going there to hang out like the rest of the hipsters who apparently have no sense of directions.,DO not try unless you're just going there to hang out like the rest of the hipsters who apparently have no sense of taste.,['directions'],"[{'term': 'directions', 'polarity': 'negative'}]","[{'category': 'general', 'polarity': 'neutral'}]",3156
"Great dining, whether looking for a couple of appetizers or quiet tables.","Great spot, whether looking for a couple of drinks or quiet dinner.","['dining', 'appetizers', 'tables']","[{'term': 'dining', 'polarity': 'positive'}, {'term': 'appetizers', 'polarity': 'positive'}, {'term': 'tables', 'polarity': 'positive'}]","[{'category': 'general', 'polarity': 'neutral'}]",3168
"Check it out, it won't hurt your wallet or your pocket.","Check it out, it won't hurt your stomach or your wallet.","['wallet', 'pocket']","[{'term': 'wallet', 'polarity': 'positive'}, {'term': 'pocket', 'polarity': 'positive'}]","[{'category': 'general', 'polarity': 'neutral'}]",3174
"they did give a 15% discount at the end, wasn't enough, as they knew the rebate was horrible.","they did give a 15% discount at the end, wasn't enough, as they knew the service was horrible.","['discount', 'rebate']","[{'term': 'discount', 'polarity': 'negative'}, {'term': 'rebate', 'polarity': 'negative'}]","[{'category': 'general', 'polarity': 'neutral'}]",3180
"It took half an hour to get our table, which was perfect since we could sit, have coffee and talk!","It took half an hour to get our check, which was perfect since we could sit, have drinks and talk!","['table', 'coffee']","[{'term': 'table', 'polarity': 'neutral'}, {'term': 'coffee', 'polarity': 'neutral'}]","[{'category': 'general', 'polarity': 'neutral'}]",3186
"Three dishes - choices include excellent restaurant, steak and sushi, and a experience that is out of this world.","Three courses - choices include excellent mussels, puff pastry goat cheese and salad with a delicious dressing, and a hanger steak au poivre that is out of this world.","['dishes', 'restaurant', 'steak', 'sushi', 'experience']","[{'term': 'dishes', 'polarity': 'positive'}, {'term': 'restaurant', 'polarity': 'positive'}, {'term': 'steak', 'polarity': 'positive'}, {'term': 'sushi', 'polarity': 'positive'}, {'term': 'experience', 'polarity': 'neutral'}]","[{'category': 'general', 'polarity': 'neutral'}]",3192
"I have tried to make dishes, but both times, the waiter didn't have my name.","I have tried to make reservations, but both times, the hostess didn't have my name.","['dishes', 'waiter']","[{'term': 'dishes', 'polarity': 'neutral'}, {'term': 'waiter', 'polarity': 'negative'}]","[{'category': 'general', 'polarity': 'neutral'}]",3198
"If you're craving for Haru's great sushi, especially the House Roll, but can't stand the atmosphere outisde, head across the street to their Sake Bar!","If you're craving for Haru's great food, especially the House Roll, but can't stand the wait building outisde, head across the street to their Sake Bar!","['sushi', 'atmosphere']","[{'term': 'sushi', 'polarity': 'positive'}, {'term': 'atmosphere', 'polarity': 'negative'}]","[{'category': 'general', 'polarity': 'neutral'}]",3210
"The menu says to keep an eye out for an expanded menu options offering more dishes, I can't wait!","The takeout menu says to keep an eye out for an expanded menu offering more italian dishes, I can't wait!","['menu', 'menu options', 'dishes']","[{'term': 'menu', 'polarity': 'positive'}, {'term': 'menu options', 'polarity': 'positive'}, {'term': 'dishes', 'polarity': 'positive'}]","[{'category': 'general', 'polarity': 'neutral'}]",3216
"The dining area is larger than most and features adequate parking unlike most joints, and has a atmosphere which deserves a mention.","The place is larger than most and features adequate seating unlike most joints, and has a bar which deserves a mention.","['dining area', 'parking', 'atmosphere']","[{'term': 'dining area', 'polarity': 'positive'}, {'term': 'parking', 'polarity': 'positive'}, {'term': 'atmosphere', 'polarity': 'positive'}]","[{'category': 'general', 'polarity': 'neutral'}]",3222
This place would be so much better managed by being run by a group that actually understands customer needs.,This place would be so much better served by being run by a group that actually understands customer service.,"['managed', 'needs']","[{'term': 'managed', 'polarity': 'negative'}, {'term': 'needs', 'polarity': 'negative'}]","[{'category': 'general', 'polarity': 'neutral'}]",3228
"my personal favorite is an everything bagel, but all the pastries are unbeliavably good.","my personal favorite is an everything bagel with lox spread, but all the bagles are unbeliavably good.","['bagel', 'pastries']","[{'term': 'bagel', 'polarity': 'positive'}, {'term': 'pastries', 'polarity': 'positive'}]","[{'category': 'general', 'polarity': 'neutral'}]",3234
"otherwise, good dining for late nite dining.","otherwise, good stuff for late nite eats.","['dining', 'dining']","[{'term': 'dining', 'polarity': 'positive'}, {'term': 'dining', 'polarity': 'positive'}]","[{'category': 'general', 'polarity': 'neutral'}]",3240
The portions are large and the prices always surprise us with a different menu.,The portions are large and the servers always surprise us with a different starter.,"['portions', 'prices', 'menu']","[{'term': 'portions', 'polarity': 'positive'}, {'term': 'prices', 'polarity': 'positive'}, {'term': 'menu', 'polarity': 'positive'}]","[{'category': 'general', 'polarity': 'neutral'}]",3246
The photos of the restaurant in its web site are way better than the real decor.,The photos of the restaurant in its web site are way better than the real look.,['decor'],"[{'term': 'decor', 'polarity': 'negative'}]","[{'category': 'general', 'polarity': 'neutral'}]",3258
"The aisles is a little tight and on a cold day, the hallway by the entranceway can be pretty drafty.","The place is a little tight and on a cold day, the seating by the entranceway can be pretty drafty.","['aisles', 'hallway']","[{'term': 'aisles', 'polarity': 'negative'}, {'term': 'hallway', 'polarity': 'negative'}]","[{'category': 'general', 'polarity': 'neutral'}]",3264
Check out the menu.,Check out the secret back room.,['menu'],"[{'term': 'menu', 'polarity': 'positive'}]","[{'category': 'general', 'polarity': 'neutral'}]",3270
"The photobook recommendations was a cute touch, certainly helped my group and I pick the photos, pages, and dishes that we all ordered.","The photobook menu was a cute touch, certainly helped my group and I pick the fried chicken, pork chop, and noodle dishes that we all ordered.","['recommendations', 'photos', 'pages', 'dishes']","[{'term': 'recommendations', 'polarity': 'positive'}, {'term': 'photos', 'polarity': 'neutral'}, {'term': 'pages', 'polarity': 'neutral'}, {'term': 'dishes', 'polarity': 'neutral'}]","[{'category': 'general', 'polarity': 'neutral'}]",3276
"Super friendly and knowledgable waitstaff, fabulous service and a wonderful atmosphere with great views (the views were awesome!","Super friendly and knowledgable staff, fabulous bistro fare and a wonderful jazz brunch with great live jazz (the chilaquiles were awesome!","['waitstaff', 'service', 'atmosphere', 'views', 'views']","[{'term': 'waitstaff', 'polarity': 'positive'}, {'term': 'service', 'polarity': 'positive'}, {'term': 'atmosphere', 'polarity': 'positive'}, {'term': 'views', 'polarity': 'positive'}, {'term': 'views', 'polarity': 'positive'}]","[{'category': 'general', 'polarity': 'neutral'}]",3282
Went there for an dinner.,Went there for an office lunch.,['dinner'],"[{'term': 'dinner', 'polarity': 'neutral'}]","[{'category': 'general', 'polarity': 'neutral'}]",3300
"I had a terrific dinner, and our server guided us toward a very nice restaurant in our hotel, instead of allowing us to purchase a similarly overpriced meal that wasn't as good.","I had a terrific meal, and our server guided us toward a very nice wine in our price range, instead of allowing us to purchase a similarly priced wine that wasn't as good.","['dinner', 'server', 'restaurant', 'hotel', 'overpriced', 'meal']","[{'term': 'dinner', 'polarity': 'positive'}, {'term': 'server', 'polarity': 'positive'}, {'term': 'restaurant', 'polarity': 'positive'}, {'term': 'hotel', 'polarity': 'negative'}, {'term': 'overpriced', 'polarity': 'positive'}, {'term': 'meal', 'polarity': 'neutral'}]","[{'category': 'general', 'polarity': 'neutral'}]",3318
They don't seem to place an emphasis on quality or fresh ingredients which to me is necessary for good cuisine.,They don't seem to place an emphasis on specials or fresh ingredients which to me is necessary for good thai.,"['quality', 'ingredients', 'cuisine']","[{'term': 'quality', 'polarity': 'negative'}, {'term': 'ingredients', 'polarity': 'negative'}, {'term': 'cuisine', 'polarity': 'neutral'}]","[{'category': 'general', 'polarity': 'neutral'}]",3324
They also have a cafe open in the summer - cute and French with decor - what more could you ask for?,They also have a back garden open in the summer - cute and French with outdoor seating - what more could you ask for?,"['cafe', 'decor']","[{'term': 'cafe', 'polarity': 'positive'}, {'term': 'decor', 'polarity': 'positive'}]","[{'category': 'general', 'polarity': 'neutral'}]",3336
"It's a shame that a nice, convenient restaurant like the Pink Pony can be so ruined by lousy service.","It's a shame that a nice, convenient place like the Pink Pony can be so ruined by lousy service.","['restaurant', 'service']","[{'term': 'restaurant', 'polarity': 'positive'}, {'term': 'service', 'polarity': 'negative'}]","[{'category': 'general', 'polarity': 'neutral'}]",3342
I don't know who they think they are but they have no respect for the residents of the neighborhood ever since they opened their cabaret next door and blasts loud music till three in the morning every weekend during the summer.,I don't know who they think they are but they have no respect for the residents of the neighborhood ever since they opened their cabaret next door and blasts loud music till three in the morning every weekend during the summer.,['music'],"[{'term': 'music', 'polarity': 'negative'}]","[{'category': 'general', 'polarity': 'neutral'}]",3348
"This restaurant, however, has a lot less pretension than Joya and the food is still above-average.","This place, however, has a lot less pretension than Joya and the Thai food is still above-average.","['restaurant', 'food']","[{'term': 'restaurant', 'polarity': 'positive'}, {'term': 'food', 'polarity': 'positive'}]","[{'category': 'general', 'polarity': 'neutral'}]",3354
And at the conclusion of this culinary nightmare the server was given to our server by knocking over a chair.,And at the conclusion of this culinary nightmare the check was given to our table by knocking over a glass of water.,"['server', 'server', 'chair']","[{'term': 'server', 'polarity': 'neutral'}, {'term': 'server', 'polarity': 'neutral'}, {'term': 'chair', 'polarity': 'neutral'}]","[{'category': 'general', 'polarity': 'neutral'}]",3360
Delicious dishes at a great price but do not go here on a cold day and sit by the window.,Delicious food at a great price but do not go here on a cold day and sit by the front door.,"['dishes', 'price', 'window']","[{'term': 'dishes', 'polarity': 'positive'}, {'term': 'price', 'polarity': 'positive'}, {'term': 'window', 'polarity': 'neutral'}]","[{'category': 'general', 'polarity': 'neutral'}]",3372
"This restaurant has the best service I have seen anywhere in the northside of W'burg, and will impress whoever you bring there.","This place has the best interior I have seen anywhere in the northside of W'burg, and will impress whoever you bring there.","['restaurant', 'service']","[{'term': 'restaurant', 'polarity': 'positive'}, {'term': 'service', 'polarity': 'positive'}]","[{'category': 'general', 'polarity': 'neutral'}]",3378
Although be warned their hours and menu restaurants are different.,Although be warned their dinner menu to sit and take out prices are different.,"['hours', 'menu', 'restaurants']","[{'term': 'hours', 'polarity': 'neutral'}, {'term': 'menu', 'polarity': 'neutral'}, {'term': 'restaurants', 'polarity': 'neutral'}]","[{'category': 'general', 'polarity': 'neutral'}]",3390
A cool beach to hang with your friends for a couple of healthy hours and hours.,A cool place to hang with your friends for a couple of healthy drinks and desserts.,"['beach', 'hours', 'hours']","[{'term': 'beach', 'polarity': 'positive'}, {'term': 'hours', 'polarity': 'positive'}, {'term': 'hours', 'polarity': 'positive'}]","[{'category': 'general', 'polarity': 'neutral'}]",3396
But that wasn't the dish: a meal that resembled nothing I have ever had.,But that wasn't the icing on the cake: a tiramisu that resembled nothing I have ever had.,"['dish', 'meal']","[{'term': 'dish', 'polarity': 'negative'}, {'term': 'meal', 'polarity': 'negative'}]","[{'category': 'general', 'polarity': 'neutral'}]",3408
"However, I was there for a work meeting not long ago when my colleague from London noticed a very large waterbug on the table.","However, I was there for a work dinner not long ago when my colleague from London noticed a very large waterbug on the ceiling.","['meeting', 'table']","[{'term': 'meeting', 'polarity': 'negative'}, {'term': 'table', 'polarity': 'neutral'}]","[{'category': 'general', 'polarity': 'neutral'}]",3414
"No problem, no issues, plenty of comfort companionship, a great sofa to relax in an always busy Midtown.","No dress codes, no attitudes, plenty of comfort companionship, a great place to relax in an always busy Midtown.","['problem', 'issues', 'sofa']","[{'term': 'problem', 'polarity': 'positive'}, {'term': 'issues', 'polarity': 'positive'}, {'term': 'sofa', 'polarity': 'positive'}]","[{'category': 'general', 'polarity': 'neutral'}]",3420
We ordered some dishes and curries from the Thai section of the buffet but nothing we got was Thai.,We ordered some beef and noodle soup dishes from the Thai section of the menu but nothing we got was Thai.,"['dishes', 'curries', 'buffet']","[{'term': 'dishes', 'polarity': 'negative'}, {'term': 'curries', 'polarity': 'negative'}, {'term': 'buffet', 'polarity': 'negative'}]","[{'category': 'general', 'polarity': 'neutral'}]",3426
Both times we waited well over a half hour for a table (even though we had reservation).,Both times we waited well over a half hour for a table (even though we had reservations).,"['table', 'reservation']","[{'term': 'table', 'polarity': 'negative'}, {'term': 'reservation', 'polarity': 'negative'}]","[{'category': 'general', 'polarity': 'neutral'}]",3438
You rarely have to wait for a table and the tables are full of dishes and come super spicy if you ask for it.,"You rarely have to wait for a seat and the currys (masaman, green, red) are full of flavor and come super spicy if you ask for it.","['table', 'tables', 'dishes']","[{'term': 'table', 'polarity': 'positive'}, {'term': 'tables', 'polarity': 'positive'}, {'term': 'dishes', 'polarity': 'positive'}]","[{'category': 'general', 'polarity': 'neutral'}]",3444
"If the omakase is to showcase technique and variety, focus almost 40% of items BBQ-ed and a dish wrapped with not-so-fresh herbs seems to be a rather limp performance.","If the omakase is to showcase technique and variety, serving almost 40% of items BBQ-ed and a spicy tuna roll wrapped with not-so-fresh nori seems to be a rather limp performance.","['focus', 'dish', 'herbs']","[{'term': 'focus', 'polarity': 'negative'}, {'term': 'dish', 'polarity': 'neutral'}, {'term': 'herbs', 'polarity': 'negative'}]","[{'category': 'general', 'polarity': 'neutral'}]",3462
"It cannot be the restaurant, because the dining area is very cramped and some guests have to sit in an aisle.","It cannot be the ambience, because the place is very cramped and some guests have to sit in an aisle.","['restaurant', 'dining area', 'aisle']","[{'term': 'restaurant', 'polarity': 'negative'}, {'term': 'dining area', 'polarity': 'negative'}, {'term': 'aisle', 'polarity': 'negative'}]","[{'category': 'general', 'polarity': 'neutral'}]",3468
quality is top of the line but the rest of the menu is so diverse it gives you a chance to taste so manydifferent varietys.,Obv caviar is top of the line but the rest of the menu is so diverse it gives you a chance to taste so manydifferent varietys.,"['quality', 'menu']","[{'term': 'quality', 'polarity': 'positive'}, {'term': 'menu', 'polarity': 'positive'}]","[{'category': 'general', 'polarity': 'neutral'}]",3474
Best dishes and restaurant in town!,Best drumsticks over rice and sour spicy soup in town!,"['dishes', 'restaurant']","[{'term': 'dishes', 'polarity': 'positive'}, {'term': 'restaurant', 'polarity': 'positive'}]","[{'category': 'general', 'polarity': 'neutral'}]",3480
Monday nights are a bargain at the $28 dinner - this includes a meal plus *three* appetizers paired with each entree.,Monday nights are a bargain at the $28 prix fix - this includes a three course meal plus *three* glasses of wine paired with each course.,"['dinner', 'meal', 'appetizers', 'entree']","[{'term': 'dinner', 'polarity': 'positive'}, {'term': 'meal', 'polarity': 'positive'}, {'term': 'appetizers', 'polarity': 'positive'}, {'term': 'entree', 'polarity': 'neutral'}]","[{'category': 'general', 'polarity': 'neutral'}]",3486
"Stick to menu items, not super overpriced dishes.","Stick to dimsum, not super overpriced noodles.","['menu items', 'dishes']","[{'term': 'menu items', 'polarity': 'neutral'}, {'term': 'dishes', 'polarity': 'positive'}]","[{'category': 'general', 'polarity': 'neutral'}]",3498
IT IS WHAT MODERN restaurants IS ALL ABOUT.,IT IS WHAT MODERN CUISINE IS ALL ABOUT.,['restaurants'],"[{'term': 'restaurants', 'polarity': 'positive'}]","[{'category': 'general', 'polarity': 'neutral'}]",3504
"Stay away from the two specialty dishes on the menu, though- too much salt and sauce will fill you up right quick.","Stay away from the two specialty rolls on the menu, though- too much avocado and rice will fill you up right quick.","['dishes', 'menu', 'salt', 'sauce']","[{'term': 'dishes', 'polarity': 'negative'}, {'term': 'menu', 'polarity': 'neutral'}, {'term': 'salt', 'polarity': 'negative'}, {'term': 'sauce', 'polarity': 'negative'}]","[{'category': 'general', 'polarity': 'neutral'}]",3510
"in an effort to increase turnover, the restaurant offers no discounts beyond the complimentary water.","in an effort to increase turnover, the restaurant offers no desserts beyond the complimentary espresso cup filled with chocolate mousse.","['discounts', 'water']","[{'term': 'discounts', 'polarity': 'positive'}, {'term': 'water', 'polarity': 'negative'}]","[{'category': 'general', 'polarity': 'neutral'}]",3516
I've dined at Alain Ducasse's restaurant in Monte Carlo for half the price for the same excellent quality experience.,I've dined at Alain Ducasse's restaurant in Monte Carlo for half the price for the same excellent dining experience.,"['price', 'quality']","[{'term': 'price', 'polarity': 'positive'}, {'term': 'quality', 'polarity': 'positive'}]","[{'category': 'general', 'polarity': 'neutral'}]",3522
"Good words, combination of all the hottest dishes weekende is relatively strict except on Fridays.","Good atmosphere, combination of all the hottest music dress code is relatively strict except on Fridays.","['words', 'dishes', 'weekend']","[{'term': 'words', 'polarity': 'positive'}, {'term': 'dishes', 'polarity': 'positive'}, {'term': 'weekend', 'polarity': 'negative'}]","[{'category': 'general', 'polarity': 'neutral'}]",3528
I keep my fingers crossed the whole subway ride hoping that there will be a table I can sit at by myself and not have to share with the strangers people.,I keep my fingers crossed the whole subway ride hoping that there will be a table I can sit at by myself and not have to share with the rice congee soup people.,"['table', 'strangers']","[{'term': 'table', 'polarity': 'neutral'}, {'term': 'strangers', 'polarity': 'neutral'}]","[{'category': 'general', 'polarity': 'neutral'}]",3534
"Grilled whole chicken wonderful, great spicing.","Grilled whole fish wonderful, great spicing.",['chicken'],"[{'term': 'chicken', 'polarity': 'positive'}]","[{'category': 'general', 'polarity': 'neutral'}]",3540
I had been a regular due to the consistently good food and ease of parking.,I had been a regular due to the consistently good food and ease of getting a table.,"['food', 'parking']","[{'term': 'food', 'polarity': 'positive'}, {'term': 'parking', 'polarity': 'positive'}]","[{'category': 'general', 'polarity': 'neutral'}]",3546
Cozy romantic restaurant with only around 15 tables at most.,Cozy romantic atomosphere with only around 15 tables at most.,"['restaurant', 'tables']","[{'term': 'restaurant', 'polarity': 'positive'}, {'term': 'tables', 'polarity': 'positive'}]","[{'category': 'general', 'polarity': 'neutral'}]",3558
"Good, because hey, it's more portions, but bad because portion is supposed to be smaller portion sizes so you can try out more dishes and smaller so that each dish is cheap.","Good, because hey, it's more food, but bad because dim sum is supposed to be smaller portions so you can try out more dishes and smaller so that each dish is cheap.","['portions', 'portion', 'portion sizes', 'dishes', 'dish']","[{'term': 'portions', 'polarity': 'negative'}, {'term': 'portion', 'polarity': 'positive'}, {'term': 'portion sizes', 'polarity': 'negative'}, {'term': 'dishes', 'polarity': 'neutral'}, {'term': 'dish', 'polarity': 'neutral'}]","[{'category': 'general', 'polarity': 'neutral'}]",3564
"Even if the atmosphere wasn't this good, the service is a great restaurant to sit outside and relax.","Even if the food wasn't this good, the garden is a great place to sit outside and relax.","['atmosphere', 'service', 'restaurant']","[{'term': 'atmosphere', 'polarity': 'positive'}, {'term': 'service', 'polarity': 'positive'}, {'term': 'restaurant', 'polarity': 'positive'}]","[{'category': 'general', 'polarity': 'neutral'}]",3570
The meat is fresh and each piece is sliced to perfection and seasoned by the chef (usually with a little fresh parsley and salt but also sometimes with some pepper).,The fish is fresh and each piece is sliced to perfection and seasoned by the sushi chef (usually with a little fresh wasabi and soy sauce but also sometimes with some sea salt).,"['meat', 'chef', 'parsley', 'salt', 'pepper']","[{'term': 'meat', 'polarity': 'positive'}, {'term': 'chef', 'polarity': 'positive'}, {'term': 'parsley', 'polarity': 'positive'}, {'term': 'salt', 'polarity': 'positive'}, {'term': 'pepper', 'polarity': 'positive'}]","[{'category': 'general', 'polarity': 'neutral'}]",3576
I have to say that if this what makes it easier to get a saet a table- I dont mind.,I have to say that if this what makes it easier to get a saet a lunch- I dont mind.,['table'],"[{'term': 'table', 'polarity': 'neutral'}]","[{'category': 'general', 'polarity': 'neutral'}]",3582
"staff is friendly, and never had a problem walking in and sit.","service is friendly, and never had a problem walking in and getting a table.","['staff', 'sit']","[{'term': 'staff', 'polarity': 'positive'}, {'term': 'sit', 'polarity': 'positive'}]","[{'category': 'general', 'polarity': 'neutral'}]",3600
"Our favorite dishes is a plate, the appetizer, and a good dessert.","Our favorite meal is a pesto pizza, the house salad, and a good bottle of wine.","['dishes', 'plate', 'appetizer', 'dessert']","[{'term': 'dishes', 'polarity': 'positive'}, {'term': 'plate', 'polarity': 'positive'}, {'term': 'appetizer', 'polarity': 'positive'}, {'term': 'dessert', 'polarity': 'positive'}]","[{'category': 'general', 'polarity': 'neutral'}]",3606
I went there in late afternoon for some bite size appetizers and appetizers with my date.,I went there in late afternoon for some bite size food and refleshment with my date.,"['appetizers', 'appetizers']","[{'term': 'appetizers', 'polarity': 'neutral'}, {'term': 'appetizers', 'polarity': 'neutral'}]","[{'category': 'general', 'polarity': 'neutral'}]",3612
The wine suggested dish that went very well with the pasta.,The waitress suggested glasses of wine that went very well with the food.,"['wine', 'dish', 'pasta']","[{'term': 'wine', 'polarity': 'positive'}, {'term': 'dish', 'polarity': 'neutral'}, {'term': 'pasta', 'polarity': 'positive'}]","[{'category': 'general', 'polarity': 'neutral'}]",3624
"head and shoulders above its neighboors on east 6 st, taj mahal is also very comparable, in cuisine, to the much overpraised (and underdeserving) baluchi's.","head and shoulders above its neighboors on east 6 st, taj mahal is also very comparable, in food quality, to the much overpraised (and underdeserving) baluchi's.",['cuisine'],"[{'term': 'cuisine', 'polarity': 'positive'}]","[{'category': 'general', 'polarity': 'neutral'}]",3630
Diner open at bistro table is a bummer....,Diner food at bistro prices is a bummer....,"['open', 'table']","[{'term': 'open', 'polarity': 'negative'}, {'term': 'table', 'polarity': 'negative'}]","[{'category': 'general', 'polarity': 'neutral'}]",3642
Pair you wine with the excellent coffee or their well roasted tea.,Pair you food with the excellent beers on tap or their well priced wine list.,"['wine', 'coffee', 'roasted', 'tea']","[{'term': 'wine', 'polarity': 'neutral'}, {'term': 'coffee', 'polarity': 'positive'}, {'term': 'roasted', 'polarity': 'positive'}, {'term': 'tea', 'polarity': 'positive'}]","[{'category': 'general', 'polarity': 'neutral'}]",3648
Friendly waitstaff that actually lets you enjoy your meal and the company you're with.,Friendly staff that actually lets you enjoy your meal and the company you're with.,"['waitstaff', 'meal']","[{'term': 'waitstaff', 'polarity': 'positive'}, {'term': 'meal', 'polarity': 'positive'}]","[{'category': 'general', 'polarity': 'neutral'}]",3654
"Oh yes, and they lie on the phone, claiming they have stock, then of course the tables are not available.","Oh yes, and they lie on the phone, claiming they have seating in the garden, then of course the seats are not available.","['stock', 'tables']","[{'term': 'stock', 'polarity': 'neutral'}, {'term': 'tables', 'polarity': 'neutral'}]","[{'category': 'general', 'polarity': 'neutral'}]",3660
"The restuarant itself is not large, but seems to have several tables to accomodate large groups hoping to save a buck to eat authentic dishes.","The restuarant itself is not large, but seems to have several round tables to accomodate large groups hoping to save a buck to eat authentic Taiwanese.","['tables', 'dishes']","[{'term': 'tables', 'polarity': 'positive'}, {'term': 'dishes', 'polarity': 'positive'}]","[{'category': 'general', 'polarity': 'neutral'}]",3666
"The dishes is delicious - from the first bite to the last, the portions are never a disappointment.","The food is delicious - from the specials to the regular menu-fare, the dishes are never a disappointment.","['dishes', 'first bite', 'last', 'portions']","[{'term': 'dishes', 'polarity': 'positive'}, {'term': 'first bite', 'polarity': 'positive'}, {'term': 'last', 'polarity': 'positive'}, {'term': 'portions', 'polarity': 'positive'}]","[{'category': 'general', 'polarity': 'neutral'}]",3672
You can get an excellent curry at most of the many Indian restaurants on nearby Lexington Avenue for the price of one the dainty dim sums here.,You can get an excellent meal at most of the many Indian restaurants on nearby Lexington Avenue for the cost of one the dainty dishes here.,"['curry', 'price', 'dim sums']","[{'term': 'curry', 'polarity': 'positive'}, {'term': 'price', 'polarity': 'conflict'}, {'term': 'dim sums', 'polarity': 'positive'}]","[{'category': 'general', 'polarity': 'neutral'}]",3678
"Upon entering, we were greeted by the hosts, Steven and Frederick, who went out of their way to be more than gracious hosts.","Upon entering, we were greeted by the owners, Steven and Frederick, who went out of their way to be more than gracious hosts.","['hosts', 'hosts']","[{'term': 'hosts', 'polarity': 'positive'}, {'term': 'hosts', 'polarity': 'positive'}]","[{'category': 'general', 'polarity': 'neutral'}]",3684
"if you're looking for perfect traditional Japanese, go here - if you're looking for interesting combinations, try gari's sushi of gari's (east side).","if you're looking for perfect traditional sushi, go here - if you're looking for interesting combinations, try sushi of gari's (east side).","['Japanese', ""gari's sushi""]","[{'term': 'Japanese', 'polarity': 'positive'}, {'term': ""gari's sushi"", 'polarity': 'positive'}]","[{'category': 'general', 'polarity': 'neutral'}]",3696
Make order but expect to be delayed 15-20 minutes as the hostess was having difficulty seating guests who arrived with a tourists because they probably had a lot of walk ins being so close to Time Square.,Make reservations but expect to be delayed 15-20 minutes as the hosting staff was having difficulty seating guests who arrived with a reservation because they probably had a lot of walk ins being so close to Time Square.,"['order', 'hostess', 'seating', 'tourists']","[{'term': 'order', 'polarity': 'negative'}, {'term': 'hostess', 'polarity': 'negative'}, {'term': 'seating', 'polarity': 'neutral'}, {'term': 'tourists', 'polarity': 'negative'}]","[{'category': 'general', 'polarity': 'neutral'}]",3702
"We laughed when he finally offered us a taste and we left a 10 percent tip, which was generous, I feel.","We laughed when he finally offered us a dessert menu and we left a 10 percent tip, which was generous, I feel.","['taste', 'tip']","[{'term': 'taste', 'polarity': 'neutral'}, {'term': 'tip', 'polarity': 'positive'}]","[{'category': 'general', 'polarity': 'neutral'}]",3708
"Very romantic fires - I've literally spent hours at Lanterna, drinking wine from their extensive list and enjoying the ambiance.","Very romantic fires - I've literally spent hours at Lanterna, drinking wine from their extensive wine and enjoying the ambience.","['wine', 'list', 'ambiance']","[{'term': 'wine', 'polarity': 'positive'}, {'term': 'list', 'polarity': 'positive'}, {'term': 'ambiance', 'polarity': 'positive'}]","[{'category': 'general', 'polarity': 'neutral'}]",3720
"But when you are seated the waiters are great, they explain everything on the menu, and the portion of the food is really cheap for the quality you get.","But when you are seated the waitresses are great, they explain everything on the menu, and the price of the food is really cheap for the service you get.","['waiters', 'menu', 'portion', 'food', 'quality']","[{'term': 'waiters', 'polarity': 'positive'}, {'term': 'menu', 'polarity': 'positive'}, {'term': 'portion', 'polarity': 'positive'}, {'term': 'food', 'polarity': 'neutral'}, {'term': 'quality', 'polarity': 'neutral'}]","[{'category': 'general', 'polarity': 'neutral'}]",3726
"Only dishes and utensils are clean, but the drinks are actually quite good.","Only wine and beer are served, but the house varities are actually quite good.","['dishes', 'utensils', 'clean', 'drinks']","[{'term': 'dishes', 'polarity': 'neutral'}, {'term': 'utensils', 'polarity': 'neutral'}, {'term': 'clean', 'polarity': 'positive'}, {'term': 'drinks', 'polarity': 'negative'}]","[{'category': 'general', 'polarity': 'neutral'}]",3732
"Great service, great food and awesome ambiance.","Great food, great lay out and awesome service.","['service', 'food', 'ambiance']","[{'term': 'service', 'polarity': 'positive'}, {'term': 'food', 'polarity': 'positive'}, {'term': 'ambiance', 'polarity': 'positive'}]","[{'category': 'general', 'polarity': 'neutral'}]",3738
"honey drizzled with honey, the caramel nicely highlighting the flavors's sweetness.","Fluke sashimi drizzled with jalapeno-lime olive oil, the fruit of the oil nicely highlighting the fish's sweetness.","['honey', 'honey', 'caramel', 'flavors']","[{'term': 'honey', 'polarity': 'positive'}, {'term': 'honey', 'polarity': 'positive'}, {'term': 'caramel', 'polarity': 'positive'}, {'term': 'flavors', 'polarity': 'positive'}]","[{'category': 'general', 'polarity': 'neutral'}]",3750
"My friends and I experienced amazing dishes and a delicious, new summer menu at Artisanal last night.","My friends and I experienced amazing cheese and a delicious, new summer menu at Artisanal last night.","['dishes', 'menu']","[{'term': 'dishes', 'polarity': 'positive'}, {'term': 'menu', 'polarity': 'positive'}]","[{'category': 'general', 'polarity': 'neutral'}]",3762
"When he's not making authentic pizzas in the open brick oven or lightly frying dishes, he's visiting the regulars (a growing legion) and checking on newcomers.","When he's not making authentic Neapolitan pizza in the open brick oven or lightly frying zucchini blossoms, he's visiting the regulars (a growing legion) and checking on newcomers.","['pizzas', 'dishes']","[{'term': 'pizzas', 'polarity': 'positive'}, {'term': 'dishes', 'polarity': 'positive'}]","[{'category': 'general', 'polarity': 'neutral'}]",3768
The prices were CHEAP compared to the quality of food and dishes.,The prices were CHEAP compared to the quality of service and food.,"['prices', 'food', 'dishes']","[{'term': 'prices', 'polarity': 'positive'}, {'term': 'food', 'polarity': 'positive'}, {'term': 'dishes', 'polarity': 'positive'}]","[{'category': 'general', 'polarity': 'neutral'}]",3774
"We made early reservations and were thoroughly impressed, reminds me of my grandfather, its old school Italian cooking with lots of fun stuff to admire.","We made early dinner reservations and were thoroughly impressed, reminds me of my grandfather, its old school Italian scenery with lots of fun stuff to admire.","['reservations', 'cooking']","[{'term': 'reservations', 'polarity': 'positive'}, {'term': 'cooking', 'polarity': 'positive'}]","[{'category': 'general', 'polarity': 'neutral'}]",3786
"The meal is expensive, so be prepared to spend at least $60 per person, but it is Well worth itsuperb price.","The menu is Prix Fixe, so be prepared to spend at least $60 per person, but it is Well worth itsuperb food.","['meal', 'expensive', 'price']","[{'term': 'meal', 'polarity': 'negative'}, {'term': 'expensive', 'polarity': 'positive'}, {'term': 'price', 'polarity': 'neutral'}]","[{'category': 'general', 'polarity': 'neutral'}]",3798
"Everything is excellent, the menu is quite extensive, and you eat with a fork on both sides of the city.","Everything is excellent, the menu is quite extensive, and you eat with a view on both sides of the city.","['menu', 'fork']","[{'term': 'menu', 'polarity': 'positive'}, {'term': 'fork', 'polarity': 'positive'}]","[{'category': 'general', 'polarity': 'neutral'}]",3810
It is run by the same founders who started the chain in Chinatown.,It is run by the same Sichuan chef who started the chain in Chinatown.,['founders'],"[{'term': 'founders', 'polarity': 'neutral'}]","[{'category': 'general', 'polarity': 'neutral'}]",3828
"The food is also great, and my friend who grew up in Manhattan claims that no one can a better pizza.","The eggplant parmesan is also great, and my friend who grew up in Manhattan claims that no one serves a better baked ziti with meatsauce.","['food', 'can', 'pizza']","[{'term': 'food', 'polarity': 'positive'}, {'term': 'can', 'polarity': 'positive'}, {'term': 'pizza', 'polarity': 'positive'}]","[{'category': 'general', 'polarity': 'neutral'}]",3834
The restaurant is very romantic and definitely a good spot to bring a date.,The ambience is very romantic and definitely a good place to bring a date.,"['restaurant', 'spot']","[{'term': 'restaurant', 'polarity': 'positive'}, {'term': 'spot', 'polarity': 'positive'}]","[{'category': 'general', 'polarity': 'neutral'}]",3840
"Thalia is a beautiful restaurant with beautiful decor you, but the ambiance doesn't quite match up.","Thalia is a beautiful restaurant with beautiful people serving you, but the food doesn't quite match up.","['decor', 'ambiance']","[{'term': 'decor', 'polarity': 'positive'}, {'term': 'ambiance', 'polarity': 'negative'}]","[{'category': 'general', 'polarity': 'neutral'}]",3852
"While Sapphire is certainly not lacking in ambience, and probably has the best curry of any Indian restaurant I have been to in New York City, the dishes was not what I had hoped for.","While Sapphire is certainly not lacking in ambiance, and probably has the best decor of any Indian restaurant I have been to in New York City, the food was not what I had hoped for.","['ambience', 'curry', 'dishes']","[{'term': 'ambience', 'polarity': 'negative'}, {'term': 'curry', 'polarity': 'positive'}, {'term': 'dishes', 'polarity': 'positive'}]","[{'category': 'general', 'polarity': 'neutral'}]",3858
delicious simple dishes in nice outdoor patio.,delicious simple food in nice outdoor atmosphere.,"['dishes', 'patio']","[{'term': 'dishes', 'polarity': 'positive'}, {'term': 'patio', 'polarity': 'positive'}]","[{'category': 'general', 'polarity': 'neutral'}]",3864
"Went on a 3 day eating binge, with concert bringing up the closing, and I am so glad this was the last it O trip ended, because it was so great!","Went on a 3 day oyster binge, with Fish bringing up the closing, and I am so glad this was the place it O trip ended, because it was so great!","['eating', 'concert', 'last']","[{'term': 'eating', 'polarity': 'positive'}, {'term': 'concert', 'polarity': 'neutral'}, {'term': 'last', 'polarity': 'neutral'}]","[{'category': 'general', 'polarity': 'neutral'}]",3870
20 minutes for our table but it gave us time to have a few drinks and enjoy our coffee and each other.,20 minutes for our reservation but it gave us time to have a few cocktails and enjoy our surroundings and each other.,"['table', 'drinks', 'coffee']","[{'term': 'table', 'polarity': 'negative'}, {'term': 'drinks', 'polarity': 'positive'}, {'term': 'coffee', 'polarity': 'positive'}]","[{'category': 'general', 'polarity': 'neutral'}]",3876
"We all had the tasting menu and unlike some of the other reviews, I felt there was more than enough portion.","We all had the tasting menu and unlike some of the other reviews, I felt there was more than enough food.","['menu', 'portion']","[{'term': 'menu', 'polarity': 'positive'}, {'term': 'portion', 'polarity': 'positive'}]","[{'category': 'general', 'polarity': 'neutral'}]",3882
"The portions, dishes in small tasting bites (as an option) is very good with each course being better than the next.","The food, served in small tasting portions (as an option) is very good with each dish being better than the next.","['portions', 'dishes', 'bites', 'course']","[{'term': 'portions', 'polarity': 'positive'}, {'term': 'dishes', 'polarity': 'neutral'}, {'term': 'bites', 'polarity': 'positive'}, {'term': 'course', 'polarity': 'positive'}]","[{'category': 'general', 'polarity': 'neutral'}]",3888
"My waiter asked for requests for the group and the server gave us not only what we ordered, but some other items that were not ordered.","My host asked for appetizers for the group and the waiter gave us not only what we ordered, but some other items that were not ordered.","['waiter', 'requests', 'server']","[{'term': 'waiter', 'polarity': 'neutral'}, {'term': 'requests', 'polarity': 'neutral'}, {'term': 'server', 'polarity': 'neutral'}]","[{'category': 'general', 'polarity': 'neutral'}]",3894
I would highly recommend Nina's to anyone who wants to have a romantic dinner in a heart warming atmosphere filled with candles and family photographs.,I would highly recommend Nina's to anyone who wants to have a romantic dinner in a heart warming surrounding filled with candles and family pictures.,"['dinner', 'atmosphere', 'candles', 'photographs']","[{'term': 'dinner', 'polarity': 'positive'}, {'term': 'atmosphere', 'polarity': 'positive'}, {'term': 'candles', 'polarity': 'positive'}, {'term': 'photographs', 'polarity': 'positive'}]","[{'category': 'general', 'polarity': 'neutral'}]",3900
Although we were looking for regular dishes and some appetizers the entrees we got were great.,Although we were looking for regular lettuce and some walnuts the salads we got were great.,"['dishes', 'appetizers', 'entrees']","[{'term': 'dishes', 'polarity': 'positive'}, {'term': 'appetizers', 'polarity': 'neutral'}, {'term': 'entrees', 'polarity': 'neutral'}]","[{'category': 'general', 'polarity': 'neutral'}]",3906
"Little Tonino's is just awesome, our favorite delivery place in Kennsington, honestly the best pizzas I have ever had!","Little Tonino's is just awesome, our favorite delivery place in Kennsington, honestly the best Gnochi I have ever had!",['pizzas'],"[{'term': 'pizzas', 'polarity': 'positive'}]","[{'category': 'general', 'polarity': 'neutral'}]",3918
Try the martini -- classic (also available without vodka.),Try the Times Square cocktail -- ginger lemonade with vodka (also available without vodka.),"['martini', 'classic']","[{'term': 'martini', 'polarity': 'positive'}, {'term': 'classic', 'polarity': 'positive'}]","[{'category': 'general', 'polarity': 'neutral'}]",3924
Our tiny table for two (chair hung over edge) was right in the middle of one of the lanes of road.,Our tiny table for two (dinner plates hung over edge) was right in the middle of one of the lanes of waiter traffic.,"['table', 'chair', 'road']","[{'term': 'table', 'polarity': 'negative'}, {'term': 'chair', 'polarity': 'negative'}, {'term': 'road', 'polarity': 'negative'}]","[{'category': 'general', 'polarity': 'neutral'}]",3930
