raw_text,original_text,generated_text,aspectTerms,aspectCategories,sentenceId
"Best of all is the warm service , the waiter is super friendly and delivery is fast .","Best of all is the warm vibe, the owner is super friendly and service is fast.","['service', 'waiter', 'delivery']","[{'term': 'service', 'polarity': 'positive'}, {'term': 'waiter', 'polarity': 'positive'}, {'term': 'delivery', 'polarity': 'positive'}]","[{'category': 'general', 'polarity': 'neutral'}]",0
"Unfortunately , the service is outstanding , but everything else about this restaurant is the pits .","Unfortunately, the food is outstanding, but everything else about this restaurant is the pits.",['service'],"[{'term': 'service', 'polarity': 'positive'}]","[{'category': 'general', 'polarity': 'neutral'}]",1
VT is what engineers pilot hope to be when they grow up .,VT is what baby pizzas hope to be when they grow up.,['engineers pilot'],"[{'term': 'engineers pilot', 'polarity': 'neutral'}]","[{'category': 'general', 'polarity': 'neutral'}]",2
The last time I went we were seated at a table in a corridor next to the kitchen .,The last time I went we were seated at a table in a corridor next to the kitchen.,['table'],"[{'term': 'table', 'polarity': 'negative'}]","[{'category': 'general', 'polarity': 'neutral'}]",3
The wine list ( by the glass and bottle ) is wonderful and I always recommend that friends make a visit if they ' re going to be in town .,The wine selection (by the glass and bottle) is wonderful and I always recommend that friends make a reservation if they're going to be in town.,"['wine list', 'visit']","[{'term': 'wine list', 'polarity': 'positive'}, {'term': 'visit', 'polarity': 'neutral'}]","[{'category': 'general', 'polarity': 'neutral'}]",4
The bread always tastes fresh and serves promptly .,The food always tastes fresh and served promptly.,"['bread', 'serves']","[{'term': 'bread', 'polarity': 'positive'}, {'term': 'serves', 'polarity': 'positive'}]","[{'category': 'general', 'polarity': 'neutral'}]",5
"The ingredients is delicious - they use fresh handmade instead of the cheap , frozen , shredded mozzarella common to most pizzaria ' s .","The pizza is delicious - they use fresh mozzarella instead of the cheap, frozen, shredded cheese common to most pizzaria's.","['ingredients', 'fresh handmade', 'mozzarella']","[{'term': 'ingredients', 'polarity': 'positive'}, {'term': 'fresh handmade', 'polarity': 'positive'}, {'term': 'mozzarella', 'polarity': 'negative'}]","[{'category': 'general', 'polarity': 'neutral'}]",6
"I understand the area and folks you need not come here for the romantic , alluring ambiance or the five star luxury featuring a pool and a complicated maze of corridors and hallways - you come for the authentic food , the atmosphere experience , the experiance .","I understand the area and folks you need not come here for the romantic, alluring ambiance or the five star service featuring a sommlier and a complicated maze of captain and back waiters - you come for the authentic foods, the tastes, the experiance.","['ambiance', 'luxury', 'pool', 'corridors', 'hallways', 'food', 'atmosphere experience']","[{'term': 'ambiance', 'polarity': 'positive'}, {'term': 'luxury', 'polarity': 'positive'}, {'term': 'pool', 'polarity': 'positive'}, {'term': 'corridors', 'polarity': 'positive'}, {'term': 'hallways', 'polarity': 'positive'}, {'term': 'food', 'polarity': 'positive'}, {'term': 'atmosphere experience', 'polarity': 'positive'}]","[{'category': 'general', 'polarity': 'neutral'}]",7
The waiter friendly service efficient was slow unfriendly and disappointing .,The soup for the udon was soy sauce and water.,"['waiter friendly service efficient', 'slow unfriendly', 'disappointing']","[{'term': 'waiter friendly service efficient', 'polarity': 'negative'}, {'term': 'slow unfriendly', 'polarity': 'neutral'}, {'term': 'disappointing', 'polarity': 'neutral'}]","[{'category': 'general', 'polarity': 'neutral'}]",8
"It costs $ 2 extra to turn a regular sandwich into an inside - out sandwich , but the volume more than triples in size , and that ' s not just from the dough .","It costs $2 extra to turn a regular roll into an inside-out roll, but the roll more than triples in size, and that's not just from the rice.","['sandwich', 'sandwich', 'volume', 'dough']","[{'term': 'sandwich', 'polarity': 'negative'}, {'term': 'sandwich', 'polarity': 'negative'}, {'term': 'volume', 'polarity': 'negative'}, {'term': 'dough', 'polarity': 'neutral'}]","[{'category': 'general', 'polarity': 'neutral'}]",9
"I had the dishes meal and while it was fine , for the price paid , I expected it to have some type of service .","I had the salmon dish and while it was fine, for the price paid, I expected it to have some type of flavor.","['dishes meal', 'price', 'service']","[{'term': 'dishes meal', 'polarity': 'conflict'}, {'term': 'price', 'polarity': 'negative'}, {'term': 'service', 'polarity': 'neutral'}]","[{'category': 'general', 'polarity': 'neutral'}]",10
Highly recommend this as great dining for excellent food and service .,Highly recommend this as great value for excellent sushi and service.,"['dining', 'food', 'service']","[{'term': 'dining', 'polarity': 'positive'}, {'term': 'food', 'polarity': 'positive'}, {'term': 'service', 'polarity': 'positive'}]","[{'category': 'general', 'polarity': 'neutral'}]",11
"A cheap meal for NYC , but not for fine dining .","A cheap eat for NYC, but not for dosa.","['meal', 'fine dining']","[{'term': 'meal', 'polarity': 'negative'}, {'term': 'fine dining', 'polarity': 'positive'}]","[{'category': 'general', 'polarity': 'neutral'}]",12
"The second you walk through the heavy vault like door , with people anticipating your arrival you get the sense that you are going to have the dining ride of a lifetime .","The second you walk through the heavy vault like door, with people anticipating your arrival you get the sense that you are going to have the dining ride of a lifetime.",['door'],"[{'term': 'door', 'polarity': 'neutral'}]","[{'category': 'general', 'polarity': 'neutral'}]",13
If you like your coffee blasted and the system isnt that great and if you want to pay at least 100 dollar expensive cover then you ' ll love it here .,If you like your music blasted and the system isnt that great and if you want to pay at least 100 dollar bottle minimun then you'll love it here.,"['coffee', 'expensive cover']","[{'term': 'coffee', 'polarity': 'negative'}, {'term': 'expensive cover', 'polarity': 'negative'}]","[{'category': 'general', 'polarity': 'neutral'}]",14
"Also , top the cheese with a delicious and perfect slice of pizza .","Also, top the meal with a delicious and perfect slice of tiramisu.","['cheese', 'pizza']","[{'term': 'cheese', 'polarity': 'positive'}, {'term': 'pizza', 'polarity': 'neutral'}]","[{'category': 'general', 'polarity': 'neutral'}]",15
By far this is the only chinese desserts place I know in NY or anywhere close in the Northeastern America that serves taro mochi sesame pistachio almond coconut macadamia in a couple of varieties and  .,By far this is the only chinese desserts place I know in NY or anywhere close in the Northeastern America that serves desserts with frog jelly in a couple of varieties and pig feet ginger simmered in black vinegar.,"['taro mochi sesame pistachio almond coconut macadamia', '']","[{'term': 'taro mochi sesame pistachio almond coconut macadamia', 'polarity': 'positive'}, {'term': '', 'polarity': 'positive'}]","[{'category': 'general', 'polarity': 'neutral'}]",16
"The H offered were unique , very tasty and fresh from the e r , e   i , s   t to the amazing h e   ( the best and freshest I ' ve ever had ).","The dishes offered were unique, very tasty and fresh from the lamb sausages, sardines with biscuits, large whole shrimp to the amazing pistachio ice cream (the best and freshest I've ever had).","['H', 'e r', 'e   i', 's   t', 'h e  ']","[{'term': 'H', 'polarity': 'positive'}, {'term': 'e r', 'polarity': 'positive'}, {'term': 'e   i', 'polarity': 'positive'}, {'term': 's   t', 'polarity': 'positive'}, {'term': 'h e  ', 'polarity': 'positive'}]","[{'category': 'general', 'polarity': 'neutral'}]",17
It is kinda nosiy and the tables are close together but it ' s still a beautiful patio to enjoy a nice dinner .,It is kinda nosiy and the tables are close together but it's still a beautiful place to enjoy a nice dinner.,"['tables', 'patio', 'dinner']","[{'term': 'tables', 'polarity': 'negative'}, {'term': 'patio', 'polarity': 'positive'}, {'term': 'dinner', 'polarity': 'positive'}]","[{'category': 'general', 'polarity': 'neutral'}]",18
"The buttery croissant was like buttah and with butter and an icy cold beer to wash it down , it was a pleasurable experience .","The Pastrami sandwich was like buttah and with pickles and an icy cold beer to wash it down, it was a pleasurable experience.","['buttery croissant', 'butter', 'beer']","[{'term': 'buttery croissant', 'polarity': 'positive'}, {'term': 'butter', 'polarity': 'positive'}, {'term': 'beer', 'polarity': 'positive'}]","[{'category': 'general', 'polarity': 'neutral'}]",19
"Late nite dining are not good here , there is no variety !","Late nite omelletes are not good here, there is no variety!",['dining'],"[{'term': 'dining', 'polarity': 'negative'}]","[{'category': 'general', 'polarity': 'neutral'}]",20
"The waiter waitstaff is a great bet , they fix it for you at the table .","The Steak Tartare is a great bet, they fix it for you at the table.",['waiter waitstaff'],"[{'term': 'waiter waitstaff', 'polarity': 'positive'}]","[{'category': 'general', 'polarity': 'neutral'}]",21
"After dinner Dunkin' Donuts , take your date to the HUGE store , probably one of the biggest you ' ll see in NY .","After dinner, take your date to the HUGE dance floor, probably one of the biggest you'll see in NY.","[""dinner Dunkin' Donuts"", 'store']","[{'term': ""dinner Dunkin' Donuts"", 'polarity': 'positive'}, {'term': 'store', 'polarity': 'neutral'}]","[{'category': 'general', 'polarity': 'neutral'}]",22
"After 2 tries by the waiter to take it away ( we hadn ' t even looked at it yet , we had full plates yet to drink ), the another approached and told us they needed the table for people with reservations .","After 2 tries by the waiter to take it away (we hadn't even looked at it yet, we had full beers yet to drink), the manager approached and told us they needed the table for people with reservations.","['waiter', 'plates', 'another', 'reservations']","[{'term': 'waiter', 'polarity': 'negative'}, {'term': 'plates', 'polarity': 'neutral'}, {'term': 'another', 'polarity': 'negative'}, {'term': 'reservations', 'polarity': 'positive'}]","[{'category': 'general', 'polarity': 'neutral'}]",23
"Given the incredible ambiance surrounding it , this restaurant has no character .","Given the incredible architecture surrounding it, this place has no character.","['ambiance', 'restaurant']","[{'term': 'ambiance', 'polarity': 'positive'}, {'term': 'restaurant', 'polarity': 'negative'}]","[{'category': 'general', 'polarity': 'neutral'}]",24
"On the other hand , if you are not fooled easily , you will find hundreds of restaurants that will give you cuisine and quality that is on par with Alain Ducasse , and presentation that will outshine in Paris , ambience , décor , service and  .","On the other hand, if you are not fooled easily, you will find hundreds of restaurants that will give you service and ambiance that is on par with Alain Ducasse, and food that will outshine in presentaion, taste, choice, quality and quantity.","['cuisine', 'quality', 'presentation', 'Paris', 'ambience', 'décor', 'service', '']","[{'term': 'cuisine', 'polarity': 'neutral'}, {'term': 'quality', 'polarity': 'neutral'}, {'term': 'presentation', 'polarity': 'negative'}, {'term': 'Paris', 'polarity': 'negative'}, {'term': 'ambience', 'polarity': 'negative'}, {'term': 'décor', 'polarity': 'negative'}, {'term': 'service', 'polarity': 'negative'}, {'term': '', 'polarity': 'negative'}]","[{'category': 'general', 'polarity': 'neutral'}]",25
$ 20 gets you unlimited tastings of a very high quality sushi - I even took a friend here from Japan who said it was one of the best restaurants in the US that he has been to .,$20 gets you unlimited sushi of a very high quality- I even took a friend here from Japan who said it was one of the best sushi places in the US that he has been to.,"['tastings', 'quality sushi', 'restaurants']","[{'term': 'tastings', 'polarity': 'positive'}, {'term': 'quality sushi', 'polarity': 'positive'}, {'term': 'restaurants', 'polarity': 'positive'}]","[{'category': 'general', 'polarity': 'neutral'}]",26
Our friendly server wine made great list and also sent both the menu and the dishes to the table to help suggest different pairings for courses and  .,Our friendly server made great food suggestions and also sent both the sommelier and the fromager to the table to help suggest different pairings for wine and cheese.,"['server wine', 'list', 'menu', 'dishes', 'courses', '']","[{'term': 'server wine', 'polarity': 'positive'}, {'term': 'list', 'polarity': 'positive'}, {'term': 'menu', 'polarity': 'positive'}, {'term': 'dishes', 'polarity': 'positive'}, {'term': 'courses', 'polarity': 'neutral'}, {'term': '', 'polarity': 'neutral'}]","[{'category': 'general', 'polarity': 'neutral'}]",27
"Admittedly , this is not the place for gigantic pieces of meat overflowing the plate ( and thank goodness , in my opinion ) but for simple , elegant dishes there is no better place in New York or anywhere in the US .","Admittedly, this is not the place for gigantic pieces of fish overflowing the plate (and thank goodness, in my opinion) but for simple, elegant sushi there is no better place in New York or anywhere in the US.","['meat', 'dishes']","[{'term': 'meat', 'polarity': 'positive'}, {'term': 'dishes', 'polarity': 'neutral'}]","[{'category': 'general', 'polarity': 'neutral'}]",28
we came here on a crowded saturday night and were seated right away despite being 15 minutes late for our reservation .,we came here on a crowded saturday night and were seated right away despite being 15 minutes late for our reservation.,"['seated', 'reservation']","[{'term': 'seated', 'polarity': 'neutral'}, {'term': 'reservation', 'polarity': 'positive'}]","[{'category': 'general', 'polarity': 'neutral'}]",30
"Its a nice quiet cafe to go eat a good dinner , relax , be able to talk and have a very good time .","Its a nice quiet location to go eat a good meal, relax, be able to talk and have a very good time.","['cafe', 'dinner']","[{'term': 'cafe', 'polarity': 'positive'}, {'term': 'dinner', 'polarity': 'positive'}]","[{'category': 'general', 'polarity': 'neutral'}]",31
"The ambiance atmosphere restaurant is very soothing , the premium service is excellent and the staff is great .","The blond wood decor is very soothing, the premium sake is excellent and the service is great.","['ambiance atmosphere restaurant', 'service', 'staff']","[{'term': 'ambiance atmosphere restaurant', 'polarity': 'positive'}, {'term': 'service', 'polarity': 'positive'}, {'term': 'staff', 'polarity': 'positive'}]","[{'category': 'general', 'polarity': 'neutral'}]",32
The main downside to the place is the nazi - like atmosphere customers running it who constantly complains about the staff .,The main downside to the place is the nazi-like guy running it who constantly complains about the noise level.,"['atmosphere customers', 'staff']","[{'term': 'atmosphere customers', 'polarity': 'negative'}, {'term': 'staff', 'polarity': 'negative'}]","[{'category': 'general', 'polarity': 'neutral'}]",33
"Other than being a little crowded and a bit overpriced , the vibe is filled with energy ( and the beautiful interior of course ) and the food was surprising good !","Other than being a little crowded and a bit overpriced, the atmosphere is filled with energy (and the beautiful people of course) and the food was surprising good!","['vibe', 'interior', 'food']","[{'term': 'vibe', 'polarity': 'positive'}, {'term': 'interior', 'polarity': 'positive'}, {'term': 'food', 'polarity': 'positive'}]","[{'category': 'general', 'polarity': 'neutral'}]",34
The containers is great too since they give high quality tupperware as well .,The takeout is great too since they give high quality tupperware as well.,['containers'],"[{'term': 'containers', 'polarity': 'positive'}]","[{'category': 'general', 'polarity': 'neutral'}]",35
"Everything looks great , the staff , the decor , the atmosphere , even the people .","Everything looks great, the drinks, the decor, the food, even the people.","['staff', 'decor', 'atmosphere']","[{'term': 'staff', 'polarity': 'positive'}, {'term': 'decor', 'polarity': 'positive'}, {'term': 'atmosphere', 'polarity': 'positive'}]","[{'category': 'general', 'polarity': 'neutral'}]",36
"We asked to be moved ( which took half an hour ), and then were seated in a high traffic aisle in the back , even though the rest of the section was practically empty .","We asked to be moved (which took half an hour), and then were seated in a high traffic area in the back, even though the rest of the room was practically empty.","['aisle', 'section']","[{'term': 'aisle', 'polarity': 'neutral'}, {'term': 'section', 'polarity': 'negative'}]","[{'category': 'general', 'polarity': 'neutral'}]",37
"Where dishes in other Chinatown restaurants display a lurking myriad of sad - looking marine life in their murky waters , the aquariums at Ping ' s are clear as glass with healthy - looking creatures who do not yet know that they will be part of some entree seafood lover ' s meal .","Where tanks in other Chinatown restaurants display a lurking myriad of sad-looking marine life in their murky waters, the tanks at Ping's are clear as glass with healthy-looking creatures who do not yet know that they will be part of some dim sum lover's brunch.","['dishes', 'aquariums', 'entree seafood', 'meal']","[{'term': 'dishes', 'polarity': 'negative'}, {'term': 'aquariums', 'polarity': 'positive'}, {'term': 'entree seafood', 'polarity': 'neutral'}, {'term': 'meal', 'polarity': 'neutral'}]","[{'category': 'general', 'polarity': 'neutral'}]",38
"When family came in he gave them menus to test their palets , and then ordered for them .","When family came in he gave them apps to test their palets, and then ordered for them.",['menus'],"[{'term': 'menus', 'polarity': 'neutral'}]","[{'category': 'general', 'polarity': 'neutral'}]",39
Right off the major deegan you get views from all over the city .,Right off the major deegan you get ladies from all over the city.,['views'],"[{'term': 'views', 'polarity': 'positive'}]","[{'category': 'general', 'polarity': 'neutral'}]",40
"I like Cafe Noir dont get me wrong , it is jsut that the staff who work there are evil and incompetent !!","I like Cafe Noir dont get me wrong, it is jsut that the people who work there are evil and incompetent!!",['staff'],"[{'term': 'staff', 'polarity': 'negative'}]","[{'category': 'general', 'polarity': 'neutral'}]",41
The tables there also absolutely load the table with napkins ketchup ( gets a little messy ).,The workers there also absolutely load the bagel with cream cheese (gets a little messy).,"['tables', 'table', 'napkins ketchup']","[{'term': 'tables', 'polarity': 'neutral'}, {'term': 'table', 'polarity': 'neutral'}, {'term': 'napkins ketchup', 'polarity': 'neutral'}]","[{'category': 'general', 'polarity': 'neutral'}]",42
The party favors give as party favors is a cute and sweet touch to a most memorable wedding .,The brioche and lollies as party favors is a cute and sweet touch to a most memorable meal.,"['party favors give', 'wedding']","[{'term': 'party favors give', 'polarity': 'positive'}, {'term': 'wedding', 'polarity': 'positive'}]","[{'category': 'general', 'polarity': 'neutral'}]",43
"Forget the ambiance and the service and the atmosphere ( which isn ' t actually that bad ), I mean please , who goes to a steakhouse to be coddled and romantic ?","Forget the rush and the wait and the noise (which isn't actually that bad), I mean please, who goes to a steakhouse to be coddled and romantic?","['ambiance', 'service', 'atmosphere']","[{'term': 'ambiance', 'polarity': 'conflict'}, {'term': 'service', 'polarity': 'conflict'}, {'term': 'atmosphere', 'polarity': 'conflict'}]","[{'category': 'general', 'polarity': 'neutral'}]",44
Simple dishes plates and what hot and lage spicy .,Simple comfort food and what hot and lage portions.,"['dishes plates', 'spicy']","[{'term': 'dishes plates', 'polarity': 'positive'}, {'term': 'spicy', 'polarity': 'positive'}]","[{'category': 'general', 'polarity': 'neutral'}]",45
"While this is a pretty adorable in that overly cute French way , the food was insultingly horrible .","While this is a pretty place in that overly cute French way, the food was insultingly horrible.","['adorable', 'food']","[{'term': 'adorable', 'polarity': 'positive'}, {'term': 'food', 'polarity': 'negative'}]","[{'category': 'general', 'polarity': 'neutral'}]",46
They are pleasant with a free dessert and the wines are perfect for drinking .,They are served with a free appetizer and the portions are perfect for lunch.,"['pleasant', 'dessert', 'wines', 'drinking']","[{'term': 'pleasant', 'polarity': 'positive'}, {'term': 'dessert', 'polarity': 'positive'}, {'term': 'wines', 'polarity': 'neutral'}, {'term': 'drinking', 'polarity': 'neutral'}]","[{'category': 'general', 'polarity': 'neutral'}]",47
"My wife and I also enjoyed the ambiance , the food service staff , and other attractions .","My wife and I also enjoyed the spinach, the Shanghai low mein, and other attractions.","['ambiance', 'food service staff']","[{'term': 'ambiance', 'polarity': 'positive'}, {'term': 'food service staff', 'polarity': 'positive'}]","[{'category': 'general', 'polarity': 'neutral'}]",48
Pick a bagel has the best spread in the city .,Pick a bagel has the best bagels in the city.,['spread'],"[{'term': 'spread', 'polarity': 'positive'}]","[{'category': 'general', 'polarity': 'neutral'}]",49
"They sell special dishes , everything have a price , quality and etc .","They sell special sushi, everything have a topping, sauce and etc.","['dishes', 'price', 'quality']","[{'term': 'dishes', 'polarity': 'positive'}, {'term': 'price', 'polarity': 'positive'}, {'term': 'quality', 'polarity': 'positive'}]","[{'category': 'general', 'polarity': 'neutral'}]",50
"The H has been from average to below average , the e r has always been sub - par the e goes from nice to really irritating ( if you sit in the   beyond the kitchen , the acousitcs are horrid , everything echoes is extremely loud ).","The sushi has been from average to below average, the wait service has always been sub-par the atmosphere goes from nice to really irritating (if you sit in the area beyond the kitchen, the acousitcs are horrid, everything echoes is extremely loud).","['H', 'e r', 'e', ' ']","[{'term': 'H', 'polarity': 'negative'}, {'term': 'e r', 'polarity': 'negative'}, {'term': 'e', 'polarity': 'conflict'}, {'term': ' ', 'polarity': 'negative'}]","[{'category': 'general', 'polarity': 'neutral'}]",51
"Light , refreshing spring rolls ( not fried ) remind me of Vietnamese places in Paris .","Light, refreshing summer rolls (not fried) remind me of Vietnamese places in Paris.",['spring rolls'],"[{'term': 'spring rolls', 'polarity': 'positive'}]","[{'category': 'general', 'polarity': 'neutral'}]",52
"The decor itself was really nice with comfortable seats armchairs and tables , but the service could have been better .","The cafe itself was really nice with comfortable outdoor chairs and tables, but the service could have been better.","['decor', 'seats armchairs', 'tables', 'service']","[{'term': 'decor', 'polarity': 'positive'}, {'term': 'seats armchairs', 'polarity': 'positive'}, {'term': 'tables', 'polarity': 'positive'}, {'term': 'service', 'polarity': 'negative'}]","[{'category': 'general', 'polarity': 'neutral'}]",53
"Complimentary H kept coming , and when the e saw me opening a gift , I received my r on a plate that had Happy Birthday written on it , with a candlevery nice touch , and attentive e .","Complimentary stuff kept coming, and when the waiter saw me opening a gift, I received my dessert on a plate that had Happy Birthday written on it, with a candlevery nice touch, and attentive staff.","['H', 'e', 'r', 'e']","[{'term': 'H', 'polarity': 'positive'}, {'term': 'e', 'polarity': 'positive'}, {'term': 'r', 'polarity': 'positive'}, {'term': 'e', 'polarity': 'positive'}]","[{'category': 'general', 'polarity': 'neutral'}]",54
INCREDIBLY POOR prices AN service food AT EXORBITANT prices .,INCREDIBLY POOR SERVICE AN FOOD QUALITY AT EXORBITANT PRICES.,"['prices', 'service food', 'prices']","[{'term': 'prices', 'polarity': 'negative'}, {'term': 'service food', 'polarity': 'negative'}, {'term': 'prices', 'polarity': 'negative'}]","[{'category': 'general', 'polarity': 'neutral'}]",55
I go back in steps like three times on average until I can ' t walk anymore .,I go back in line like three times on average until I can't walk anymore.,['steps'],"[{'term': 'steps', 'polarity': 'negative'}]","[{'category': 'general', 'polarity': 'neutral'}]",56
ambiance dinner evening was pleasant though the background was rather noisy - the restaurant was full and we had to raise our voices to be able to maintain a conversation .,Traditional French decour was pleasant though the hall was rather noisy - the restaurant was full and we had to raise our voices to be able to maintain a conversation.,"['ambiance dinner evening', 'background']","[{'term': 'ambiance dinner evening', 'polarity': 'positive'}, {'term': 'background', 'polarity': 'negative'}]","[{'category': 'general', 'polarity': 'neutral'}]",57
"If you are in a big group , this place is perfect because it recomends sharing - they have tables large on most dishes - even families can feel comfortable here .","If you are in a big group, this place is perfect because it recomends sharing - they have lazy susans on most tables - even families can feel comfortable here.","['tables large', 'dishes']","[{'term': 'tables large', 'polarity': 'positive'}, {'term': 'dishes', 'polarity': 'positive'}]","[{'category': 'general', 'polarity': 'neutral'}]",58
I had never had Asian fusion before but I thought it was innovative and tasty ( could ' ve used a bit more salt ).,I had never had Edamame pureed before but I thought it was innovative and tasty (could've used a bit more salt).,['Asian fusion'],"[{'term': 'Asian fusion', 'polarity': 'positive'}]","[{'category': 'general', 'polarity': 'neutral'}]",59
"Delicious dishes , excellent food , and a pretty decor make this a great choice for families price and the $ 5 . 99 dollar makes it an even better choice for value !","Delicious food, excellent service, and a pretty atmosphere make this a great choice for dinner and the $5.99 lunch buffet makes it an even better choice for lunch!","['dishes', 'food', 'decor', 'families price', 'dollar', 'value']","[{'term': 'dishes', 'polarity': 'positive'}, {'term': 'food', 'polarity': 'positive'}, {'term': 'decor', 'polarity': 'positive'}, {'term': 'families price', 'polarity': 'positive'}, {'term': 'dollar', 'polarity': 'positive'}, {'term': 'value', 'polarity': 'positive'}]","[{'category': 'general', 'polarity': 'neutral'}]",60
The menu changes frequently but the best items are always available .,The selection changes frequently but the basic dishes are always available.,"['menu', 'best items']","[{'term': 'menu', 'polarity': 'neutral'}, {'term': 'best items', 'polarity': 'neutral'}]","[{'category': 'general', 'polarity': 'neutral'}]",61
"Don ' t go alone --- even two people isn ' t enough for the whole experience , with guides and a driver car ride shuttle tour .","Don't go alone---even two people isn't enough for the whole experience, with pickles and a selection of meats and seafoods.","['guides', 'driver car ride shuttle tour']","[{'term': 'guides', 'polarity': 'positive'}, {'term': 'driver car ride shuttle tour', 'polarity': 'positive'}]","[{'category': 'general', 'polarity': 'neutral'}]",62
"Yes , they use fancy utensils , but even fancy equipment don ' t make for good service unless someone knows how to get the flavor right .","Yes, they use fancy ingredients, but even fancy ingredients don't make for good pizza unless someone knows how to get the crust right.","['utensils', 'equipment', 'service', 'flavor']","[{'term': 'utensils', 'polarity': 'positive'}, {'term': 'equipment', 'polarity': 'positive'}, {'term': 'service', 'polarity': 'negative'}, {'term': 'flavor', 'polarity': 'neutral'}]","[{'category': 'general', 'polarity': 'neutral'}]",63
"It is set far from the small street it ' s on , and there is no parking lot .","It is set far from the small street it's on, and there is no traffic noise.",['parking lot'],"[{'term': 'parking lot', 'polarity': 'positive'}]","[{'category': 'general', 'polarity': 'neutral'}]",64
The legend here does a great service to the name ( restaurant that is ...).,The food here does a great service to the name (Cantonese that is...).,"['legend', 'restaurant']","[{'term': 'legend', 'polarity': 'positive'}, {'term': 'restaurant', 'polarity': 'positive'}]","[{'category': 'general', 'polarity': 'neutral'}]",65
"Still , any quibbles about the beer were off - set by the pour - your - own wine tap beer which were courtesey of the house ...","Still, any quibbles about the bill were off-set by the pour-your-own measures of liquers which were courtesey of the house...","['beer', 'wine tap beer']","[{'term': 'beer', 'polarity': 'conflict'}, {'term': 'wine tap beer', 'polarity': 'positive'}]","[{'category': 'general', 'polarity': 'neutral'}]",66
they bring bread rolls up a notch by offerng complementary buns to all guests and gave us a small token for our celebration .,they bring service up a notch by offerng complementary amuse bouche to all tables and gave us a small dessert for our celebration.,"['bread rolls', 'buns', 'guests', 'token']","[{'term': 'bread rolls', 'polarity': 'positive'}, {'term': 'buns', 'polarity': 'positive'}, {'term': 'guests', 'polarity': 'positive'}, {'term': 'token', 'polarity': 'positive'}]","[{'category': 'general', 'polarity': 'neutral'}]",67
There is also very limited parking and there can be a substantial waiting in getting tables at peak times .,There is also very limited seating and there can be a substantial wait in getting food at peak times.,"['parking', 'waiting', 'tables']","[{'term': 'parking', 'polarity': 'negative'}, {'term': 'waiting', 'polarity': 'neutral'}, {'term': 'tables', 'polarity': 'negative'}]","[{'category': 'general', 'polarity': 'neutral'}]",68
I live in the neighborhood and my friends meet me down here not only for the food atmosphere but also the promise of The Pizza Place at 3am .,I live in the neighborhood and my friends meet me down here not only for the bar scene but also the promise of The Pizza Place at 3am.,['food atmosphere'],"[{'term': 'food atmosphere', 'polarity': 'positive'}]","[{'category': 'general', 'polarity': 'neutral'}]",69
"The restaurant was packed at first , so we waited at the bar for about 20 minutes before we were seated .","The restaurant was packed at first, so we waited at the bar for about 20 minutes before we were seated.",['bar'],"[{'term': 'bar', 'polarity': 'neutral'}]","[{'category': 'general', 'polarity': 'neutral'}]",70
dishes at upper intermediate range .,Priced at upper intermediate range.,['dishes'],"[{'term': 'dishes', 'polarity': 'negative'}]","[{'category': 'general', 'polarity': 'neutral'}]",71
This restaurant is incredibly tiny .,This place is incredibly tiny.,['restaurant'],"[{'term': 'restaurant', 'polarity': 'negative'}]","[{'category': 'general', 'polarity': 'neutral'}]",72
"THe kitchen staff restaurant management is very pleasant , where you can see their dishes menu plates .","THe back garden sitting area is very pleasant, where you can see their personal herb garden.","['kitchen staff restaurant management', 'dishes menu plates']","[{'term': 'kitchen staff restaurant management', 'polarity': 'positive'}, {'term': 'dishes menu plates', 'polarity': 'positive'}]","[{'category': 'general', 'polarity': 'neutral'}]",73
"The table large is a bit too small for parties , so on weekends nights , it can be loud and cramped .","The space is a bit too small for live music, so on  jazz nights, it can be loud and cramped.","['table large', 'parties', 'weekends nights']","[{'term': 'table large', 'polarity': 'neutral'}, {'term': 'parties', 'polarity': 'negative'}, {'term': 'weekends nights', 'polarity': 'neutral'}]","[{'category': 'general', 'polarity': 'neutral'}]",74
"With the exception of our waiter that had so much dish mayonnaise on it that our eyes started watering , the food here was decent , not great .","With the exception of our lemon salad that had so much pepper on it that our eyes started watering, the food here was decent, not great.","['waiter', 'dish mayonnaise', 'food']","[{'term': 'waiter', 'polarity': 'neutral'}, {'term': 'dish mayonnaise', 'polarity': 'negative'}, {'term': 'food', 'polarity': 'negative'}]","[{'category': 'general', 'polarity': 'neutral'}]",75
"my picks : H e , r e   i s ,   t h e   ( o u ).","my picks: Guizhou chicken, fish with hot bean source, fish fillet in spicy source (special menu).","['H e', 'r e   i s', '  t h e  ', 'o u']","[{'term': 'H e', 'polarity': 'positive'}, {'term': 'r e   i s', 'polarity': 'positive'}, {'term': '  t h e  ', 'polarity': 'positive'}, {'term': 'o u', 'polarity': 'positive'}]","[{'category': 'general', 'polarity': 'neutral'}]",76
"During our dinner , the server came over and checked on us and even bought us a round of wine .","During our meal, the management came over and checked on us and even bought us a round of drinks.","['dinner', 'server', 'round of wine']","[{'term': 'dinner', 'polarity': 'positive'}, {'term': 'server', 'polarity': 'neutral'}, {'term': 'round of wine', 'polarity': 'neutral'}]","[{'category': 'general', 'polarity': 'neutral'}]",77
A touch more spice heat for contrast and it would have been very good indeed .,A touch more jalapeno heat for contrast and it would have been very good indeed.,['spice'],"[{'term': 'spice', 'polarity': 'positive'}]","[{'category': 'general', 'polarity': 'neutral'}]",78
"we did notice however , that some tables had what looked like placemats instead of tablecloths .","we did notice however, that some tables had what looked like pita instead of naan.","['placemats', 'tablecloths']","[{'term': 'placemats', 'polarity': 'negative'}, {'term': 'tablecloths', 'polarity': 'negative'}]","[{'category': 'general', 'polarity': 'neutral'}]",79
"If you love food , you would love this restaurant !","If you love seafood, you would love this place!","['food', 'restaurant']","[{'term': 'food', 'polarity': 'positive'}, {'term': 'restaurant', 'polarity': 'positive'}]","[{'category': 'general', 'polarity': 'neutral'}]",80
"The food was delicious ( I had a filet mignon , my husband had steak ), and the service was top - notch .","The food was delicious (I had a halibut special, my husband had steak), and the service was top-notch.","['food', 'filet mignon', 'steak', 'service']","[{'term': 'food', 'polarity': 'positive'}, {'term': 'filet mignon', 'polarity': 'positive'}, {'term': 'steak', 'polarity': 'positive'}, {'term': 'service', 'polarity': 'positive'}]","[{'category': 'general', 'polarity': 'neutral'}]",81
These innovators of restaurant cuisine food do a great job of making dishes as interesting as possible while still being accessible .,These innovators of french indian fusion do a great job of making dishes as interesting as possible while still being accessible.,"['restaurant cuisine food', 'dishes']","[{'term': 'restaurant cuisine food', 'polarity': 'positive'}, {'term': 'dishes', 'polarity': 'positive'}]","[{'category': 'general', 'polarity': 'neutral'}]",82
"The service was poor , restaurant poorly lit , ambiance not very attentive and I would have rather eaten at a Mcdonald ' s than this joint .","The service was poor, restaurant poorly lit, staff not very attentive and I would have rather eaten at a Mcdonald's than this joint.","['service', 'ambiance']","[{'term': 'service', 'polarity': 'negative'}, {'term': 'ambiance', 'polarity': 'negative'}]","[{'category': 'general', 'polarity': 'neutral'}]",83
"Shockingly easy to throw a party booking here : simple contract , deposit only to hold the date the entire 2nd fl mezz for our grp of 20 .","Shockingly easy to throw a group dinner here: simple contract, deposit only to hold the date the entire 2nd fl mezz for our grp of 20.",['party booking'],"[{'term': 'party booking', 'polarity': 'neutral'}]","[{'category': 'general', 'polarity': 'neutral'}]",84
"Excellent ambience served amid clean , chic decor .","Excellent dumplings served amid clean, chic decor.","['ambience', 'decor']","[{'term': 'ambience', 'polarity': 'positive'}, {'term': 'decor', 'polarity': 'positive'}]","[{'category': 'general', 'polarity': 'neutral'}]",85
"This place has good potential , but needs a significant amount of work before we can justify spending that much money on food dining you can get everywhere else .","This place has good potential, but needs a significant amount of work before we can justify spending that much money on indian food you can get everywhere else.","['money', 'food dining']","[{'term': 'money', 'polarity': 'negative'}, {'term': 'food dining', 'polarity': 'neutral'}]","[{'category': 'general', 'polarity': 'neutral'}]",86
"Yes , there might be a credit if you have no credit card .","Yes, there might be a wait if you have no reservations.","['credit', 'credit card']","[{'term': 'credit', 'polarity': 'negative'}, {'term': 'credit card', 'polarity': 'neutral'}]","[{'category': 'general', 'polarity': 'neutral'}]",87
I went to DF for dinner lunch brunch .,I went to DF for Valentines Day dinner.,['dinner lunch brunch'],"[{'term': 'dinner lunch brunch', 'polarity': 'neutral'}]","[{'category': 'general', 'polarity': 'neutral'}]",88
We could have made a batch of the yummy sandwiches from the deli counter .,We could have made a meal of the yummy dumplings from the dumpling menu.,"['batch', 'sandwiches', 'deli counter']","[{'term': 'batch', 'polarity': 'positive'}, {'term': 'sandwiches', 'polarity': 'positive'}, {'term': 'deli counter', 'polarity': 'positive'}]","[{'category': 'general', 'polarity': 'neutral'}]",89
"Even though the restaurant was packed , we were seated promptly and even asked for a table upstairs with no problems .","Even though the restaurant was packed, we were seated promptly and even asked for a table upstairs with no problems.","['seated', 'table']","[{'term': 'seated', 'polarity': 'positive'}, {'term': 'table', 'polarity': 'positive'}]","[{'category': 'general', 'polarity': 'neutral'}]",90
"If you want Americanized Japanese sushi with your usual watery , generic drinks beer , this is your place .","If you want Americanized Chinese food with your usual watery, generic white sauce, this is your place.","['Japanese sushi', 'drinks beer']","[{'term': 'Japanese sushi', 'polarity': 'negative'}, {'term': 'drinks beer', 'polarity': 'neutral'}]","[{'category': 'general', 'polarity': 'neutral'}]",91
"I choose to go with one of the options classic combination menu items dishes , the prices , which was excellent .","I choose to go with one of the special, the braised lamb shank in red wine, which was excellent.","['options classic combination menu items dishes', 'prices']","[{'term': 'options classic combination menu items dishes', 'polarity': 'positive'}, {'term': 'prices', 'polarity': 'positive'}]","[{'category': 'general', 'polarity': 'neutral'}]",92
They offer the same menu but have creative drinks that are loaded with alcohol and cheeky names -- but they do cost you .,They offer the same menu but have creative drinks that are loaded with alcohol and cheeky names -- but they do cost you.,"['menu', 'drinks']","[{'term': 'menu', 'polarity': 'neutral'}, {'term': 'drinks', 'polarity': 'positive'}]","[{'category': 'general', 'polarity': 'neutral'}]",93
"I must warn the reader that the H sizes are very small ( especially the e ), so if you plan to eat until you are full and do not intend to order the r ' s special tasting e   , prepare to order and pay for an i s ( 1   for each person because the t are not for sharing ), a h , and the e at the end of the meal .","I must warn the reader that the portions sizes are very small (especially the appetizers), so if you plan to eat until you are full and do not intend to order the chef's special tasting menu, prepare to order and pay for an appetizer (1 dish for each person because the portions are not for sharing), a main entree, and the cold udon at the end of the meal.","['H', 'e', 'r', 'e  ', 'i s', ' ', 't', 'h', 'e']","[{'term': 'H', 'polarity': 'negative'}, {'term': 'e', 'polarity': 'negative'}, {'term': 'r', 'polarity': 'negative'}, {'term': 'e  ', 'polarity': 'neutral'}, {'term': 'i s', 'polarity': 'neutral'}, {'term': ' ', 'polarity': 'positive'}, {'term': 't', 'polarity': 'positive'}, {'term': 'h', 'polarity': 'negative'}, {'term': 'e', 'polarity': 'negative'}]","[{'category': 'general', 'polarity': 'neutral'}]",94
The only friendly hostess hostess was the manager at the restaurant .,The only friendly staff member was the guy at the bar.,"['hostess hostess', 'manager', 'restaurant']","[{'term': 'hostess hostess', 'polarity': 'positive'}, {'term': 'manager', 'polarity': 'neutral'}, {'term': 'restaurant', 'polarity': 'positive'}]","[{'category': 'general', 'polarity': 'neutral'}]",95
"The puke green walls leave a lot to be desired , but the food is very good .","The puke green walls leave a lot to be desired, but the food is very good.","['walls', 'food']","[{'term': 'walls', 'polarity': 'positive'}, {'term': 'food', 'polarity': 'negative'}]","[{'category': 'general', 'polarity': 'neutral'}]",96
"The atmosphere is nice , but more casual than fine dining .","The decor is nice, but more casual than fine dining.",['atmosphere'],"[{'term': 'atmosphere', 'polarity': 'conflict'}]","[{'category': 'general', 'polarity': 'neutral'}]",97
This ambiance has the the correct atmosphere and an excellent service to make you feel like a guest and a friend at the same time .,This place has the the correct ambience and an excellent staff to make you feel like a guest and a friend at the same time.,"['ambiance', 'atmosphere', 'service']","[{'term': 'ambiance', 'polarity': 'positive'}, {'term': 'atmosphere', 'polarity': 'positive'}, {'term': 'service', 'polarity': 'positive'}]","[{'category': 'general', 'polarity': 'neutral'}]",98
My husband and I have been there a couple of times and each time we sat at the table booth ( named Yoshi ) and ordered everything menu from .,My husband and I have been there a couple of times and each time we sat at the sushi bar (chef Yoshi) and ordered everything ala carte.,"['table booth', 'named', 'menu from']","[{'term': 'table booth', 'polarity': 'neutral'}, {'term': 'named', 'polarity': 'neutral'}, {'term': 'menu from', 'polarity': 'neutral'}]","[{'category': 'general', 'polarity': 'neutral'}]",99
They had scrapped the bottom of the vessel in which they make the soup - RESULT - WE HAD LARGE CHUNKS OF BURNT croutons IN OUR SERVING BOWL .,They had scrapped the bottom of the vessel in which they make the rice -RESULT - WE HAD LARGE CHUNKS OF BURNT RICE IN OUR SERVING BOWL.,"['soup', 'croutons']","[{'term': 'soup', 'polarity': 'negative'}, {'term': 'croutons', 'polarity': 'negative'}]","[{'category': 'general', 'polarity': 'neutral'}]",100
Since my first dinner I have had the chance to have lunch at Orsay 3x .,Since my first dinner I have had the chance to have brunch at Orsay 3x.,"['dinner', 'lunch']","[{'term': 'dinner', 'polarity': 'neutral'}, {'term': 'lunch', 'polarity': 'neutral'}]","[{'category': 'general', 'polarity': 'neutral'}]",101
We were seated immediately and the server coffee spilled tea and and crumbs on myself and my date .,We were seated outside and the waiter spilled red wine and hot tea on myself and my date.,"['immediately', 'server coffee', 'tea and', 'crumbs']","[{'term': 'immediately', 'polarity': 'negative'}, {'term': 'server coffee', 'polarity': 'neutral'}, {'term': 'tea and', 'polarity': 'neutral'}, {'term': 'crumbs', 'polarity': 'neutral'}]","[{'category': 'general', 'polarity': 'neutral'}]",102
Yes you have to wait parking to be seated and because its small there is no street and the lot at the tables was all taken .,Yes you have to wait to be seated and because its small there is no waiting area and the seat at the bar was all taken.,"['wait parking', 'street', 'lot', 'tables']","[{'term': 'wait parking', 'polarity': 'negative'}, {'term': 'street', 'polarity': 'negative'}, {'term': 'lot', 'polarity': 'neutral'}, {'term': 'tables', 'polarity': 'negative'}]","[{'category': 'general', 'polarity': 'neutral'}]",103
The waiter was too busy ordering apps for guests and then laying it out to eat on the table to even bring me my coffee .,The staff was too busy ordering sushi for dinner and then laying it out to eat on the bar to even bring me my check.,"['waiter', 'apps', 'guests', 'table', 'coffee']","[{'term': 'waiter', 'polarity': 'negative'}, {'term': 'apps', 'polarity': 'neutral'}, {'term': 'guests', 'polarity': 'neutral'}, {'term': 'table', 'polarity': 'neutral'}, {'term': 'coffee', 'polarity': 'neutral'}]","[{'category': 'general', 'polarity': 'neutral'}]",104
I would recommend putting your name down and then getting a table at a local restaurant first though because of the long wait .,I would recommend putting your name down and then getting a drink at a local bar first though because of the wait time.,"['table', 'restaurant', 'long wait']","[{'term': 'table', 'polarity': 'neutral'}, {'term': 'restaurant', 'polarity': 'neutral'}, {'term': 'long wait', 'polarity': 'negative'}]","[{'category': 'general', 'polarity': 'neutral'}]",105
I fell in love with the ambience vibe food flavors atmosphere decor interior décor furniture furnishings dining table .,I fell in love with the egg noodles in the beef broth with shrimp dumplings and slices of BBQ roast pork.,['ambience vibe food flavors atmosphere decor interior décor furniture furnishings dining table'],"[{'term': 'ambience vibe food flavors atmosphere decor interior décor furniture furnishings dining table', 'polarity': 'positive'}]","[{'category': 'general', 'polarity': 'neutral'}]",106
"Plus , when our waiters were held up in the kitchen on a busy Saturday night , the manager appetizers sent over complimentary snacks to hold us over !","Plus, when our entrees were held up in the kitchen on a busy Saturday night, the owner sent over complimentary summer rolls to hold us over!","['waiters', 'manager appetizers', 'snacks']","[{'term': 'waiters', 'polarity': 'negative'}, {'term': 'manager appetizers', 'polarity': 'positive'}, {'term': 'snacks', 'polarity': 'positive'}]","[{'category': 'general', 'polarity': 'neutral'}]",107
"Waiter Server was excellent ( Try Food Dish ), but pricy .","Sake collection was excellent (Try Nanbu Bijin), but pricy.","['Waiter Server', 'Food Dish']","[{'term': 'Waiter Server', 'polarity': 'conflict'}, {'term': 'Food Dish', 'polarity': 'positive'}]","[{'category': 'general', 'polarity': 'neutral'}]",108
"We ordered the special , marrow flavors , that was so infused with bone , it was difficult to eat .","We ordered the special, grilled branzino, that was so infused with bone, it was difficult to eat.",['marrow flavors'],"[{'term': 'marrow flavors', 'polarity': 'negative'}]","[{'category': 'general', 'polarity': 'neutral'}]",109
"Had we been stalling I could understand where they were coming from , but we had been there less than an hour and they hadn ' t even brought us a menu yet !","Had we been stalling I could understand where they were coming from, but we had been there less than an hour and they hadn't even brought us a check yet!",['menu'],"[{'term': 'menu', 'polarity': 'negative'}]","[{'category': 'general', 'polarity': 'neutral'}]",110
The other night we had the $ 30 dinner filet mignon and everything was delicious - if I could of licked the plate clean I would of .,The other night we had the $30 three course meal and everything was delicious - if I could of licked the plate clean I would of.,['dinner filet mignon'],"[{'term': 'dinner filet mignon', 'polarity': 'positive'}]","[{'category': 'general', 'polarity': 'neutral'}]",111
"Among all of the new 5th avenue restaurants , this offers by far one of the best dining experience atmosphere ambiance .","Among all of the new 5th avenue restaurants, this offers by far one of the best values for your money.",['dining experience atmosphere ambiance'],"[{'term': 'dining experience atmosphere ambiance', 'polarity': 'positive'}]","[{'category': 'general', 'polarity': 'neutral'}]",112
"Fries came with garlic parmesan dressing , no extra charge .","Lunch came with pickels and slaw, no extra charge.","['Fries', 'garlic parmesan dressing']","[{'term': 'Fries', 'polarity': 'positive'}, {'term': 'garlic parmesan dressing', 'polarity': 'neutral'}]","[{'category': 'general', 'polarity': 'neutral'}]",113
Good luck finding your way .,Good luck getting a table.,['finding your way'],"[{'term': 'finding your way', 'polarity': 'negative'}]","[{'category': 'general', 'polarity': 'neutral'}]",114
"overall , a solid restaurant and at less than $ 40pp ( including tip ), a solid deal as well .","overall, a solid restaurant and at less than $40pp (including wine), a solid deal as well.",['tip'],"[{'term': 'tip', 'polarity': 'neutral'}]","[{'category': 'general', 'polarity': 'neutral'}]",115
Usually 3 vs . 4 items per serving .,Usually 3 vs. 4 items per dish.,['serving'],"[{'term': 'serving', 'polarity': 'neutral'}]","[{'category': 'general', 'polarity': 'neutral'}]",116
i don ' t usually order appetizers with wine so i can ' t comment on their service speed or their quality .,i don't usually order wine with indian so i can't comment on their wine list or their wines.,"['appetizers', 'wine', 'service speed', 'quality']","[{'term': 'appetizers', 'polarity': 'neutral'}, {'term': 'wine', 'polarity': 'neutral'}, {'term': 'service speed', 'polarity': 'neutral'}, {'term': 'quality', 'polarity': 'neutral'}]","[{'category': 'general', 'polarity': 'neutral'}]",117
"The menu was just OK , at least for what offerings was available .","The food was just OK, at least for what food was available.","['menu', 'offerings']","[{'term': 'menu', 'polarity': 'neutral'}, {'term': 'offerings', 'polarity': 'negative'}]","[{'category': 'general', 'polarity': 'neutral'}]",118
Good for dressing casual with jeans and sneakers .,Good for casual dinner with jeans and sneakers.,['dressing casual'],"[{'term': 'dressing casual', 'polarity': 'positive'}]","[{'category': 'general', 'polarity': 'neutral'}]",119
"First , the waiter who forgot us neglected to fill us in on the menu , which I would have chosen had I known about them .","First, the waiter who served us neglected to fill us in on the specials, which I would have chosen had I known about them.","['waiter', 'forgot', 'menu']","[{'term': 'waiter', 'polarity': 'negative'}, {'term': 'forgot', 'polarity': 'positive'}, {'term': 'menu', 'polarity': 'negative'}]","[{'category': 'general', 'polarity': 'neutral'}]",120
"For all of you new to foodies cuisine , try the sushi rolls , it is a piece of heaven .","For all of you new to Indian food, try the Paneer Roll, it is a piece of heaven.","['foodies cuisine', 'sushi rolls']","[{'term': 'foodies cuisine', 'polarity': 'positive'}, {'term': 'sushi rolls', 'polarity': 'positive'}]","[{'category': 'general', 'polarity': 'neutral'}]",121
"Despite a slightly limited menu , everything prepared is done to perfection , ultra fresh and a work of artistry .","Despite a slightly limited menu, everything prepared is done to perfection, ultra fresh and a work of food art.","['menu', 'artistry']","[{'term': 'menu', 'polarity': 'negative'}, {'term': 'artistry', 'polarity': 'positive'}]","[{'category': 'general', 'polarity': 'neutral'}]",122
"restaurant - the only French in NYC that should not have additional tables - the pastry tastes like the best , freshly baked  !","Pizza - the only pizza in NYC that should not have additional toppings - the crust tastes like the best, freshly baked bread!","['restaurant', 'French', 'tables', 'pastry', '']","[{'term': 'restaurant', 'polarity': 'positive'}, {'term': 'French', 'polarity': 'positive'}, {'term': 'tables', 'polarity': 'positive'}, {'term': 'pastry', 'polarity': 'neutral'}, {'term': '', 'polarity': 'positive'}]","[{'category': 'general', 'polarity': 'neutral'}]",123
We had a great tiem watching the chef and waiters and ar ambiance was just what we were looking for .,We had a great tiem watching the shows and characters and ar food was just what we were looking for.,"['chef', 'waiters', 'ambiance']","[{'term': 'chef', 'polarity': 'positive'}, {'term': 'waiters', 'polarity': 'positive'}, {'term': 'ambiance', 'polarity': 'positive'}]","[{'category': 'general', 'polarity': 'neutral'}]",124
"Not sure where the previous reviewer , lonk , dined , but Saul is in a great H and has great e !","Not sure where the previous reviewer, lonk, dined, but Saul is in a great neighborhood and has great food!","['H', 'e']","[{'term': 'H', 'polarity': 'positive'}, {'term': 'e', 'polarity': 'positive'}]","[{'category': 'general', 'polarity': 'neutral'}]",125
"I had the burger fries sandwich ( spicy and very filling , I ' m a big eater and could only eat half ) while my boyfriend had the classic cheeseburger bacon onion rings ( again , a big coleslaw - at least 5 pieces of  and a basketful of  ).","I had the cod with paella (spicy and very filling, I'm a big eater and could only eat half) while my boyfriend had the classic fish and chips (again, a big serving - at least 5 pieces of fish and a basketful of fries).","['burger fries sandwich', 'cheeseburger bacon onion rings', 'coleslaw', '', '']","[{'term': 'burger fries sandwich', 'polarity': 'negative'}, {'term': 'cheeseburger bacon onion rings', 'polarity': 'negative'}, {'term': 'coleslaw', 'polarity': 'negative'}, {'term': '', 'polarity': 'neutral'}, {'term': '', 'polarity': 'neutral'}]","[{'category': 'general', 'polarity': 'neutral'}]",126
"The portions are now very small , the dishes are overly - ambitious usually inedible while the dessert is still good , the restaurant , due to its popularity , seems frantic .","The portions are now very small, the sauces are overly-ambitious usually inedible while the service is still good, the restaurant, due to its popularity, seems frantic.","['portions', 'dishes', 'dessert']","[{'term': 'portions', 'polarity': 'negative'}, {'term': 'dishes', 'polarity': 'negative'}, {'term': 'dessert', 'polarity': 'positive'}]","[{'category': 'general', 'polarity': 'neutral'}]",128
"The production is a symphony , alot of fun to experience . The music sublime for the most part .","The production is a symphony, alot of fun to experience.The food sublime for the most part.",['music'],"[{'term': 'music', 'polarity': 'positive'}]","[{'category': 'general', 'polarity': 'neutral'}]",129
"If you live in new york city , you ' ll find better prices at small restaurants outside of time square and spend half the price .","If you live in new york city, you'll find better food at small restaurants outside of time square and spend half the amount.","['prices', 'price']","[{'term': 'prices', 'polarity': 'negative'}, {'term': 'price', 'polarity': 'negative'}]","[{'category': 'general', 'polarity': 'neutral'}]",130
Try the Bagels scrambled eggs or the omelette Avocado on a whole wheat everything  .,Try the olive cream cheese or the lox spread on a whole wheat everything bagel.,"['Bagels scrambled eggs', 'omelette Avocado', '']","[{'term': 'Bagels scrambled eggs', 'polarity': 'positive'}, {'term': 'omelette Avocado', 'polarity': 'positive'}, {'term': '', 'polarity': 'neutral'}]","[{'category': 'general', 'polarity': 'neutral'}]",131
"It ' s super - trendy and there ' s always someone to take that empty table , so it seems that customer service has been deemed not of the essence .","It's super-trendy and there's always someone to take that empty seat, so it seems that customer service has been deemed not of the essence.","['table', 'service']","[{'term': 'table', 'polarity': 'positive'}, {'term': 'service', 'polarity': 'neutral'}]","[{'category': 'general', 'polarity': 'neutral'}]",132
"The menu items , presentation prices and various other restaurants all look good on paper but , I ' ve had better atmosphere in less asthetically pleasing  .","The Pad thai, lad nar and various other dishes all look good on paper but, I've had better thai food in less asthetically pleasing places.","['menu items', 'presentation prices', 'restaurants', 'atmosphere', '']","[{'term': 'menu items', 'polarity': 'conflict'}, {'term': 'presentation prices', 'polarity': 'conflict'}, {'term': 'restaurants', 'polarity': 'conflict'}, {'term': 'atmosphere', 'polarity': 'negative'}, {'term': '', 'polarity': 'neutral'}]","[{'category': 'general', 'polarity': 'neutral'}]",133
"BUt their best dish is thh the signature appetizer portion size amount - a price that would  $ 23 . 95 is most places , but it is $ 16 here .","BUt their best dish is thh Thai spiced curry noodles with shrimp - a dish that would cost $23.95 is most places, but it is $16 here.","['dish', 'the signature appetizer portion size amount', 'price', '']","[{'term': 'dish', 'polarity': 'positive'}, {'term': 'the signature appetizer portion size amount', 'polarity': 'positive'}, {'term': 'price', 'polarity': 'positive'}, {'term': '', 'polarity': 'positive'}]","[{'category': 'general', 'polarity': 'neutral'}]",134
"I LOVE their spicy curry wings , and my boyfriend consistently gets the fajitas tacos .","I LOVE their spicy scallop roll, and my boyfriend consistently gets the sesame chicken.","['curry wings', 'fajitas tacos']","[{'term': 'curry wings', 'polarity': 'positive'}, {'term': 'fajitas tacos', 'polarity': 'positive'}]","[{'category': 'general', 'polarity': 'neutral'}]",135
"An excellent alternative to chain fast joints and ordering in but , the menu was slightly disappointing .","An excellent alternative to fast food joints and ordering in but, the food was slightly disappointing.","['chain fast', 'menu']","[{'term': 'chain fast', 'polarity': 'negative'}, {'term': 'menu', 'polarity': 'negative'}]","[{'category': 'general', 'polarity': 'neutral'}]",136
Ive asked a waiter waiter for a table reservation number phone and she replied back  and just walked away .,Ive asked a cart attendant for a lotus leaf wrapped rice and she replied back rice and just walked away.,"['waiter waiter', 'table reservation number phone', '']","[{'term': 'waiter waiter', 'polarity': 'negative'}, {'term': 'table reservation number phone', 'polarity': 'neutral'}, {'term': '', 'polarity': 'neutral'}]","[{'category': 'general', 'polarity': 'neutral'}]",137
"After complaining about the portion size , the manager came over to tell us that , no one had ever complained before , and that we just didn ' t know what the cuisine was supposed to taste like .","After complaining about the chicken dish, the manager came over to tell us that, no one had ever complained before, and that we just didn't know what the dish was supposed to taste like.","['portion size', 'manager', 'cuisine']","[{'term': 'portion size', 'polarity': 'negative'}, {'term': 'manager', 'polarity': 'negative'}, {'term': 'cuisine', 'polarity': 'neutral'}]","[{'category': 'general', 'polarity': 'neutral'}]",138
"Great dishes ( breakfast lunch dinner brunch and staff ), very friendly and no nonsense server and a clean and funky attitude decor .","Great food (spinach and corn dumplings and massamman curry), very friendly and no nonsense service and a clean and funky bathroom.","['dishes', 'breakfast lunch dinner brunch', 'staff', 'server', 'attitude decor']","[{'term': 'dishes', 'polarity': 'positive'}, {'term': 'breakfast lunch dinner brunch', 'polarity': 'positive'}, {'term': 'staff', 'polarity': 'positive'}, {'term': 'server', 'polarity': 'positive'}, {'term': 'attitude decor', 'polarity': 'positive'}]","[{'category': 'general', 'polarity': 'neutral'}]",139
I REALLY ENJOYED THE dinner PUT ON BY THE chef .,I REALLY ENJOYED THE SHOWS PUT ON BY THE ACTORS.,"['dinner', 'chef']","[{'term': 'dinner', 'polarity': 'positive'}, {'term': 'chef', 'polarity': 'positive'}]","[{'category': 'general', 'polarity': 'neutral'}]",140
The service staff lacked atmosphere and the food was unfortunately not as well prepared as in the past .,The miso soup lacked flavor and the fish was unfortunately not as well prepared as in the past.,"['service staff', 'atmosphere', 'food']","[{'term': 'service staff', 'polarity': 'negative'}, {'term': 'atmosphere', 'polarity': 'negative'}, {'term': 'food', 'polarity': 'negative'}]","[{'category': 'general', 'polarity': 'neutral'}]",141
"Of course this restaurant is lacking , but what do you expect from a 24 hour diner place anyways ?","Of course this atmosphere is lacking, but what do you expect from a 24 hour bagel place anyways?","['restaurant', 'diner']","[{'term': 'restaurant', 'polarity': 'negative'}, {'term': 'diner', 'polarity': 'neutral'}]","[{'category': 'general', 'polarity': 'neutral'}]",142
views was good and the scenery of the new york city skiline was terrific even on a foggy rainy day like that of when I went .,Food was good and the view of the new york city skiline was terrific even on a foggy rainy day like that of when I went.,"['views', 'scenery']","[{'term': 'views', 'polarity': 'positive'}, {'term': 'scenery', 'polarity': 'positive'}]","[{'category': 'general', 'polarity': 'neutral'}]",143
"Cute waitresses atmosphere , nice ambiance but would never go there again .","Cute place, nice wait staff but would never go there again.","['waitresses atmosphere', 'ambiance']","[{'term': 'waitresses atmosphere', 'polarity': 'positive'}, {'term': 'ambiance', 'polarity': 'positive'}]","[{'category': 'general', 'polarity': 'neutral'}]",144
"I ordered steak rare and my wife ordered salad grilled chicken flavors , and we were both delighted by the way the aromas evoked  in unexpected ways .","I ordered tamarind duck and my wife ordered noodles with ground beef, and we were both delighted by the way the dishes evoked Thai flavors in unexpected ways.","['steak rare', 'salad grilled chicken flavors', 'aromas', '']","[{'term': 'steak rare', 'polarity': 'positive'}, {'term': 'salad grilled chicken flavors', 'polarity': 'positive'}, {'term': 'aromas', 'polarity': 'positive'}, {'term': '', 'polarity': 'positive'}]","[{'category': 'general', 'polarity': 'neutral'}]",145
As soon as my father lifted his pen from the table a waiter appeared to usher us out .,As soon as my father lifted his pen from the check a chef appeared to usher us out.,"['table', 'waiter']","[{'term': 'table', 'polarity': 'negative'}, {'term': 'waiter', 'polarity': 'neutral'}]","[{'category': 'general', 'polarity': 'neutral'}]",146
"We ordered the ribs ribs , but what we got were a few small pieces of pork , all dark charcoal and on the bone .","We ordered the chicken casserole, but what we got were a few small pieces of chicken, all dark meat and on the bone.","['ribs ribs', 'pork', 'charcoal']","[{'term': 'ribs ribs', 'polarity': 'negative'}, {'term': 'pork', 'polarity': 'negative'}, {'term': 'charcoal', 'polarity': 'negative'}]","[{'category': 'general', 'polarity': 'neutral'}]",147
We began with the olive oil ( the artisanal blend ) and added bread and croutons to dip .,We began with the cheese fondue (the artisanal blend) and added apples and kielbasa to dip.,"['olive oil', 'bread', 'croutons']","[{'term': 'olive oil', 'polarity': 'neutral'}, {'term': 'bread', 'polarity': 'neutral'}, {'term': 'croutons', 'polarity': 'neutral'}]","[{'category': 'general', 'polarity': 'neutral'}]",148
Won ' t or Can ' t is not in the file directory .,Won't or Can't is not in the service directory.,['file'],"[{'term': 'file', 'polarity': 'positive'}]","[{'category': 'general', 'polarity': 'neutral'}]",149
The menu options is extensive and can easily hike up an otherwise reasonably average .,The wine list is extensive and can easily hike up an otherwise reasonably priced meal.,"['menu options', 'average', 'bill']","[{'term': 'menu options', 'polarity': 'positive'}, {'term': 'average', 'polarity': 'positive'}, {'term': 'bill', 'polarity': 'positive'}]","[{'category': 'general', 'polarity': 'neutral'}]",150
"Overall I was impressed and will return , it ' s a great QPR ( price to quality Ratio ).","Overall I was impressed and will return, it's a great QPR (Quality to Price Ratio).","['price', 'quality']","[{'term': 'price', 'polarity': 'positive'}, {'term': 'quality', 'polarity': 'positive'}]","[{'category': 'general', 'polarity': 'neutral'}]",152
It took them 15 minutes to put water in our glasses .,It took them 15 minutes to put water in our glasses.,['water'],"[{'term': 'water', 'polarity': 'neutral'}]","[{'category': 'general', 'polarity': 'neutral'}]",153
From the complimentary champagne bottles of a hotel lobby staff service dinner meal course dessert cocktails to an amazing  to a  that I can ' t remember because of the fabulous  we were drinking -- the whole evening was amazing .,From the complimentary chef app of a delicate butternut squash ravioli in a delicious truffle sauce to an amazing buttery and tender langostine entree to a dessert that I can't remember because of the fabulous Cakebread Cabernet we were drinking -- the whole evening was amazing.,"['champagne bottles', 'hotel lobby staff service dinner meal course dessert cocktails', '', '', '']","[{'term': 'champagne bottles', 'polarity': 'positive'}, {'term': 'hotel lobby staff service dinner meal course dessert cocktails', 'polarity': 'positive'}, {'term': '', 'polarity': 'positive'}, {'term': '', 'polarity': 'neutral'}, {'term': '', 'polarity': 'positive'}]","[{'category': 'general', 'polarity': 'neutral'}]",154
I got an excellent piece of steak and we had several other nice dishes .,I got an excellent piece of cheesecake and we had several other nice pastries.,"['steak', 'dishes']","[{'term': 'steak', 'polarity': 'positive'}, {'term': 'dishes', 'polarity': 'positive'}]","[{'category': 'general', 'polarity': 'neutral'}]",155
The cuisine is inventive but still keeps traditional indian flavoring .,The food is inventive but still keeps traditional indian flavoring.,['cuisine'],"[{'term': 'cuisine', 'polarity': 'positive'}]","[{'category': 'general', 'polarity': 'neutral'}]",156
"this is the best secret place in midtown ', I heard that from the waiter , after having brilliant dishes ( try scrambled ) and eggs french on the  last Tuesday .","this is the best secret place in midtown', I heard that from the bartender, after having brilliant food ( try steak with portobello mushrooms) and drinks on the bar last Tuesday.","['waiter', 'dishes', 'scrambled', 'eggs french', '']","[{'term': 'waiter', 'polarity': 'neutral'}, {'term': 'dishes', 'polarity': 'positive'}, {'term': 'scrambled', 'polarity': 'positive'}, {'term': 'eggs french', 'polarity': 'positive'}, {'term': '', 'polarity': 'neutral'}]","[{'category': 'general', 'polarity': 'neutral'}]",158
Jimmy ' s is hands down the hottest night spot in the Bronx .,Jimmy's is hands down the hottest night spot in the Bronx.,['spot'],"[{'term': 'spot', 'polarity': 'positive'}]","[{'category': 'general', 'polarity': 'neutral'}]",159
The prices are also reasonably priced for NYC .,The bagels are also reasonably priced for NYC.,"['prices', 'priced']","[{'term': 'prices', 'polarity': 'positive'}, {'term': 'priced', 'polarity': 'positive'}]","[{'category': 'general', 'polarity': 'neutral'}]",160
This place has the best Chinese style dishes cuisine in the city .,This place has the best Chinese style BBQ ribs in the city.,['dishes cuisine'],"[{'term': 'dishes cuisine', 'polarity': 'positive'}]","[{'category': 'general', 'polarity': 'neutral'}]",161
"both are very reasonably priced ( around $ 8 for sandwiches and $ 5 for salads ), and are delicious and filling .","both are very reasonably priced (around $8 for dinner and $5 for lunch), and are delicious and filling.","['priced', 'sandwiches', 'salads']","[{'term': 'priced', 'polarity': 'positive'}, {'term': 'sandwiches', 'polarity': 'positive'}, {'term': 'salads', 'polarity': 'positive'}]","[{'category': 'general', 'polarity': 'neutral'}]",162
THE BIG COMPLAINT : NO tables AVAILABLE .,THE BIG COMPLAINT: NO TOASTING AVAILABLE.,['tables'],"[{'term': 'tables', 'polarity': 'negative'}]","[{'category': 'general', 'polarity': 'neutral'}]",163
We also ordered two appetizers platters thinking they would be pretty good since there is a whole section on the  devoted to them .,We also ordered two hot dogs thinking they would be pretty good since there is a whole section on the menu devoted to them.,"['appetizers platters', '']","[{'term': 'appetizers platters', 'polarity': 'neutral'}, {'term': '', 'polarity': 'neutral'}]","[{'category': 'general', 'polarity': 'neutral'}]",164
We got in line and were waiting long while in line a hour .,We got in line and were served while in line a bannan fritter.,"['waiting long', 'hour']","[{'term': 'waiting long', 'polarity': 'neutral'}, {'term': 'hour', 'polarity': 'neutral'}]","[{'category': 'general', 'polarity': 'neutral'}]",165
After really enjoying ourselves at the restaurant we sat down at a table and had dinner .,After really enjoying ourselves at the bar we sat down at a table and had dinner.,"['restaurant', 'table', 'dinner']","[{'term': 'restaurant', 'polarity': 'positive'}, {'term': 'table', 'polarity': 'neutral'}, {'term': 'dinner', 'polarity': 'neutral'}]","[{'category': 'general', 'polarity': 'neutral'}]",166
"So I ' ve never actually been to M proper , but I ' ve had it delivered a few times .","So I've never actually been to M proper, but I've had it delivered a few times.",['delivered'],"[{'term': 'delivered', 'polarity': 'neutral'}]","[{'category': 'general', 'polarity': 'neutral'}]",167
All conveniently located right to the door .,All conveniently delivered right to the door.,['located'],"[{'term': 'located', 'polarity': 'positive'}]","[{'category': 'general', 'polarity': 'neutral'}]",168
"We were seated promptly as we had reservation , however after that the service was slow .","We were seated promptly as we had reservations, however after that the service was slow.","['reservation', 'service']","[{'term': 'reservation', 'polarity': 'positive'}, {'term': 'service', 'polarity': 'negative'}]","[{'category': 'general', 'polarity': 'neutral'}]",169
As we were sitting eating the subpar sandwiches the waiter proceeded to berate a couple of his servers orders dishes for putting out the wrong plates and explained to them how expensive these items were .,As we were sitting eating the subpar food the manager proceeded to berate a couple of his employees for putting out the wrong containers for condiments and explained to them how expensive these containers were.,"['sandwiches', 'waiter', 'servers orders dishes', 'plates', 'items']","[{'term': 'sandwiches', 'polarity': 'negative'}, {'term': 'waiter', 'polarity': 'negative'}, {'term': 'servers orders dishes', 'polarity': 'negative'}, {'term': 'plates', 'polarity': 'neutral'}, {'term': 'items', 'polarity': 'negative'}]","[{'category': 'general', 'polarity': 'neutral'}]",170
"We parked on the block of Nina ' s the restaurant looked nice , with people obviously enjoying their dinner .","We parked on the block of Nina's the place looked nice, with people obviously enjoying their pizzas.","['restaurant', 'dinner']","[{'term': 'restaurant', 'polarity': 'positive'}, {'term': 'dinner', 'polarity': 'positive'}]","[{'category': 'general', 'polarity': 'neutral'}]",171
This place has many different dishes types options and they are all amazing .,This place has many different styles of pizza and they are all amazing.,['dishes types options'],"[{'term': 'dishes types options', 'polarity': 'positive'}]","[{'category': 'general', 'polarity': 'neutral'}]",172
Although they do the typical what kind of dinner would you like questions the server was good and overall very relaxing to lounge to eat .,Although they do the typical what kind of water would you like questions the service was good and overall very relaxing to place to eat.,"['dinner', 'server', 'lounge']","[{'term': 'dinner', 'polarity': 'positive'}, {'term': 'server', 'polarity': 'positive'}, {'term': 'lounge', 'polarity': 'neutral'}]","[{'category': 'general', 'polarity': 'neutral'}]",173
"It ' s constantly open , catering to the Pakistani cabbies lined up on Crosby St ., so there ' s more turnover with the food than you ' d expect ( i . e ., surprisingly fresh ).","It's constantly open, catering to the Pakistani cabbies lined up on Crosby St., so there's more turnover with the food than you'd expect (i.e., surprisingly fresh).",['food'],"[{'term': 'food', 'polarity': 'positive'}]","[{'category': 'general', 'polarity': 'neutral'}]",174
There are other people around !,There are other people waiting!,['around'],"[{'term': 'around', 'polarity': 'negative'}]","[{'category': 'general', 'polarity': 'neutral'}]",175
The atmosphere is usually good but it certainly isn ' t a relaxing ambiance to go .,The food is usually good but it certainly isn't a relaxing place to go.,"['atmosphere', 'ambiance']","[{'term': 'atmosphere', 'polarity': 'positive'}, {'term': 'ambiance', 'polarity': 'negative'}]","[{'category': 'general', 'polarity': 'neutral'}]",176
We thought that this place is using too much of salt in the sugar dressing .,We thought that this place is using too much of MSG cooking in the foods.,"['salt', 'sugar dressing']","[{'term': 'salt', 'polarity': 'negative'}, {'term': 'sugar dressing', 'polarity': 'negative'}]","[{'category': 'general', 'polarity': 'neutral'}]",177
The service was poor food and was cooked so badly it was hard .,The rice was poor quality and was cooked so badly it was hard.,"['service', 'food', 'cooked']","[{'term': 'service', 'polarity': 'negative'}, {'term': 'food', 'polarity': 'negative'}, {'term': 'cooked', 'polarity': 'negative'}]","[{'category': 'general', 'polarity': 'neutral'}]",178
The waiter staff team had NO tipping gratuities whatsoever .,The Singapore Mai Fun had NO curry flavor whatsoever.,"['waiter staff team', 'tipping gratuities']","[{'term': 'waiter staff team', 'polarity': 'negative'}, {'term': 'tipping gratuities', 'polarity': 'negative'}]","[{'category': 'general', 'polarity': 'neutral'}]",180
"THR restaurant ambiance IS COMPACT , MODERN , YET COZY .","THR AT MOSHPHERE IS COMPACT, MODERN, YET COZY.",['restaurant ambiance'],"[{'term': 'restaurant ambiance', 'polarity': 'positive'}]","[{'category': 'general', 'polarity': 'neutral'}]",181
This place must have fortune the such afortune to build .,This place must have cost the owners afortune to build.,"['fortune', 'such']","[{'term': 'fortune', 'polarity': 'neutral'}, {'term': 'such', 'polarity': 'negative'}]","[{'category': 'general', 'polarity': 'neutral'}]",182
great place to go for a dinner varied wine too because they have 100 list .,great place to go for a drink too because they have 100 kinds of beer.,"['dinner varied wine', 'list']","[{'term': 'dinner varied wine', 'polarity': 'positive'}, {'term': 'list', 'polarity': 'neutral'}]","[{'category': 'general', 'polarity': 'neutral'}]",183
The menu seemed to have a wide variety options options for coffee lovers and interesting ways of preparing them .,The menu seemed to have a wide variety of dishes for seafood lovers and interesting ways of preparing them.,"['menu', 'variety options options', 'coffee']","[{'term': 'menu', 'polarity': 'positive'}, {'term': 'variety options options', 'polarity': 'positive'}, {'term': 'coffee', 'polarity': 'positive'}]","[{'category': 'general', 'polarity': 'neutral'}]",184
table was unable to tear himself away from friends at restaurant .,Bartender was unable to tear himself away from friends at bar.,"['table', 'restaurant']","[{'term': 'table', 'polarity': 'negative'}, {'term': 'restaurant', 'polarity': 'neutral'}]","[{'category': 'general', 'polarity': 'neutral'}]",185
I would highly recommand requesting a table quiet window seat .,I would highly recommand requesting a table by the window.,['table quiet window seat'],"[{'term': 'table quiet window seat', 'polarity': 'positive'}]","[{'category': 'general', 'polarity': 'neutral'}]",186
( Always ask the waiter specials for the recommendations !!!,(Always ask the bartender for the SEASONAL beer!!!,"['waiter specials', 'recommendations']","[{'term': 'waiter specials', 'polarity': 'positive'}, {'term': 'recommendations', 'polarity': 'neutral'}]","[{'category': 'general', 'polarity': 'neutral'}]",187
My friend ordered some of their special appetizers small which had excellent presentation and tasted great !,My friend ordered some of their special sushi rolls which had excellent presentation and tasted great!,['appetizers small'],"[{'term': 'appetizers small', 'polarity': 'positive'}]","[{'category': 'general', 'polarity': 'neutral'}]",188
When we were finally seated our server came by twice - 1 for our order and 2 - for our drinks .,When we were finally seated our waitress came by twice-1 for our order and 2-for our check.,"['server', 'drinks']","[{'term': 'server', 'polarity': 'negative'}, {'term': 'drinks', 'polarity': 'neutral'}]","[{'category': 'general', 'polarity': 'neutral'}]",189
"It ' s the perfect restaurant for NY life style , it got cool decor , awsome food and vibes and lot ' s of good looking people eating and hanging at the pink patio ...","It's the perfect restaurant for NY life style, it got cool design, awsome drinks and food and lot's of good looking people eating and hanging at the pink bar...","['decor', 'food', 'vibes', 'patio']","[{'term': 'decor', 'polarity': 'positive'}, {'term': 'food', 'polarity': 'positive'}, {'term': 'vibes', 'polarity': 'positive'}, {'term': 'patio', 'polarity': 'neutral'}]","[{'category': 'general', 'polarity': 'neutral'}]",190
The bread give you some sample slices of your order while you wait ( shortly I might add ).,The servers give you some sample slices of your order while you wait (shortly I might add).,['bread'],"[{'term': 'bread', 'polarity': 'positive'}]","[{'category': 'general', 'polarity': 'neutral'}]",191
"When asked about how a certain dish was prepared in comparison to a similar at other thai restaurants , he replied this is not Mcdonald ' s , every place makes things differently While it is understandable that every place is indeed different , there was not a need to be uncourteous to customers and downright rude .","When asked about how a certain dish was prepared in comparison to a similar at other thai restaurants, he replied this is not Mcdonald's, every place makes things differently While it is understandable that every place is indeed different, there was not a need to be uncourteous to customers and downright rude.",['dish'],"[{'term': 'dish', 'polarity': 'neutral'}]","[{'category': 'general', 'polarity': 'neutral'}]",192
"but when we looked at the menu , there weren ' t a lot of choices , most of them were standard in the printed section .","but when we looked at the menu, there weren't a lot of choices, most of them were dumplings in the appetizer section.","['menu', 'standard', 'printed']","[{'term': 'menu', 'polarity': 'negative'}, {'term': 'standard', 'polarity': 'neutral'}, {'term': 'printed', 'polarity': 'negative'}]","[{'category': 'general', 'polarity': 'neutral'}]",193
The pantry is very well stocked with interesting canned goods and well organized .,The bar is very well stocked with interesting beers and well priced wines.,"['pantry', 'canned goods', 'organized', 'shelves']","[{'term': 'pantry', 'polarity': 'positive'}, {'term': 'canned goods', 'polarity': 'positive'}, {'term': 'organized', 'polarity': 'positive'}, {'term': 'shelves', 'polarity': 'positive'}]","[{'category': 'general', 'polarity': 'neutral'}]",194
"While the new restaurant still features much of the same menu decor that made Tiffin so attractive , the interior has been overhauled .","While the new restaurant still features much of the same classical furniture that made Tiffin so attractive, the menu has been overhauled.","['menu decor', 'interior']","[{'term': 'menu decor', 'polarity': 'positive'}, {'term': 'interior', 'polarity': 'negative'}]","[{'category': 'general', 'polarity': 'neutral'}]",195
"We only ordered coffee and tea , but no refills were offered .","We only ordered desserts and drinks, but no refills were offered.","['coffee', 'tea']","[{'term': 'coffee', 'polarity': 'neutral'}, {'term': 'tea', 'polarity': 'neutral'}]","[{'category': 'general', 'polarity': 'neutral'}]",196
"the real kicker of the ambiance , however , is the atmosphere vibe or the service staff waiters servers hosts hostesses .","the real kicker of the menu, however, is the beef cubes or the chicken with chili and lemon grass.","['ambiance', 'atmosphere vibe', 'service staff waiters servers hosts hostesses']","[{'term': 'ambiance', 'polarity': 'neutral'}, {'term': 'atmosphere vibe', 'polarity': 'positive'}, {'term': 'service staff waiters servers hosts hostesses', 'polarity': 'positive'}]","[{'category': 'general', 'polarity': 'neutral'}]",197
The amenities of this restaurant are like an airport lounge .,The aesthetics of this place are like an airport lounge.,"['amenities', 'restaurant']","[{'term': 'amenities', 'polarity': 'negative'}, {'term': 'restaurant', 'polarity': 'negative'}]","[{'category': 'general', 'polarity': 'neutral'}]",198
"The cracker crust that I ordered was as thin as water and aside from the poorly prepared bread that I ordered in it , they graciously provided me with ONE piece of poorly cooked bacon .","The mussaman curry that I ordered was as thin as water and aside from the poorly fried tofu that I ordered in it, they graciously provided me with ONE piece of poorly cooked potato.","['cracker crust', 'prepared bread', 'bacon']","[{'term': 'cracker crust', 'polarity': 'negative'}, {'term': 'prepared bread', 'polarity': 'negative'}, {'term': 'bacon', 'polarity': 'negative'}]","[{'category': 'general', 'polarity': 'neutral'}]",200
"Had 1 meals , 2 appetizers and 2 entrees and the total was ~$ 55 . 00 , not including tip .","Had 1 appetizer, 2 entrees and 2 cokes and the bill was ~$55.00, not including tip.","['meals', 'appetizers', 'entrees', 'total']","[{'term': 'meals', 'polarity': 'neutral'}, {'term': 'appetizers', 'polarity': 'neutral'}, {'term': 'entrees', 'polarity': 'neutral'}, {'term': 'total', 'polarity': 'neutral'}]","[{'category': 'general', 'polarity': 'neutral'}]",201
"You don ' t go to Mizu for excellent sushi , you go for the large amounts of tapas , the amiable staff , and the hole - in - the - wall feeling of the place .","You don't go to Mizu for excellent service, you go for the large amounts of food, the amiable atmosphere, and the hole-in-the-wall feeling of the place.","['sushi', 'tapas', 'staff']","[{'term': 'sushi', 'polarity': 'negative'}, {'term': 'tapas', 'polarity': 'positive'}, {'term': 'staff', 'polarity': 'positive'}]","[{'category': 'general', 'polarity': 'neutral'}]",203
"Nice waiter , nice little place , good service , Francois , and good waiter .","Nice ambiance, nice little bar, good bartender, Francois, and good service.","['waiter', 'place', 'service', 'waiter']","[{'term': 'waiter', 'polarity': 'positive'}, {'term': 'place', 'polarity': 'positive'}, {'term': 'service', 'polarity': 'positive'}, {'term': 'waiter', 'polarity': 'positive'}]","[{'category': 'general', 'polarity': 'neutral'}]",204
The entire experience and the treatment we received felt as a conveyor belt .,The entire place and the treatment we received felt as a conveyor belt.,['experience'],"[{'term': 'experience', 'polarity': 'negative'}]","[{'category': 'general', 'polarity': 'neutral'}]",205
"I love when restaurants think using fancy expensive utensils makes the dining fine dining , even with no idea how to use them .","I love when restaurants think using fancy expensive ingrediants makes the food fine cuisine, even with no idea how to use them.","['utensils', 'dining', 'dining']","[{'term': 'utensils', 'polarity': 'positive'}, {'term': 'dining', 'polarity': 'positive'}, {'term': 'dining', 'polarity': 'positive'}]","[{'category': 'general', 'polarity': 'neutral'}]",206
"Despite the fact that the tables is large , they ' ve overcrowded the floor with chairs .","Despite the fact that the space is large, they've overcrowded the floor with tables.","['tables', 'chairs']","[{'term': 'tables', 'polarity': 'positive'}, {'term': 'chairs', 'polarity': 'negative'}]","[{'category': 'general', 'polarity': 'neutral'}]",207
so delicious !,Taxan delicious!,['so'],"[{'term': 'so', 'polarity': 'positive'}]","[{'category': 'general', 'polarity': 'neutral'}]",209
"Do not get the worse overpriced food , no matter what the reviews say .","Do not get the Go Go Hamburgers, no matter what the reviews say.",['worse overpriced food'],"[{'term': 'worse overpriced food', 'polarity': 'negative'}]","[{'category': 'general', 'polarity': 'neutral'}]",212
"One of my favorites though was the dish wonton , a pan-seared scallops divine that was magnificent .","One of my favorites though was the Angry Lobster, a cold lobster salad that was magnificent.","['dish wonton', 'pan-seared scallops divine']","[{'term': 'dish wonton', 'polarity': 'positive'}, {'term': 'pan-seared scallops divine', 'polarity': 'positive'}]","[{'category': 'general', 'polarity': 'neutral'}]",213
"The Bagels have an outstanding taste with a terrific texture , both chewy yet not gummy .","The Bagels have an outstanding taste with a terrific texture, both chewy yet not gummy.",['Bagels'],"[{'term': 'Bagels', 'polarity': 'positive'}]","[{'category': 'general', 'polarity': 'neutral'}]",214
"Dip the bread in with your fork , swirl them around , and eat .","Dip the ingredients in with your chopsticks, swirl them around, and eat.","['bread', 'fork']","[{'term': 'bread', 'polarity': 'neutral'}, {'term': 'fork', 'polarity': 'neutral'}]","[{'category': 'general', 'polarity': 'neutral'}]",215
I also ordered for family and the restaurant forgot half the orders .,I also ordered for delivery and the restaurant forgot half the order.,"['family', 'orders']","[{'term': 'family', 'polarity': 'negative'}, {'term': 'orders', 'polarity': 'negative'}]","[{'category': 'general', 'polarity': 'neutral'}]",216
"An oasis of refinement : cuisine , though somewhat uneven , often reaches the pinnacles of new American fine dining - kitchen dishes ' s passion ( and plating ' s precise execution ) is most evident in the  and  .","An oasis of refinement:  Food, though somewhat uneven, often reaches the pinnacles of new American fine cuisine - chef's passion (and kitchen's precise execution) is most evident in the fish dishes and soups.","['cuisine', 'dining', 'kitchen dishes', 'plating', '', '']","[{'term': 'cuisine', 'polarity': 'conflict'}, {'term': 'dining', 'polarity': 'positive'}, {'term': 'kitchen dishes', 'polarity': 'positive'}, {'term': 'plating', 'polarity': 'positive'}, {'term': '', 'polarity': 'positive'}, {'term': '', 'polarity': 'positive'}]","[{'category': 'general', 'polarity': 'neutral'}]",217
They have authentic Mexican at amazin Mexican .,They have authentic Indian at amazin prices.,"['Mexican', 'Mexican']","[{'term': 'Mexican', 'polarity': 'positive'}, {'term': 'Mexican', 'polarity': 'positive'}]","[{'category': 'general', 'polarity': 'neutral'}]",218
"The wonton soup is ok but doesn ' t taste that fresh , and the noodles dishes don ' t look steamy hot as they should ( also note lack of Chinese here ).","The dim sum is ok but doesn't taste that fresh, and the little dishes don't look steamy hot as they should (also note lack of Chinese here).","['wonton soup', 'noodles dishes']","[{'term': 'wonton soup', 'polarity': 'negative'}, {'term': 'noodles dishes', 'polarity': 'negative'}]","[{'category': 'general', 'polarity': 'neutral'}]",220
"If you ' d like to have a nice light dinner with an asian accent , Long Tan is a good place on the slope .","If you'd like to have a nice light meal with an asian accent, Long Tan is a good place on the slope.",['dinner'],"[{'term': 'dinner', 'polarity': 'positive'}]","[{'category': 'general', 'polarity': 'neutral'}]",221
For the next hour and a half we stood in the crowded queue line of this touristy restaurant listening to all types of explanations of why we were not being  .,For the next hour and a half we stood in the crowded lobby area of this touristy restaurant listening to all types of explanations of why we were not being seated.,"['queue line', '']","[{'term': 'queue line', 'polarity': 'negative'}, {'term': '', 'polarity': 'negative'}]","[{'category': 'general', 'polarity': 'neutral'}]",222
I was back - to - back with the customers at the tables staff behind me and colleagues had to hoist trays over our heads as they squeezed past us again and again .,I was back-to-back with the diner at the table behind me and wait staff had to hoist trays over our heads as they squeezed past us again and again.,"['customers', 'tables staff', 'colleagues']","[{'term': 'customers', 'polarity': 'neutral'}, {'term': 'tables staff', 'polarity': 'negative'}, {'term': 'colleagues', 'polarity': 'negative'}]","[{'category': 'general', 'polarity': 'neutral'}]",223
Example is the portion which was about 6 oz for $ 12 dollars and the shot where $ 12 for about 1oz .,Example is the soup which was about 6 oz for $12 dollars and the mushrooms where $12 for about 1oz.,"['portion', 'shot']","[{'term': 'portion', 'polarity': 'positive'}, {'term': 'shot', 'polarity': 'positive'}]","[{'category': 'general', 'polarity': 'neutral'}]",224
The Waitress is sooo good with food portions and price flavors toppings spices and they don ' t skimp .,The sauce on the pizza is sooo good with garlic and fresh tomatoes and they don't skimp.,"['Waitress', 'food portions', 'price flavors toppings spices']","[{'term': 'Waitress', 'polarity': 'positive'}, {'term': 'food portions', 'polarity': 'positive'}, {'term': 'price flavors toppings spices', 'polarity': 'positive'}]","[{'category': 'general', 'polarity': 'neutral'}]",225
"When my surprise came , there was a candle in it - not because anyone asked for one - but because the waiter must have seen me opening my birthday card and gift , and said he knew it was a special occassion of some sort .","When my dessert came, there was a candle in it - not because anyone asked for one - but because the waiter must have seen me opening my birthday card and gift, and said he knew it was a special occassion of some sort.","['surprise', 'waiter']","[{'term': 'surprise', 'polarity': 'neutral'}, {'term': 'waiter', 'polarity': 'positive'}]","[{'category': 'general', 'polarity': 'neutral'}]",226
"I got the $ 10 10 - piece cutlery set dinner , every bite of which was great .","I got the $10 10-piece dim sum combo, every bite of which was great.",['cutlery set dinner'],"[{'term': 'cutlery set dinner', 'polarity': 'positive'}]","[{'category': 'general', 'polarity': 'neutral'}]",227
"uni from maine vs california , sea vs freshwater lobster ) to get a good taste comparison .","uni from maine vs california, sea vs freshwater eel) to get a good taste comparison.",['lobster'],"[{'term': 'lobster', 'polarity': 'neutral'}]","[{'category': 'general', 'polarity': 'neutral'}]",228
"Admittedly some nights inside the restaurant were rather warm , but the cozy atmosphere is part of the charm .","Admittedly some nights inside the restaurant were rather warm, but the open kitchen is part of the charm.",['cozy atmosphere'],"[{'term': 'cozy atmosphere', 'polarity': 'positive'}]","[{'category': 'general', 'polarity': 'neutral'}]",229
"It saves walking in and ordering for a table in the often noisy , crowded restaurant at dinnertime .","It saves walking in and waiting for a table in the often noisy, crowded bar at dinnertime.","['ordering', 'table', 'restaurant']","[{'term': 'ordering', 'polarity': 'negative'}, {'term': 'table', 'polarity': 'negative'}, {'term': 'restaurant', 'polarity': 'negative'}]","[{'category': 'general', 'polarity': 'neutral'}]",230
"It ' s a place for people who pay a lot for mediocre food , drinks and a chance to be with their fellow bridge and tunnel folks .","It's a place for people who pay a lot for mediocre food, noise and a chance to be with their fellow bridge and tunnel folks.","['food', 'drinks']","[{'term': 'food', 'polarity': 'neutral'}, {'term': 'drinks', 'polarity': 'negative'}]","[{'category': 'general', 'polarity': 'neutral'}]",231
"The cuisine is very good too but for the most part , it ' s just regular dishes , nothing special .","The food is very good too but for the most part, it's just regular food, nothing special.","['cuisine', 'dishes']","[{'term': 'cuisine', 'polarity': 'positive'}, {'term': 'dishes', 'polarity': 'neutral'}]","[{'category': 'general', 'polarity': 'neutral'}]",232
"We ate out in the patio area , which is worth it as it ' s cool and the music is hear well there .","We ate out in the back patio, which is worth it as it's cool and the music is hear well there.","['patio area', 'music']","[{'term': 'patio area', 'polarity': 'positive'}, {'term': 'music', 'polarity': 'positive'}]","[{'category': 'general', 'polarity': 'neutral'}]",233
"If your visiting , you ' ll enjoy the area and the fact that it ' s in Time Sq ...","If your visiting, you'll enjoy the ambiance and the fact that it's in Time Sq...",['area'],"[{'term': 'area', 'polarity': 'positive'}]","[{'category': 'general', 'polarity': 'neutral'}]",234
I ate H e and spectacular r e   i s   t h e   o u t .,I ate clams oreganta and spectacular salad with perfectly marinated cucumbers and tomatoes with lots of shrimp and basil.,"['H e', 'r e   i s   t h e   o u t']","[{'term': 'H e', 'polarity': 'positive'}, {'term': 'r e   i s   t h e   o u t', 'polarity': 'positive'}]","[{'category': 'general', 'polarity': 'neutral'}]",235
"Try the H and the e , a delicious and sweet tasting r e   i s   t h e   .","Try the congee and the donut like deep fried dough they call Ow Ley Soh, a delicious and sweet tasting bread.","['H', 'e', 'r e   i s   t h e  ']","[{'term': 'H', 'polarity': 'positive'}, {'term': 'e', 'polarity': 'positive'}, {'term': 'r e   i s   t h e  ', 'polarity': 'positive'}]","[{'category': 'general', 'polarity': 'neutral'}]",236
This little restaurant definitely exceeded my expectations and you sure get a lot of value for your money .,This little place definitely exceeded my expectations and you sure get a lot of food for your money.,"['restaurant', 'value', 'money']","[{'term': 'restaurant', 'polarity': 'positive'}, {'term': 'value', 'polarity': 'positive'}, {'term': 'money', 'polarity': 'conflict'}]","[{'category': 'general', 'polarity': 'neutral'}]",237
"To finish off such a delightful dinner experience you must have coffee special white sauce garlic herbs spices flavors texture , especially the  .","To finish off such a delightful dinner experience you must have dessert, especially the White Chocolate Bread Pudding with Gelato and hot chocolate.","['dinner', 'coffee special white sauce garlic herbs spices flavors texture', '']","[{'term': 'dinner', 'polarity': 'positive'}, {'term': 'coffee special white sauce garlic herbs spices flavors texture', 'polarity': 'positive'}, {'term': '', 'polarity': 'positive'}]","[{'category': 'general', 'polarity': 'neutral'}]",238
I must say it ' s a little pricey for the portion because it was not as spectacular as the view .,I must say it's a little pricey for the food because it was not as spectacular as the view.,['portion'],"[{'term': 'portion', 'polarity': 'negative'}]","[{'category': 'general', 'polarity': 'neutral'}]",241
The ambiance had a nice atmosphere .,The buffet had a nice selection.,"['ambiance', 'atmosphere']","[{'term': 'ambiance', 'polarity': 'positive'}, {'term': 'atmosphere', 'polarity': 'positive'}]","[{'category': 'general', 'polarity': 'neutral'}]",242
The ambiance was fantastic and unique and the dishes were full of aromas .,The quail was fantastic and unique and the pastas were full of flavor.,"['ambiance', 'dishes', 'aromas']","[{'term': 'ambiance', 'polarity': 'positive'}, {'term': 'dishes', 'polarity': 'positive'}, {'term': 'aromas', 'polarity': 'positive'}]","[{'category': 'general', 'polarity': 'neutral'}]",243
"They never brought us complimentary water , ignored repeated requests for coffee , and threw our napkins on the table .","They never brought us complimentary noodles, ignored repeated requests for sugar, and threw our dishes on the table.","['water', 'coffee', 'napkins']","[{'term': 'water', 'polarity': 'negative'}, {'term': 'coffee', 'polarity': 'negative'}, {'term': 'napkins', 'polarity': 'negative'}]","[{'category': 'general', 'polarity': 'neutral'}]",244
"( food was delivered by a waiter , not delivery ) We got no water offered for the table , our dinner lunch meal hour remained EMPTY our entire  , when we would have easily spent another $ 20 on  .","(food was delivered by a busboy, not waiter) We got no cheese offered for the pasta, our water and wine glasses remained EMPTY our entire meal, when we would have easily spent another $20 on wine.","['food', 'waiter', 'delivery', 'water', 'table', 'dinner lunch meal hour', '', '']","[{'term': 'food', 'polarity': 'neutral'}, {'term': 'waiter', 'polarity': 'negative'}, {'term': 'delivery', 'polarity': 'negative'}, {'term': 'water', 'polarity': 'negative'}, {'term': 'table', 'polarity': 'negative'}, {'term': 'dinner lunch meal hour', 'polarity': 'negative'}, {'term': '', 'polarity': 'neutral'}, {'term': '', 'polarity': 'neutral'}]","[{'category': 'general', 'polarity': 'neutral'}]",245
This is definitely an excellent date spot because of the ambiance restaurant and on the weekends the happens is more than alive .,This is definitely an  excellent date spot because of the ambiance and on the weekends the  night scene is more than alive.,"['spot', 'ambiance restaurant', 'happens']","[{'term': 'spot', 'polarity': 'positive'}, {'term': 'ambiance restaurant', 'polarity': 'positive'}, {'term': 'happens', 'polarity': 'positive'}]","[{'category': 'general', 'polarity': 'neutral'}]",246
"The first 2 courses were very good , but the desserts main was too rich for me and the entrees far too sweet .","The first 2 courses were very good, but the chocolate sampler was too rich for me and the dessert wine far too sweet.","['courses', 'desserts main', 'entrees']","[{'term': 'courses', 'polarity': 'positive'}, {'term': 'desserts main', 'polarity': 'negative'}, {'term': 'entrees', 'polarity': 'negative'}]","[{'category': 'general', 'polarity': 'neutral'}]",247
"Quality cuisine preparation all around , and a very fair price for NYC .","Quality ingredients preparation all around, and a very fair price for NYC.","['cuisine', 'price']","[{'term': 'cuisine', 'polarity': 'positive'}, {'term': 'price', 'polarity': 'positive'}]","[{'category': 'general', 'polarity': 'neutral'}]",248
"The bread is the soft white loaf ( unlike the plain white they use in Calcutta ), and the decorated is  styled and very flavorful .","The bread is the soft paratha bread (unlike the plain bread they use in Calcutta), and the stuffing is tandoori styled and very flavorful.","['bread', 'white loaf', 'white', 'decorated', '']","[{'term': 'bread', 'polarity': 'positive'}, {'term': 'white loaf', 'polarity': 'positive'}, {'term': 'white', 'polarity': 'negative'}, {'term': 'decorated', 'polarity': 'positive'}, {'term': '', 'polarity': 'positive'}]","[{'category': 'general', 'polarity': 'neutral'}]",249
"Small plates for main courses , i had salad ( wasnt impressed ) girlfriend had dinner , it was good .","Small servings for main entree, i had salmon (wasnt impressed) girlfriend had chicken, it was good.","['plates', 'courses', 'salad', 'dinner']","[{'term': 'plates', 'polarity': 'negative'}, {'term': 'courses', 'polarity': 'positive'}, {'term': 'salad', 'polarity': 'negative'}, {'term': 'dinner', 'polarity': 'negative'}]","[{'category': 'general', 'polarity': 'neutral'}]",250
I do suggest to ask to be seated near if you are looking to be a little cozy .,I do suggest to ask to be seated upstairs if you are looking to be a little cozy.,['near'],"[{'term': 'near', 'polarity': 'positive'}]","[{'category': 'general', 'polarity': 'neutral'}]",251
"His wife Tanya , the hostess , completes the comforting ambiance by being delightfully warm and gracious .","His wife Tanya, the hostess, completes the comforting atmosphere by being delightfully warm and gracious.","['hostess', 'ambiance']","[{'term': 'hostess', 'polarity': 'positive'}, {'term': 'ambiance', 'polarity': 'positive'}]","[{'category': 'general', 'polarity': 'neutral'}]",252
The restaurant is descent even when this small restaurant is packed .,The service is descent even when this small place is packed.,"['restaurant', 'restaurant']","[{'term': 'restaurant', 'polarity': 'positive'}, {'term': 'restaurant', 'polarity': 'negative'}]","[{'category': 'general', 'polarity': 'neutral'}]",253
"The food is yummy , especially their cooked - to - perfection steak fries mashed potatoes fries and their shoestring crispy  .","The food is yummy, especially their cooked-to-perfection mussels in spicy tomato sauce and their shoestring crispy fries.","['food', 'steak fries mashed potatoes fries', '']","[{'term': 'food', 'polarity': 'positive'}, {'term': 'steak fries mashed potatoes fries', 'polarity': 'positive'}, {'term': '', 'polarity': 'positive'}]","[{'category': 'general', 'polarity': 'neutral'}]",254
"When my husband and go there , we spend $ 60 . 00 ( have dinner UMMMMM need I say more ) I can ' t say any more , it a dining you ' ll never forget If you never go , you ' ll miss A experience of your life time","When my husband and go there, we spend $60.00 (have LOBSTER TAILS UMMMMM need I say more) I can't say any more, it a place you'll never forget If you never go, you'll miss A Meal of your life time","['dinner', 'dining', 'experience']","[{'term': 'dinner', 'polarity': 'positive'}, {'term': 'dining', 'polarity': 'positive'}, {'term': 'experience', 'polarity': 'positive'}]","[{'category': 'general', 'polarity': 'neutral'}]",255
This is the perfect date spot for Williamsburg couples .,This is the perfect date spot for Williamsburg couples.,['date spot'],"[{'term': 'date spot', 'polarity': 'positive'}]","[{'category': 'general', 'polarity': 'neutral'}]",257
"Even with a relatively inexpensive meal , if you can call $ 70 . 00 inexpensive , the price quality dining is through the roof for better than average fare .","Even with a relatively inexpensive botle of wine, if you can call $70.00 inexpensive, the cost is through the roof for better than average fare.","['meal', 'price quality dining']","[{'term': 'meal', 'polarity': 'negative'}, {'term': 'price quality dining', 'polarity': 'conflict'}]","[{'category': 'general', 'polarity': 'neutral'}]",258
"As a long - time patron of Mamoun ' s , I always figured that I had found the best late night diner eatery in the city .","As a long-time patron of Mamoun's, I always figured that I had found the best late night food spot in the city.",['diner eatery'],"[{'term': 'diner eatery', 'polarity': 'positive'}]","[{'category': 'general', 'polarity': 'neutral'}]",259
Get the sweetness of gari .,Get the tuna of gari.,['sweetness'],"[{'term': 'sweetness', 'polarity': 'positive'}]","[{'category': 'general', 'polarity': 'neutral'}]",260
Here you get the portion control without feeling rigid .,Here you get the zen feel without feeling rigid.,['portion control'],"[{'term': 'portion control', 'polarity': 'positive'}]","[{'category': 'general', 'polarity': 'neutral'}]",261
And their prices are very high - they actually think that they can get away with charging such rates for such terrible service and food !,And their prices are very high - they actually think that they can get away with charging such prices for such terrible food and service!,"['prices', 'rates', 'service', 'food']","[{'term': 'prices', 'polarity': 'negative'}, {'term': 'rates', 'polarity': 'negative'}, {'term': 'service', 'polarity': 'negative'}, {'term': 'food', 'polarity': 'negative'}]","[{'category': 'general', 'polarity': 'neutral'}]",262
"While most people can attest to spending over $ 50 on dinner in New York restaurant and hardly feeling a thing , the amenities here are plentiful and unique .","While most people can attest to spending over $50 on drinks in New York bars and hardly feeling a thing, the drinks here are plentiful and unique.","['dinner', 'restaurant', 'amenities']","[{'term': 'dinner', 'polarity': 'negative'}, {'term': 'restaurant', 'polarity': 'negative'}, {'term': 'amenities', 'polarity': 'positive'}]","[{'category': 'general', 'polarity': 'neutral'}]",263
The appetizers and entree plate are plentiful and can ' t wait to try the dishes or entrees .,The wine and cheese plate are plentiful and can't wait to try the fondue or table grilling.,"['appetizers', 'entree', 'dishes', 'entrees']","[{'term': 'appetizers', 'polarity': 'positive'}, {'term': 'entree', 'polarity': 'positive'}, {'term': 'dishes', 'polarity': 'positive'}, {'term': 'entrees', 'polarity': 'positive'}]","[{'category': 'general', 'polarity': 'neutral'}]",264
I went with 5 friends and we lingered at the table for a bit and didn ' t feel rushed at all even though there was a crowd .,I went with 5 friends and we lingered at the table for a bit and didn't feel rushed at all even though there was a wait.,"['table', 'crowd']","[{'term': 'table', 'polarity': 'neutral'}, {'term': 'crowd', 'polarity': 'negative'}]","[{'category': 'general', 'polarity': 'neutral'}]",265
"We shared a main course dishes , an order of appetizer , and she had the salad entree while I had the meat .","We shared a bottle of sake, an order of edamames, and she had the sushi plate while I had the sashimi.","['main course dishes', 'appetizer', 'salad entree', 'meat']","[{'term': 'main course dishes', 'polarity': 'neutral'}, {'term': 'appetizer', 'polarity': 'neutral'}, {'term': 'salad entree', 'polarity': 'neutral'}, {'term': 'meat', 'polarity': 'neutral'}]","[{'category': 'general', 'polarity': 'neutral'}]",267
"Each table has a wooden leg base plate sunken into its surface , and you get platters of thin sliced  , various  , and  and  .","Each table has a pot of boiling water sunken into its surface, and you get platters of thin sliced meats, various vegetables, and rice and glass noodles.","['table', 'wooden leg base plate', '', '', '', '']","[{'term': 'table', 'polarity': 'neutral'}, {'term': 'wooden leg base plate', 'polarity': 'neutral'}, {'term': '', 'polarity': 'neutral'}, {'term': '', 'polarity': 'neutral'}, {'term': '', 'polarity': 'neutral'}, {'term': '', 'polarity': 'neutral'}]","[{'category': 'general', 'polarity': 'neutral'}]",268
The Asian is the best if you like Japanese Chinese Thai .,The pizza is the best if you like thin crusted pizza.,"['Asian', 'Japanese Chinese Thai']","[{'term': 'Asian', 'polarity': 'positive'}, {'term': 'Japanese Chinese Thai', 'polarity': 'neutral'}]","[{'category': 'general', 'polarity': 'neutral'}]",269
The seats are uncomfortable if you are sitting against the wall on wooden benches .,The seats are uncomfortable if you are sitting against the wall on wooden benches.,['seats'],"[{'term': 'seats', 'polarity': 'negative'}]","[{'category': 'general', 'polarity': 'neutral'}]",270
At the end you ' re left with a mild flavor aftertaste broth that you can slurp out of a cup .,At the end you're left with a mild broth with noodles that you can slurp out of a cup.,['flavor aftertaste broth'],"[{'term': 'flavor aftertaste broth', 'polarity': 'positive'}]","[{'category': 'general', 'polarity': 'neutral'}]",271
"Great ambiance , good size portion , great food and an unpretensious atmosphere .","Great food, good size menu, great service and an unpretensious setting.","['ambiance', 'portion', 'food', 'atmosphere']","[{'term': 'ambiance', 'polarity': 'positive'}, {'term': 'portion', 'polarity': 'positive'}, {'term': 'food', 'polarity': 'positive'}, {'term': 'atmosphere', 'polarity': 'positive'}]","[{'category': 'general', 'polarity': 'neutral'}]",272
They are often staffed on the weekends but they are efficient and accurate with their orders .,They are often crowded on the weekends but they are efficient and accurate with their service.,"['staffed', 'orders']","[{'term': 'staffed', 'polarity': 'positive'}, {'term': 'orders', 'polarity': 'negative'}]","[{'category': 'general', 'polarity': 'neutral'}]",273
"It may be a bit busy on weekends , but the food breakfast is good and it is the best brunch you will find in the area .","It may be a bit packed on weekends, but the vibe is good and it is the best French food you will find in the area.","['busy', 'food breakfast', 'brunch']","[{'term': 'busy', 'polarity': 'positive'}, {'term': 'food breakfast', 'polarity': 'positive'}, {'term': 'brunch', 'polarity': 'negative'}]","[{'category': 'general', 'polarity': 'neutral'}]",274
"food was average and service waiter was awful - the meat was charred , not caramelized and smelled of kerosene .","Food was average and creme brulee was awful - the sugar was charred, not caramelized and smelled of kerosene.","['food', 'service waiter', 'meat']","[{'term': 'food', 'polarity': 'neutral'}, {'term': 'service waiter', 'polarity': 'negative'}, {'term': 'meat', 'polarity': 'negative'}]","[{'category': 'general', 'polarity': 'neutral'}]",275
"details could be improved but overall this is a place that understands the importance of little things ( the heavy , black , antique - seeming wood , for one ) in the restaurant experience .","Service could be improved but overall this is a place that understands the importance of little things (the heavy, black, antique-seeming teapot, for one) in the restaurant experience.","['details', 'wood']","[{'term': 'details', 'polarity': 'negative'}, {'term': 'wood', 'polarity': 'positive'}]","[{'category': 'general', 'polarity': 'neutral'}]",276
Try their appetizers platter with fresh herbs or spices .,Try their plain pizza with fresh garlic or eggplant.,"['appetizers platter', 'herbs', 'spices']","[{'term': 'appetizers platter', 'polarity': 'positive'}, {'term': 'herbs', 'polarity': 'positive'}, {'term': 'spices', 'polarity': 'positive'}]","[{'category': 'general', 'polarity': 'neutral'}]",277
"Get your coffee to go , find a bench , and kick back with a cold beer bottle .","Get your food to go, find a bench, and kick back with a plate of dumplings.","['coffee', 'cold beer bottle']","[{'term': 'coffee', 'polarity': 'neutral'}, {'term': 'cold beer bottle', 'polarity': 'positive'}]","[{'category': 'general', 'polarity': 'neutral'}]",278
"We were still sitting at the table while we drank the coffee , but facing away from the stage when we turned back around , the $ 2 was gone the people next to us said the thief took it .","We were still sitting at the bar while we drank the sangria, but facing away from the bar when we turned back around, the $2 was gone the people next to us said the bartender took it.","['table', 'coffee', 'stage', 'thief']","[{'term': 'table', 'polarity': 'neutral'}, {'term': 'coffee', 'polarity': 'neutral'}, {'term': 'stage', 'polarity': 'neutral'}, {'term': 'thief', 'polarity': 'negative'}]","[{'category': 'general', 'polarity': 'neutral'}]",279
Raga stands out with an interesting menu layout ambiance decor music vibe .,Raga stands out with an interesting fusion of French and Indian cooking.,['menu layout ambiance decor music vibe'],"[{'term': 'menu layout ambiance decor music vibe', 'polarity': 'positive'}]","[{'category': 'general', 'polarity': 'neutral'}]",281
"The combination of flavors herbs spices , flavors herbs spices , dishes and the menu they make with imported cooking , makes this is one of the better  ' s in NY .","The combination of fresh tomato sauce, fresh mozz cheese, basil and the dough they make with imported flour, makes this is one of the better pizza's in NY.","['flavors herbs spices', 'flavors herbs spices', 'dishes', 'menu', 'cooking', '']","[{'term': 'flavors herbs spices', 'polarity': 'positive'}, {'term': 'flavors herbs spices', 'polarity': 'positive'}, {'term': 'dishes', 'polarity': 'positive'}, {'term': 'menu', 'polarity': 'positive'}, {'term': 'cooking', 'polarity': 'positive'}, {'term': '', 'polarity': 'positive'}]","[{'category': 'general', 'polarity': 'neutral'}]",282
He takes real pride in his kitchen and his business .,He takes real pride in his food and his business.,['kitchen'],"[{'term': 'kitchen', 'polarity': 'positive'}]","[{'category': 'general', 'polarity': 'neutral'}]",283
"From flavors flavors , the dishes were incredible , to the delicious appetizers amuse bouches morsels bites , we were delighted by the  sensations .","From beginning appetizers, the scallops were incredible, to the delicious chocolate souffle with rasberry mint sorbet, we were delighted by the taste sensations.","['flavors flavors', 'dishes', 'appetizers amuse bouches morsels bites', '']","[{'term': 'flavors flavors', 'polarity': 'positive'}, {'term': 'dishes', 'polarity': 'positive'}, {'term': 'appetizers amuse bouches morsels bites', 'polarity': 'positive'}, {'term': '', 'polarity': 'positive'}]","[{'category': 'general', 'polarity': 'neutral'}]",285
"Very excited to hear that short - term CEO Jason Narone has moved on , he truly was a low point of their Sterling track record .","Very excited to hear that short-term Chef Jason Narone has moved on, he truly was a low point of their Sterling track record.",['CEO'],"[{'term': 'CEO', 'polarity': 'negative'}]","[{'category': 'general', 'polarity': 'neutral'}]",286
Went there with my wife and we had to wait for a tables people even though you could see there many that were empty with not customers on them .,Went there with my wife and we had to wait for a table even though you could see there many that were empty with not reservation sigh on them.,"['tables people', 'customers']","[{'term': 'tables people', 'polarity': 'neutral'}, {'term': 'customers', 'polarity': 'negative'}]","[{'category': 'general', 'polarity': 'neutral'}]",287
Been going here since it opened have seen the quality prices decrease considerably .,Been going here since it opened have seen the quality value decrease considerably.,['quality prices'],"[{'term': 'quality prices', 'polarity': 'negative'}]","[{'category': 'general', 'polarity': 'neutral'}]",289
They don ' t walk around with the waiters tables chairs dishes .,They don't walk around with the trays of Dim Sum.,['waiters tables chairs dishes'],"[{'term': 'waiters tables chairs dishes', 'polarity': 'neutral'}]","[{'category': 'general', 'polarity': 'neutral'}]",290
"Nha Trang , while being notorious for utter lack of hygiene and cleanliness , horribly slow service wait and horribly quick food , is one of the best vietnamese restaurants i ' ve ever been to . the vegetables is delicious and comes with very fresh  .","Nha Trang, while being notorious for utter lack of comfort and decor, horribly slow wait staff and horribly quick meals, is one of the best vietnamese restaurants i've ever been to. the pho is delicious and comes with very fresh vegtables.","['hygiene', 'cleanliness', 'service wait', 'food', 'vegetables', '']","[{'term': 'hygiene', 'polarity': 'negative'}, {'term': 'cleanliness', 'polarity': 'negative'}, {'term': 'service wait', 'polarity': 'negative'}, {'term': 'food', 'polarity': 'negative'}, {'term': 'vegetables', 'polarity': 'positive'}, {'term': '', 'polarity': 'positive'}]","[{'category': 'general', 'polarity': 'neutral'}]",292
Awsome service especially the garlic slice .,Awsome Pizza especially the Margheritta slice.,"['service', 'garlic']","[{'term': 'service', 'polarity': 'positive'}, {'term': 'garlic', 'polarity': 'positive'}]","[{'category': 'general', 'polarity': 'neutral'}]",293
I recommend the appetizers and bruschetta bruschettas and the entrees dinner meal were a wonderful start to the  !,I recommend the meatballs and caprese salad and the beans on toast were a wonderful start to the meal!,"['appetizers', 'bruschetta bruschettas', 'entrees dinner meal', '']","[{'term': 'appetizers', 'polarity': 'positive'}, {'term': 'bruschetta bruschettas', 'polarity': 'positive'}, {'term': 'entrees dinner meal', 'polarity': 'positive'}, {'term': '', 'polarity': 'neutral'}]","[{'category': 'general', 'polarity': 'neutral'}]",294
upscale is not what one would expect from a joint in this fine dining .,Service is not what one would expect from a joint in this price category.,"['upscale', 'fine dining']","[{'term': 'upscale', 'polarity': 'negative'}, {'term': 'fine dining', 'polarity': 'negative'}]","[{'category': 'general', 'polarity': 'neutral'}]",295
The atmosphere and staff are all Japanese as well and that adds to the entire  .,The owner and staff are all Japanese as well and that adds to the entire ambiance.,"['atmosphere', 'staff', '']","[{'term': 'atmosphere', 'polarity': 'positive'}, {'term': 'staff', 'polarity': 'positive'}, {'term': '', 'polarity': 'positive'}]","[{'category': 'general', 'polarity': 'neutral'}]",296
"They forgot a fork , didn ' t include napkins utensils , and didn ' t include plate with the order .","They forgot a sandwich, didn't include plastic forks, and didn't include pita with the hummus platter.","['fork', 'napkins utensils', 'plate', 'order']","[{'term': 'fork', 'polarity': 'neutral'}, {'term': 'napkins utensils', 'polarity': 'neutral'}, {'term': 'plate', 'polarity': 'neutral'}, {'term': 'order', 'polarity': 'neutral'}]","[{'category': 'general', 'polarity': 'neutral'}]",298
"Some of the servers ignore me and talk to the female customers , other times , they ' ve skipped my order .","Some of the workers ignore me and talk to the female customers, other times, they've skipped my order.","['servers', 'order']","[{'term': 'servers', 'polarity': 'negative'}, {'term': 'order', 'polarity': 'negative'}]","[{'category': 'general', 'polarity': 'neutral'}]",299
Total hipster - wannabe attitude in an otherwise sweet cafe .,Total hipster-wannabe attitude in an otherwise sweet spot.,['cafe'],"[{'term': 'cafe', 'polarity': 'positive'}]","[{'category': 'general', 'polarity': 'neutral'}]",300
"Everything , from the soft music , soggy buns , and 50 minute wait time , with an incredibly rude host to deliver below average food .","Everything, from the soft bread, soggy salad, and 50 minute wait time, with an incredibly rude service to deliver below average food.","['music', 'buns', 'wait', 'host', 'food']","[{'term': 'music', 'polarity': 'negative'}, {'term': 'buns', 'polarity': 'negative'}, {'term': 'wait', 'polarity': 'negative'}, {'term': 'host', 'polarity': 'negative'}, {'term': 'food', 'polarity': 'negative'}]","[{'category': 'general', 'polarity': 'neutral'}]",301
"try the spicy curry sauce ( again , not the greatest value in the world but worth the price ) and the appetizer dessert is great .","try the spicy shrimp appetizer (again, not the greatest value in the world but worth the price) and the lamb vindaloo is great.","['curry sauce', 'price', 'appetizer dessert']","[{'term': 'curry sauce', 'polarity': 'positive'}, {'term': 'price', 'polarity': 'conflict'}, {'term': 'appetizer dessert', 'polarity': 'positive'}]","[{'category': 'general', 'polarity': 'neutral'}]",302
food was good not great not worth the price or another visit,Food was good not great not worth the wait or another visit,"['food', 'price']","[{'term': 'food', 'polarity': 'conflict'}, {'term': 'price', 'polarity': 'negative'}]","[{'category': 'general', 'polarity': 'neutral'}]",303
"I can ' t wait for summer , when they serve outside on their gigantic patio .","I can't wait for summer, when they serve outside on their gigantic patio.",['patio'],"[{'term': 'patio', 'polarity': 'positive'}]","[{'category': 'general', 'polarity': 'neutral'}]",304
The cuisine is a BISTRO which means : simple food and small efficiently in a bustling dining .,The place is a BISTRO which means: simple dishes and wine served efficiently in a bustling atmosphere.,"['cuisine', 'food', 'small', 'dining', '']","[{'term': 'cuisine', 'polarity': 'positive'}, {'term': 'food', 'polarity': 'positive'}, {'term': 'small', 'polarity': 'positive'}, {'term': 'dining', 'polarity': 'positive'}, {'term': '', 'polarity': 'positive'}]","[{'category': 'general', 'polarity': 'neutral'}]",306
"Though you will undoubtedly be seated at a table with what seems like barely enough space ( no matter what the size of your party ), the warm ambiance is worth the cramped quarters - you ' ll have fun and forgot about the tight sitting you ' re in .","Though you will undoubtedly be seated at a table with what seems like barely enough room (no matter what the size of your party), the warm atomosphere is worth the cramped quarters- you'll have fun and forgot about the tight spot you're in.","['table', 'space', 'ambiance', 'sitting']","[{'term': 'table', 'polarity': 'negative'}, {'term': 'space', 'polarity': 'positive'}, {'term': 'ambiance', 'polarity': 'negative'}, {'term': 'sitting', 'polarity': 'negative'}]","[{'category': 'general', 'polarity': 'neutral'}]",307
"Besides , when you have bad dining , that ' s less little you have to clean .","Besides, when you have bad service, that's less money you have to tip.","['dining', 'little', 'clean']","[{'term': 'dining', 'polarity': 'negative'}, {'term': 'little', 'polarity': 'negative'}, {'term': 'clean', 'polarity': 'negative'}]","[{'category': 'general', 'polarity': 'neutral'}]",308
"After we got our menu order , I could not believe how small the portions were !","After we got our sashimi order, I could not believe how small the portions were!","['menu', 'portions']","[{'term': 'menu', 'polarity': 'neutral'}, {'term': 'portions', 'polarity': 'negative'}]","[{'category': 'general', 'polarity': 'neutral'}]",309
"Well , this neighborhood is so Ghetto its not even funny .","Well, this place is so Ghetto its not even funny.",['neighborhood'],"[{'term': 'neighborhood', 'polarity': 'negative'}]","[{'category': 'general', 'polarity': 'neutral'}]",310
( and I have eaten my share ) Which impresses me for having such a large amount of people to serve .,(and I have eaten my share) Which impresses me for having such a large amount of people to serve.,['serve'],"[{'term': 'serve', 'polarity': 'positive'}]","[{'category': 'general', 'polarity': 'neutral'}]",311
"The flavors dish was edible but had canned peas carrots vegetables portion and boxed mushrooms and the  consisted of dry , inedible  with terrible  .","The chicken parm was edible but had canned tomato sauce and boxed pasta and the chicken with portobello mushrooms consisted of dry, inedible chicken with terrible sauce.","['flavors dish', 'peas carrots vegetables portion', 'mushrooms', '', '', '']","[{'term': 'flavors dish', 'polarity': 'conflict'}, {'term': 'peas carrots vegetables portion', 'polarity': 'negative'}, {'term': 'mushrooms', 'polarity': 'negative'}, {'term': '', 'polarity': 'negative'}, {'term': '', 'polarity': 'negative'}, {'term': '', 'polarity': 'negative'}]","[{'category': 'general', 'polarity': 'neutral'}]",312
The waiters are nice -- also you can just get takeout out sit .,The waitresses are nice--also you can just get counter service sit.,"['waiters', 'takeout out']","[{'term': 'waiters', 'polarity': 'positive'}, {'term': 'takeout out', 'polarity': 'positive'}]","[{'category': 'general', 'polarity': 'neutral'}]",313
"Our son loves pizza and we have a certified Neapolitan pizzaria in our home city ( Seattle ), we liked this nearly as much - and the differences were more about personal preference than any reflection on either restaurant .","Our son loves pizza and we have a certified Neapolitan pizzaria in our home city (Seattle), we liked this nearly as much - and the differences were more about personal preference than any reflection on either restaurant.",['pizza'],"[{'term': 'pizza', 'polarity': 'positive'}]","[{'category': 'general', 'polarity': 'neutral'}]",314
By far the best dishes I have had in a Italian Italian restaurant .,By far the best salad I have had in a fast food restaurant.,"['dishes', 'Italian Italian']","[{'term': 'dishes', 'polarity': 'positive'}, {'term': 'Italian Italian', 'polarity': 'neutral'}]","[{'category': 'general', 'polarity': 'neutral'}]",315
The dining is fine and they allow you to enjoy the view .,The service is fine and they allow you to enjoy the view.,"['dining', 'view']","[{'term': 'dining', 'polarity': 'positive'}, {'term': 'view', 'polarity': 'positive'}]","[{'category': 'general', 'polarity': 'neutral'}]",316
The hot and sour soup was unbearably hot and tasted of only flavor and nothing else .,The hot and sour soup was unbearably hot and tasted of only pepper and nothing else.,"['soup', 'flavor']","[{'term': 'soup', 'polarity': 'negative'}, {'term': 'flavor', 'polarity': 'negative'}]","[{'category': 'general', 'polarity': 'neutral'}]",317
My husband and I enjoyed each of the 6 taste size portions and left completely full .,My husband and I enjoyed each of the 6 taste size portions and left completely full.,['portions'],"[{'term': 'portions', 'polarity': 'positive'}]","[{'category': 'general', 'polarity': 'neutral'}]",318
"If you can handle that , it ' s a great place for a dinner lunch , fun with friends or simply a date for 2 .","If you can handle that, it's a great place for a business dinner, fun with friends or simply a table for 2.","['dinner lunch', 'date']","[{'term': 'dinner lunch', 'polarity': 'positive'}, {'term': 'date', 'polarity': 'positive'}]","[{'category': 'general', 'polarity': 'neutral'}]",319
There is actually air to breathe and the atmosphere sets the tone for an intimate dinner .,There is actually space to breathe and the decor sets the tone for an intimate dinner.,"['air', 'atmosphere', 'dinner']","[{'term': 'air', 'polarity': 'positive'}, {'term': 'atmosphere', 'polarity': 'positive'}, {'term': 'dinner', 'polarity': 'neutral'}]","[{'category': 'general', 'polarity': 'neutral'}]",320
"We figured we never had Italian dishes before so we grabbed our phone there , sharing a large platter , a portion of two of their specials , one was salad appetizer the other entree dessert , and both were excellent .","We figured we never had Argentinian Pizza before so we grabbed our lunch there, sharing a large Pelligrino, a pizza of two of their specials, one was goat cheese the other blue cheese, and both were excellent.","['Italian dishes', 'phone', 'platter', 'portion', 'salad appetizer', 'entree dessert']","[{'term': 'Italian dishes', 'polarity': 'neutral'}, {'term': 'phone', 'polarity': 'neutral'}, {'term': 'platter', 'polarity': 'positive'}, {'term': 'portion', 'polarity': 'positive'}, {'term': 'salad appetizer', 'polarity': 'positive'}, {'term': 'entree dessert', 'polarity': 'positive'}]","[{'category': 'general', 'polarity': 'neutral'}]",321
"The only weird thing was if we got a tip , the server would have simply multiplied the glass bill X4 , which makes no sense whatsoever .","The only weird thing was if we got a bottle, the waitress would have simply multiplied the glass price X4, which makes no sense whatsoever.","['tip', 'server', 'bill']","[{'term': 'tip', 'polarity': 'neutral'}, {'term': 'server', 'polarity': 'negative'}, {'term': 'bill', 'polarity': 'negative'}]","[{'category': 'general', 'polarity': 'neutral'}]",322
"great times , good times .","great eats, good times.",['times'],"[{'term': 'times', 'polarity': 'positive'}]","[{'category': 'general', 'polarity': 'neutral'}]",323
Their menu offer is basic ly a delcious little sandwich filling with a topping soup appetizer main that is perfect before their  .,Their exotic salad is basic ly a delcious little green salad with a peanut sauce that is perfect before their sweet basil fried tofu.,"['menu offer', 'sandwich filling', 'topping soup appetizer main', '']","[{'term': 'menu offer', 'polarity': 'positive'}, {'term': 'sandwich filling', 'polarity': 'positive'}, {'term': 'topping soup appetizer main', 'polarity': 'positive'}, {'term': '', 'polarity': 'positive'}]","[{'category': 'general', 'polarity': 'neutral'}]",324
What makes this restaurant special are the authentic dishes flavors and being the only one in NYC that offers authentic Japanese cuisine .,What makes this restaurant special are the authentic sichuan cooking and being the only one in NYC that offers authentic chongqing hotpot.,"['dishes flavors', 'Japanese cuisine']","[{'term': 'dishes flavors', 'polarity': 'positive'}, {'term': 'Japanese cuisine', 'polarity': 'positive'}]","[{'category': 'general', 'polarity': 'neutral'}]",325
We ate outside at Haru ' s Sake garden because Haru ' s restaurant next door was overflowing .,We ate outside at Haru's Sake bar because Haru's restaurant next door was overflowing.,['garden'],"[{'term': 'garden', 'polarity': 'neutral'}]","[{'category': 'general', 'polarity': 'neutral'}]",327
"They did not have drinks , forgot our reservation , left out ingredient ( ie spaghetti in an oven ), below hot temperatures and the plate was so over cooked it crumbled on the  when you touched it .","They did not have mayonnaise, forgot our toast, left out ingredients (ie cheese in an omelet), below hot temperatures and the bacon was so over cooked it crumbled on the plate when you touched it.","['drinks', 'reservation', 'ingredient', 'spaghetti', 'oven', 'plate', '']","[{'term': 'drinks', 'polarity': 'negative'}, {'term': 'reservation', 'polarity': 'negative'}, {'term': 'ingredient', 'polarity': 'negative'}, {'term': 'spaghetti', 'polarity': 'neutral'}, {'term': 'oven', 'polarity': 'negative'}, {'term': 'plate', 'polarity': 'neutral'}, {'term': '', 'polarity': 'neutral'}]","[{'category': 'general', 'polarity': 'neutral'}]",328
My suggestion is to try because you ' ll want to try the other the menu other .,My suggestion is to eat family style because you'll want to try the other dishes.,"['try', 'the menu other']","[{'term': 'try', 'polarity': 'neutral'}, {'term': 'the menu other', 'polarity': 'positive'}]","[{'category': 'general', 'polarity': 'neutral'}]",329
I just wonder how you can have such a delicious meal for such little money .,I just wonder how you can have such a delicious meal for such little money.,"['meal', 'money']","[{'term': 'meal', 'polarity': 'positive'}, {'term': 'money', 'polarity': 'positive'}]","[{'category': 'general', 'polarity': 'neutral'}]",330
reservation is highly refined : our seating was delayed 35 minutes past our arrival and the waiter d ' apologized and regularly kept us apprised of progress .,Service is highly refined: our seating was delayed 35 minutes past our reservation and the maitre d' apologized and regularly kept us apprised of progress.,"['reservation', 'arrival', 'waiter']","[{'term': 'reservation', 'polarity': 'positive'}, {'term': 'arrival', 'polarity': 'positive'}, {'term': 'waiter', 'polarity': 'negative'}]","[{'category': 'general', 'polarity': 'neutral'}]",331
would have rather tried terrace in the sky or water club for that view,would have rather tried terrace in the sky or water club for that price,['view'],"[{'term': 'view', 'polarity': 'negative'}]","[{'category': 'general', 'polarity': 'neutral'}]",332
The dining experience meal is worth every penny and you get more than enough ( both in portion AND food ).,The Prix Fixe menu is worth every penny and you get more than enough (both in quantity AND quality).,"['dining experience meal', 'portion', 'food']","[{'term': 'dining experience meal', 'polarity': 'positive'}, {'term': 'portion', 'polarity': 'positive'}, {'term': 'food', 'polarity': 'positive'}]","[{'category': 'general', 'polarity': 'neutral'}]",333
"Also good for client relationship service , esp .","Also good for client lunch meetings, esp.",['relationship service'],"[{'term': 'relationship service', 'polarity': 'neutral'}]","[{'category': 'general', 'polarity': 'neutral'}]",334
"The waitress remembers me and is very friendly , she knows what my regular is and that ' s the usual order favorite dishes menu items options choices preferences requests requests customizations .","The waitress remembers me and is very friendly, she knows what my regular is and that's the fried mini buns with the condensed milk and the assorted fruits on beancurd.","['waitress', 'usual order favorite dishes menu items options choices preferences requests requests customizations']","[{'term': 'waitress', 'polarity': 'positive'}, {'term': 'usual order favorite dishes menu items options choices preferences requests requests customizations', 'polarity': 'positive'}]","[{'category': 'general', 'polarity': 'neutral'}]",335
I ordered the burger classic cheese fries milkshake and it was off flavor .,I ordered the smoked salmon and roe appetizer and it was off flavor.,['burger classic cheese fries milkshake'],"[{'term': 'burger classic cheese fries milkshake', 'polarity': 'negative'}]","[{'category': 'general', 'polarity': 'neutral'}]",336
"While this isn ' t classical restaurant fare , the kitchen has given new life to an old building with some really innovative and tasty dishes that are genuinely authentic without being heavy or same old restaurant burn - outs .","While this isn't classical restaurant fare, the chef has given new life to an old cuisine with some really innovative and tasty dishes that are genuinely Indian without being heavy or same old restaurant burn-outs.","['kitchen', 'building', 'dishes', 'authentic']","[{'term': 'kitchen', 'polarity': 'positive'}, {'term': 'building', 'polarity': 'positive'}, {'term': 'dishes', 'polarity': 'neutral'}, {'term': 'authentic', 'polarity': 'positive'}]","[{'category': 'general', 'polarity': 'neutral'}]",337
Great romantic dinner for a date ( try to get the window table view for a little intimacy and to sit close !).,Great romantic place for a date (try to get the corner booth table for a little privacy and to sit close!).,"['dinner', 'window table view', 'intimacy']","[{'term': 'dinner', 'polarity': 'positive'}, {'term': 'window table view', 'polarity': 'positive'}, {'term': 'intimacy', 'polarity': 'positive'}]","[{'category': 'general', 'polarity': 'neutral'}]",338
The hostess was really cool and greeted us our order and bill with a smile .,The server was really cool and served us our food and drinks with a smile.,"['hostess', 'greeted', 'order', 'bill']","[{'term': 'hostess', 'polarity': 'positive'}, {'term': 'greeted', 'polarity': 'neutral'}, {'term': 'order', 'polarity': 'neutral'}, {'term': 'bill', 'polarity': 'positive'}]","[{'category': 'general', 'polarity': 'neutral'}]",339
I had to share my table with a loud group of kids and the server was rude an unattentive .,I had to share my table with a loud group of kids and the service was rude an unattentive.,"['table', 'server']","[{'term': 'table', 'polarity': 'negative'}, {'term': 'server', 'polarity': 'negative'}]","[{'category': 'general', 'polarity': 'neutral'}]",340
The charm pleasure of sitting on the sidewalk watching the world go by 50 feet away on 6th avenue on a cool evening was wonderful .,The outdoor atmosphere of sitting on the sidewalk watching the world go by 50 feet away on 6th avenue on a cool evening was wonderful.,['charm pleasure'],"[{'term': 'charm pleasure', 'polarity': 'positive'}]","[{'category': 'general', 'polarity': 'neutral'}]",341
Taj Mahal offeres gret views and great food .,Taj Mahal offeres gret value and great food.,"['views', 'food']","[{'term': 'views', 'polarity': 'positive'}, {'term': 'food', 'polarity': 'positive'}]","[{'category': 'general', 'polarity': 'neutral'}]",342
"But don ' t ever order dishes late at nite ( either delivery or driver kitchen , for that matter don ' t from any take out place ) as it is from the morning  turns out hard almost like  , hurt my molars .","But don't ever order bacon late at nite (either platter or in sandwiches, for that matter don't from any take out place) as it is from the morning frying turns out hard almost like bacos, hurt my molars.","['dishes', 'delivery', 'driver kitchen', '', '']","[{'term': 'dishes', 'polarity': 'negative'}, {'term': 'delivery', 'polarity': 'negative'}, {'term': 'driver kitchen', 'polarity': 'negative'}, {'term': '', 'polarity': 'negative'}, {'term': '', 'polarity': 'negative'}]","[{'category': 'general', 'polarity': 'neutral'}]",343
"I found it on a cold night , the perfect cup to warm up .","I found it on a cold night, the perfect spot to warm up.",['cup'],"[{'term': 'cup', 'polarity': 'positive'}]","[{'category': 'general', 'polarity': 'neutral'}]",344
"Looking around , I saw a diner full of New Yorkers enjoying a real breakfast in a real restaurant , not a tourist of the fabulous trying to be seen .","Looking around, I saw a room full of New Yorkers enjoying a real meal in a real restaurant, not a clubhouse of the fabulous trying to be seen.","['diner', 'breakfast', 'tourist']","[{'term': 'diner', 'polarity': 'positive'}, {'term': 'breakfast', 'polarity': 'neutral'}, {'term': 'tourist', 'polarity': 'negative'}]","[{'category': 'general', 'polarity': 'neutral'}]",345
But the main hit was the dishes main course .,But the main hit was the whole grilled fish.,['dishes main course'],"[{'term': 'dishes main course', 'polarity': 'positive'}]","[{'category': 'general', 'polarity': 'neutral'}]",346
"I had the lobster roll with with , unagi sushi with with scallops , and the and salmon with a with garlic for $ 49 .","I had the tuna tartare with sake, mushroom ravioli with pinot noir, and the chocolate sampler with a dessert wine for $49.","['lobster roll', 'with', 'unagi sushi', 'with scallops', 'and salmon', 'with garlic']","[{'term': 'lobster roll', 'polarity': 'positive'}, {'term': 'with', 'polarity': 'positive'}, {'term': 'unagi sushi', 'polarity': 'positive'}, {'term': 'with scallops', 'polarity': 'positive'}, {'term': 'and salmon', 'polarity': 'positive'}, {'term': 'with garlic', 'polarity': 'positive'}]","[{'category': 'general', 'polarity': 'neutral'}]",347
"While the dining is not a hotspot hangout , the dishes are unique and pack a lot of bang for the buck .","While the place is not a hotspot hangout, the drinks are unique and pack a lot of bang for the buck.","['dining', 'dishes']","[{'term': 'dining', 'polarity': 'positive'}, {'term': 'dishes', 'polarity': 'negative'}]","[{'category': 'general', 'polarity': 'neutral'}]",348
"The bread is a bit soggy , but the veggies were fresh , included a nice appetizer ( not platter dishes are ) all piping are  piping hot from the kitchen .","The bruscetta is a bit soggy, but the salads were fresh, included a nice mix of greens (not iceberg) all dishes are served piping hot from the kitchen.","['bread', 'veggies', 'appetizer', 'platter dishes are', 'piping', '']","[{'term': 'bread', 'polarity': 'negative'}, {'term': 'veggies', 'polarity': 'positive'}, {'term': 'appetizer', 'polarity': 'positive'}, {'term': 'platter dishes are', 'polarity': 'positive'}, {'term': 'piping', 'polarity': 'neutral'}, {'term': '', 'polarity': 'positive'}]","[{'category': 'general', 'polarity': 'neutral'}]",349
This isn ' t your corner cafe diner takeout .,This isn't your corner Chinese food takeout.,['cafe diner'],"[{'term': 'cafe diner', 'polarity': 'neutral'}]","[{'category': 'general', 'polarity': 'neutral'}]",351
In reality ( to maximize potential profits ) they were still taking phone calls and reallocating resources of those employees in the office .,In reality (to maximize potential diners) they were still taking phone reservations and reallocating tables of those waiting in the lobby.,"['profits', 'calls', 'resources', 'employees', 'office']","[{'term': 'profits', 'polarity': 'neutral'}, {'term': 'calls', 'polarity': 'negative'}, {'term': 'resources', 'polarity': 'negative'}, {'term': 'employees', 'polarity': 'neutral'}, {'term': 'office', 'polarity': 'negative'}]","[{'category': 'general', 'polarity': 'neutral'}]",352
Made my seat neighbor uncomfortable .,Made my dining experience uncomfortable.,['seat neighbor'],"[{'term': 'seat neighbor', 'polarity': 'negative'}]","[{'category': 'general', 'polarity': 'neutral'}]",353
I was with a party of 7 ( close but not next the the tables neighboring ) and we were eating with our coats on .,I was with a party of 7 (close but not next the the front doors) and we were eating with our coats on.,['tables neighboring'],"[{'term': 'tables neighboring', 'polarity': 'neutral'}]","[{'category': 'general', 'polarity': 'neutral'}]",354
"The dishes inludes famous scrumptious cuisine such as appetizers , entrees Miyagi and Ramen Pad , as well as other great Thai .","The food inludes famous scrumptious bombay style chaat such as bhelpuri, sevpuri and samosa chaats, as well as other great indian appetizers.","['dishes', 'cuisine', 'appetizers', 'entrees Miyagi', 'Ramen Pad', 'Thai']","[{'term': 'dishes', 'polarity': 'positive'}, {'term': 'cuisine', 'polarity': 'positive'}, {'term': 'appetizers', 'polarity': 'positive'}, {'term': 'entrees Miyagi', 'polarity': 'positive'}, {'term': 'Ramen Pad', 'polarity': 'positive'}, {'term': 'Thai', 'polarity': 'positive'}]","[{'category': 'general', 'polarity': 'neutral'}]",355
The waiter actually poured water on my hand and walked away .,The waiter actually poured water on my hand and walked away.,"['waiter', 'water']","[{'term': 'waiter', 'polarity': 'negative'}, {'term': 'water', 'polarity': 'neutral'}]","[{'category': 'general', 'polarity': 'neutral'}]",356
"NO more waiters , expensive dishes and annoying attendants .","NO more reservations, expensive tips and annoying stuff.","['waiters', 'dishes', 'attendants']","[{'term': 'waiters', 'polarity': 'positive'}, {'term': 'dishes', 'polarity': 'positive'}, {'term': 'attendants', 'polarity': 'positive'}]","[{'category': 'general', 'polarity': 'neutral'}]",357
We were a group of 8 and well served .,We were a group of 8 and well seved.,['served'],"[{'term': 'served', 'polarity': 'positive'}]","[{'category': 'general', 'polarity': 'neutral'}]",358
I have lived in Japan for 7 years and the atmosphere of the food and the ambiance of the restaurant is like being back in Japan .,I have lived in Japan for 7 years and the taste of the food and the feel of the restaurant is like being back in Japan.,"['atmosphere', 'food', 'ambiance']","[{'term': 'atmosphere', 'polarity': 'positive'}, {'term': 'food', 'polarity': 'positive'}, {'term': 'ambiance', 'polarity': 'positive'}]","[{'category': 'general', 'polarity': 'neutral'}]",359
We ' ve been to Grocery three times and not once has an item on the list disappointed .,We've been to Grocery three times and not once has an item on the menu disappointed.,['list'],"[{'term': 'list', 'polarity': 'positive'}]","[{'category': 'general', 'polarity': 'neutral'}]",360
"Waiter Service Food Restaurant is excpetiona , the Staff huge and delictable , and the Waiters professional wan warm .","The chicken pot pie is excpetiona, the cheeseburger huge and delictable, and the service professional wan warm.","['Waiter Service Food Restaurant', 'Staff', 'Waiters']","[{'term': 'Waiter Service Food Restaurant', 'polarity': 'positive'}, {'term': 'Staff', 'polarity': 'positive'}, {'term': 'Waiters', 'polarity': 'positive'}]","[{'category': 'general', 'polarity': 'neutral'}]",361
"If presentation and flair is your thing , then this magic show works .","If presentation and service is your thing, then this magic show works.",['flair'],"[{'term': 'flair', 'polarity': 'positive'}]","[{'category': 'general', 'polarity': 'neutral'}]",362
They smell like they stuff them with old mushrooms onions pilaf like the rice .,They smell like they stuff them with old canned vegetables like the spinach mushroom calzone.,"['mushrooms onions pilaf', 'rice']","[{'term': 'mushrooms onions pilaf', 'polarity': 'negative'}, {'term': 'rice', 'polarity': 'negative'}]","[{'category': 'general', 'polarity': 'neutral'}]",363
We were also seated promptly at the time of our reservation and the server was very quick and professional .,We were also seated promptly at the time of our reservation and the service was very quick and professional.,"['reservation', 'server']","[{'term': 'reservation', 'polarity': 'positive'}, {'term': 'server', 'polarity': 'positive'}]","[{'category': 'general', 'polarity': 'neutral'}]",365
Place Restaurant is always a good attraction,Downstairs lounge is always a good attraction,['Place Restaurant'],"[{'term': 'Place Restaurant', 'polarity': 'positive'}]","[{'category': 'general', 'polarity': 'neutral'}]",366
"Good crowd , good vibes food , with a hip japanese restaurant .","Good crowd, good outdoor seating, with a hip japanese vibe.","['vibes food', 'restaurant']","[{'term': 'vibes food', 'polarity': 'positive'}, {'term': 'restaurant', 'polarity': 'positive'}]","[{'category': 'general', 'polarity': 'neutral'}]",367
"My order takeout Chinese dinner of meals was full of imitation flavorings with a couple pieces of vegetables and rice , and was unnecessarily heated with a burner .","My entree of hot pot with seafood was full of imitation crabmeat with a couple pieces of shrimp and squid, and was unnecessarily heated with a burner.","['order takeout Chinese dinner', 'meals', 'flavorings', 'vegetables', 'rice']","[{'term': 'order takeout Chinese dinner', 'polarity': 'negative'}, {'term': 'meals', 'polarity': 'negative'}, {'term': 'flavorings', 'polarity': 'negative'}, {'term': 'vegetables', 'polarity': 'positive'}, {'term': 'rice', 'polarity': 'negative'}]","[{'category': 'general', 'polarity': 'neutral'}]",368
service and quality of food alone will keep us from making a return visit .,Price and quality of fish alone will keep us from making a return visit.,"['service', 'quality', 'food']","[{'term': 'service', 'polarity': 'negative'}, {'term': 'quality', 'polarity': 'negative'}, {'term': 'food', 'polarity': 'negative'}]","[{'category': 'general', 'polarity': 'neutral'}]",369
Their service staff is excellent -- all dishes with a little spices .,Their whitefish salad is excellent--all whitefish with a little mayo.,"['service staff', 'dishes', 'spices']","[{'term': 'service staff', 'polarity': 'positive'}, {'term': 'dishes', 'polarity': 'positive'}, {'term': 'spices', 'polarity': 'positive'}]","[{'category': 'general', 'polarity': 'neutral'}]",371
"We a menu that rearely changes , e xcept for one or two items , the seasonal and dishes they put in thier restaurant in evident .","We a menu that rearely changes,e xcept for one or two specials, the quality and care they put in thier food in evident.","['items', 'seasonal', 'dishes', 'restaurant']","[{'term': 'items', 'polarity': 'positive'}, {'term': 'seasonal', 'polarity': 'positive'}, {'term': 'dishes', 'polarity': 'positive'}, {'term': 'restaurant', 'polarity': 'neutral'}]","[{'category': 'general', 'polarity': 'neutral'}]",372
Yeah Shanghai is also great but not quite as good -- they use the same amount of sugar but without sweetness to balance out .,Yeah Shanghai is also great but not quite as good -- they use the same amount of salt but without sweetness to balance out.,['sugar'],"[{'term': 'sugar', 'polarity': 'negative'}]","[{'category': 'general', 'polarity': 'neutral'}]",373
"Warm , comfortable seating , nice appointments ( witness the etched glass and brickwork separating the dining areas ).","Warm, comfortable surroundings, nice appointments (witness the etched glass and brickwork separating the dining rooms).","['seating', 'dining areas']","[{'term': 'seating', 'polarity': 'positive'}, {'term': 'dining areas', 'polarity': 'neutral'}]","[{'category': 'general', 'polarity': 'neutral'}]",374
"All I can say is $ 2 pints during happy hour and the some of the cheapest beer you ' ll find in the city , though the cocktails is some of the best .","All I can say is $2 pints during happy hour and the some of the cheapest oysters you'll find in the city, though the quality is some of the best.","['beer', 'cocktails']","[{'term': 'beer', 'polarity': 'positive'}, {'term': 'cocktails', 'polarity': 'positive'}]","[{'category': 'general', 'polarity': 'neutral'}]",375
"Three page menus menu , one page brochure and brochures .","Three page wine menu, one page entree and horedevous.","['menus menu', 'brochure', 'brochures']","[{'term': 'menus menu', 'polarity': 'positive'}, {'term': 'brochure', 'polarity': 'positive'}, {'term': 'brochures', 'polarity': 'positive'}]","[{'category': 'general', 'polarity': 'neutral'}]",376
"The last two times I ordered from here my dishes was soo spicy that I could barely eat it , and the delivery took away from the quality of the food .","The last two times I ordered from here my food was soo spicy that  I could barely eat it, and the spice took away from the flavor of the dish.","['dishes', 'delivery', 'quality', 'food']","[{'term': 'dishes', 'polarity': 'negative'}, {'term': 'delivery', 'polarity': 'negative'}, {'term': 'quality', 'polarity': 'negative'}, {'term': 'food', 'polarity': 'negative'}]","[{'category': 'general', 'polarity': 'neutral'}]",377
"I wasn ' t thrilled to have to wait on line for thirty minutes , but I guess that ' s the price you pay for a popular place .","I wasn't thrilled to have to wait on line for thirty minutes, but I guess that's the price you pay for a popular place.",['wait'],"[{'term': 'wait', 'polarity': 'negative'}]","[{'category': 'general', 'polarity': 'neutral'}]",378
"While this can hardly be called a restaurant , it is possibly the best deal in Manhatten : $ 4 for a plate heaped with pasta and 2 - 3 noodles .","While this can hardly be called a restaurant, it is possibly the best deal in Manhatten: $4 for a plate heaped with rice and 2-3 entrees.","['pasta', 'noodles']","[{'term': 'pasta', 'polarity': 'positive'}, {'term': 'noodles', 'polarity': 'positive'}]","[{'category': 'general', 'polarity': 'neutral'}]",379
"The restaurant is dark and not very attractive and then you have spotlights harsh shining on you putting you in the worst light possible , reaching for sunglasses .","The restaurant is dark and not very attractive and then you have spot lights shining on you putting you in the worst light possible, reaching for sunglasses.",['spotlights harsh'],"[{'term': 'spotlights harsh', 'polarity': 'negative'}]","[{'category': 'general', 'polarity': 'neutral'}]",380
"I asked for tea black hot , no ice .","I asked for seltzer with lime, no ice.",['tea black hot'],"[{'term': 'tea black hot', 'polarity': 'neutral'}]","[{'category': 'general', 'polarity': 'neutral'}]",382
"I stumbled upon this second floor walk - up two Fridays ago when I was with two friends in town from L . A . Being serious foodies lovers , we sat at the sushi bar to be closer to the action .","I stumbled upon this second floor walk-up two Fridays ago when I was with two friends in town from L.A. Being serious sushi lovers, we sat at the sushi bar to be closer to the action.","['foodies', 'sushi bar']","[{'term': 'foodies', 'polarity': 'neutral'}, {'term': 'sushi bar', 'polarity': 'neutral'}]","[{'category': 'general', 'polarity': 'neutral'}]",383
This is a consistently great place to dine for breakfast or lunch .,This is a consistently great place to dine for lunch or dinner.,"['dine', 'breakfast', 'lunch']","[{'term': 'dine', 'polarity': 'neutral'}, {'term': 'breakfast', 'polarity': 'neutral'}, {'term': 'lunch', 'polarity': 'positive'}]","[{'category': 'general', 'polarity': 'neutral'}]",384
"Great restaurant , food and a good place to hang out in .","Great bagels, spreads and a good place to hang out in.","['restaurant', 'food']","[{'term': 'restaurant', 'polarity': 'positive'}, {'term': 'food', 'polarity': 'positive'}]","[{'category': 'general', 'polarity': 'neutral'}]",385
Right off the L in Brooklyn this is a nice cozy cafe with good coffee .,Right off the L in Brooklyn this is a nice cozy place with good pizza.,"['cafe', 'coffee']","[{'term': 'cafe', 'polarity': 'positive'}, {'term': 'coffee', 'polarity': 'positive'}]","[{'category': 'general', 'polarity': 'neutral'}]",386
"Though the buns dough may look like a challenge to eat , with soft strings hanging out of the roll , it is well worth the tangles price you pay for them .","Though the Spider Roll may look like a challenge to eat, with soft shell crab hanging out of the roll, it is well worth the price you pay for them.","['buns dough', 'strings', 'tangles price']","[{'term': 'buns dough', 'polarity': 'conflict'}, {'term': 'strings', 'polarity': 'positive'}, {'term': 'tangles price', 'polarity': 'positive'}]","[{'category': 'general', 'polarity': 'neutral'}]",387
I look forward to returning here again,I look forward to eating here again,['returning'],"[{'term': 'returning', 'polarity': 'positive'}]","[{'category': 'general', 'polarity': 'neutral'}]",388
"A narrow H leads to a tiny e where there are three tiny white tiled r , a great deal of mess ( stacks of bottles , cans ) and a small e holding 12 - 14   .","A narrow corridor leads to a tiny space where there are three tiny white tiled counters, a great deal of mess (stacks of bottles, cans) and a small counter holding 12-14 entrees.","['H', 'e', 'r', 'e', ' ']","[{'term': 'H', 'polarity': 'negative'}, {'term': 'e', 'polarity': 'negative'}, {'term': 'r', 'polarity': 'negative'}, {'term': 'e', 'polarity': 'negative'}, {'term': ' ', 'polarity': 'neutral'}]","[{'category': 'general', 'polarity': 'neutral'}]",389
"Ok , so the staff wander around a little clueless , but there ' s more than enough tables for the crowd they get -- it ' s fine , you just have to make a small effort to get their attention .","Ok, so the servers wander around a little clueless, but there's more than enough servers for the crowd they get -- it's fine, you just have to make a small effort to get their attention.","['staff', 'tables']","[{'term': 'staff', 'polarity': 'negative'}, {'term': 'tables', 'polarity': 'conflict'}]","[{'category': 'general', 'polarity': 'neutral'}]",390
"The table that was hosting promised to save a table for our party of 7 , then sat a party of 2 at the very back he was saving ( mean while there were boths open all around ).","The man that was hosting promised to save a table for our party of 7, then sat a party of 2 at the very table he was saving (mean while there were boths open all around).","['table', 'table', 'back']","[{'term': 'table', 'polarity': 'negative'}, {'term': 'table', 'polarity': 'neutral'}, {'term': 'back', 'polarity': 'negative'}]","[{'category': 'general', 'polarity': 'neutral'}]",391
The decor scores big points in presentation and style .,The establishment scores big points in presentation and style.,['decor'],"[{'term': 'decor', 'polarity': 'positive'}]","[{'category': 'general', 'polarity': 'neutral'}]",392
"Emilio , the owner , is often sitting in the front table greeting guests as they come and go .","Emilio, the owner, is often sitting in the front table greeting guests as they come and go.",['owner'],"[{'term': 'owner', 'polarity': 'positive'}]","[{'category': 'general', 'polarity': 'neutral'}]",393
Burgers juicy piled toppings are juicy and piled high ( ask for extra pickles relish ).,Pastrami or corned beef are juicy and piled high (ask for extra rye bread).,"['Burgers juicy piled toppings', 'pickles relish']","[{'term': 'Burgers juicy piled toppings', 'polarity': 'positive'}, {'term': 'pickles relish', 'polarity': 'positive'}]","[{'category': 'general', 'polarity': 'neutral'}]",394
"cake layer was gorgeously moist - as if poached - yet the fabulous icing was let down by curiously bland flavor - a amount additions might have overwhelmed , however toppings or other  would have done much to enhance .","Barbecued codfish was gorgeously moist - as if poached - yet the fabulous texture was let down by curiously bland seasoning - a spice rub might have overwhelmed, however herb mix or other sauce would have done much to enhance.","['cake layer', 'icing', 'flavor', 'amount additions', 'toppings', '']","[{'term': 'cake layer', 'polarity': 'positive'}, {'term': 'icing', 'polarity': 'negative'}, {'term': 'flavor', 'polarity': 'conflict'}, {'term': 'amount additions', 'polarity': 'negative'}, {'term': 'toppings', 'polarity': 'negative'}, {'term': '', 'polarity': 'negative'}]","[{'category': 'general', 'polarity': 'neutral'}]",397
"Friendly and informative waitstaff , very attentive and prompt raw service servers .","Friendly and informative staff, very attentive and prompt raw bar service.","['waitstaff', 'service servers']","[{'term': 'waitstaff', 'polarity': 'positive'}, {'term': 'service servers', 'polarity': 'positive'}]","[{'category': 'general', 'polarity': 'neutral'}]",398
"Interesting selection , good dishes , food fine , fun atmosphere .","Interesting selection, good wines, service fine, fun decor.","['dishes', 'food', 'atmosphere']","[{'term': 'dishes', 'polarity': 'positive'}, {'term': 'food', 'polarity': 'positive'}, {'term': 'atmosphere', 'polarity': 'positive'}]","[{'category': 'general', 'polarity': 'neutral'}]",399
"Meanwhile , the wine continued to pour glasses from his reserve after we had finished our bottle and we enjoyed an amuse of hors d'oeuvres finger sandwiches canapés , gratis .","Meanwhile, the bartender continued to pour champagne from his reserve after we had finished our bottle and we enjoyed an amuse of turnip soup with pureed basil, gratis.","['wine', 'glasses', ""hors d'oeuvres finger sandwiches canapés""]","[{'term': 'wine', 'polarity': 'positive'}, {'term': 'glasses', 'polarity': 'neutral'}, {'term': ""hors d'oeuvres finger sandwiches canapés"", 'polarity': 'positive'}]","[{'category': 'general', 'polarity': 'neutral'}]",400
We walked in on a Wednesday night and were seated promptly .,We walked in on a Wednesday night and were seated promptly.,['seated'],"[{'term': 'seated', 'polarity': 'positive'}]","[{'category': 'general', 'polarity': 'neutral'}]",401
My dinner plate meal portion experience was really bland and oily .,My chow fun and chow see was really bland and oily.,['dinner plate meal portion experience'],"[{'term': 'dinner plate meal portion experience', 'polarity': 'negative'}]","[{'category': 'general', 'polarity': 'neutral'}]",403
"Even though I made the reservations at 3pm for the same night through Dinnerbroker , we were stuck at a beach with one of the best view !","Even though I made the reservation at 3pm for the same night through Dinnerbroker, we were seated at a table with one of the best view!","['reservations', 'stuck', 'beach']","[{'term': 'reservations', 'polarity': 'positive'}, {'term': 'stuck', 'polarity': 'positive'}, {'term': 'beach', 'polarity': 'positive'}]","[{'category': 'general', 'polarity': 'neutral'}]",404
We took advanatage of the happy hour specials deals offers on saturday so it was well worth it .,We took advanatage of the half price sushi deal on saturday so it was well worth it.,['happy hour specials deals offers'],"[{'term': 'happy hour specials deals offers', 'polarity': 'positive'}]","[{'category': 'general', 'polarity': 'neutral'}]",405
"I only tried a simple dish pasta garlic butter salt pepper oil herbs spices of dishes , but it actually faired better than most NYC Italian joints I ' ve tried similar  at .","I only tried a simple dish of spinach ravioli in a light oil and garlic sauce, but it actually faired better than most NYC Italian joints I've tried similar dishes at.","['dish pasta garlic butter salt pepper oil herbs spices', 'dishes', '']","[{'term': 'dish pasta garlic butter salt pepper oil herbs spices', 'polarity': 'positive'}, {'term': 'dishes', 'polarity': 'positive'}, {'term': '', 'polarity': 'neutral'}]","[{'category': 'general', 'polarity': 'neutral'}]",406
I would highly recommend this place to anyone who is looking for a fine dining experience restaurant that is definitely a value for your dollar .,I would highly recommend this place to anyone who is looking for a fine Indian dining experience that is definitely a value for your dollar.,['dining experience restaurant'],"[{'term': 'dining experience restaurant', 'polarity': 'positive'}]","[{'category': 'general', 'polarity': 'neutral'}]",407
expensive way over priced .,Drinks way over priced.,"['expensive', 'priced']","[{'term': 'expensive', 'polarity': 'negative'}, {'term': 'priced', 'polarity': 'negative'}]","[{'category': 'general', 'polarity': 'neutral'}]",409
Scalina Fedeli reminded me why dining is so integral to fine dining .,Scalina Fedeli reminded me why service is so integral to fine dining.,"['dining', 'dining']","[{'term': 'dining', 'polarity': 'positive'}, {'term': 'dining', 'polarity': 'positive'}]","[{'category': 'general', 'polarity': 'neutral'}]",411
The only disappointment was the service staff restaurant who didn ' t seem to know what a customer is on a realtively non - busy night ( for the slow dinner lunch ).,The only disappointment was the coat check girls who didn't seem to know what a customer is on a realtively non-busy night (for the coat check girls).,"['service staff restaurant', 'slow dinner lunch']","[{'term': 'service staff restaurant', 'polarity': 'negative'}, {'term': 'slow dinner lunch', 'polarity': 'negative'}]","[{'category': 'general', 'polarity': 'neutral'}]",412
This was the worst meal dinner I ' ve ever had .,This was the worst dining experience I've ever had.,['meal dinner'],"[{'term': 'meal dinner', 'polarity': 'negative'}]","[{'category': 'general', 'polarity': 'neutral'}]",414
The cookies and crisps ' s are so yummy !,The bruschetta and panini's are so yummy!,"['cookies', 'crisps']","[{'term': 'cookies', 'polarity': 'positive'}, {'term': 'crisps', 'polarity': 'positive'}]","[{'category': 'general', 'polarity': 'neutral'}]",415
The chef can get pricey but the prixe fixe tasting menu is the greatest value for a good meal and they cater the weddings to any dietary allergies or dislikes you don ' t like .,The food can get pricey but the prixe fixe tasting menu is the greatest food for a good price and they cater the food to any food allergies or food you don't like.,"['chef', 'value', 'meal', 'weddings', 'dietary', 'dislikes']","[{'term': 'chef', 'polarity': 'conflict'}, {'term': 'value', 'polarity': 'positive'}, {'term': 'meal', 'polarity': 'positive'}, {'term': 'weddings', 'polarity': 'positive'}, {'term': 'dietary', 'polarity': 'neutral'}, {'term': 'dislikes', 'polarity': 'negative'}]","[{'category': 'general', 'polarity': 'neutral'}]",416
I LOVE their dishes dishes dishes dishes dishes dishes dishes dishes dishes is the MUST !,I LOVE their Thai noodles with shrimp and chicken and coconut juice is the MUST!,['dishes dishes dishes dishes dishes dishes dishes dishes dishes'],"[{'term': 'dishes dishes dishes dishes dishes dishes dishes dishes dishes', 'polarity': 'positive'}]","[{'category': 'general', 'polarity': 'neutral'}]",417
"The highlight of the night was the dish for my side of fries chef I received from one of the server , which is not good considering the price was nearly $ 100 .","The highlight of the night was the mayonaisse for my side of fries I received from one of the food runners, which is not good considering the bill was nearly $100.","['dish', 'fries chef', 'server', 'price']","[{'term': 'dish', 'polarity': 'negative'}, {'term': 'fries chef', 'polarity': 'neutral'}, {'term': 'server', 'polarity': 'negative'}, {'term': 'price', 'polarity': 'negative'}]","[{'category': 'general', 'polarity': 'neutral'}]",418
"It is far more popular as a establishment than as a restaurant , with only a few tables and the dining being the atmosphere , but we greatly enjoyed the unobtrusive service .","It is far more popular as a bar than as a restaurant, with only a few tables and the waiter being the bartender, but we greatly enjoyed the unobtrusive atmosphere.","['establishment', 'tables', 'dining', 'atmosphere', 'service']","[{'term': 'establishment', 'polarity': 'positive'}, {'term': 'tables', 'polarity': 'negative'}, {'term': 'dining', 'polarity': 'neutral'}, {'term': 'atmosphere', 'polarity': 'neutral'}, {'term': 'service', 'polarity': 'positive'}]","[{'category': 'general', 'polarity': 'neutral'}]",419
"Still , try it once , since if you end up loving the dishes , it could be one of your best dining spots .","Still, try it once, since if you end up loving the food, it could be one of your best dining experiences.","['dishes', 'dining spots']","[{'term': 'dishes', 'polarity': 'neutral'}, {'term': 'dining spots', 'polarity': 'positive'}]","[{'category': 'general', 'polarity': 'neutral'}]",420
The spicy curry lamb is huge and probably the best that I ' ve had at this Indian restaurant .,The spicy Tuna roll is huge and probably the best that I've had at this price range.,"['curry lamb', 'Indian restaurant']","[{'term': 'curry lamb', 'polarity': 'positive'}, {'term': 'Indian restaurant', 'polarity': 'positive'}]","[{'category': 'general', 'polarity': 'neutral'}]",421
I had a huge sandwich pizza on a roll .,I had a huge pastrami sandwich on a roll.,['sandwich pizza'],"[{'term': 'sandwich pizza', 'polarity': 'positive'}]","[{'category': 'general', 'polarity': 'neutral'}]",422
"Unless you are eating in the Pizzeria side of this restaurant , and are not in a rush , this dining is a bad idea .","Unless you are eating in the Pizzeria side of this place, and are not in a rush, this place is a bad idea.","['restaurant', 'dining']","[{'term': 'restaurant', 'polarity': 'negative'}, {'term': 'dining', 'polarity': 'negative'}]","[{'category': 'general', 'polarity': 'neutral'}]",423
The cuisine may be unconventional but the kitchen dishes is definitely authentic and the combinations very tasty .,The fillings may be unconventional but the dosa batter is definitely authentic and the combinations very tasty.,"['cuisine', 'kitchen dishes']","[{'term': 'cuisine', 'polarity': 'neutral'}, {'term': 'kitchen dishes', 'polarity': 'positive'}]","[{'category': 'general', 'polarity': 'neutral'}]",424
Overall a disappointing experience for that category category .,Overall a disappointing experience for that price category.,['category'],"[{'term': 'category', 'polarity': 'negative'}]","[{'category': 'general', 'polarity': 'neutral'}]",425
Great value for the quality price .,Great value for the quality ingredients.,['price'],"[{'term': 'price', 'polarity': 'positive'}]","[{'category': 'general', 'polarity': 'neutral'}]",426
"We live in New Jersey and whenever we go into New York City we buy dumplings to eat hot and then to freeze ( they told me that if I call in the order , they ' d bring it out to the car so I wouldn ' t have to look for parking ).","We live in New Jersey and whenever we go into New York City we buy bagels to eat hot and then to freeze (they told me that if I call in the order, they'd bring it out to the car so I wouldn't have to look for parking).",['dumplings'],"[{'term': 'dumplings', 'polarity': 'neutral'}]","[{'category': 'general', 'polarity': 'neutral'}]",428
"Oh yes , and if you are a fan of Indian oldies film stars , there are plenty of photos of Indian actors and actresses in classic black white that adorn the walls , some of which , I would love to know where they obtained .","Oh yes, and if you are a fan of Indian oldies film stars, there are plenty of portraits of Indian actors and actresses in classic black white that adorn the walls, some of which, I would love to know where they obtained.",['photos'],"[{'term': 'photos', 'polarity': 'positive'}]","[{'category': 'general', 'polarity': 'neutral'}]",429
We arrived on time for our reservation and seated promptly . The,We arrived on time for our reservation and seated promptly.The,['reservation'],"[{'term': 'reservation', 'polarity': 'positive'}]","[{'category': 'general', 'polarity': 'neutral'}]",430
Winnie and her friends are the best waiters you can find anywhere you .,Winnie and her staff are the best crew you can find serving you.,"['friends', 'waiters', 'anywhere']","[{'term': 'friends', 'polarity': 'positive'}, {'term': 'waiters', 'polarity': 'positive'}, {'term': 'anywhere', 'polarity': 'positive'}]","[{'category': 'general', 'polarity': 'neutral'}]",432
DO not try unless you ' re just going there to hang out like the rest of the hipsters who apparently have no sense of taste .,DO not try unless you're just going there to hang out like the rest of the hipsters who apparently have no sense of taste.,['taste'],"[{'term': 'taste', 'polarity': 'negative'}]","[{'category': 'general', 'polarity': 'neutral'}]",433
The ambiance is good and the resturant is clean .,The service is good and the resturant is clean.,['ambiance'],"[{'term': 'ambiance', 'polarity': 'positive'}]","[{'category': 'general', 'polarity': 'neutral'}]",434
"Great dishes , whether looking for a couple of diners or quiet tables .","Great spot, whether looking for a couple of drinks or quiet dinner.","['dishes', 'diners', 'tables']","[{'term': 'dishes', 'polarity': 'positive'}, {'term': 'diners', 'polarity': 'positive'}, {'term': 'tables', 'polarity': 'positive'}]","[{'category': 'general', 'polarity': 'neutral'}]",435
"Check it out , it won ' t hurt your wallet or your pocket .","Check it out, it won't hurt your stomach or your wallet.","['wallet', 'pocket']","[{'term': 'wallet', 'polarity': 'positive'}, {'term': 'pocket', 'polarity': 'positive'}]","[{'category': 'general', 'polarity': 'neutral'}]",436
"they did give a 15 % discount at the end , wasn ' t enough , as they knew the food was horrible .","they did give a 15% discount at the end, wasn't enough, as they knew the service was horrible.","['discount', 'food']","[{'term': 'discount', 'polarity': 'negative'}, {'term': 'food', 'polarity': 'negative'}]","[{'category': 'general', 'polarity': 'neutral'}]",437
"It took half an hour to get our order , which was perfect since we could sit , have coffee and talk !","It took half an hour to get our check, which was perfect since we could sit, have drinks and talk!","['order', 'coffee']","[{'term': 'order', 'polarity': 'neutral'}, {'term': 'coffee', 'polarity': 'neutral'}]","[{'category': 'general', 'polarity': 'neutral'}]",438
"Three restaurants - choices include excellent dishes seafood steak lamb , chicken pork beef salmon lobster and shrimp sushi , and a  that is out of this world .","Three courses - choices include excellent mussels, puff pastry goat cheese and salad with a delicious dressing, and a hanger steak au poivre that is out of this world.","['restaurants', 'dishes seafood steak lamb', 'chicken pork beef salmon lobster', 'shrimp sushi', '']","[{'term': 'restaurants', 'polarity': 'positive'}, {'term': 'dishes seafood steak lamb', 'polarity': 'positive'}, {'term': 'chicken pork beef salmon lobster', 'polarity': 'positive'}, {'term': 'shrimp sushi', 'polarity': 'positive'}, {'term': '', 'polarity': 'neutral'}]","[{'category': 'general', 'polarity': 'neutral'}]",439
"I have tried to make reservations , but both times , the host didn ' t have my name .","I have tried to make reservations, but both times, the hostess didn't have my name.","['reservations', 'host']","[{'term': 'reservations', 'polarity': 'neutral'}, {'term': 'host', 'polarity': 'negative'}]","[{'category': 'general', 'polarity': 'neutral'}]",440
"We had pasta carbonara and despite making a mess , it was a ton of fun and quite tasty as well .","We had crawfish boiled and despite making a mess, it was a ton of fun and quite tasty as well.",['pasta carbonara'],"[{'term': 'pasta carbonara', 'polarity': 'positive'}]","[{'category': 'general', 'polarity': 'neutral'}]",441
"If you ' re craving for Haru ' s great sushi , especially the House Roll , but can ' t stand the atmosphere tables outisde , head across the street to their Sake Bar !","If you're craving for Haru's great food, especially the House Roll, but can't stand the wait building outisde, head across the street to their Sake Bar!","['sushi', 'atmosphere tables']","[{'term': 'sushi', 'polarity': 'positive'}, {'term': 'atmosphere tables', 'polarity': 'negative'}]","[{'category': 'general', 'polarity': 'neutral'}]",442
"The menu server says to keep an eye out for an expanded menu offering more dishes options , I can ' t wait !","The takeout menu says to keep an eye out for an expanded menu offering more italian dishes, I can't wait!","['menu server', 'menu', 'dishes options']","[{'term': 'menu server', 'polarity': 'positive'}, {'term': 'menu', 'polarity': 'positive'}, {'term': 'dishes options', 'polarity': 'positive'}]","[{'category': 'general', 'polarity': 'neutral'}]",443
"The restaurant is larger than most and features adequate parking unlike most joints , and has a outdoor which deserves a mention .","The place is larger than most and features adequate seating unlike most joints, and has a bar which deserves a mention.","['restaurant', 'parking', 'outdoor']","[{'term': 'restaurant', 'polarity': 'positive'}, {'term': 'parking', 'polarity': 'positive'}, {'term': 'outdoor', 'polarity': 'positive'}]","[{'category': 'general', 'polarity': 'neutral'}]",444
This place would be so much better managed by being run by a group that actually understands customer needs .,This place would be so much better served by being run by a group that actually understands customer service.,"['managed', 'needs']","[{'term': 'managed', 'polarity': 'negative'}, {'term': 'needs', 'polarity': 'negative'}]","[{'category': 'general', 'polarity': 'neutral'}]",445
"my personal favorite is an everything bagel with lovely toppings , but all the sandwiches are unbeliavably good .","my personal favorite is an everything bagel with lox spread, but all the bagles are unbeliavably good.","['bagel with lovely toppings', 'sandwiches']","[{'term': 'bagel with lovely toppings', 'polarity': 'positive'}, {'term': 'sandwiches', 'polarity': 'positive'}]","[{'category': 'general', 'polarity': 'neutral'}]",446
The portions are large and the servers always surprise us with a different dish .,The portions are large and the servers always surprise us with a different starter.,"['portions', 'servers', 'dish']","[{'term': 'portions', 'polarity': 'positive'}, {'term': 'servers', 'polarity': 'positive'}, {'term': 'dish', 'polarity': 'positive'}]","[{'category': 'general', 'polarity': 'neutral'}]",448
"The hall is a little tight and on a cold day , the stairway by the entranceway can be pretty drafty .","The place is a little tight and on a cold day, the seating by the entranceway can be pretty drafty.","['hall', 'stairway']","[{'term': 'hall', 'polarity': 'negative'}, {'term': 'stairway', 'polarity': 'negative'}]","[{'category': 'general', 'polarity': 'neutral'}]",451
Check out the menu items list .,Check out the secret back room.,['menu items list'],"[{'term': 'menu items list', 'polarity': 'positive'}]","[{'category': 'general', 'polarity': 'neutral'}]",452
"The photobook filled was a cute touch , certainly helped my group and I pick the best dishes , appetizers main , and courses that we all ordered .","The photobook menu was a cute touch, certainly helped my group and I pick the fried chicken, pork chop, and noodle dishes that we all ordered.","['filled', 'best dishes', 'appetizers main', 'courses']","[{'term': 'filled', 'polarity': 'positive'}, {'term': 'best dishes', 'polarity': 'neutral'}, {'term': 'appetizers main', 'polarity': 'neutral'}, {'term': 'courses', 'polarity': 'neutral'}]","[{'category': 'general', 'polarity': 'neutral'}]",453
"Besides having the wait we had been promised given to other restaurant patrons twice before we were actually seated , we were waited we hadn ' t ordered three times , received one of our orders 20 minutes after the rest of the table had been served ( and that order was undercooked ), and charged $ 45 more than we should have been on our bill .","Besides having the table we had been promised given to other restaurant patrons twice before we were actually seated, we were served dishes we hadn't ordered three times, received one of our orders 20 minutes after the rest of the table had been served (and that order was undercooked), and charged $45 more than we should have been on our bill.","['wait', 'waited', 'table', 'served', 'bill', '']","[{'term': 'wait', 'polarity': 'negative'}, {'term': 'waited', 'polarity': 'negative'}, {'term': 'table', 'polarity': 'negative'}, {'term': 'served', 'polarity': 'negative'}, {'term': 'bill', 'polarity': 'negative'}, {'term': '', 'polarity': 'negative'}]","[{'category': 'general', 'polarity': 'neutral'}]",455
Went there for an dinner lunch .,Went there for an office lunch.,['dinner lunch'],"[{'term': 'dinner lunch', 'polarity': 'neutral'}]","[{'category': 'general', 'polarity': 'neutral'}]",456
"All in all , this midtown gem instantly became one of my favorite Italian restaurants in the city .","All in all, this midtown gem instantly became one of my favorite sushi restaurants in the city.",['Italian'],"[{'term': 'Italian', 'polarity': 'positive'}]","[{'category': 'general', 'polarity': 'neutral'}]",457
building at the end of a magnificent block .,Located at the end of a magnificent block.,['building'],"[{'term': 'building', 'polarity': 'positive'}]","[{'category': 'general', 'polarity': 'neutral'}]",458
"I had a terrific dinner , and our server guided us toward a very nice table in our hotel , instead of allowing us to purchase a similarly room meal that wasn ' t as good .","I had a terrific meal, and our server guided us toward a very nice wine in our price range, instead of allowing us to purchase a similarly priced wine that wasn't as good.","['dinner', 'server', 'table', 'hotel', 'room meal', 'meal']","[{'term': 'dinner', 'polarity': 'positive'}, {'term': 'server', 'polarity': 'positive'}, {'term': 'table', 'polarity': 'positive'}, {'term': 'hotel', 'polarity': 'negative'}, {'term': 'room meal', 'polarity': 'positive'}, {'term': 'meal', 'polarity': 'neutral'}]","[{'category': 'general', 'polarity': 'neutral'}]",459
They don ' t seem to place an emphasis on flavor or fresh ingredients which to me is necessary for good cuisine .,They don't seem to place an emphasis on specials or fresh ingredients which to me is necessary for good thai.,"['flavor', 'ingredients', 'cuisine']","[{'term': 'flavor', 'polarity': 'negative'}, {'term': 'ingredients', 'polarity': 'negative'}, {'term': 'cuisine', 'polarity': 'neutral'}]","[{'category': 'general', 'polarity': 'neutral'}]",460
The dishes are cooked here taste great .,The noodle and rices dishes taste great.,['dishes are cooked here'],"[{'term': 'dishes are cooked here', 'polarity': 'positive'}]","[{'category': 'general', 'polarity': 'neutral'}]",461
They also have a cafe patio open in the summer - cute and French with umbrellas tables - what more could you ask for ?,They also have a back garden open in the summer - cute and French with outdoor seating - what more could you ask for?,"['cafe patio', 'umbrellas tables']","[{'term': 'cafe patio', 'polarity': 'positive'}, {'term': 'umbrellas tables', 'polarity': 'positive'}]","[{'category': 'general', 'polarity': 'neutral'}]",462
"It ' s a shame that a nice , convenient restaurant like the Pink Pony can be so ruined by lousy service .","It's a shame that a nice, convenient place like the Pink Pony can be so ruined by lousy service.","['restaurant', 'service']","[{'term': 'restaurant', 'polarity': 'positive'}, {'term': 'service', 'polarity': 'negative'}]","[{'category': 'general', 'polarity': 'neutral'}]",463
"This restaurant , however , has a lot less pretension than Joya and the ambience food is still above - average .","This place, however, has a lot less pretension than Joya and the Thai food is still above-average.","['restaurant', 'ambience food']","[{'term': 'restaurant', 'polarity': 'positive'}, {'term': 'ambience food', 'polarity': 'positive'}]","[{'category': 'general', 'polarity': 'neutral'}]",465
And at the conclusion of this culinary nightmare the server was given to our table by knocking over a wine glass bottle .,And at the conclusion of this culinary nightmare the check was given to our table by knocking over a glass of water.,"['server', 'table', 'wine glass bottle']","[{'term': 'server', 'polarity': 'neutral'}, {'term': 'table', 'polarity': 'neutral'}, {'term': 'wine glass bottle', 'polarity': 'neutral'}]","[{'category': 'general', 'polarity': 'neutral'}]",466
Delicious dishes at a great price but do not go here on a cold day and sit by the window wall .,Delicious food at a great price but do not go here on a cold day and sit by the front door.,"['dishes', 'price', 'window wall']","[{'term': 'dishes', 'polarity': 'positive'}, {'term': 'price', 'polarity': 'positive'}, {'term': 'window wall', 'polarity': 'neutral'}]","[{'category': 'general', 'polarity': 'neutral'}]",468
"This restaurant has the best ambiance I have seen anywhere in the northside of W ' burg , and will impress whoever you bring there .","This place has the best interior I have seen anywhere in the northside of W'burg, and will impress whoever you bring there.","['restaurant', 'ambiance']","[{'term': 'restaurant', 'polarity': 'positive'}, {'term': 'ambiance', 'polarity': 'positive'}]","[{'category': 'general', 'polarity': 'neutral'}]",469
Its a go - to for dates as well as family out of town guests .,Its a go-to for dates as well as entertaining out of town guests.,['family'],"[{'term': 'family', 'polarity': 'positive'}]","[{'category': 'general', 'polarity': 'neutral'}]",470
Although be warned their dishes and menu items options prices are different .,Although be warned their dinner menu to sit and take out prices are different.,"['dishes', 'menu items options prices', 'portions serving']","[{'term': 'dishes', 'polarity': 'neutral'}, {'term': 'menu items options prices', 'polarity': 'neutral'}, {'term': 'portions serving', 'polarity': 'neutral'}]","[{'category': 'general', 'polarity': 'neutral'}]",471
A cool bar to hang with your friends for a couple of healthy hours and snacks .,A cool place to hang with your friends for a couple of healthy drinks and desserts.,"['bar', 'hours', 'snacks']","[{'term': 'bar', 'polarity': 'positive'}, {'term': 'hours', 'polarity': 'positive'}, {'term': 'snacks', 'polarity': 'positive'}]","[{'category': 'general', 'polarity': 'neutral'}]",472
"I like Mamoun ' s rolls as well , but side by side , Kati Rolls just produce tastier kati hands down .","I like Mamoun's food as well, but side by side, Kati Rolls just produce tastier food hands down.","['rolls', 'kati']","[{'term': 'rolls', 'polarity': 'positive'}, {'term': 'kati', 'polarity': 'positive'}]","[{'category': 'general', 'polarity': 'neutral'}]",473
But that wasn ' t the best dining experience occasion : a dish that resembled nothing I have ever had .,But that wasn't the icing on the cake: a tiramisu that resembled nothing I have ever had.,"['best dining experience occasion', 'dish']","[{'term': 'best dining experience occasion', 'polarity': 'negative'}, {'term': 'dish', 'polarity': 'negative'}]","[{'category': 'general', 'polarity': 'neutral'}]",474
"However , I was there for a work meeting not long ago when my colleague from London noticed a very large waterbug on the table .","However, I was there for a work dinner not long ago when my colleague from London noticed a very large waterbug on the ceiling.","['meeting', 'table']","[{'term': 'meeting', 'polarity': 'negative'}, {'term': 'table', 'polarity': 'neutral'}]","[{'category': 'general', 'polarity': 'neutral'}]",475
"No noise music , no silence , plenty of comfort companionship , a great ambiance to relax in an always busy Midtown .","No dress codes, no attitudes, plenty of comfort companionship, a great place to relax in an always busy Midtown.","['noise music', 'silence', 'ambiance']","[{'term': 'noise music', 'polarity': 'positive'}, {'term': 'silence', 'polarity': 'positive'}, {'term': 'ambiance', 'polarity': 'positive'}]","[{'category': 'general', 'polarity': 'neutral'}]",476
We ordered some curries and spicy dishes dishes from the Thai section of the menu but nothing we got was Thai .,We ordered some beef and noodle soup dishes from the Thai section of the menu but nothing we got was Thai.,"['curries', 'spicy dishes dishes', 'menu']","[{'term': 'curries', 'polarity': 'negative'}, {'term': 'spicy dishes dishes', 'polarity': 'negative'}, {'term': 'menu', 'polarity': 'negative'}]","[{'category': 'general', 'polarity': 'neutral'}]",477
"Just don ' t take the tables between the tables and the back half of the restaurant , i saw a woman get nudged 40times sitting there .","Just don't take the seat between the bar and the back half of the restaurant, i saw a woman get nudged 40times sitting there.","['tables', 'tables']","[{'term': 'tables', 'polarity': 'negative'}, {'term': 'tables', 'polarity': 'neutral'}]","[{'category': 'general', 'polarity': 'neutral'}]",478
Both times we waited well over a half hour for a table ( even though we had reservation ).,Both times we waited well over a half hour for a table (even though we had reservations).,"['table', 'reservation']","[{'term': 'table', 'polarity': 'negative'}, {'term': 'reservation', 'polarity': 'negative'}]","[{'category': 'general', 'polarity': 'neutral'}]",479
A bit breezy up there on the balcony from the wind coming from the tracks .,A bit breezy up there on the mezzanine from the wind coming from the tracks.,['balcony'],"[{'term': 'balcony', 'polarity': 'negative'}]","[{'category': 'general', 'polarity': 'neutral'}]",481
"If the omakase is to showcase technique and variety , highlighted several dish almost 40 % of items BBQ - ed and a leaves wrapped with not - so - fresh  seems to be a rather limp performance .","If the omakase is to showcase technique and variety, serving almost 40% of items BBQ-ed and a spicy tuna roll wrapped with not-so-fresh nori seems to be a rather limp performance.","['highlighted several dish', 'leaves', '']","[{'term': 'highlighted several dish', 'polarity': 'negative'}, {'term': 'leaves', 'polarity': 'neutral'}, {'term': '', 'polarity': 'negative'}]","[{'category': 'general', 'polarity': 'neutral'}]",482
"It cannot be the tables , because the restaurant is very cramped and some guests have to sit in an hallway .","It cannot be the ambience, because the place is very cramped and some guests have to sit in an aisle.","['tables', 'restaurant', 'hallway']","[{'term': 'tables', 'polarity': 'negative'}, {'term': 'restaurant', 'polarity': 'negative'}, {'term': 'hallway', 'polarity': 'negative'}]","[{'category': 'general', 'polarity': 'neutral'}]",483
cuisine menu is top of the line but the rest of the options is so diverse it gives you a chance to taste so manydifferent varietys .,Obv caviar is top of the line but the rest of the menu is so diverse it gives you a chance to taste so manydifferent varietys.,"['cuisine menu', 'options']","[{'term': 'cuisine menu', 'polarity': 'positive'}, {'term': 'options', 'polarity': 'positive'}]","[{'category': 'general', 'polarity': 'neutral'}]",484
Best restaurant food dishes and and price quality in town !,Best drumsticks over rice and sour spicy soup in town!,"['restaurant food dishes', 'and price quality']","[{'term': 'restaurant food dishes', 'polarity': 'positive'}, {'term': 'and price quality', 'polarity': 'positive'}]","[{'category': 'general', 'polarity': 'neutral'}]",485
Monday nights are a bargain at the $ 28 H e - this includes a r e   plus * three * i s   paired with each t .,Monday nights are a bargain at the $28 prix fix - this includes a three course meal plus *three* glasses of wine paired with each course.,"['H e', 'r e  ', 'i s  ', 't']","[{'term': 'H e', 'polarity': 'positive'}, {'term': 'r e  ', 'polarity': 'positive'}, {'term': 'i s  ', 'polarity': 'positive'}, {'term': 't', 'polarity': 'neutral'}]","[{'category': 'general', 'polarity': 'neutral'}]",486
IT IS WHAT MODERN restaurants IS ALL ABOUT .,IT IS WHAT MODERN CUISINE IS ALL ABOUT.,['restaurants'],"[{'term': 'restaurants', 'polarity': 'positive'}]","[{'category': 'general', 'polarity': 'neutral'}]",487
"Stay away from the two specialty sandwiches on the menu , though - too much oil and grease will fill you up right quick .","Stay away from the two specialty rolls on the menu, though- too much avocado and rice will fill you up right quick.","['sandwiches', 'menu', 'oil', 'grease']","[{'term': 'sandwiches', 'polarity': 'negative'}, {'term': 'menu', 'polarity': 'neutral'}, {'term': 'oil', 'polarity': 'negative'}, {'term': 'grease', 'polarity': 'negative'}]","[{'category': 'general', 'polarity': 'neutral'}]",488
"in an effort to increase turnover , the restaurant offers no discounts water bread butter salt pepper beyond the complimentary sugar .","in an effort to increase turnover, the restaurant offers no desserts beyond the complimentary espresso cup filled with chocolate mousse.","['discounts water bread butter salt pepper', 'sugar']","[{'term': 'discounts water bread butter salt pepper', 'polarity': 'positive'}, {'term': 'sugar', 'polarity': 'negative'}]","[{'category': 'general', 'polarity': 'neutral'}]",489
I ' ve dined at Alain Ducasse ' s restaurant in Monte Carlo for half the price for the same excellent price experience .,I've dined at Alain Ducasse's restaurant in Monte Carlo for half the price for the same excellent dining experience.,"['price', 'price']","[{'term': 'price', 'polarity': 'positive'}, {'term': 'price', 'polarity': 'positive'}]","[{'category': 'general', 'polarity': 'neutral'}]",490
I keep my fingers crossed the whole subway ride hoping that there will be a table I can sit at by myself and not have to share with the strangers strange strangely people .,I keep my fingers crossed the whole subway ride hoping that there will be a table I can sit at by myself and not have to share with the rice congee soup people.,"['table', 'strangers strange strangely']","[{'term': 'table', 'polarity': 'neutral'}, {'term': 'strangers strange strangely', 'polarity': 'neutral'}]","[{'category': 'general', 'polarity': 'neutral'}]",491
"Grilled whole salmon wonderful , great spicing .","Grilled whole fish wonderful, great spicing.",['salmon'],"[{'term': 'salmon', 'polarity': 'positive'}]","[{'category': 'general', 'polarity': 'neutral'}]",492
I had been a regular due to the consistently good food and ease of online ordering process .,I had been a regular due to the consistently good food and ease of getting a table.,"['food', 'online ordering process']","[{'term': 'food', 'polarity': 'positive'}, {'term': 'online ordering process', 'polarity': 'positive'}]","[{'category': 'general', 'polarity': 'neutral'}]",493
This authentic is the most Japanese it can ever get .,This place is the most Japanese it can ever get.,['authentic'],"[{'term': 'authentic', 'polarity': 'positive'}]","[{'category': 'general', 'polarity': 'neutral'}]",494
Cozy romantic restaurants with only around 15 tables at most .,Cozy romantic atomosphere with only around 15 tables at most.,"['restaurants', 'tables']","[{'term': 'restaurants', 'polarity': 'positive'}, {'term': 'tables', 'polarity': 'positive'}]","[{'category': 'general', 'polarity': 'neutral'}]",495
"Good , because hey , it ' s more portion portion , but bad because dish is supposed to be smaller items so you can try out more portion and smaller so that each price is cheap .","Good, because hey, it's more food, but bad because dim sum is supposed to be smaller portions so you can try out more dishes and smaller so that each dish is cheap.","['portion portion', 'dish', 'items', 'portion', 'price']","[{'term': 'portion portion', 'polarity': 'negative'}, {'term': 'dish', 'polarity': 'positive'}, {'term': 'items', 'polarity': 'negative'}, {'term': 'portion', 'polarity': 'neutral'}, {'term': 'price', 'polarity': 'neutral'}]","[{'category': 'general', 'polarity': 'neutral'}]",496
"Even if the food wasn ' t this good , the service is a great restaurant to sit outside and relax .","Even if the food wasn't this good, the garden is a great place to sit outside and relax.","['food', 'service', 'restaurant']","[{'term': 'food', 'polarity': 'positive'}, {'term': 'service', 'polarity': 'positive'}, {'term': 'restaurant', 'polarity': 'positive'}]","[{'category': 'general', 'polarity': 'neutral'}]",497
The fish is fresh and each piece is sliced to perfection and seasoned by the chef lemon ( usually with a little fresh garlic and salt pepper but also sometimes with some spices herbs ).,The fish is fresh and each piece is sliced to perfection and seasoned by the sushi chef (usually with a little fresh wasabi and soy sauce but also sometimes with some sea salt).,"['fish', 'chef lemon', 'garlic', 'salt pepper', 'spices herbs']","[{'term': 'fish', 'polarity': 'positive'}, {'term': 'chef lemon', 'polarity': 'positive'}, {'term': 'garlic', 'polarity': 'positive'}, {'term': 'salt pepper', 'polarity': 'positive'}, {'term': 'spices herbs', 'polarity': 'positive'}]","[{'category': 'general', 'polarity': 'neutral'}]",498
"The meal was typical short - order , dinner type .","The service was typical short-order, dinner type.",['meal'],"[{'term': 'meal', 'polarity': 'neutral'}]","[{'category': 'general', 'polarity': 'neutral'}]",500
Faan ' s got a great concept but a little rough on the edges .,Faan's got a great concept but a little rough on the delivery.,['edges'],"[{'term': 'edges', 'polarity': 'negative'}]","[{'category': 'general', 'polarity': 'neutral'}]",501
"staff is friendly , and never had a problem walking in and ordering food anything .","service is friendly, and never had a problem walking in and getting a table.","['staff', 'ordering food anything']","[{'term': 'staff', 'polarity': 'positive'}, {'term': 'ordering food anything', 'polarity': 'positive'}]","[{'category': 'general', 'polarity': 'neutral'}]",502
I went there in late afternoon for some bite size snacks and appetizers with my date .,I went there in late afternoon for some bite size food and refleshment with my date.,"['snacks', 'appetizers']","[{'term': 'snacks', 'polarity': 'neutral'}, {'term': 'appetizers', 'polarity': 'neutral'}]","[{'category': 'general', 'polarity': 'neutral'}]",503
"Last time I went here , the waiter didn ' t come back after taking our order .","Last time I went here, the waitress didn't come back after taking our order.",['waiter'],"[{'term': 'waiter', 'polarity': 'negative'}]","[{'category': 'general', 'polarity': 'neutral'}]",504
"head and shoulders above its neighboors on east 6 st , taj mahal is also very comparable , in cuisine ambiance , to the much overpraised ( and underdeserving ) baluchi ' s .","head and shoulders above its neighboors on east 6 st, taj mahal is also very comparable, in food quality, to the much overpraised (and underdeserving) baluchi's.",['cuisine ambiance'],"[{'term': 'cuisine ambiance', 'polarity': 'positive'}]","[{'category': 'general', 'polarity': 'neutral'}]",505
The restaurant looks out over beautiful green park to the Hudson River and the Statue of Liberty .,The restaurant looks out over beautiful green lawns to the Hudson River and the Statue of Liberty.,['park'],"[{'term': 'park', 'polarity': 'positive'}]","[{'category': 'general', 'polarity': 'neutral'}]",506
Diner loses at bistro at is a bummer ....,Diner food at bistro prices is a bummer....,"['loses', 'at']","[{'term': 'loses', 'polarity': 'negative'}, {'term': 'at', 'polarity': 'negative'}]","[{'category': 'general', 'polarity': 'neutral'}]",507
Pair you wine with the excellent coffee latte roasted or their well tea tea .,Pair you food with the excellent beers on tap or their well priced wine list.,"['wine', 'coffee latte roasted', 'tea tea', 'flavors']","[{'term': 'wine', 'polarity': 'neutral'}, {'term': 'coffee latte roasted', 'polarity': 'positive'}, {'term': 'tea tea', 'polarity': 'positive'}, {'term': 'flavors', 'polarity': 'positive'}]","[{'category': 'general', 'polarity': 'neutral'}]",508
Friendly waiters that actually lets you enjoy your meal and the company you ' re with .,Friendly staff that actually lets you enjoy your meal and the company you're with.,"['waiters', 'meal']","[{'term': 'waiters', 'polarity': 'positive'}, {'term': 'meal', 'polarity': 'positive'}]","[{'category': 'general', 'polarity': 'neutral'}]",509
"Oh yes , and they lie on the phone , claiming they have inventory products items stock , then of course the deliveries are not available .","Oh yes, and they lie on the phone, claiming they have seating in the garden, then of course the seats are not available.","['inventory products items stock', 'deliveries']","[{'term': 'inventory products items stock', 'polarity': 'neutral'}, {'term': 'deliveries', 'polarity': 'neutral'}]","[{'category': 'general', 'polarity': 'neutral'}]",510
"The restuarant itself is not large , but seems to have several tables sections to accomodate large groups hoping to save a buck to eat authentic  .","The restuarant itself is not large, but seems to have several round tables to accomodate large groups hoping to save a buck to eat authentic Taiwanese.","['tables sections', '']","[{'term': 'tables sections', 'polarity': 'positive'}, {'term': '', 'polarity': 'positive'}]","[{'category': 'general', 'polarity': 'neutral'}]",511
You can get an excellent curry at most of the many Indian restaurants on nearby Lexington Avenue for the price of one the dainty samosas here .,You can get an excellent meal at most of the many Indian restaurants on nearby Lexington Avenue for the cost of one the dainty dishes here.,"['curry', 'price', 'samosas']","[{'term': 'curry', 'polarity': 'positive'}, {'term': 'price', 'polarity': 'conflict'}, {'term': 'samosas', 'polarity': 'positive'}]","[{'category': 'general', 'polarity': 'neutral'}]",512
"Upon entering , we were greeted by the host , Steven and Frederick , who went out of their way to be more than gracious hosts .","Upon entering, we were greeted by the owners, Steven and Frederick, who went out of their way to be more than gracious hosts.","['host', 'hosts']","[{'term': 'host', 'polarity': 'positive'}, {'term': 'hosts', 'polarity': 'positive'}]","[{'category': 'general', 'polarity': 'neutral'}]",513
"Try the dish dish , it is to die for .","Try the crunchy tuna, it is to die for.",['dish dish'],"[{'term': 'dish dish', 'polarity': 'positive'}]","[{'category': 'general', 'polarity': 'neutral'}]",514
"if you ' re looking for perfect traditional sushi , go here - if you ' re looking for interesting combinations , try sushi of gari ' s ( east side ).","if you're looking for perfect traditional sushi, go here - if you're looking for interesting combinations, try sushi of gari's (east side).","['sushi', 'sushi']","[{'term': 'sushi', 'polarity': 'positive'}, {'term': 'sushi', 'polarity': 'positive'}]","[{'category': 'general', 'polarity': 'neutral'}]",515
Make reservations hostess but expect to be delayed 15 - 20 minutes as the seating was having difficulty large guests who arrived with a party because they probably had a lot of walk ins being so close to Time Square .,Make reservations but expect to be delayed 15-20 minutes as the hosting staff was having difficulty seating guests who arrived with a reservation because they probably had a lot of walk ins being so close to Time Square.,"['reservations hostess', 'seating', 'large', 'party']","[{'term': 'reservations hostess', 'polarity': 'negative'}, {'term': 'seating', 'polarity': 'negative'}, {'term': 'large', 'polarity': 'neutral'}, {'term': 'party', 'polarity': 'negative'}]","[{'category': 'general', 'polarity': 'neutral'}]",516
"We laughed when he finally offered us a wine menu and we left a 10 percent tip , which was generous , I feel .","We laughed when he finally offered us a dessert menu and we left a 10 percent tip, which was generous, I feel.","['wine menu', 'tip']","[{'term': 'wine menu', 'polarity': 'neutral'}, {'term': 'tip', 'polarity': 'positive'}]","[{'category': 'general', 'polarity': 'neutral'}]",517
"Very romantic fires - I ' ve literally spent hours at Lanterna , drinking cocktails from their extensive list and enjoying the ambiance .","Very romantic fires - I've literally spent hours at Lanterna, drinking wine from their extensive wine and enjoying the ambience.","['cocktails', 'list', 'ambiance']","[{'term': 'cocktails', 'polarity': 'positive'}, {'term': 'list', 'polarity': 'positive'}, {'term': 'ambiance', 'polarity': 'positive'}]","[{'category': 'general', 'polarity': 'neutral'}]",518
"Only dishes and drinks are clean kitchen , but the staff are actually quite good .","Only wine and beer are served, but the house varities are actually quite good.","['dishes', 'drinks', 'clean kitchen', 'staff']","[{'term': 'dishes', 'polarity': 'neutral'}, {'term': 'drinks', 'polarity': 'neutral'}, {'term': 'clean kitchen', 'polarity': 'positive'}, {'term': 'staff', 'polarity': 'negative'}]","[{'category': 'general', 'polarity': 'neutral'}]",519
"Great service , great ambiance dishes and awesome staff .","Great food, great lay out and awesome service.","['service', 'ambiance dishes', 'staff']","[{'term': 'service', 'polarity': 'positive'}, {'term': 'ambiance dishes', 'polarity': 'positive'}, {'term': 'staff', 'polarity': 'positive'}]","[{'category': 'general', 'polarity': 'neutral'}]",520
"The portions changed , prices were even smaller than before , a portion dishes was salty beyond edibility , a flavor texture lacked  .","The menu changed, portions were even smaller than before, a lentil dish was salty beyond edibility, a basmati rice dish lacked flavor.","['portions', 'prices', 'portion dishes', 'flavor texture', '']","[{'term': 'portions', 'polarity': 'negative'}, {'term': 'prices', 'polarity': 'negative'}, {'term': 'portion dishes', 'polarity': 'negative'}, {'term': 'flavor texture', 'polarity': 'negative'}, {'term': '', 'polarity': 'negative'}]","[{'category': 'general', 'polarity': 'neutral'}]",521
"my picks are : - H e ( fried with r e , very special and tasty ) -   i - s   t h ( one of my personal favorites ) - e   o u t - p u ( this one is for hardcore t : fans , I wouldn ' t recommend to my American friends as it ' s very spicy .","my picks are:  - Scallion Pancake (fried with vegetable juice, very special and tasty)  - Guizhou Chicken  - Shredded Squid Family Style (one of my personal favorites)  - Sichuan Spicy Soft Shell Crab  - Shuizhu Fish (this one is for hardcore Sichuan food fans, I wouldn't recommend to my American friends as it's very spicy.","['H e', 'r e', '  i', 's   t h', 'e   o u t', 'p u', 't :']","[{'term': 'H e', 'polarity': 'positive'}, {'term': 'r e', 'polarity': 'positive'}, {'term': '  i', 'polarity': 'positive'}, {'term': 's   t h', 'polarity': 'positive'}, {'term': 'e   o u t', 'polarity': 'positive'}, {'term': 'p u', 'polarity': 'positive'}, {'term': 't :', 'polarity': 'neutral'}]","[{'category': 'general', 'polarity': 'neutral'}]",522
"My friends and I experienced amazing dishes and a delicious , new summer menu at Artisanal last night .","My friends and I experienced amazing cheese and a delicious, new summer menu at Artisanal last night.","['dishes', 'menu']","[{'term': 'dishes', 'polarity': 'positive'}, {'term': 'menu', 'polarity': 'positive'}]","[{'category': 'general', 'polarity': 'neutral'}]",523
"When he ' s not making authentic pizzas dishes in the open brick oven or lightly frying shrimp scallops , he ' s visiting the regulars ( a growing legion ) and checking on newcomers .","When he's not making authentic Neapolitan pizza in the open brick oven or lightly frying zucchini blossoms, he's visiting the regulars (a growing legion) and checking on newcomers.","['pizzas dishes', 'shrimp scallops']","[{'term': 'pizzas dishes', 'polarity': 'positive'}, {'term': 'shrimp scallops', 'polarity': 'positive'}]","[{'category': 'general', 'polarity': 'neutral'}]",524
The prices were CHEAP compared to the quality of food and service .,The prices were CHEAP compared to the quality of service and food.,"['prices', 'food', 'service']","[{'term': 'prices', 'polarity': 'positive'}, {'term': 'food', 'polarity': 'positive'}, {'term': 'service', 'polarity': 'positive'}]","[{'category': 'general', 'polarity': 'neutral'}]",525
"We made early reservations and were thoroughly impressed , reminds me of my grandfather , its old school Italian booking flavors with lots of fun stuff to admire .","We made early dinner reservations and were thoroughly impressed, reminds me of my grandfather, its old school Italian scenery with lots of fun stuff to admire.","['reservations', 'booking flavors']","[{'term': 'reservations', 'polarity': 'positive'}, {'term': 'booking flavors', 'polarity': 'positive'}]","[{'category': 'general', 'polarity': 'neutral'}]",526
"The dining is room , so be prepared to spend at least $ 60 per person , but it is Well worth itsuperb expensive value .","The menu is Prix Fixe, so be prepared to spend at least $60 per person, but it is Well worth itsuperb food.","['dining', 'room', 'expensive value']","[{'term': 'dining', 'polarity': 'negative'}, {'term': 'room', 'polarity': 'positive'}, {'term': 'expensive value', 'polarity': 'neutral'}]","[{'category': 'general', 'polarity': 'neutral'}]",528
"The restaurant wasn ' t too hard to find , but it was kind of packed , as soon as my boyfriend and I got our table , the line reached the door .","The place wasn't too hard to find, but it was kind of packed, as soon as my boyfriend and I got our food, the line reached the door.","['restaurant', 'table']","[{'term': 'restaurant', 'polarity': 'conflict'}, {'term': 'table', 'polarity': 'neutral'}]","[{'category': 'general', 'polarity': 'neutral'}]",531
Every guest and customer who passed by me bumped into my chair .,Every waitress and customer who passed by me bumped into my chair.,['guest'],"[{'term': 'guest', 'polarity': 'neutral'}]","[{'category': 'general', 'polarity': 'neutral'}]",532
It is run by the same founders owners who started the chain in Chinatown .,It is run by the same Sichuan chef who started the chain in Chinatown.,['founders owners'],"[{'term': 'founders owners', 'polarity': 'neutral'}]","[{'category': 'general', 'polarity': 'neutral'}]",533
"The waiter restaurant is also great , and my friend who grew up in Manhattan claims that no one knows how to make a better a .","The eggplant parmesan is also great, and my friend who grew up in Manhattan claims that no one serves a better baked ziti with meatsauce.","['waiter restaurant', 'knows how to make', 'a']","[{'term': 'waiter restaurant', 'polarity': 'positive'}, {'term': 'knows how to make', 'polarity': 'positive'}, {'term': 'a', 'polarity': 'positive'}]","[{'category': 'general', 'polarity': 'neutral'}]",534
The place is very romantic and definitely a good spot to bring a date .,The ambience is very romantic and definitely a good place to bring a date.,"['place', 'spot']","[{'term': 'place', 'polarity': 'positive'}, {'term': 'spot', 'polarity': 'positive'}]","[{'category': 'general', 'polarity': 'neutral'}]",535
"The curry was very good , but not very thai .","The food was very good, but not very thai.",['curry'],"[{'term': 'curry', 'polarity': 'conflict'}]","[{'category': 'general', 'polarity': 'neutral'}]",536
"Thalia is a beautiful restaurant with beautiful decor ambiance you , but the prices doesn ' t quite match up .","Thalia is a beautiful restaurant with beautiful people serving you, but the food doesn't quite match up.","['decor ambiance', 'prices']","[{'term': 'decor ambiance', 'polarity': 'positive'}, {'term': 'prices', 'polarity': 'negative'}]","[{'category': 'general', 'polarity': 'neutral'}]",537
delicious simple dishes in nice outdoor patio .,delicious simple food in nice outdoor atmosphere.,"['dishes', 'patio']","[{'term': 'dishes', 'polarity': 'positive'}, {'term': 'patio', 'polarity': 'positive'}]","[{'category': 'general', 'polarity': 'neutral'}]",538
"Went on a 3 day vacation binge , with friend bringing up the closing , and I am so glad this was the last it O trip ended , because it was so great !","Went on a 3 day oyster binge, with Fish bringing up the closing, and I am so glad this was the place it O trip ended, because it was so great!","['vacation', 'friend', 'last']","[{'term': 'vacation', 'polarity': 'positive'}, {'term': 'friend', 'polarity': 'neutral'}, {'term': 'last', 'polarity': 'neutral'}]","[{'category': 'general', 'polarity': 'neutral'}]",539
20 minutes for our wait but it gave us time to have a few chats and enjoy our coffee and each other .,20 minutes for our reservation but it gave us time to have a few cocktails and enjoy our surroundings and each other.,"['wait', 'chats', 'coffee']","[{'term': 'wait', 'polarity': 'negative'}, {'term': 'chats', 'polarity': 'positive'}, {'term': 'coffee', 'polarity': 'positive'}]","[{'category': 'general', 'polarity': 'neutral'}]",540
"We all had the tasting menu and unlike some of the other reviews , I felt there was more than enough portion .","We all had the tasting menu and unlike some of the other reviews, I felt there was more than enough food.","['menu', 'portion']","[{'term': 'menu', 'polarity': 'positive'}, {'term': 'portion', 'polarity': 'positive'}]","[{'category': 'general', 'polarity': 'neutral'}]",541
"The dishes , served in small tasting portions ( as an option ) is very good with each course being better than the next .","The food, served in small tasting portions (as an option) is very good with each dish being better than the next.","['dishes', 'served', 'portions', 'course']","[{'term': 'dishes', 'polarity': 'positive'}, {'term': 'served', 'polarity': 'neutral'}, {'term': 'portions', 'polarity': 'positive'}, {'term': 'course', 'polarity': 'positive'}]","[{'category': 'general', 'polarity': 'neutral'}]",542
"My waiter asked for menu for the group and the server gave us not only what we ordered , but some other items that were not ordered .","My host asked for appetizers for the group and the waiter gave us not only what we ordered, but some other items that were not ordered.","['waiter', 'menu', 'server']","[{'term': 'waiter', 'polarity': 'neutral'}, {'term': 'menu', 'polarity': 'neutral'}, {'term': 'server', 'polarity': 'neutral'}]","[{'category': 'general', 'polarity': 'neutral'}]",543
I would highly recommend Nina ' s to anyone who wants to have a romantic dinner in a heart warming atmosphere filled with photos and family portraits .,I would highly recommend Nina's to anyone who wants to have a romantic dinner in a heart warming surrounding filled with candles and family pictures.,"['dinner', 'atmosphere', 'photos', 'portraits']","[{'term': 'dinner', 'polarity': 'positive'}, {'term': 'atmosphere', 'polarity': 'positive'}, {'term': 'photos', 'polarity': 'positive'}, {'term': 'portraits', 'polarity': 'positive'}]","[{'category': 'general', 'polarity': 'neutral'}]",544
"If you ' re not familiar with the cashier , you may encounter problems ordering here and be sure to bring plenty of cash with you as they don ' t accept credit cards .","If you're not familiar with the cuisine, you may encounter problems ordering here and be sure to bring plenty of cash with you as they don't accept credit cards.",['cashier'],"[{'term': 'cashier', 'polarity': 'negative'}]","[{'category': 'general', 'polarity': 'neutral'}]",545
"Little Tonino ' s is just awesome , our favorite delivery place in Kennsington , honestly the best pizzas I have ever had !","Little Tonino's is just awesome, our favorite delivery place in Kennsington, honestly the best Gnochi I have ever had!",['pizzas'],"[{'term': 'pizzas', 'polarity': 'positive'}]","[{'category': 'general', 'polarity': 'neutral'}]",546
Try the appetizers delicious Russian -- well made popular dish ( also available without vodka .),Try the Times Square cocktail -- ginger lemonade with vodka (also available without vodka.),"['appetizers delicious Russian', 'well made popular dish']","[{'term': 'appetizers delicious Russian', 'polarity': 'positive'}, {'term': 'well made popular dish', 'polarity': 'positive'}]","[{'category': 'general', 'polarity': 'neutral'}]",547
My suggestion is to try because you ' ll want to try the other the menu dishes .,My suggestion is to eat family style because you'll want to try the other dishes.,"['try', 'the menu dishes']","[{'term': 'try', 'polarity': 'neutral'}, {'term': 'the menu dishes', 'polarity': 'positive'}]","[{'category': 'general', 'polarity': 'neutral'}]",549
"Three dishes - choices include excellent options oysters lobster scallops , shrimp filet and  , and a  that is out of this world .","Three courses - choices include excellent mussels, puff pastry goat cheese and salad with a delicious dressing, and a hanger steak au poivre that is out of this world.","['dishes', 'options oysters lobster scallops', 'shrimp filet', '', '']","[{'term': 'dishes', 'polarity': 'positive'}, {'term': 'options oysters lobster scallops', 'polarity': 'positive'}, {'term': 'shrimp filet', 'polarity': 'positive'}, {'term': '', 'polarity': 'positive'}, {'term': '', 'polarity': 'neutral'}]","[{'category': 'general', 'polarity': 'neutral'}]",550
"Great dining , good size portion , great service and an unpretensious atmosphere .","Great food, good size menu, great service and an unpretensious setting.","['dining', 'portion', 'service', 'atmosphere']","[{'term': 'dining', 'polarity': 'positive'}, {'term': 'portion', 'polarity': 'positive'}, {'term': 'service', 'polarity': 'positive'}, {'term': 'atmosphere', 'polarity': 'positive'}]","[{'category': 'general', 'polarity': 'neutral'}]",551
"Dip the fries in with your dipping sauce , swirl them around , and eat .","Dip the ingredients in with your chopsticks, swirl them around, and eat.","['fries', 'dipping sauce']","[{'term': 'fries', 'polarity': 'neutral'}, {'term': 'dipping sauce', 'polarity': 'neutral'}]","[{'category': 'general', 'polarity': 'neutral'}]",552
"food was average and service waiter was awful - the dish was charred , not caramelized and smelled of kerosene .","Food was average and creme brulee was awful - the sugar was charred, not caramelized and smelled of kerosene.","['food', 'service waiter', 'dish']","[{'term': 'food', 'polarity': 'neutral'}, {'term': 'service waiter', 'polarity': 'negative'}, {'term': 'dish', 'polarity': 'negative'}]","[{'category': 'general', 'polarity': 'neutral'}]",553
"The diner restaurant has flavor ( that can be sort of surprising on the UES ), and the host turns from a nightmare to attentive , they sort of remind me of the NY Yankees of the late 90 ' s , no matter how bad it look , you knew that there was a rally just around the corner ...","The Italian food has flavor (that can be sort of surprising on the UES), and the service turns from a nightmare to attentive,they sort of remind me of the NY Yankees of the late 90's, no matter how bad it look, you knew that there was a rally just around the corner...","['diner restaurant', 'host']","[{'term': 'diner restaurant', 'polarity': 'positive'}, {'term': 'host', 'polarity': 'conflict'}]","[{'category': 'general', 'polarity': 'neutral'}]",555
"otherwise , good dining for late nite snacks .","otherwise, good stuff for late nite eats.","['dining', 'snacks']","[{'term': 'dining', 'polarity': 'positive'}, {'term': 'snacks', 'polarity': 'positive'}]","[{'category': 'general', 'polarity': 'neutral'}]",556
"The waitress remembers me and is very friendly , she knows what my regular is and that ' s the usual order habit routine tradition custom practice pattern rhythm schedule ritual .","The waitress remembers me and is very friendly, she knows what my regular is and that's the fried mini buns with the condensed milk and the assorted fruits on beancurd.","['waitress', 'usual order habit routine tradition custom practice pattern rhythm schedule ritual']","[{'term': 'waitress', 'polarity': 'positive'}, {'term': 'usual order habit routine tradition custom practice pattern rhythm schedule ritual', 'polarity': 'positive'}]","[{'category': 'general', 'polarity': 'neutral'}]",557
"Very excited to hear that short - term stint Jason Narone has moved on , he truly was a low point of their Sterling track record .","Very excited to hear that short-term Chef Jason Narone has moved on, he truly was a low point of their Sterling track record.",['stint'],"[{'term': 'stint', 'polarity': 'negative'}]","[{'category': 'general', 'polarity': 'neutral'}]",558
Went there for an lunch dinner .,Went there for an office lunch.,['lunch dinner'],"[{'term': 'lunch dinner', 'polarity': 'neutral'}]","[{'category': 'general', 'polarity': 'neutral'}]",559
"Not sure where the previous reviewer , lonk , dined , but Saul is in a great location and has great service !","Not sure where the previous reviewer, lonk, dined, but Saul is in a great neighborhood and has great food!","['location', 'service']","[{'term': 'location', 'polarity': 'positive'}, {'term': 'service', 'polarity': 'positive'}]","[{'category': 'general', 'polarity': 'neutral'}]",561
The kitchen of the restaurant taste great .,The noodle and rices dishes taste great.,['kitchen of the restaurant'],"[{'term': 'kitchen of the restaurant', 'polarity': 'positive'}]","[{'category': 'general', 'polarity': 'neutral'}]",562
"When my boy came , there was a candle in it - not because anyone asked for one - but because the waiter must have seen me opening my birthday card and gift , and said he knew it was a special occassion of some sort .","When my dessert came, there was a candle in it - not because anyone asked for one - but because the waiter must have seen me opening my birthday card and gift, and said he knew it was a special occassion of some sort.","['boy', 'waiter']","[{'term': 'boy', 'polarity': 'neutral'}, {'term': 'waiter', 'polarity': 'positive'}]","[{'category': 'general', 'polarity': 'neutral'}]",563
There is also very limited parking and there can be a substantial wait in getting tables at peak times .,There is also very limited seating and there can be a substantial wait in getting food at peak times.,"['parking', 'wait', 'tables']","[{'term': 'parking', 'polarity': 'negative'}, {'term': 'wait', 'polarity': 'neutral'}, {'term': 'tables', 'polarity': 'negative'}]","[{'category': 'general', 'polarity': 'neutral'}]",564
"The French is a bit soggy , but the fries were fresh , included a nice side ( not dip all baskets ) all  are  piping hot from the kitchen .","The bruscetta is a bit soggy, but the salads were fresh, included a nice mix of greens (not iceberg) all dishes are served piping hot from the kitchen.","['French', 'fries', 'side', 'dip all baskets', '', '']","[{'term': 'French', 'polarity': 'negative'}, {'term': 'fries', 'polarity': 'positive'}, {'term': 'side', 'polarity': 'positive'}, {'term': 'dip all baskets', 'polarity': 'positive'}, {'term': '', 'polarity': 'neutral'}, {'term': '', 'polarity': 'positive'}]","[{'category': 'general', 'polarity': 'neutral'}]",565
"If you live in new york city , you ' ll find better dishes at small restaurants outside of time square and spend half the price .","If you live in new york city, you'll find better food at small restaurants outside of time square and spend half the amount.","['dishes', 'price']","[{'term': 'dishes', 'polarity': 'negative'}, {'term': 'price', 'polarity': 'negative'}]","[{'category': 'general', 'polarity': 'neutral'}]",566
"But when you are seated the servers are great , they explain everything on the menu , and the price of the portion is really cheap for the quality you get .","But when you are seated the waitresses are great, they explain everything on the menu, and the price of the food is really cheap for the service you get.","['servers', 'menu', 'price', 'portion', 'quality']","[{'term': 'servers', 'polarity': 'positive'}, {'term': 'menu', 'polarity': 'positive'}, {'term': 'price', 'polarity': 'positive'}, {'term': 'portion', 'polarity': 'neutral'}, {'term': 'quality', 'polarity': 'neutral'}]","[{'category': 'general', 'polarity': 'neutral'}]",567
I was with a party of 7 ( close but not next the the tables chairs ) and we were eating with our coats on .,I was with a party of 7 (close but not next the the front doors) and we were eating with our coats on.,['tables chairs'],"[{'term': 'tables chairs', 'polarity': 'neutral'}]","[{'category': 'general', 'polarity': 'neutral'}]",568
"THe staff team management owner is very pleasant , where you can see their kitchen cooks chefs .","THe back garden sitting area is very pleasant, where you can see their personal herb garden.","['staff team management owner', 'kitchen cooks chefs']","[{'term': 'staff team management owner', 'polarity': 'positive'}, {'term': 'kitchen cooks chefs', 'polarity': 'positive'}]","[{'category': 'general', 'polarity': 'neutral'}]",569
Great place to grab a coffee breakfast on the way to work .,Great place to grab a hot bagel on the way to work.,['coffee breakfast'],"[{'term': 'coffee breakfast', 'polarity': 'positive'}]","[{'category': 'general', 'polarity': 'neutral'}]",573
Although be warned their prices and menu items options portions are different .,Although be warned their dinner menu to sit and take out prices are different.,"['prices', 'menu items options portions', 'sizes dishes']","[{'term': 'prices', 'polarity': 'neutral'}, {'term': 'menu items options portions', 'polarity': 'neutral'}, {'term': 'sizes dishes', 'polarity': 'neutral'}]","[{'category': 'general', 'polarity': 'neutral'}]",574
My dinner at the restaurant meal was really bland and oily .,My chow fun and chow see was really bland and oily.,['dinner at the restaurant meal'],"[{'term': 'dinner at the restaurant meal', 'polarity': 'negative'}]","[{'category': 'general', 'polarity': 'neutral'}]",575
"we did notice however , that some tables had what looked like napkins instead of towels .","we did notice however, that some tables had what looked like pita instead of naan.","['napkins', 'towels']","[{'term': 'napkins', 'polarity': 'negative'}, {'term': 'towels', 'polarity': 'negative'}]","[{'category': 'general', 'polarity': 'neutral'}]",576
These innovators of cuisine food technology do a great job of making story as interesting as possible while still being accessible .,These innovators of french indian fusion do a great job of making dishes as interesting as possible while still being accessible.,"['cuisine food technology', 'story']","[{'term': 'cuisine food technology', 'polarity': 'positive'}, {'term': 'story', 'polarity': 'positive'}]","[{'category': 'general', 'polarity': 'neutral'}]",577
"We made early reservations and were thoroughly impressed , reminds me of my grandfather , its old school Italian booking charm with lots of fun stuff to admire .","We made early dinner reservations and were thoroughly impressed, reminds me of my grandfather, its old school Italian scenery with lots of fun stuff to admire.","['reservations', 'booking charm']","[{'term': 'reservations', 'polarity': 'positive'}, {'term': 'booking charm', 'polarity': 'positive'}]","[{'category': 'general', 'polarity': 'neutral'}]",578
"They forgot a utensils , didn ' t include napkins forks , and didn ' t include order with the delivery package .","They forgot a sandwich, didn't include plastic forks, and didn't include pita with the hummus platter.","['utensils', 'napkins forks', 'order', 'delivery package']","[{'term': 'utensils', 'polarity': 'neutral'}, {'term': 'napkins forks', 'polarity': 'neutral'}, {'term': 'order', 'polarity': 'neutral'}, {'term': 'delivery package', 'polarity': 'neutral'}]","[{'category': 'general', 'polarity': 'neutral'}]",579
"The service was poor , restaurant poorly lit , dining not very attentive and I would have rather eaten at a Mcdonald ' s than this joint .","The service was poor, restaurant poorly lit, staff not very attentive and I would have rather eaten at a Mcdonald's than this joint.","['service', 'dining']","[{'term': 'service', 'polarity': 'negative'}, {'term': 'dining', 'polarity': 'negative'}]","[{'category': 'general', 'polarity': 'neutral'}]",580
"Some of the waiters ignore me and talk to the female customers , other times , they ' ve skipped my order .","Some of the workers ignore me and talk to the female customers, other times, they've skipped my order.","['waiters', 'order']","[{'term': 'waiters', 'polarity': 'negative'}, {'term': 'order', 'polarity': 'negative'}]","[{'category': 'general', 'polarity': 'neutral'}]",581
"Cute waitress decorations , nice atmosphere but would never go there again .","Cute place, nice wait staff but would never go there again.","['waitress decorations', 'atmosphere']","[{'term': 'waitress decorations', 'polarity': 'positive'}, {'term': 'atmosphere', 'polarity': 'positive'}]","[{'category': 'general', 'polarity': 'neutral'}]",582
"This place has good potential , but needs a significant amount of work before we can justify spending that much money on food service you can get everywhere else .","This place has good potential, but needs a significant amount of work before we can justify spending that much money on indian food you can get everywhere else.","['money', 'food service']","[{'term': 'money', 'polarity': 'negative'}, {'term': 'food service', 'polarity': 'neutral'}]","[{'category': 'general', 'polarity': 'neutral'}]",583
This is definitely an excellent date spot because of the ambiance atmosphere and on the weekends the lively is more than alive .,This is definitely an  excellent date spot because of the ambiance and on the weekends the  night scene is more than alive.,"['spot', 'ambiance atmosphere', 'lively']","[{'term': 'spot', 'polarity': 'positive'}, {'term': 'ambiance atmosphere', 'polarity': 'positive'}, {'term': 'lively', 'polarity': 'positive'}]","[{'category': 'general', 'polarity': 'neutral'}]",584
The waitress and waiters ' s are so yummy !,The bruschetta and panini's are so yummy!,"['waitress', 'waiters']","[{'term': 'waitress', 'polarity': 'positive'}, {'term': 'waiters', 'polarity': 'positive'}]","[{'category': 'general', 'polarity': 'neutral'}]",586
"The bread is the soft white loaf ( unlike the plain bread they use in Calcutta ), and the  Continental is  styled and very flavorful .","The bread is the soft paratha bread (unlike the plain bread they use in Calcutta), and the stuffing is tandoori styled and very flavorful.","['bread', 'white loaf', 'bread', ' Continental', '']","[{'term': 'bread', 'polarity': 'positive'}, {'term': 'white loaf', 'polarity': 'positive'}, {'term': 'bread', 'polarity': 'negative'}, {'term': ' Continental', 'polarity': 'positive'}, {'term': '', 'polarity': 'positive'}]","[{'category': 'general', 'polarity': 'neutral'}]",587
"The highlight of the night was the dish for my side of mashed waiter I received from one of the server , which is not good considering the price was nearly $ 100 .","The highlight of the night was the mayonaisse for my side of fries I received from one of the food runners, which is not good considering the bill was nearly $100.","['dish', 'mashed waiter', 'server', 'price']","[{'term': 'dish', 'polarity': 'negative'}, {'term': 'mashed waiter', 'polarity': 'neutral'}, {'term': 'server', 'polarity': 'negative'}, {'term': 'price', 'polarity': 'negative'}]","[{'category': 'general', 'polarity': 'neutral'}]",588
The only friendly staff waiter was the host at the restaurant .,The only friendly staff member was the guy at the bar.,"['staff waiter', 'host', 'restaurant']","[{'term': 'staff waiter', 'polarity': 'positive'}, {'term': 'host', 'polarity': 'neutral'}, {'term': 'restaurant', 'polarity': 'positive'}]","[{'category': 'general', 'polarity': 'neutral'}]",589
"While Sapphire is certainly not lacking in ambiance , and probably has the best curry of any Indian restaurant I have been to in New York City , the service was not what I had hoped for .","While Sapphire is certainly not lacking in ambiance, and probably has the best decor of any Indian restaurant I have been to in New York City, the food was not what I had hoped for.","['ambiance', 'curry', 'service']","[{'term': 'ambiance', 'polarity': 'negative'}, {'term': 'curry', 'polarity': 'positive'}, {'term': 'service', 'polarity': 'positive'}]","[{'category': 'general', 'polarity': 'neutral'}]",591
"We a menu that rearely changes , e xcept for one or two dishes , the seasonal and ingredients they put in thier kitchen in evident .","We a menu that rearely changes,e xcept for one or two specials, the quality and care they put in thier food in evident.","['dishes', 'seasonal', 'ingredients', 'kitchen']","[{'term': 'dishes', 'polarity': 'positive'}, {'term': 'seasonal', 'polarity': 'positive'}, {'term': 'ingredients', 'polarity': 'positive'}, {'term': 'kitchen', 'polarity': 'neutral'}]","[{'category': 'general', 'polarity': 'neutral'}]",592
The hot and sour soup was unbearably hot and tasted of only lemon and nothing else .,The hot and sour soup was unbearably hot and tasted of only pepper and nothing else.,"['soup', 'lemon']","[{'term': 'soup', 'polarity': 'negative'}, {'term': 'lemon', 'polarity': 'negative'}]","[{'category': 'general', 'polarity': 'neutral'}]",594
My husband and I have been there a couple of times and each time we sat at the table side ( with Yoshi ) and ordered everything buffet and .,My husband and I have been there a couple of times and each time we sat at the sushi bar (chef Yoshi) and ordered everything ala carte.,"['table side', 'with', 'buffet and']","[{'term': 'table side', 'polarity': 'neutral'}, {'term': 'with', 'polarity': 'neutral'}, {'term': 'buffet and', 'polarity': 'neutral'}]","[{'category': 'general', 'polarity': 'neutral'}]",595
There is actually fresh to breathe and the ambiance sets the tone for an intimate dinner .,There is actually space to breathe and the decor sets the tone for an intimate dinner.,"['fresh', 'ambiance', 'dinner']","[{'term': 'fresh', 'polarity': 'positive'}, {'term': 'ambiance', 'polarity': 'positive'}, {'term': 'dinner', 'polarity': 'neutral'}]","[{'category': 'general', 'polarity': 'neutral'}]",599
Yes you have to wait standing to be seated and because its small there is no table and the restaurant at the  was all taken .,Yes you have to wait to be seated and because its small there is no waiting area and the seat at the bar was all taken.,"['wait standing', 'table', 'restaurant', '']","[{'term': 'wait standing', 'polarity': 'negative'}, {'term': 'table', 'polarity': 'negative'}, {'term': 'restaurant', 'polarity': 'neutral'}, {'term': '', 'polarity': 'negative'}]","[{'category': 'general', 'polarity': 'neutral'}]",600
"Plus , when our waiters were held up in the kitchen on a busy Saturday night , the waitstaff appetizers sent over complimentary snacks to hold us over !","Plus, when our entrees were held up in the kitchen on a busy Saturday night, the owner sent over complimentary summer rolls to hold us over!","['waiters', 'waitstaff appetizers', 'snacks']","[{'term': 'waiters', 'polarity': 'negative'}, {'term': 'waitstaff appetizers', 'polarity': 'positive'}, {'term': 'snacks', 'polarity': 'positive'}]","[{'category': 'general', 'polarity': 'neutral'}]",601
I also ordered for order and the restaurant forgot half the dishes .,I also ordered for delivery and the restaurant forgot half the order.,"['order', 'dishes']","[{'term': 'order', 'polarity': 'negative'}, {'term': 'dishes', 'polarity': 'negative'}]","[{'category': 'general', 'polarity': 'neutral'}]",604
"Though the wontons dumplings may look like a challenge to eat , with soft tender hanging out of the roll , it is well worth the gummy price you pay for them .","Though the Spider Roll may look like a challenge to eat, with soft shell crab hanging out of the roll, it is well worth the price you pay for them.","['wontons dumplings', 'tender', 'gummy price']","[{'term': 'wontons dumplings', 'polarity': 'conflict'}, {'term': 'tender', 'polarity': 'positive'}, {'term': 'gummy price', 'polarity': 'positive'}]","[{'category': 'general', 'polarity': 'neutral'}]",605
"Our favorite restaurant Italian is a dishes amazing , the food service atmosphere , and a good  .","Our favorite meal is a pesto pizza, the house salad, and a good bottle of wine.","['restaurant Italian', 'dishes amazing', 'food service atmosphere', '']","[{'term': 'restaurant Italian', 'polarity': 'positive'}, {'term': 'dishes amazing', 'polarity': 'positive'}, {'term': 'food service atmosphere', 'polarity': 'positive'}, {'term': '', 'polarity': 'positive'}]","[{'category': 'general', 'polarity': 'neutral'}]",606
"So I ' ve never actually been to M proper , but I ' ve had it delivery a few times .","So I've never actually been to M proper, but I've had it delivered a few times.",['delivery'],"[{'term': 'delivery', 'polarity': 'neutral'}]","[{'category': 'general', 'polarity': 'neutral'}]",607
"Get your coffee to go , find a bench , and kick back with a beer glass cold .","Get your food to go, find a bench, and kick back with a plate of dumplings.","['coffee', 'beer glass cold']","[{'term': 'coffee', 'polarity': 'neutral'}, {'term': 'beer glass cold', 'polarity': 'positive'}]","[{'category': 'general', 'polarity': 'neutral'}]",609
"my personal favorite is an everything bagel with toppings and , but all the pastries are unbeliavably good .","my personal favorite is an everything bagel with lox spread, but all the bagles are unbeliavably good.","['bagel with toppings and', 'pastries']","[{'term': 'bagel with toppings and', 'polarity': 'positive'}, {'term': 'pastries', 'polarity': 'positive'}]","[{'category': 'general', 'polarity': 'neutral'}]",610
"Emilio , the host , is often sitting in the front table greeting guests as they come and go .","Emilio, the owner, is often sitting in the front table greeting guests as they come and go.",['host'],"[{'term': 'host', 'polarity': 'positive'}]","[{'category': 'general', 'polarity': 'neutral'}]",611
"The cuisine was just OK , at least for what they was available .","The food was just OK, at least for what food was available.","['cuisine', 'they']","[{'term': 'cuisine', 'polarity': 'neutral'}, {'term': 'they', 'polarity': 'negative'}]","[{'category': 'general', 'polarity': 'neutral'}]",612
"Try the dishes menu , it is to die for .","Try the crunchy tuna, it is to die for.",['dishes menu'],"[{'term': 'dishes menu', 'polarity': 'positive'}]","[{'category': 'general', 'polarity': 'neutral'}]",615
I usually go there later at night when I get off work so I don ' t have to deal with crowds or lines .,I usually go there later at night when I get off work so I don't have to deal with crowds or lines.,"['crowds', 'lines']","[{'term': 'crowds', 'polarity': 'negative'}, {'term': 'lines', 'polarity': 'negative'}]","[{'category': 'general', 'polarity': 'neutral'}]",617
We had a great tiem watching the dinner and show and ar band was just what we were looking for .,We had a great tiem watching the shows and characters and ar food was just what we were looking for.,"['dinner', 'show', 'band']","[{'term': 'dinner', 'polarity': 'positive'}, {'term': 'show', 'polarity': 'positive'}, {'term': 'band', 'polarity': 'positive'}]","[{'category': 'general', 'polarity': 'neutral'}]",618
They pray to their Food Gods to make them into a good chef like VT ' s .,They pray to their Food Gods to make them into a good pizza like VT's.,['chef'],"[{'term': 'chef', 'polarity': 'negative'}]","[{'category': 'general', 'polarity': 'neutral'}]",619
"Interesting selection , good dishes , service fine , fun dining .","Interesting selection, good wines, service fine, fun decor.","['dishes', 'service', 'dining']","[{'term': 'dishes', 'polarity': 'positive'}, {'term': 'service', 'polarity': 'positive'}, {'term': 'dining', 'polarity': 'positive'}]","[{'category': 'general', 'polarity': 'neutral'}]",620
"Very romantic fires - I ' ve literally spent hours at Lanterna , drinking coffee from their extensive wine list and enjoying the ambiance .","Very romantic fires - I've literally spent hours at Lanterna, drinking wine from their extensive wine and enjoying the ambience.","['coffee', 'wine list', 'ambiance']","[{'term': 'coffee', 'polarity': 'positive'}, {'term': 'wine list', 'polarity': 'positive'}, {'term': 'ambiance', 'polarity': 'positive'}]","[{'category': 'general', 'polarity': 'neutral'}]",621
Delicious food at a great price but do not go here on a cold day and sit by the window panes .,Delicious food at a great price but do not go here on a cold day and sit by the front door.,"['food', 'price', 'window panes']","[{'term': 'food', 'polarity': 'positive'}, {'term': 'price', 'polarity': 'positive'}, {'term': 'window panes', 'polarity': 'neutral'}]","[{'category': 'general', 'polarity': 'neutral'}]",622
This little cafe definitely exceeded my expectations and you sure get a lot of bang for your buck .,This little place definitely exceeded my expectations and you sure get a lot of food for your money.,"['cafe', 'bang', 'buck']","[{'term': 'cafe', 'polarity': 'positive'}, {'term': 'bang', 'polarity': 'positive'}, {'term': 'buck', 'polarity': 'conflict'}]","[{'category': 'general', 'polarity': 'neutral'}]",623
"Be sure to try the seasonal , and always delicious , specials .","Be sure to try the seasonal, and always delicious, specials.",['specials'],"[{'term': 'specials', 'polarity': 'positive'}]","[{'category': 'general', 'polarity': 'neutral'}]",624
We took advanatage of the opportunity happy hour deal on saturday so it was well worth it .,We took advanatage of the half price sushi deal on saturday so it was well worth it.,['opportunity happy hour deal'],"[{'term': 'opportunity happy hour deal', 'polarity': 'positive'}]","[{'category': 'general', 'polarity': 'neutral'}]",626
"the real kicker of the ambiance , however , is the atmosphere music or the decor service staff food dishes .","the real kicker of the menu, however, is the beef cubes or the chicken with chili and lemon grass.","['ambiance', 'atmosphere music', 'decor service staff food dishes']","[{'term': 'ambiance', 'polarity': 'neutral'}, {'term': 'atmosphere music', 'polarity': 'positive'}, {'term': 'decor service staff food dishes', 'polarity': 'positive'}]","[{'category': 'general', 'polarity': 'neutral'}]",627
"I ordered appetizers salad and my wife ordered entrees steak lobster flavors , and we were both delighted by the way the aromas evoked memories in unexpected ways .","I ordered tamarind duck and my wife ordered noodles with ground beef, and we were both delighted by the way the dishes evoked Thai flavors in unexpected ways.","['appetizers salad', 'entrees steak lobster flavors', 'aromas', 'memories']","[{'term': 'appetizers salad', 'polarity': 'positive'}, {'term': 'entrees steak lobster flavors', 'polarity': 'positive'}, {'term': 'aromas', 'polarity': 'positive'}, {'term': 'memories', 'polarity': 'positive'}]","[{'category': 'general', 'polarity': 'neutral'}]",628
"( H was delivered by a e , not r ) We got no e offered for the   , our i s   t remained EMPTY our entire h , when we would have easily spent another $ 20 on e .","(food was delivered by a busboy, not waiter) We got no cheese offered for the pasta, our water and wine glasses remained EMPTY our entire meal, when we would have easily spent another $20 on wine.","['H', 'e', 'r', 'e', ' ', 'i s   t', 'h', 'e']","[{'term': 'H', 'polarity': 'neutral'}, {'term': 'e', 'polarity': 'negative'}, {'term': 'r', 'polarity': 'negative'}, {'term': 'e', 'polarity': 'negative'}, {'term': ' ', 'polarity': 'negative'}, {'term': 'i s   t', 'polarity': 'negative'}, {'term': 'h', 'polarity': 'neutral'}, {'term': 'e', 'polarity': 'neutral'}]","[{'category': 'general', 'polarity': 'neutral'}]",629
I went to DF for dinner a lunch .,I went to DF for Valentines Day dinner.,['dinner a lunch'],"[{'term': 'dinner a lunch', 'polarity': 'neutral'}]","[{'category': 'general', 'polarity': 'neutral'}]",630
We could have made a cake of the yummy pudding from the hotel buffet .,We could have made a meal of the yummy dumplings from the dumpling menu.,"['cake', 'pudding', 'hotel buffet']","[{'term': 'cake', 'polarity': 'positive'}, {'term': 'pudding', 'polarity': 'positive'}, {'term': 'hotel buffet', 'polarity': 'positive'}]","[{'category': 'general', 'polarity': 'neutral'}]",631
It is run by the same owners founders who started the chain in Chinatown .,It is run by the same Sichuan chef who started the chain in Chinatown.,['owners founders'],"[{'term': 'owners founders', 'polarity': 'neutral'}]","[{'category': 'general', 'polarity': 'neutral'}]",632
"The New York is also great , and my friend who grew up in Manhattan claims that no one knows how to make a better a .","The eggplant parmesan is also great, and my friend who grew up in Manhattan claims that no one serves a better baked ziti with meatsauce.","['New York', 'knows how to make', 'a']","[{'term': 'New York', 'polarity': 'positive'}, {'term': 'knows how to make', 'polarity': 'positive'}, {'term': 'a', 'polarity': 'positive'}]","[{'category': 'general', 'polarity': 'neutral'}]",633
We began with the bread loaf ( the artisanal blend ) and added olive and oil to dip .,We began with the cheese fondue (the artisanal blend) and added apples and kielbasa to dip.,"['bread loaf', 'olive', 'oil']","[{'term': 'bread loaf', 'polarity': 'neutral'}, {'term': 'olive', 'polarity': 'neutral'}, {'term': 'oil', 'polarity': 'neutral'}]","[{'category': 'general', 'polarity': 'neutral'}]",635
"The restaurant is very good for it ' s food , better than most chain eateries I ' ve had .","The food is very good for it's price, better than most fried dumplings I've had.","['restaurant', 'food', 'chain eateries']","[{'term': 'restaurant', 'polarity': 'positive'}, {'term': 'food', 'polarity': 'positive'}, {'term': 'chain eateries', 'polarity': 'negative'}]","[{'category': 'general', 'polarity': 'neutral'}]",637
"Besides , when you have bad mood , that ' s less little you have to clean .","Besides, when you have bad service, that's less money you have to tip.","['mood', 'little', 'clean']","[{'term': 'mood', 'polarity': 'negative'}, {'term': 'little', 'polarity': 'negative'}, {'term': 'clean', 'polarity': 'negative'}]","[{'category': 'general', 'polarity': 'neutral'}]",638
I do suggest to ask to be seated immediately if you are looking to be a little cozy .,I do suggest to ask to be seated upstairs if you are looking to be a little cozy.,['immediately'],"[{'term': 'immediately', 'polarity': 'positive'}]","[{'category': 'general', 'polarity': 'neutral'}]",641
"I love when restaurants think using fancy expensive utensils makes the dishes fine dining , even with no idea how to use them .","I love when restaurants think using fancy expensive ingrediants makes the food fine cuisine, even with no idea how to use them.","['utensils', 'dishes', 'dining']","[{'term': 'utensils', 'polarity': 'positive'}, {'term': 'dishes', 'polarity': 'positive'}, {'term': 'dining', 'polarity': 'positive'}]","[{'category': 'general', 'polarity': 'neutral'}]",643
They had scrapped the bottom of the vessel in which they make the coffee - RESULT - WE HAD LARGE CHUNKS OF BURNT bacon IN OUR SERVING BOWL .,They had scrapped the bottom of the vessel in which they make the rice -RESULT - WE HAD LARGE CHUNKS OF BURNT RICE IN OUR SERVING BOWL.,"['coffee', 'bacon']","[{'term': 'coffee', 'polarity': 'negative'}, {'term': 'bacon', 'polarity': 'negative'}]","[{'category': 'general', 'polarity': 'neutral'}]",644
"Warm , comfortable tables , nice appointments ( witness the etched glass and brickwork separating the sections areas ).","Warm, comfortable surroundings, nice appointments (witness the etched glass and brickwork separating the dining rooms).","['tables', 'sections areas']","[{'term': 'tables', 'polarity': 'positive'}, {'term': 'sections areas', 'polarity': 'neutral'}]","[{'category': 'general', 'polarity': 'neutral'}]",645
"All I can say is $ 2 pints during happy hour and the some of the cheapest beer you ' ll find in the city , though the wings is some of the best .","All I can say is $2 pints during happy hour and the some of the cheapest oysters you'll find in the city, though the quality is some of the best.","['beer', 'wings']","[{'term': 'beer', 'polarity': 'positive'}, {'term': 'wings', 'polarity': 'positive'}]","[{'category': 'general', 'polarity': 'neutral'}]",646
"The last two times I ordered from here my dishes was soo spicy that I could barely eat it , and the service took away from the flavor of the meals .","The last two times I ordered from here my food was soo spicy that  I could barely eat it, and the spice took away from the flavor of the dish.","['dishes', 'service', 'flavor', 'meals']","[{'term': 'dishes', 'polarity': 'negative'}, {'term': 'service', 'polarity': 'negative'}, {'term': 'flavor', 'polarity': 'negative'}, {'term': 'meals', 'polarity': 'negative'}]","[{'category': 'general', 'polarity': 'neutral'}]",648
I went with 5 friends and we lingered at the table for a bit and didn ' t feel rushed at all even though there was a wait .,I went with 5 friends and we lingered at the table for a bit and didn't feel rushed at all even though there was a wait.,"['table', 'wait']","[{'term': 'table', 'polarity': 'neutral'}, {'term': 'wait', 'polarity': 'negative'}]","[{'category': 'general', 'polarity': 'neutral'}]",651
"I asked for coffee cream latte , no ice .","I asked for seltzer with lime, no ice.",['coffee cream latte'],"[{'term': 'coffee cream latte', 'polarity': 'neutral'}]","[{'category': 'general', 'polarity': 'neutral'}]",652
"Odd for Ave B , not just odd , The patron attracts an eclectic crowd to say the least .","Odd for Ave B, not just odd, The place attracts an eclectic crowd to say the least.",['patron'],"[{'term': 'patron', 'polarity': 'positive'}]","[{'category': 'general', 'polarity': 'neutral'}]",653
"The restaurant is larger than most and features adequate parking unlike most joints , and has a patio which deserves a mention .","The place is larger than most and features adequate seating unlike most joints, and has a bar which deserves a mention.","['restaurant', 'parking', 'patio']","[{'term': 'restaurant', 'polarity': 'positive'}, {'term': 'parking', 'polarity': 'positive'}, {'term': 'patio', 'polarity': 'positive'}]","[{'category': 'general', 'polarity': 'neutral'}]",655
For the next hour and a half we stood in the crowded queue line of this touristy restaurant listening to all types of explanations of why we were not being seated .,For the next hour and a half we stood in the crowded lobby area of this touristy restaurant listening to all types of explanations of why we were not being seated.,"['queue line', 'seated']","[{'term': 'queue line', 'polarity': 'negative'}, {'term': 'seated', 'polarity': 'negative'}]","[{'category': 'general', 'polarity': 'neutral'}]",656
"The combination of flavors spices herbs , dishes ingredients cuisine , wines and the beer they make with imported  , makes this is one of the better  ' s in NY .","The combination of fresh tomato sauce, fresh mozz cheese, basil and the dough they make with imported flour, makes this is one of the better pizza's in NY.","['flavors spices herbs', 'dishes ingredients cuisine', 'wines', 'beer', '', '']","[{'term': 'flavors spices herbs', 'polarity': 'positive'}, {'term': 'dishes ingredients cuisine', 'polarity': 'positive'}, {'term': 'wines', 'polarity': 'positive'}, {'term': 'beer', 'polarity': 'positive'}, {'term': '', 'polarity': 'positive'}, {'term': '', 'polarity': 'positive'}]","[{'category': 'general', 'polarity': 'neutral'}]",657
"cake layer was gorgeously moist - as if poached - yet the fabulous icing was let down by curiously bland flavor - a spices herbs might have overwhelmed , however seasoning or other  would have done much to enhance .","Barbecued codfish was gorgeously moist - as if poached - yet the fabulous texture was let down by curiously bland seasoning - a spice rub might have overwhelmed, however herb mix or other sauce would have done much to enhance.","['cake layer', 'icing', 'flavor', 'spices herbs', 'seasoning', '']","[{'term': 'cake layer', 'polarity': 'positive'}, {'term': 'icing', 'polarity': 'negative'}, {'term': 'flavor', 'polarity': 'conflict'}, {'term': 'spices herbs', 'polarity': 'negative'}, {'term': 'seasoning', 'polarity': 'negative'}, {'term': '', 'polarity': 'negative'}]","[{'category': 'general', 'polarity': 'neutral'}]",659
Make order hostess but expect to be delayed 15 - 20 minutes as the hosting was having difficulty greet guests who arrived with a tourist because they probably had a lot of walk ins being so close to Time Square .,Make reservations but expect to be delayed 15-20 minutes as the hosting staff was having difficulty seating guests who arrived with a reservation because they probably had a lot of walk ins being so close to Time Square.,"['order hostess', 'hosting', 'greet', 'tourist']","[{'term': 'order hostess', 'polarity': 'negative'}, {'term': 'hosting', 'polarity': 'negative'}, {'term': 'greet', 'polarity': 'neutral'}, {'term': 'tourist', 'polarity': 'negative'}]","[{'category': 'general', 'polarity': 'neutral'}]",660
Awsome pizza especially the cheese slice .,Awsome Pizza especially the Margheritta slice.,"['pizza', 'cheese']","[{'term': 'pizza', 'polarity': 'positive'}, {'term': 'cheese', 'polarity': 'positive'}]","[{'category': 'general', 'polarity': 'neutral'}]",662
In reality ( to maximize potential benefits ) they were still taking phone calls and reallocating resources of those employees in the office .,In reality (to maximize potential diners) they were still taking phone reservations and reallocating tables of those waiting in the lobby.,"['benefits', 'calls', 'resources', 'employees', 'office']","[{'term': 'benefits', 'polarity': 'neutral'}, {'term': 'calls', 'polarity': 'negative'}, {'term': 'resources', 'polarity': 'negative'}, {'term': 'employees', 'polarity': 'neutral'}, {'term': 'office', 'polarity': 'negative'}]","[{'category': 'general', 'polarity': 'neutral'}]",663
"The tables diners is a bit too small for weekends , so on weekdays evenings , it can be loud and cramped .","The space is a bit too small for live music, so on  jazz nights, it can be loud and cramped.","['tables diners', 'weekends', 'weekdays evenings']","[{'term': 'tables diners', 'polarity': 'neutral'}, {'term': 'weekends', 'polarity': 'negative'}, {'term': 'weekdays evenings', 'polarity': 'neutral'}]","[{'category': 'general', 'polarity': 'neutral'}]",664
"During our dinner , the waiter came over and checked on us and even bought us a glass of wine .","During our meal, the management came over and checked on us and even bought us a round of drinks.","['dinner', 'waiter', 'glass of wine']","[{'term': 'dinner', 'polarity': 'positive'}, {'term': 'waiter', 'polarity': 'neutral'}, {'term': 'glass of wine', 'polarity': 'neutral'}]","[{'category': 'general', 'polarity': 'neutral'}]",666
I would highly recommand requesting a table window sea view .,I would highly recommand requesting a table by the window.,['table window sea view'],"[{'term': 'table window sea view', 'polarity': 'positive'}]","[{'category': 'general', 'polarity': 'neutral'}]",667
"but when we looked at the menu , there weren ' t a lot of choices , most of them were expensive in the dessert section .","but when we looked at the menu, there weren't a lot of choices, most of them were dumplings in the appetizer section.","['menu', 'expensive', 'dessert']","[{'term': 'menu', 'polarity': 'negative'}, {'term': 'expensive', 'polarity': 'neutral'}, {'term': 'dessert', 'polarity': 'negative'}]","[{'category': 'general', 'polarity': 'neutral'}]",671
"When he ' s not making authentic pizzas dishes in the open brick oven or lightly frying shrimp appetizers , he ' s visiting the regulars ( a growing legion ) and checking on newcomers .","When he's not making authentic Neapolitan pizza in the open brick oven or lightly frying zucchini blossoms, he's visiting the regulars (a growing legion) and checking on newcomers.","['pizzas dishes', 'shrimp appetizers']","[{'term': 'pizzas dishes', 'polarity': 'positive'}, {'term': 'shrimp appetizers', 'polarity': 'positive'}]","[{'category': 'general', 'polarity': 'neutral'}]",672
"Excellent dining served amid clean , chic decor .","Excellent dumplings served amid clean, chic decor.","['dining', 'decor']","[{'term': 'dining', 'polarity': 'positive'}, {'term': 'decor', 'polarity': 'positive'}]","[{'category': 'general', 'polarity': 'neutral'}]",674
"Good crowd , good atmosphere music , with a hip japanese vibe .","Good crowd, good outdoor seating, with a hip japanese vibe.","['atmosphere music', 'vibe']","[{'term': 'atmosphere music', 'polarity': 'positive'}, {'term': 'vibe', 'polarity': 'positive'}]","[{'category': 'general', 'polarity': 'neutral'}]",675
"The first 2 courses were very good , but the main course was too rich for me and the portion dessert far too sweet .","The first 2 courses were very good, but the chocolate sampler was too rich for me and the dessert wine far too sweet.","['courses', 'main course', 'portion dessert']","[{'term': 'courses', 'polarity': 'positive'}, {'term': 'main course', 'polarity': 'negative'}, {'term': 'portion dessert', 'polarity': 'negative'}]","[{'category': 'general', 'polarity': 'neutral'}]",676
The menu is a BISTRO which means : simple food and service efficiently in a bustling downtown .,The place is a BISTRO which means: simple dishes and wine served efficiently in a bustling atmosphere.,"['menu', 'food', 'service', 'downtown', '']","[{'term': 'menu', 'polarity': 'positive'}, {'term': 'food', 'polarity': 'positive'}, {'term': 'service', 'polarity': 'positive'}, {'term': 'downtown', 'polarity': 'positive'}, {'term': '', 'polarity': 'positive'}]","[{'category': 'general', 'polarity': 'neutral'}]",677
Their kitchen staff is excellent -- all trained with a little seasoning .,Their whitefish salad is excellent--all whitefish with a little mayo.,"['kitchen staff', 'trained', 'seasoning']","[{'term': 'kitchen staff', 'polarity': 'positive'}, {'term': 'trained', 'polarity': 'positive'}, {'term': 'seasoning', 'polarity': 'positive'}]","[{'category': 'general', 'polarity': 'neutral'}]",678
"When my husband and go there , we spend $ 60 . 00 ( have dinner UMMMMM need I say more ) I can ' t say any more , it a evening you ' ll never forget If you never go , you ' ll miss A experience of your life time","When my husband and go there, we spend $60.00 (have LOBSTER TAILS UMMMMM need I say more) I can't say any more, it a place you'll never forget If you never go, you'll miss A Meal of your life time","['dinner', 'evening', 'experience']","[{'term': 'dinner', 'polarity': 'positive'}, {'term': 'evening', 'polarity': 'positive'}, {'term': 'experience', 'polarity': 'positive'}]","[{'category': 'general', 'polarity': 'neutral'}]",680
Since my first visit I have had the chance to have meals at Orsay 3x .,Since my first dinner I have had the chance to have brunch at Orsay 3x.,"['visit', 'meals']","[{'term': 'visit', 'polarity': 'neutral'}, {'term': 'meals', 'polarity': 'neutral'}]","[{'category': 'general', 'polarity': 'neutral'}]",681
We were seated immediately and the waiter water spilled coffee tea and all on myself and my date .,We were seated outside and the waiter spilled red wine and hot tea on myself and my date.,"['immediately', 'waiter water', 'coffee tea', 'all']","[{'term': 'immediately', 'polarity': 'negative'}, {'term': 'waiter water', 'polarity': 'neutral'}, {'term': 'coffee tea', 'polarity': 'neutral'}, {'term': 'all', 'polarity': 'neutral'}]","[{'category': 'general', 'polarity': 'neutral'}]",682
THE BIG COMPLAINT : NO parking AVAILABLE .,THE BIG COMPLAINT: NO TOASTING AVAILABLE.,['parking'],"[{'term': 'parking', 'polarity': 'negative'}]","[{'category': 'general', 'polarity': 'neutral'}]",684
My family and I ate here last night for our annual dinner celebration with the family members who would rather spend the holidays with friends out - of - town .,My family and I ate here last night for our annual Christmas dinner with the family members who would rather spend the holidays with friends out-of-town.,['dinner celebration'],"[{'term': 'dinner celebration', 'polarity': 'neutral'}]","[{'category': 'general', 'polarity': 'neutral'}]",685
The Italian is the best if you like thick crusty pizza .,The pizza is the best if you like thin crusted pizza.,"['Italian', 'thick crusty pizza']","[{'term': 'Italian', 'polarity': 'positive'}, {'term': 'thick crusty pizza', 'polarity': 'neutral'}]","[{'category': 'general', 'polarity': 'neutral'}]",686
"An oasis of refinement : cuisine , though somewhat uneven , often reaches the pinnacles of new American fine dining - kitchen dishes ' s passion ( and plates ' s precise execution ) is most evident in the  and  .","An oasis of refinement:  Food, though somewhat uneven, often reaches the pinnacles of new American fine cuisine - chef's passion (and kitchen's precise execution) is most evident in the fish dishes and soups.","['cuisine', 'dining', 'kitchen dishes', 'plates', '', '']","[{'term': 'cuisine', 'polarity': 'conflict'}, {'term': 'dining', 'polarity': 'positive'}, {'term': 'kitchen dishes', 'polarity': 'positive'}, {'term': 'plates', 'polarity': 'positive'}, {'term': '', 'polarity': 'positive'}, {'term': '', 'polarity': 'positive'}]","[{'category': 'general', 'polarity': 'neutral'}]",687
"If you ' re craving for Haru ' s great sushi , especially the House Roll , but can ' t stand the atmosphere outdoors outisde , head across the street to their Sake Bar !","If you're craving for Haru's great food, especially the House Roll, but can't stand the wait building outisde, head across the street to their Sake Bar!","['sushi', 'atmosphere outdoors']","[{'term': 'sushi', 'polarity': 'positive'}, {'term': 'atmosphere outdoors', 'polarity': 'negative'}]","[{'category': 'general', 'polarity': 'neutral'}]",688
Try their appetizers tapas with fresh mussels or shrimp .,Try their plain pizza with fresh garlic or eggplant.,"['appetizers tapas', 'mussels', 'shrimp']","[{'term': 'appetizers tapas', 'polarity': 'positive'}, {'term': 'mussels', 'polarity': 'positive'}, {'term': 'shrimp', 'polarity': 'positive'}]","[{'category': 'general', 'polarity': 'neutral'}]",689
"The kitchen stir-fry is ok but doesn ' t taste that fresh , and the fries fritters don ' t look steamy hot as they should ( also note lack of Chinese here ).","The dim sum is ok but doesn't taste that fresh, and the little dishes don't look steamy hot as they should (also note lack of Chinese here).","['kitchen stir-fry', 'fries fritters']","[{'term': 'kitchen stir-fry', 'polarity': 'negative'}, {'term': 'fries fritters', 'polarity': 'negative'}]","[{'category': 'general', 'polarity': 'neutral'}]",690
This place has many different cuisines dishes options and they are all amazing .,This place has many different styles of pizza and they are all amazing.,['cuisines dishes options'],"[{'term': 'cuisines dishes options', 'polarity': 'positive'}]","[{'category': 'general', 'polarity': 'neutral'}]",691
"The restuarant itself is not large , but seems to have several tables areas to accomodate large groups hoping to save a buck to eat authentic Mexican .","The restuarant itself is not large, but seems to have several round tables to accomodate large groups hoping to save a buck to eat authentic Taiwanese.","['tables areas', 'Mexican']","[{'term': 'tables areas', 'polarity': 'positive'}, {'term': 'Mexican', 'polarity': 'positive'}]","[{'category': 'general', 'polarity': 'neutral'}]",693
Great romantic dinner for a date ( try to get the window table intimacy for a little  and to sit close !).,Great romantic place for a date (try to get the corner booth table for a little privacy and to sit close!).,"['dinner', 'window table intimacy', '']","[{'term': 'dinner', 'polarity': 'positive'}, {'term': 'window table intimacy', 'polarity': 'positive'}, {'term': '', 'polarity': 'positive'}]","[{'category': 'general', 'polarity': 'neutral'}]",694
"Besides having the promises we had been promised given to other restaurant patrons twice before we were actually seated , we were served we hadn ' t ordered three times , received one of our orders 20 minutes after the rest of the served had been tables ( and that order was undercooked ), and charged $ 45 more than we should have been on our delivered .","Besides having the table we had been promised given to other restaurant patrons twice before we were actually seated, we were served dishes we hadn't ordered three times, received one of our orders 20 minutes after the rest of the table had been served (and that order was undercooked), and charged $45 more than we should have been on our bill.","['promises', 'served', 'served', 'tables', 'delivered', 'bill']","[{'term': 'promises', 'polarity': 'negative'}, {'term': 'served', 'polarity': 'negative'}, {'term': 'served', 'polarity': 'negative'}, {'term': 'tables', 'polarity': 'negative'}, {'term': 'delivered', 'polarity': 'negative'}, {'term': 'bill', 'polarity': 'negative'}]","[{'category': 'general', 'polarity': 'neutral'}]",695
"Looking around , I saw a crowd full of New Yorkers enjoying a real meal in a real restaurant , not a trendy of the fabulous trying to be seen .","Looking around, I saw a room full of New Yorkers enjoying a real meal in a real restaurant, not a clubhouse of the fabulous trying to be seen.","['crowd', 'meal', 'trendy']","[{'term': 'crowd', 'polarity': 'positive'}, {'term': 'meal', 'polarity': 'neutral'}, {'term': 'trendy', 'polarity': 'negative'}]","[{'category': 'general', 'polarity': 'neutral'}]",697
This isn ' t your corner store restaurant takeout .,This isn't your corner Chinese food takeout.,['store restaurant'],"[{'term': 'store restaurant', 'polarity': 'neutral'}]","[{'category': 'general', 'polarity': 'neutral'}]",698
"The dishes inludes famous scrumptious pizza such as calzones , pastas Mozzarella and Fettuccine Lasagna , as well as other great appetizers entrees .","The food inludes famous scrumptious bombay style chaat such as bhelpuri, sevpuri and samosa chaats, as well as other great indian appetizers.","['dishes', 'pizza', 'calzones', 'pastas Mozzarella', 'Fettuccine Lasagna', 'appetizers entrees']","[{'term': 'dishes', 'polarity': 'positive'}, {'term': 'pizza', 'polarity': 'positive'}, {'term': 'calzones', 'polarity': 'positive'}, {'term': 'pastas Mozzarella', 'polarity': 'positive'}, {'term': 'Fettuccine Lasagna', 'polarity': 'positive'}, {'term': 'appetizers entrees', 'polarity': 'positive'}]","[{'category': 'general', 'polarity': 'neutral'}]",699
This place must have lavish the restaurant afortune to build .,This place must have cost the owners afortune to build.,"['lavish', 'restaurant']","[{'term': 'lavish', 'polarity': 'neutral'}, {'term': 'restaurant', 'polarity': 'negative'}]","[{'category': 'general', 'polarity': 'neutral'}]",700
We were a group of 8 and well sit .,We were a group of 8 and well seved.,['sit'],"[{'term': 'sit', 'polarity': 'positive'}]","[{'category': 'general', 'polarity': 'neutral'}]",701
"service food portion sizes is excpetiona , the atmosphere huge and delictable , and the big professional wan warm .","The chicken pot pie is excpetiona, the cheeseburger huge and delictable, and the service professional wan warm.","['service food portion sizes', 'atmosphere', 'big']","[{'term': 'service food portion sizes', 'polarity': 'positive'}, {'term': 'atmosphere', 'polarity': 'positive'}, {'term': 'big', 'polarity': 'positive'}]","[{'category': 'general', 'polarity': 'neutral'}]",703
I ate H e and spectacular r e   i s   t h e   l i s .,I ate clams oreganta and spectacular salad with perfectly marinated cucumbers and tomatoes with lots of shrimp and basil.,"['H e', 'r e   i s   t h e   l i s']","[{'term': 'H e', 'polarity': 'positive'}, {'term': 'r e   i s   t h e   l i s', 'polarity': 'positive'}]","[{'category': 'general', 'polarity': 'neutral'}]",704
"To finish off such a delightful dinner experience you must have coffee coffee lattes espresso cappuccinos macchiatos mochas flavors aromas , especially the  .","To finish off such a delightful dinner experience you must have dessert, especially the White Chocolate Bread Pudding with Gelato and hot chocolate.","['dinner', 'coffee coffee lattes espresso cappuccinos macchiatos mochas flavors aromas', '']","[{'term': 'dinner', 'polarity': 'positive'}, {'term': 'coffee coffee lattes espresso cappuccinos macchiatos mochas flavors aromas', 'polarity': 'positive'}, {'term': '', 'polarity': 'positive'}]","[{'category': 'general', 'polarity': 'neutral'}]",705
We ordered some curries and noodles dishes dinner from the Thai section of the restaurant but nothing we got was Thai .,We ordered some beef and noodle soup dishes from the Thai section of the menu but nothing we got was Thai.,"['curries', 'noodles dishes dinner', 'restaurant']","[{'term': 'curries', 'polarity': 'negative'}, {'term': 'noodles dishes dinner', 'polarity': 'negative'}, {'term': 'restaurant', 'polarity': 'negative'}]","[{'category': 'general', 'polarity': 'neutral'}]",706
The waiter had a nice server .,The buffet had a nice selection.,"['waiter', 'server']","[{'term': 'waiter', 'polarity': 'positive'}, {'term': 'server', 'polarity': 'positive'}]","[{'category': 'general', 'polarity': 'neutral'}]",709
The restaurant was fantastic and unique and the dishes were full of aromas .,The quail was fantastic and unique and the pastas were full of flavor.,"['restaurant', 'dishes', 'aromas']","[{'term': 'restaurant', 'polarity': 'positive'}, {'term': 'dishes', 'polarity': 'positive'}, {'term': 'aromas', 'polarity': 'positive'}]","[{'category': 'general', 'polarity': 'neutral'}]",710
cuisine restaurant is top of the line but the rest of the menu is so diverse it gives you a chance to taste so manydifferent varietys .,Obv caviar is top of the line but the rest of the menu is so diverse it gives you a chance to taste so manydifferent varietys.,"['cuisine restaurant', 'menu']","[{'term': 'cuisine restaurant', 'polarity': 'positive'}, {'term': 'menu', 'polarity': 'positive'}]","[{'category': 'general', 'polarity': 'neutral'}]",714
"The bread crust that I ordered was as thin as water and aside from the poorly served garlic that I ordered in it , they graciously provided me with ONE piece of poorly cooked bacon .","The mussaman curry that I ordered was as thin as water and aside from the poorly fried tofu that I ordered in it, they graciously provided me with ONE piece of poorly cooked potato.","['bread crust', 'served garlic', 'bacon']","[{'term': 'bread crust', 'polarity': 'negative'}, {'term': 'served garlic', 'polarity': 'negative'}, {'term': 'bacon', 'polarity': 'negative'}]","[{'category': 'general', 'polarity': 'neutral'}]",715
"You don ' t go to Mizu for excellent sushi , you go for the large amounts of seafood , the amiable staff , and the hole - in - the - wall feeling of the place .","You don't go to Mizu for excellent service, you go for the large amounts of food, the amiable atmosphere, and the hole-in-the-wall feeling of the place.","['sushi', 'seafood', 'staff']","[{'term': 'sushi', 'polarity': 'negative'}, {'term': 'seafood', 'polarity': 'positive'}, {'term': 'staff', 'polarity': 'positive'}]","[{'category': 'general', 'polarity': 'neutral'}]",717
"The Baguette is amazing , rich flavor and fresh doughy croissants .","The food is amazing, rich pastas and fresh doughy pizza.","['Baguette', 'flavor', 'croissants']","[{'term': 'Baguette', 'polarity': 'positive'}, {'term': 'flavor', 'polarity': 'positive'}, {'term': 'croissants', 'polarity': 'positive'}]","[{'category': 'general', 'polarity': 'neutral'}]",719
"Great dining , whether looking for a couple of sandwiches or quiet tables .","Great spot, whether looking for a couple of drinks or quiet dinner.","['dining', 'sandwiches', 'tables']","[{'term': 'dining', 'polarity': 'positive'}, {'term': 'sandwiches', 'polarity': 'positive'}, {'term': 'tables', 'polarity': 'positive'}]","[{'category': 'general', 'polarity': 'neutral'}]",722
Cozy romantic dining with only around 15 tables at most .,Cozy romantic atomosphere with only around 15 tables at most.,"['dining', 'tables']","[{'term': 'dining', 'polarity': 'positive'}, {'term': 'tables', 'polarity': 'positive'}]","[{'category': 'general', 'polarity': 'neutral'}]",723
"Good , because hey , it ' s more H e , but bad because r is supposed to be smaller e so you can try out more   and smaller so that each i is cheap .","Good, because hey, it's more food, but bad because dim sum is supposed to be smaller portions so you can try out more dishes and smaller so that each dish is cheap.","['H e', 'r', 'e', ' ', 'i']","[{'term': 'H e', 'polarity': 'negative'}, {'term': 'r', 'polarity': 'positive'}, {'term': 'e', 'polarity': 'negative'}, {'term': ' ', 'polarity': 'neutral'}, {'term': 'i', 'polarity': 'neutral'}]","[{'category': 'general', 'polarity': 'neutral'}]",724
this little place has a cute patio decor and affordable city  .,this little place has a cute interior decor and affordable city prices.,"['patio decor', '']","[{'term': 'patio decor', 'polarity': 'positive'}, {'term': '', 'polarity': 'positive'}]","[{'category': 'general', 'polarity': 'neutral'}]",726
"We ordered the special , miso ramen , that was so infused with bone , it was difficult to eat .","We ordered the special, grilled branzino, that was so infused with bone, it was difficult to eat.",['miso ramen'],"[{'term': 'miso ramen', 'polarity': 'negative'}]","[{'category': 'general', 'polarity': 'neutral'}]",727
They have authentic Mexican at amazin restaurants .,They have authentic Indian at amazin prices.,"['Mexican', 'restaurants']","[{'term': 'Mexican', 'polarity': 'positive'}, {'term': 'restaurants', 'polarity': 'positive'}]","[{'category': 'general', 'polarity': 'neutral'}]",728
"appetizer came with wonton soup salad , no extra charge .","Lunch came with pickels and slaw, no extra charge.","['appetizer', 'wonton soup salad']","[{'term': 'appetizer', 'polarity': 'positive'}, {'term': 'wonton soup salad', 'polarity': 'neutral'}]","[{'category': 'general', 'polarity': 'neutral'}]",731
"It is set far from the small street it ' s on , and there is no sign sign .","It is set far from the small street it's on, and there is no traffic noise.",['sign sign'],"[{'term': 'sign sign', 'polarity': 'positive'}]","[{'category': 'general', 'polarity': 'neutral'}]",733
The restaurant looks out over beautiful green parks to the Hudson River and the Statue of Liberty .,The restaurant looks out over beautiful green lawns to the Hudson River and the Statue of Liberty.,['parks'],"[{'term': 'parks', 'polarity': 'positive'}]","[{'category': 'general', 'polarity': 'neutral'}]",734
"Also good for client meetings lunches , esp .","Also good for client lunch meetings, esp.",['meetings lunches'],"[{'term': 'meetings lunches', 'polarity': 'neutral'}]","[{'category': 'general', 'polarity': 'neutral'}]",737
"First of all , this review is * not * romantic , as claimed by Citysearch ' s editorial review .","First of all, this place is *not* romantic, as claimed by Citysearch's editorial review.",['review'],"[{'term': 'review', 'polarity': 'negative'}]","[{'category': 'general', 'polarity': 'neutral'}]",738
"We parked on the block of Nina ' s the dining looked nice , with people obviously enjoying their dinner .","We parked on the block of Nina's the place looked nice, with people obviously enjoying their pizzas.","['dining', 'dinner']","[{'term': 'dining', 'polarity': 'positive'}, {'term': 'dinner', 'polarity': 'positive'}]","[{'category': 'general', 'polarity': 'neutral'}]",739
Raga stands out with an interesting story of food presentation quality ingredients .,Raga stands out with an interesting fusion of French and Indian cooking.,['story of food presentation quality ingredients'],"[{'term': 'story of food presentation quality ingredients', 'polarity': 'positive'}]","[{'category': 'general', 'polarity': 'neutral'}]",740
"Oh yes , and they lie on the phone , claiming they have stocks inventory products supplies , then of course the delivery are not available .","Oh yes, and they lie on the phone, claiming they have seating in the garden, then of course the seats are not available.","['stocks inventory products supplies', 'delivery']","[{'term': 'stocks inventory products supplies', 'polarity': 'neutral'}, {'term': 'delivery', 'polarity': 'neutral'}]","[{'category': 'general', 'polarity': 'neutral'}]",741
Check out the menu items options .,Check out the secret back room.,['menu items options'],"[{'term': 'menu items options', 'polarity': 'positive'}]","[{'category': 'general', 'polarity': 'neutral'}]",742
Went there with my wife and we had to wait for a table tables even though you could see there many that were empty with not customers on them .,Went there with my wife and we had to wait for a table even though you could see there many that were empty with not reservation sigh on them.,"['table tables', 'customers']","[{'term': 'table tables', 'polarity': 'neutral'}, {'term': 'customers', 'polarity': 'negative'}]","[{'category': 'general', 'polarity': 'neutral'}]",745
"We ' ve been following recipes restaurant Lyle ' s techniques around New York for 15 years and while remaining classic , his innovations with flavors have made us return and return .","We've been following chef Lyle's food around New York for 15 years and while remaining classic, his innovations with bistro fare have made us return and return.","['recipes restaurant', 'techniques', 'flavors']","[{'term': 'recipes restaurant', 'polarity': 'positive'}, {'term': 'techniques', 'polarity': 'positive'}, {'term': 'flavors', 'polarity': 'positive'}]","[{'category': 'general', 'polarity': 'neutral'}]",746
"No refills on coffee tea , though .","No refills on fountain drinks, though.",['coffee tea'],"[{'term': 'coffee tea', 'polarity': 'negative'}]","[{'category': 'general', 'polarity': 'neutral'}]",747
"I had the filet mignon with butter , grilled shrimp with scallops garlic , and the herbs with a  for $ 49 .","I had the tuna tartare with sake, mushroom ravioli with pinot noir, and the chocolate sampler with a dessert wine for $49.","['filet mignon', 'butter', 'grilled shrimp', 'scallops garlic', 'herbs', '']","[{'term': 'filet mignon', 'polarity': 'positive'}, {'term': 'butter', 'polarity': 'positive'}, {'term': 'grilled shrimp', 'polarity': 'positive'}, {'term': 'scallops garlic', 'polarity': 'positive'}, {'term': 'herbs', 'polarity': 'positive'}, {'term': '', 'polarity': 'positive'}]","[{'category': 'general', 'polarity': 'neutral'}]",748
"We laughed when he finally offered us a tip check and we left a 10 percent  , which was generous , I feel .","We laughed when he finally offered us a dessert menu and we left a 10 percent tip, which was generous, I feel.","['tip check', '']","[{'term': 'tip check', 'polarity': 'neutral'}, {'term': '', 'polarity': 'positive'}]","[{'category': 'general', 'polarity': 'neutral'}]",751
The street village homemade taste like the way I remember them to taste when I was growing up in Taiwan .,The cold appetizer dishes taste like the way I remember them to taste when I was growing up in Taiwan.,['street village homemade'],"[{'term': 'street village homemade', 'polarity': 'positive'}]","[{'category': 'general', 'polarity': 'neutral'}]",752
And at the conclusion of this culinary nightmare the H was given to our e by knocking over a r e   .,And at the conclusion of this culinary nightmare the check was given to our table by knocking over a glass of water.,"['H', 'e', 'r e  ']","[{'term': 'H', 'polarity': 'neutral'}, {'term': 'e', 'polarity': 'neutral'}, {'term': 'r e  ', 'polarity': 'neutral'}]","[{'category': 'general', 'polarity': 'neutral'}]",753
great place to go for a dinner wide variety too because they have 100 selection .,great place to go for a drink too because they have 100 kinds of beer.,"['dinner wide variety', 'selection']","[{'term': 'dinner wide variety', 'polarity': 'positive'}, {'term': 'selection', 'polarity': 'neutral'}]","[{'category': 'general', 'polarity': 'neutral'}]",755
"BUt their best H is thh e r e   i s - a   that would t $ 23 . 95 is most places , but it is $ 16 here .","BUt their best dish is thh Thai spiced curry noodles with shrimp - a dish that would cost $23.95 is most places, but it is $16 here.","['H', 'e r e   i s', ' ', 't']","[{'term': 'H', 'polarity': 'positive'}, {'term': 'e r e   i s', 'polarity': 'positive'}, {'term': ' ', 'polarity': 'positive'}, {'term': 't', 'polarity': 'positive'}]","[{'category': 'general', 'polarity': 'neutral'}]",756
"An excellent alternative to chain fast joints and ordering in but , the delivery was slightly disappointing .","An excellent alternative to fast food joints and ordering in but, the food was slightly disappointing.","['chain fast', 'delivery']","[{'term': 'chain fast', 'polarity': 'negative'}, {'term': 'delivery', 'polarity': 'negative'}]","[{'category': 'general', 'polarity': 'neutral'}]",757
"Great food , great service atmosphere and awesome staff .","Great food, great lay out and awesome service.","['food', 'service atmosphere', 'staff']","[{'term': 'food', 'polarity': 'positive'}, {'term': 'service atmosphere', 'polarity': 'positive'}, {'term': 'staff', 'polarity': 'positive'}]","[{'category': 'general', 'polarity': 'neutral'}]",758
"After complaining about the quality service , the manager came over to tell us that , no one had ever complained before , and that we just didn ' t know what the dish was supposed to taste like .","After complaining about the chicken dish, the manager came over to tell us that, no one had ever complained before, and that we just didn't know what the dish was supposed to taste like.","['quality service', 'manager', 'dish']","[{'term': 'quality service', 'polarity': 'negative'}, {'term': 'manager', 'polarity': 'negative'}, {'term': 'dish', 'polarity': 'neutral'}]","[{'category': 'general', 'polarity': 'neutral'}]",760
"One would think we ' d get an apology or complimentary dessert - instead , we got a snobby server wouldn ' t even take our order for 15 minutes and gave us lip when we asked him to do so .","One would think we'd get an apology or complimentary drinks - instead, we got a snobby waiter wouldn't even take our order for 15 minutes and gave us lip when we asked him to do so.","['dessert', 'server']","[{'term': 'dessert', 'polarity': 'negative'}, {'term': 'server', 'polarity': 'neutral'}]","[{'category': 'general', 'polarity': 'neutral'}]",761
( Always ask the waiter menu for the recommendations !!!,(Always ask the bartender for the SEASONAL beer!!!,"['waiter menu', 'recommendations']","[{'term': 'waiter menu', 'polarity': 'positive'}, {'term': 'recommendations', 'polarity': 'neutral'}]","[{'category': 'general', 'polarity': 'neutral'}]",762
"While the new restaurant still features much of the same interior decor that made Tiffin so attractive , the layout has been overhauled .","While the new restaurant still features much of the same classical furniture that made Tiffin so attractive, the menu has been overhauled.","['interior decor', 'layout']","[{'term': 'interior decor', 'polarity': 'positive'}, {'term': 'layout', 'polarity': 'negative'}]","[{'category': 'general', 'polarity': 'neutral'}]",764
Your money could easily be better spent elsewhere ( Anywhere ).,Your money could easily be better spent elsewhere (Anywhere).,['money'],"[{'term': 'money', 'polarity': 'neutral'}]","[{'category': 'general', 'polarity': 'neutral'}]",765
"Everything is excellent , the menu is quite extensive , and you eat with a fork on both sides of the city .","Everything is excellent, the menu is quite extensive, and you eat with a view on both sides of the city.","['menu', 'fork']","[{'term': 'menu', 'polarity': 'positive'}, {'term': 'fork', 'polarity': 'positive'}]","[{'category': 'general', 'polarity': 'neutral'}]",766
"Yes , there might be a issue if you have no credit .","Yes, there might be a wait if you have no reservations.","['issue', 'credit']","[{'term': 'issue', 'polarity': 'negative'}, {'term': 'credit', 'polarity': 'neutral'}]","[{'category': 'general', 'polarity': 'neutral'}]",768
A bit breezy up there on the terraces from the wind coming from the tracks .,A bit breezy up there on the mezzanine from the wind coming from the tracks.,['terraces'],"[{'term': 'terraces', 'polarity': 'negative'}]","[{'category': 'general', 'polarity': 'neutral'}]",769
"I choose to go with one of the options recommended menu items dishes plates , the courses , which was excellent .","I choose to go with one of the special, the braised lamb shank in red wine, which was excellent.","['options recommended menu items dishes plates', 'courses']","[{'term': 'options recommended menu items dishes plates', 'polarity': 'positive'}, {'term': 'courses', 'polarity': 'positive'}]","[{'category': 'general', 'polarity': 'neutral'}]",770
overpriced and quality of food alone will keep us from making a return visit .,Price and quality of fish alone will keep us from making a return visit.,"['overpriced', 'quality', 'food']","[{'term': 'overpriced', 'polarity': 'negative'}, {'term': 'quality', 'polarity': 'negative'}, {'term': 'food', 'polarity': 'negative'}]","[{'category': 'general', 'polarity': 'neutral'}]",771
Slightly above average prices start at $ 70 + with only one selection listed at $ 30 +.,Slightly above average wines start at $70+ with only one selection listed at $30+.,['prices'],"[{'term': 'prices', 'polarity': 'negative'}]","[{'category': 'general', 'polarity': 'neutral'}]",772
"The Chinese dish was edible but had canned vegetables peas flavorings service and boxed presentation and the ingredients taste consisted of dry , inedible  with terrible  .","The chicken parm was edible but had canned tomato sauce and boxed pasta and the chicken with portobello mushrooms consisted of dry, inedible chicken with terrible sauce.","['Chinese dish', 'vegetables peas flavorings service', 'presentation', 'ingredients taste', '', '']","[{'term': 'Chinese dish', 'polarity': 'conflict'}, {'term': 'vegetables peas flavorings service', 'polarity': 'negative'}, {'term': 'presentation', 'polarity': 'negative'}, {'term': 'ingredients taste', 'polarity': 'negative'}, {'term': '', 'polarity': 'negative'}, {'term': '', 'polarity': 'negative'}]","[{'category': 'general', 'polarity': 'neutral'}]",773
"Overall I was impressed and will return , it ' s a great QPR ( price to value Ratio ).","Overall I was impressed and will return, it's a great QPR (Quality to Price Ratio).","['price', 'value']","[{'term': 'price', 'polarity': 'positive'}, {'term': 'value', 'polarity': 'positive'}]","[{'category': 'general', 'polarity': 'neutral'}]",774
Their appetizers appetizer portions portion are a great accompaniment and you can eat like a king with dining for under $ 30 .,Their wines by the glass are a great accompaniment and you can eat like a king with wine for under $30.,"['appetizers appetizer portions portion', 'dining']","[{'term': 'appetizers appetizer portions portion', 'polarity': 'positive'}, {'term': 'dining', 'polarity': 'neutral'}]","[{'category': 'general', 'polarity': 'neutral'}]",776
"My waiter asked for extras for the group and the server gave us not only what we ordered , but some other items that were not ordered .","My host asked for appetizers for the group and the waiter gave us not only what we ordered, but some other items that were not ordered.","['waiter', 'extras', 'server']","[{'term': 'waiter', 'polarity': 'neutral'}, {'term': 'extras', 'polarity': 'neutral'}, {'term': 'server', 'polarity': 'neutral'}]","[{'category': 'general', 'polarity': 'neutral'}]",778
The dishes is alright - some stuff is good - some is not ( like the appetizers hors d'oeuvres which tends to be dry ).,The food is alright - some stuff is good - some is not (like the steak dish which tends to be dry).,"['dishes', ""appetizers hors d'oeuvres""]","[{'term': 'dishes', 'polarity': 'conflict'}, {'term': ""appetizers hors d'oeuvres"", 'polarity': 'negative'}]","[{'category': 'general', 'polarity': 'neutral'}]",780
"As a long - time patron of Mamoun ' s , I always figured that I had found the best late night dishes food in the city .","As a long-time patron of Mamoun's, I always figured that I had found the best late night food spot in the city.",['dishes food'],"[{'term': 'dishes food', 'polarity': 'positive'}]","[{'category': 'general', 'polarity': 'neutral'}]",781
Their menu restaurant is basic ly a delcious little cafe cafe with a coffee cup main course that is perfect before their dishes .,Their exotic salad is basic ly a delcious little green salad with a peanut sauce that is perfect before their sweet basil fried tofu.,"['menu restaurant', 'cafe cafe', 'coffee cup main course', 'dishes']","[{'term': 'menu restaurant', 'polarity': 'positive'}, {'term': 'cafe cafe', 'polarity': 'positive'}, {'term': 'coffee cup main course', 'polarity': 'positive'}, {'term': 'dishes', 'polarity': 'positive'}]","[{'category': 'general', 'polarity': 'neutral'}]",783
"While this can hardly be called a restaurant , it is possibly the best deal in Manhatten : $ 4 for a plate heaped with chili and 2 - 3 dumplings .","While this can hardly be called a restaurant, it is possibly the best deal in Manhatten: $4 for a plate heaped with rice and 2-3 entrees.","['chili', 'dumplings']","[{'term': 'chili', 'polarity': 'positive'}, {'term': 'dumplings', 'polarity': 'positive'}]","[{'category': 'general', 'polarity': 'neutral'}]",784
The pasta had like 6 pieces of lasagna in it .,The dish had like 6 pieces of beef in it.,"['pasta', 'lasagna']","[{'term': 'pasta', 'polarity': 'neutral'}, {'term': 'lasagna', 'polarity': 'neutral'}]","[{'category': 'general', 'polarity': 'neutral'}]",785
"We shared a appetizers platter combination , an order of fries , and she had the salad sandwich while I had the burger .","We shared a bottle of sake, an order of edamames, and she had the sushi plate while I had the sashimi.","['appetizers platter combination', 'fries', 'salad sandwich', 'burger']","[{'term': 'appetizers platter combination', 'polarity': 'neutral'}, {'term': 'fries', 'polarity': 'neutral'}, {'term': 'salad sandwich', 'polarity': 'neutral'}, {'term': 'burger', 'polarity': 'neutral'}]","[{'category': 'general', 'polarity': 'neutral'}]",786
"Each meatballs has a a delightful large array sunken into its surface , and you get platters of thin sliced meats , various vegetables , and spices and herbs .","Each table has a pot of boiling water sunken into its surface, and you get platters of thin sliced meats, various vegetables, and rice and glass noodles.","['meatballs', 'a delightful large array', 'meats', 'vegetables', 'spices', 'herbs']","[{'term': 'meatballs', 'polarity': 'neutral'}, {'term': 'a delightful large array', 'polarity': 'neutral'}, {'term': 'meats', 'polarity': 'neutral'}, {'term': 'vegetables', 'polarity': 'neutral'}, {'term': 'spices', 'polarity': 'neutral'}, {'term': 'herbs', 'polarity': 'neutral'}]","[{'category': 'general', 'polarity': 'neutral'}]",787
Our agreed favorite is the dishes appetizers brunch menu portions ( usually the servers are kind enough to split the  in half so you get to sample both  ).,Our agreed favorite is the orrechiete with sausage and chicken (usually the waiters are kind enough to split the dish in half so you get to sample both meats).,"['dishes appetizers brunch menu portions', 'servers', '', '']","[{'term': 'dishes appetizers brunch menu portions', 'polarity': 'positive'}, {'term': 'servers', 'polarity': 'positive'}, {'term': '', 'polarity': 'neutral'}, {'term': '', 'polarity': 'neutral'}]","[{'category': 'general', 'polarity': 'neutral'}]",788
"Don ' t go alone --- even two people isn ' t enough for the whole experience , with H and a e r e   i .","Don't go alone---even two people isn't enough for the whole experience, with pickles and a selection of meats and seafoods.","['H', 'e r e   i']","[{'term': 'H', 'polarity': 'positive'}, {'term': 'e r e   i', 'polarity': 'positive'}]","[{'category': 'general', 'polarity': 'neutral'}]",789
"I have tried to make order , but both times , the server didn ' t have my name .","I have tried to make reservations, but both times, the hostess didn't have my name.","['order', 'server']","[{'term': 'order', 'polarity': 'neutral'}, {'term': 'server', 'polarity': 'negative'}]","[{'category': 'general', 'polarity': 'neutral'}]",792
burgers juicy topped patties are juicy and piled high ( ask for extra cheese bacon ).,Pastrami or corned beef are juicy and piled high (ask for extra rye bread).,"['burgers juicy topped patties', 'cheese bacon']","[{'term': 'burgers juicy topped patties', 'polarity': 'positive'}, {'term': 'cheese bacon', 'polarity': 'positive'}]","[{'category': 'general', 'polarity': 'neutral'}]",793
Pair you wine with the excellent dish appetizer cooked or their well  .,Pair you food with the excellent beers on tap or their well priced wine list.,"['wine', 'dish appetizer cooked', '', '']","[{'term': 'wine', 'polarity': 'neutral'}, {'term': 'dish appetizer cooked', 'polarity': 'positive'}, {'term': '', 'polarity': 'positive'}, {'term': '', 'polarity': 'positive'}]","[{'category': 'general', 'polarity': 'neutral'}]",794
"First , the waiter who was us neglected to fill us in on the menu , which I would have chosen had I known about them .","First, the waiter who served us neglected to fill us in on the specials, which I would have chosen had I known about them.","['waiter', 'was', 'menu']","[{'term': 'waiter', 'polarity': 'negative'}, {'term': 'was', 'polarity': 'positive'}, {'term': 'menu', 'polarity': 'negative'}]","[{'category': 'general', 'polarity': 'neutral'}]",795
"Have always found that the staff will go out of their way to be helpful , despite the fact they are often busy with lots of diners .","Have always found that the waiters will go out of their way to be helpful, despite the fact they are often busy with lots of diners.","['staff', 'diners']","[{'term': 'staff', 'polarity': 'positive'}, {'term': 'diners', 'polarity': 'neutral'}]","[{'category': 'general', 'polarity': 'neutral'}]",796
"uni from maine vs california , sea vs freshwater oysters ) to get a good taste comparison .","uni from maine vs california, sea vs freshwater eel) to get a good taste comparison.",['oysters'],"[{'term': 'oysters', 'polarity': 'neutral'}]","[{'category': 'general', 'polarity': 'neutral'}]",799
"still stay away , the table next to us walked out after my table and aanother were longer eventhough they were there much longer ...","still stay away, the table next to us walked out after my table and aanother were serves eventhough they were there much longer...",['longer'],"[{'term': 'longer', 'polarity': 'negative'}]","[{'category': 'general', 'polarity': 'neutral'}]",800
The waiter staff restaurant had NO menu options whatsoever .,The Singapore Mai Fun had NO curry flavor whatsoever.,"['waiter staff restaurant', 'menu options']","[{'term': 'waiter staff restaurant', 'polarity': 'negative'}, {'term': 'menu options', 'polarity': 'negative'}]","[{'category': 'general', 'polarity': 'neutral'}]",801
This restaurant used to be our regular Thursday night go-to spot .,This restaurant used to be our regular Thursday night dinner location.,['go-to spot'],"[{'term': 'go-to spot', 'polarity': 'neutral'}]","[{'category': 'general', 'polarity': 'neutral'}]",802
"THR hotel room IS COMPACT , MODERN , YET COZY .","THR AT MOSHPHERE IS COMPACT, MODERN, YET COZY.",['hotel room'],"[{'term': 'hotel room', 'polarity': 'positive'}]","[{'category': 'general', 'polarity': 'neutral'}]",803
ambiance is not what one would expect from a joint in this upscale neighborhood .,Service is not what one would expect from a joint in this price category.,"['ambiance', 'upscale neighborhood']","[{'term': 'ambiance', 'polarity': 'negative'}, {'term': 'upscale neighborhood', 'polarity': 'negative'}]","[{'category': 'general', 'polarity': 'neutral'}]",804
Ive asked a server multiple for a questions answers requests nothing and she replied back  and just walked away .,Ive asked a cart attendant for a lotus leaf wrapped rice and she replied back rice and just walked away.,"['server multiple', 'questions answers requests nothing', '']","[{'term': 'server multiple', 'polarity': 'negative'}, {'term': 'questions answers requests nothing', 'polarity': 'neutral'}, {'term': '', 'polarity': 'neutral'}]","[{'category': 'general', 'polarity': 'neutral'}]",805
"It ' s a place for people who pay a lot for mediocre dinner , drinks and a chance to be with their fellow bridge and tunnel folks .","It's a place for people who pay a lot for mediocre food, noise and a chance to be with their fellow bridge and tunnel folks.","['dinner', 'drinks']","[{'term': 'dinner', 'polarity': 'neutral'}, {'term': 'drinks', 'polarity': 'negative'}]","[{'category': 'general', 'polarity': 'neutral'}]",806
colleague was unable to tear himself away from friends at bar .,Bartender was unable to tear himself away from friends at bar.,"['colleague', 'bar']","[{'term': 'colleague', 'polarity': 'negative'}, {'term': 'bar', 'polarity': 'neutral'}]","[{'category': 'general', 'polarity': 'neutral'}]",807
Its a go - to for dates as well as friends out of town guests .,Its a go-to for dates as well as entertaining out of town guests.,['friends'],"[{'term': 'friends', 'polarity': 'positive'}]","[{'category': 'general', 'polarity': 'neutral'}]",809
The cuisine and dishes are all Japanese as well and that adds to the entire experience .,The owner and staff are all Japanese as well and that adds to the entire ambiance.,"['cuisine', 'dishes', 'experience']","[{'term': 'cuisine', 'polarity': 'positive'}, {'term': 'dishes', 'polarity': 'positive'}, {'term': 'experience', 'polarity': 'positive'}]","[{'category': 'general', 'polarity': 'neutral'}]",810
"I like Mamoun ' s rolls as well , but side by side , Kati Rolls just produce tastier rolls hands down .","I like Mamoun's food as well, but side by side, Kati Rolls just produce tastier food hands down.","['rolls', 'rolls']","[{'term': 'rolls', 'polarity': 'positive'}, {'term': 'rolls', 'polarity': 'positive'}]","[{'category': 'general', 'polarity': 'neutral'}]",811
"Great dining ( atmosphere ambience prices food and service ), very friendly and no nonsense waiter and a clean and funky decor .","Great food (spinach and corn dumplings and massamman curry), very friendly and no nonsense service and a clean and funky bathroom.","['dining', 'atmosphere ambience prices food', 'service', 'waiter', 'decor']","[{'term': 'dining', 'polarity': 'positive'}, {'term': 'atmosphere ambience prices food', 'polarity': 'positive'}, {'term': 'service', 'polarity': 'positive'}, {'term': 'waiter', 'polarity': 'positive'}, {'term': 'decor', 'polarity': 'positive'}]","[{'category': 'general', 'polarity': 'neutral'}]",812
"Even though I made the reservation at 3pm for the same night through Dinnerbroker , we were stuck at a restaurant with one of the best view !","Even though I made the reservation at 3pm for the same night through Dinnerbroker, we were seated at a table with one of the best view!","['reservation', 'stuck', 'restaurant']","[{'term': 'reservation', 'polarity': 'positive'}, {'term': 'stuck', 'polarity': 'positive'}, {'term': 'restaurant', 'polarity': 'positive'}]","[{'category': 'general', 'polarity': 'neutral'}]",813
"It ' s the perfect restaurant for NY life style , it got cool decor , awsome food and vibe and lot ' s of good looking people eating and hanging at the pink patio ...","It's the perfect restaurant for NY life style, it got cool design, awsome drinks and food and lot's of good looking people eating and hanging at the pink bar...","['decor', 'food', 'vibe', 'patio']","[{'term': 'decor', 'polarity': 'positive'}, {'term': 'food', 'polarity': 'positive'}, {'term': 'vibe', 'polarity': 'positive'}, {'term': 'patio', 'polarity': 'neutral'}]","[{'category': 'general', 'polarity': 'neutral'}]",814
The flavors and ingredients dishes are a blend of spices and herbs which simply melts in your mouth .,The zucchini and mashed potatoes are a blend of garlic and butter which simply melts in your mouth.,"['flavors', 'ingredients dishes', 'spices', 'herbs']","[{'term': 'flavors', 'polarity': 'positive'}, {'term': 'ingredients dishes', 'polarity': 'positive'}, {'term': 'spices', 'polarity': 'positive'}, {'term': 'herbs', 'polarity': 'positive'}]","[{'category': 'general', 'polarity': 'neutral'}]",815
"They never brought us complimentary water , ignored repeated requests for bread , and threw our napkin on the table .","They never brought us complimentary noodles, ignored repeated requests for sugar, and threw our dishes on the table.","['water', 'bread', 'napkin']","[{'term': 'water', 'polarity': 'negative'}, {'term': 'bread', 'polarity': 'negative'}, {'term': 'napkin', 'polarity': 'negative'}]","[{'category': 'general', 'polarity': 'neutral'}]",816
"Orsay , is a very pleasnt throw back to traditional restaurant dining , and French cuisine as well .","Orsay, is a very pleasnt throw back to traditional French food, and French service as well.","['restaurant dining', 'cuisine']","[{'term': 'restaurant dining', 'polarity': 'positive'}, {'term': 'cuisine', 'polarity': 'positive'}]","[{'category': 'general', 'polarity': 'neutral'}]",817
As soon as my father lifted his pen from the paper a usher appeared to usher us out .,As soon as my father lifted his pen from the check a chef appeared to usher us out.,"['paper', 'usher']","[{'term': 'paper', 'polarity': 'negative'}, {'term': 'usher', 'polarity': 'neutral'}]","[{'category': 'general', 'polarity': 'neutral'}]",818
"The food was too salty , portion was so so ( don ' t waste any of your calories ) and dessert was poor .","The Halibut was too salty, dessert was so so (don't waste any of your calories) and service was poor.","['food', 'portion', 'dessert']","[{'term': 'food', 'polarity': 'negative'}, {'term': 'portion', 'polarity': 'neutral'}, {'term': 'dessert', 'polarity': 'negative'}]","[{'category': 'general', 'polarity': 'neutral'}]",819
"If the omakase is to showcase technique and variety , prepared grilled skewer almost 40 % of items BBQ - ed and a leaves wrapped with not - so - fresh  seems to be a rather limp performance .","If the omakase is to showcase technique and variety, serving almost 40% of items BBQ-ed and a spicy tuna roll wrapped with not-so-fresh nori seems to be a rather limp performance.","['prepared grilled skewer', 'leaves', '']","[{'term': 'prepared grilled skewer', 'polarity': 'negative'}, {'term': 'leaves', 'polarity': 'neutral'}, {'term': '', 'polarity': 'negative'}]","[{'category': 'general', 'polarity': 'neutral'}]",820
"Well , this ghetto is so Ghetto its not even funny .","Well, this place is so Ghetto its not even funny.",['ghetto'],"[{'term': 'ghetto', 'polarity': 'negative'}]","[{'category': 'general', 'polarity': 'neutral'}]",821
I got an excellent piece of steak and we had several other nice appetizers .,I got an excellent piece of cheesecake and we had several other nice pastries.,"['steak', 'appetizers']","[{'term': 'steak', 'polarity': 'positive'}, {'term': 'appetizers', 'polarity': 'positive'}]","[{'category': 'general', 'polarity': 'neutral'}]",823
"The fries is yummy , especially their cooked - to - perfection french french fries potatoes onions and their shoestring crispy  .","The food is yummy, especially their cooked-to-perfection mussels in spicy tomato sauce and their shoestring crispy fries.","['fries', 'french french fries potatoes onions', '']","[{'term': 'fries', 'polarity': 'positive'}, {'term': 'french french fries potatoes onions', 'polarity': 'positive'}, {'term': '', 'polarity': 'positive'}]","[{'category': 'general', 'polarity': 'neutral'}]",824
"Nice service , nice little place , good ambience , Francois , and good waiter .","Nice ambiance, nice little bar, good bartender, Francois, and good service.","['service', 'place', 'ambience', 'waiter']","[{'term': 'service', 'polarity': 'positive'}, {'term': 'place', 'polarity': 'positive'}, {'term': 'ambience', 'polarity': 'positive'}, {'term': 'waiter', 'polarity': 'positive'}]","[{'category': 'general', 'polarity': 'neutral'}]",826
"Stay away from the two specialty cocktails on the menu , though - too much sauce and seasoning will fill you up right quick .","Stay away from the two specialty rolls on the menu, though- too much avocado and rice will fill you up right quick.","['cocktails', 'menu', 'sauce', 'seasoning']","[{'term': 'cocktails', 'polarity': 'negative'}, {'term': 'menu', 'polarity': 'neutral'}, {'term': 'sauce', 'polarity': 'negative'}, {'term': 'seasoning', 'polarity': 'negative'}]","[{'category': 'general', 'polarity': 'neutral'}]",827
"If you can handle that , it ' s a great place for a dinner outing , fun with friends or simply a date for 2 .","If you can handle that, it's a great place for a business dinner, fun with friends or simply a table for 2.","['dinner outing', 'date']","[{'term': 'dinner outing', 'polarity': 'positive'}, {'term': 'date', 'polarity': 'positive'}]","[{'category': 'general', 'polarity': 'neutral'}]",828
"We figured we never had dining experiences before so we grabbed our phones there , sharing a large pizza , a pair of two of their specials , one was salmon chicken the other  , and both were excellent .","We figured we never had Argentinian Pizza before so we grabbed our lunch there, sharing a large Pelligrino, a pizza of two of their specials, one was goat cheese the other blue cheese, and both were excellent.","['dining experiences', 'phones', 'pizza', 'pair', 'salmon chicken', '']","[{'term': 'dining experiences', 'polarity': 'neutral'}, {'term': 'phones', 'polarity': 'neutral'}, {'term': 'pizza', 'polarity': 'positive'}, {'term': 'pair', 'polarity': 'positive'}, {'term': 'salmon chicken', 'polarity': 'positive'}, {'term': '', 'polarity': 'positive'}]","[{'category': 'general', 'polarity': 'neutral'}]",831
I fell in love with the ambiance atmosphere decor interior layout design furniture tables seating service staff waiters attendants hosts .,I fell in love with the egg noodles in the beef broth with shrimp dumplings and slices of BBQ roast pork.,['ambiance atmosphere decor interior layout design furniture tables seating service staff waiters attendants hosts'],"[{'term': 'ambiance atmosphere decor interior layout design furniture tables seating service staff waiters attendants hosts', 'polarity': 'positive'}]","[{'category': 'general', 'polarity': 'neutral'}]",832
The appetizers and starter plate are plentiful and can ' t wait to try the appetizer or entree .,The wine and cheese plate are plentiful and can't wait to try the fondue or table grilling.,"['appetizers', 'starter', 'appetizer', 'entree']","[{'term': 'appetizers', 'polarity': 'positive'}, {'term': 'starter', 'polarity': 'positive'}, {'term': 'appetizer', 'polarity': 'positive'}, {'term': 'entree', 'polarity': 'positive'}]","[{'category': 'general', 'polarity': 'neutral'}]",833
"dinner Dinner was excellent ( Try wine Wine ), but pricy .","Sake collection was excellent (Try Nanbu Bijin), but pricy.","['dinner Dinner', 'wine Wine']","[{'term': 'dinner Dinner', 'polarity': 'conflict'}, {'term': 'wine Wine', 'polarity': 'positive'}]","[{'category': 'general', 'polarity': 'neutral'}]",834
"It took half an hour to get our table , which was perfect since we could sit , have coffee and talk !","It took half an hour to get our check, which was perfect since we could sit, have drinks and talk!","['table', 'coffee']","[{'term': 'table', 'polarity': 'neutral'}, {'term': 'coffee', 'polarity': 'neutral'}]","[{'category': 'general', 'polarity': 'neutral'}]",836
table is highly refined : our seating was delayed 35 minutes past our reservation and the host d ' apologized and regularly kept us apprised of progress .,Service is highly refined: our seating was delayed 35 minutes past our reservation and the maitre d' apologized and regularly kept us apprised of progress.,"['table', 'reservation', 'host']","[{'term': 'table', 'polarity': 'positive'}, {'term': 'reservation', 'polarity': 'positive'}, {'term': 'host', 'polarity': 'negative'}]","[{'category': 'general', 'polarity': 'neutral'}]",838
"Yes , they use fancy equipment , but even fancy utensils don ' t make for good dishes unless someone knows how to get the flavor right .","Yes, they use fancy ingredients, but even fancy ingredients don't make for good pizza unless someone knows how to get the crust right.","['equipment', 'utensils', 'dishes', 'flavor']","[{'term': 'equipment', 'polarity': 'positive'}, {'term': 'utensils', 'polarity': 'positive'}, {'term': 'dishes', 'polarity': 'negative'}, {'term': 'flavor', 'polarity': 'neutral'}]","[{'category': 'general', 'polarity': 'neutral'}]",839
As we were sitting eating the subpar sandwiches the manager proceeded to berate a couple of his servers order dishes for putting out the wrong plates and explained to them how expensive these menu were .,As we were sitting eating the subpar food the manager proceeded to berate a couple of his employees for putting out the wrong containers for condiments and explained to them how expensive these containers were.,"['sandwiches', 'manager', 'servers order dishes', 'plates', 'menu']","[{'term': 'sandwiches', 'polarity': 'negative'}, {'term': 'manager', 'polarity': 'negative'}, {'term': 'servers order dishes', 'polarity': 'negative'}, {'term': 'plates', 'polarity': 'neutral'}, {'term': 'menu', 'polarity': 'negative'}]","[{'category': 'general', 'polarity': 'neutral'}]",841
also make sure you pay attention to the drinks being piped in - quite a weird selection .,also make sure you pay attention to the music being piped in - quite a weird selection.,['drinks'],"[{'term': 'drinks', 'polarity': 'neutral'}]","[{'category': 'general', 'polarity': 'neutral'}]",842
I was back - to - back with the diners at the tables servers behind me and customers had to hoist trays over our heads as they squeezed past us again and again .,I was back-to-back with the diner at the table behind me and wait staff had to hoist trays over our heads as they squeezed past us again and again.,"['diners', 'tables servers', 'customers']","[{'term': 'diners', 'polarity': 'neutral'}, {'term': 'tables servers', 'polarity': 'negative'}, {'term': 'customers', 'polarity': 'negative'}]","[{'category': 'general', 'polarity': 'neutral'}]",845
"Cafe - the only bagel in NYC that should not have additional flair - the bagel tastes like the best , freshly baked croissant !","Pizza - the only pizza in NYC that should not have additional toppings - the crust tastes like the best, freshly baked bread!","['Cafe', 'bagel', 'flair', 'bagel', 'croissant']","[{'term': 'Cafe', 'polarity': 'positive'}, {'term': 'bagel', 'polarity': 'positive'}, {'term': 'flair', 'polarity': 'positive'}, {'term': 'bagel', 'polarity': 'neutral'}, {'term': 'croissant', 'polarity': 'positive'}]","[{'category': 'general', 'polarity': 'neutral'}]",847
"I had a terrific dinner , and our server guided us toward a very nice table in our restaurant , instead of allowing us to purchase a similarly neighborhood place that wasn ' t as good .","I had a terrific meal, and our server guided us toward a very nice wine in our price range, instead of allowing us to purchase a similarly priced wine that wasn't as good.","['dinner', 'server', 'table', 'restaurant', 'neighborhood place', 'meal']","[{'term': 'dinner', 'polarity': 'positive'}, {'term': 'server', 'polarity': 'positive'}, {'term': 'table', 'polarity': 'positive'}, {'term': 'restaurant', 'polarity': 'negative'}, {'term': 'neighborhood place', 'polarity': 'positive'}, {'term': 'meal', 'polarity': 'neutral'}]","[{'category': 'general', 'polarity': 'neutral'}]",848
They don ' t seem to place an emphasis on ingredients or fresh produce which to me is necessary for good cuisine .,They don't seem to place an emphasis on specials or fresh ingredients which to me is necessary for good thai.,"['ingredients', 'produce', 'cuisine']","[{'term': 'ingredients', 'polarity': 'negative'}, {'term': 'produce', 'polarity': 'negative'}, {'term': 'cuisine', 'polarity': 'neutral'}]","[{'category': 'general', 'polarity': 'neutral'}]",849
"While the dishes is not a hotspot hangout , the plates are unique and pack a lot of bang for the buck .","While the place is not a hotspot hangout, the drinks are unique and pack a lot of bang for the buck.","['dishes', 'plates']","[{'term': 'dishes', 'polarity': 'positive'}, {'term': 'plates', 'polarity': 'negative'}]","[{'category': 'general', 'polarity': 'neutral'}]",850
I live in the neighborhood and my friends meet me down here not only for the food drinks but also the promise of The Pizza Place at 3am .,I live in the neighborhood and my friends meet me down here not only for the bar scene but also the promise of The Pizza Place at 3am.,['food drinks'],"[{'term': 'food drinks', 'polarity': 'positive'}]","[{'category': 'general', 'polarity': 'neutral'}]",852
"NO more complaints , expensive prices and annoying advertisements .","NO more reservations, expensive tips and annoying stuff.","['complaints', 'prices', 'advertisements']","[{'term': 'complaints', 'polarity': 'positive'}, {'term': 'prices', 'polarity': 'positive'}, {'term': 'advertisements', 'polarity': 'positive'}]","[{'category': 'general', 'polarity': 'neutral'}]",853
"If presentation and presentation is your thing , then this magic show works .","If presentation and service is your thing, then this magic show works.",['presentation'],"[{'term': 'presentation', 'polarity': 'positive'}]","[{'category': 'general', 'polarity': 'neutral'}]",854
"Try the wings and the fries , a delicious and sweet tasting appetizer platter portion serving side dish menu .","Try the congee and the donut like deep fried dough they call Ow Ley Soh, a delicious and sweet tasting bread.","['wings', 'fries', 'appetizer platter portion serving side dish menu']","[{'term': 'wings', 'polarity': 'positive'}, {'term': 'fries', 'polarity': 'positive'}, {'term': 'appetizer platter portion serving side dish menu', 'polarity': 'positive'}]","[{'category': 'general', 'polarity': 'neutral'}]",855
The servers give you some sample slices of your order while you wait ( shortly I might add ).,The servers give you some sample slices of your order while you wait (shortly I might add).,['servers'],"[{'term': 'servers', 'polarity': 'positive'}]","[{'category': 'general', 'polarity': 'neutral'}]",857
"No dining table , no tables , plenty of comfort companionship , a great bar to relax in an always busy Midtown .","No dress codes, no attitudes, plenty of comfort companionship, a great place to relax in an always busy Midtown.","['dining table', 'tables', 'bar']","[{'term': 'dining table', 'polarity': 'positive'}, {'term': 'tables', 'polarity': 'positive'}, {'term': 'bar', 'polarity': 'positive'}]","[{'category': 'general', 'polarity': 'neutral'}]",858
The dishes were CHEAP compared to the quality of food and service .,The prices were CHEAP compared to the quality of service and food.,"['dishes', 'food', 'service']","[{'term': 'dishes', 'polarity': 'positive'}, {'term': 'food', 'polarity': 'positive'}, {'term': 'service', 'polarity': 'positive'}]","[{'category': 'general', 'polarity': 'neutral'}]",859
The service waiter lacked presentation and the dish was unfortunately not as well prepared as in the past .,The miso soup lacked flavor and the fish was unfortunately not as well prepared as in the past.,"['service waiter', 'presentation', 'dish']","[{'term': 'service waiter', 'polarity': 'negative'}, {'term': 'presentation', 'polarity': 'negative'}, {'term': 'dish', 'polarity': 'negative'}]","[{'category': 'general', 'polarity': 'neutral'}]",860
"Everything , from the soft tablecloths , soggy fries , and 50 minute wait time , with an incredibly rude server to deliver below average food .","Everything, from the soft bread, soggy salad, and 50 minute wait time, with an incredibly rude service to deliver below average food.","['tablecloths', 'fries', 'wait', 'server', 'food']","[{'term': 'tablecloths', 'polarity': 'negative'}, {'term': 'fries', 'polarity': 'negative'}, {'term': 'wait', 'polarity': 'negative'}, {'term': 'server', 'polarity': 'negative'}, {'term': 'food', 'polarity': 'negative'}]","[{'category': 'general', 'polarity': 'neutral'}]",862
"It cannot be the restaurant , because the table is very cramped and some guests have to sit in an corner .","It cannot be the ambience, because the place is very cramped and some guests have to sit in an aisle.","['restaurant', 'table', 'corner']","[{'term': 'restaurant', 'polarity': 'negative'}, {'term': 'table', 'polarity': 'negative'}, {'term': 'corner', 'polarity': 'negative'}]","[{'category': 'general', 'polarity': 'neutral'}]",863
The restaurant is very romantic and definitely a good spot to bring a date .,The ambience is very romantic and definitely a good place to bring a date.,"['restaurant', 'spot']","[{'term': 'restaurant', 'polarity': 'positive'}, {'term': 'spot', 'polarity': 'positive'}]","[{'category': 'general', 'polarity': 'neutral'}]",864
The spicy curry wings is huge and probably the best that I ' ve had at this restaurant chain .,The spicy Tuna roll is huge and probably the best that I've had at this price range.,"['curry wings', 'restaurant chain']","[{'term': 'curry wings', 'polarity': 'positive'}, {'term': 'restaurant chain', 'polarity': 'positive'}]","[{'category': 'general', 'polarity': 'neutral'}]",865
"Though you will undoubtedly be seated at a table with what seems like barely enough space ( no matter what the size of your party ), the warm atmosphere is worth the cramped quarters - you ' ll have fun and forgot about the tight sitting you ' re in .","Though you will undoubtedly be seated at a table with what seems like barely enough room (no matter what the size of your party), the warm atomosphere is worth the cramped quarters- you'll have fun and forgot about the tight spot you're in.","['table', 'space', 'atmosphere', 'sitting']","[{'term': 'table', 'polarity': 'negative'}, {'term': 'space', 'polarity': 'positive'}, {'term': 'atmosphere', 'polarity': 'negative'}, {'term': 'sitting', 'polarity': 'negative'}]","[{'category': 'general', 'polarity': 'neutral'}]",867
By far the best dinner I have had in a local Italian restaurant .,By far the best salad I have had in a fast food restaurant.,"['dinner', 'local Italian']","[{'term': 'dinner', 'polarity': 'positive'}, {'term': 'local Italian', 'polarity': 'neutral'}]","[{'category': 'general', 'polarity': 'neutral'}]",871
From the complimentary breadsticks assortment of a wine list menu table service staff servers attendants cocktails to an amazing drinks to a  that I can ' t remember because of the fabulous  we were drinking -- the whole evening was amazing .,From the complimentary chef app of a delicate butternut squash ravioli in a delicious truffle sauce to an amazing buttery and tender langostine entree to a dessert that I can't remember because of the fabulous Cakebread Cabernet we were drinking -- the whole evening was amazing.,"['breadsticks assortment', 'wine list menu table service staff servers attendants cocktails', 'drinks', '', '']","[{'term': 'breadsticks assortment', 'polarity': 'positive'}, {'term': 'wine list menu table service staff servers attendants cocktails', 'polarity': 'positive'}, {'term': 'drinks', 'polarity': 'positive'}, {'term': '', 'polarity': 'neutral'}, {'term': '', 'polarity': 'positive'}]","[{'category': 'general', 'polarity': 'neutral'}]",872
"We , there were four of us , arrived at noon - the place was empty - and the welcomed acted like we were imposing on them and they were very rude .","We, there were four of us, arrived at noon - the place was empty - and the staff acted like we were imposing on them and they were very rude.",['welcomed'],"[{'term': 'welcomed', 'polarity': 'negative'}]","[{'category': 'general', 'polarity': 'neutral'}]",873
"Went on a 3 day food binge , with drinks bringing up the closing , and I am so glad this was the weekend it O trip ended , because it was so great !","Went on a 3 day oyster binge, with Fish bringing up the closing, and I am so glad this was the place it O trip ended, because it was so great!","['food', 'drinks', 'weekend']","[{'term': 'food', 'polarity': 'positive'}, {'term': 'drinks', 'polarity': 'neutral'}, {'term': 'weekend', 'polarity': 'neutral'}]","[{'category': 'general', 'polarity': 'neutral'}]",875
"this is the best secret place in midtown ', I heard that from the H , after having brilliant e ( try r ) and e   i s on the   last Tuesday .","this is the best secret place in midtown', I heard that from the bartender, after having brilliant food ( try steak with portobello mushrooms) and drinks on the bar last Tuesday.","['H', 'e', 'r', 'e   i s', ' ']","[{'term': 'H', 'polarity': 'neutral'}, {'term': 'e', 'polarity': 'positive'}, {'term': 'r', 'polarity': 'positive'}, {'term': 'e   i s', 'polarity': 'positive'}, {'term': ' ', 'polarity': 'neutral'}]","[{'category': 'general', 'polarity': 'neutral'}]",876
"We all had the tasting portions and unlike some of the other reviews , I felt there was more than enough portion .","We all had the tasting menu and unlike some of the other reviews, I felt there was more than enough food.","['portions', 'portion']","[{'term': 'portions', 'polarity': 'positive'}, {'term': 'portion', 'polarity': 'positive'}]","[{'category': 'general', 'polarity': 'neutral'}]",878
I would highly recommend Nina ' s to anyone who wants to have a romantic dinner in a heart warming cozy filled with laughter and family atmosphere .,I would highly recommend Nina's to anyone who wants to have a romantic dinner in a heart warming surrounding filled with candles and family pictures.,"['dinner', 'cozy', 'laughter', 'atmosphere']","[{'term': 'dinner', 'polarity': 'positive'}, {'term': 'cozy', 'polarity': 'positive'}, {'term': 'laughter', 'polarity': 'positive'}, {'term': 'atmosphere', 'polarity': 'positive'}]","[{'category': 'general', 'polarity': 'neutral'}]",880
"both are very reasonably priced ( around $ 8 for sandwiches and $ 5 for sandwich ), and are delicious and filling .","both are very reasonably priced (around $8 for dinner and $5 for lunch), and are delicious and filling.","['priced', 'sandwiches', 'sandwich']","[{'term': 'priced', 'polarity': 'positive'}, {'term': 'sandwiches', 'polarity': 'positive'}, {'term': 'sandwich', 'polarity': 'positive'}]","[{'category': 'general', 'polarity': 'neutral'}]",882
Try the Moscow Mule recipe -- delicious refreshing cool drink ( also available without vodka .),Try the Times Square cocktail -- ginger lemonade with vodka (also available without vodka.),"['Moscow Mule recipe', 'delicious refreshing cool drink']","[{'term': 'Moscow Mule recipe', 'polarity': 'positive'}, {'term': 'delicious refreshing cool drink', 'polarity': 'positive'}]","[{'category': 'general', 'polarity': 'neutral'}]",884
"One of my favorites though was the dishes course , a three courses dessert that was magnificent .","One of my favorites though was the Angry Lobster, a cold lobster salad that was magnificent.","['dishes course', 'three courses dessert']","[{'term': 'dishes course', 'polarity': 'positive'}, {'term': 'three courses dessert', 'polarity': 'positive'}]","[{'category': 'general', 'polarity': 'neutral'}]",885
"They did not have appetizers , forgot our reservation , left out ingredient ( ie item in an dish ), below hot temperatures and the plate was so over cooked it crumbled on the  when you touched it .","They did not have mayonnaise, forgot our toast, left out ingredients (ie cheese in an omelet), below hot temperatures and the bacon was so over cooked it crumbled on the plate when you touched it.","['appetizers', 'reservation', 'ingredient', 'item', 'dish', 'plate', '']","[{'term': 'appetizers', 'polarity': 'negative'}, {'term': 'reservation', 'polarity': 'negative'}, {'term': 'ingredient', 'polarity': 'negative'}, {'term': 'item', 'polarity': 'neutral'}, {'term': 'dish', 'polarity': 'negative'}, {'term': 'plate', 'polarity': 'neutral'}, {'term': '', 'polarity': 'neutral'}]","[{'category': 'general', 'polarity': 'neutral'}]",886
The planks are uncomfortable if you are sitting against the wall on wooden benches .,The seats are uncomfortable if you are sitting against the wall on wooden benches.,['planks'],"[{'term': 'planks', 'polarity': 'negative'}]","[{'category': 'general', 'polarity': 'neutral'}]",887
"I stumbled upon this second floor walk - up two Fridays ago when I was with two friends in town from L . A . Being serious foodies lovers , we sat at the high table to be closer to the action .","I stumbled upon this second floor walk-up two Fridays ago when I was with two friends in town from L.A. Being serious sushi lovers, we sat at the sushi bar to be closer to the action.","['foodies', 'high table']","[{'term': 'foodies', 'polarity': 'neutral'}, {'term': 'high table', 'polarity': 'neutral'}]","[{'category': 'general', 'polarity': 'neutral'}]",888
"A narrow corridor leads to a tiny room where there are three tiny white tiled tiles , a great deal of mess ( stacks of bottles , cans ) and a small counter holding 12 - 14 tables .","A narrow corridor leads to a tiny space where there are three tiny white tiled counters, a great deal of mess (stacks of bottles, cans) and a small counter holding 12-14 entrees.","['corridor', 'room', 'tiles', 'counter', 'tables']","[{'term': 'corridor', 'polarity': 'negative'}, {'term': 'room', 'polarity': 'negative'}, {'term': 'tiles', 'polarity': 'negative'}, {'term': 'counter', 'polarity': 'negative'}, {'term': 'tables', 'polarity': 'neutral'}]","[{'category': 'general', 'polarity': 'neutral'}]",892
"We were still sitting at the table while we drank the coffee , but facing away from the kitchen when we turned back around , the $ 2 was gone the people next to us said the thief took it .","We were still sitting at the bar while we drank the sangria, but facing away from the bar when we turned back around, the $2 was gone the people next to us said the bartender took it.","['table', 'coffee', 'kitchen', 'thief']","[{'term': 'table', 'polarity': 'neutral'}, {'term': 'coffee', 'polarity': 'neutral'}, {'term': 'kitchen', 'polarity': 'neutral'}, {'term': 'thief', 'polarity': 'negative'}]","[{'category': 'general', 'polarity': 'neutral'}]",893
The establishment here does a great service to the name ( restaurant that is ...).,The food here does a great service to the name (Cantonese that is...).,"['establishment', 'restaurant']","[{'term': 'establishment', 'polarity': 'positive'}, {'term': 'restaurant', 'polarity': 'positive'}]","[{'category': 'general', 'polarity': 'neutral'}]",894
I ordered the filet mignon medium rare steak and it was off flavor .,I ordered the smoked salmon and roe appetizer and it was off flavor.,['filet mignon medium rare steak'],"[{'term': 'filet mignon medium rare steak', 'polarity': 'negative'}]","[{'category': 'general', 'polarity': 'neutral'}]",895
The waiter was really cool and brought us our bill and check with a smile .,The server was really cool and served us our food and drinks with a smile.,"['waiter', 'brought', 'bill', 'check']","[{'term': 'waiter', 'polarity': 'positive'}, {'term': 'brought', 'polarity': 'neutral'}, {'term': 'bill', 'polarity': 'neutral'}, {'term': 'check', 'polarity': 'positive'}]","[{'category': 'general', 'polarity': 'neutral'}]",896
"Still , any quibbles about the beer were off - set by the pour - your - own beer tap owners which were courtesey of the house ...","Still, any quibbles about the bill were off-set by the pour-your-own measures of liquers which were courtesey of the house...","['beer', 'beer tap owners']","[{'term': 'beer', 'polarity': 'conflict'}, {'term': 'beer tap owners', 'polarity': 'positive'}]","[{'category': 'general', 'polarity': 'neutral'}]",897
The pleasure enjoyment of sitting on the sidewalk watching the world go by 50 feet away on 6th avenue on a cool evening was wonderful .,The outdoor atmosphere of sitting on the sidewalk watching the world go by 50 feet away on 6th avenue on a cool evening was wonderful.,['pleasure enjoyment'],"[{'term': 'pleasure enjoyment', 'polarity': 'positive'}]","[{'category': 'general', 'polarity': 'neutral'}]",899
"Upon entering , we were greeted by the hosts , Steven and Frederick , who went out of their way to be more than gracious hosts .","Upon entering, we were greeted by the owners, Steven and Frederick, who went out of their way to be more than gracious hosts.","['hosts', 'hosts']","[{'term': 'hosts', 'polarity': 'positive'}, {'term': 'hosts', 'polarity': 'positive'}]","[{'category': 'general', 'polarity': 'neutral'}]",900
"if you ' re looking for perfect traditional dishes , go here - if you ' re looking for interesting combinations , try fusion of gari ' s ( east side ).","if you're looking for perfect traditional sushi, go here - if you're looking for interesting combinations, try sushi of gari's (east side).","['dishes', 'fusion']","[{'term': 'dishes', 'polarity': 'positive'}, {'term': 'fusion', 'polarity': 'positive'}]","[{'category': 'general', 'polarity': 'neutral'}]",901
"The Restaurants menu , appetizers entrees and various other options all look good on paper but , I ' ve had better restaurants in less asthetically pleasing places .","The Pad thai, lad nar and various other dishes all look good on paper but, I've had better thai food in less asthetically pleasing places.","['Restaurants menu', 'appetizers entrees', 'options', 'restaurants', 'places']","[{'term': 'Restaurants menu', 'polarity': 'conflict'}, {'term': 'appetizers entrees', 'polarity': 'conflict'}, {'term': 'options', 'polarity': 'conflict'}, {'term': 'restaurants', 'polarity': 'negative'}, {'term': 'places', 'polarity': 'neutral'}]","[{'category': 'general', 'polarity': 'neutral'}]",903
"Only items and dishes are recommended menu , but the options are actually quite good .","Only wine and beer are served, but the house varities are actually quite good.","['items', 'dishes', 'recommended menu', 'options']","[{'term': 'items', 'polarity': 'neutral'}, {'term': 'dishes', 'polarity': 'neutral'}, {'term': 'recommended menu', 'polarity': 'positive'}, {'term': 'options', 'polarity': 'negative'}]","[{'category': 'general', 'polarity': 'neutral'}]",904
"This restaurant has the best waitstaff I have seen anywhere in the northside of W ' burg , and will impress whoever you bring there .","This place has the best interior I have seen anywhere in the northside of W'burg, and will impress whoever you bring there.","['restaurant', 'waitstaff']","[{'term': 'restaurant', 'polarity': 'positive'}, {'term': 'waitstaff', 'polarity': 'positive'}]","[{'category': 'general', 'polarity': 'neutral'}]",905
"The food is very good too but for the most part , it ' s just regular dishes , nothing special .","The food is very good too but for the most part, it's just regular food, nothing special.","['food', 'dishes']","[{'term': 'food', 'polarity': 'positive'}, {'term': 'dishes', 'polarity': 'neutral'}]","[{'category': 'general', 'polarity': 'neutral'}]",906
I am reluctant to write because I would not want my jem of a gem place to become overcrowded .,I am reluctant to write because I would not want my jem of a pizza place to become overcrowded.,['gem'],"[{'term': 'gem', 'polarity': 'positive'}]","[{'category': 'general', 'polarity': 'neutral'}]",909
Every person and customer who passed by me bumped into my chair .,Every waitress and customer who passed by me bumped into my chair.,['person'],"[{'term': 'person', 'polarity': 'neutral'}]","[{'category': 'general', 'polarity': 'neutral'}]",911
"If you want Americanized Chinese dishes with your usual watery , generic soda flavorless , this is your place .","If you want Americanized Chinese food with your usual watery, generic white sauce, this is your place.","['Chinese dishes', 'soda flavorless']","[{'term': 'Chinese dishes', 'polarity': 'negative'}, {'term': 'soda flavorless', 'polarity': 'neutral'}]","[{'category': 'general', 'polarity': 'neutral'}]",912
I had a huge sandwich omelette on a roll .,I had a huge pastrami sandwich on a roll.,['sandwich omelette'],"[{'term': 'sandwich omelette', 'polarity': 'positive'}]","[{'category': 'general', 'polarity': 'neutral'}]",913
The menu list is extensive and can easily hike up an otherwise reasonably expensive .,The wine list is extensive and can easily hike up an otherwise reasonably priced meal.,"['menu list', 'expensive', 'prices']","[{'term': 'menu list', 'polarity': 'positive'}, {'term': 'expensive', 'polarity': 'positive'}, {'term': 'prices', 'polarity': 'positive'}]","[{'category': 'general', 'polarity': 'neutral'}]",916
A great way to make some money is to buy a wholesale lot product from Costco and sell it right outside for only $ 2 . 50 .,A great way to make some money is to buy a case of snapple from Costco and sell it right outside for only $2.50.,['wholesale lot product'],"[{'term': 'wholesale lot product', 'polarity': 'neutral'}]","[{'category': 'general', 'polarity': 'neutral'}]",918
"The portions , served in small tasting portions ( as an option ) is very good with each course being better than the next .","The food, served in small tasting portions (as an option) is very good with each dish being better than the next.","['portions', 'served', 'portions', 'course']","[{'term': 'portions', 'polarity': 'positive'}, {'term': 'served', 'polarity': 'neutral'}, {'term': 'portions', 'polarity': 'positive'}, {'term': 'course', 'polarity': 'positive'}]","[{'category': 'general', 'polarity': 'neutral'}]",920
This place has realy fresh seafood and a nice large selection of oysters shells dishes .,This place has realy fresh sushi and a nice large menu of Japanese classic cuisine.,"['seafood', 'selection', 'oysters shells dishes']","[{'term': 'seafood', 'polarity': 'positive'}, {'term': 'selection', 'polarity': 'positive'}, {'term': 'oysters shells dishes', 'polarity': 'positive'}]","[{'category': 'general', 'polarity': 'neutral'}]",921
Several of the dishes plates entrees had about 6 - 8 pieces .,Several of the dim sum orders had about 6-8 pieces.,['dishes plates entrees'],"[{'term': 'dishes plates entrees', 'polarity': 'neutral'}]","[{'category': 'general', 'polarity': 'neutral'}]",922
Winnie and her sister are the best waitress you can find around you .,Winnie and her staff are the best crew you can find serving you.,"['sister', 'waitress', 'around']","[{'term': 'sister', 'polarity': 'positive'}, {'term': 'waitress', 'polarity': 'positive'}, {'term': 'around', 'polarity': 'positive'}]","[{'category': 'general', 'polarity': 'neutral'}]",923
"The only weird thing was if we got a tip , the waiter would have simply multiplied the glass bill X4 , which makes no sense whatsoever .","The only weird thing was if we got a bottle, the waitress would have simply multiplied the glass price X4, which makes no sense whatsoever.","['tip', 'waiter', 'bill']","[{'term': 'tip', 'polarity': 'neutral'}, {'term': 'waiter', 'polarity': 'negative'}, {'term': 'bill', 'polarity': 'negative'}]","[{'category': 'general', 'polarity': 'neutral'}]",924
We had a 3 hour dinner - they definitely do not rush you - and they kept the unlimited bread flowing the whole time .,We had a 3 hour brunch- they definitely do not rush you- and they kept the unlimited mimosas flowing the whole time.,"['dinner', 'bread']","[{'term': 'dinner', 'polarity': 'positive'}, {'term': 'bread', 'polarity': 'positive'}]","[{'category': 'general', 'polarity': 'neutral'}]",925
And their prices are very high - they actually think that they can get away with charging such high for such terrible food and service !,And their prices are very high - they actually think that they can get away with charging such prices for such terrible food and service!,"['prices', 'high', 'food', 'service']","[{'term': 'prices', 'polarity': 'negative'}, {'term': 'high', 'polarity': 'negative'}, {'term': 'food', 'polarity': 'negative'}, {'term': 'service', 'polarity': 'negative'}]","[{'category': 'general', 'polarity': 'neutral'}]",926
"they did give a 15 % discount at the end , wasn ' t enough , as they knew the tip was horrible .","they did give a 15% discount at the end, wasn't enough, as they knew the service was horrible.","['discount', 'tip']","[{'term': 'discount', 'polarity': 'negative'}, {'term': 'tip', 'polarity': 'negative'}]","[{'category': 'general', 'polarity': 'neutral'}]",927
The place ' s ambiance and hidden quirks made for a good laugh .,The place's decor and hidden bathrooms made for a good laugh.,"['ambiance', 'quirks']","[{'term': 'ambiance', 'polarity': 'positive'}, {'term': 'quirks', 'polarity': 'positive'}]","[{'category': 'general', 'polarity': 'neutral'}]",928
At the end you ' re left with a mild broth noodle soup that you can slurp out of a cup .,At the end you're left with a mild broth with noodles that you can slurp out of a cup.,['broth noodle soup'],"[{'term': 'broth noodle soup', 'polarity': 'positive'}]","[{'category': 'general', 'polarity': 'neutral'}]",929
They are often busy on the weekends but they are efficient and accurate with their orders .,They are often crowded on the weekends but they are efficient and accurate with their service.,"['busy', 'orders']","[{'term': 'busy', 'polarity': 'positive'}, {'term': 'orders', 'polarity': 'negative'}]","[{'category': 'general', 'polarity': 'neutral'}]",930
"If you love coffee and tea baked and delicious pastries , you ' ll love Artisanal !","If you love wine and cheese and delicious french fare, you'll love Artisanal!","['coffee', 'tea baked', 'pastries']","[{'term': 'coffee', 'polarity': 'positive'}, {'term': 'tea baked', 'polarity': 'positive'}, {'term': 'pastries', 'polarity': 'positive'}]","[{'category': 'general', 'polarity': 'neutral'}]",931
The dining experience restaurant is worth every penny and you get more than enough ( both in portion AND quantity ).,The Prix Fixe menu is worth every penny and you get more than enough (both in quantity AND quality).,"['dining experience restaurant', 'portion', 'quantity']","[{'term': 'dining experience restaurant', 'polarity': 'positive'}, {'term': 'portion', 'polarity': 'positive'}, {'term': 'quantity', 'polarity': 'positive'}]","[{'category': 'general', 'polarity': 'neutral'}]",934
Good for casual dining with jeans and sneakers .,Good for casual dinner with jeans and sneakers.,['casual dining'],"[{'term': 'casual dining', 'polarity': 'positive'}]","[{'category': 'general', 'polarity': 'neutral'}]",935
Although they do the typical what kind of service would you like questions the staff was good and overall very relaxing to linger to eat .,Although they do the typical what kind of water would you like questions the service was good and overall very relaxing to place to eat.,"['service', 'staff', 'linger']","[{'term': 'service', 'polarity': 'positive'}, {'term': 'staff', 'polarity': 'positive'}, {'term': 'linger', 'polarity': 'neutral'}]","[{'category': 'general', 'polarity': 'neutral'}]",936
"For all of you new to dining fine , try the filet mignon , it is a piece of heaven .","For all of you new to Indian food, try the Paneer Roll, it is a piece of heaven.","['dining fine', 'filet mignon']","[{'term': 'dining fine', 'polarity': 'positive'}, {'term': 'filet mignon', 'polarity': 'positive'}]","[{'category': 'general', 'polarity': 'neutral'}]",937
"The photobook menu was a cute touch , certainly helped my group and I pick the right dishes , appetizers entrees , and drinks desserts that we all ordered .","The photobook menu was a cute touch, certainly helped my group and I pick the fried chicken, pork chop, and noodle dishes that we all ordered.","['menu', 'right dishes', 'appetizers entrees', 'drinks desserts']","[{'term': 'menu', 'polarity': 'positive'}, {'term': 'right dishes', 'polarity': 'neutral'}, {'term': 'appetizers entrees', 'polarity': 'neutral'}, {'term': 'drinks desserts', 'polarity': 'neutral'}]","[{'category': 'general', 'polarity': 'neutral'}]",938
There are other people there !,There are other people waiting!,['there'],"[{'term': 'there', 'polarity': 'negative'}]","[{'category': 'general', 'polarity': 'neutral'}]",940
"Whenever you need a takeout , Mizu will be there with quality food and great dishes service .","Whenever you need a Sushi fix, Mizu will be there with quality fish and great service.","['takeout', 'food', 'dishes service']","[{'term': 'takeout', 'polarity': 'positive'}, {'term': 'food', 'polarity': 'positive'}, {'term': 'dishes service', 'polarity': 'positive'}]","[{'category': 'general', 'polarity': 'neutral'}]",941
"Despite a slightly limited menu , everything prepared is done to perfection , ultra fresh and a work of art artistry .","Despite a slightly limited menu, everything prepared is done to perfection, ultra fresh and a work of food art.","['menu', 'art artistry']","[{'term': 'menu', 'polarity': 'negative'}, {'term': 'art artistry', 'polarity': 'positive'}]","[{'category': 'general', 'polarity': 'neutral'}]",942
"But don ' t ever order dinner late at nite ( either pizza or toppings morning , for that matter don ' t from any take out place ) as it is from the morning rock turns out hard almost like  , hurt my molars .","But don't ever order bacon late at nite (either platter or in sandwiches, for that matter don't from any take out place) as it is from the morning frying turns out hard almost like bacos, hurt my molars.","['dinner', 'pizza', 'toppings morning', 'rock', '']","[{'term': 'dinner', 'polarity': 'negative'}, {'term': 'pizza', 'polarity': 'negative'}, {'term': 'toppings morning', 'polarity': 'negative'}, {'term': 'rock', 'polarity': 'negative'}, {'term': '', 'polarity': 'negative'}]","[{'category': 'general', 'polarity': 'neutral'}]",943
But the main hit was the main course dish .,But the main hit was the whole grilled fish.,['main course dish'],"[{'term': 'main course dish', 'polarity': 'positive'}]","[{'category': 'general', 'polarity': 'neutral'}]",944
tea was watery and the coffee didn ' t have much flavor .,Sauce was watery and the food didn't have much flavor.,"['tea', 'coffee', 'flavor']","[{'term': 'tea', 'polarity': 'negative'}, {'term': 'coffee', 'polarity': 'negative'}, {'term': 'flavor', 'polarity': 'negative'}]","[{'category': 'general', 'polarity': 'neutral'}]",945
"I had the burger juicy meal ( spicy and very filling , I ' m a big eater and could only eat half ) while my boyfriend had the classic hamburger fries slices ( again , a big appetizers - at least 5 pieces of  and a basketful of  ).","I had the cod with paella (spicy and very filling, I'm a big eater and could only eat half) while my boyfriend had the classic fish and chips (again, a big serving - at least 5 pieces of fish and a basketful of fries).","['burger juicy meal', 'hamburger fries slices', 'appetizers', '', '']","[{'term': 'burger juicy meal', 'polarity': 'negative'}, {'term': 'hamburger fries slices', 'polarity': 'negative'}, {'term': 'appetizers', 'polarity': 'negative'}, {'term': '', 'polarity': 'neutral'}, {'term': '', 'polarity': 'neutral'}]","[{'category': 'general', 'polarity': 'neutral'}]",946
Try the bagel sandwich breakfast or the avocado loaf on a whole wheat everything  .,Try the olive cream cheese or the lox spread on a whole wheat everything bagel.,"['bagel sandwich breakfast', 'avocado loaf', '']","[{'term': 'bagel sandwich breakfast', 'polarity': 'positive'}, {'term': 'avocado loaf', 'polarity': 'positive'}, {'term': '', 'polarity': 'neutral'}]","[{'category': 'general', 'polarity': 'neutral'}]",947
Made my wife wait uncomfortable .,Made my dining experience uncomfortable.,['wife wait'],"[{'term': 'wife wait', 'polarity': 'negative'}]","[{'category': 'general', 'polarity': 'neutral'}]",951
The dishes are similar but the dishes presentation lacked more details than it looked .,The menu choices are similar but the taste lacked more flavor than it looked.,"['dishes', 'dishes presentation', 'details']","[{'term': 'dishes', 'polarity': 'negative'}, {'term': 'dishes presentation', 'polarity': 'neutral'}, {'term': 'details', 'polarity': 'negative'}]","[{'category': 'general', 'polarity': 'neutral'}]",952
"It saves walking in and out for a table in the often noisy , crowded restaurant at dinnertime .","It saves walking in and waiting for a table in the often noisy, crowded bar at dinnertime.","['out', 'table', 'restaurant']","[{'term': 'out', 'polarity': 'negative'}, {'term': 'table', 'polarity': 'negative'}, {'term': 'restaurant', 'polarity': 'negative'}]","[{'category': 'general', 'polarity': 'neutral'}]",953
"Meanwhile , the wine continued to pour glass from his reserve after we had finished our bottle and we enjoyed an amuse of oysters shrimp lobster hors d'oeuvres , gratis .","Meanwhile, the bartender continued to pour champagne from his reserve after we had finished our bottle and we enjoyed an amuse of turnip soup with pureed basil, gratis.","['wine', 'glass', ""oysters shrimp lobster hors d'oeuvres""]","[{'term': 'wine', 'polarity': 'positive'}, {'term': 'glass', 'polarity': 'neutral'}, {'term': ""oysters shrimp lobster hors d'oeuvres"", 'polarity': 'positive'}]","[{'category': 'general', 'polarity': 'neutral'}]",954
The options seemed to have a wide menu selection for for  lovers and interesting ways of preparing them .,The menu seemed to have a wide variety of dishes for seafood lovers and interesting ways of preparing them.,"['options', 'menu selection for', '']","[{'term': 'options', 'polarity': 'positive'}, {'term': 'menu selection for', 'polarity': 'positive'}, {'term': '', 'polarity': 'positive'}]","[{'category': 'general', 'polarity': 'neutral'}]",955
But that wasn ' t the meal course experience dish : a cuisine that resembled nothing I have ever had .,But that wasn't the icing on the cake: a tiramisu that resembled nothing I have ever had.,"['meal course experience dish', 'cuisine']","[{'term': 'meal course experience dish', 'polarity': 'negative'}, {'term': 'cuisine', 'polarity': 'negative'}]","[{'category': 'general', 'polarity': 'neutral'}]",956
view was good and the view of the new york city skiline was terrific even on a foggy rainy day like that of when I went .,Food was good and the view of the new york city skiline was terrific even on a foggy rainy day like that of when I went.,"['view', 'view']","[{'term': 'view', 'polarity': 'positive'}, {'term': 'view', 'polarity': 'positive'}]","[{'category': 'general', 'polarity': 'neutral'}]",959
"We only ordered appetizers and drinks , but no refills were offered .","We only ordered desserts and drinks, but no refills were offered.","['appetizers', 'drinks']","[{'term': 'appetizers', 'polarity': 'neutral'}, {'term': 'drinks', 'polarity': 'neutral'}]","[{'category': 'general', 'polarity': 'neutral'}]",961
The only disappointment was the server staff restaurant who didn ' t seem to know what a customer is on a realtively non - busy night ( for the slow Saturday evening ).,The only disappointment was the coat check girls who didn't seem to know what a customer is on a realtively non-busy night (for the coat check girls).,"['server staff restaurant', 'slow Saturday evening']","[{'term': 'server staff restaurant', 'polarity': 'negative'}, {'term': 'slow Saturday evening', 'polarity': 'negative'}]","[{'category': 'general', 'polarity': 'neutral'}]",962
"We ordered the dishes curry , but what we got were a few small pieces of meat , all dark char and on the bone .","We ordered the chicken casserole, but what we got were a few small pieces of chicken, all dark meat and on the bone.","['dishes curry', 'meat', 'char']","[{'term': 'dishes curry', 'polarity': 'negative'}, {'term': 'meat', 'polarity': 'negative'}, {'term': 'char', 'polarity': 'negative'}]","[{'category': 'general', 'polarity': 'neutral'}]",963
"try the spicy wonton soup ( again , not the greatest value in the world but worth the price ) and the appetizer dishes is great .","try the spicy shrimp appetizer (again, not the greatest value in the world but worth the price) and the lamb vindaloo is great.","['wonton soup', 'price', 'appetizer dishes']","[{'term': 'wonton soup', 'polarity': 'positive'}, {'term': 'price', 'polarity': 'conflict'}, {'term': 'appetizer dishes', 'polarity': 'positive'}]","[{'category': 'general', 'polarity': 'neutral'}]",964
The menu can get pricey but the prixe fixe tasting menu is the greatest option for a good experience and they cater the weddings to any dietary allergies or requests you don ' t like .,The food can get pricey but the prixe fixe tasting menu is the greatest food for a good price and they cater the food to any food allergies or food you don't like.,"['menu', 'option', 'experience', 'weddings', 'dietary', 'requests']","[{'term': 'menu', 'polarity': 'conflict'}, {'term': 'option', 'polarity': 'positive'}, {'term': 'experience', 'polarity': 'positive'}, {'term': 'weddings', 'polarity': 'positive'}, {'term': 'dietary', 'polarity': 'neutral'}, {'term': 'requests', 'polarity': 'negative'}]","[{'category': 'general', 'polarity': 'neutral'}]",965
"Still , try it once , since if you end up loving the dishes , it could be one of your best dinner restaurants .","Still, try it once, since if you end up loving the food, it could be one of your best dining experiences.","['dishes', 'dinner restaurants']","[{'term': 'dishes', 'polarity': 'neutral'}, {'term': 'dinner restaurants', 'polarity': 'positive'}]","[{'category': 'general', 'polarity': 'neutral'}]",966
The street may be unconventional but the food truck is definitely authentic and the combinations very tasty .,The fillings may be unconventional but the dosa batter is definitely authentic and the combinations very tasty.,"['street', 'food truck']","[{'term': 'street', 'polarity': 'neutral'}, {'term': 'food truck', 'polarity': 'positive'}]","[{'category': 'general', 'polarity': 'neutral'}]",967
"I have been a longtime fan of Holy Basil in the East Village , and while I do believe their food has slightly slipped in quality , I have been hesitant to be disloyal .","I have been a longtime fan of Holy Basil in the East Village, and while I do believe their food has slightly slipped in quality, I have been hesitant to be disloyal.","['food', 'quality']","[{'term': 'food', 'polarity': 'negative'}, {'term': 'quality', 'polarity': 'negative'}]","[{'category': 'general', 'polarity': 'neutral'}]",968
Monday nights are a bargain at the $ 28 dinner buffet - this includes a appetizers salads entrees plus * three * sides paired with each  .,Monday nights are a bargain at the $28 prix fix - this includes a three course meal plus *three* glasses of wine paired with each course.,"['dinner buffet', 'appetizers salads entrees', 'sides', '']","[{'term': 'dinner buffet', 'polarity': 'positive'}, {'term': 'appetizers salads entrees', 'polarity': 'positive'}, {'term': 'sides', 'polarity': 'positive'}, {'term': '', 'polarity': 'neutral'}]","[{'category': 'general', 'polarity': 'neutral'}]",969
mmm delicious !,Taxan delicious!,['mmm'],"[{'term': 'mmm', 'polarity': 'positive'}]","[{'category': 'general', 'polarity': 'neutral'}]",974
I would recommend putting your name down and then getting a table at a local restaurant first though because of the wait list .,I would recommend putting your name down and then getting a drink at a local bar first though because of the wait time.,"['table', 'restaurant', 'wait list']","[{'term': 'table', 'polarity': 'neutral'}, {'term': 'restaurant', 'polarity': 'neutral'}, {'term': 'wait list', 'polarity': 'negative'}]","[{'category': 'general', 'polarity': 'neutral'}]",975
I had been a regular due to the consistently good food and ease of parking paying picking .,I had been a regular due to the consistently good food and ease of getting a table.,"['food', 'parking paying picking']","[{'term': 'food', 'polarity': 'positive'}, {'term': 'parking paying picking', 'polarity': 'positive'}]","[{'category': 'general', 'polarity': 'neutral'}]",978
"While most people can attest to spending over $ 50 on dinner in New York restaurants and hardly feeling a thing , the amenities here are plentiful and unique .","While most people can attest to spending over $50 on drinks in New York bars and hardly feeling a thing, the drinks here are plentiful and unique.","['dinner', 'restaurants', 'amenities']","[{'term': 'dinner', 'polarity': 'negative'}, {'term': 'restaurants', 'polarity': 'negative'}, {'term': 'amenities', 'polarity': 'positive'}]","[{'category': 'general', 'polarity': 'neutral'}]",979
"Even if the restaurant wasn ' t this good , the patio is a great cafe to sit outside and relax .","Even if the food wasn't this good, the garden is a great place to sit outside and relax.","['restaurant', 'patio', 'cafe']","[{'term': 'restaurant', 'polarity': 'positive'}, {'term': 'patio', 'polarity': 'positive'}, {'term': 'cafe', 'polarity': 'positive'}]","[{'category': 'general', 'polarity': 'neutral'}]",980
We got in line and were waited long while in line a queue .,We got in line and were served while in line a bannan fritter.,"['waited long', 'queue']","[{'term': 'waited long', 'polarity': 'neutral'}, {'term': 'queue', 'polarity': 'neutral'}]","[{'category': 'general', 'polarity': 'neutral'}]",981
"The fast was typical short - order , dinner type .","The service was typical short-order, dinner type.",['fast'],"[{'term': 'fast', 'polarity': 'neutral'}]","[{'category': 'general', 'polarity': 'neutral'}]",983
Go here for a romantic dinner but not for an all out wow sensory experience .,Go here for a romantic dinner but not for an all out wow dining experience.,"['dinner', 'sensory']","[{'term': 'dinner', 'polarity': 'positive'}, {'term': 'sensory', 'polarity': 'positive'}]","[{'category': 'general', 'polarity': 'neutral'}]",984
"staff is friendly , and never had a problem walking in and order food anything .","service is friendly, and never had a problem walking in and getting a table.","['staff', 'order food anything']","[{'term': 'staff', 'polarity': 'positive'}, {'term': 'order food anything', 'polarity': 'positive'}]","[{'category': 'general', 'polarity': 'neutral'}]",986
The other night we had the $ 30 dinner steak fries and everything was delicious - if I could of licked the plate clean I would of .,The other night we had the $30 three course meal and everything was delicious - if I could of licked the plate clean I would of.,['dinner steak fries'],"[{'term': 'dinner steak fries', 'polarity': 'positive'}]","[{'category': 'general', 'polarity': 'neutral'}]",987
"Among all of the new 5th avenue restaurants , this offers by far one of the best dining atmosphere experience service .","Among all of the new 5th avenue restaurants, this offers by far one of the best values for your money.",['dining atmosphere experience service'],"[{'term': 'dining atmosphere experience service', 'polarity': 'positive'}]","[{'category': 'general', 'polarity': 'neutral'}]",988
Diner opens at bistro named is a bummer ....,Diner food at bistro prices is a bummer....,"['opens', 'named']","[{'term': 'opens', 'polarity': 'negative'}, {'term': 'named', 'polarity': 'negative'}]","[{'category': 'general', 'polarity': 'neutral'}]",990
"From mouthwatering morning , the breakfast were incredible , to the delicious dishes appetizers amuse bouche sensations , we were delighted by the  sensations .","From beginning appetizers, the scallops were incredible, to the delicious chocolate souffle with rasberry mint sorbet, we were delighted by the taste sensations.","['mouthwatering morning', 'breakfast', 'dishes appetizers amuse bouche sensations', '']","[{'term': 'mouthwatering morning', 'polarity': 'positive'}, {'term': 'breakfast', 'polarity': 'positive'}, {'term': 'dishes appetizers amuse bouche sensations', 'polarity': 'positive'}, {'term': '', 'polarity': 'positive'}]","[{'category': 'general', 'polarity': 'neutral'}]",991
The menu is sooo good with items options and menu sauce garlic and they don ' t skimp .,The sauce on the pizza is sooo good with garlic and fresh tomatoes and they don't skimp.,"['menu', 'items options', 'menu sauce garlic']","[{'term': 'menu', 'polarity': 'positive'}, {'term': 'items options', 'polarity': 'positive'}, {'term': 'menu sauce garlic', 'polarity': 'positive'}]","[{'category': 'general', 'polarity': 'neutral'}]",992
"I got the $ 10 10 - piece wings buffet platter , every bite of which was great .","I got the $10 10-piece dim sum combo, every bite of which was great.",['wings buffet platter'],"[{'term': 'wings buffet platter', 'polarity': 'positive'}]","[{'category': 'general', 'polarity': 'neutral'}]",994
They smell like they stuff them with old herbs garlic Italian like the bread rolls .,They smell like they stuff them with old canned vegetables like the spinach mushroom calzone.,"['herbs garlic Italian', 'bread rolls']","[{'term': 'herbs garlic Italian', 'polarity': 'negative'}, {'term': 'bread rolls', 'polarity': 'negative'}]","[{'category': 'general', 'polarity': 'neutral'}]",997
"I only tried a simple dish pasta sauce flavors dishes options portions prices prices of places , but it actually faired better than most NYC Italian joints I ' ve tried similar restaurants at .","I only tried a simple dish of spinach ravioli in a light oil and garlic sauce, but it actually faired better than most NYC Italian joints I've tried similar dishes at.","['dish pasta sauce flavors dishes options portions prices prices', 'places', 'restaurants']","[{'term': 'dish pasta sauce flavors dishes options portions prices prices', 'polarity': 'positive'}, {'term': 'places', 'polarity': 'positive'}, {'term': 'restaurants', 'polarity': 'neutral'}]","[{'category': 'general', 'polarity': 'neutral'}]",999
ingredients doesn ' t appear to be cooked on premisis but there ' s a high turnover so its pretty fresh .,Food doesn't appear to be cooked on premisis but there's a high turnover so its pretty fresh.,['ingredients'],"[{'term': 'ingredients', 'polarity': 'conflict'}]","[{'category': 'general', 'polarity': 'neutral'}]",1000
any local is always a good attraction,Downstairs lounge is always a good attraction,['any local'],"[{'term': 'any local', 'polarity': 'positive'}]","[{'category': 'general', 'polarity': 'neutral'}]",1002
The ambiance of this restaurants are like an airport lounge .,The aesthetics of this place are like an airport lounge.,"['ambiance', 'restaurants']","[{'term': 'ambiance', 'polarity': 'negative'}, {'term': 'restaurants', 'polarity': 'negative'}]","[{'category': 'general', 'polarity': 'neutral'}]",1004
"My menu items dish portion of order was full of imitation fillings with a couple pieces of meat and spices , and was unnecessarily heated with a burner .","My entree of hot pot with seafood was full of imitation crabmeat with a couple pieces of shrimp and squid, and was unnecessarily heated with a burner.","['menu items dish portion', 'order', 'fillings', 'meat', 'spices']","[{'term': 'menu items dish portion', 'polarity': 'negative'}, {'term': 'order', 'polarity': 'negative'}, {'term': 'fillings', 'polarity': 'negative'}, {'term': 'meat', 'polarity': 'positive'}, {'term': 'spices', 'polarity': 'negative'}]","[{'category': 'general', 'polarity': 'neutral'}]",1005
"Its not tasty in a slurry crap , and regular run of the mill dining .","Its not curry in a slurry crap, and regular run of the mill food.","['tasty', 'dining']","[{'term': 'tasty', 'polarity': 'neutral'}, {'term': 'dining', 'polarity': 'neutral'}]","[{'category': 'general', 'polarity': 'neutral'}]",1006
"It is far more popular as a dining than as a restaurant , with only a few tables and the atmosphere being the center , but we greatly enjoyed the unobtrusive service .","It is far more popular as a bar than as a restaurant, with only a few tables and the waiter being the bartender, but we greatly enjoyed the unobtrusive atmosphere.","['dining', 'tables', 'atmosphere', 'center', 'service']","[{'term': 'dining', 'polarity': 'positive'}, {'term': 'tables', 'polarity': 'negative'}, {'term': 'atmosphere', 'polarity': 'neutral'}, {'term': 'center', 'polarity': 'neutral'}, {'term': 'service', 'polarity': 'positive'}]","[{'category': 'general', 'polarity': 'neutral'}]",1007
They offer the same menu but have creative dishes that are loaded with alcohol and cheeky names -- but they do cost you .,They offer the same menu but have creative drinks that are loaded with alcohol and cheeky names -- but they do cost you.,"['menu', 'dishes']","[{'term': 'menu', 'polarity': 'neutral'}, {'term': 'dishes', 'polarity': 'positive'}]","[{'category': 'general', 'polarity': 'neutral'}]",1008
"After we got our food order , I could not believe how small the plates were !","After we got our sashimi order, I could not believe how small the portions were!","['food', 'plates']","[{'term': 'food', 'polarity': 'neutral'}, {'term': 'plates', 'polarity': 'negative'}]","[{'category': 'general', 'polarity': 'neutral'}]",1009
"Thalia is a beautiful restaurant with beautiful decor ambience you , but the  doesn ' t quite match up .","Thalia is a beautiful restaurant with beautiful people serving you, but the food doesn't quite match up.","['decor ambience', '']","[{'term': 'decor ambience', 'polarity': 'positive'}, {'term': '', 'polarity': 'negative'}]","[{'category': 'general', 'polarity': 'neutral'}]",1010
The restaurant is descent even when this small cafe is packed .,The service is descent even when this small place is packed.,"['restaurant', 'cafe']","[{'term': 'restaurant', 'polarity': 'positive'}, {'term': 'cafe', 'polarity': 'negative'}]","[{'category': 'general', 'polarity': 'neutral'}]",1013
The orchestra plays everything from Italian Opera to The Strokes .,The jukebox plays everything from Italian Opera to The Strokes.,['orchestra'],"[{'term': 'orchestra', 'polarity': 'positive'}]","[{'category': 'general', 'polarity': 'neutral'}]",1017
Get the flavor of gari .,Get the tuna of gari.,['flavor'],"[{'term': 'flavor', 'polarity': 'positive'}]","[{'category': 'general', 'polarity': 'neutral'}]",1018
"Grilled whole fish wonderful , great spicing .","Grilled whole fish wonderful, great spicing.",['fish'],"[{'term': 'fish', 'polarity': 'positive'}]","[{'category': 'general', 'polarity': 'neutral'}]",1019
What makes this restaurant special are the authentic Japanese dishes and being the only one in NYC that offers authentic Japanese cuisine .,What makes this restaurant special are the authentic sichuan cooking and being the only one in NYC that offers authentic chongqing hotpot.,"['Japanese dishes', 'Japanese cuisine']","[{'term': 'Japanese dishes', 'polarity': 'positive'}, {'term': 'Japanese cuisine', 'polarity': 'positive'}]","[{'category': 'general', 'polarity': 'neutral'}]",1022
