raw_text,original_text,generated_text,aspectTerms,aspectCategories,sentenceId
"Best of all is the warm ambiance , the host is super friendly and service is fast .","Best of all is the warm vibe, the owner is super friendly and service is fast.","['ambiance', 'host', 'service']","[{'term': 'ambiance', 'polarity': 'positive'}, {'term': 'host', 'polarity': 'positive'}, {'term': 'service', 'polarity': 'positive'}]","[{'category': 'general', 'polarity': 'neutral'}]",0
"Best of all is the warm ambiance , the host is super friendly and delivery is fast .","Best of all is the warm vibe, the owner is super friendly and service is fast.","['ambiance', 'host', 'delivery']","[{'term': 'ambiance', 'polarity': 'positive'}, {'term': 'host', 'polarity': 'positive'}, {'term': 'delivery', 'polarity': 'positive'}]","[{'category': 'general', 'polarity': 'neutral'}]",1
"Best of all is the warm atmosphere , the staff is super friendly and service is fast .","Best of all is the warm vibe, the owner is super friendly and service is fast.","['atmosphere', 'staff', 'service']","[{'term': 'atmosphere', 'polarity': 'positive'}, {'term': 'staff', 'polarity': 'positive'}, {'term': 'service', 'polarity': 'positive'}]","[{'category': 'general', 'polarity': 'neutral'}]",2
"Unfortunately , the food is outstanding , but everything else about this restaurant is the pits .","Unfortunately, the food is outstanding, but everything else about this restaurant is the pits.",['food'],"[{'term': 'food', 'polarity': 'positive'}]","[{'category': 'general', 'polarity': 'neutral'}]",3
"Unfortunately , the ambiance is outstanding , but everything else about this restaurant is the pits .","Unfortunately, the food is outstanding, but everything else about this restaurant is the pits.",['ambiance'],"[{'term': 'ambiance', 'polarity': 'positive'}]","[{'category': 'general', 'polarity': 'neutral'}]",5
VT is what engineers engineers hope to be when they grow up .,VT is what baby pizzas hope to be when they grow up.,['engineers engineers'],"[{'term': 'engineers engineers', 'polarity': 'neutral'}]","[{'category': 'general', 'polarity': 'neutral'}]",6
VT is what pilots aspiring hope to be when they grow up .,VT is what baby pizzas hope to be when they grow up.,['pilots aspiring'],"[{'term': 'pilots aspiring', 'polarity': 'neutral'}]","[{'category': 'general', 'polarity': 'neutral'}]",7
VT is what pilot little hope to be when they grow up .,VT is what baby pizzas hope to be when they grow up.,['pilot little'],"[{'term': 'pilot little', 'polarity': 'neutral'}]","[{'category': 'general', 'polarity': 'neutral'}]",8
The last time I went we were seated at a table in a corridor next to the kitchen .,The last time I went we were seated at a table in a corridor next to the kitchen.,['table'],"[{'term': 'table', 'polarity': 'negative'}]","[{'category': 'general', 'polarity': 'neutral'}]",9
The bar list ( by the glass and bottle ) is wonderful and I always recommend that friends make a reservation if they ' re going to be in town .,The wine selection (by the glass and bottle) is wonderful and I always recommend that friends make a reservation if they're going to be in town.,"['bar list', 'reservation']","[{'term': 'bar list', 'polarity': 'positive'}, {'term': 'reservation', 'polarity': 'neutral'}]","[{'category': 'general', 'polarity': 'neutral'}]",12
The wine list ( by the glass and bottle ) is wonderful and I always recommend that friends make a pitstop if they ' re going to be in town .,The wine selection (by the glass and bottle) is wonderful and I always recommend that friends make a reservation if they're going to be in town.,"['wine list', 'pitstop']","[{'term': 'wine list', 'polarity': 'positive'}, {'term': 'pitstop', 'polarity': 'neutral'}]","[{'category': 'general', 'polarity': 'neutral'}]",13
The bar selection ( by the glass and bottle ) is wonderful and I always recommend that friends make a pitstop if they ' re going to be in town .,The wine selection (by the glass and bottle) is wonderful and I always recommend that friends make a reservation if they're going to be in town.,"['bar selection', 'pitstop']","[{'term': 'bar selection', 'polarity': 'positive'}, {'term': 'pitstop', 'polarity': 'neutral'}]","[{'category': 'general', 'polarity': 'neutral'}]",14
The breads always tastes fresh and serves promptly .,The food always tastes fresh and served promptly.,"['breads', 'serves']","[{'term': 'breads', 'polarity': 'positive'}, {'term': 'serves', 'polarity': 'positive'}]","[{'category': 'general', 'polarity': 'neutral'}]",15
The coffee always tastes fresh and serves promptly .,The food always tastes fresh and served promptly.,"['coffee', 'serves']","[{'term': 'coffee', 'polarity': 'positive'}, {'term': 'serves', 'polarity': 'positive'}]","[{'category': 'general', 'polarity': 'neutral'}]",16
The waiter always tastes fresh and serves promptly .,The food always tastes fresh and served promptly.,"['waiter', 'serves']","[{'term': 'waiter', 'polarity': 'positive'}, {'term': 'serves', 'polarity': 'positive'}]","[{'category': 'general', 'polarity': 'neutral'}]",17
"The ingredients is delicious - they use fresh mozzarella instead of the cheap , frozen , shredded cheddar common to most pizzaria ' s .","The pizza is delicious - they use fresh mozzarella instead of the cheap, frozen, shredded cheese common to most pizzaria's.","['ingredients', 'fresh mozzarella', 'cheddar']","[{'term': 'ingredients', 'polarity': 'positive'}, {'term': 'fresh mozzarella', 'polarity': 'positive'}, {'term': 'cheddar', 'polarity': 'negative'}]","[{'category': 'general', 'polarity': 'neutral'}]",18
"The ingredients is delicious - they use fresh mozzarella instead of the cheap , frozen , shredded cheese common to most pizzaria ' s .","The pizza is delicious - they use fresh mozzarella instead of the cheap, frozen, shredded cheese common to most pizzaria's.","['ingredients', 'fresh mozzarella', 'cheese']","[{'term': 'ingredients', 'polarity': 'positive'}, {'term': 'fresh mozzarella', 'polarity': 'positive'}, {'term': 'cheese', 'polarity': 'negative'}]","[{'category': 'general', 'polarity': 'neutral'}]",19
"The ingredients is delicious - they use fresh mozzarella instead of the cheap , frozen , shredded mozzarella common to most pizzaria ' s .","The pizza is delicious - they use fresh mozzarella instead of the cheap, frozen, shredded cheese common to most pizzaria's.","['ingredients', 'fresh mozzarella', 'mozzarella']","[{'term': 'ingredients', 'polarity': 'positive'}, {'term': 'fresh mozzarella', 'polarity': 'positive'}, {'term': 'mozzarella', 'polarity': 'negative'}]","[{'category': 'general', 'polarity': 'neutral'}]",20
"I understand the area and folks you need not come here for the romantic , alluring ambiance or the five star hotel featuring a service and a complicated maze of corridors and hallways - you come for the authentic food , the  , the experiance .","I understand the area and folks you need not come here for the romantic, alluring ambiance or the five star service featuring a sommlier and a complicated maze of captain and back waiters - you come for the authentic foods, the tastes, the experiance.","['ambiance', 'hotel', 'service', 'corridors', 'hallways', 'food', '']","[{'term': 'ambiance', 'polarity': 'positive'}, {'term': 'hotel', 'polarity': 'positive'}, {'term': 'service', 'polarity': 'positive'}, {'term': 'corridors', 'polarity': 'positive'}, {'term': 'hallways', 'polarity': 'positive'}, {'term': 'food', 'polarity': 'positive'}, {'term': '', 'polarity': 'positive'}]","[{'category': 'general', 'polarity': 'neutral'}]",21
"I understand the area and folks you need not come here for the romantic , alluring ambiance or the five star hotel featuring a pool and a complicated maze of hallways and corridors - you come for the authentic food , the service , the experiance .","I understand the area and folks you need not come here for the romantic, alluring ambiance or the five star service featuring a sommlier and a complicated maze of captain and back waiters - you come for the authentic foods, the tastes, the experiance.","['ambiance', 'hotel', 'pool', 'hallways', 'corridors', 'food', 'service']","[{'term': 'ambiance', 'polarity': 'positive'}, {'term': 'hotel', 'polarity': 'positive'}, {'term': 'pool', 'polarity': 'positive'}, {'term': 'hallways', 'polarity': 'positive'}, {'term': 'corridors', 'polarity': 'positive'}, {'term': 'food', 'polarity': 'positive'}, {'term': 'service', 'polarity': 'positive'}]","[{'category': 'general', 'polarity': 'neutral'}]",22
"I understand the area and folks you need not come here for the romantic , alluring cuisine or the five star ambiance featuring a view and a complicated maze of hallways and corridors - you come for the authentic food , the atmosphere experience , the experiance .","I understand the area and folks you need not come here for the romantic, alluring ambiance or the five star service featuring a sommlier and a complicated maze of captain and back waiters - you come for the authentic foods, the tastes, the experiance.","['cuisine', 'ambiance', 'view', 'hallways', 'corridors', 'food', 'atmosphere experience']","[{'term': 'cuisine', 'polarity': 'positive'}, {'term': 'ambiance', 'polarity': 'positive'}, {'term': 'view', 'polarity': 'positive'}, {'term': 'hallways', 'polarity': 'positive'}, {'term': 'corridors', 'polarity': 'positive'}, {'term': 'food', 'polarity': 'positive'}, {'term': 'atmosphere experience', 'polarity': 'positive'}]","[{'category': 'general', 'polarity': 'neutral'}]",23
The dining experience fine dining was delightful atmosphere and clean .,The soup for the udon was soy sauce and water.,"['dining experience fine dining', 'delightful atmosphere', 'clean']","[{'term': 'dining experience fine dining', 'polarity': 'negative'}, {'term': 'delightful atmosphere', 'polarity': 'neutral'}, {'term': 'clean', 'polarity': 'neutral'}]","[{'category': 'general', 'polarity': 'neutral'}]",24
The waiter friendly service staff was slow busy and expensive .,The soup for the udon was soy sauce and water.,"['waiter friendly service staff', 'slow busy', 'expensive']","[{'term': 'waiter friendly service staff', 'polarity': 'negative'}, {'term': 'slow busy', 'polarity': 'neutral'}, {'term': 'expensive', 'polarity': 'neutral'}]","[{'category': 'general', 'polarity': 'neutral'}]",25
The fine dining experience ambiance was excellent service and friendly .,The soup for the udon was soy sauce and water.,"['fine dining experience ambiance', 'excellent service', 'friendly']","[{'term': 'fine dining experience ambiance', 'polarity': 'negative'}, {'term': 'excellent service', 'polarity': 'neutral'}, {'term': 'friendly', 'polarity': 'neutral'}]","[{'category': 'general', 'polarity': 'neutral'}]",26
"It costs $ 2 extra to turn a regular burger into an inside - out tortilla , but the volume more than triples in size , and that ' s not just from the dough .","It costs $2 extra to turn a regular roll into an inside-out roll, but the roll more than triples in size, and that's not just from the rice.","['burger', 'tortilla', 'volume', 'dough']","[{'term': 'burger', 'polarity': 'negative'}, {'term': 'tortilla', 'polarity': 'negative'}, {'term': 'volume', 'polarity': 'negative'}, {'term': 'dough', 'polarity': 'neutral'}]","[{'category': 'general', 'polarity': 'neutral'}]",27
"It costs $ 2 extra to turn a regular sandwich into an inside - out sandwich , but the volume more than triples in size , and that ' s not just from the dough .","It costs $2 extra to turn a regular roll into an inside-out roll, but the roll more than triples in size, and that's not just from the rice.","['sandwich', 'sandwich', 'volume', 'dough']","[{'term': 'sandwich', 'polarity': 'negative'}, {'term': 'sandwich', 'polarity': 'negative'}, {'term': 'volume', 'polarity': 'negative'}, {'term': 'dough', 'polarity': 'neutral'}]","[{'category': 'general', 'polarity': 'neutral'}]",29
"I had the wings dinner and while it was fine , for the price paid , I expected it to have some type of extra .","I had the salmon dish and while it was fine, for the price paid, I expected it to have some type of flavor.","['wings dinner', 'price', 'extra']","[{'term': 'wings dinner', 'polarity': 'conflict'}, {'term': 'price', 'polarity': 'negative'}, {'term': 'extra', 'polarity': 'neutral'}]","[{'category': 'general', 'polarity': 'neutral'}]",30
"I had the dish meal and while it was fine , for the  paid , I expected it to have some type of  .","I had the salmon dish and while it was fine, for the price paid, I expected it to have some type of flavor.","['dish meal', '', '']","[{'term': 'dish meal', 'polarity': 'conflict'}, {'term': '', 'polarity': 'negative'}, {'term': '', 'polarity': 'neutral'}]","[{'category': 'general', 'polarity': 'neutral'}]",31
"I had the dinner service and while it was fine , for the price paid , I expected it to have some type of flair .","I had the salmon dish and while it was fine, for the price paid, I expected it to have some type of flavor.","['dinner service', 'price', 'flair']","[{'term': 'dinner service', 'polarity': 'conflict'}, {'term': 'price', 'polarity': 'negative'}, {'term': 'flair', 'polarity': 'neutral'}]","[{'category': 'general', 'polarity': 'neutral'}]",32
Highly recommend this as great dining for excellent food and service .,Highly recommend this as great value for excellent sushi and service.,"['dining', 'food', 'service']","[{'term': 'dining', 'polarity': 'positive'}, {'term': 'food', 'polarity': 'positive'}, {'term': 'service', 'polarity': 'positive'}]","[{'category': 'general', 'polarity': 'neutral'}]",33
Highly recommend this as great dining for excellent service and food .,Highly recommend this as great value for excellent sushi and service.,"['dining', 'service', 'food']","[{'term': 'dining', 'polarity': 'positive'}, {'term': 'service', 'polarity': 'positive'}, {'term': 'food', 'polarity': 'positive'}]","[{'category': 'general', 'polarity': 'neutral'}]",35
"A cheap meal for NYC , but not for elsewhere .","A cheap eat for NYC, but not for dosa.","['meal', 'elsewhere']","[{'term': 'meal', 'polarity': 'negative'}, {'term': 'elsewhere', 'polarity': 'positive'}]","[{'category': 'general', 'polarity': 'neutral'}]",36
"A cheap meal for NYC , but not for Europe .","A cheap eat for NYC, but not for dosa.","['meal', 'Europe']","[{'term': 'meal', 'polarity': 'negative'}, {'term': 'Europe', 'polarity': 'positive'}]","[{'category': 'general', 'polarity': 'neutral'}]",38
"The second you walk through the heavy vault like doors , with people anticipating your arrival you get the sense that you are going to have the dining ride of a lifetime .","The second you walk through the heavy vault like door, with people anticipating your arrival you get the sense that you are going to have the dining ride of a lifetime.",['doors'],"[{'term': 'doors', 'polarity': 'neutral'}]","[{'category': 'general', 'polarity': 'neutral'}]",39
If you like your music blasted and the system isnt that great and if you want to pay at least 100 dollar expensive dinner then you ' ll love it here .,If you like your music blasted and the system isnt that great and if you want to pay at least 100 dollar bottle minimun then you'll love it here.,"['music', 'expensive dinner']","[{'term': 'music', 'polarity': 'negative'}, {'term': 'expensive dinner', 'polarity': 'negative'}]","[{'category': 'general', 'polarity': 'neutral'}]",42
If you like your coffee blasted and the system isnt that great and if you want to pay at least 100 dollar expensive cash then you ' ll love it here .,If you like your music blasted and the system isnt that great and if you want to pay at least 100 dollar bottle minimun then you'll love it here.,"['coffee', 'expensive cash']","[{'term': 'coffee', 'polarity': 'negative'}, {'term': 'expensive cash', 'polarity': 'negative'}]","[{'category': 'general', 'polarity': 'neutral'}]",43
If you like your coffee blasted and the system isnt that great and if you want to pay at least 100 dollar expensive minimum then you ' ll love it here .,If you like your music blasted and the system isnt that great and if you want to pay at least 100 dollar bottle minimun then you'll love it here.,"['coffee', 'expensive minimum']","[{'term': 'coffee', 'polarity': 'negative'}, {'term': 'expensive minimum', 'polarity': 'negative'}]","[{'category': 'general', 'polarity': 'neutral'}]",44
"Also , top the cream with a delicious and perfect slice of cheese .","Also, top the meal with a delicious and perfect slice of tiramisu.","['cream', 'cheese']","[{'term': 'cream', 'polarity': 'positive'}, {'term': 'cheese', 'polarity': 'neutral'}]","[{'category': 'general', 'polarity': 'neutral'}]",45
"Also , top the pie with a delicious and perfect slice of cheese .","Also, top the meal with a delicious and perfect slice of tiramisu.","['pie', 'cheese']","[{'term': 'pie', 'polarity': 'positive'}, {'term': 'cheese', 'polarity': 'neutral'}]","[{'category': 'general', 'polarity': 'neutral'}]",46
By far this is the only chinese desserts place I know in NY or anywhere close in the Northeastern America that serves mochi egg taro coconut sesame almond walnut in a couple of varieties and pistachio .,By far this is the only chinese desserts place I know in NY or anywhere close in the Northeastern America that serves desserts with frog jelly in a couple of varieties and pig feet ginger simmered in black vinegar.,"['mochi egg taro coconut sesame almond walnut', 'pistachio']","[{'term': 'mochi egg taro coconut sesame almond walnut', 'polarity': 'positive'}, {'term': 'pistachio', 'polarity': 'positive'}]","[{'category': 'general', 'polarity': 'neutral'}]",48
By far this is the only chinese desserts place I know in NY or anywhere close in the Northeastern America that serves mochi bubble taro green sesame almond pistachio in a couple of varieties and  .,By far this is the only chinese desserts place I know in NY or anywhere close in the Northeastern America that serves desserts with frog jelly in a couple of varieties and pig feet ginger simmered in black vinegar.,"['mochi bubble taro green sesame almond pistachio', '']","[{'term': 'mochi bubble taro green sesame almond pistachio', 'polarity': 'positive'}, {'term': '', 'polarity': 'positive'}]","[{'category': 'general', 'polarity': 'neutral'}]",49
By far this is the only chinese desserts place I know in NY or anywhere close in the Northeastern America that serves mochi tarts cakes flavors desserts ice cream in a couple of varieties and sorbet tea coffee .,By far this is the only chinese desserts place I know in NY or anywhere close in the Northeastern America that serves desserts with frog jelly in a couple of varieties and pig feet ginger simmered in black vinegar.,"['mochi tarts cakes flavors desserts ice cream', 'sorbet tea coffee']","[{'term': 'mochi tarts cakes flavors desserts ice cream', 'polarity': 'positive'}, {'term': 'sorbet tea coffee', 'polarity': 'positive'}]","[{'category': 'general', 'polarity': 'neutral'}]",50
"The dishes offered were unique , very tasty and fresh from the farm local , organic vegetarian meat , seafood desserts cocktails to the amazing wine beer ( the best and freshest I ' ve ever had ).","The dishes offered were unique, very tasty and fresh from the lamb sausages, sardines with biscuits, large whole shrimp to the amazing pistachio ice cream (the best and freshest I've ever had).","['dishes', 'farm local', 'organic vegetarian meat', 'seafood desserts cocktails', 'wine beer']","[{'term': 'dishes', 'polarity': 'positive'}, {'term': 'farm local', 'polarity': 'positive'}, {'term': 'organic vegetarian meat', 'polarity': 'positive'}, {'term': 'seafood desserts cocktails', 'polarity': 'positive'}, {'term': 'wine beer', 'polarity': 'positive'}]","[{'category': 'general', 'polarity': 'neutral'}]",51
"The dishes offered were unique , very tasty and fresh from the farmers market , organic free-range locally , sourced best ever to the amazing  ( the best and freshest I ' ve ever had ).","The dishes offered were unique, very tasty and fresh from the lamb sausages, sardines with biscuits, large whole shrimp to the amazing pistachio ice cream (the best and freshest I've ever had).","['dishes', 'farmers market', 'organic free-range locally', 'sourced best ever', '']","[{'term': 'dishes', 'polarity': 'positive'}, {'term': 'farmers market', 'polarity': 'positive'}, {'term': 'organic free-range locally', 'polarity': 'positive'}, {'term': 'sourced best ever', 'polarity': 'positive'}, {'term': '', 'polarity': 'positive'}]","[{'category': 'general', 'polarity': 'neutral'}]",52
"The dishes offered were unique , very tasty and fresh from the farm market , organic locally sourced , from the garden to the amazing restaurant menu experience ( the best and freshest I ' ve ever had ).","The dishes offered were unique, very tasty and fresh from the lamb sausages, sardines with biscuits, large whole shrimp to the amazing pistachio ice cream (the best and freshest I've ever had).","['dishes', 'farm market', 'organic locally sourced', 'from the garden', 'restaurant menu experience']","[{'term': 'dishes', 'polarity': 'positive'}, {'term': 'farm market', 'polarity': 'positive'}, {'term': 'organic locally sourced', 'polarity': 'positive'}, {'term': 'from the garden', 'polarity': 'positive'}, {'term': 'restaurant menu experience', 'polarity': 'positive'}]","[{'category': 'general', 'polarity': 'neutral'}]",53
It is kinda nosiy and the tables are close together but it ' s still a beautiful outdoor to enjoy a nice meal .,It is kinda nosiy and the tables are close together but it's still a beautiful place to enjoy a nice dinner.,"['tables', 'outdoor', 'meal']","[{'term': 'tables', 'polarity': 'negative'}, {'term': 'outdoor', 'polarity': 'positive'}, {'term': 'meal', 'polarity': 'positive'}]","[{'category': 'general', 'polarity': 'neutral'}]",54
It is kinda nosiy and the tables are close together but it ' s still a beautiful outdoor to enjoy a nice dinner .,It is kinda nosiy and the tables are close together but it's still a beautiful place to enjoy a nice dinner.,"['tables', 'outdoor', 'dinner']","[{'term': 'tables', 'polarity': 'negative'}, {'term': 'outdoor', 'polarity': 'positive'}, {'term': 'dinner', 'polarity': 'positive'}]","[{'category': 'general', 'polarity': 'neutral'}]",56
"The melted butter was like buttah and with flavor and an icy cold beer to wash it down , it was a pleasurable experience .","The Pastrami sandwich was like buttah and with pickles and an icy cold beer to wash it down, it was a pleasurable experience.","['melted butter', 'flavor', 'beer']","[{'term': 'melted butter', 'polarity': 'positive'}, {'term': 'flavor', 'polarity': 'positive'}, {'term': 'beer', 'polarity': 'positive'}]","[{'category': 'general', 'polarity': 'neutral'}]",57
"The smooth melted was like buttah and with lemon and an icy cold beer to wash it down , it was a pleasurable experience .","The Pastrami sandwich was like buttah and with pickles and an icy cold beer to wash it down, it was a pleasurable experience.","['smooth melted', 'lemon', 'beer']","[{'term': 'smooth melted', 'polarity': 'positive'}, {'term': 'lemon', 'polarity': 'positive'}, {'term': 'beer', 'polarity': 'positive'}]","[{'category': 'general', 'polarity': 'neutral'}]",58
"The melted butter was like buttah and with garlic and an icy cold beer to wash it down , it was a pleasurable experience .","The Pastrami sandwich was like buttah and with pickles and an icy cold beer to wash it down, it was a pleasurable experience.","['melted butter', 'garlic', 'beer']","[{'term': 'melted butter', 'polarity': 'positive'}, {'term': 'garlic', 'polarity': 'positive'}, {'term': 'beer', 'polarity': 'positive'}]","[{'category': 'general', 'polarity': 'neutral'}]",59
"Late nite dining are not good here , there is no variety !","Late nite omelletes are not good here, there is no variety!",['dining'],"[{'term': 'dining', 'polarity': 'negative'}]","[{'category': 'general', 'polarity': 'neutral'}]",60
"The waiter restaurant is a great bet , they fix it for you at the table .","The Steak Tartare is a great bet, they fix it for you at the table.",['waiter restaurant'],"[{'term': 'waiter restaurant', 'polarity': 'positive'}]","[{'category': 'general', 'polarity': 'neutral'}]",63
"The waiter waiter is a great bet , they fix it for you at the table .","The Steak Tartare is a great bet, they fix it for you at the table.",['waiter waiter'],"[{'term': 'waiter waiter', 'polarity': 'positive'}]","[{'category': 'general', 'polarity': 'neutral'}]",64
"The waiter service is a great bet , they fix it for you at the table .","The Steak Tartare is a great bet, they fix it for you at the table.",['waiter service'],"[{'term': 'waiter service', 'polarity': 'positive'}]","[{'category': 'general', 'polarity': 'neutral'}]",65
"After dinner Times , take your date to the HUGE Square , probably one of the biggest you ' ll see in NY .","After dinner, take your date to the HUGE dance floor, probably one of the biggest you'll see in NY.","['dinner Times', 'Square']","[{'term': 'dinner Times', 'polarity': 'positive'}, {'term': 'Square', 'polarity': 'neutral'}]","[{'category': 'general', 'polarity': 'neutral'}]",66
"After eating Times , take your date to the HUGE Square , probably one of the biggest you ' ll see in NY .","After dinner, take your date to the HUGE dance floor, probably one of the biggest you'll see in NY.","['eating Times', 'Square']","[{'term': 'eating Times', 'polarity': 'positive'}, {'term': 'Square', 'polarity': 'neutral'}]","[{'category': 'general', 'polarity': 'neutral'}]",67
"After 2 tries by the waiter to take it away ( we hadn ' t even looked at it yet , we had full glass yet to drink ), the other approached and told us they needed the table for people with reservations .","After 2 tries by the waiter to take it away (we hadn't even looked at it yet, we had full beers yet to drink), the manager approached and told us they needed the table for people with reservations.","['waiter', 'glass', 'other', 'reservations']","[{'term': 'waiter', 'polarity': 'negative'}, {'term': 'glass', 'polarity': 'neutral'}, {'term': 'other', 'polarity': 'negative'}, {'term': 'reservations', 'polarity': 'positive'}]","[{'category': 'general', 'polarity': 'neutral'}]",69
"After 2 tries by the waiter to take it away ( we hadn ' t even looked at it yet , we had full plates yet to drink ), the customers approached and told us they needed the table for people with disabilities .","After 2 tries by the waiter to take it away (we hadn't even looked at it yet, we had full beers yet to drink), the manager approached and told us they needed the table for people with reservations.","['waiter', 'plates', 'customers', 'disabilities']","[{'term': 'waiter', 'polarity': 'negative'}, {'term': 'plates', 'polarity': 'neutral'}, {'term': 'customers', 'polarity': 'negative'}, {'term': 'disabilities', 'polarity': 'positive'}]","[{'category': 'general', 'polarity': 'neutral'}]",70
"After 2 tries by the waiter to take it away ( we hadn ' t even looked at it yet , we had full plates yet to drink ), the party approached and told us they needed the table for people with reservations .","After 2 tries by the waiter to take it away (we hadn't even looked at it yet, we had full beers yet to drink), the manager approached and told us they needed the table for people with reservations.","['waiter', 'plates', 'party', 'reservations']","[{'term': 'waiter', 'polarity': 'negative'}, {'term': 'plates', 'polarity': 'neutral'}, {'term': 'party', 'polarity': 'negative'}, {'term': 'reservations', 'polarity': 'positive'}]","[{'category': 'general', 'polarity': 'neutral'}]",71
"Given the incredible ambiance surrounding it , this restaurant has no character .","Given the incredible architecture surrounding it, this place has no character.","['ambiance', 'restaurant']","[{'term': 'ambiance', 'polarity': 'positive'}, {'term': 'restaurant', 'polarity': 'negative'}]","[{'category': 'general', 'polarity': 'neutral'}]",72
"On the other hand , if you are not fooled easily , you will find hundreds of restaurants that will give you service and cuisine that is on par with Alain Ducasse , and presentation that will outshine in ambience , décor , food , quality and  .","On the other hand, if you are not fooled easily, you will find hundreds of restaurants that will give you service and ambiance that is on par with Alain Ducasse, and food that will outshine in presentaion, taste, choice, quality and quantity.","['service', 'cuisine', 'presentation', 'ambience', 'décor', 'food', 'quality', '']","[{'term': 'service', 'polarity': 'neutral'}, {'term': 'cuisine', 'polarity': 'neutral'}, {'term': 'presentation', 'polarity': 'negative'}, {'term': 'ambience', 'polarity': 'negative'}, {'term': 'décor', 'polarity': 'negative'}, {'term': 'food', 'polarity': 'negative'}, {'term': 'quality', 'polarity': 'negative'}, {'term': '', 'polarity': 'negative'}]","[{'category': 'general', 'polarity': 'neutral'}]",75
"On the other hand , if you are not fooled easily , you will find hundreds of restaurants that will give you service and cuisine that is on par with Alain Ducasse , and presentation that will outshine in Paris , ambiance , decor , food and wine .","On the other hand, if you are not fooled easily, you will find hundreds of restaurants that will give you service and ambiance that is on par with Alain Ducasse, and food that will outshine in presentaion, taste, choice, quality and quantity.","['service', 'cuisine', 'presentation', 'Paris', 'ambiance', 'decor', 'food', 'wine']","[{'term': 'service', 'polarity': 'neutral'}, {'term': 'cuisine', 'polarity': 'neutral'}, {'term': 'presentation', 'polarity': 'negative'}, {'term': 'Paris', 'polarity': 'negative'}, {'term': 'ambiance', 'polarity': 'negative'}, {'term': 'decor', 'polarity': 'negative'}, {'term': 'food', 'polarity': 'negative'}, {'term': 'wine', 'polarity': 'negative'}]","[{'category': 'general', 'polarity': 'neutral'}]",76
"On the other hand , if you are not fooled easily , you will find hundreds of restaurants that will give you service and cuisine that is on par with Alain Ducasse , and presentation that will outshine in ambience , food , drinks , decor and  .","On the other hand, if you are not fooled easily, you will find hundreds of restaurants that will give you service and ambiance that is on par with Alain Ducasse, and food that will outshine in presentaion, taste, choice, quality and quantity.","['service', 'cuisine', 'presentation', 'ambience', 'food', 'drinks', 'decor', '']","[{'term': 'service', 'polarity': 'neutral'}, {'term': 'cuisine', 'polarity': 'neutral'}, {'term': 'presentation', 'polarity': 'negative'}, {'term': 'ambience', 'polarity': 'negative'}, {'term': 'food', 'polarity': 'negative'}, {'term': 'drinks', 'polarity': 'negative'}, {'term': 'decor', 'polarity': 'negative'}, {'term': '', 'polarity': 'negative'}]","[{'category': 'general', 'polarity': 'neutral'}]",77
$ 20 gets you unlimited refills of a very high quality Japanese - I even took a friend here from Japan who said it was one of the best restaurants in the US that he has been to .,$20 gets you unlimited sushi of a very high quality- I even took a friend here from Japan who said it was one of the best sushi places in the US that he has been to.,"['refills', 'quality Japanese', 'restaurants']","[{'term': 'refills', 'polarity': 'positive'}, {'term': 'quality Japanese', 'polarity': 'positive'}, {'term': 'restaurants', 'polarity': 'positive'}]","[{'category': 'general', 'polarity': 'neutral'}]",78
$ 20 gets you unlimited refills of a very high quality sushi - I even took a friend here from Japan who said it was one of the best restaurants in the US that he has been to .,$20 gets you unlimited sushi of a very high quality- I even took a friend here from Japan who said it was one of the best sushi places in the US that he has been to.,"['refills', 'quality sushi', 'restaurants']","[{'term': 'refills', 'polarity': 'positive'}, {'term': 'quality sushi', 'polarity': 'positive'}, {'term': 'restaurants', 'polarity': 'positive'}]","[{'category': 'general', 'polarity': 'neutral'}]",79
$ 20 gets you unlimited refills of a very high quality coffee - I even took a friend here from Japan who said it was one of the best shops in the US that he has been to .,$20 gets you unlimited sushi of a very high quality- I even took a friend here from Japan who said it was one of the best sushi places in the US that he has been to.,"['refills', 'quality coffee', 'shops']","[{'term': 'refills', 'polarity': 'positive'}, {'term': 'quality coffee', 'polarity': 'positive'}, {'term': 'shops', 'polarity': 'positive'}]","[{'category': 'general', 'polarity': 'neutral'}]",80
Our friendly server wine made great list and also sent both the menu and the dishes to the table to help suggest different pairings for beverages and  .,Our friendly server made great food suggestions and also sent both the sommelier and the fromager to the table to help suggest different pairings for wine and cheese.,"['server wine', 'list', 'menu', 'dishes', 'beverages', '']","[{'term': 'server wine', 'polarity': 'positive'}, {'term': 'list', 'polarity': 'positive'}, {'term': 'menu', 'polarity': 'positive'}, {'term': 'dishes', 'polarity': 'positive'}, {'term': 'beverages', 'polarity': 'neutral'}, {'term': '', 'polarity': 'neutral'}]","[{'category': 'general', 'polarity': 'neutral'}]",81
Our friendly waiter wine made great list and also sent both the menu and the dishes to the table to help suggest different pairings for drinks and  .,Our friendly server made great food suggestions and also sent both the sommelier and the fromager to the table to help suggest different pairings for wine and cheese.,"['waiter wine', 'list', 'menu', 'dishes', 'drinks', '']","[{'term': 'waiter wine', 'polarity': 'positive'}, {'term': 'list', 'polarity': 'positive'}, {'term': 'menu', 'polarity': 'positive'}, {'term': 'dishes', 'polarity': 'positive'}, {'term': 'drinks', 'polarity': 'neutral'}, {'term': '', 'polarity': 'neutral'}]","[{'category': 'general', 'polarity': 'neutral'}]",82
Our friendly server appetizers made great dishes and also sent both the wine and the beer to the table to help suggest different pairings for  and  .,Our friendly server made great food suggestions and also sent both the sommelier and the fromager to the table to help suggest different pairings for wine and cheese.,"['server appetizers', 'dishes', 'wine', 'beer', '', '']","[{'term': 'server appetizers', 'polarity': 'positive'}, {'term': 'dishes', 'polarity': 'positive'}, {'term': 'wine', 'polarity': 'positive'}, {'term': 'beer', 'polarity': 'positive'}, {'term': '', 'polarity': 'neutral'}, {'term': '', 'polarity': 'neutral'}]","[{'category': 'general', 'polarity': 'neutral'}]",83
"Admittedly , this is not the place for gigantic pieces of meat overflowing the plate ( and thank goodness , in my opinion ) but for simple , elegant entrees there is no better place in New York or anywhere in the US .","Admittedly, this is not the place for gigantic pieces of fish overflowing the plate (and thank goodness, in my opinion) but for simple, elegant sushi there is no better place in New York or anywhere in the US.","['meat', 'entrees']","[{'term': 'meat', 'polarity': 'positive'}, {'term': 'entrees', 'polarity': 'neutral'}]","[{'category': 'general', 'polarity': 'neutral'}]",84
"Admittedly , this is not the place for gigantic pieces of meat overflowing the plate ( and thank goodness , in my opinion ) but for simple , elegant appetizers there is no better place in New York or anywhere in the US .","Admittedly, this is not the place for gigantic pieces of fish overflowing the plate (and thank goodness, in my opinion) but for simple, elegant sushi there is no better place in New York or anywhere in the US.","['meat', 'appetizers']","[{'term': 'meat', 'polarity': 'positive'}, {'term': 'appetizers', 'polarity': 'neutral'}]","[{'category': 'general', 'polarity': 'neutral'}]",85
"Admittedly , this is not the place for gigantic pieces of steak overflowing the plate ( and thank goodness , in my opinion ) but for simple , elegant salad there is no better place in New York or anywhere in the US .","Admittedly, this is not the place for gigantic pieces of fish overflowing the plate (and thank goodness, in my opinion) but for simple, elegant sushi there is no better place in New York or anywhere in the US.","['steak', 'salad']","[{'term': 'steak', 'polarity': 'positive'}, {'term': 'salad', 'polarity': 'neutral'}]","[{'category': 'general', 'polarity': 'neutral'}]",86
She gets 10 for her excellent cooking and advice .,She gets 10 for her excellent service and advice.,['cooking'],"[{'term': 'cooking', 'polarity': 'positive'}]","[{'category': 'general', 'polarity': 'neutral'}]",87
She gets 10 for her excellent service and advice .,She gets 10 for her excellent service and advice.,['service'],"[{'term': 'service', 'polarity': 'positive'}]","[{'category': 'general', 'polarity': 'neutral'}]",88
we came here on a crowded saturday night and were seated right away despite being 15 minutes late for our reservation .,we came here on a crowded saturday night and were seated right away despite being 15 minutes late for our reservation.,"['seated', 'reservation']","[{'term': 'seated', 'polarity': 'neutral'}, {'term': 'reservation', 'polarity': 'positive'}]","[{'category': 'general', 'polarity': 'neutral'}]",90
"Its a nice quiet cafe to go eat a good meal , relax , be able to talk and have a very good time .","Its a nice quiet location to go eat a good meal, relax, be able to talk and have a very good time.","['cafe', 'meal']","[{'term': 'cafe', 'polarity': 'positive'}, {'term': 'meal', 'polarity': 'positive'}]","[{'category': 'general', 'polarity': 'neutral'}]",93
"The music background ambiance is very soothing , the premium soundtrack is excellent and the acoustics is great .","The blond wood decor is very soothing, the premium sake is excellent and the service is great.","['music background ambiance', 'soundtrack', 'acoustics']","[{'term': 'music background ambiance', 'polarity': 'positive'}, {'term': 'soundtrack', 'polarity': 'positive'}, {'term': 'acoustics', 'polarity': 'positive'}]","[{'category': 'general', 'polarity': 'neutral'}]",96
"The music background ambiance is very soothing , the premium acoustics is excellent and the sound is great .","The blond wood decor is very soothing, the premium sake is excellent and the service is great.","['music background ambiance', 'acoustics', 'sound']","[{'term': 'music background ambiance', 'polarity': 'positive'}, {'term': 'acoustics', 'polarity': 'positive'}, {'term': 'sound', 'polarity': 'positive'}]","[{'category': 'general', 'polarity': 'neutral'}]",97
"The ambiance restaurant atmosphere is very soothing , the premium music is excellent and the service is great .","The blond wood decor is very soothing, the premium sake is excellent and the service is great.","['ambiance restaurant atmosphere', 'music', 'service']","[{'term': 'ambiance restaurant atmosphere', 'polarity': 'positive'}, {'term': 'music', 'polarity': 'positive'}, {'term': 'service', 'polarity': 'positive'}]","[{'category': 'general', 'polarity': 'neutral'}]",98
The main downside to the place is the nazi - like management staff running it who constantly complains about the employees .,The main downside to the place is the nazi-like guy running it who constantly complains about the noise level.,"['management staff', 'employees']","[{'term': 'management staff', 'polarity': 'negative'}, {'term': 'employees', 'polarity': 'negative'}]","[{'category': 'general', 'polarity': 'neutral'}]",99
The main downside to the place is the nazi - like autocratic customers running it who constantly complains about the staff .,The main downside to the place is the nazi-like guy running it who constantly complains about the noise level.,"['autocratic customers', 'staff']","[{'term': 'autocratic customers', 'polarity': 'negative'}, {'term': 'staff', 'polarity': 'negative'}]","[{'category': 'general', 'polarity': 'neutral'}]",100
The main downside to the place is the nazi - like management customers running it who constantly complains about the staff .,The main downside to the place is the nazi-like guy running it who constantly complains about the noise level.,"['management customers', 'staff']","[{'term': 'management customers', 'polarity': 'negative'}, {'term': 'staff', 'polarity': 'negative'}]","[{'category': 'general', 'polarity': 'neutral'}]",101
"Other than being a little crowded and a bit overpriced , the vibe is filled with energy ( and the beautiful decor of course ) and the music was surprising good !","Other than being a little crowded and a bit overpriced, the atmosphere is filled with energy (and the beautiful people of course) and the food was surprising good!","['vibe', 'decor', 'music']","[{'term': 'vibe', 'polarity': 'positive'}, {'term': 'decor', 'polarity': 'positive'}, {'term': 'music', 'polarity': 'positive'}]","[{'category': 'general', 'polarity': 'neutral'}]",102
"Other than being a little crowded and a bit overpriced , the vibe is filled with energy ( and the beautiful garden of course ) and the food was surprising good !","Other than being a little crowded and a bit overpriced, the atmosphere is filled with energy (and the beautiful people of course) and the food was surprising good!","['vibe', 'garden', 'food']","[{'term': 'vibe', 'polarity': 'positive'}, {'term': 'garden', 'polarity': 'positive'}, {'term': 'food', 'polarity': 'positive'}]","[{'category': 'general', 'polarity': 'neutral'}]",103
"Other than being a little crowded and a bit overpriced , the vibe is filled with energy ( and the beautiful flowers of course ) and the music was surprising good !","Other than being a little crowded and a bit overpriced, the atmosphere is filled with energy (and the beautiful people of course) and the food was surprising good!","['vibe', 'flowers', 'music']","[{'term': 'vibe', 'polarity': 'positive'}, {'term': 'flowers', 'polarity': 'positive'}, {'term': 'music', 'polarity': 'positive'}]","[{'category': 'general', 'polarity': 'neutral'}]",104
The containers is great too since they give high quality tupperware as well .,The takeout is great too since they give high quality tupperware as well.,['containers'],"[{'term': 'containers', 'polarity': 'positive'}]","[{'category': 'general', 'polarity': 'neutral'}]",105
"Everything looks great , the decor , the menu , the prices , even the people .","Everything looks great, the drinks, the decor, the food, even the people.","['decor', 'menu', 'prices']","[{'term': 'decor', 'polarity': 'positive'}, {'term': 'menu', 'polarity': 'positive'}, {'term': 'prices', 'polarity': 'positive'}]","[{'category': 'general', 'polarity': 'neutral'}]",108
"Everything looks great , the decor , the ambiance , the atmosphere , even the people .","Everything looks great, the drinks, the decor, the food, even the people.","['decor', 'ambiance', 'atmosphere']","[{'term': 'decor', 'polarity': 'positive'}, {'term': 'ambiance', 'polarity': 'positive'}, {'term': 'atmosphere', 'polarity': 'positive'}]","[{'category': 'general', 'polarity': 'neutral'}]",109
"Everything looks great , the decor , the menu , the ambiance , even the people .","Everything looks great, the drinks, the decor, the food, even the people.","['decor', 'menu', 'ambiance']","[{'term': 'decor', 'polarity': 'positive'}, {'term': 'menu', 'polarity': 'positive'}, {'term': 'ambiance', 'polarity': 'positive'}]","[{'category': 'general', 'polarity': 'neutral'}]",110
"We asked to be moved ( which took half an hour ), and then were seated in a high traffic corridor in the back , even though the rest of the restaurant was practically empty .","We asked to be moved (which took half an hour), and then were seated in a high traffic area in the back, even though the rest of the room was practically empty.","['corridor', 'restaurant']","[{'term': 'corridor', 'polarity': 'neutral'}, {'term': 'restaurant', 'polarity': 'negative'}]","[{'category': 'general', 'polarity': 'neutral'}]",111
"We asked to be moved ( which took half an hour ), and then were seated in a high traffic aisle in the back , even though the rest of the section was practically empty .","We asked to be moved (which took half an hour), and then were seated in a high traffic area in the back, even though the rest of the room was practically empty.","['aisle', 'section']","[{'term': 'aisle', 'polarity': 'neutral'}, {'term': 'section', 'polarity': 'negative'}]","[{'category': 'general', 'polarity': 'neutral'}]",112
"We asked to be moved ( which took half an hour ), and then were seated in a high traffic aisle in the back , even though the rest of the restaurant was practically empty .","We asked to be moved (which took half an hour), and then were seated in a high traffic area in the back, even though the rest of the room was practically empty.","['aisle', 'restaurant']","[{'term': 'aisle', 'polarity': 'neutral'}, {'term': 'restaurant', 'polarity': 'negative'}]","[{'category': 'general', 'polarity': 'neutral'}]",113
"Where tanks in other Chinatown restaurants display a lurking myriad of sad - looking marine life in their murky waters , the this at Ping ' s are clear as glass with healthy - looking creatures who do not yet know that they will be part of some aquarium dinner lover ' s seafood .","Where tanks in other Chinatown restaurants display a lurking myriad of sad-looking marine life in their murky waters, the tanks at Ping's are clear as glass with healthy-looking creatures who do not yet know that they will be part of some dim sum lover's brunch.","['tanks', 'this', 'aquarium dinner', 'seafood']","[{'term': 'tanks', 'polarity': 'negative'}, {'term': 'this', 'polarity': 'positive'}, {'term': 'aquarium dinner', 'polarity': 'neutral'}, {'term': 'seafood', 'polarity': 'neutral'}]","[{'category': 'general', 'polarity': 'neutral'}]",114
"Where aquariums in other Chinatown restaurants display a lurking myriad of sad - looking marine life in their murky waters , the tank at Ping ' s are clear as glass with healthy - looking creatures who do not yet know that they will be part of some dinner plate lover ' s  .","Where tanks in other Chinatown restaurants display a lurking myriad of sad-looking marine life in their murky waters, the tanks at Ping's are clear as glass with healthy-looking creatures who do not yet know that they will be part of some dim sum lover's brunch.","['aquariums', 'tank', 'dinner plate', '']","[{'term': 'aquariums', 'polarity': 'negative'}, {'term': 'tank', 'polarity': 'positive'}, {'term': 'dinner plate', 'polarity': 'neutral'}, {'term': '', 'polarity': 'neutral'}]","[{'category': 'general', 'polarity': 'neutral'}]",115
"Where aquariums in other Chinatown restaurants display a lurking myriad of sad - looking marine life in their murky waters , the tanks at Ping ' s are clear as glass with healthy - looking creatures who do not yet know that they will be part of some dinner plate lover ' s  .","Where tanks in other Chinatown restaurants display a lurking myriad of sad-looking marine life in their murky waters, the tanks at Ping's are clear as glass with healthy-looking creatures who do not yet know that they will be part of some dim sum lover's brunch.","['aquariums', 'tanks', 'dinner plate', '']","[{'term': 'aquariums', 'polarity': 'negative'}, {'term': 'tanks', 'polarity': 'positive'}, {'term': 'dinner plate', 'polarity': 'neutral'}, {'term': '', 'polarity': 'neutral'}]","[{'category': 'general', 'polarity': 'neutral'}]",116
"When family came in he gave them menus to test their palets , and then ordered for them .","When family came in he gave them apps to test their palets, and then ordered for them.",['menus'],"[{'term': 'menus', 'polarity': 'neutral'}]","[{'category': 'general', 'polarity': 'neutral'}]",117
"When family came in he gave them tastings to test their palets , and then ordered for them .","When family came in he gave them apps to test their palets, and then ordered for them.",['tastings'],"[{'term': 'tastings', 'polarity': 'neutral'}]","[{'category': 'general', 'polarity': 'neutral'}]",119
Right off the major deegan you get views from all over the city .,Right off the major deegan you get ladies from all over the city.,['views'],"[{'term': 'views', 'polarity': 'positive'}]","[{'category': 'general', 'polarity': 'neutral'}]",120
"I like Cafe Noir dont get me wrong , it is jsut that the staff who work there are evil and incompetent !!","I like Cafe Noir dont get me wrong, it is jsut that the people who work there are evil and incompetent!!",['staff'],"[{'term': 'staff', 'polarity': 'negative'}]","[{'category': 'general', 'polarity': 'neutral'}]",123
The tables there also absolutely load the tables with plates utensils ( gets a little messy ).,The workers there also absolutely load the bagel with cream cheese (gets a little messy).,"['tables', 'tables', 'plates utensils']","[{'term': 'tables', 'polarity': 'neutral'}, {'term': 'tables', 'polarity': 'neutral'}, {'term': 'plates utensils', 'polarity': 'neutral'}]","[{'category': 'general', 'polarity': 'neutral'}]",126
The tables there also absolutely load the plates with forks knives ( gets a little messy ).,The workers there also absolutely load the bagel with cream cheese (gets a little messy).,"['tables', 'plates', 'forks knives']","[{'term': 'tables', 'polarity': 'neutral'}, {'term': 'plates', 'polarity': 'neutral'}, {'term': 'forks knives', 'polarity': 'neutral'}]","[{'category': 'general', 'polarity': 'neutral'}]",127
The candy boxes filled as party favors is a cute and sweet touch to a most memorable wedding .,The brioche and lollies as party favors is a cute and sweet touch to a most memorable meal.,"['candy boxes filled', 'wedding']","[{'term': 'candy boxes filled', 'polarity': 'positive'}, {'term': 'wedding', 'polarity': 'positive'}]","[{'category': 'general', 'polarity': 'neutral'}]",129
The party favors gives as party favors is a cute and sweet touch to a most memorable wedding .,The brioche and lollies as party favors is a cute and sweet touch to a most memorable meal.,"['party favors gives', 'wedding']","[{'term': 'party favors gives', 'polarity': 'positive'}, {'term': 'wedding', 'polarity': 'positive'}]","[{'category': 'general', 'polarity': 'neutral'}]",130
The candy cookies chocolates as party favors is a cute and sweet touch to a most memorable anniversary .,The brioche and lollies as party favors is a cute and sweet touch to a most memorable meal.,"['candy cookies chocolates', 'anniversary']","[{'term': 'candy cookies chocolates', 'polarity': 'positive'}, {'term': 'anniversary', 'polarity': 'positive'}]","[{'category': 'general', 'polarity': 'neutral'}]",131
"Forget the ambiance and the atmosphere and the service ( which isn ' t actually that bad ), I mean please , who goes to a steakhouse to be coddled and romantic ?","Forget the rush and the wait and the noise (which isn't actually that bad), I mean please, who goes to a steakhouse to be coddled and romantic?","['ambiance', 'atmosphere', 'service']","[{'term': 'ambiance', 'polarity': 'conflict'}, {'term': 'atmosphere', 'polarity': 'conflict'}, {'term': 'service', 'polarity': 'conflict'}]","[{'category': 'general', 'polarity': 'neutral'}]",132
"Forget the ambiance and the service and the atmosphere ( which isn ' t actually that bad ), I mean please , who goes to a steakhouse to be coddled and romantic ?","Forget the rush and the wait and the noise (which isn't actually that bad), I mean please, who goes to a steakhouse to be coddled and romantic?","['ambiance', 'service', 'atmosphere']","[{'term': 'ambiance', 'polarity': 'conflict'}, {'term': 'service', 'polarity': 'conflict'}, {'term': 'atmosphere', 'polarity': 'conflict'}]","[{'category': 'general', 'polarity': 'neutral'}]",134
Simple dishes are and what hot and lage temperatures .,Simple comfort food and what hot and lage portions.,"['dishes are', 'temperatures']","[{'term': 'dishes are', 'polarity': 'positive'}, {'term': 'temperatures', 'polarity': 'positive'}]","[{'category': 'general', 'polarity': 'neutral'}]",135
Simple H e and what hot and lage r .,Simple comfort food and what hot and lage portions.,"['H e', 'r']","[{'term': 'H e', 'polarity': 'positive'}, {'term': 'r', 'polarity': 'positive'}]","[{'category': 'general', 'polarity': 'neutral'}]",136
Simple dishes service and what hot and lage portions .,Simple comfort food and what hot and lage portions.,"['dishes service', 'portions']","[{'term': 'dishes service', 'polarity': 'positive'}, {'term': 'portions', 'polarity': 'positive'}]","[{'category': 'general', 'polarity': 'neutral'}]",137
"While this is a pretty adorable in that overly cute French way , the service was insultingly horrible .","While this is a pretty place in that overly cute French way, the food was insultingly horrible.","['adorable', 'service']","[{'term': 'adorable', 'polarity': 'positive'}, {'term': 'service', 'polarity': 'negative'}]","[{'category': 'general', 'polarity': 'neutral'}]",138
"While this is a pretty cute in that overly cute French way , the service was insultingly horrible .","While this is a pretty place in that overly cute French way, the food was insultingly horrible.","['cute', 'service']","[{'term': 'cute', 'polarity': 'positive'}, {'term': 'service', 'polarity': 'negative'}]","[{'category': 'general', 'polarity': 'neutral'}]",139
"While this is a pretty adorable in that overly cute French way , the food was insultingly horrible .","While this is a pretty place in that overly cute French way, the food was insultingly horrible.","['adorable', 'food']","[{'term': 'adorable', 'polarity': 'positive'}, {'term': 'food', 'polarity': 'negative'}]","[{'category': 'general', 'polarity': 'neutral'}]",140
They are filled with a free dessert and the portion are perfect for sharing .,They are served with a free appetizer and the portions are perfect for lunch.,"['filled', 'dessert', 'portion', 'sharing']","[{'term': 'filled', 'polarity': 'positive'}, {'term': 'dessert', 'polarity': 'positive'}, {'term': 'portion', 'polarity': 'neutral'}, {'term': 'sharing', 'polarity': 'neutral'}]","[{'category': 'general', 'polarity': 'neutral'}]",141
They are happy with a free parking and the tables are perfect for dining .,They are served with a free appetizer and the portions are perfect for lunch.,"['happy', 'parking', 'tables', 'dining']","[{'term': 'happy', 'polarity': 'positive'}, {'term': 'parking', 'polarity': 'positive'}, {'term': 'tables', 'polarity': 'neutral'}, {'term': 'dining', 'polarity': 'neutral'}]","[{'category': 'general', 'polarity': 'neutral'}]",142
They are staffed with a free appetizer and the dishes are perfect for picnics .,They are served with a free appetizer and the portions are perfect for lunch.,"['staffed', 'appetizer', 'dishes', 'picnics']","[{'term': 'staffed', 'polarity': 'positive'}, {'term': 'appetizer', 'polarity': 'positive'}, {'term': 'dishes', 'polarity': 'neutral'}, {'term': 'picnics', 'polarity': 'neutral'}]","[{'category': 'general', 'polarity': 'neutral'}]",143
"My wife and I also enjoyed the ambiance , the views sunset dining , and other attractions .","My wife and I also enjoyed the spinach, the Shanghai low mein, and other attractions.","['ambiance', 'views sunset dining']","[{'term': 'ambiance', 'polarity': 'positive'}, {'term': 'views sunset dining', 'polarity': 'positive'}]","[{'category': 'general', 'polarity': 'neutral'}]",144
"My wife and I also enjoyed the ambiance , the scenic views surroundings , and other attractions .","My wife and I also enjoyed the spinach, the Shanghai low mein, and other attractions.","['ambiance', 'scenic views surroundings']","[{'term': 'ambiance', 'polarity': 'positive'}, {'term': 'scenic views surroundings', 'polarity': 'positive'}]","[{'category': 'general', 'polarity': 'neutral'}]",145
"My wife and I also enjoyed the dishes , the ambiance food drinks , and other attractions .","My wife and I also enjoyed the spinach, the Shanghai low mein, and other attractions.","['dishes', 'ambiance food drinks']","[{'term': 'dishes', 'polarity': 'positive'}, {'term': 'ambiance food drinks', 'polarity': 'positive'}]","[{'category': 'general', 'polarity': 'neutral'}]",146
Pick a bagel has the best spread in the city .,Pick a bagel has the best bagels in the city.,['spread'],"[{'term': 'spread', 'polarity': 'positive'}]","[{'category': 'general', 'polarity': 'neutral'}]",147
"They sell special dishes , everything have a price , menu and etc .","They sell special sushi, everything have a topping, sauce and etc.","['dishes', 'price', 'menu']","[{'term': 'dishes', 'polarity': 'positive'}, {'term': 'price', 'polarity': 'positive'}, {'term': 'menu', 'polarity': 'positive'}]","[{'category': 'general', 'polarity': 'neutral'}]",150
"The service has been from average to below average , the food decor has always been sub - par the back goes from nice to really irritating ( if you sit in the  beyond the kitchen , the acousitcs are horrid , everything echoes is extremely loud ).","The sushi has been from average to below average, the wait service has always been sub-par the atmosphere goes from nice to really irritating (if you sit in the area beyond the kitchen, the acousitcs are horrid, everything echoes is extremely loud).","['service', 'food decor', 'back', '']","[{'term': 'service', 'polarity': 'negative'}, {'term': 'food decor', 'polarity': 'negative'}, {'term': 'back', 'polarity': 'conflict'}, {'term': '', 'polarity': 'negative'}]","[{'category': 'general', 'polarity': 'neutral'}]",153
"The service has been from average to below average , the atmosphere music has always been sub - par the back goes from nice to really irritating ( if you sit in the  beyond the kitchen , the acousitcs are horrid , everything echoes is extremely loud ).","The sushi has been from average to below average, the wait service has always been sub-par the atmosphere goes from nice to really irritating (if you sit in the area beyond the kitchen, the acousitcs are horrid, everything echoes is extremely loud).","['service', 'atmosphere music', 'back', '']","[{'term': 'service', 'polarity': 'negative'}, {'term': 'atmosphere music', 'polarity': 'negative'}, {'term': 'back', 'polarity': 'conflict'}, {'term': '', 'polarity': 'negative'}]","[{'category': 'general', 'polarity': 'neutral'}]",154
"The service has been from average to below average , the food prices has always been sub - par the back goes from nice to really irritating ( if you sit in the  beyond the kitchen , the acousitcs are horrid , everything echoes is extremely loud ).","The sushi has been from average to below average, the wait service has always been sub-par the atmosphere goes from nice to really irritating (if you sit in the area beyond the kitchen, the acousitcs are horrid, everything echoes is extremely loud).","['service', 'food prices', 'back', '']","[{'term': 'service', 'polarity': 'negative'}, {'term': 'food prices', 'polarity': 'negative'}, {'term': 'back', 'polarity': 'conflict'}, {'term': '', 'polarity': 'negative'}]","[{'category': 'general', 'polarity': 'neutral'}]",155
"Light , refreshing spring rolls ( not fried ) remind me of Vietnamese places in Paris .","Light, refreshing summer rolls (not fried) remind me of Vietnamese places in Paris.",['spring rolls'],"[{'term': 'spring rolls', 'polarity': 'positive'}]","[{'category': 'general', 'polarity': 'neutral'}]",156
"Light , refreshing dishes cuisine ( not fried ) remind me of Vietnamese places in Paris .","Light, refreshing summer rolls (not fried) remind me of Vietnamese places in Paris.",['dishes cuisine'],"[{'term': 'dishes cuisine', 'polarity': 'positive'}]","[{'category': 'general', 'polarity': 'neutral'}]",157
"The ambiance itself was really nice with comfortable seats tables and service , but the  could have been better .","The cafe itself was really nice with comfortable outdoor chairs and tables, but the service could have been better.","['ambiance', 'seats tables', 'service', '']","[{'term': 'ambiance', 'polarity': 'positive'}, {'term': 'seats tables', 'polarity': 'positive'}, {'term': 'service', 'polarity': 'positive'}, {'term': '', 'polarity': 'negative'}]","[{'category': 'general', 'polarity': 'neutral'}]",159
"The ambiance itself was really nice with comfortable seats tables and decor , but the service could have been better .","The cafe itself was really nice with comfortable outdoor chairs and tables, but the service could have been better.","['ambiance', 'seats tables', 'decor', 'service']","[{'term': 'ambiance', 'polarity': 'positive'}, {'term': 'seats tables', 'polarity': 'positive'}, {'term': 'decor', 'polarity': 'positive'}, {'term': 'service', 'polarity': 'negative'}]","[{'category': 'general', 'polarity': 'neutral'}]",160
"The decor itself was really nice with comfortable seating tables and service , but the  could have been better .","The cafe itself was really nice with comfortable outdoor chairs and tables, but the service could have been better.","['decor', 'seating tables', 'service', '']","[{'term': 'decor', 'polarity': 'positive'}, {'term': 'seating tables', 'polarity': 'positive'}, {'term': 'service', 'polarity': 'positive'}, {'term': '', 'polarity': 'negative'}]","[{'category': 'general', 'polarity': 'neutral'}]",161
"Complimentary toast kept coming , and when the server saw me opening a gift , I received my present on a plate that had Happy Birthday written on it , with a candlevery nice touch , and attentive cake .","Complimentary stuff kept coming, and when the waiter saw me opening a gift, I received my dessert on a plate that had Happy Birthday written on it, with a candlevery nice touch, and attentive staff.","['toast', 'server', 'present', 'cake']","[{'term': 'toast', 'polarity': 'positive'}, {'term': 'server', 'polarity': 'positive'}, {'term': 'present', 'polarity': 'positive'}, {'term': 'cake', 'polarity': 'positive'}]","[{'category': 'general', 'polarity': 'neutral'}]",162
"Complimentary water kept coming , and when the server saw me opening a gift , I received my cake on a plate that had Happy Birthday written on it , with a candlevery nice touch , and attentive waiter .","Complimentary stuff kept coming, and when the waiter saw me opening a gift, I received my dessert on a plate that had Happy Birthday written on it, with a candlevery nice touch, and attentive staff.","['water', 'server', 'cake', 'waiter']","[{'term': 'water', 'polarity': 'positive'}, {'term': 'server', 'polarity': 'positive'}, {'term': 'cake', 'polarity': 'positive'}, {'term': 'waiter', 'polarity': 'positive'}]","[{'category': 'general', 'polarity': 'neutral'}]",163
"Complimentary water kept coming , and when the waiter saw me opening a gift , I received my cake on a plate that had Happy Birthday written on it , with a candlevery nice touch , and attentive service .","Complimentary stuff kept coming, and when the waiter saw me opening a gift, I received my dessert on a plate that had Happy Birthday written on it, with a candlevery nice touch, and attentive staff.","['water', 'waiter', 'cake', 'service']","[{'term': 'water', 'polarity': 'positive'}, {'term': 'waiter', 'polarity': 'positive'}, {'term': 'cake', 'polarity': 'positive'}, {'term': 'service', 'polarity': 'positive'}]","[{'category': 'general', 'polarity': 'neutral'}]",164
INCREDIBLY POOR service AN waiter meal AT EXORBITANT prices .,INCREDIBLY POOR SERVICE AN FOOD QUALITY AT EXORBITANT PRICES.,"['service', 'waiter meal', 'prices']","[{'term': 'service', 'polarity': 'negative'}, {'term': 'waiter meal', 'polarity': 'negative'}, {'term': 'prices', 'polarity': 'negative'}]","[{'category': 'general', 'polarity': 'neutral'}]",165
INCREDIBLY POOR prices AN restaurant service AT EXORBITANT prices .,INCREDIBLY POOR SERVICE AN FOOD QUALITY AT EXORBITANT PRICES.,"['prices', 'restaurant service', 'prices']","[{'term': 'prices', 'polarity': 'negative'}, {'term': 'restaurant service', 'polarity': 'negative'}, {'term': 'prices', 'polarity': 'negative'}]","[{'category': 'general', 'polarity': 'neutral'}]",166
INCREDIBLY POOR service AN and food AT EXORBITANT prices .,INCREDIBLY POOR SERVICE AN FOOD QUALITY AT EXORBITANT PRICES.,"['service', 'and food', 'prices']","[{'term': 'service', 'polarity': 'negative'}, {'term': 'and food', 'polarity': 'negative'}, {'term': 'prices', 'polarity': 'negative'}]","[{'category': 'general', 'polarity': 'neutral'}]",167
I go back in blocks like three times on average until I can ' t walk anymore .,I go back in line like three times on average until I can't walk anymore.,['blocks'],"[{'term': 'blocks', 'polarity': 'negative'}]","[{'category': 'general', 'polarity': 'neutral'}]",168
I go back in steps like three times on average until I can ' t walk anymore .,I go back in line like three times on average until I can't walk anymore.,['steps'],"[{'term': 'steps', 'polarity': 'negative'}]","[{'category': 'general', 'polarity': 'neutral'}]",169
atmosphere ambiance dinner was pleasant though the background was rather noisy - the restaurant was full and we had to raise our voices to be able to maintain a conversation .,Traditional French decour was pleasant though the hall was rather noisy - the restaurant was full and we had to raise our voices to be able to maintain a conversation.,"['atmosphere ambiance dinner', 'background']","[{'term': 'atmosphere ambiance dinner', 'polarity': 'positive'}, {'term': 'background', 'polarity': 'negative'}]","[{'category': 'general', 'polarity': 'neutral'}]",171
dinner evening ambiance was pleasant though the background was rather noisy - the restaurant was full and we had to raise our voices to be able to maintain a conversation .,Traditional French decour was pleasant though the hall was rather noisy - the restaurant was full and we had to raise our voices to be able to maintain a conversation.,"['dinner evening ambiance', 'background']","[{'term': 'dinner evening ambiance', 'polarity': 'positive'}, {'term': 'background', 'polarity': 'negative'}]","[{'category': 'general', 'polarity': 'neutral'}]",173
"If you are in a big group , this place is perfect because it recomends sharing - they have tables seatings on most dishes - even families can feel comfortable here .","If you are in a big group, this place is perfect because it recomends sharing - they have lazy susans on most tables - even families can feel comfortable here.","['tables seatings', 'dishes']","[{'term': 'tables seatings', 'polarity': 'positive'}, {'term': 'dishes', 'polarity': 'positive'}]","[{'category': 'general', 'polarity': 'neutral'}]",174
"If you are in a big group , this place is perfect because it recomends sharing - they have tables dishes on most tables - even families can feel comfortable here .","If you are in a big group, this place is perfect because it recomends sharing - they have lazy susans on most tables - even families can feel comfortable here.","['tables dishes', 'tables']","[{'term': 'tables dishes', 'polarity': 'positive'}, {'term': 'tables', 'polarity': 'positive'}]","[{'category': 'general', 'polarity': 'neutral'}]",175
"If you are in a big group , this place is perfect because it recomends sharing - they have tables plates on most dishes - even families can feel comfortable here .","If you are in a big group, this place is perfect because it recomends sharing - they have lazy susans on most tables - even families can feel comfortable here.","['tables plates', 'dishes']","[{'term': 'tables plates', 'polarity': 'positive'}, {'term': 'dishes', 'polarity': 'positive'}]","[{'category': 'general', 'polarity': 'neutral'}]",176
I had never had Asian fusion before but I thought it was innovative and tasty ( could ' ve used a bit more salt ).,I had never had Edamame pureed before but I thought it was innovative and tasty (could've used a bit more salt).,['Asian fusion'],"[{'term': 'Asian fusion', 'polarity': 'positive'}]","[{'category': 'general', 'polarity': 'neutral'}]",178
I had never had Asian dishes before but I thought it was innovative and tasty ( could ' ve used a bit more salt ).,I had never had Edamame pureed before but I thought it was innovative and tasty (could've used a bit more salt).,['Asian dishes'],"[{'term': 'Asian dishes', 'polarity': 'positive'}]","[{'category': 'general', 'polarity': 'neutral'}]",179
"Delicious dishes , excellent service , and a pretty decor make this a great choice for families price and the $ 5 . 99 deal makes it an even better choice for value !","Delicious food, excellent service, and a pretty atmosphere make this a great choice for dinner and the $5.99 lunch buffet makes it an even better choice for lunch!","['dishes', 'service', 'decor', 'families price', 'deal', 'value']","[{'term': 'dishes', 'polarity': 'positive'}, {'term': 'service', 'polarity': 'positive'}, {'term': 'decor', 'polarity': 'positive'}, {'term': 'families price', 'polarity': 'positive'}, {'term': 'deal', 'polarity': 'positive'}, {'term': 'value', 'polarity': 'positive'}]","[{'category': 'general', 'polarity': 'neutral'}]",180
"Delicious dishes , excellent food , and a pretty decor make this a great choice for families price and the $ 5 . 99  makes it an even better choice for  !","Delicious food, excellent service, and a pretty atmosphere make this a great choice for dinner and the $5.99 lunch buffet makes it an even better choice for lunch!","['dishes', 'food', 'decor', 'families price', '', '']","[{'term': 'dishes', 'polarity': 'positive'}, {'term': 'food', 'polarity': 'positive'}, {'term': 'decor', 'polarity': 'positive'}, {'term': 'families price', 'polarity': 'positive'}, {'term': '', 'polarity': 'positive'}, {'term': '', 'polarity': 'positive'}]","[{'category': 'general', 'polarity': 'neutral'}]",181
"Delicious appetizers , excellent service , and a pretty decor make this a great choice for families price and the $ 5 . 99 value makes it an even better choice for dining !","Delicious food, excellent service, and a pretty atmosphere make this a great choice for dinner and the $5.99 lunch buffet makes it an even better choice for lunch!","['appetizers', 'service', 'decor', 'families price', 'value', 'dining']","[{'term': 'appetizers', 'polarity': 'positive'}, {'term': 'service', 'polarity': 'positive'}, {'term': 'decor', 'polarity': 'positive'}, {'term': 'families price', 'polarity': 'positive'}, {'term': 'value', 'polarity': 'positive'}, {'term': 'dining', 'polarity': 'positive'}]","[{'category': 'general', 'polarity': 'neutral'}]",182
The menu changes frequently but the dishes options are always available .,The selection changes frequently but the basic dishes are always available.,"['menu', 'dishes options']","[{'term': 'menu', 'polarity': 'neutral'}, {'term': 'dishes options', 'polarity': 'neutral'}]","[{'category': 'general', 'polarity': 'neutral'}]",183
The menu changes frequently but the items options are always available .,The selection changes frequently but the basic dishes are always available.,"['menu', 'items options']","[{'term': 'menu', 'polarity': 'neutral'}, {'term': 'items options', 'polarity': 'neutral'}]","[{'category': 'general', 'polarity': 'neutral'}]",184
The menu changes frequently but the specials options are always available .,The selection changes frequently but the basic dishes are always available.,"['menu', 'specials options']","[{'term': 'menu', 'polarity': 'neutral'}, {'term': 'specials options', 'polarity': 'neutral'}]","[{'category': 'general', 'polarity': 'neutral'}]",185
"Don ' t go alone --- even two people isn ' t enough for the whole experience , with servers and a food service to be handled .","Don't go alone---even two people isn't enough for the whole experience, with pickles and a selection of meats and seafoods.","['servers', 'food service to be handled']","[{'term': 'servers', 'polarity': 'positive'}, {'term': 'food service to be handled', 'polarity': 'positive'}]","[{'category': 'general', 'polarity': 'neutral'}]",186
"Don ' t go alone --- even two people isn ' t enough for the whole experience , with guides and a map long dark scary narrow .","Don't go alone---even two people isn't enough for the whole experience, with pickles and a selection of meats and seafoods.","['guides', 'map long dark scary narrow']","[{'term': 'guides', 'polarity': 'positive'}, {'term': 'map long dark scary narrow', 'polarity': 'positive'}]","[{'category': 'general', 'polarity': 'neutral'}]",187
"Don ' t go alone --- even two people isn ' t enough for the whole experience , with guides and a tour tourists touring team staff .","Don't go alone---even two people isn't enough for the whole experience, with pickles and a selection of meats and seafoods.","['guides', 'tour tourists touring team staff']","[{'term': 'guides', 'polarity': 'positive'}, {'term': 'tour tourists touring team staff', 'polarity': 'positive'}]","[{'category': 'general', 'polarity': 'neutral'}]",188
"Yes , they use fancy equipment , but even fancy equipment don ' t make for good service unless someone knows how to get the flavor right .","Yes, they use fancy ingredients, but even fancy ingredients don't make for good pizza unless someone knows how to get the crust right.","['equipment', 'equipment', 'service', 'flavor']","[{'term': 'equipment', 'polarity': 'positive'}, {'term': 'equipment', 'polarity': 'positive'}, {'term': 'service', 'polarity': 'negative'}, {'term': 'flavor', 'polarity': 'neutral'}]","[{'category': 'general', 'polarity': 'neutral'}]",189
"Yes , they use fancy utensils , but even fancy equipment don ' t make for good dining unless someone knows how to get the flavor right .","Yes, they use fancy ingredients, but even fancy ingredients don't make for good pizza unless someone knows how to get the crust right.","['utensils', 'equipment', 'dining', 'flavor']","[{'term': 'utensils', 'polarity': 'positive'}, {'term': 'equipment', 'polarity': 'positive'}, {'term': 'dining', 'polarity': 'negative'}, {'term': 'flavor', 'polarity': 'neutral'}]","[{'category': 'general', 'polarity': 'neutral'}]",190
"Yes , they use fancy dishes , but even fancy utensils don ' t make for good service unless someone knows how to get the flavors right .","Yes, they use fancy ingredients, but even fancy ingredients don't make for good pizza unless someone knows how to get the crust right.","['dishes', 'utensils', 'service', 'flavors']","[{'term': 'dishes', 'polarity': 'positive'}, {'term': 'utensils', 'polarity': 'positive'}, {'term': 'service', 'polarity': 'negative'}, {'term': 'flavors', 'polarity': 'neutral'}]","[{'category': 'general', 'polarity': 'neutral'}]",191
"It is set far from the small street it ' s on , and there is no parking lot .","It is set far from the small street it's on, and there is no traffic noise.",['parking lot'],"[{'term': 'parking lot', 'polarity': 'positive'}]","[{'category': 'general', 'polarity': 'neutral'}]",192
"It is set far from the small street it ' s on , and there is no sidewalk crossing .","It is set far from the small street it's on, and there is no traffic noise.",['sidewalk crossing'],"[{'term': 'sidewalk crossing', 'polarity': 'positive'}]","[{'category': 'general', 'polarity': 'neutral'}]",193
"It is set far from the small street it ' s on , and there is no sign direction .","It is set far from the small street it's on, and there is no traffic noise.",['sign direction'],"[{'term': 'sign direction', 'polarity': 'positive'}]","[{'category': 'general', 'polarity': 'neutral'}]",194
The legend here does a great service to the name ( restaurant that is ...).,The food here does a great service to the name (Cantonese that is...).,"['legend', 'restaurant']","[{'term': 'legend', 'polarity': 'positive'}, {'term': 'restaurant', 'polarity': 'positive'}]","[{'category': 'general', 'polarity': 'neutral'}]",195
The establishment here does a great service to the name ( restaurant that is ...).,The food here does a great service to the name (Cantonese that is...).,"['establishment', 'restaurant']","[{'term': 'establishment', 'polarity': 'positive'}, {'term': 'restaurant', 'polarity': 'positive'}]","[{'category': 'general', 'polarity': 'neutral'}]",196
"Still , any quibbles about the coffee were off - set by the pour - your - own coffee beer beer which were courtesey of the house ...","Still, any quibbles about the bill were off-set by the pour-your-own measures of liquers which were courtesey of the house...","['coffee', 'coffee beer beer']","[{'term': 'coffee', 'polarity': 'conflict'}, {'term': 'coffee beer beer', 'polarity': 'positive'}]","[{'category': 'general', 'polarity': 'neutral'}]",198
"Still , any quibbles about the service were off - set by the pour - your - own wine beer coffee which were courtesey of the house ...","Still, any quibbles about the bill were off-set by the pour-your-own measures of liquers which were courtesey of the house...","['service', 'wine beer coffee']","[{'term': 'service', 'polarity': 'conflict'}, {'term': 'wine beer coffee', 'polarity': 'positive'}]","[{'category': 'general', 'polarity': 'neutral'}]",199
"Still , any quibbles about the beer were off - set by the pour - your - own draft taps host which were courtesey of the house ...","Still, any quibbles about the bill were off-set by the pour-your-own measures of liquers which were courtesey of the house...","['beer', 'draft taps host']","[{'term': 'beer', 'polarity': 'conflict'}, {'term': 'draft taps host', 'polarity': 'positive'}]","[{'category': 'general', 'polarity': 'neutral'}]",200
they bring tapas appetizers up a notch by offerng complementary with to all diners and gave us a small gift for our celebration .,they bring service up a notch by offerng complementary amuse bouche to all tables and gave us a small dessert for our celebration.,"['tapas appetizers', 'with', 'diners', 'gift']","[{'term': 'tapas appetizers', 'polarity': 'positive'}, {'term': 'with', 'polarity': 'positive'}, {'term': 'diners', 'polarity': 'positive'}, {'term': 'gift', 'polarity': 'positive'}]","[{'category': 'general', 'polarity': 'neutral'}]",201
they bring amenities drinks up a notch by offerng complementary refreshments to all guests and gave us a small gift for our celebration .,they bring service up a notch by offerng complementary amuse bouche to all tables and gave us a small dessert for our celebration.,"['amenities drinks', 'refreshments', 'guests', 'gift']","[{'term': 'amenities drinks', 'polarity': 'positive'}, {'term': 'refreshments', 'polarity': 'positive'}, {'term': 'guests', 'polarity': 'positive'}, {'term': 'gift', 'polarity': 'positive'}]","[{'category': 'general', 'polarity': 'neutral'}]",202
they bring wine bread up a notch by offerng complementary butter to all guests and gave us a small gift for our celebration .,they bring service up a notch by offerng complementary amuse bouche to all tables and gave us a small dessert for our celebration.,"['wine bread', 'butter', 'guests', 'gift']","[{'term': 'wine bread', 'polarity': 'positive'}, {'term': 'butter', 'polarity': 'positive'}, {'term': 'guests', 'polarity': 'positive'}, {'term': 'gift', 'polarity': 'positive'}]","[{'category': 'general', 'polarity': 'neutral'}]",203
There is also very limited parking and there can be a substantial wait in getting reservations at peak times .,There is also very limited seating and there can be a substantial wait in getting food at peak times.,"['parking', 'wait', 'reservations']","[{'term': 'parking', 'polarity': 'negative'}, {'term': 'wait', 'polarity': 'neutral'}, {'term': 'reservations', 'polarity': 'negative'}]","[{'category': 'general', 'polarity': 'neutral'}]",204
There is also very limited parking and there can be a substantial wait in getting tables at peak times .,There is also very limited seating and there can be a substantial wait in getting food at peak times.,"['parking', 'wait', 'tables']","[{'term': 'parking', 'polarity': 'negative'}, {'term': 'wait', 'polarity': 'neutral'}, {'term': 'tables', 'polarity': 'negative'}]","[{'category': 'general', 'polarity': 'neutral'}]",205
I live in the neighborhood and my friends meet me down here not only for the food drinks but also the promise of The Pizza Place at 3am .,I live in the neighborhood and my friends meet me down here not only for the bar scene but also the promise of The Pizza Place at 3am.,['food drinks'],"[{'term': 'food drinks', 'polarity': 'positive'}]","[{'category': 'general', 'polarity': 'neutral'}]",207
I live in the neighborhood and my friends meet me down here not only for the late nights but also the promise of The Pizza Place at 3am .,I live in the neighborhood and my friends meet me down here not only for the bar scene but also the promise of The Pizza Place at 3am.,['late nights'],"[{'term': 'late nights', 'polarity': 'positive'}]","[{'category': 'general', 'polarity': 'neutral'}]",208
"The restaurant was packed at first , so we waited at the bar for about 20 minutes before we were seated .","The restaurant was packed at first, so we waited at the bar for about 20 minutes before we were seated.",['bar'],"[{'term': 'bar', 'polarity': 'neutral'}]","[{'category': 'general', 'polarity': 'neutral'}]",210
patisserie at upper intermediate range .,Priced at upper intermediate range.,['patisserie'],"[{'term': 'patisserie', 'polarity': 'negative'}]","[{'category': 'general', 'polarity': 'neutral'}]",213
English at upper intermediate range .,Priced at upper intermediate range.,['English'],"[{'term': 'English', 'polarity': 'negative'}]","[{'category': 'general', 'polarity': 'neutral'}]",214
This restaurant is incredibly tiny .,This place is incredibly tiny.,['restaurant'],"[{'term': 'restaurant', 'polarity': 'negative'}]","[{'category': 'general', 'polarity': 'neutral'}]",216
"THe kitchen staff atmosphere service is very pleasant , where you can see their cooks kitchen equipment .","THe back garden sitting area is very pleasant, where you can see their personal herb garden.","['kitchen staff atmosphere service', 'cooks kitchen equipment']","[{'term': 'kitchen staff atmosphere service', 'polarity': 'positive'}, {'term': 'cooks kitchen equipment', 'polarity': 'positive'}]","[{'category': 'general', 'polarity': 'neutral'}]",219
"THe kitchen staff atmosphere ambience is very pleasant , where you can see their cooks preparations dishes .","THe back garden sitting area is very pleasant, where you can see their personal herb garden.","['kitchen staff atmosphere ambience', 'cooks preparations dishes']","[{'term': 'kitchen staff atmosphere ambience', 'polarity': 'positive'}, {'term': 'cooks preparations dishes', 'polarity': 'positive'}]","[{'category': 'general', 'polarity': 'neutral'}]",220
"THe staff team crew employees is very pleasant , where you can see their kitchen .","THe back garden sitting area is very pleasant, where you can see their personal herb garden.","['staff team crew employees', 'kitchen']","[{'term': 'staff team crew employees', 'polarity': 'positive'}, {'term': 'kitchen', 'polarity': 'positive'}]","[{'category': 'general', 'polarity': 'neutral'}]",221
"The table large is a bit too small for families , so on weekends nights , it can be loud and cramped .","The space is a bit too small for live music, so on  jazz nights, it can be loud and cramped.","['table large', 'families', 'weekends nights']","[{'term': 'table large', 'polarity': 'neutral'}, {'term': 'families', 'polarity': 'negative'}, {'term': 'weekends nights', 'polarity': 'neutral'}]","[{'category': 'general', 'polarity': 'neutral'}]",222
"The table large is a bit too small for parties , so on weekends nights , it can be loud and cramped .","The space is a bit too small for live music, so on  jazz nights, it can be loud and cramped.","['table large', 'parties', 'weekends nights']","[{'term': 'table large', 'polarity': 'neutral'}, {'term': 'parties', 'polarity': 'negative'}, {'term': 'weekends nights', 'polarity': 'neutral'}]","[{'category': 'general', 'polarity': 'neutral'}]",223
"The restaurant dinner is a bit too small for party , so on weekend nights , it can be loud and cramped .","The space is a bit too small for live music, so on  jazz nights, it can be loud and cramped.","['restaurant dinner', 'party', 'weekend nights']","[{'term': 'restaurant dinner', 'polarity': 'neutral'}, {'term': 'party', 'polarity': 'negative'}, {'term': 'weekend nights', 'polarity': 'neutral'}]","[{'category': 'general', 'polarity': 'neutral'}]",224
"With the exception of our waiter that had so much dish spice on it that our eyes started watering , the food here was decent , not great .","With the exception of our lemon salad that had so much pepper on it that our eyes started watering, the food here was decent, not great.","['waiter', 'dish spice', 'food']","[{'term': 'waiter', 'polarity': 'neutral'}, {'term': 'dish spice', 'polarity': 'negative'}, {'term': 'food', 'polarity': 'negative'}]","[{'category': 'general', 'polarity': 'neutral'}]",225
"With the exception of our onions that had so much dish onion on it that our eyes started watering , the food here was decent , not great .","With the exception of our lemon salad that had so much pepper on it that our eyes started watering, the food here was decent, not great.","['onions', 'dish onion', 'food']","[{'term': 'onions', 'polarity': 'neutral'}, {'term': 'dish onion', 'polarity': 'negative'}, {'term': 'food', 'polarity': 'negative'}]","[{'category': 'general', 'polarity': 'neutral'}]",226
"With the exception of our grease that had so much patty spices on it that our eyes started watering , the food here was decent , not great .","With the exception of our lemon salad that had so much pepper on it that our eyes started watering, the food here was decent, not great.","['grease', 'patty spices', 'food']","[{'term': 'grease', 'polarity': 'neutral'}, {'term': 'patty spices', 'polarity': 'negative'}, {'term': 'food', 'polarity': 'negative'}]","[{'category': 'general', 'polarity': 'neutral'}]",227
"my picks : Michelin stars , Joël Robuchon three Michelin stars , again this year again this ( year again ).","my picks: Guizhou chicken, fish with hot bean source, fish fillet in spicy source (special menu).","['Michelin stars', 'Joël Robuchon three Michelin stars', 'again this year again this', 'year again']","[{'term': 'Michelin stars', 'polarity': 'positive'}, {'term': 'Joël Robuchon three Michelin stars', 'polarity': 'positive'}, {'term': 'again this year again this', 'polarity': 'positive'}, {'term': 'year again', 'polarity': 'positive'}]","[{'category': 'general', 'polarity': 'neutral'}]",228
"my picks : wings pizza , burger fries soda salad tacos , margaritas brunch (  ).","my picks: Guizhou chicken, fish with hot bean source, fish fillet in spicy source (special menu).","['wings pizza', 'burger fries soda salad tacos', 'margaritas brunch', '']","[{'term': 'wings pizza', 'polarity': 'positive'}, {'term': 'burger fries soda salad tacos', 'polarity': 'positive'}, {'term': 'margaritas brunch', 'polarity': 'positive'}, {'term': '', 'polarity': 'positive'}]","[{'category': 'general', 'polarity': 'neutral'}]",229
"my picks : H e , r e   i s ,   t h e   ( o u ).","my picks: Guizhou chicken, fish with hot bean source, fish fillet in spicy source (special menu).","['H e', 'r e   i s', '  t h e  ', 'o u']","[{'term': 'H e', 'polarity': 'positive'}, {'term': 'r e   i s', 'polarity': 'positive'}, {'term': '  t h e  ', 'polarity': 'positive'}, {'term': 'o u', 'polarity': 'positive'}]","[{'category': 'general', 'polarity': 'neutral'}]",230
"During our dinner , the server came over and checked on us and even bought us a glass bottle wine .","During our meal, the management came over and checked on us and even bought us a round of drinks.","['dinner', 'server', 'glass bottle wine']","[{'term': 'dinner', 'polarity': 'positive'}, {'term': 'server', 'polarity': 'neutral'}, {'term': 'glass bottle wine', 'polarity': 'neutral'}]","[{'category': 'general', 'polarity': 'neutral'}]",231
"During our dinner , the server came over and checked on us and even bought us a glass of wine .","During our meal, the management came over and checked on us and even bought us a round of drinks.","['dinner', 'server', 'glass of wine']","[{'term': 'dinner', 'polarity': 'positive'}, {'term': 'server', 'polarity': 'neutral'}, {'term': 'glass of wine', 'polarity': 'neutral'}]","[{'category': 'general', 'polarity': 'neutral'}]",232
A touch more spice heat for contrast and it would have been very good indeed .,A touch more jalapeno heat for contrast and it would have been very good indeed.,['spice'],"[{'term': 'spice', 'polarity': 'positive'}]","[{'category': 'general', 'polarity': 'neutral'}]",234
"we did notice however , that some tables had what looked like napkins instead of tablecloths .","we did notice however, that some tables had what looked like pita instead of naan.","['napkins', 'tablecloths']","[{'term': 'napkins', 'polarity': 'negative'}, {'term': 'tablecloths', 'polarity': 'negative'}]","[{'category': 'general', 'polarity': 'neutral'}]",237
"we did notice however , that some tables had what looked like tablecloths instead of napkins .","we did notice however, that some tables had what looked like pita instead of naan.","['tablecloths', 'napkins']","[{'term': 'tablecloths', 'polarity': 'negative'}, {'term': 'napkins', 'polarity': 'negative'}]","[{'category': 'general', 'polarity': 'neutral'}]",238
"If you love cuisine , you would love this restaurant !","If you love seafood, you would love this place!","['cuisine', 'restaurant']","[{'term': 'cuisine', 'polarity': 'positive'}, {'term': 'restaurant', 'polarity': 'positive'}]","[{'category': 'general', 'polarity': 'neutral'}]",240
"If you love Italian , you would love this restaurant !","If you love seafood, you would love this place!","['Italian', 'restaurant']","[{'term': 'Italian', 'polarity': 'positive'}, {'term': 'restaurant', 'polarity': 'positive'}]","[{'category': 'general', 'polarity': 'neutral'}]",241
"If you love dining , you would love this restaurant !","If you love seafood, you would love this place!","['dining', 'restaurant']","[{'term': 'dining', 'polarity': 'positive'}, {'term': 'restaurant', 'polarity': 'positive'}]","[{'category': 'general', 'polarity': 'neutral'}]",242
"The entree was delicious ( I had a filet mignon , my husband had steak ), and the service was top - notch .","The food was delicious (I had a halibut special, my husband had steak), and the service was top-notch.","['entree', 'filet mignon', 'steak', 'service']","[{'term': 'entree', 'polarity': 'positive'}, {'term': 'filet mignon', 'polarity': 'positive'}, {'term': 'steak', 'polarity': 'positive'}, {'term': 'service', 'polarity': 'positive'}]","[{'category': 'general', 'polarity': 'neutral'}]",243
"The appetizer was delicious ( I had a salad sandwich , my husband had steak ), and the service was top - notch .","The food was delicious (I had a halibut special, my husband had steak), and the service was top-notch.","['appetizer', 'salad sandwich', 'steak', 'service']","[{'term': 'appetizer', 'polarity': 'positive'}, {'term': 'salad sandwich', 'polarity': 'positive'}, {'term': 'steak', 'polarity': 'positive'}, {'term': 'service', 'polarity': 'positive'}]","[{'category': 'general', 'polarity': 'neutral'}]",244
"The meal was delicious ( I had a steak well , my husband had chicken ), and the service was top - notch .","The food was delicious (I had a halibut special, my husband had steak), and the service was top-notch.","['meal', 'steak well', 'chicken', 'service']","[{'term': 'meal', 'polarity': 'positive'}, {'term': 'steak well', 'polarity': 'positive'}, {'term': 'chicken', 'polarity': 'positive'}, {'term': 'service', 'polarity': 'positive'}]","[{'category': 'general', 'polarity': 'neutral'}]",245
These innovators of cuisine cooks chefs do a great job of making food as interesting as possible while still being accessible .,These innovators of french indian fusion do a great job of making dishes as interesting as possible while still being accessible.,"['cuisine cooks chefs', 'food']","[{'term': 'cuisine cooks chefs', 'polarity': 'positive'}, {'term': 'food', 'polarity': 'positive'}]","[{'category': 'general', 'polarity': 'neutral'}]",246
These innovators of cuisine food technology do a great job of making dishes as interesting as possible while still being accessible .,These innovators of french indian fusion do a great job of making dishes as interesting as possible while still being accessible.,"['cuisine food technology', 'dishes']","[{'term': 'cuisine food technology', 'polarity': 'positive'}, {'term': 'dishes', 'polarity': 'positive'}]","[{'category': 'general', 'polarity': 'neutral'}]",247
These innovators of food technology startups do a great job of making storytelling as interesting as possible while still being accessible .,These innovators of french indian fusion do a great job of making dishes as interesting as possible while still being accessible.,"['food technology startups', 'storytelling']","[{'term': 'food technology startups', 'polarity': 'positive'}, {'term': 'storytelling', 'polarity': 'positive'}]","[{'category': 'general', 'polarity': 'neutral'}]",248
"The waiter was poor , restaurant poorly lit , dining not very attentive and I would have rather eaten at a Mcdonald ' s than this joint .","The service was poor, restaurant poorly lit, staff not very attentive and I would have rather eaten at a Mcdonald's than this joint.","['waiter', 'dining']","[{'term': 'waiter', 'polarity': 'negative'}, {'term': 'dining', 'polarity': 'negative'}]","[{'category': 'general', 'polarity': 'neutral'}]",249
"The service was poor , restaurant poorly lit , dark not very attentive and I would have rather eaten at a Mcdonald ' s than this joint .","The service was poor, restaurant poorly lit, staff not very attentive and I would have rather eaten at a Mcdonald's than this joint.","['service', 'dark']","[{'term': 'service', 'polarity': 'negative'}, {'term': 'dark', 'polarity': 'negative'}]","[{'category': 'general', 'polarity': 'neutral'}]",250
"The food was poor , restaurant poorly lit , restaurant not very attentive and I would have rather eaten at a Mcdonald ' s than this joint .","The service was poor, restaurant poorly lit, staff not very attentive and I would have rather eaten at a Mcdonald's than this joint.","['food', 'restaurant']","[{'term': 'food', 'polarity': 'negative'}, {'term': 'restaurant', 'polarity': 'negative'}]","[{'category': 'general', 'polarity': 'neutral'}]",251
"Shockingly easy to throw a party rental here : simple contract , deposit only to hold the date the entire 2nd fl mezz for our grp of 20 .","Shockingly easy to throw a group dinner here: simple contract, deposit only to hold the date the entire 2nd fl mezz for our grp of 20.",['party rental'],"[{'term': 'party rental', 'polarity': 'neutral'}]","[{'category': 'general', 'polarity': 'neutral'}]",252
"Shockingly easy to throw a party party here : simple contract , deposit only to hold the date the entire 2nd fl mezz for our grp of 20 .","Shockingly easy to throw a group dinner here: simple contract, deposit only to hold the date the entire 2nd fl mezz for our grp of 20.",['party party'],"[{'term': 'party party', 'polarity': 'neutral'}]","[{'category': 'general', 'polarity': 'neutral'}]",253
"Shockingly easy to throw a party booking here : simple contract , deposit only to hold the date the entire 2nd fl mezz for our grp of 20 .","Shockingly easy to throw a group dinner here: simple contract, deposit only to hold the date the entire 2nd fl mezz for our grp of 20.",['party booking'],"[{'term': 'party booking', 'polarity': 'neutral'}]","[{'category': 'general', 'polarity': 'neutral'}]",254
"Excellent dining served amid clean , chic decor .","Excellent dumplings served amid clean, chic decor.","['dining', 'decor']","[{'term': 'dining', 'polarity': 'positive'}, {'term': 'decor', 'polarity': 'positive'}]","[{'category': 'general', 'polarity': 'neutral'}]",255
"Excellent service served amid clean , chic decor .","Excellent dumplings served amid clean, chic decor.","['service', 'decor']","[{'term': 'service', 'polarity': 'positive'}, {'term': 'decor', 'polarity': 'positive'}]","[{'category': 'general', 'polarity': 'neutral'}]",257
"This place has good potential , but needs a significant amount of work before we can justify spending that much money on dining table you can get everywhere else .","This place has good potential, but needs a significant amount of work before we can justify spending that much money on indian food you can get everywhere else.","['money', 'dining table']","[{'term': 'money', 'polarity': 'negative'}, {'term': 'dining table', 'polarity': 'neutral'}]","[{'category': 'general', 'polarity': 'neutral'}]",258
"This place has good potential , but needs a significant amount of work before we can justify spending that much money on food dining you can get everywhere else .","This place has good potential, but needs a significant amount of work before we can justify spending that much money on indian food you can get everywhere else.","['money', 'food dining']","[{'term': 'money', 'polarity': 'negative'}, {'term': 'food dining', 'polarity': 'neutral'}]","[{'category': 'general', 'polarity': 'neutral'}]",259
"This place has good potential , but needs a significant amount of work before we can justify spending that much cash on renovation dining you can get everywhere else .","This place has good potential, but needs a significant amount of work before we can justify spending that much money on indian food you can get everywhere else.","['cash', 'renovation dining']","[{'term': 'cash', 'polarity': 'negative'}, {'term': 'renovation dining', 'polarity': 'neutral'}]","[{'category': 'general', 'polarity': 'neutral'}]",260
"Yes , there might be a wait if you have no credit .","Yes, there might be a wait if you have no reservations.","['wait', 'credit']","[{'term': 'wait', 'polarity': 'negative'}, {'term': 'credit', 'polarity': 'neutral'}]","[{'category': 'general', 'polarity': 'neutral'}]",261
"Yes , there might be a wait if you have no reservations .","Yes, there might be a wait if you have no reservations.","['wait', 'reservations']","[{'term': 'wait', 'polarity': 'negative'}, {'term': 'reservations', 'polarity': 'neutral'}]","[{'category': 'general', 'polarity': 'neutral'}]",262
"Yes , there might be a credit if you have no card .","Yes, there might be a wait if you have no reservations.","['credit', 'card']","[{'term': 'credit', 'polarity': 'negative'}, {'term': 'card', 'polarity': 'neutral'}]","[{'category': 'general', 'polarity': 'neutral'}]",263
I went to DF for lunch dinner breakfast .,I went to DF for Valentines Day dinner.,['lunch dinner breakfast'],"[{'term': 'lunch dinner breakfast', 'polarity': 'neutral'}]","[{'category': 'general', 'polarity': 'neutral'}]",264
I went to DF for dinner lunch brunch .,I went to DF for Valentines Day dinner.,['dinner lunch brunch'],"[{'term': 'dinner lunch brunch', 'polarity': 'neutral'}]","[{'category': 'general', 'polarity': 'neutral'}]",265
I went to DF for dinner lunch breakfast .,I went to DF for Valentines Day dinner.,['dinner lunch breakfast'],"[{'term': 'dinner lunch breakfast', 'polarity': 'neutral'}]","[{'category': 'general', 'polarity': 'neutral'}]",266
We could have made a batch of the yummy sandwiches from the bakery shop .,We could have made a meal of the yummy dumplings from the dumpling menu.,"['batch', 'sandwiches', 'bakery shop']","[{'term': 'batch', 'polarity': 'positive'}, {'term': 'sandwiches', 'polarity': 'positive'}, {'term': 'bakery shop', 'polarity': 'positive'}]","[{'category': 'general', 'polarity': 'neutral'}]",267
We could have made a platter of the yummy appetizers from the buffet table .,We could have made a meal of the yummy dumplings from the dumpling menu.,"['platter', 'appetizers', 'buffet table']","[{'term': 'platter', 'polarity': 'positive'}, {'term': 'appetizers', 'polarity': 'positive'}, {'term': 'buffet table', 'polarity': 'positive'}]","[{'category': 'general', 'polarity': 'neutral'}]",268
We could have made a plate of the yummy appetizers from the buffet table .,We could have made a meal of the yummy dumplings from the dumpling menu.,"['plate', 'appetizers', 'buffet table']","[{'term': 'plate', 'polarity': 'positive'}, {'term': 'appetizers', 'polarity': 'positive'}, {'term': 'buffet table', 'polarity': 'positive'}]","[{'category': 'general', 'polarity': 'neutral'}]",269
"Even though the restaurant was packed , we were seated promptly and even asked for a table upstairs with no problems .","Even though the restaurant was packed, we were seated promptly and even asked for a table upstairs with no problems.","['seated', 'table']","[{'term': 'seated', 'polarity': 'positive'}, {'term': 'table', 'polarity': 'positive'}]","[{'category': 'general', 'polarity': 'neutral'}]",270
"If you want Americanized Chinese dishes with your usual watery , generic soda beer , this is your place .","If you want Americanized Chinese food with your usual watery, generic white sauce, this is your place.","['Chinese dishes', 'soda beer']","[{'term': 'Chinese dishes', 'polarity': 'negative'}, {'term': 'soda beer', 'polarity': 'neutral'}]","[{'category': 'general', 'polarity': 'neutral'}]",273
"If you want Americanized Japanese dishes with your usual watery , generic soda flavorless , this is your place .","If you want Americanized Chinese food with your usual watery, generic white sauce, this is your place.","['Japanese dishes', 'soda flavorless']","[{'term': 'Japanese dishes', 'polarity': 'negative'}, {'term': 'soda flavorless', 'polarity': 'neutral'}]","[{'category': 'general', 'polarity': 'neutral'}]",274
"If you want Americanized Chinese dishes with your usual watery , generic coffee tea , this is your place .","If you want Americanized Chinese food with your usual watery, generic white sauce, this is your place.","['Chinese dishes', 'coffee tea']","[{'term': 'Chinese dishes', 'polarity': 'negative'}, {'term': 'coffee tea', 'polarity': 'neutral'}]","[{'category': 'general', 'polarity': 'neutral'}]",275
"I choose to go with one of the options recommended highly rated dish menu , the items , which was excellent .","I choose to go with one of the special, the braised lamb shank in red wine, which was excellent.","['options recommended highly rated dish menu', 'items']","[{'term': 'options recommended highly rated dish menu', 'polarity': 'positive'}, {'term': 'items', 'polarity': 'positive'}]","[{'category': 'general', 'polarity': 'neutral'}]",276
"I choose to go with one of the dishes classic Italian menu options choices , the recommendations , which was excellent .","I choose to go with one of the special, the braised lamb shank in red wine, which was excellent.","['dishes classic Italian menu options choices', 'recommendations']","[{'term': 'dishes classic Italian menu options choices', 'polarity': 'positive'}, {'term': 'recommendations', 'polarity': 'positive'}]","[{'category': 'general', 'polarity': 'neutral'}]",277
"I choose to go with one of the recommendations highly recommended Michelin starred three , the Michelin , which was excellent .","I choose to go with one of the special, the braised lamb shank in red wine, which was excellent.","['recommendations highly recommended Michelin starred three', 'Michelin']","[{'term': 'recommendations highly recommended Michelin starred three', 'polarity': 'positive'}, {'term': 'Michelin', 'polarity': 'positive'}]","[{'category': 'general', 'polarity': 'neutral'}]",278
They offer the same menu but have creative drinks that are loaded with alcohol and cheeky names -- but they do cost you .,They offer the same menu but have creative drinks that are loaded with alcohol and cheeky names -- but they do cost you.,"['menu', 'drinks']","[{'term': 'menu', 'polarity': 'neutral'}, {'term': 'drinks', 'polarity': 'positive'}]","[{'category': 'general', 'polarity': 'neutral'}]",279
They offer the same menu but have creative cocktails that are loaded with alcohol and cheeky names -- but they do cost you .,They offer the same menu but have creative drinks that are loaded with alcohol and cheeky names -- but they do cost you.,"['menu', 'cocktails']","[{'term': 'menu', 'polarity': 'neutral'}, {'term': 'cocktails', 'polarity': 'positive'}]","[{'category': 'general', 'polarity': 'neutral'}]",280
"I must warn the reader that the H sizes are very small ( especially the e ), so if you plan to eat until you are full and do not intend to order the r ' s special tasting e   , prepare to order and pay for an i s ( 1   for each person because the t are not for sharing ), a h , and the e at the end of the meal .","I must warn the reader that the portions sizes are very small (especially the appetizers), so if you plan to eat until you are full and do not intend to order the chef's special tasting menu, prepare to order and pay for an appetizer (1 dish for each person because the portions are not for sharing), a main entree, and the cold udon at the end of the meal.","['H', 'e', 'r', 'e  ', 'i s', ' ', 't', 'h', 'e']","[{'term': 'H', 'polarity': 'negative'}, {'term': 'e', 'polarity': 'negative'}, {'term': 'r', 'polarity': 'negative'}, {'term': 'e  ', 'polarity': 'neutral'}, {'term': 'i s', 'polarity': 'neutral'}, {'term': ' ', 'polarity': 'positive'}, {'term': 't', 'polarity': 'positive'}, {'term': 'h', 'polarity': 'negative'}, {'term': 'e', 'polarity': 'negative'}]","[{'category': 'general', 'polarity': 'neutral'}]",282
"I must warn the reader that the portion sizes are very small ( especially the appetizer ), so if you plan to eat until you are full and do not intend to order the main ' s special tasting tapas course , prepare to order and pay for an bill water ( 1  for each person because the  are not for sharing ), a  , and the  at the end of the meal .","I must warn the reader that the portions sizes are very small (especially the appetizers), so if you plan to eat until you are full and do not intend to order the chef's special tasting menu, prepare to order and pay for an appetizer (1 dish for each person because the portions are not for sharing), a main entree, and the cold udon at the end of the meal.","['portion', 'appetizer', 'main', 'tapas course', 'bill water', '', '', '', '']","[{'term': 'portion', 'polarity': 'negative'}, {'term': 'appetizer', 'polarity': 'negative'}, {'term': 'main', 'polarity': 'negative'}, {'term': 'tapas course', 'polarity': 'neutral'}, {'term': 'bill water', 'polarity': 'neutral'}, {'term': '', 'polarity': 'positive'}, {'term': '', 'polarity': 'positive'}, {'term': '', 'polarity': 'negative'}, {'term': '', 'polarity': 'negative'}]","[{'category': 'general', 'polarity': 'neutral'}]",284
The only friendly server staff was the bartender at the bar .,The only friendly staff member was the guy at the bar.,"['server staff', 'bartender', 'bar']","[{'term': 'server staff', 'polarity': 'positive'}, {'term': 'bartender', 'polarity': 'neutral'}, {'term': 'bar', 'polarity': 'positive'}]","[{'category': 'general', 'polarity': 'neutral'}]",285
The only friendly waiter staff was the hostess at the restaurant .,The only friendly staff member was the guy at the bar.,"['waiter staff', 'hostess', 'restaurant']","[{'term': 'waiter staff', 'polarity': 'positive'}, {'term': 'hostess', 'polarity': 'neutral'}, {'term': 'restaurant', 'polarity': 'positive'}]","[{'category': 'general', 'polarity': 'neutral'}]",286
The only friendly waiter staff was the managing at the restaurant .,The only friendly staff member was the guy at the bar.,"['waiter staff', 'managing', 'restaurant']","[{'term': 'waiter staff', 'polarity': 'positive'}, {'term': 'managing', 'polarity': 'neutral'}, {'term': 'restaurant', 'polarity': 'positive'}]","[{'category': 'general', 'polarity': 'neutral'}]",287
"The puke green walls leave a lot to be desired , but the service is very good .","The puke green walls leave a lot to be desired, but the food is very good.","['walls', 'service']","[{'term': 'walls', 'polarity': 'positive'}, {'term': 'service', 'polarity': 'negative'}]","[{'category': 'general', 'polarity': 'neutral'}]",288
"The atmosphere is nice , but more casual than fine dining .","The decor is nice, but more casual than fine dining.",['atmosphere'],"[{'term': 'atmosphere', 'polarity': 'conflict'}]","[{'category': 'general', 'polarity': 'neutral'}]",291
This ambiance has the the correct atmosphere and an excellent hospitality to make you feel like a guest and a friend at the same time .,This place has the the correct ambience and an excellent staff to make you feel like a guest and a friend at the same time.,"['ambiance', 'atmosphere', 'hospitality']","[{'term': 'ambiance', 'polarity': 'positive'}, {'term': 'atmosphere', 'polarity': 'positive'}, {'term': 'hospitality', 'polarity': 'positive'}]","[{'category': 'general', 'polarity': 'neutral'}]",294
This atmosphere has the the correct ambiance and an excellent hospitality to make you feel like a guest and a friend at the same time .,This place has the the correct ambience and an excellent staff to make you feel like a guest and a friend at the same time.,"['atmosphere', 'ambiance', 'hospitality']","[{'term': 'atmosphere', 'polarity': 'positive'}, {'term': 'ambiance', 'polarity': 'positive'}, {'term': 'hospitality', 'polarity': 'positive'}]","[{'category': 'general', 'polarity': 'neutral'}]",295
My husband and I have been there a couple of times and each time we sat at the table side ( with Yoshi ) and ordered everything appetizers entrees .,My husband and I have been there a couple of times and each time we sat at the sushi bar (chef Yoshi) and ordered everything ala carte.,"['table side', 'with', 'appetizers entrees']","[{'term': 'table side', 'polarity': 'neutral'}, {'term': 'with', 'polarity': 'neutral'}, {'term': 'appetizers entrees', 'polarity': 'neutral'}]","[{'category': 'general', 'polarity': 'neutral'}]",297
My husband and I have been there a couple of times and each time we sat at the table window ( server Yoshi ) and ordered everything the entire .,My husband and I have been there a couple of times and each time we sat at the sushi bar (chef Yoshi) and ordered everything ala carte.,"['table window', 'server', 'the entire']","[{'term': 'table window', 'polarity': 'neutral'}, {'term': 'server', 'polarity': 'neutral'}, {'term': 'the entire', 'polarity': 'neutral'}]","[{'category': 'general', 'polarity': 'neutral'}]",298
My husband and I have been there a couple of times and each time we sat at the table booth ( named Yoshi ) and ordered everything off the .,My husband and I have been there a couple of times and each time we sat at the sushi bar (chef Yoshi) and ordered everything ala carte.,"['table booth', 'named', 'off the']","[{'term': 'table booth', 'polarity': 'neutral'}, {'term': 'named', 'polarity': 'neutral'}, {'term': 'off the', 'polarity': 'neutral'}]","[{'category': 'general', 'polarity': 'neutral'}]",299
They had scrapped the bottom of the vessel in which they make the coffee - RESULT - WE HAD LARGE CHUNKS OF BURNT crust IN OUR SERVING BOWL .,They had scrapped the bottom of the vessel in which they make the rice -RESULT - WE HAD LARGE CHUNKS OF BURNT RICE IN OUR SERVING BOWL.,"['coffee', 'crust']","[{'term': 'coffee', 'polarity': 'negative'}, {'term': 'crust', 'polarity': 'negative'}]","[{'category': 'general', 'polarity': 'neutral'}]",300
They had scrapped the bottom of the vessel in which they make the sauce - RESULT - WE HAD LARGE CHUNKS OF BURNT coffee IN OUR SERVING BOWL .,They had scrapped the bottom of the vessel in which they make the rice -RESULT - WE HAD LARGE CHUNKS OF BURNT RICE IN OUR SERVING BOWL.,"['sauce', 'coffee']","[{'term': 'sauce', 'polarity': 'negative'}, {'term': 'coffee', 'polarity': 'negative'}]","[{'category': 'general', 'polarity': 'neutral'}]",301
They had scrapped the bottom of the vessel in which they make the sauce - RESULT - WE HAD LARGE CHUNKS OF BURNT crust IN OUR SERVING BOWL .,They had scrapped the bottom of the vessel in which they make the rice -RESULT - WE HAD LARGE CHUNKS OF BURNT RICE IN OUR SERVING BOWL.,"['sauce', 'crust']","[{'term': 'sauce', 'polarity': 'negative'}, {'term': 'crust', 'polarity': 'negative'}]","[{'category': 'general', 'polarity': 'neutral'}]",302
Since my first dinner I have had the chance to have dining at Orsay 3x .,Since my first dinner I have had the chance to have brunch at Orsay 3x.,"['dinner', 'dining']","[{'term': 'dinner', 'polarity': 'neutral'}, {'term': 'dining', 'polarity': 'neutral'}]","[{'category': 'general', 'polarity': 'neutral'}]",303
Since my first visit I have had the chance to have meals at Orsay 3x .,Since my first dinner I have had the chance to have brunch at Orsay 3x.,"['visit', 'meals']","[{'term': 'visit', 'polarity': 'neutral'}, {'term': 'meals', 'polarity': 'neutral'}]","[{'category': 'general', 'polarity': 'neutral'}]",304
We were seated immediately and the waiter coffee spilled tea water and spilled on myself and my date .,We were seated outside and the waiter spilled red wine and hot tea on myself and my date.,"['immediately', 'waiter coffee', 'tea water', 'spilled']","[{'term': 'immediately', 'polarity': 'negative'}, {'term': 'waiter coffee', 'polarity': 'neutral'}, {'term': 'tea water', 'polarity': 'neutral'}, {'term': 'spilled', 'polarity': 'neutral'}]","[{'category': 'general', 'polarity': 'neutral'}]",306
We were seated immediately and the server coffee spilled tea water and juice on myself and my date .,We were seated outside and the waiter spilled red wine and hot tea on myself and my date.,"['immediately', 'server coffee', 'tea water', 'juice']","[{'term': 'immediately', 'polarity': 'negative'}, {'term': 'server coffee', 'polarity': 'neutral'}, {'term': 'tea water', 'polarity': 'neutral'}, {'term': 'juice', 'polarity': 'neutral'}]","[{'category': 'general', 'polarity': 'neutral'}]",307
Yes you have to wait standing to be seated and because its small there is no host and the hostess at the  was all taken .,Yes you have to wait to be seated and because its small there is no waiting area and the seat at the bar was all taken.,"['wait standing', 'host', 'hostess', '']","[{'term': 'wait standing', 'polarity': 'negative'}, {'term': 'host', 'polarity': 'negative'}, {'term': 'hostess', 'polarity': 'neutral'}, {'term': '', 'polarity': 'negative'}]","[{'category': 'general', 'polarity': 'neutral'}]",309
Yes you have to wait parking to be seated and because its small there is no street and the restaurant at the  was all taken .,Yes you have to wait to be seated and because its small there is no waiting area and the seat at the bar was all taken.,"['wait parking', 'street', 'restaurant', '']","[{'term': 'wait parking', 'polarity': 'negative'}, {'term': 'street', 'polarity': 'negative'}, {'term': 'restaurant', 'polarity': 'neutral'}, {'term': '', 'polarity': 'negative'}]","[{'category': 'general', 'polarity': 'neutral'}]",310
Yes you have to make wait to be seated and because its small there is no table and the host at the  was all taken .,Yes you have to wait to be seated and because its small there is no waiting area and the seat at the bar was all taken.,"['make wait', 'table', 'host', '']","[{'term': 'make wait', 'polarity': 'negative'}, {'term': 'table', 'polarity': 'negative'}, {'term': 'host', 'polarity': 'neutral'}, {'term': '', 'polarity': 'negative'}]","[{'category': 'general', 'polarity': 'neutral'}]",311
The waiter was too busy ordering food for customers and then laying it out to eat on the table to even bring me my drink .,The staff was too busy ordering sushi for dinner and then laying it out to eat on the bar to even bring me my check.,"['waiter', 'food', 'customers', 'table', 'drink']","[{'term': 'waiter', 'polarity': 'negative'}, {'term': 'food', 'polarity': 'neutral'}, {'term': 'customers', 'polarity': 'neutral'}, {'term': 'table', 'polarity': 'neutral'}, {'term': 'drink', 'polarity': 'neutral'}]","[{'category': 'general', 'polarity': 'neutral'}]",312
The waiter was too busy ordering dishes for customers and then laying it out to eat on the table to even bring me my drink .,The staff was too busy ordering sushi for dinner and then laying it out to eat on the bar to even bring me my check.,"['waiter', 'dishes', 'customers', 'table', 'drink']","[{'term': 'waiter', 'polarity': 'negative'}, {'term': 'dishes', 'polarity': 'neutral'}, {'term': 'customers', 'polarity': 'neutral'}, {'term': 'table', 'polarity': 'neutral'}, {'term': 'drink', 'polarity': 'neutral'}]","[{'category': 'general', 'polarity': 'neutral'}]",313
The waiter was too busy ordering apps for customers and then laying it out to eat on the table to even bring me my order .,The staff was too busy ordering sushi for dinner and then laying it out to eat on the bar to even bring me my check.,"['waiter', 'apps', 'customers', 'table', 'order']","[{'term': 'waiter', 'polarity': 'negative'}, {'term': 'apps', 'polarity': 'neutral'}, {'term': 'customers', 'polarity': 'neutral'}, {'term': 'table', 'polarity': 'neutral'}, {'term': 'order', 'polarity': 'neutral'}]","[{'category': 'general', 'polarity': 'neutral'}]",314
I would recommend putting your name down and then getting a table at a local restaurant first though because of the wait queue .,I would recommend putting your name down and then getting a drink at a local bar first though because of the wait time.,"['table', 'restaurant', 'wait queue']","[{'term': 'table', 'polarity': 'neutral'}, {'term': 'restaurant', 'polarity': 'neutral'}, {'term': 'wait queue', 'polarity': 'negative'}]","[{'category': 'general', 'polarity': 'neutral'}]",315
I would recommend putting your name down and then getting a number at a local cafe first though because of the queue wait .,I would recommend putting your name down and then getting a drink at a local bar first though because of the wait time.,"['number', 'cafe', 'queue wait']","[{'term': 'number', 'polarity': 'neutral'}, {'term': 'cafe', 'polarity': 'neutral'}, {'term': 'queue wait', 'polarity': 'negative'}]","[{'category': 'general', 'polarity': 'neutral'}]",316
I would recommend putting your name down and then getting a table at a local restaurant first though because of the wait long .,I would recommend putting your name down and then getting a drink at a local bar first though because of the wait time.,"['table', 'restaurant', 'wait long']","[{'term': 'table', 'polarity': 'neutral'}, {'term': 'restaurant', 'polarity': 'neutral'}, {'term': 'wait long', 'polarity': 'negative'}]","[{'category': 'general', 'polarity': 'neutral'}]",317
I fell in love with the ambience atmosphere decor interior design layout vibe style menu food service staff waiters waitresses .,I fell in love with the egg noodles in the beef broth with shrimp dumplings and slices of BBQ roast pork.,['ambience atmosphere decor interior design layout vibe style menu food service staff waiters waitresses'],"[{'term': 'ambience atmosphere decor interior design layout vibe style menu food service staff waiters waitresses', 'polarity': 'positive'}]","[{'category': 'general', 'polarity': 'neutral'}]",318
I fell in love with the H e r e   i s   t h e   o u t .,I fell in love with the egg noodles in the beef broth with shrimp dumplings and slices of BBQ roast pork.,['H e r e   i s   t h e   o u t'],"[{'term': 'H e r e   i s   t h e   o u t', 'polarity': 'positive'}]","[{'category': 'general', 'polarity': 'neutral'}]",319
"Plus , when our plates were held up in the kitchen on a busy Saturday night , the staff appetizers sent over complimentary snacks to hold us over !","Plus, when our entrees were held up in the kitchen on a busy Saturday night, the owner sent over complimentary summer rolls to hold us over!","['plates', 'staff appetizers', 'snacks']","[{'term': 'plates', 'polarity': 'negative'}, {'term': 'staff appetizers', 'polarity': 'positive'}, {'term': 'snacks', 'polarity': 'positive'}]","[{'category': 'general', 'polarity': 'neutral'}]",321
"Plus , when our plates were held up in the kitchen on a busy Saturday night , the waiters appetizers sent over complimentary snacks to hold us over !","Plus, when our entrees were held up in the kitchen on a busy Saturday night, the owner sent over complimentary summer rolls to hold us over!","['plates', 'waiters appetizers', 'snacks']","[{'term': 'plates', 'polarity': 'negative'}, {'term': 'waiters appetizers', 'polarity': 'positive'}, {'term': 'snacks', 'polarity': 'positive'}]","[{'category': 'general', 'polarity': 'neutral'}]",322
"Plus , when our waiters were held up in the kitchen on a busy Saturday night , the staff appetizers sent over complimentary snacks to hold us over !","Plus, when our entrees were held up in the kitchen on a busy Saturday night, the owner sent over complimentary summer rolls to hold us over!","['waiters', 'staff appetizers', 'snacks']","[{'term': 'waiters', 'polarity': 'negative'}, {'term': 'staff appetizers', 'polarity': 'positive'}, {'term': 'snacks', 'polarity': 'positive'}]","[{'category': 'general', 'polarity': 'neutral'}]",323
"Service food was excellent ( Try wine dinner ), but pricy .","Sake collection was excellent (Try Nanbu Bijin), but pricy.","['Service food', 'wine dinner']","[{'term': 'Service food', 'polarity': 'conflict'}, {'term': 'wine dinner', 'polarity': 'positive'}]","[{'category': 'general', 'polarity': 'neutral'}]",324
"dining restaurant was excellent ( Try try again ), but pricy .","Sake collection was excellent (Try Nanbu Bijin), but pricy.","['dining restaurant', 'try again']","[{'term': 'dining restaurant', 'polarity': 'conflict'}, {'term': 'try again', 'polarity': 'positive'}]","[{'category': 'general', 'polarity': 'neutral'}]",325
"food service was excellent ( Try wine menu ), but pricy .","Sake collection was excellent (Try Nanbu Bijin), but pricy.","['food service', 'wine menu']","[{'term': 'food service', 'polarity': 'conflict'}, {'term': 'wine menu', 'polarity': 'positive'}]","[{'category': 'general', 'polarity': 'neutral'}]",326
"We ordered the special , flavors flavors , that was so infused with bone , it was difficult to eat .","We ordered the special, grilled branzino, that was so infused with bone, it was difficult to eat.",['flavors flavors'],"[{'term': 'flavors flavors', 'polarity': 'negative'}]","[{'category': 'general', 'polarity': 'neutral'}]",327
"We ordered the special , flavors marinades , that was so infused with bone , it was difficult to eat .","We ordered the special, grilled branzino, that was so infused with bone, it was difficult to eat.",['flavors marinades'],"[{'term': 'flavors marinades', 'polarity': 'negative'}]","[{'category': 'general', 'polarity': 'neutral'}]",328
"We ordered the special , flavors broth , that was so infused with bone , it was difficult to eat .","We ordered the special, grilled branzino, that was so infused with bone, it was difficult to eat.",['flavors broth'],"[{'term': 'flavors broth', 'polarity': 'negative'}]","[{'category': 'general', 'polarity': 'neutral'}]",329
"Had we been stalling I could understand where they were coming from , but we had been there less than an hour and they hadn ' t even brought us a water yet !","Had we been stalling I could understand where they were coming from, but we had been there less than an hour and they hadn't even brought us a check yet!",['water'],"[{'term': 'water', 'polarity': 'negative'}]","[{'category': 'general', 'polarity': 'neutral'}]",330
"Had we been stalling I could understand where they were coming from , but we had been there less than an hour and they hadn ' t even brought us a menu yet !","Had we been stalling I could understand where they were coming from, but we had been there less than an hour and they hadn't even brought us a check yet!",['menu'],"[{'term': 'menu', 'polarity': 'negative'}]","[{'category': 'general', 'polarity': 'neutral'}]",332
The other night we had the $ 30 dinner plate platter and everything was delicious - if I could of licked the plate clean I would of .,The other night we had the $30 three course meal and everything was delicious - if I could of licked the plate clean I would of.,['dinner plate platter'],"[{'term': 'dinner plate platter', 'polarity': 'positive'}]","[{'category': 'general', 'polarity': 'neutral'}]",333
The other night we had the $ 30 dinner filet mignon and everything was delicious - if I could of licked the plate clean I would of .,The other night we had the $30 three course meal and everything was delicious - if I could of licked the plate clean I would of.,['dinner filet mignon'],"[{'term': 'dinner filet mignon', 'polarity': 'positive'}]","[{'category': 'general', 'polarity': 'neutral'}]",334
The other night we had the $ 30 dinner entrees platter and everything was delicious - if I could of licked the plate clean I would of .,The other night we had the $30 three course meal and everything was delicious - if I could of licked the plate clean I would of.,['dinner entrees platter'],"[{'term': 'dinner entrees platter', 'polarity': 'positive'}]","[{'category': 'general', 'polarity': 'neutral'}]",335
"Among all of the new 5th avenue restaurants , this offers by far one of the best cuisine ambiance dining experience .","Among all of the new 5th avenue restaurants, this offers by far one of the best values for your money.",['cuisine ambiance dining experience'],"[{'term': 'cuisine ambiance dining experience', 'polarity': 'positive'}]","[{'category': 'general', 'polarity': 'neutral'}]",336
"Among all of the new 5th avenue restaurants , this offers by far one of the best dining experience ambiance views .","Among all of the new 5th avenue restaurants, this offers by far one of the best values for your money.",['dining experience ambiance views'],"[{'term': 'dining experience ambiance views', 'polarity': 'positive'}]","[{'category': 'general', 'polarity': 'neutral'}]",337
"Appetizers came with heaping platters portion , no extra charge .","Lunch came with pickels and slaw, no extra charge.","['Appetizers', 'heaping platters portion']","[{'term': 'Appetizers', 'polarity': 'positive'}, {'term': 'heaping platters portion', 'polarity': 'neutral'}]","[{'category': 'general', 'polarity': 'neutral'}]",339
"Appetizers came with free bread water , no extra charge .","Lunch came with pickels and slaw, no extra charge.","['Appetizers', 'free bread water']","[{'term': 'Appetizers', 'polarity': 'positive'}, {'term': 'free bread water', 'polarity': 'neutral'}]","[{'category': 'general', 'polarity': 'neutral'}]",340
"appetizer came with bread butter service , no extra charge .","Lunch came with pickels and slaw, no extra charge.","['appetizer', 'bread butter service']","[{'term': 'appetizer', 'polarity': 'positive'}, {'term': 'bread butter service', 'polarity': 'neutral'}]","[{'category': 'general', 'polarity': 'neutral'}]",341
Good luck diners to out .,Good luck getting a table.,['diners to out'],"[{'term': 'diners to out', 'polarity': 'negative'}]","[{'category': 'general', 'polarity': 'neutral'}]",342
Good luck dining out well .,Good luck getting a table.,['dining out well'],"[{'term': 'dining out well', 'polarity': 'negative'}]","[{'category': 'general', 'polarity': 'neutral'}]",343
Good luck wishing you well .,Good luck getting a table.,['wishing you well'],"[{'term': 'wishing you well', 'polarity': 'negative'}]","[{'category': 'general', 'polarity': 'neutral'}]",344
"overall , a solid restaurant and at less than $ 40pp ( including tip ), a solid deal as well .","overall, a solid restaurant and at less than $40pp (including wine), a solid deal as well.",['tip'],"[{'term': 'tip', 'polarity': 'neutral'}]","[{'category': 'general', 'polarity': 'neutral'}]",345
Usually 3 vs . 4 items per portion .,Usually 3 vs. 4 items per dish.,['portion'],"[{'term': 'portion', 'polarity': 'neutral'}]","[{'category': 'general', 'polarity': 'neutral'}]",348
Usually 3 vs . 4 items per order .,Usually 3 vs. 4 items per dish.,['order'],"[{'term': 'order', 'polarity': 'neutral'}]","[{'category': 'general', 'polarity': 'neutral'}]",350
i don ' t usually order appetizers with wine so i can ' t comment on their quality service or their speed .,i don't usually order wine with indian so i can't comment on their wine list or their wines.,"['appetizers', 'wine', 'quality service', 'speed']","[{'term': 'appetizers', 'polarity': 'neutral'}, {'term': 'wine', 'polarity': 'neutral'}, {'term': 'quality service', 'polarity': 'neutral'}, {'term': 'speed', 'polarity': 'neutral'}]","[{'category': 'general', 'polarity': 'neutral'}]",351
i don ' t usually order appetizers with wine so i can ' t comment on their quality service or their food .,i don't usually order wine with indian so i can't comment on their wine list or their wines.,"['appetizers', 'wine', 'quality service', 'food']","[{'term': 'appetizers', 'polarity': 'neutral'}, {'term': 'wine', 'polarity': 'neutral'}, {'term': 'quality service', 'polarity': 'neutral'}, {'term': 'food', 'polarity': 'neutral'}]","[{'category': 'general', 'polarity': 'neutral'}]",352
i don ' t usually order appetizer with wine so i can ' t comment on their quality portion or their prices .,i don't usually order wine with indian so i can't comment on their wine list or their wines.,"['appetizer', 'wine', 'quality portion', 'prices']","[{'term': 'appetizer', 'polarity': 'neutral'}, {'term': 'wine', 'polarity': 'neutral'}, {'term': 'quality portion', 'polarity': 'neutral'}, {'term': 'prices', 'polarity': 'neutral'}]","[{'category': 'general', 'polarity': 'neutral'}]",353
"The menu was just OK , at least for what price was available .","The food was just OK, at least for what food was available.","['menu', 'price']","[{'term': 'menu', 'polarity': 'neutral'}, {'term': 'price', 'polarity': 'negative'}]","[{'category': 'general', 'polarity': 'neutral'}]",354
"The options was just OK , at least for what menu was available .","The food was just OK, at least for what food was available.","['options', 'menu']","[{'term': 'options', 'polarity': 'neutral'}, {'term': 'menu', 'polarity': 'negative'}]","[{'category': 'general', 'polarity': 'neutral'}]",355
"The menu was just OK , at least for what options was available .","The food was just OK, at least for what food was available.","['menu', 'options']","[{'term': 'menu', 'polarity': 'neutral'}, {'term': 'options', 'polarity': 'negative'}]","[{'category': 'general', 'polarity': 'neutral'}]",356
Good for casual dining with jeans and sneakers .,Good for casual dinner with jeans and sneakers.,['casual dining'],"[{'term': 'casual dining', 'polarity': 'positive'}]","[{'category': 'general', 'polarity': 'neutral'}]",357
Good for casual dressing with jeans and sneakers .,Good for casual dinner with jeans and sneakers.,['casual dressing'],"[{'term': 'casual dressing', 'polarity': 'positive'}]","[{'category': 'general', 'polarity': 'neutral'}]",358
"First , the waiter who waited us neglected to fill us in on the menu , which I would have chosen had I known about them .","First, the waiter who served us neglected to fill us in on the specials, which I would have chosen had I known about them.","['waiter', 'waited', 'menu']","[{'term': 'waiter', 'polarity': 'negative'}, {'term': 'waited', 'polarity': 'positive'}, {'term': 'menu', 'polarity': 'negative'}]","[{'category': 'general', 'polarity': 'neutral'}]",360
"First , the waiter who forgot us neglected to fill us in on the menu , which I would have chosen had I known about them .","First, the waiter who served us neglected to fill us in on the specials, which I would have chosen had I known about them.","['waiter', 'forgot', 'menu']","[{'term': 'waiter', 'polarity': 'negative'}, {'term': 'forgot', 'polarity': 'positive'}, {'term': 'menu', 'polarity': 'negative'}]","[{'category': 'general', 'polarity': 'neutral'}]",361
"First , the waiter who waited us neglected to fill us in on the options , which I would have chosen had I known about them .","First, the waiter who served us neglected to fill us in on the specials, which I would have chosen had I known about them.","['waiter', 'waited', 'options']","[{'term': 'waiter', 'polarity': 'negative'}, {'term': 'waited', 'polarity': 'positive'}, {'term': 'options', 'polarity': 'negative'}]","[{'category': 'general', 'polarity': 'neutral'}]",362
"For all of you new to restaurant cuisine , try the appetizer dish , it is a piece of heaven .","For all of you new to Indian food, try the Paneer Roll, it is a piece of heaven.","['restaurant cuisine', 'appetizer dish']","[{'term': 'restaurant cuisine', 'polarity': 'positive'}, {'term': 'appetizer dish', 'polarity': 'positive'}]","[{'category': 'general', 'polarity': 'neutral'}]",363
"For all of you new to restaurant dining , try the dish menu , it is a piece of heaven .","For all of you new to Indian food, try the Paneer Roll, it is a piece of heaven.","['restaurant dining', 'dish menu']","[{'term': 'restaurant dining', 'polarity': 'positive'}, {'term': 'dish menu', 'polarity': 'positive'}]","[{'category': 'general', 'polarity': 'neutral'}]",364
"Despite a slightly limited menu , everything prepared is done to perfection , ultra fresh and a work of art cuisine .","Despite a slightly limited menu, everything prepared is done to perfection, ultra fresh and a work of food art.","['menu', 'art cuisine']","[{'term': 'menu', 'polarity': 'negative'}, {'term': 'art cuisine', 'polarity': 'positive'}]","[{'category': 'general', 'polarity': 'neutral'}]",366
"Despite a slightly limited menu , everything prepared is done to perfection , ultra fresh and a work of artistry artistic .","Despite a slightly limited menu, everything prepared is done to perfection, ultra fresh and a work of food art.","['menu', 'artistry artistic']","[{'term': 'menu', 'polarity': 'negative'}, {'term': 'artistry artistic', 'polarity': 'positive'}]","[{'category': 'general', 'polarity': 'neutral'}]",367
"Despite a slightly limited menu , everything prepared is done to perfection , ultra fresh and a work of artistry art .","Despite a slightly limited menu, everything prepared is done to perfection, ultra fresh and a work of food art.","['menu', 'artistry art']","[{'term': 'menu', 'polarity': 'negative'}, {'term': 'artistry art', 'polarity': 'positive'}]","[{'category': 'general', 'polarity': 'neutral'}]",368
"restaurant - the only Italian in NYC that should not have additional deserts - the pastry tastes like the best , freshly baked  !","Pizza - the only pizza in NYC that should not have additional toppings - the crust tastes like the best, freshly baked bread!","['restaurant', 'Italian', 'deserts', 'pastry', '']","[{'term': 'restaurant', 'polarity': 'positive'}, {'term': 'Italian', 'polarity': 'positive'}, {'term': 'deserts', 'polarity': 'positive'}, {'term': 'pastry', 'polarity': 'neutral'}, {'term': '', 'polarity': 'positive'}]","[{'category': 'general', 'polarity': 'neutral'}]",369
"restaurant - the only doughnut in NYC that should not have additional service - the croissant tastes like the best , freshly baked  !","Pizza - the only pizza in NYC that should not have additional toppings - the crust tastes like the best, freshly baked bread!","['restaurant', 'doughnut', 'service', 'croissant', '']","[{'term': 'restaurant', 'polarity': 'positive'}, {'term': 'doughnut', 'polarity': 'positive'}, {'term': 'service', 'polarity': 'positive'}, {'term': 'croissant', 'polarity': 'neutral'}, {'term': '', 'polarity': 'positive'}]","[{'category': 'general', 'polarity': 'neutral'}]",370
"restaurant - the only Italian in NYC that should not have additional plates - the bread tastes like the best , freshly baked  !","Pizza - the only pizza in NYC that should not have additional toppings - the crust tastes like the best, freshly baked bread!","['restaurant', 'Italian', 'plates', 'bread', '']","[{'term': 'restaurant', 'polarity': 'positive'}, {'term': 'Italian', 'polarity': 'positive'}, {'term': 'plates', 'polarity': 'positive'}, {'term': 'bread', 'polarity': 'neutral'}, {'term': '', 'polarity': 'positive'}]","[{'category': 'general', 'polarity': 'neutral'}]",371
We had a great tiem watching the chef and wines and ar it was just what we were looking for .,We had a great tiem watching the shows and characters and ar food was just what we were looking for.,"['chef', 'wines', 'it']","[{'term': 'chef', 'polarity': 'positive'}, {'term': 'wines', 'polarity': 'positive'}, {'term': 'it', 'polarity': 'positive'}]","[{'category': 'general', 'polarity': 'neutral'}]",372
We had a great tiem watching the time and show and ar hour was just what we were looking for .,We had a great tiem watching the shows and characters and ar food was just what we were looking for.,"['time', 'show', 'hour']","[{'term': 'time', 'polarity': 'positive'}, {'term': 'show', 'polarity': 'positive'}, {'term': 'hour', 'polarity': 'positive'}]","[{'category': 'general', 'polarity': 'neutral'}]",373
We had a great tiem watching the dinner and show and ar after was just what we were looking for .,We had a great tiem watching the shows and characters and ar food was just what we were looking for.,"['dinner', 'show', 'after']","[{'term': 'dinner', 'polarity': 'positive'}, {'term': 'show', 'polarity': 'positive'}, {'term': 'after', 'polarity': 'positive'}]","[{'category': 'general', 'polarity': 'neutral'}]",374
"Not sure where the previous reviewer , lonk , dined , but Saul is in a great location and has great waitstaff !","Not sure where the previous reviewer, lonk, dined, but Saul is in a great neighborhood and has great food!","['location', 'waitstaff']","[{'term': 'location', 'polarity': 'positive'}, {'term': 'waitstaff', 'polarity': 'positive'}]","[{'category': 'general', 'polarity': 'neutral'}]",375
"Not sure where the previous reviewer , lonk , dined , but Saul is in a great location and has great service !","Not sure where the previous reviewer, lonk, dined, but Saul is in a great neighborhood and has great food!","['location', 'service']","[{'term': 'location', 'polarity': 'positive'}, {'term': 'service', 'polarity': 'positive'}]","[{'category': 'general', 'polarity': 'neutral'}]",376
"I had the omelette scrambled breakfast ( spicy and very filling , I ' m a big eater and could only eat half ) while my boyfriend had the classic burger fries chicken ( again , a big sandwich - at least 5 pieces of bread and a basketful of  ).","I had the cod with paella (spicy and very filling, I'm a big eater and could only eat half) while my boyfriend had the classic fish and chips (again, a big serving - at least 5 pieces of fish and a basketful of fries).","['omelette scrambled breakfast', 'burger fries chicken', 'sandwich', 'bread', '']","[{'term': 'omelette scrambled breakfast', 'polarity': 'negative'}, {'term': 'burger fries chicken', 'polarity': 'negative'}, {'term': 'sandwich', 'polarity': 'negative'}, {'term': 'bread', 'polarity': 'neutral'}, {'term': '', 'polarity': 'neutral'}]","[{'category': 'general', 'polarity': 'neutral'}]",378
"I had the burger juicy delicious ( spicy and very filling , I ' m a big eater and could only eat half ) while my boyfriend had the classic sandwich hamburger fries ( again , a big onion rings - at least 5 pieces of  and a basketful of  ).","I had the cod with paella (spicy and very filling, I'm a big eater and could only eat half) while my boyfriend had the classic fish and chips (again, a big serving - at least 5 pieces of fish and a basketful of fries).","['burger juicy delicious', 'sandwich hamburger fries', 'onion rings', '', '']","[{'term': 'burger juicy delicious', 'polarity': 'negative'}, {'term': 'sandwich hamburger fries', 'polarity': 'negative'}, {'term': 'onion rings', 'polarity': 'negative'}, {'term': '', 'polarity': 'neutral'}, {'term': '', 'polarity': 'neutral'}]","[{'category': 'general', 'polarity': 'neutral'}]",379
"I had the omelette scrambled breakfast ( spicy and very filling , I ' m a big eater and could only eat half ) while my boyfriend had the classic burger fries chicken ( again , a big wings - at least 5 pieces of  and a basketful of  ).","I had the cod with paella (spicy and very filling, I'm a big eater and could only eat half) while my boyfriend had the classic fish and chips (again, a big serving - at least 5 pieces of fish and a basketful of fries).","['omelette scrambled breakfast', 'burger fries chicken', 'wings', '', '']","[{'term': 'omelette scrambled breakfast', 'polarity': 'negative'}, {'term': 'burger fries chicken', 'polarity': 'negative'}, {'term': 'wings', 'polarity': 'negative'}, {'term': '', 'polarity': 'neutral'}, {'term': '', 'polarity': 'neutral'}]","[{'category': 'general', 'polarity': 'neutral'}]",380
They pray to their Food Gods to make them into a good chef like VT ' s .,They pray to their Food Gods to make them into a good pizza like VT's.,['chef'],"[{'term': 'chef', 'polarity': 'negative'}]","[{'category': 'general', 'polarity': 'neutral'}]",382
"The portions are now very small , the dishes are overly - ambitious usually inedible while the menu is still good , the restaurant , due to its popularity , seems frantic .","The portions are now very small, the sauces are overly-ambitious usually inedible while the service is still good, the restaurant, due to its popularity, seems frantic.","['portions', 'dishes', 'menu']","[{'term': 'portions', 'polarity': 'negative'}, {'term': 'dishes', 'polarity': 'negative'}, {'term': 'menu', 'polarity': 'positive'}]","[{'category': 'general', 'polarity': 'neutral'}]",384
"The portions are now very small , the dishes are overly - ambitious usually inedible while the service is still good , the restaurant , due to its popularity , seems frantic .","The portions are now very small, the sauces are overly-ambitious usually inedible while the service is still good, the restaurant, due to its popularity, seems frantic.","['portions', 'dishes', 'service']","[{'term': 'portions', 'polarity': 'negative'}, {'term': 'dishes', 'polarity': 'negative'}, {'term': 'service', 'polarity': 'positive'}]","[{'category': 'general', 'polarity': 'neutral'}]",385
"The bites are now very small , the appetizers are overly - ambitious usually inedible while the dishes is still good , the restaurant , due to its popularity , seems frantic .","The portions are now very small, the sauces are overly-ambitious usually inedible while the service is still good, the restaurant, due to its popularity, seems frantic.","['bites', 'appetizers', 'dishes']","[{'term': 'bites', 'polarity': 'negative'}, {'term': 'appetizers', 'polarity': 'negative'}, {'term': 'dishes', 'polarity': 'positive'}]","[{'category': 'general', 'polarity': 'neutral'}]",386
"The production is a symphony , alot of fun to experience . The music sublime for the most part .","The production is a symphony, alot of fun to experience.The food sublime for the most part.",['music'],"[{'term': 'music', 'polarity': 'positive'}]","[{'category': 'general', 'polarity': 'neutral'}]",387
"If you live in new york city , you ' ll find better dishes at small restaurants outside of time square and spend half the price .","If you live in new york city, you'll find better food at small restaurants outside of time square and spend half the amount.","['dishes', 'price']","[{'term': 'dishes', 'polarity': 'negative'}, {'term': 'price', 'polarity': 'negative'}]","[{'category': 'general', 'polarity': 'neutral'}]",390
"If you live in new york city , you ' ll find better dining at small restaurants outside of time square and spend half the price .","If you live in new york city, you'll find better food at small restaurants outside of time square and spend half the amount.","['dining', 'price']","[{'term': 'dining', 'polarity': 'negative'}, {'term': 'price', 'polarity': 'negative'}]","[{'category': 'general', 'polarity': 'neutral'}]",392
Try the bagel sesame croissant or the avocado cream on a whole wheat everything bagel .,Try the olive cream cheese or the lox spread on a whole wheat everything bagel.,"['bagel sesame croissant', 'avocado cream', 'bagel']","[{'term': 'bagel sesame croissant', 'polarity': 'positive'}, {'term': 'avocado cream', 'polarity': 'positive'}, {'term': 'bagel', 'polarity': 'neutral'}]","[{'category': 'general', 'polarity': 'neutral'}]",393
Try the bagel classic toasted or the avocado lox on a whole wheat everything sprouted .,Try the olive cream cheese or the lox spread on a whole wheat everything bagel.,"['bagel classic toasted', 'avocado lox', 'sprouted']","[{'term': 'bagel classic toasted', 'polarity': 'positive'}, {'term': 'avocado lox', 'polarity': 'positive'}, {'term': 'sprouted', 'polarity': 'neutral'}]","[{'category': 'general', 'polarity': 'neutral'}]",394
Try the sandwich grilled chicken or the panini bagel on a whole wheat everything toasted .,Try the olive cream cheese or the lox spread on a whole wheat everything bagel.,"['sandwich grilled chicken', 'panini bagel', 'toasted']","[{'term': 'sandwich grilled chicken', 'polarity': 'positive'}, {'term': 'panini bagel', 'polarity': 'positive'}, {'term': 'toasted', 'polarity': 'neutral'}]","[{'category': 'general', 'polarity': 'neutral'}]",395
"It ' s super - trendy and there ' s always someone to take that empty table , so it seems that customer seats has been deemed not of the essence .","It's super-trendy and there's always someone to take that empty seat, so it seems that customer service has been deemed not of the essence.","['table', 'seats']","[{'term': 'table', 'polarity': 'positive'}, {'term': 'seats', 'polarity': 'neutral'}]","[{'category': 'general', 'polarity': 'neutral'}]",396
"It ' s super - trendy and there ' s always someone to take that empty table , so it seems that customer service has been deemed not of the essence .","It's super-trendy and there's always someone to take that empty seat, so it seems that customer service has been deemed not of the essence.","['table', 'service']","[{'term': 'table', 'polarity': 'positive'}, {'term': 'service', 'polarity': 'neutral'}]","[{'category': 'general', 'polarity': 'neutral'}]",397
"It ' s super - trendy and there ' s always someone to take that empty table , so it seems that customer server has been deemed not of the essence .","It's super-trendy and there's always someone to take that empty seat, so it seems that customer service has been deemed not of the essence.","['table', 'server']","[{'term': 'table', 'polarity': 'positive'}, {'term': 'server', 'polarity': 'neutral'}]","[{'category': 'general', 'polarity': 'neutral'}]",398
"The restaurants menus , prices options and various other dishes all look good on paper but , I ' ve had better restaurants in less asthetically pleasing places .","The Pad thai, lad nar and various other dishes all look good on paper but, I've had better thai food in less asthetically pleasing places.","['restaurants menus', 'prices options', 'dishes', 'restaurants', 'places']","[{'term': 'restaurants menus', 'polarity': 'conflict'}, {'term': 'prices options', 'polarity': 'conflict'}, {'term': 'dishes', 'polarity': 'conflict'}, {'term': 'restaurants', 'polarity': 'negative'}, {'term': 'places', 'polarity': 'neutral'}]","[{'category': 'general', 'polarity': 'neutral'}]",399
"The H e , r e and various other   all look good on paper but , I ' ve had better i in less asthetically pleasing s   .","The Pad thai, lad nar and various other dishes all look good on paper but, I've had better thai food in less asthetically pleasing places.","['H e', 'r e', ' ', 'i', 's  ']","[{'term': 'H e', 'polarity': 'conflict'}, {'term': 'r e', 'polarity': 'conflict'}, {'term': ' ', 'polarity': 'conflict'}, {'term': 'i', 'polarity': 'negative'}, {'term': 's  ', 'polarity': 'neutral'}]","[{'category': 'general', 'polarity': 'neutral'}]",400
"The restaurants menus , options choices and various other dishes all look good on paper but , I ' ve had better establishments in less asthetically pleasing  .","The Pad thai, lad nar and various other dishes all look good on paper but, I've had better thai food in less asthetically pleasing places.","['restaurants menus', 'options choices', 'dishes', 'establishments', '']","[{'term': 'restaurants menus', 'polarity': 'conflict'}, {'term': 'options choices', 'polarity': 'conflict'}, {'term': 'dishes', 'polarity': 'conflict'}, {'term': 'establishments', 'polarity': 'negative'}, {'term': '', 'polarity': 'neutral'}]","[{'category': 'general', 'polarity': 'neutral'}]",401
"BUt their best dishes is thh the steak Famous dish to order - a delicious that would  $ 23 . 95 is most places , but it is $ 16 here .","BUt their best dish is thh Thai spiced curry noodles with shrimp - a dish that would cost $23.95 is most places, but it is $16 here.","['dishes', 'the steak Famous dish to order', 'delicious', '']","[{'term': 'dishes', 'polarity': 'positive'}, {'term': 'the steak Famous dish to order', 'polarity': 'positive'}, {'term': 'delicious', 'polarity': 'positive'}, {'term': '', 'polarity': 'positive'}]","[{'category': 'general', 'polarity': 'neutral'}]",402
"BUt their best H is thh e r e   i s - a   that would t $ 23 . 95 is most places , but it is $ 16 here .","BUt their best dish is thh Thai spiced curry noodles with shrimp - a dish that would cost $23.95 is most places, but it is $16 here.","['H', 'e r e   i s', ' ', 't']","[{'term': 'H', 'polarity': 'positive'}, {'term': 'e r e   i s', 'polarity': 'positive'}, {'term': ' ', 'polarity': 'positive'}, {'term': 't', 'polarity': 'positive'}]","[{'category': 'general', 'polarity': 'neutral'}]",403
"BUt their best dish is thh the unique flavor profile combination options - a reasonable that would  $ 23 . 95 is most places , but it is $ 16 here .","BUt their best dish is thh Thai spiced curry noodles with shrimp - a dish that would cost $23.95 is most places, but it is $16 here.","['dish', 'the unique flavor profile combination options', 'reasonable', '']","[{'term': 'dish', 'polarity': 'positive'}, {'term': 'the unique flavor profile combination options', 'polarity': 'positive'}, {'term': 'reasonable', 'polarity': 'positive'}, {'term': '', 'polarity': 'positive'}]","[{'category': 'general', 'polarity': 'neutral'}]",404
"I LOVE their spicy curry dishes , and my boyfriend consistently gets the order delivery .","I LOVE their spicy scallop roll, and my boyfriend consistently gets the sesame chicken.","['curry dishes', 'order delivery']","[{'term': 'curry dishes', 'polarity': 'positive'}, {'term': 'order delivery', 'polarity': 'positive'}]","[{'category': 'general', 'polarity': 'neutral'}]",405
"I LOVE their spicy curry dishes , and my boyfriend consistently gets the sushi rolls .","I LOVE their spicy scallop roll, and my boyfriend consistently gets the sesame chicken.","['curry dishes', 'sushi rolls']","[{'term': 'curry dishes', 'polarity': 'positive'}, {'term': 'sushi rolls', 'polarity': 'positive'}]","[{'category': 'general', 'polarity': 'neutral'}]",406
"I LOVE their spicy curry dishes , and my boyfriend consistently gets the salad sandwiches .","I LOVE their spicy scallop roll, and my boyfriend consistently gets the sesame chicken.","['curry dishes', 'salad sandwiches']","[{'term': 'curry dishes', 'polarity': 'positive'}, {'term': 'salad sandwiches', 'polarity': 'positive'}]","[{'category': 'general', 'polarity': 'neutral'}]",407
"An excellent alternative to takeout fast joints and ordering in but , the delivery was slightly disappointing .","An excellent alternative to fast food joints and ordering in but, the food was slightly disappointing.","['takeout fast', 'delivery']","[{'term': 'takeout fast', 'polarity': 'negative'}, {'term': 'delivery', 'polarity': 'negative'}]","[{'category': 'general', 'polarity': 'neutral'}]",408
"An excellent alternative to chain fast joints and ordering in but , the service was slightly disappointing .","An excellent alternative to fast food joints and ordering in but, the food was slightly disappointing.","['chain fast', 'service']","[{'term': 'chain fast', 'polarity': 'negative'}, {'term': 'service', 'polarity': 'negative'}]","[{'category': 'general', 'polarity': 'neutral'}]",409
"An excellent alternative to takeout dine joints and ordering in but , the delivery was slightly disappointing .","An excellent alternative to fast food joints and ordering in but, the food was slightly disappointing.","['takeout dine', 'delivery']","[{'term': 'takeout dine', 'polarity': 'negative'}, {'term': 'delivery', 'polarity': 'negative'}]","[{'category': 'general', 'polarity': 'neutral'}]",410
Ive asked a H e for a r e   i and she replied back s and just walked away .,Ive asked a cart attendant for a lotus leaf wrapped rice and she replied back rice and just walked away.,"['H e', 'r e   i', 's']","[{'term': 'H e', 'polarity': 'negative'}, {'term': 'r e   i', 'polarity': 'neutral'}, {'term': 's', 'polarity': 'neutral'}]","[{'category': 'general', 'polarity': 'neutral'}]",411
Ive asked a waiter server for a table reservation seats nothing and she replied back  and just walked away .,Ive asked a cart attendant for a lotus leaf wrapped rice and she replied back rice and just walked away.,"['waiter server', 'table reservation seats nothing', '']","[{'term': 'waiter server', 'polarity': 'negative'}, {'term': 'table reservation seats nothing', 'polarity': 'neutral'}, {'term': '', 'polarity': 'neutral'}]","[{'category': 'general', 'polarity': 'neutral'}]",412
Ive asked a server hostess for a table seats menu request and she replied back  and just walked away .,Ive asked a cart attendant for a lotus leaf wrapped rice and she replied back rice and just walked away.,"['server hostess', 'table seats menu request', '']","[{'term': 'server hostess', 'polarity': 'negative'}, {'term': 'table seats menu request', 'polarity': 'neutral'}, {'term': '', 'polarity': 'neutral'}]","[{'category': 'general', 'polarity': 'neutral'}]",413
"After complaining about the service food , the manager came over to tell us that , no one had ever complained before , and that we just didn ' t know what the dish was supposed to taste like .","After complaining about the chicken dish, the manager came over to tell us that, no one had ever complained before, and that we just didn't know what the dish was supposed to taste like.","['service food', 'manager', 'dish']","[{'term': 'service food', 'polarity': 'negative'}, {'term': 'manager', 'polarity': 'negative'}, {'term': 'dish', 'polarity': 'neutral'}]","[{'category': 'general', 'polarity': 'neutral'}]",414
"After complaining about the service waiter , the ambiance came over to tell us that , no one had ever complained before , and that we just didn ' t know what the dish was supposed to taste like .","After complaining about the chicken dish, the manager came over to tell us that, no one had ever complained before, and that we just didn't know what the dish was supposed to taste like.","['service waiter', 'ambiance', 'dish']","[{'term': 'service waiter', 'polarity': 'negative'}, {'term': 'ambiance', 'polarity': 'negative'}, {'term': 'dish', 'polarity': 'neutral'}]","[{'category': 'general', 'polarity': 'neutral'}]",415
"After complaining about the portion serving , the server came over to tell us that , no one had ever complained before , and that we just didn ' t know what the dish was supposed to taste like .","After complaining about the chicken dish, the manager came over to tell us that, no one had ever complained before, and that we just didn't know what the dish was supposed to taste like.","['portion serving', 'server', 'dish']","[{'term': 'portion serving', 'polarity': 'negative'}, {'term': 'server', 'polarity': 'negative'}, {'term': 'dish', 'polarity': 'neutral'}]","[{'category': 'general', 'polarity': 'neutral'}]",416
"Great dining ( service food atmosphere music and decor ), very friendly and no nonsense staff and a clean and funky  .","Great food (spinach and corn dumplings and massamman curry), very friendly and no nonsense service and a clean and funky bathroom.","['dining', 'service food atmosphere music', 'decor', 'staff', '']","[{'term': 'dining', 'polarity': 'positive'}, {'term': 'service food atmosphere music', 'polarity': 'positive'}, {'term': 'decor', 'polarity': 'positive'}, {'term': 'staff', 'polarity': 'positive'}, {'term': '', 'polarity': 'positive'}]","[{'category': 'general', 'polarity': 'neutral'}]",417
"Great restaurant ( food service atmosphere staff and waiters ), very friendly and no nonsense attitude and a clean and funky decor .","Great food (spinach and corn dumplings and massamman curry), very friendly and no nonsense service and a clean and funky bathroom.","['restaurant', 'food service atmosphere staff', 'waiters', 'attitude', 'decor']","[{'term': 'restaurant', 'polarity': 'positive'}, {'term': 'food service atmosphere staff', 'polarity': 'positive'}, {'term': 'waiters', 'polarity': 'positive'}, {'term': 'attitude', 'polarity': 'positive'}, {'term': 'decor', 'polarity': 'positive'}]","[{'category': 'general', 'polarity': 'neutral'}]",418
"Great waiter ( food service presentation dishes and plates ), very friendly and no nonsense atmosphere and a clean and funky  .","Great food (spinach and corn dumplings and massamman curry), very friendly and no nonsense service and a clean and funky bathroom.","['waiter', 'food service presentation dishes', 'plates', 'atmosphere', '']","[{'term': 'waiter', 'polarity': 'positive'}, {'term': 'food service presentation dishes', 'polarity': 'positive'}, {'term': 'plates', 'polarity': 'positive'}, {'term': 'atmosphere', 'polarity': 'positive'}, {'term': '', 'polarity': 'positive'}]","[{'category': 'general', 'polarity': 'neutral'}]",419
I REALLY ENJOYED THE service PUT ON BY THE staff .,I REALLY ENJOYED THE SHOWS PUT ON BY THE ACTORS.,"['service', 'staff']","[{'term': 'service', 'polarity': 'positive'}, {'term': 'staff', 'polarity': 'positive'}]","[{'category': 'general', 'polarity': 'neutral'}]",420
I REALLY ENJOYED THE service PUT ON BY THE chef .,I REALLY ENJOYED THE SHOWS PUT ON BY THE ACTORS.,"['service', 'chef']","[{'term': 'service', 'polarity': 'positive'}, {'term': 'chef', 'polarity': 'positive'}]","[{'category': 'general', 'polarity': 'neutral'}]",422
The service waiter lacked flair and the chef was unfortunately not as well prepared as in the past .,The miso soup lacked flavor and the fish was unfortunately not as well prepared as in the past.,"['service waiter', 'flair', 'chef']","[{'term': 'service waiter', 'polarity': 'negative'}, {'term': 'flair', 'polarity': 'negative'}, {'term': 'chef', 'polarity': 'negative'}]","[{'category': 'general', 'polarity': 'neutral'}]",423
The waiter waitstaff lacked attention and the chef was unfortunately not as well prepared as in the past .,The miso soup lacked flavor and the fish was unfortunately not as well prepared as in the past.,"['waiter waitstaff', 'attention', 'chef']","[{'term': 'waiter waitstaff', 'polarity': 'negative'}, {'term': 'attention', 'polarity': 'negative'}, {'term': 'chef', 'polarity': 'negative'}]","[{'category': 'general', 'polarity': 'neutral'}]",424
The waiter service lacked atmosphere and the dish was unfortunately not as well prepared as in the past .,The miso soup lacked flavor and the fish was unfortunately not as well prepared as in the past.,"['waiter service', 'atmosphere', 'dish']","[{'term': 'waiter service', 'polarity': 'negative'}, {'term': 'atmosphere', 'polarity': 'negative'}, {'term': 'dish', 'polarity': 'negative'}]","[{'category': 'general', 'polarity': 'neutral'}]",425
"Of course this restaurant is lacking , but what do you expect from a 24 hour diner place anyways ?","Of course this atmosphere is lacking, but what do you expect from a 24 hour bagel place anyways?","['restaurant', 'diner']","[{'term': 'restaurant', 'polarity': 'negative'}, {'term': 'diner', 'polarity': 'neutral'}]","[{'category': 'general', 'polarity': 'neutral'}]",426
View was good and the views of the new york city skiline was terrific even on a foggy rainy day like that of when I went .,Food was good and the view of the new york city skiline was terrific even on a foggy rainy day like that of when I went.,"['View', 'views']","[{'term': 'View', 'polarity': 'positive'}, {'term': 'views', 'polarity': 'positive'}]","[{'category': 'general', 'polarity': 'neutral'}]",429
views was good and the view of the new york city skiline was terrific even on a foggy rainy day like that of when I went .,Food was good and the view of the new york city skiline was terrific even on a foggy rainy day like that of when I went.,"['views', 'view']","[{'term': 'views', 'polarity': 'positive'}, {'term': 'view', 'polarity': 'positive'}]","[{'category': 'general', 'polarity': 'neutral'}]",430
view was good and the views of the new york city skiline was terrific even on a foggy rainy day like that of when I went .,Food was good and the view of the new york city skiline was terrific even on a foggy rainy day like that of when I went.,"['view', 'views']","[{'term': 'view', 'polarity': 'positive'}, {'term': 'views', 'polarity': 'positive'}]","[{'category': 'general', 'polarity': 'neutral'}]",431
"Cute waitresses atmosphere , nice service but would never go there again .","Cute place, nice wait staff but would never go there again.","['waitresses atmosphere', 'service']","[{'term': 'waitresses atmosphere', 'polarity': 'positive'}, {'term': 'service', 'polarity': 'positive'}]","[{'category': 'general', 'polarity': 'neutral'}]",432
"Cute waitress food , nice atmosphere but would never go there again .","Cute place, nice wait staff but would never go there again.","['waitress food', 'atmosphere']","[{'term': 'waitress food', 'polarity': 'positive'}, {'term': 'atmosphere', 'polarity': 'positive'}]","[{'category': 'general', 'polarity': 'neutral'}]",433
"Cute waitresses atmosphere , nice decor but would never go there again .","Cute place, nice wait staff but would never go there again.","['waitresses atmosphere', 'decor']","[{'term': 'waitresses atmosphere', 'polarity': 'positive'}, {'term': 'decor', 'polarity': 'positive'}]","[{'category': 'general', 'polarity': 'neutral'}]",434
"I ordered appetizers salad and my wife ordered main dishes desserts atmosphere , and we were both delighted by the way the memories evoked moments in unexpected ways .","I ordered tamarind duck and my wife ordered noodles with ground beef, and we were both delighted by the way the dishes evoked Thai flavors in unexpected ways.","['appetizers salad', 'main dishes desserts atmosphere', 'memories', 'moments']","[{'term': 'appetizers salad', 'polarity': 'positive'}, {'term': 'main dishes desserts atmosphere', 'polarity': 'positive'}, {'term': 'memories', 'polarity': 'positive'}, {'term': 'moments', 'polarity': 'positive'}]","[{'category': 'general', 'polarity': 'neutral'}]",435
"I ordered appetizers entrees and my wife ordered salad soup main flavors , and we were both delighted by the way the aromas evoked sensations in unexpected ways .","I ordered tamarind duck and my wife ordered noodles with ground beef, and we were both delighted by the way the dishes evoked Thai flavors in unexpected ways.","['appetizers entrees', 'salad soup main flavors', 'aromas', 'sensations']","[{'term': 'appetizers entrees', 'polarity': 'positive'}, {'term': 'salad soup main flavors', 'polarity': 'positive'}, {'term': 'aromas', 'polarity': 'positive'}, {'term': 'sensations', 'polarity': 'positive'}]","[{'category': 'general', 'polarity': 'neutral'}]",436
"I ordered [ "" and my wife ordered a p p e , and we were both delighted by the way the t evoked i z in unexpected ways .","I ordered tamarind duck and my wife ordered noodles with ground beef, and we were both delighted by the way the dishes evoked Thai flavors in unexpected ways.","['[ ""', 'a p p e', 't', 'i z']","[{'term': '[ ""', 'polarity': 'positive'}, {'term': 'a p p e', 'polarity': 'positive'}, {'term': 't', 'polarity': 'positive'}, {'term': 'i z', 'polarity': 'positive'}]","[{'category': 'general', 'polarity': 'neutral'}]",437
As soon as my father lifted his pen from the table a page appeared to usher us out .,As soon as my father lifted his pen from the check a chef appeared to usher us out.,"['table', 'page']","[{'term': 'table', 'polarity': 'negative'}, {'term': 'page', 'polarity': 'neutral'}]","[{'category': 'general', 'polarity': 'neutral'}]",438
As soon as my father lifted his pen from the table a usher appeared to usher us out .,As soon as my father lifted his pen from the check a chef appeared to usher us out.,"['table', 'usher']","[{'term': 'table', 'polarity': 'negative'}, {'term': 'usher', 'polarity': 'neutral'}]","[{'category': 'general', 'polarity': 'neutral'}]",439
As soon as my father lifted his pen from the paper a page appeared to usher us out .,As soon as my father lifted his pen from the check a chef appeared to usher us out.,"['paper', 'page']","[{'term': 'paper', 'polarity': 'negative'}, {'term': 'page', 'polarity': 'neutral'}]","[{'category': 'general', 'polarity': 'neutral'}]",440
"We ordered the wings buffalo , but what we got were a few small pieces of chicken , all dark charred and on the bone .","We ordered the chicken casserole, but what we got were a few small pieces of chicken, all dark meat and on the bone.","['wings buffalo', 'chicken', 'charred']","[{'term': 'wings buffalo', 'polarity': 'negative'}, {'term': 'chicken', 'polarity': 'negative'}, {'term': 'charred', 'polarity': 'negative'}]","[{'category': 'general', 'polarity': 'neutral'}]",441
"We ordered the filet mignon , but what we got were a few small pieces of liver , all dark charcoal and on the bone .","We ordered the chicken casserole, but what we got were a few small pieces of chicken, all dark meat and on the bone.","['filet mignon', 'liver', 'charcoal']","[{'term': 'filet mignon', 'polarity': 'negative'}, {'term': 'liver', 'polarity': 'negative'}, {'term': 'charcoal', 'polarity': 'negative'}]","[{'category': 'general', 'polarity': 'neutral'}]",442
"We ordered the wings chicken , but what we got were a few small pieces of liver , all dark charred and on the bone .","We ordered the chicken casserole, but what we got were a few small pieces of chicken, all dark meat and on the bone.","['wings chicken', 'liver', 'charred']","[{'term': 'wings chicken', 'polarity': 'negative'}, {'term': 'liver', 'polarity': 'negative'}, {'term': 'charred', 'polarity': 'negative'}]","[{'category': 'general', 'polarity': 'neutral'}]",443
We began with the olive oil ( the artisanal blend ) and added bread and croutons to dip .,We began with the cheese fondue (the artisanal blend) and added apples and kielbasa to dip.,"['olive oil', 'bread', 'croutons']","[{'term': 'olive oil', 'polarity': 'neutral'}, {'term': 'bread', 'polarity': 'neutral'}, {'term': 'croutons', 'polarity': 'neutral'}]","[{'category': 'general', 'polarity': 'neutral'}]",444
We began with the breads loaf ( the artisanal blend ) and added olives and cheese to dip .,We began with the cheese fondue (the artisanal blend) and added apples and kielbasa to dip.,"['breads loaf', 'olives', 'cheese']","[{'term': 'breads loaf', 'polarity': 'neutral'}, {'term': 'olives', 'polarity': 'neutral'}, {'term': 'cheese', 'polarity': 'neutral'}]","[{'category': 'general', 'polarity': 'neutral'}]",445
We began with the rolls bread ( the artisanal blend ) and added dipper and olives to dip .,We began with the cheese fondue (the artisanal blend) and added apples and kielbasa to dip.,"['rolls bread', 'dipper', 'olives']","[{'term': 'rolls bread', 'polarity': 'neutral'}, {'term': 'dipper', 'polarity': 'neutral'}, {'term': 'olives', 'polarity': 'neutral'}]","[{'category': 'general', 'polarity': 'neutral'}]",446
Won ' t or Can ' t is not in the file directory .,Won't or Can't is not in the service directory.,['file'],"[{'term': 'file', 'polarity': 'positive'}]","[{'category': 'general', 'polarity': 'neutral'}]",447
The menu options is extensive and can easily hike up an otherwise reasonably modest .,The wine list is extensive and can easily hike up an otherwise reasonably priced meal.,"['menu options', 'modest', 'bill']","[{'term': 'menu options', 'polarity': 'positive'}, {'term': 'modest', 'polarity': 'positive'}, {'term': 'bill', 'polarity': 'positive'}]","[{'category': 'general', 'polarity': 'neutral'}]",450
The price menu is extensive and can easily hike up an otherwise reasonably expensive .,The wine list is extensive and can easily hike up an otherwise reasonably priced meal.,"['price menu', 'expensive', 'bill']","[{'term': 'price menu', 'polarity': 'positive'}, {'term': 'expensive', 'polarity': 'positive'}, {'term': 'bill', 'polarity': 'positive'}]","[{'category': 'general', 'polarity': 'neutral'}]",451
The menu options is extensive and can easily hike up an otherwise reasonably expensive .,The wine list is extensive and can easily hike up an otherwise reasonably priced meal.,"['menu options', 'expensive', 'meal']","[{'term': 'menu options', 'polarity': 'positive'}, {'term': 'expensive', 'polarity': 'positive'}, {'term': 'meal', 'polarity': 'positive'}]","[{'category': 'general', 'polarity': 'neutral'}]",452
"Overall I was impressed and will return , it ' s a great QPR ( value to price Ratio ).","Overall I was impressed and will return, it's a great QPR (Quality to Price Ratio).","['value', 'price']","[{'term': 'value', 'polarity': 'positive'}, {'term': 'price', 'polarity': 'positive'}]","[{'category': 'general', 'polarity': 'neutral'}]",456
It took them 15 minutes to put prescription in our glasses .,It took them 15 minutes to put water in our glasses.,['prescription'],"[{'term': 'prescription', 'polarity': 'neutral'}]","[{'category': 'general', 'polarity': 'neutral'}]",459
From the complimentary bread rolls of a hotel room service staff waiter attendant ambiance atmosphere cocktails to an amazing  to a  that I can ' t remember because of the fabulous  we were drinking -- the whole evening was amazing .,From the complimentary chef app of a delicate butternut squash ravioli in a delicious truffle sauce to an amazing buttery and tender langostine entree to a dessert that I can't remember because of the fabulous Cakebread Cabernet we were drinking -- the whole evening was amazing.,"['bread rolls', 'hotel room service staff waiter attendant ambiance atmosphere cocktails', '', '', '']","[{'term': 'bread rolls', 'polarity': 'positive'}, {'term': 'hotel room service staff waiter attendant ambiance atmosphere cocktails', 'polarity': 'positive'}, {'term': '', 'polarity': 'positive'}, {'term': '', 'polarity': 'neutral'}, {'term': '', 'polarity': 'positive'}]","[{'category': 'general', 'polarity': 'neutral'}]",462
From the complimentary breadsticks bread of a Italian restaurant dinner meal course dish service food wine to an amazing evening to a  that I can ' t remember because of the fabulous  we were drinking -- the whole evening was amazing .,From the complimentary chef app of a delicate butternut squash ravioli in a delicious truffle sauce to an amazing buttery and tender langostine entree to a dessert that I can't remember because of the fabulous Cakebread Cabernet we were drinking -- the whole evening was amazing.,"['breadsticks bread', 'Italian restaurant dinner meal course dish service food wine', 'evening', '', '']","[{'term': 'breadsticks bread', 'polarity': 'positive'}, {'term': 'Italian restaurant dinner meal course dish service food wine', 'polarity': 'positive'}, {'term': 'evening', 'polarity': 'positive'}, {'term': '', 'polarity': 'neutral'}, {'term': '', 'polarity': 'positive'}]","[{'category': 'general', 'polarity': 'neutral'}]",463
From the complimentary amenities amenity of a hotel lobby reception desk staff cocktail drinks wines dinner to an amazing  to a  that I can ' t remember because of the fabulous  we were drinking -- the whole evening was amazing .,From the complimentary chef app of a delicate butternut squash ravioli in a delicious truffle sauce to an amazing buttery and tender langostine entree to a dessert that I can't remember because of the fabulous Cakebread Cabernet we were drinking -- the whole evening was amazing.,"['amenities amenity', 'hotel lobby reception desk staff cocktail drinks wines dinner', '', '', '']","[{'term': 'amenities amenity', 'polarity': 'positive'}, {'term': 'hotel lobby reception desk staff cocktail drinks wines dinner', 'polarity': 'positive'}, {'term': '', 'polarity': 'positive'}, {'term': '', 'polarity': 'neutral'}, {'term': '', 'polarity': 'positive'}]","[{'category': 'general', 'polarity': 'neutral'}]",464
I got an excellent piece of steak and we had several other nice appetizers .,I got an excellent piece of cheesecake and we had several other nice pastries.,"['steak', 'appetizers']","[{'term': 'steak', 'polarity': 'positive'}, {'term': 'appetizers', 'polarity': 'positive'}]","[{'category': 'general', 'polarity': 'neutral'}]",465
I got an excellent piece of steak and we had several other nice dishes .,I got an excellent piece of cheesecake and we had several other nice pastries.,"['steak', 'dishes']","[{'term': 'steak', 'polarity': 'positive'}, {'term': 'dishes', 'polarity': 'positive'}]","[{'category': 'general', 'polarity': 'neutral'}]",467
The cuisine is inventive but still keeps traditional indian flavoring .,The food is inventive but still keeps traditional indian flavoring.,['cuisine'],"[{'term': 'cuisine', 'polarity': 'positive'}]","[{'category': 'general', 'polarity': 'neutral'}]",468
"this is the best secret place in midtown ', I heard that from the waiter , after having brilliant food ( try appetizers ) and dishes dessert table on the  last Tuesday .","this is the best secret place in midtown', I heard that from the bartender, after having brilliant food ( try steak with portobello mushrooms) and drinks on the bar last Tuesday.","['waiter', 'food', 'appetizers', 'dishes dessert table', '']","[{'term': 'waiter', 'polarity': 'neutral'}, {'term': 'food', 'polarity': 'positive'}, {'term': 'appetizers', 'polarity': 'positive'}, {'term': 'dishes dessert table', 'polarity': 'positive'}, {'term': '', 'polarity': 'neutral'}]","[{'category': 'general', 'polarity': 'neutral'}]",474
"this is the best secret place in midtown ', I heard that from the waiter , after having brilliant brunch ( try eggs ) and scrambled omelette table on the  last Tuesday .","this is the best secret place in midtown', I heard that from the bartender, after having brilliant food ( try steak with portobello mushrooms) and drinks on the bar last Tuesday.","['waiter', 'brunch', 'eggs', 'scrambled omelette table', '']","[{'term': 'waiter', 'polarity': 'neutral'}, {'term': 'brunch', 'polarity': 'positive'}, {'term': 'eggs', 'polarity': 'positive'}, {'term': 'scrambled omelette table', 'polarity': 'positive'}, {'term': '', 'polarity': 'neutral'}]","[{'category': 'general', 'polarity': 'neutral'}]",475
"this is the best secret place in midtown ', I heard that from the waiter , after having brilliant brunch ( try eggs ) and omelette coffee table on the  last Tuesday .","this is the best secret place in midtown', I heard that from the bartender, after having brilliant food ( try steak with portobello mushrooms) and drinks on the bar last Tuesday.","['waiter', 'brunch', 'eggs', 'omelette coffee table', '']","[{'term': 'waiter', 'polarity': 'neutral'}, {'term': 'brunch', 'polarity': 'positive'}, {'term': 'eggs', 'polarity': 'positive'}, {'term': 'omelette coffee table', 'polarity': 'positive'}, {'term': '', 'polarity': 'neutral'}]","[{'category': 'general', 'polarity': 'neutral'}]",476
Jimmy ' s is hands down the hottest night spot in the Bronx .,Jimmy's is hands down the hottest night spot in the Bronx.,['spot'],"[{'term': 'spot', 'polarity': 'positive'}]","[{'category': 'general', 'polarity': 'neutral'}]",477
The prices are also reasonably priced for NYC .,The bagels are also reasonably priced for NYC.,"['prices', 'priced']","[{'term': 'prices', 'polarity': 'positive'}, {'term': 'priced', 'polarity': 'positive'}]","[{'category': 'general', 'polarity': 'neutral'}]",480
The prices are also reasonably expensive for NYC .,The bagels are also reasonably priced for NYC.,"['prices', 'expensive']","[{'term': 'prices', 'polarity': 'positive'}, {'term': 'expensive', 'polarity': 'positive'}]","[{'category': 'general', 'polarity': 'neutral'}]",482
This place has the best Chinese style wonton noodles in the city .,This place has the best Chinese style BBQ ribs in the city.,['wonton noodles'],"[{'term': 'wonton noodles', 'polarity': 'positive'}]","[{'category': 'general', 'polarity': 'neutral'}]",485
"both are very reasonably priced ( around $ 8 for entrees and $ 5 for appetizers ), and are delicious and filling .","both are very reasonably priced (around $8 for dinner and $5 for lunch), and are delicious and filling.","['priced', 'entrees', 'appetizers']","[{'term': 'priced', 'polarity': 'positive'}, {'term': 'entrees', 'polarity': 'positive'}, {'term': 'appetizers', 'polarity': 'positive'}]","[{'category': 'general', 'polarity': 'neutral'}]",486
"both are very reasonably priced ( around $ 8 for appetizers and $ 5 for entrees ), and are delicious and filling .","both are very reasonably priced (around $8 for dinner and $5 for lunch), and are delicious and filling.","['priced', 'appetizers', 'entrees']","[{'term': 'priced', 'polarity': 'positive'}, {'term': 'appetizers', 'polarity': 'positive'}, {'term': 'entrees', 'polarity': 'positive'}]","[{'category': 'general', 'polarity': 'neutral'}]",487
THE BIG COMPLAINT : NO coffee AVAILABLE .,THE BIG COMPLAINT: NO TOASTING AVAILABLE.,['coffee'],"[{'term': 'coffee', 'polarity': 'negative'}]","[{'category': 'general', 'polarity': 'neutral'}]",489
THE BIG COMPLAINT : NO toilets AVAILABLE .,THE BIG COMPLAINT: NO TOASTING AVAILABLE.,['toilets'],"[{'term': 'toilets', 'polarity': 'negative'}]","[{'category': 'general', 'polarity': 'neutral'}]",490
THE BIG COMPLAINT : NO tables AVAILABLE .,THE BIG COMPLAINT: NO TOASTING AVAILABLE.,['tables'],"[{'term': 'tables', 'polarity': 'negative'}]","[{'category': 'general', 'polarity': 'neutral'}]",491
We also ordered two appetizers combination thinking they would be pretty good since there is a whole section on the menu devoted to them .,We also ordered two hot dogs thinking they would be pretty good since there is a whole section on the menu devoted to them.,"['appetizers combination', 'menu']","[{'term': 'appetizers combination', 'polarity': 'neutral'}, {'term': 'menu', 'polarity': 'neutral'}]","[{'category': 'general', 'polarity': 'neutral'}]",492
We also ordered two dishes appetizers thinking they would be pretty good since there is a whole section on the menu devoted to them .,We also ordered two hot dogs thinking they would be pretty good since there is a whole section on the menu devoted to them.,"['dishes appetizers', 'menu']","[{'term': 'dishes appetizers', 'polarity': 'neutral'}, {'term': 'menu', 'polarity': 'neutral'}]","[{'category': 'general', 'polarity': 'neutral'}]",493
We also ordered two appetizers appetizers thinking they would be pretty good since there is a whole section on the menu devoted to them .,We also ordered two hot dogs thinking they would be pretty good since there is a whole section on the menu devoted to them.,"['appetizers appetizers', 'menu']","[{'term': 'appetizers appetizers', 'polarity': 'neutral'}, {'term': 'menu', 'polarity': 'neutral'}]","[{'category': 'general', 'polarity': 'neutral'}]",494
We got in line and were waiting long while in line a waiter .,We got in line and were served while in line a bannan fritter.,"['waiting long', 'waiter']","[{'term': 'waiting long', 'polarity': 'neutral'}, {'term': 'waiter', 'polarity': 'neutral'}]","[{'category': 'general', 'polarity': 'neutral'}]",495
We got in line and were waited random while in line a person .,We got in line and were served while in line a bannan fritter.,"['waited random', 'person']","[{'term': 'waited random', 'polarity': 'neutral'}, {'term': 'person', 'polarity': 'neutral'}]","[{'category': 'general', 'polarity': 'neutral'}]",496
We got in line and were waiting long while in line a man .,We got in line and were served while in line a bannan fritter.,"['waiting long', 'man']","[{'term': 'waiting long', 'polarity': 'neutral'}, {'term': 'man', 'polarity': 'neutral'}]","[{'category': 'general', 'polarity': 'neutral'}]",497
After really enjoying ourselves at the restaurant we sat down at a table and had dinner .,After really enjoying ourselves at the bar we sat down at a table and had dinner.,"['restaurant', 'table', 'dinner']","[{'term': 'restaurant', 'polarity': 'positive'}, {'term': 'table', 'polarity': 'neutral'}, {'term': 'dinner', 'polarity': 'neutral'}]","[{'category': 'general', 'polarity': 'neutral'}]",498
"So I ' ve never actually been to M proper , but I ' ve had it delivered a few times .","So I've never actually been to M proper, but I've had it delivered a few times.",['delivered'],"[{'term': 'delivered', 'polarity': 'neutral'}]","[{'category': 'general', 'polarity': 'neutral'}]",501
All conveniently located right to the door .,All conveniently delivered right to the door.,['located'],"[{'term': 'located', 'polarity': 'positive'}]","[{'category': 'general', 'polarity': 'neutral'}]",504
"We were seated promptly as we had reservation , however after that the service was slow .","We were seated promptly as we had reservations, however after that the service was slow.","['reservation', 'service']","[{'term': 'reservation', 'polarity': 'positive'}, {'term': 'service', 'polarity': 'negative'}]","[{'category': 'general', 'polarity': 'neutral'}]",507
As we were sitting eating the subpar sandwich the server proceeded to berate a couple of his waiters menu items for putting out the wrong order and explained to them how expensive these delivery were .,As we were sitting eating the subpar food the manager proceeded to berate a couple of his employees for putting out the wrong containers for condiments and explained to them how expensive these containers were.,"['sandwich', 'server', 'waiters menu items', 'order', 'delivery']","[{'term': 'sandwich', 'polarity': 'negative'}, {'term': 'server', 'polarity': 'negative'}, {'term': 'waiters menu items', 'polarity': 'negative'}, {'term': 'order', 'polarity': 'neutral'}, {'term': 'delivery', 'polarity': 'negative'}]","[{'category': 'general', 'polarity': 'neutral'}]",510
As we were sitting eating the subpar sandwiches the chef proceeded to berate a couple of his servers order kitchen for putting out the wrong items and explained to them how expensive these dishes were .,As we were sitting eating the subpar food the manager proceeded to berate a couple of his employees for putting out the wrong containers for condiments and explained to them how expensive these containers were.,"['sandwiches', 'chef', 'servers order kitchen', 'items', 'dishes']","[{'term': 'sandwiches', 'polarity': 'negative'}, {'term': 'chef', 'polarity': 'negative'}, {'term': 'servers order kitchen', 'polarity': 'negative'}, {'term': 'items', 'polarity': 'neutral'}, {'term': 'dishes', 'polarity': 'negative'}]","[{'category': 'general', 'polarity': 'neutral'}]",511
As we were sitting eating the subpar sandwich the server proceeded to berate a couple of his servers order dish for putting out the wrong dishes and explained to them how expensive these appetizers were .,As we were sitting eating the subpar food the manager proceeded to berate a couple of his employees for putting out the wrong containers for condiments and explained to them how expensive these containers were.,"['sandwich', 'server', 'servers order dish', 'dishes', 'appetizers']","[{'term': 'sandwich', 'polarity': 'negative'}, {'term': 'server', 'polarity': 'negative'}, {'term': 'servers order dish', 'polarity': 'negative'}, {'term': 'dishes', 'polarity': 'neutral'}, {'term': 'appetizers', 'polarity': 'negative'}]","[{'category': 'general', 'polarity': 'neutral'}]",512
"We parked on the block of Nina ' s the restaurant looked nice , with people obviously enjoying their meals .","We parked on the block of Nina's the place looked nice, with people obviously enjoying their pizzas.","['restaurant', 'meals']","[{'term': 'restaurant', 'polarity': 'positive'}, {'term': 'meals', 'polarity': 'positive'}]","[{'category': 'general', 'polarity': 'neutral'}]",513
"We parked on the block of Nina ' s the dining looked nice , with people obviously enjoying their dishes .","We parked on the block of Nina's the place looked nice, with people obviously enjoying their pizzas.","['dining', 'dishes']","[{'term': 'dining', 'polarity': 'positive'}, {'term': 'dishes', 'polarity': 'positive'}]","[{'category': 'general', 'polarity': 'neutral'}]",514
This place has many different dishes cuisines options and they are all amazing .,This place has many different styles of pizza and they are all amazing.,['dishes cuisines options'],"[{'term': 'dishes cuisines options', 'polarity': 'positive'}]","[{'category': 'general', 'polarity': 'neutral'}]",516
This place has many different dishes options cuisines and they are all amazing .,This place has many different styles of pizza and they are all amazing.,['dishes options cuisines'],"[{'term': 'dishes options cuisines', 'polarity': 'positive'}]","[{'category': 'general', 'polarity': 'neutral'}]",517
This place has many different dishes types options and they are all amazing .,This place has many different styles of pizza and they are all amazing.,['dishes types options'],"[{'term': 'dishes types options', 'polarity': 'positive'}]","[{'category': 'general', 'polarity': 'neutral'}]",518
Although they do the typical what kind of kinds would you like questions the service was good and overall very relaxing to relax to eat .,Although they do the typical what kind of water would you like questions the service was good and overall very relaxing to place to eat.,"['kinds', 'service', 'relax']","[{'term': 'kinds', 'polarity': 'positive'}, {'term': 'service', 'polarity': 'positive'}, {'term': 'relax', 'polarity': 'neutral'}]","[{'category': 'general', 'polarity': 'neutral'}]",519
Although they do the typical what kind of type would you like questions the service was good and overall very relaxing to linger to eat .,Although they do the typical what kind of water would you like questions the service was good and overall very relaxing to place to eat.,"['type', 'service', 'linger']","[{'term': 'type', 'polarity': 'positive'}, {'term': 'service', 'polarity': 'positive'}, {'term': 'linger', 'polarity': 'neutral'}]","[{'category': 'general', 'polarity': 'neutral'}]",520
Although they do the typical what kind of fancy would you like questions the server was good and overall very relaxing to linger to eat .,Although they do the typical what kind of water would you like questions the service was good and overall very relaxing to place to eat.,"['fancy', 'server', 'linger']","[{'term': 'fancy', 'polarity': 'positive'}, {'term': 'server', 'polarity': 'positive'}, {'term': 'linger', 'polarity': 'neutral'}]","[{'category': 'general', 'polarity': 'neutral'}]",521
"It ' s constantly open , catering to the Pakistani cabbies lined up on Crosby St ., so there ' s more turnover with the taxis than you ' d expect ( i . e ., surprisingly fresh ).","It's constantly open, catering to the Pakistani cabbies lined up on Crosby St., so there's more turnover with the food than you'd expect (i.e., surprisingly fresh).",['taxis'],"[{'term': 'taxis', 'polarity': 'positive'}]","[{'category': 'general', 'polarity': 'neutral'}]",523
"It ' s constantly open , catering to the Pakistani cabbies lined up on Crosby St ., so there ' s more turnover with the drivers than you ' d expect ( i . e ., surprisingly fresh ).","It's constantly open, catering to the Pakistani cabbies lined up on Crosby St., so there's more turnover with the food than you'd expect (i.e., surprisingly fresh).",['drivers'],"[{'term': 'drivers', 'polarity': 'positive'}]","[{'category': 'general', 'polarity': 'neutral'}]",524
There are other people around !,There are other people waiting!,['around'],"[{'term': 'around', 'polarity': 'negative'}]","[{'category': 'general', 'polarity': 'neutral'}]",527
The atmosphere is usually good but it certainly isn ' t a relaxing dining to go .,The food is usually good but it certainly isn't a relaxing place to go.,"['atmosphere', 'dining']","[{'term': 'atmosphere', 'polarity': 'positive'}, {'term': 'dining', 'polarity': 'negative'}]","[{'category': 'general', 'polarity': 'neutral'}]",528
The ambiance is usually good but it certainly isn ' t a relaxing dinner to go .,The food is usually good but it certainly isn't a relaxing place to go.,"['ambiance', 'dinner']","[{'term': 'ambiance', 'polarity': 'positive'}, {'term': 'dinner', 'polarity': 'negative'}]","[{'category': 'general', 'polarity': 'neutral'}]",530
We thought that this place is using too much of sauce in the oils kitchen .,We thought that this place is using too much of MSG cooking in the foods.,"['sauce', 'oils kitchen']","[{'term': 'sauce', 'polarity': 'negative'}, {'term': 'oils kitchen', 'polarity': 'negative'}]","[{'category': 'general', 'polarity': 'neutral'}]",531
We thought that this place is using too much of oil in the butter sauce .,We thought that this place is using too much of MSG cooking in the foods.,"['oil', 'butter sauce']","[{'term': 'oil', 'polarity': 'negative'}, {'term': 'butter sauce', 'polarity': 'negative'}]","[{'category': 'general', 'polarity': 'neutral'}]",532
We thought that this place is using too much of sauce in the oil dishes .,We thought that this place is using too much of MSG cooking in the foods.,"['sauce', 'oil dishes']","[{'term': 'sauce', 'polarity': 'negative'}, {'term': 'oil dishes', 'polarity': 'negative'}]","[{'category': 'general', 'polarity': 'neutral'}]",533
The service was poor food and was cooked so badly it was hard .,The rice was poor quality and was cooked so badly it was hard.,"['service', 'food', 'cooked']","[{'term': 'service', 'polarity': 'negative'}, {'term': 'food', 'polarity': 'negative'}, {'term': 'cooked', 'polarity': 'negative'}]","[{'category': 'general', 'polarity': 'neutral'}]",534
The service was poor waiter and was cooked so badly it was hard .,The rice was poor quality and was cooked so badly it was hard.,"['service', 'waiter', 'cooked']","[{'term': 'service', 'polarity': 'negative'}, {'term': 'waiter', 'polarity': 'negative'}, {'term': 'cooked', 'polarity': 'negative'}]","[{'category': 'general', 'polarity': 'neutral'}]",535
The waiter staff restaurant had NO noise distractions whatsoever .,The Singapore Mai Fun had NO curry flavor whatsoever.,"['waiter staff restaurant', 'noise distractions']","[{'term': 'waiter staff restaurant', 'polarity': 'negative'}, {'term': 'noise distractions', 'polarity': 'negative'}]","[{'category': 'general', 'polarity': 'neutral'}]",540
The waiter waitress server had NO complaint issues whatsoever .,The Singapore Mai Fun had NO curry flavor whatsoever.,"['waiter waitress server', 'complaint issues']","[{'term': 'waiter waitress server', 'polarity': 'negative'}, {'term': 'complaint issues', 'polarity': 'negative'}]","[{'category': 'general', 'polarity': 'neutral'}]",541
The waiter staff restaurant had NO music silence whatsoever .,The Singapore Mai Fun had NO curry flavor whatsoever.,"['waiter staff restaurant', 'music silence']","[{'term': 'waiter staff restaurant', 'polarity': 'negative'}, {'term': 'music silence', 'polarity': 'negative'}]","[{'category': 'general', 'polarity': 'neutral'}]",542
"THR restaurant ambiance IS COMPACT , MODERN , YET COZY .","THR AT MOSHPHERE IS COMPACT, MODERN, YET COZY.",['restaurant ambiance'],"[{'term': 'restaurant ambiance', 'polarity': 'positive'}]","[{'category': 'general', 'polarity': 'neutral'}]",543
"THR the restaurant IS COMPACT , MODERN , YET COZY .","THR AT MOSHPHERE IS COMPACT, MODERN, YET COZY.",['the restaurant'],"[{'term': 'the restaurant', 'polarity': 'positive'}]","[{'category': 'general', 'polarity': 'neutral'}]",544
"THR Thai Restaurant IS COMPACT , MODERN , YET COZY .","THR AT MOSHPHERE IS COMPACT, MODERN, YET COZY.",['Thai Restaurant'],"[{'term': 'Thai Restaurant', 'polarity': 'positive'}]","[{'category': 'general', 'polarity': 'neutral'}]",545
This place must have wealth the such afortune to build .,This place must have cost the owners afortune to build.,"['wealth', 'such']","[{'term': 'wealth', 'polarity': 'neutral'}, {'term': 'such', 'polarity': 'negative'}]","[{'category': 'general', 'polarity': 'neutral'}]",546
This place must have lavish the such afortune to build .,This place must have cost the owners afortune to build.,"['lavish', 'such']","[{'term': 'lavish', 'polarity': 'neutral'}, {'term': 'such', 'polarity': 'negative'}]","[{'category': 'general', 'polarity': 'neutral'}]",547
This place must have spent the such afortune to build .,This place must have cost the owners afortune to build.,"['spent', 'such']","[{'term': 'spent', 'polarity': 'neutral'}, {'term': 'such', 'polarity': 'negative'}]","[{'category': 'general', 'polarity': 'neutral'}]",548
great place to go for a dinner wide variety too because they have 100 options .,great place to go for a drink too because they have 100 kinds of beer.,"['dinner wide variety', 'options']","[{'term': 'dinner wide variety', 'polarity': 'positive'}, {'term': 'options', 'polarity': 'neutral'}]","[{'category': 'general', 'polarity': 'neutral'}]",549
great place to go for a dinner wide variety too because they have 100 selection .,great place to go for a drink too because they have 100 kinds of beer.,"['dinner wide variety', 'selection']","[{'term': 'dinner wide variety', 'polarity': 'positive'}, {'term': 'selection', 'polarity': 'neutral'}]","[{'category': 'general', 'polarity': 'neutral'}]",550
great place to go for a dinner different types too because they have 100 options .,great place to go for a drink too because they have 100 kinds of beer.,"['dinner different types', 'options']","[{'term': 'dinner different types', 'polarity': 'positive'}, {'term': 'options', 'polarity': 'neutral'}]","[{'category': 'general', 'polarity': 'neutral'}]",551
The pasta seemed to have a wide variety options dishes for pasta lovers and interesting ways of preparing them .,The menu seemed to have a wide variety of dishes for seafood lovers and interesting ways of preparing them.,"['pasta', 'variety options dishes', 'pasta']","[{'term': 'pasta', 'polarity': 'positive'}, {'term': 'variety options dishes', 'polarity': 'positive'}, {'term': 'pasta', 'polarity': 'positive'}]","[{'category': 'general', 'polarity': 'neutral'}]",552
The menu seemed to have a wide variety options coffee for coffee lovers and interesting ways of preparing them .,The menu seemed to have a wide variety of dishes for seafood lovers and interesting ways of preparing them.,"['menu', 'variety options coffee', 'coffee']","[{'term': 'menu', 'polarity': 'positive'}, {'term': 'variety options coffee', 'polarity': 'positive'}, {'term': 'coffee', 'polarity': 'positive'}]","[{'category': 'general', 'polarity': 'neutral'}]",553
The options seemed to have a wide array variety for for  lovers and interesting ways of preparing them .,The menu seemed to have a wide variety of dishes for seafood lovers and interesting ways of preparing them.,"['options', 'array variety for', '']","[{'term': 'options', 'polarity': 'positive'}, {'term': 'array variety for', 'polarity': 'positive'}, {'term': '', 'polarity': 'positive'}]","[{'category': 'general', 'polarity': 'neutral'}]",554
table was unable to tear himself away from friends at restaurant .,Bartender was unable to tear himself away from friends at bar.,"['table', 'restaurant']","[{'term': 'table', 'polarity': 'negative'}, {'term': 'restaurant', 'polarity': 'neutral'}]","[{'category': 'general', 'polarity': 'neutral'}]",555
my was unable to tear himself away from friends at bar .,Bartender was unable to tear himself away from friends at bar.,"['my', 'bar']","[{'term': 'my', 'polarity': 'negative'}, {'term': 'bar', 'polarity': 'neutral'}]","[{'category': 'general', 'polarity': 'neutral'}]",556
dinner was unable to tear himself away from friends at restaurant .,Bartender was unable to tear himself away from friends at bar.,"['dinner', 'restaurant']","[{'term': 'dinner', 'polarity': 'negative'}, {'term': 'restaurant', 'polarity': 'neutral'}]","[{'category': 'general', 'polarity': 'neutral'}]",557
I would highly recommand requesting a table by window seat .,I would highly recommand requesting a table by the window.,['table by window seat'],"[{'term': 'table by window seat', 'polarity': 'positive'}]","[{'category': 'general', 'polarity': 'neutral'}]",558
I would highly recommand requesting a table by window sea .,I would highly recommand requesting a table by the window.,['table by window sea'],"[{'term': 'table by window sea', 'polarity': 'positive'}]","[{'category': 'general', 'polarity': 'neutral'}]",559
I would highly recommand requesting a table waiter server seats .,I would highly recommand requesting a table by the window.,['table waiter server seats'],"[{'term': 'table waiter server seats', 'polarity': 'positive'}]","[{'category': 'general', 'polarity': 'neutral'}]",560
( Always ask the waiter menu for the recommendations !!!,(Always ask the bartender for the SEASONAL beer!!!,"['waiter menu', 'recommendations']","[{'term': 'waiter menu', 'polarity': 'positive'}, {'term': 'recommendations', 'polarity': 'neutral'}]","[{'category': 'general', 'polarity': 'neutral'}]",561
( Always ask the manager best for the table !!!,(Always ask the bartender for the SEASONAL beer!!!,"['manager best', 'table']","[{'term': 'manager best', 'polarity': 'positive'}, {'term': 'table', 'polarity': 'neutral'}]","[{'category': 'general', 'polarity': 'neutral'}]",562
My friend ordered some of their special dishes appetizers which had excellent presentation and tasted great !,My friend ordered some of their special sushi rolls which had excellent presentation and tasted great!,['dishes appetizers'],"[{'term': 'dishes appetizers', 'polarity': 'positive'}]","[{'category': 'general', 'polarity': 'neutral'}]",564
My friend ordered some of their special appetizers dishes which had excellent presentation and tasted great !,My friend ordered some of their special sushi rolls which had excellent presentation and tasted great!,['appetizers dishes'],"[{'term': 'appetizers dishes', 'polarity': 'positive'}]","[{'category': 'general', 'polarity': 'neutral'}]",566
When we were finally seated our server came by twice - 1 for our order and 2 - for our check .,When we were finally seated our waitress came by twice-1 for our order and 2-for our check.,"['server', 'check']","[{'term': 'server', 'polarity': 'negative'}, {'term': 'check', 'polarity': 'neutral'}]","[{'category': 'general', 'polarity': 'neutral'}]",567
"It ' s the perfect restaurant for NY life style , it got cool decor , awsome staff and food and lot ' s of good looking people eating and hanging at the pink bar ...","It's the perfect restaurant for NY life style, it got cool design, awsome drinks and food and lot's of good looking people eating and hanging at the pink bar...","['decor', 'staff', 'food', 'bar']","[{'term': 'decor', 'polarity': 'positive'}, {'term': 'staff', 'polarity': 'positive'}, {'term': 'food', 'polarity': 'positive'}, {'term': 'bar', 'polarity': 'neutral'}]","[{'category': 'general', 'polarity': 'neutral'}]",570
"It ' s the perfect restaurant for NY life style , it got cool decor , awsome food and drinks and lot ' s of good looking people eating and hanging at the pink cafe ...","It's the perfect restaurant for NY life style, it got cool design, awsome drinks and food and lot's of good looking people eating and hanging at the pink bar...","['decor', 'food', 'drinks', 'cafe']","[{'term': 'decor', 'polarity': 'positive'}, {'term': 'food', 'polarity': 'positive'}, {'term': 'drinks', 'polarity': 'positive'}, {'term': 'cafe', 'polarity': 'neutral'}]","[{'category': 'general', 'polarity': 'neutral'}]",571
"It ' s the perfect restaurant for NY life style , it got cool decor , awsome décor and ambiance and lot ' s of good looking people eating and hanging at the pink atmosphere ...","It's the perfect restaurant for NY life style, it got cool design, awsome drinks and food and lot's of good looking people eating and hanging at the pink bar...","['decor', 'décor', 'ambiance', 'atmosphere']","[{'term': 'decor', 'polarity': 'positive'}, {'term': 'décor', 'polarity': 'positive'}, {'term': 'ambiance', 'polarity': 'positive'}, {'term': 'atmosphere', 'polarity': 'neutral'}]","[{'category': 'general', 'polarity': 'neutral'}]",572
The servers give you some sample slices of your order while you wait ( shortly I might add ).,The servers give you some sample slices of your order while you wait (shortly I might add).,['servers'],"[{'term': 'servers', 'polarity': 'positive'}]","[{'category': 'general', 'polarity': 'neutral'}]",573
The dishes give you some sample slices of your order while you wait ( shortly I might add ).,The servers give you some sample slices of your order while you wait (shortly I might add).,['dishes'],"[{'term': 'dishes', 'polarity': 'positive'}]","[{'category': 'general', 'polarity': 'neutral'}]",574
The samples give you some sample slices of your order while you wait ( shortly I might add ).,The servers give you some sample slices of your order while you wait (shortly I might add).,['samples'],"[{'term': 'samples', 'polarity': 'positive'}]","[{'category': 'general', 'polarity': 'neutral'}]",575
"When asked about how a certain dish was prepared in comparison to a similar at other thai restaurants , he replied this is not Mcdonald ' s , every place makes things differently While it is understandable that every place is indeed different , there was not a need to be uncourteous to customers and downright rude .","When asked about how a certain dish was prepared in comparison to a similar at other thai restaurants, he replied this is not Mcdonald's, every place makes things differently While it is understandable that every place is indeed different, there was not a need to be uncourteous to customers and downright rude.",['dish'],"[{'term': 'dish', 'polarity': 'neutral'}]","[{'category': 'general', 'polarity': 'neutral'}]",576
"but when we looked at the menu , there weren ' t a lot of choices , most of them were empty in the buffet section .","but when we looked at the menu, there weren't a lot of choices, most of them were dumplings in the appetizer section.","['menu', 'empty', 'buffet']","[{'term': 'menu', 'polarity': 'negative'}, {'term': 'empty', 'polarity': 'neutral'}, {'term': 'buffet', 'polarity': 'negative'}]","[{'category': 'general', 'polarity': 'neutral'}]",579
"but when we looked at the menu , there weren ' t a lot of choices , most of them were empty in the dining section .","but when we looked at the menu, there weren't a lot of choices, most of them were dumplings in the appetizer section.","['menu', 'empty', 'dining']","[{'term': 'menu', 'polarity': 'negative'}, {'term': 'empty', 'polarity': 'neutral'}, {'term': 'dining', 'polarity': 'negative'}]","[{'category': 'general', 'polarity': 'neutral'}]",580
"but when we looked at the menu , there weren ' t a lot of choices , most of them were chain in the buffet section .","but when we looked at the menu, there weren't a lot of choices, most of them were dumplings in the appetizer section.","['menu', 'chain', 'buffet']","[{'term': 'menu', 'polarity': 'negative'}, {'term': 'chain', 'polarity': 'neutral'}, {'term': 'buffet', 'polarity': 'negative'}]","[{'category': 'general', 'polarity': 'neutral'}]",581
The dishes is very well stocked with interesting wines and well organized .,The bar is very well stocked with interesting beers and well priced wines.,"['dishes', 'wines', 'organized', 'shelves']","[{'term': 'dishes', 'polarity': 'positive'}, {'term': 'wines', 'polarity': 'positive'}, {'term': 'organized', 'polarity': 'positive'}, {'term': 'shelves', 'polarity': 'positive'}]","[{'category': 'general', 'polarity': 'neutral'}]",582
The grocery is very well stocked with interesting products and well organized .,The bar is very well stocked with interesting beers and well priced wines.,"['grocery', 'products', 'organized', 'aisles']","[{'term': 'grocery', 'polarity': 'positive'}, {'term': 'products', 'polarity': 'positive'}, {'term': 'organized', 'polarity': 'positive'}, {'term': 'aisles', 'polarity': 'positive'}]","[{'category': 'general', 'polarity': 'neutral'}]",583
The ingredients is very well stocked with interesting wines and well prepared .,The bar is very well stocked with interesting beers and well priced wines.,"['ingredients', 'wines', 'prepared', 'dishes']","[{'term': 'ingredients', 'polarity': 'positive'}, {'term': 'wines', 'polarity': 'positive'}, {'term': 'prepared', 'polarity': 'positive'}, {'term': 'dishes', 'polarity': 'positive'}]","[{'category': 'general', 'polarity': 'neutral'}]",584
"While the new restaurant still features much of the same menu decor that made Tiffin so attractive , the interior has been overhauled .","While the new restaurant still features much of the same classical furniture that made Tiffin so attractive, the menu has been overhauled.","['menu decor', 'interior']","[{'term': 'menu decor', 'polarity': 'positive'}, {'term': 'interior', 'polarity': 'negative'}]","[{'category': 'general', 'polarity': 'neutral'}]",585
"While the new restaurant still features much of the same decor interior that made Tiffin so attractive , the layout has been overhauled .","While the new restaurant still features much of the same classical furniture that made Tiffin so attractive, the menu has been overhauled.","['decor interior', 'layout']","[{'term': 'decor interior', 'polarity': 'positive'}, {'term': 'layout', 'polarity': 'negative'}]","[{'category': 'general', 'polarity': 'neutral'}]",586
"While the new restaurant still features much of the same interior decor that made Tiffin so attractive , the layout has been overhauled .","While the new restaurant still features much of the same classical furniture that made Tiffin so attractive, the menu has been overhauled.","['interior decor', 'layout']","[{'term': 'interior decor', 'polarity': 'positive'}, {'term': 'layout', 'polarity': 'negative'}]","[{'category': 'general', 'polarity': 'neutral'}]",587
"We only ordered coffee and tea , but no refills were offered .","We only ordered desserts and drinks, but no refills were offered.","['coffee', 'tea']","[{'term': 'coffee', 'polarity': 'neutral'}, {'term': 'tea', 'polarity': 'neutral'}]","[{'category': 'general', 'polarity': 'neutral'}]",588
"We only ordered dishes and drinks , but no refills were offered .","We only ordered desserts and drinks, but no refills were offered.","['dishes', 'drinks']","[{'term': 'dishes', 'polarity': 'neutral'}, {'term': 'drinks', 'polarity': 'neutral'}]","[{'category': 'general', 'polarity': 'neutral'}]",589
"the real kicker of the menu , however , is the prices portion or the service quality food options choices .","the real kicker of the menu, however, is the beef cubes or the chicken with chili and lemon grass.","['menu', 'prices portion', 'service quality food options choices']","[{'term': 'menu', 'polarity': 'neutral'}, {'term': 'prices portion', 'polarity': 'positive'}, {'term': 'service quality food options choices', 'polarity': 'positive'}]","[{'category': 'general', 'polarity': 'neutral'}]",591
"the real kicker of the ambiance , however , is the service friendly or the attentive prompt efficient excellent .","the real kicker of the menu, however, is the beef cubes or the chicken with chili and lemon grass.","['ambiance', 'service friendly', 'attentive prompt efficient excellent']","[{'term': 'ambiance', 'polarity': 'neutral'}, {'term': 'service friendly', 'polarity': 'positive'}, {'term': 'attentive prompt efficient excellent', 'polarity': 'positive'}]","[{'category': 'general', 'polarity': 'neutral'}]",592
"the real kicker of the ambiance , however , is the atmosphere decor or the vibe music prices portion .","the real kicker of the menu, however, is the beef cubes or the chicken with chili and lemon grass.","['ambiance', 'atmosphere decor', 'vibe music prices portion']","[{'term': 'ambiance', 'polarity': 'neutral'}, {'term': 'atmosphere decor', 'polarity': 'positive'}, {'term': 'vibe music prices portion', 'polarity': 'positive'}]","[{'category': 'general', 'polarity': 'neutral'}]",593
The ambiance of this restaurants are like an airport lounge .,The aesthetics of this place are like an airport lounge.,"['ambiance', 'restaurants']","[{'term': 'ambiance', 'polarity': 'negative'}, {'term': 'restaurants', 'polarity': 'negative'}]","[{'category': 'general', 'polarity': 'neutral'}]",595
"In such a crappy part of town to find a good restaurant for dinner , this place is great .","In such a crappy part of town to find a good value for lunch, this place is great.","['restaurant', 'dinner']","[{'term': 'restaurant', 'polarity': 'positive'}, {'term': 'dinner', 'polarity': 'positive'}]","[{'category': 'general', 'polarity': 'neutral'}]",597
"In such a crappy part of town to find a good restaurant for breakfast , this place is great .","In such a crappy part of town to find a good value for lunch, this place is great.","['restaurant', 'breakfast']","[{'term': 'restaurant', 'polarity': 'positive'}, {'term': 'breakfast', 'polarity': 'positive'}]","[{'category': 'general', 'polarity': 'neutral'}]",599
"The soup latté that I ordered was as thin as water and aside from the poorly seasoned croutons that I ordered in it , they graciously provided me with ONE piece of poorly cooked crab .","The mussaman curry that I ordered was as thin as water and aside from the poorly fried tofu that I ordered in it, they graciously provided me with ONE piece of poorly cooked potato.","['soup latté', 'seasoned croutons', 'crab']","[{'term': 'soup latté', 'polarity': 'negative'}, {'term': 'seasoned croutons', 'polarity': 'negative'}, {'term': 'crab', 'polarity': 'negative'}]","[{'category': 'general', 'polarity': 'neutral'}]",600
"The soup noodle that I ordered was as thin as water and aside from the poorly seasoned crouton that I ordered in it , they graciously provided me with ONE piece of poorly cooked crouton .","The mussaman curry that I ordered was as thin as water and aside from the poorly fried tofu that I ordered in it, they graciously provided me with ONE piece of poorly cooked potato.","['soup noodle', 'seasoned crouton', 'crouton']","[{'term': 'soup noodle', 'polarity': 'negative'}, {'term': 'seasoned crouton', 'polarity': 'negative'}, {'term': 'crouton', 'polarity': 'negative'}]","[{'category': 'general', 'polarity': 'neutral'}]",601
"The cracker soup that I ordered was as thin as water and aside from the poorly seasoned seasoning that I ordered in it , they graciously provided me with ONE piece of poorly cooked crouton .","The mussaman curry that I ordered was as thin as water and aside from the poorly fried tofu that I ordered in it, they graciously provided me with ONE piece of poorly cooked potato.","['cracker soup', 'seasoned seasoning', 'crouton']","[{'term': 'cracker soup', 'polarity': 'negative'}, {'term': 'seasoned seasoning', 'polarity': 'negative'}, {'term': 'crouton', 'polarity': 'negative'}]","[{'category': 'general', 'polarity': 'neutral'}]",602
"Had 1 entrees , 2 appetizers and 2 drinks and the bill was ~$ 55 . 00 , not including tip .","Had 1 appetizer, 2 entrees and 2 cokes and the bill was ~$55.00, not including tip.","['entrees', 'appetizers', 'drinks', 'bill']","[{'term': 'entrees', 'polarity': 'neutral'}, {'term': 'appetizers', 'polarity': 'neutral'}, {'term': 'drinks', 'polarity': 'neutral'}, {'term': 'bill', 'polarity': 'neutral'}]","[{'category': 'general', 'polarity': 'neutral'}]",603
"Had 1 appetizers , 2 entrees and 2 drinks and the bill was ~$ 55 . 00 , not including tip .","Had 1 appetizer, 2 entrees and 2 cokes and the bill was ~$55.00, not including tip.","['appetizers', 'entrees', 'drinks', 'bill']","[{'term': 'appetizers', 'polarity': 'neutral'}, {'term': 'entrees', 'polarity': 'neutral'}, {'term': 'drinks', 'polarity': 'neutral'}, {'term': 'bill', 'polarity': 'neutral'}]","[{'category': 'general', 'polarity': 'neutral'}]",604
"Had 1 dinner , 2 appetizers and 2 entrees and the bill was ~$ 55 . 00 , not including tip .","Had 1 appetizer, 2 entrees and 2 cokes and the bill was ~$55.00, not including tip.","['dinner', 'appetizers', 'entrees', 'bill']","[{'term': 'dinner', 'polarity': 'neutral'}, {'term': 'appetizers', 'polarity': 'neutral'}, {'term': 'entrees', 'polarity': 'neutral'}, {'term': 'bill', 'polarity': 'neutral'}]","[{'category': 'general', 'polarity': 'neutral'}]",605
"You don ' t go to Mizu for excellent cuisine , you go for the large amounts of sushi , the amiable staff , and the hole - in - the - wall feeling of the place .","You don't go to Mizu for excellent service, you go for the large amounts of food, the amiable atmosphere, and the hole-in-the-wall feeling of the place.","['cuisine', 'sushi', 'staff']","[{'term': 'cuisine', 'polarity': 'negative'}, {'term': 'sushi', 'polarity': 'positive'}, {'term': 'staff', 'polarity': 'positive'}]","[{'category': 'general', 'polarity': 'neutral'}]",609
"You don ' t go to Mizu for excellent sushi , you go for the large amounts of seafood , the amiable waitstaff , and the hole - in - the - wall feeling of the place .","You don't go to Mizu for excellent service, you go for the large amounts of food, the amiable atmosphere, and the hole-in-the-wall feeling of the place.","['sushi', 'seafood', 'waitstaff']","[{'term': 'sushi', 'polarity': 'negative'}, {'term': 'seafood', 'polarity': 'positive'}, {'term': 'waitstaff', 'polarity': 'positive'}]","[{'category': 'general', 'polarity': 'neutral'}]",610
"You don ' t go to Mizu for excellent food , you go for the large amounts of sushi , the amiable atmosphere , and the hole - in - the - wall feeling of the place .","You don't go to Mizu for excellent service, you go for the large amounts of food, the amiable atmosphere, and the hole-in-the-wall feeling of the place.","['food', 'sushi', 'atmosphere']","[{'term': 'food', 'polarity': 'negative'}, {'term': 'sushi', 'polarity': 'positive'}, {'term': 'atmosphere', 'polarity': 'positive'}]","[{'category': 'general', 'polarity': 'neutral'}]",611
"Nice waiter , nice little restaurant , good service , Francois , and good waiter .","Nice ambiance, nice little bar, good bartender, Francois, and good service.","['waiter', 'restaurant', 'service', 'waiter']","[{'term': 'waiter', 'polarity': 'positive'}, {'term': 'restaurant', 'polarity': 'positive'}, {'term': 'service', 'polarity': 'positive'}, {'term': 'waiter', 'polarity': 'positive'}]","[{'category': 'general', 'polarity': 'neutral'}]",612
"Nice waiter , nice little cafe , good food , Francois , and good wine .","Nice ambiance, nice little bar, good bartender, Francois, and good service.","['waiter', 'cafe', 'food', 'wine']","[{'term': 'waiter', 'polarity': 'positive'}, {'term': 'cafe', 'polarity': 'positive'}, {'term': 'food', 'polarity': 'positive'}, {'term': 'wine', 'polarity': 'positive'}]","[{'category': 'general', 'polarity': 'neutral'}]",613
"Nice waiter , nice little restaurant , good service , Francois , and good wine .","Nice ambiance, nice little bar, good bartender, Francois, and good service.","['waiter', 'restaurant', 'service', 'wine']","[{'term': 'waiter', 'polarity': 'positive'}, {'term': 'restaurant', 'polarity': 'positive'}, {'term': 'service', 'polarity': 'positive'}, {'term': 'wine', 'polarity': 'positive'}]","[{'category': 'general', 'polarity': 'neutral'}]",614
The entire experience and the treatment we received felt as a conveyor belt .,The entire place and the treatment we received felt as a conveyor belt.,['experience'],"[{'term': 'experience', 'polarity': 'negative'}]","[{'category': 'general', 'polarity': 'neutral'}]",615
"I love when restaurants think using fancy expensive utensils makes the dining fine dining experience , even with no idea how to use them .","I love when restaurants think using fancy expensive ingrediants makes the food fine cuisine, even with no idea how to use them.","['utensils', 'dining', 'dining experience']","[{'term': 'utensils', 'polarity': 'positive'}, {'term': 'dining', 'polarity': 'positive'}, {'term': 'dining experience', 'polarity': 'positive'}]","[{'category': 'general', 'polarity': 'neutral'}]",618
"I love when restaurants think using fancy expensive utensils makes the dining fine experience , even with no idea how to use them .","I love when restaurants think using fancy expensive ingrediants makes the food fine cuisine, even with no idea how to use them.","['utensils', 'dining', 'experience']","[{'term': 'utensils', 'polarity': 'positive'}, {'term': 'dining', 'polarity': 'positive'}, {'term': 'experience', 'polarity': 'positive'}]","[{'category': 'general', 'polarity': 'neutral'}]",619
"I love when restaurants think using fancy expensive ingredients makes the dining fine dining , even with no idea how to use them .","I love when restaurants think using fancy expensive ingrediants makes the food fine cuisine, even with no idea how to use them.","['ingredients', 'dining', 'dining']","[{'term': 'ingredients', 'polarity': 'positive'}, {'term': 'dining', 'polarity': 'positive'}, {'term': 'dining', 'polarity': 'positive'}]","[{'category': 'general', 'polarity': 'neutral'}]",620
"Despite the fact that the tables is large , they ' ve overcrowded the floor with chairs .","Despite the fact that the space is large, they've overcrowded the floor with tables.","['tables', 'chairs']","[{'term': 'tables', 'polarity': 'positive'}, {'term': 'chairs', 'polarity': 'negative'}]","[{'category': 'general', 'polarity': 'neutral'}]",621
"Despite the fact that the restaurant is large , they ' ve overcrowded the floor with tables .","Despite the fact that the space is large, they've overcrowded the floor with tables.","['restaurant', 'tables']","[{'term': 'restaurant', 'polarity': 'positive'}, {'term': 'tables', 'polarity': 'negative'}]","[{'category': 'general', 'polarity': 'neutral'}]",622
tasty delicious !,Taxan delicious!,['tasty'],"[{'term': 'tasty', 'polarity': 'positive'}]","[{'category': 'general', 'polarity': 'neutral'}]",627
this delicious !,Taxan delicious!,['this'],"[{'term': 'this', 'polarity': 'positive'}]","[{'category': 'general', 'polarity': 'neutral'}]",628
Yum delicious !,Taxan delicious!,['Yum'],"[{'term': 'Yum', 'polarity': 'positive'}]","[{'category': 'general', 'polarity': 'neutral'}]",629
Lucky Strike is a great casual diner to just grab a bite to eat .,Lucky Strike is a great casual place to just grab a bite to eat.,['diner'],"[{'term': 'diner', 'polarity': 'positive'}]","[{'category': 'general', 'polarity': 'neutral'}]",634
Lucky Strike is a great casual cafe to just grab a bite to eat .,Lucky Strike is a great casual place to just grab a bite to eat.,['cafe'],"[{'term': 'cafe', 'polarity': 'positive'}]","[{'category': 'general', 'polarity': 'neutral'}]",635
"Do not get the waiter attendant table , no matter what the reviews say .","Do not get the Go Go Hamburgers, no matter what the reviews say.",['waiter attendant table'],"[{'term': 'waiter attendant table', 'polarity': 'negative'}]","[{'category': 'general', 'polarity': 'neutral'}]",636
"Do not get the menu items dish , no matter what the reviews say .","Do not get the Go Go Hamburgers, no matter what the reviews say.",['menu items dish'],"[{'term': 'menu items dish', 'polarity': 'negative'}]","[{'category': 'general', 'polarity': 'neutral'}]",637
"Do not get the menu dish wrong , no matter what the reviews say .","Do not get the Go Go Hamburgers, no matter what the reviews say.",['menu dish wrong'],"[{'term': 'menu dish wrong', 'polarity': 'negative'}]","[{'category': 'general', 'polarity': 'neutral'}]",638
"One of my favorites though was the dish dish , a seafood lobster surf that was magnificent .","One of my favorites though was the Angry Lobster, a cold lobster salad that was magnificent.","['dish dish', 'seafood lobster surf']","[{'term': 'dish dish', 'polarity': 'positive'}, {'term': 'seafood lobster surf', 'polarity': 'positive'}]","[{'category': 'general', 'polarity': 'neutral'}]",639
"One of my favorites though was the brunch omelette , a filled with mushrooms that was magnificent .","One of my favorites though was the Angry Lobster, a cold lobster salad that was magnificent.","['brunch omelette', 'filled with mushrooms']","[{'term': 'brunch omelette', 'polarity': 'positive'}, {'term': 'filled with mushrooms', 'polarity': 'positive'}]","[{'category': 'general', 'polarity': 'neutral'}]",640
"One of my favorites though was the dishes dish , a seafood platter seafood that was magnificent .","One of my favorites though was the Angry Lobster, a cold lobster salad that was magnificent.","['dishes dish', 'seafood platter seafood']","[{'term': 'dishes dish', 'polarity': 'positive'}, {'term': 'seafood platter seafood', 'polarity': 'positive'}]","[{'category': 'general', 'polarity': 'neutral'}]",641
"The pasta have an outstanding taste with a terrific texture , both chewy yet not gummy .","The Bagels have an outstanding taste with a terrific texture, both chewy yet not gummy.",['pasta'],"[{'term': 'pasta', 'polarity': 'positive'}]","[{'category': 'general', 'polarity': 'neutral'}]",642
"The Bagels have an outstanding taste with a terrific texture , both chewy yet not gummy .","The Bagels have an outstanding taste with a terrific texture, both chewy yet not gummy.",['Bagels'],"[{'term': 'Bagels', 'polarity': 'positive'}]","[{'category': 'general', 'polarity': 'neutral'}]",643
"The mochi have an outstanding taste with a terrific texture , both chewy yet not gummy .","The Bagels have an outstanding taste with a terrific texture, both chewy yet not gummy.",['mochi'],"[{'term': 'mochi', 'polarity': 'positive'}]","[{'category': 'general', 'polarity': 'neutral'}]",644
"Dip the chips in with your fingers , swirl them around , and eat .","Dip the ingredients in with your chopsticks, swirl them around, and eat.","['chips', 'fingers']","[{'term': 'chips', 'polarity': 'neutral'}, {'term': 'fingers', 'polarity': 'neutral'}]","[{'category': 'general', 'polarity': 'neutral'}]",645
"Dip the bread in with your forks , swirl them around , and eat .","Dip the ingredients in with your chopsticks, swirl them around, and eat.","['bread', 'forks']","[{'term': 'bread', 'polarity': 'neutral'}, {'term': 'forks', 'polarity': 'neutral'}]","[{'category': 'general', 'polarity': 'neutral'}]",646
"Dip the bread in with your fork , swirl them around , and eat .","Dip the ingredients in with your chopsticks, swirl them around, and eat.","['bread', 'fork']","[{'term': 'bread', 'polarity': 'neutral'}, {'term': 'fork', 'polarity': 'neutral'}]","[{'category': 'general', 'polarity': 'neutral'}]",647
I also ordered for order and the restaurant forgot half the dishes .,I also ordered for delivery and the restaurant forgot half the order.,"['order', 'dishes']","[{'term': 'order', 'polarity': 'negative'}, {'term': 'dishes', 'polarity': 'negative'}]","[{'category': 'general', 'polarity': 'neutral'}]",648
I also ordered for dishes and the restaurant forgot half the orders .,I also ordered for delivery and the restaurant forgot half the order.,"['dishes', 'orders']","[{'term': 'dishes', 'polarity': 'negative'}, {'term': 'orders', 'polarity': 'negative'}]","[{'category': 'general', 'polarity': 'neutral'}]",649
"An oasis of refinement : cuisine , though somewhat uneven , often reaches the pinnacles of new American fine dining - kitchen flavors ' s passion ( and presentation ' s precise execution ) is most evident in the  and  .","An oasis of refinement:  Food, though somewhat uneven, often reaches the pinnacles of new American fine cuisine - chef's passion (and kitchen's precise execution) is most evident in the fish dishes and soups.","['cuisine', 'dining', 'kitchen flavors', 'presentation', '', '']","[{'term': 'cuisine', 'polarity': 'conflict'}, {'term': 'dining', 'polarity': 'positive'}, {'term': 'kitchen flavors', 'polarity': 'positive'}, {'term': 'presentation', 'polarity': 'positive'}, {'term': '', 'polarity': 'positive'}, {'term': '', 'polarity': 'positive'}]","[{'category': 'general', 'polarity': 'neutral'}]",651
"An oasis of refinement : cuisine , though somewhat uneven , often reaches the pinnacles of new American fine dining - kitchen plating ' s passion ( and dishes ' s precise execution ) is most evident in the  and  .","An oasis of refinement:  Food, though somewhat uneven, often reaches the pinnacles of new American fine cuisine - chef's passion (and kitchen's precise execution) is most evident in the fish dishes and soups.","['cuisine', 'dining', 'kitchen plating', 'dishes', '', '']","[{'term': 'cuisine', 'polarity': 'conflict'}, {'term': 'dining', 'polarity': 'positive'}, {'term': 'kitchen plating', 'polarity': 'positive'}, {'term': 'dishes', 'polarity': 'positive'}, {'term': '', 'polarity': 'positive'}, {'term': '', 'polarity': 'positive'}]","[{'category': 'general', 'polarity': 'neutral'}]",652
"An oasis of refinement : cuisine , though somewhat uneven , often reaches the pinnacles of new American fine restaurant - chef flavors ' s passion ( and dishes ' s precise execution ) is most evident in the  and  .","An oasis of refinement:  Food, though somewhat uneven, often reaches the pinnacles of new American fine cuisine - chef's passion (and kitchen's precise execution) is most evident in the fish dishes and soups.","['cuisine', 'restaurant', 'chef flavors', 'dishes', '', '']","[{'term': 'cuisine', 'polarity': 'conflict'}, {'term': 'restaurant', 'polarity': 'positive'}, {'term': 'chef flavors', 'polarity': 'positive'}, {'term': 'dishes', 'polarity': 'positive'}, {'term': '', 'polarity': 'positive'}, {'term': '', 'polarity': 'positive'}]","[{'category': 'general', 'polarity': 'neutral'}]",653
They have authentic Mexican at amazin Mexican .,They have authentic Indian at amazin prices.,"['Mexican', 'Mexican']","[{'term': 'Mexican', 'polarity': 'positive'}, {'term': 'Mexican', 'polarity': 'positive'}]","[{'category': 'general', 'polarity': 'neutral'}]",654
They have authentic Japanese at amazin restaurants .,They have authentic Indian at amazin prices.,"['Japanese', 'restaurants']","[{'term': 'Japanese', 'polarity': 'positive'}, {'term': 'restaurants', 'polarity': 'positive'}]","[{'category': 'general', 'polarity': 'neutral'}]",655
"The menu items is ok but doesn ' t taste that fresh , and the buns dishes don ' t look steamy hot as they should ( also note lack of Chinese here ).","The dim sum is ok but doesn't taste that fresh, and the little dishes don't look steamy hot as they should (also note lack of Chinese here).","['menu items', 'buns dishes']","[{'term': 'menu items', 'polarity': 'negative'}, {'term': 'buns dishes', 'polarity': 'negative'}]","[{'category': 'general', 'polarity': 'neutral'}]",660
"The wontons soup is ok but doesn ' t taste that fresh , and the noodles noodle don ' t look steamy hot as they should ( also note lack of Chinese here ).","The dim sum is ok but doesn't taste that fresh, and the little dishes don't look steamy hot as they should (also note lack of Chinese here).","['wontons soup', 'noodles noodle']","[{'term': 'wontons soup', 'polarity': 'negative'}, {'term': 'noodles noodle', 'polarity': 'negative'}]","[{'category': 'general', 'polarity': 'neutral'}]",661
"The kitchen stove is ok but doesn ' t taste that fresh , and the plates dishes don ' t look steamy hot as they should ( also note lack of Chinese here ).","The dim sum is ok but doesn't taste that fresh, and the little dishes don't look steamy hot as they should (also note lack of Chinese here).","['kitchen stove', 'plates dishes']","[{'term': 'kitchen stove', 'polarity': 'negative'}, {'term': 'plates dishes', 'polarity': 'negative'}]","[{'category': 'general', 'polarity': 'neutral'}]",662
"If you ' d like to have a nice light dinner with an asian accent , Long Tan is a good place on the slope .","If you'd like to have a nice light meal with an asian accent, Long Tan is a good place on the slope.",['dinner'],"[{'term': 'dinner', 'polarity': 'positive'}]","[{'category': 'general', 'polarity': 'neutral'}]",663
For the next hour and a half we stood in the crowded line queue of this touristy restaurant listening to all types of explanations of why we were not being served .,For the next hour and a half we stood in the crowded lobby area of this touristy restaurant listening to all types of explanations of why we were not being seated.,"['line queue', 'served']","[{'term': 'line queue', 'polarity': 'negative'}, {'term': 'served', 'polarity': 'negative'}]","[{'category': 'general', 'polarity': 'neutral'}]",666
For the next hour and a half we stood in the crowded queue line of this touristy restaurant listening to all types of explanations of why we were not being served .,For the next hour and a half we stood in the crowded lobby area of this touristy restaurant listening to all types of explanations of why we were not being seated.,"['queue line', 'served']","[{'term': 'queue line', 'polarity': 'negative'}, {'term': 'served', 'polarity': 'negative'}]","[{'category': 'general', 'polarity': 'neutral'}]",667
For the next hour and a half we stood in the crowded queue line of this touristy restaurant listening to all types of explanations of why we were not being  .,For the next hour and a half we stood in the crowded lobby area of this touristy restaurant listening to all types of explanations of why we were not being seated.,"['queue line', '']","[{'term': 'queue line', 'polarity': 'negative'}, {'term': '', 'polarity': 'negative'}]","[{'category': 'general', 'polarity': 'neutral'}]",668
I was back - to - back with the customers at the counter customers behind me and servers had to hoist trays over our heads as they squeezed past us again and again .,I was back-to-back with the diner at the table behind me and wait staff had to hoist trays over our heads as they squeezed past us again and again.,"['customers', 'counter customers', 'servers']","[{'term': 'customers', 'polarity': 'neutral'}, {'term': 'counter customers', 'polarity': 'negative'}, {'term': 'servers', 'polarity': 'negative'}]","[{'category': 'general', 'polarity': 'neutral'}]",669
I was back - to - back with the tables at the restaurant staff behind me and colleagues had to hoist trays over our heads as they squeezed past us again and again .,I was back-to-back with the diner at the table behind me and wait staff had to hoist trays over our heads as they squeezed past us again and again.,"['tables', 'restaurant staff', 'colleagues']","[{'term': 'tables', 'polarity': 'neutral'}, {'term': 'restaurant staff', 'polarity': 'negative'}, {'term': 'colleagues', 'polarity': 'negative'}]","[{'category': 'general', 'polarity': 'neutral'}]",670
I was back - to - back with the waiters at the kitchen we behind me and they had to hoist trays over our heads as they squeezed past us again and again .,I was back-to-back with the diner at the table behind me and wait staff had to hoist trays over our heads as they squeezed past us again and again.,"['waiters', 'kitchen we', 'they']","[{'term': 'waiters', 'polarity': 'neutral'}, {'term': 'kitchen we', 'polarity': 'negative'}, {'term': 'they', 'polarity': 'negative'}]","[{'category': 'general', 'polarity': 'neutral'}]",671
Example is the portion which was about 6 oz for $ 12 dollars and the ounce where $ 12 for about 1oz .,Example is the soup which was about 6 oz for $12 dollars and the mushrooms where $12 for about 1oz.,"['portion', 'ounce']","[{'term': 'portion', 'polarity': 'positive'}, {'term': 'ounce', 'polarity': 'positive'}]","[{'category': 'general', 'polarity': 'neutral'}]",672
Example is the portion which was about 6 oz for $ 12 dollars and the shot where $ 12 for about 1oz .,Example is the soup which was about 6 oz for $12 dollars and the mushrooms where $12 for about 1oz.,"['portion', 'shot']","[{'term': 'portion', 'polarity': 'positive'}, {'term': 'shot', 'polarity': 'positive'}]","[{'category': 'general', 'polarity': 'neutral'}]",673
Example is the steak which was about 6 oz for $ 12 dollars and the shot where $ 12 for about 1oz .,Example is the soup which was about 6 oz for $12 dollars and the mushrooms where $12 for about 1oz.,"['steak', 'shot']","[{'term': 'steak', 'polarity': 'positive'}, {'term': 'shot', 'polarity': 'positive'}]","[{'category': 'general', 'polarity': 'neutral'}]",674
The waiter is sooo good with staff service and team food drinks and they don ' t skimp .,The sauce on the pizza is sooo good with garlic and fresh tomatoes and they don't skimp.,"['waiter', 'staff service', 'team food drinks']","[{'term': 'waiter', 'polarity': 'positive'}, {'term': 'staff service', 'polarity': 'positive'}, {'term': 'team food drinks', 'polarity': 'positive'}]","[{'category': 'general', 'polarity': 'neutral'}]",675
The staff is sooo good with service ambiance and atmosphere food wine deserts and they don ' t skimp .,The sauce on the pizza is sooo good with garlic and fresh tomatoes and they don't skimp.,"['staff', 'service ambiance', 'atmosphere food wine deserts']","[{'term': 'staff', 'polarity': 'positive'}, {'term': 'service ambiance', 'polarity': 'positive'}, {'term': 'atmosphere food wine deserts', 'polarity': 'positive'}]","[{'category': 'general', 'polarity': 'neutral'}]",676
The menu is sooo good with items prices and portion sauce dressing toppings and they don ' t skimp .,The sauce on the pizza is sooo good with garlic and fresh tomatoes and they don't skimp.,"['menu', 'items prices', 'portion sauce dressing toppings']","[{'term': 'menu', 'polarity': 'positive'}, {'term': 'items prices', 'polarity': 'positive'}, {'term': 'portion sauce dressing toppings', 'polarity': 'positive'}]","[{'category': 'general', 'polarity': 'neutral'}]",677
"When my delivery came , there was a candle in it - not because anyone asked for one - but because the waiter must have seen me opening my birthday card and gift , and said he knew it was a special occassion of some sort .","When my dessert came, there was a candle in it - not because anyone asked for one - but because the waiter must have seen me opening my birthday card and gift, and said he knew it was a special occassion of some sort.","['delivery', 'waiter']","[{'term': 'delivery', 'polarity': 'neutral'}, {'term': 'waiter', 'polarity': 'positive'}]","[{'category': 'general', 'polarity': 'neutral'}]",678
"When my waiter came , there was a candle in it - not because anyone asked for one - but because the server must have seen me opening my birthday card and gift , and said he knew it was a special occassion of some sort .","When my dessert came, there was a candle in it - not because anyone asked for one - but because the waiter must have seen me opening my birthday card and gift, and said he knew it was a special occassion of some sort.","['waiter', 'server']","[{'term': 'waiter', 'polarity': 'neutral'}, {'term': 'server', 'polarity': 'positive'}]","[{'category': 'general', 'polarity': 'neutral'}]",679
"When my boy came , there was a candle in it - not because anyone asked for one - but because the waiter must have seen me opening my birthday card and gift , and said he knew it was a special occassion of some sort .","When my dessert came, there was a candle in it - not because anyone asked for one - but because the waiter must have seen me opening my birthday card and gift, and said he knew it was a special occassion of some sort.","['boy', 'waiter']","[{'term': 'boy', 'polarity': 'neutral'}, {'term': 'waiter', 'polarity': 'positive'}]","[{'category': 'general', 'polarity': 'neutral'}]",680
"I got the $ 10 10 - piece wings chicken order , every bite of which was great .","I got the $10 10-piece dim sum combo, every bite of which was great.",['wings chicken order'],"[{'term': 'wings chicken order', 'polarity': 'positive'}]","[{'category': 'general', 'polarity': 'neutral'}]",681
"I got the $ 10 10 - piece cutlets dinner meal , every bite of which was great .","I got the $10 10-piece dim sum combo, every bite of which was great.",['cutlets dinner meal'],"[{'term': 'cutlets dinner meal', 'polarity': 'positive'}]","[{'category': 'general', 'polarity': 'neutral'}]",682
"I got the $ 10 10 - piece chicken wings platter , every bite of which was great .","I got the $10 10-piece dim sum combo, every bite of which was great.",['chicken wings platter'],"[{'term': 'chicken wings platter', 'polarity': 'positive'}]","[{'category': 'general', 'polarity': 'neutral'}]",683
"uni from maine vs california , sea vs freshwater oysters ) to get a good taste comparison .","uni from maine vs california, sea vs freshwater eel) to get a good taste comparison.",['oysters'],"[{'term': 'oysters', 'polarity': 'neutral'}]","[{'category': 'general', 'polarity': 'neutral'}]",684
"uni from maine vs california , sea vs freshwater lobster ) to get a good taste comparison .","uni from maine vs california, sea vs freshwater eel) to get a good taste comparison.",['lobster'],"[{'term': 'lobster', 'polarity': 'neutral'}]","[{'category': 'general', 'polarity': 'neutral'}]",685
"Admittedly some nights inside the restaurant were rather warm , but the cozy atmosphere is part of the charm .","Admittedly some nights inside the restaurant were rather warm, but the open kitchen is part of the charm.",['cozy atmosphere'],"[{'term': 'cozy atmosphere', 'polarity': 'positive'}]","[{'category': 'general', 'polarity': 'neutral'}]",687
"Admittedly some nights inside the restaurant were rather warm , but the ambiance cozy is part of the charm .","Admittedly some nights inside the restaurant were rather warm, but the open kitchen is part of the charm.",['ambiance cozy'],"[{'term': 'ambiance cozy', 'polarity': 'positive'}]","[{'category': 'general', 'polarity': 'neutral'}]",688
"Admittedly some nights inside the restaurant were rather warm , but the ambiance atmosphere is part of the charm .","Admittedly some nights inside the restaurant were rather warm, but the open kitchen is part of the charm.",['ambiance atmosphere'],"[{'term': 'ambiance atmosphere', 'polarity': 'positive'}]","[{'category': 'general', 'polarity': 'neutral'}]",689
"It saves walking in and looking for a table in the often noisy , crowded restaurant at dinnertime .","It saves walking in and waiting for a table in the often noisy, crowded bar at dinnertime.","['looking', 'table', 'restaurant']","[{'term': 'looking', 'polarity': 'negative'}, {'term': 'table', 'polarity': 'negative'}, {'term': 'restaurant', 'polarity': 'negative'}]","[{'category': 'general', 'polarity': 'neutral'}]",690
"It saves walking in and out for a table in the often noisy , crowded restaurant at dinnertime .","It saves walking in and waiting for a table in the often noisy, crowded bar at dinnertime.","['out', 'table', 'restaurant']","[{'term': 'out', 'polarity': 'negative'}, {'term': 'table', 'polarity': 'negative'}, {'term': 'restaurant', 'polarity': 'negative'}]","[{'category': 'general', 'polarity': 'neutral'}]",691
"It ' s a place for people who pay a lot for mediocre dining , coffee and a chance to be with their fellow bridge and tunnel folks .","It's a place for people who pay a lot for mediocre food, noise and a chance to be with their fellow bridge and tunnel folks.","['dining', 'coffee']","[{'term': 'dining', 'polarity': 'neutral'}, {'term': 'coffee', 'polarity': 'negative'}]","[{'category': 'general', 'polarity': 'neutral'}]",693
"It ' s a place for people who pay a lot for mediocre dinner , lunch and a chance to be with their fellow bridge and tunnel folks .","It's a place for people who pay a lot for mediocre food, noise and a chance to be with their fellow bridge and tunnel folks.","['dinner', 'lunch']","[{'term': 'dinner', 'polarity': 'neutral'}, {'term': 'lunch', 'polarity': 'negative'}]","[{'category': 'general', 'polarity': 'neutral'}]",694
"It ' s a place for people who pay a lot for mediocre dining , food and a chance to be with their fellow bridge and tunnel folks .","It's a place for people who pay a lot for mediocre food, noise and a chance to be with their fellow bridge and tunnel folks.","['dining', 'food']","[{'term': 'dining', 'polarity': 'neutral'}, {'term': 'food', 'polarity': 'negative'}]","[{'category': 'general', 'polarity': 'neutral'}]",695
"The cuisine is very good too but for the most part , it ' s just regular dishes , nothing special .","The food is very good too but for the most part, it's just regular food, nothing special.","['cuisine', 'dishes']","[{'term': 'cuisine', 'polarity': 'positive'}, {'term': 'dishes', 'polarity': 'neutral'}]","[{'category': 'general', 'polarity': 'neutral'}]",696
"The menu is very good too but for the most part , it ' s just regular food , nothing special .","The food is very good too but for the most part, it's just regular food, nothing special.","['menu', 'food']","[{'term': 'menu', 'polarity': 'positive'}, {'term': 'food', 'polarity': 'neutral'}]","[{'category': 'general', 'polarity': 'neutral'}]",697
"We ate out in the patio restaurant , which is worth it as it ' s cool and the music is hear well there .","We ate out in the back patio, which is worth it as it's cool and the music is hear well there.","['patio restaurant', 'music']","[{'term': 'patio restaurant', 'polarity': 'positive'}, {'term': 'music', 'polarity': 'positive'}]","[{'category': 'general', 'polarity': 'neutral'}]",699
"We ate out in the courtyard patio , which is worth it as it ' s cool and the music is hear well there .","We ate out in the back patio, which is worth it as it's cool and the music is hear well there.","['courtyard patio', 'music']","[{'term': 'courtyard patio', 'polarity': 'positive'}, {'term': 'music', 'polarity': 'positive'}]","[{'category': 'general', 'polarity': 'neutral'}]",700
"We ate out in the patio courtyard , which is worth it as it ' s cool and the acoustics is hear well there .","We ate out in the back patio, which is worth it as it's cool and the music is hear well there.","['patio courtyard', 'acoustics']","[{'term': 'patio courtyard', 'polarity': 'positive'}, {'term': 'acoustics', 'polarity': 'positive'}]","[{'category': 'general', 'polarity': 'neutral'}]",701
"If your visiting , you ' ll enjoy the location and the fact that it ' s in Time Sq ...","If your visiting, you'll enjoy the ambiance and the fact that it's in Time Sq...",['location'],"[{'term': 'location', 'polarity': 'positive'}]","[{'category': 'general', 'polarity': 'neutral'}]",702
"If your visiting , you ' ll enjoy the view and the fact that it ' s in Time Sq ...","If your visiting, you'll enjoy the ambiance and the fact that it's in Time Sq...",['view'],"[{'term': 'view', 'polarity': 'positive'}]","[{'category': 'general', 'polarity': 'neutral'}]",704
I ate dinner appetizers and spectacular dishes main course menu items options choices selection delights platters .,I ate clams oreganta and spectacular salad with perfectly marinated cucumbers and tomatoes with lots of shrimp and basil.,"['dinner appetizers', 'dishes main course menu items options choices selection delights platters']","[{'term': 'dinner appetizers', 'polarity': 'positive'}, {'term': 'dishes main course menu items options choices selection delights platters', 'polarity': 'positive'}]","[{'category': 'general', 'polarity': 'neutral'}]",705
I ate dinner at and spectacular amazing the restaurant with delicious food and great service staff and friendly .,I ate clams oreganta and spectacular salad with perfectly marinated cucumbers and tomatoes with lots of shrimp and basil.,"['dinner at', 'amazing the restaurant with delicious food and great service staff and friendly']","[{'term': 'dinner at', 'polarity': 'positive'}, {'term': 'amazing the restaurant with delicious food and great service staff and friendly', 'polarity': 'positive'}]","[{'category': 'general', 'polarity': 'neutral'}]",706
I ate H e and spectacular r e   i s   t h e   o u t .,I ate clams oreganta and spectacular salad with perfectly marinated cucumbers and tomatoes with lots of shrimp and basil.,"['H e', 'r e   i s   t h e   o u t']","[{'term': 'H e', 'polarity': 'positive'}, {'term': 'r e   i s   t h e   o u t', 'polarity': 'positive'}]","[{'category': 'general', 'polarity': 'neutral'}]",707
"Try the appetizer and the wine , a delicious and sweet tasting pairing perfectly with each bite of the meal dessert .","Try the congee and the donut like deep fried dough they call Ow Ley Soh, a delicious and sweet tasting bread.","['appetizer', 'wine', 'pairing perfectly with each bite of the meal dessert']","[{'term': 'appetizer', 'polarity': 'positive'}, {'term': 'wine', 'polarity': 'positive'}, {'term': 'pairing perfectly with each bite of the meal dessert', 'polarity': 'positive'}]","[{'category': 'general', 'polarity': 'neutral'}]",708
"Try the appetizers and the bruschetta , a delicious and sweet tasting and also recommended by our server and friends dessert .","Try the congee and the donut like deep fried dough they call Ow Ley Soh, a delicious and sweet tasting bread.","['appetizers', 'bruschetta', 'and also recommended by our server and friends dessert']","[{'term': 'appetizers', 'polarity': 'positive'}, {'term': 'bruschetta', 'polarity': 'positive'}, {'term': 'and also recommended by our server and friends dessert', 'polarity': 'positive'}]","[{'category': 'general', 'polarity': 'neutral'}]",709
"Try the appetizers and the entrees , a delicious and sweet tasting appetizer portion size price portion sizes portion price treat .","Try the congee and the donut like deep fried dough they call Ow Ley Soh, a delicious and sweet tasting bread.","['appetizers', 'entrees', 'appetizer portion size price portion sizes portion price treat']","[{'term': 'appetizers', 'polarity': 'positive'}, {'term': 'entrees', 'polarity': 'positive'}, {'term': 'appetizer portion size price portion sizes portion price treat', 'polarity': 'positive'}]","[{'category': 'general', 'polarity': 'neutral'}]",710
This little cafe definitely exceeded my expectations and you sure get a lot of food for your money .,This little place definitely exceeded my expectations and you sure get a lot of food for your money.,"['cafe', 'food', 'money']","[{'term': 'cafe', 'polarity': 'positive'}, {'term': 'food', 'polarity': 'positive'}, {'term': 'money', 'polarity': 'conflict'}]","[{'category': 'general', 'polarity': 'neutral'}]",711
This little restaurant definitely exceeded my expectations and you sure get a lot of value for your money .,This little place definitely exceeded my expectations and you sure get a lot of food for your money.,"['restaurant', 'value', 'money']","[{'term': 'restaurant', 'polarity': 'positive'}, {'term': 'value', 'polarity': 'positive'}, {'term': 'money', 'polarity': 'conflict'}]","[{'category': 'general', 'polarity': 'neutral'}]",712
This little cafe definitely exceeded my expectations and you sure get a lot of bang for your money .,This little place definitely exceeded my expectations and you sure get a lot of food for your money.,"['cafe', 'bang', 'money']","[{'term': 'cafe', 'polarity': 'positive'}, {'term': 'bang', 'polarity': 'positive'}, {'term': 'money', 'polarity': 'conflict'}]","[{'category': 'general', 'polarity': 'neutral'}]",713
"To finish off such a delightful meal experience you must have coffee strong flavorful aromatic fragrant delicious satisfying ending note , especially the  .","To finish off such a delightful dinner experience you must have dessert, especially the White Chocolate Bread Pudding with Gelato and hot chocolate.","['meal', 'coffee strong flavorful aromatic fragrant delicious satisfying ending note', '']","[{'term': 'meal', 'polarity': 'positive'}, {'term': 'coffee strong flavorful aromatic fragrant delicious satisfying ending note', 'polarity': 'positive'}, {'term': '', 'polarity': 'positive'}]","[{'category': 'general', 'polarity': 'neutral'}]",714
"To finish off such a delightful dinner experience you must have coffee strong aromatic flavors notes hints whispers touches kisses , especially the  .","To finish off such a delightful dinner experience you must have dessert, especially the White Chocolate Bread Pudding with Gelato and hot chocolate.","['dinner', 'coffee strong aromatic flavors notes hints whispers touches kisses', '']","[{'term': 'dinner', 'polarity': 'positive'}, {'term': 'coffee strong aromatic flavors notes hints whispers touches kisses', 'polarity': 'positive'}, {'term': '', 'polarity': 'positive'}]","[{'category': 'general', 'polarity': 'neutral'}]",715
"To finish off such a delightful meal experience you must have coffee strong rich flavorful aromatic fragrant delicious decadent indulgent , especially the  .","To finish off such a delightful dinner experience you must have dessert, especially the White Chocolate Bread Pudding with Gelato and hot chocolate.","['meal', 'coffee strong rich flavorful aromatic fragrant delicious decadent indulgent', '']","[{'term': 'meal', 'polarity': 'positive'}, {'term': 'coffee strong rich flavorful aromatic fragrant delicious decadent indulgent', 'polarity': 'positive'}, {'term': '', 'polarity': 'positive'}]","[{'category': 'general', 'polarity': 'neutral'}]",716
The red sliding door may be unique but they do not block off the cold air from the outside .,The red sliding doors may be unique but they do not block off the cold air from the outside.,['door'],"[{'term': 'door', 'polarity': 'conflict'}]","[{'category': 'general', 'polarity': 'neutral'}]",717
I must say it ' s a little pricey for the portions because it was not as spectacular as the view .,I must say it's a little pricey for the food because it was not as spectacular as the view.,['portions'],"[{'term': 'portions', 'polarity': 'negative'}]","[{'category': 'general', 'polarity': 'neutral'}]",723
I must say it ' s a little pricey for the meal because it was not as spectacular as the view .,I must say it's a little pricey for the food because it was not as spectacular as the view.,['meal'],"[{'term': 'meal', 'polarity': 'negative'}]","[{'category': 'general', 'polarity': 'neutral'}]",724
I must say it ' s a little pricey for the quality because it was not as spectacular as the view .,I must say it's a little pricey for the food because it was not as spectacular as the view.,['quality'],"[{'term': 'quality', 'polarity': 'negative'}]","[{'category': 'general', 'polarity': 'neutral'}]",725
The atmosphere had a nice ambiance .,The buffet had a nice selection.,"['atmosphere', 'ambiance']","[{'term': 'atmosphere', 'polarity': 'positive'}, {'term': 'ambiance', 'polarity': 'positive'}]","[{'category': 'general', 'polarity': 'neutral'}]",726
The waiter had a nice atmosphere .,The buffet had a nice selection.,"['waiter', 'atmosphere']","[{'term': 'waiter', 'polarity': 'positive'}, {'term': 'atmosphere', 'polarity': 'positive'}]","[{'category': 'general', 'polarity': 'neutral'}]",727
The waiter had a nice ambiance .,The buffet had a nice selection.,"['waiter', 'ambiance']","[{'term': 'waiter', 'polarity': 'positive'}, {'term': 'ambiance', 'polarity': 'positive'}]","[{'category': 'general', 'polarity': 'neutral'}]",728
The ambiance was fantastic and unique and the dishes were full of surprises .,The quail was fantastic and unique and the pastas were full of flavor.,"['ambiance', 'dishes', 'surprises']","[{'term': 'ambiance', 'polarity': 'positive'}, {'term': 'dishes', 'polarity': 'positive'}, {'term': 'surprises', 'polarity': 'positive'}]","[{'category': 'general', 'polarity': 'neutral'}]",729
The cuisine was fantastic and unique and the dishes were full of aromas .,The quail was fantastic and unique and the pastas were full of flavor.,"['cuisine', 'dishes', 'aromas']","[{'term': 'cuisine', 'polarity': 'positive'}, {'term': 'dishes', 'polarity': 'positive'}, {'term': 'aromas', 'polarity': 'positive'}]","[{'category': 'general', 'polarity': 'neutral'}]",730
The ambiance was fantastic and unique and the dishes were full of aromas .,The quail was fantastic and unique and the pastas were full of flavor.,"['ambiance', 'dishes', 'aromas']","[{'term': 'ambiance', 'polarity': 'positive'}, {'term': 'dishes', 'polarity': 'positive'}, {'term': 'aromas', 'polarity': 'positive'}]","[{'category': 'general', 'polarity': 'neutral'}]",731
"They never brought us complimentary water , ignored repeated requests for coffee , and threw our napkins on the table .","They never brought us complimentary noodles, ignored repeated requests for sugar, and threw our dishes on the table.","['water', 'coffee', 'napkins']","[{'term': 'water', 'polarity': 'negative'}, {'term': 'coffee', 'polarity': 'negative'}, {'term': 'napkins', 'polarity': 'negative'}]","[{'category': 'general', 'polarity': 'neutral'}]",732
"They never brought us complimentary water , ignored repeated requests for refills , and threw our napkins on the table .","They never brought us complimentary noodles, ignored repeated requests for sugar, and threw our dishes on the table.","['water', 'refills', 'napkins']","[{'term': 'water', 'polarity': 'negative'}, {'term': 'refills', 'polarity': 'negative'}, {'term': 'napkins', 'polarity': 'negative'}]","[{'category': 'general', 'polarity': 'neutral'}]",733
"( waiter was delivered by a server , not host ) We got no appetizers offered for the dishes , our order meal visit snacks remained EMPTY our entire  , when we would have easily spent another $ 20 on  .","(food was delivered by a busboy, not waiter) We got no cheese offered for the pasta, our water and wine glasses remained EMPTY our entire meal, when we would have easily spent another $20 on wine.","['waiter', 'server', 'host', 'appetizers', 'dishes', 'order meal visit snacks', '', '']","[{'term': 'waiter', 'polarity': 'neutral'}, {'term': 'server', 'polarity': 'negative'}, {'term': 'host', 'polarity': 'negative'}, {'term': 'appetizers', 'polarity': 'negative'}, {'term': 'dishes', 'polarity': 'negative'}, {'term': 'order meal visit snacks', 'polarity': 'negative'}, {'term': '', 'polarity': 'neutral'}, {'term': '', 'polarity': 'neutral'}]","[{'category': 'general', 'polarity': 'neutral'}]",735
"( waiter was delivered by a server , not host ) We got no bread offered for the meal , our table stay appetizers remained EMPTY our entire  , when we would have easily spent another $ 20 on  .","(food was delivered by a busboy, not waiter) We got no cheese offered for the pasta, our water and wine glasses remained EMPTY our entire meal, when we would have easily spent another $20 on wine.","['waiter', 'server', 'host', 'bread', 'meal', 'table stay appetizers', '', '']","[{'term': 'waiter', 'polarity': 'neutral'}, {'term': 'server', 'polarity': 'negative'}, {'term': 'host', 'polarity': 'negative'}, {'term': 'bread', 'polarity': 'negative'}, {'term': 'meal', 'polarity': 'negative'}, {'term': 'table stay appetizers', 'polarity': 'negative'}, {'term': '', 'polarity': 'neutral'}, {'term': '', 'polarity': 'neutral'}]","[{'category': 'general', 'polarity': 'neutral'}]",736
"( order was delivered by a driver , not waiter ) We got no napkins offered for the meal , our dinner lunch visit remained EMPTY our entire  , when we would have easily spent another $ 20 on  .","(food was delivered by a busboy, not waiter) We got no cheese offered for the pasta, our water and wine glasses remained EMPTY our entire meal, when we would have easily spent another $20 on wine.","['order', 'driver', 'waiter', 'napkins', 'meal', 'dinner lunch visit', '', '']","[{'term': 'order', 'polarity': 'neutral'}, {'term': 'driver', 'polarity': 'negative'}, {'term': 'waiter', 'polarity': 'negative'}, {'term': 'napkins', 'polarity': 'negative'}, {'term': 'meal', 'polarity': 'negative'}, {'term': 'dinner lunch visit', 'polarity': 'negative'}, {'term': '', 'polarity': 'neutral'}, {'term': '', 'polarity': 'neutral'}]","[{'category': 'general', 'polarity': 'neutral'}]",737
This is definitely an excellent date spot because of the ambiance music and on the weekends the lively is more than alive .,This is definitely an  excellent date spot because of the ambiance and on the weekends the  night scene is more than alive.,"['spot', 'ambiance music', 'lively']","[{'term': 'spot', 'polarity': 'positive'}, {'term': 'ambiance music', 'polarity': 'positive'}, {'term': 'lively', 'polarity': 'positive'}]","[{'category': 'general', 'polarity': 'neutral'}]",738
This is definitely an excellent date spot because of the ambiance nightlife and on the weekends the picks is more than alive .,This is definitely an  excellent date spot because of the ambiance and on the weekends the  night scene is more than alive.,"['spot', 'ambiance nightlife', 'picks']","[{'term': 'spot', 'polarity': 'positive'}, {'term': 'ambiance nightlife', 'polarity': 'positive'}, {'term': 'picks', 'polarity': 'positive'}]","[{'category': 'general', 'polarity': 'neutral'}]",739
This is definitely an excellent date restaurant because of the ambiance brunch and on the weekends the vibes is more than alive .,This is definitely an  excellent date spot because of the ambiance and on the weekends the  night scene is more than alive.,"['restaurant', 'ambiance brunch', 'vibes']","[{'term': 'restaurant', 'polarity': 'positive'}, {'term': 'ambiance brunch', 'polarity': 'positive'}, {'term': 'vibes', 'polarity': 'positive'}]","[{'category': 'general', 'polarity': 'neutral'}]",740
"The first 2 courses were very good , but the main dessert was too rich for me and the portion bite far too sweet .","The first 2 courses were very good, but the chocolate sampler was too rich for me and the dessert wine far too sweet.","['courses', 'main dessert', 'portion bite']","[{'term': 'courses', 'polarity': 'positive'}, {'term': 'main dessert', 'polarity': 'negative'}, {'term': 'portion bite', 'polarity': 'negative'}]","[{'category': 'general', 'polarity': 'neutral'}]",741
"The first 2 courses were very good , but the main dish was too rich for me and the dessert entrees far too sweet .","The first 2 courses were very good, but the chocolate sampler was too rich for me and the dessert wine far too sweet.","['courses', 'main dish', 'dessert entrees']","[{'term': 'courses', 'polarity': 'positive'}, {'term': 'main dish', 'polarity': 'negative'}, {'term': 'dessert entrees', 'polarity': 'negative'}]","[{'category': 'general', 'polarity': 'neutral'}]",742
"The first 2 courses were very good , but the dessert overpowering was too rich for me and the portion overly far too sweet .","The first 2 courses were very good, but the chocolate sampler was too rich for me and the dessert wine far too sweet.","['courses', 'dessert overpowering', 'portion overly']","[{'term': 'courses', 'polarity': 'positive'}, {'term': 'dessert overpowering', 'polarity': 'negative'}, {'term': 'portion overly', 'polarity': 'negative'}]","[{'category': 'general', 'polarity': 'neutral'}]",743
"Quality cuisine preparation all around , and a very fair price for NYC .","Quality ingredients preparation all around, and a very fair price for NYC.","['cuisine', 'price']","[{'term': 'cuisine', 'polarity': 'positive'}, {'term': 'price', 'polarity': 'positive'}]","[{'category': 'general', 'polarity': 'neutral'}]",744
"The bread is the soft inner crust ( unlike the plain crumb they use in Calcutta ), and the flavors is  styled and very flavorful .","The bread is the soft paratha bread (unlike the plain bread they use in Calcutta), and the stuffing is tandoori styled and very flavorful.","['bread', 'inner crust', 'crumb', 'flavors', '']","[{'term': 'bread', 'polarity': 'positive'}, {'term': 'inner crust', 'polarity': 'positive'}, {'term': 'crumb', 'polarity': 'negative'}, {'term': 'flavors', 'polarity': 'positive'}, {'term': '', 'polarity': 'positive'}]","[{'category': 'general', 'polarity': 'neutral'}]",747
"The bread is the soft pillowy naan ( unlike the plain regular they use in Calcutta ), and the decorated is  styled and very flavorful .","The bread is the soft paratha bread (unlike the plain bread they use in Calcutta), and the stuffing is tandoori styled and very flavorful.","['bread', 'pillowy naan', 'regular', 'decorated', '']","[{'term': 'bread', 'polarity': 'positive'}, {'term': 'pillowy naan', 'polarity': 'positive'}, {'term': 'regular', 'polarity': 'negative'}, {'term': 'decorated', 'polarity': 'positive'}, {'term': '', 'polarity': 'positive'}]","[{'category': 'general', 'polarity': 'neutral'}]",748
"The naan is the soft butter baste ( unlike the plain baste they use in Calcutta ), and the sauce is  styled and very flavorful .","The bread is the soft paratha bread (unlike the plain bread they use in Calcutta), and the stuffing is tandoori styled and very flavorful.","['naan', 'butter baste', 'baste', 'sauce', '']","[{'term': 'naan', 'polarity': 'positive'}, {'term': 'butter baste', 'polarity': 'positive'}, {'term': 'baste', 'polarity': 'negative'}, {'term': 'sauce', 'polarity': 'positive'}, {'term': '', 'polarity': 'positive'}]","[{'category': 'general', 'polarity': 'neutral'}]",749
"Small plates for main courses , i had pasta ( wasnt impressed ) girlfriend had salad , it was good .","Small servings for main entree, i had salmon (wasnt impressed) girlfriend had chicken, it was good.","['plates', 'courses', 'pasta', 'salad']","[{'term': 'plates', 'polarity': 'negative'}, {'term': 'courses', 'polarity': 'positive'}, {'term': 'pasta', 'polarity': 'negative'}, {'term': 'salad', 'polarity': 'negative'}]","[{'category': 'general', 'polarity': 'neutral'}]",750
"Small plates for main courses , i had salad ( wasnt impressed ) girlfriend had dinner , it was good .","Small servings for main entree, i had salmon (wasnt impressed) girlfriend had chicken, it was good.","['plates', 'courses', 'salad', 'dinner']","[{'term': 'plates', 'polarity': 'negative'}, {'term': 'courses', 'polarity': 'positive'}, {'term': 'salad', 'polarity': 'negative'}, {'term': 'dinner', 'polarity': 'negative'}]","[{'category': 'general', 'polarity': 'neutral'}]",751
"Small plates for main course , i had salad ( wasnt impressed ) girlfriend had sandwich , it was good .","Small servings for main entree, i had salmon (wasnt impressed) girlfriend had chicken, it was good.","['plates', 'course', 'salad', 'sandwich']","[{'term': 'plates', 'polarity': 'negative'}, {'term': 'course', 'polarity': 'positive'}, {'term': 'salad', 'polarity': 'negative'}, {'term': 'sandwich', 'polarity': 'negative'}]","[{'category': 'general', 'polarity': 'neutral'}]",752
I do suggest to ask to be seated near if you are looking to be a little cozy .,I do suggest to ask to be seated upstairs if you are looking to be a little cozy.,['near'],"[{'term': 'near', 'polarity': 'positive'}]","[{'category': 'general', 'polarity': 'neutral'}]",753
"His wife Tanya , the ambiance , completes the comforting meal by being delightfully warm and gracious .","His wife Tanya, the hostess, completes the comforting atmosphere by being delightfully warm and gracious.","['ambiance', 'meal']","[{'term': 'ambiance', 'polarity': 'positive'}, {'term': 'meal', 'polarity': 'positive'}]","[{'category': 'general', 'polarity': 'neutral'}]",756
"His wife Tanya , the waitress , completes the comforting ambiance by being delightfully warm and gracious .","His wife Tanya, the hostess, completes the comforting atmosphere by being delightfully warm and gracious.","['waitress', 'ambiance']","[{'term': 'waitress', 'polarity': 'positive'}, {'term': 'ambiance', 'polarity': 'positive'}]","[{'category': 'general', 'polarity': 'neutral'}]",758
The restaurant is descent even when this small restaurant is packed .,The service is descent even when this small place is packed.,"['restaurant', 'restaurant']","[{'term': 'restaurant', 'polarity': 'positive'}, {'term': 'restaurant', 'polarity': 'negative'}]","[{'category': 'general', 'polarity': 'neutral'}]",759
The restaurant is descent even when this small cafe is packed .,The service is descent even when this small place is packed.,"['restaurant', 'cafe']","[{'term': 'restaurant', 'polarity': 'positive'}, {'term': 'cafe', 'polarity': 'negative'}]","[{'category': 'general', 'polarity': 'neutral'}]",760
"The fries is yummy , especially their cooked - to - perfection French fries frites potatoes onion and their shoestring crispy  .","The food is yummy, especially their cooked-to-perfection mussels in spicy tomato sauce and their shoestring crispy fries.","['fries', 'French fries frites potatoes onion', '']","[{'term': 'fries', 'polarity': 'positive'}, {'term': 'French fries frites potatoes onion', 'polarity': 'positive'}, {'term': '', 'polarity': 'positive'}]","[{'category': 'general', 'polarity': 'neutral'}]",762
"The fries is yummy , especially their cooked - to - perfection fries fries fries fries fries and their shoestring crispy  .","The food is yummy, especially their cooked-to-perfection mussels in spicy tomato sauce and their shoestring crispy fries.","['fries', 'fries fries fries fries fries', '']","[{'term': 'fries', 'polarity': 'positive'}, {'term': 'fries fries fries fries fries', 'polarity': 'positive'}, {'term': '', 'polarity': 'positive'}]","[{'category': 'general', 'polarity': 'neutral'}]",763
"The fries is yummy , especially their cooked - to - perfection sweet potato fries fries onion and their shoestring crispy  .","The food is yummy, especially their cooked-to-perfection mussels in spicy tomato sauce and their shoestring crispy fries.","['fries', 'sweet potato fries fries onion', '']","[{'term': 'fries', 'polarity': 'positive'}, {'term': 'sweet potato fries fries onion', 'polarity': 'positive'}, {'term': '', 'polarity': 'positive'}]","[{'category': 'general', 'polarity': 'neutral'}]",764
"When my husband and go there , we spend $ 60 . 00 ( have dinner UMMMMM need I say more ) I can ' t say any more , it a wine you ' ll never forget If you never go , you ' ll miss A experience opportunity of your life time","When my husband and go there, we spend $60.00 (have LOBSTER TAILS UMMMMM need I say more) I can't say any more, it a place you'll never forget If you never go, you'll miss A Meal of your life time","['dinner', 'wine', 'experience opportunity']","[{'term': 'dinner', 'polarity': 'positive'}, {'term': 'wine', 'polarity': 'positive'}, {'term': 'experience opportunity', 'polarity': 'positive'}]","[{'category': 'general', 'polarity': 'neutral'}]",765
"When my husband and go there , we spend $ 60 . 00 ( have H UMMMMM need I say more ) I can ' t say any more , it a e you ' ll never forget If you never go , you ' ll miss A r e of your life time","When my husband and go there, we spend $60.00 (have LOBSTER TAILS UMMMMM need I say more) I can't say any more, it a place you'll never forget If you never go, you'll miss A Meal of your life time","['H', 'e', 'r e']","[{'term': 'H', 'polarity': 'positive'}, {'term': 'e', 'polarity': 'positive'}, {'term': 'r e', 'polarity': 'positive'}]","[{'category': 'general', 'polarity': 'neutral'}]",766
This is the perfect date night for Williamsburg couples .,This is the perfect date spot for Williamsburg couples.,['date night'],"[{'term': 'date night', 'polarity': 'positive'}]","[{'category': 'general', 'polarity': 'neutral'}]",771
This is the perfect date spot for Williamsburg couples .,This is the perfect date spot for Williamsburg couples.,['date spot'],"[{'term': 'date spot', 'polarity': 'positive'}]","[{'category': 'general', 'polarity': 'neutral'}]",773
"Even with a relatively inexpensive meal , if you can call $ 70 . 00 inexpensive , the dinner price quality is through the roof for better than average fare .","Even with a relatively inexpensive botle of wine, if you can call $70.00 inexpensive, the cost is through the roof for better than average fare.","['meal', 'dinner price quality']","[{'term': 'meal', 'polarity': 'negative'}, {'term': 'dinner price quality', 'polarity': 'conflict'}]","[{'category': 'general', 'polarity': 'neutral'}]",774
"Even with a relatively inexpensive meal , if you can call $ 70 . 00 inexpensive , the dinner price cost is through the roof for better than average fare .","Even with a relatively inexpensive botle of wine, if you can call $70.00 inexpensive, the cost is through the roof for better than average fare.","['meal', 'dinner price cost']","[{'term': 'meal', 'polarity': 'negative'}, {'term': 'dinner price cost', 'polarity': 'conflict'}]","[{'category': 'general', 'polarity': 'neutral'}]",775
"Even with a relatively inexpensive meal , if you can call $ 70 . 00 inexpensive , the dinner price bill is through the roof for better than average fare .","Even with a relatively inexpensive botle of wine, if you can call $70.00 inexpensive, the cost is through the roof for better than average fare.","['meal', 'dinner price bill']","[{'term': 'meal', 'polarity': 'negative'}, {'term': 'dinner price bill', 'polarity': 'conflict'}]","[{'category': 'general', 'polarity': 'neutral'}]",776
"As a long - time patron of Mamoun ' s , I always figured that I had found the best late night dishes  Middle Eastern in the city .","As a long-time patron of Mamoun's, I always figured that I had found the best late night food spot in the city.",['dishes  Middle Eastern'],"[{'term': 'dishes  Middle Eastern', 'polarity': 'positive'}]","[{'category': 'general', 'polarity': 'neutral'}]",777
"As a long - time patron of Mamoun ' s , I always figured that I had found the best late night diner spot in the city .","As a long-time patron of Mamoun's, I always figured that I had found the best late night food spot in the city.",['diner spot'],"[{'term': 'diner spot', 'polarity': 'positive'}]","[{'category': 'general', 'polarity': 'neutral'}]",778
"As a long - time patron of Mamoun ' s , I always figured that I had found the best late night dinner spot in the city .","As a long-time patron of Mamoun's, I always figured that I had found the best late night food spot in the city.",['dinner spot'],"[{'term': 'dinner spot', 'polarity': 'positive'}]","[{'category': 'general', 'polarity': 'neutral'}]",779
Get the garlic of gari .,Get the tuna of gari.,['garlic'],"[{'term': 'garlic', 'polarity': 'positive'}]","[{'category': 'general', 'polarity': 'neutral'}]",780
Get the flavor of gari .,Get the tuna of gari.,['flavor'],"[{'term': 'flavor', 'polarity': 'positive'}]","[{'category': 'general', 'polarity': 'neutral'}]",781
Here you get the menu options without feeling rigid .,Here you get the zen feel without feeling rigid.,['menu options'],"[{'term': 'menu options', 'polarity': 'positive'}]","[{'category': 'general', 'polarity': 'neutral'}]",783
Here you get the portion control without feeling rigid .,Here you get the zen feel without feeling rigid.,['portion control'],"[{'term': 'portion control', 'polarity': 'positive'}]","[{'category': 'general', 'polarity': 'neutral'}]",784
And their prices are very high - they actually think that they can get away with charging such ridiculous for such terrible food and service !,And their prices are very high - they actually think that they can get away with charging such prices for such terrible food and service!,"['prices', 'ridiculous', 'food', 'service']","[{'term': 'prices', 'polarity': 'negative'}, {'term': 'ridiculous', 'polarity': 'negative'}, {'term': 'food', 'polarity': 'negative'}, {'term': 'service', 'polarity': 'negative'}]","[{'category': 'general', 'polarity': 'neutral'}]",786
"While most people can attest to spending over $ 50 on dinner in New York eating and hardly feeling a thing , the amenities here are plentiful and unique .","While most people can attest to spending over $50 on drinks in New York bars and hardly feeling a thing, the drinks here are plentiful and unique.","['dinner', 'eating', 'amenities']","[{'term': 'dinner', 'polarity': 'negative'}, {'term': 'eating', 'polarity': 'negative'}, {'term': 'amenities', 'polarity': 'positive'}]","[{'category': 'general', 'polarity': 'neutral'}]",789
"While most people can attest to spending over $ 50 on meals in New York streets and hardly feeling a thing , the amenities here are plentiful and unique .","While most people can attest to spending over $50 on drinks in New York bars and hardly feeling a thing, the drinks here are plentiful and unique.","['meals', 'streets', 'amenities']","[{'term': 'meals', 'polarity': 'negative'}, {'term': 'streets', 'polarity': 'negative'}, {'term': 'amenities', 'polarity': 'positive'}]","[{'category': 'general', 'polarity': 'neutral'}]",790
"While most people can attest to spending over $ 50 on coffee in New York streets and hardly feeling a thing , the dishes here are plentiful and unique .","While most people can attest to spending over $50 on drinks in New York bars and hardly feeling a thing, the drinks here are plentiful and unique.","['coffee', 'streets', 'dishes']","[{'term': 'coffee', 'polarity': 'negative'}, {'term': 'streets', 'polarity': 'negative'}, {'term': 'dishes', 'polarity': 'positive'}]","[{'category': 'general', 'polarity': 'neutral'}]",791
The appetizers and entree plate are plentiful and can ' t wait to try the appetizer or entrees .,The wine and cheese plate are plentiful and can't wait to try the fondue or table grilling.,"['appetizers', 'entree', 'appetizer', 'entrees']","[{'term': 'appetizers', 'polarity': 'positive'}, {'term': 'entree', 'polarity': 'positive'}, {'term': 'appetizer', 'polarity': 'positive'}, {'term': 'entrees', 'polarity': 'positive'}]","[{'category': 'general', 'polarity': 'neutral'}]",792
The appetizers and appetizer plate are plentiful and can ' t wait to try the small or tapas .,The wine and cheese plate are plentiful and can't wait to try the fondue or table grilling.,"['appetizers', 'appetizer', 'small', 'tapas']","[{'term': 'appetizers', 'polarity': 'positive'}, {'term': 'appetizer', 'polarity': 'positive'}, {'term': 'small', 'polarity': 'positive'}, {'term': 'tapas', 'polarity': 'positive'}]","[{'category': 'general', 'polarity': 'neutral'}]",793
The appetizers and entrees plate are plentiful and can ' t wait to try the menu or dishes options .,The wine and cheese plate are plentiful and can't wait to try the fondue or table grilling.,"['appetizers', 'entrees', 'menu', 'dishes options']","[{'term': 'appetizers', 'polarity': 'positive'}, {'term': 'entrees', 'polarity': 'positive'}, {'term': 'menu', 'polarity': 'positive'}, {'term': 'dishes options', 'polarity': 'positive'}]","[{'category': 'general', 'polarity': 'neutral'}]",794
I went with 5 friends and we lingered at the table for a bit and didn ' t feel rushed at all even though there was a crowd .,I went with 5 friends and we lingered at the table for a bit and didn't feel rushed at all even though there was a wait.,"['table', 'crowd']","[{'term': 'table', 'polarity': 'neutral'}, {'term': 'crowd', 'polarity': 'negative'}]","[{'category': 'general', 'polarity': 'neutral'}]",795
I went with 5 friends and we lingered at the table for a bit and didn ' t feel rushed at all even though there was a queue .,I went with 5 friends and we lingered at the table for a bit and didn't feel rushed at all even though there was a wait.,"['table', 'queue']","[{'term': 'table', 'polarity': 'neutral'}, {'term': 'queue', 'polarity': 'negative'}]","[{'category': 'general', 'polarity': 'neutral'}]",797
"We shared a appetizers bruschetta fettuccine , an order of fries , and she had the sandwich salad while I had the burger .","We shared a bottle of sake, an order of edamames, and she had the sushi plate while I had the sashimi.","['appetizers bruschetta fettuccine', 'fries', 'sandwich salad', 'burger']","[{'term': 'appetizers bruschetta fettuccine', 'polarity': 'neutral'}, {'term': 'fries', 'polarity': 'neutral'}, {'term': 'sandwich salad', 'polarity': 'neutral'}, {'term': 'burger', 'polarity': 'neutral'}]","[{'category': 'general', 'polarity': 'neutral'}]",801
"We shared a appetizers bruschetta antipasto , an order of fries , and she had the salad sandwich while I had the burger .","We shared a bottle of sake, an order of edamames, and she had the sushi plate while I had the sashimi.","['appetizers bruschetta antipasto', 'fries', 'salad sandwich', 'burger']","[{'term': 'appetizers bruschetta antipasto', 'polarity': 'neutral'}, {'term': 'fries', 'polarity': 'neutral'}, {'term': 'salad sandwich', 'polarity': 'neutral'}, {'term': 'burger', 'polarity': 'neutral'}]","[{'category': 'general', 'polarity': 'neutral'}]",802
"We shared a appetizers platter main , an order of dish , and she had the salad sandwich while I had the entree .","We shared a bottle of sake, an order of edamames, and she had the sushi plate while I had the sashimi.","['appetizers platter main', 'dish', 'salad sandwich', 'entree']","[{'term': 'appetizers platter main', 'polarity': 'neutral'}, {'term': 'dish', 'polarity': 'neutral'}, {'term': 'salad sandwich', 'polarity': 'neutral'}, {'term': 'entree', 'polarity': 'neutral'}]","[{'category': 'general', 'polarity': 'neutral'}]",803
"Each patty has a topping bun crust meat sunken into its surface , and you get platters of thin sliced dips , various sauces , and spreads and  .","Each table has a pot of boiling water sunken into its surface, and you get platters of thin sliced meats, various vegetables, and rice and glass noodles.","['patty', 'topping bun crust meat', 'dips', 'sauces', 'spreads', '']","[{'term': 'patty', 'polarity': 'neutral'}, {'term': 'topping bun crust meat', 'polarity': 'neutral'}, {'term': 'dips', 'polarity': 'neutral'}, {'term': 'sauces', 'polarity': 'neutral'}, {'term': 'spreads', 'polarity': 'neutral'}, {'term': '', 'polarity': 'neutral'}]","[{'category': 'general', 'polarity': 'neutral'}]",804
"Each table has a wooden leg design meat sunken into its surface , and you get platters of thin sliced dishes , various spreads , and pickles and condiments .","Each table has a pot of boiling water sunken into its surface, and you get platters of thin sliced meats, various vegetables, and rice and glass noodles.","['table', 'wooden leg design meat', 'dishes', 'spreads', 'pickles', 'condiments']","[{'term': 'table', 'polarity': 'neutral'}, {'term': 'wooden leg design meat', 'polarity': 'neutral'}, {'term': 'dishes', 'polarity': 'neutral'}, {'term': 'spreads', 'polarity': 'neutral'}, {'term': 'pickles', 'polarity': 'neutral'}, {'term': 'condiments', 'polarity': 'neutral'}]","[{'category': 'general', 'polarity': 'neutral'}]",805
"Each H has a e r e   sunken into its surface , and you get platters of thin sliced i , various s , and   and t h .","Each table has a pot of boiling water sunken into its surface, and you get platters of thin sliced meats, various vegetables, and rice and glass noodles.","['H', 'e r e  ', 'i', 's', ' ', 't h']","[{'term': 'H', 'polarity': 'neutral'}, {'term': 'e r e  ', 'polarity': 'neutral'}, {'term': 'i', 'polarity': 'neutral'}, {'term': 's', 'polarity': 'neutral'}, {'term': ' ', 'polarity': 'neutral'}, {'term': 't h', 'polarity': 'neutral'}]","[{'category': 'general', 'polarity': 'neutral'}]",806
The restaurant is the best if you like fine dining cuisine .,The pizza is the best if you like thin crusted pizza.,"['restaurant', 'fine dining cuisine']","[{'term': 'restaurant', 'polarity': 'positive'}, {'term': 'fine dining cuisine', 'polarity': 'neutral'}]","[{'category': 'general', 'polarity': 'neutral'}]",807
The food is the best if you like Italian dishes flavors .,The pizza is the best if you like thin crusted pizza.,"['food', 'Italian dishes flavors']","[{'term': 'food', 'polarity': 'positive'}, {'term': 'Italian dishes flavors', 'polarity': 'neutral'}]","[{'category': 'general', 'polarity': 'neutral'}]",808
The Italian is the best if you like Thai curries dishes .,The pizza is the best if you like thin crusted pizza.,"['Italian', 'Thai curries dishes']","[{'term': 'Italian', 'polarity': 'positive'}, {'term': 'Thai curries dishes', 'polarity': 'neutral'}]","[{'category': 'general', 'polarity': 'neutral'}]",809
The chairs are uncomfortable if you are sitting against the wall on wooden benches .,The seats are uncomfortable if you are sitting against the wall on wooden benches.,['chairs'],"[{'term': 'chairs', 'polarity': 'negative'}]","[{'category': 'general', 'polarity': 'neutral'}]",810
At the end you ' re left with a mild H e r that you can slurp out of a cup .,At the end you're left with a mild broth with noodles that you can slurp out of a cup.,['H e r'],"[{'term': 'H e r', 'polarity': 'positive'}]","[{'category': 'general', 'polarity': 'neutral'}]",813
At the end you ' re left with a mild broth flavor tea that you can slurp out of a cup .,At the end you're left with a mild broth with noodles that you can slurp out of a cup.,['broth flavor tea'],"[{'term': 'broth flavor tea', 'polarity': 'positive'}]","[{'category': 'general', 'polarity': 'neutral'}]",814
At the end you ' re left with a mild flavor tea broth that you can slurp out of a cup .,At the end you're left with a mild broth with noodles that you can slurp out of a cup.,['flavor tea broth'],"[{'term': 'flavor tea broth', 'polarity': 'positive'}]","[{'category': 'general', 'polarity': 'neutral'}]",815
"Great dining , good size restaurant , great service and an unpretensious atmosphere .","Great food, good size menu, great service and an unpretensious setting.","['dining', 'restaurant', 'service', 'atmosphere']","[{'term': 'dining', 'polarity': 'positive'}, {'term': 'restaurant', 'polarity': 'positive'}, {'term': 'service', 'polarity': 'positive'}, {'term': 'atmosphere', 'polarity': 'positive'}]","[{'category': 'general', 'polarity': 'neutral'}]",816
"Great dishes , good size portions , great food and an unpretensious atmosphere .","Great food, good size menu, great service and an unpretensious setting.","['dishes', 'portions', 'food', 'atmosphere']","[{'term': 'dishes', 'polarity': 'positive'}, {'term': 'portions', 'polarity': 'positive'}, {'term': 'food', 'polarity': 'positive'}, {'term': 'atmosphere', 'polarity': 'positive'}]","[{'category': 'general', 'polarity': 'neutral'}]",817
"Great food , good size portion , great service and an unpretensious atmosphere .","Great food, good size menu, great service and an unpretensious setting.","['food', 'portion', 'service', 'atmosphere']","[{'term': 'food', 'polarity': 'positive'}, {'term': 'portion', 'polarity': 'positive'}, {'term': 'service', 'polarity': 'positive'}, {'term': 'atmosphere', 'polarity': 'positive'}]","[{'category': 'general', 'polarity': 'neutral'}]",818
They are often busy on the weekends but they are efficient and accurate with their work .,They are often crowded on the weekends but they are efficient and accurate with their service.,"['busy', 'work']","[{'term': 'busy', 'polarity': 'positive'}, {'term': 'work', 'polarity': 'negative'}]","[{'category': 'general', 'polarity': 'neutral'}]",819
They are often busy on the weekends but they are efficient and accurate with their orders .,They are often crowded on the weekends but they are efficient and accurate with their service.,"['busy', 'orders']","[{'term': 'busy', 'polarity': 'positive'}, {'term': 'orders', 'polarity': 'negative'}]","[{'category': 'general', 'polarity': 'neutral'}]",820
"It may be a bit busy on weekends , but the food Italian is good and it is the best restaurant you will find in the area .","It may be a bit packed on weekends, but the vibe is good and it is the best French food you will find in the area.","['busy', 'food Italian', 'restaurant']","[{'term': 'busy', 'polarity': 'positive'}, {'term': 'food Italian', 'polarity': 'positive'}, {'term': 'restaurant', 'polarity': 'negative'}]","[{'category': 'general', 'polarity': 'neutral'}]",822
"It may be a bit crowded on weekends , but the food brunch is good and it is the best around you will find in the area .","It may be a bit packed on weekends, but the vibe is good and it is the best French food you will find in the area.","['crowded', 'food brunch', 'around']","[{'term': 'crowded', 'polarity': 'positive'}, {'term': 'food brunch', 'polarity': 'positive'}, {'term': 'around', 'polarity': 'negative'}]","[{'category': 'general', 'polarity': 'neutral'}]",823
"It may be a bit busy on weekends , but the service breakfast is good and it is the best brunch you will find in the area .","It may be a bit packed on weekends, but the vibe is good and it is the best French food you will find in the area.","['busy', 'service breakfast', 'brunch']","[{'term': 'busy', 'polarity': 'positive'}, {'term': 'service breakfast', 'polarity': 'positive'}, {'term': 'brunch', 'polarity': 'negative'}]","[{'category': 'general', 'polarity': 'neutral'}]",824
"Service was average and Food Presentation was awful - the Meat was charred , not caramelized and smelled of kerosene .","Food was average and creme brulee was awful - the sugar was charred, not caramelized and smelled of kerosene.","['Service', 'Food Presentation', 'Meat']","[{'term': 'Service', 'polarity': 'neutral'}, {'term': 'Food Presentation', 'polarity': 'negative'}, {'term': 'Meat', 'polarity': 'negative'}]","[{'category': 'general', 'polarity': 'neutral'}]",825
"service was average and ambiance appetizer was awful - the atmosphere was charred , not caramelized and smelled of kerosene .","Food was average and creme brulee was awful - the sugar was charred, not caramelized and smelled of kerosene.","['service', 'ambiance appetizer', 'atmosphere']","[{'term': 'service', 'polarity': 'neutral'}, {'term': 'ambiance appetizer', 'polarity': 'negative'}, {'term': 'atmosphere', 'polarity': 'negative'}]","[{'category': 'general', 'polarity': 'neutral'}]",826
"steak was average and the service was awful - the grill was charred , not caramelized and smelled of kerosene .","Food was average and creme brulee was awful - the sugar was charred, not caramelized and smelled of kerosene.","['steak', 'the service', 'grill']","[{'term': 'steak', 'polarity': 'neutral'}, {'term': 'the service', 'polarity': 'negative'}, {'term': 'grill', 'polarity': 'negative'}]","[{'category': 'general', 'polarity': 'neutral'}]",827
"details could be improved but overall this is a place that understands the importance of little things ( the heavy , black , antique - seeming wood , for one ) in the restaurant experience .","Service could be improved but overall this is a place that understands the importance of little things (the heavy, black, antique-seeming teapot, for one) in the restaurant experience.","['details', 'wood']","[{'term': 'details', 'polarity': 'negative'}, {'term': 'wood', 'polarity': 'positive'}]","[{'category': 'general', 'polarity': 'neutral'}]",828
"service could be improved but overall this is a place that understands the importance of little things ( the heavy , black , antique - seeming table , for one ) in the restaurant experience .","Service could be improved but overall this is a place that understands the importance of little things (the heavy, black, antique-seeming teapot, for one) in the restaurant experience.","['service', 'table']","[{'term': 'service', 'polarity': 'negative'}, {'term': 'table', 'polarity': 'positive'}]","[{'category': 'general', 'polarity': 'neutral'}]",829
"decor could be improved but overall this is a place that understands the importance of little things ( the heavy , black , antique - seeming table , for one ) in the restaurant experience .","Service could be improved but overall this is a place that understands the importance of little things (the heavy, black, antique-seeming teapot, for one) in the restaurant experience.","['decor', 'table']","[{'term': 'decor', 'polarity': 'negative'}, {'term': 'table', 'polarity': 'positive'}]","[{'category': 'general', 'polarity': 'neutral'}]",830
Try their appetizers small with fresh shrimp or lobster .,Try their plain pizza with fresh garlic or eggplant.,"['appetizers small', 'shrimp', 'lobster']","[{'term': 'appetizers small', 'polarity': 'positive'}, {'term': 'shrimp', 'polarity': 'positive'}, {'term': 'lobster', 'polarity': 'positive'}]","[{'category': 'general', 'polarity': 'neutral'}]",831
Try their appetizers platter with fresh shrimp or lobster .,Try their plain pizza with fresh garlic or eggplant.,"['appetizers platter', 'shrimp', 'lobster']","[{'term': 'appetizers platter', 'polarity': 'positive'}, {'term': 'shrimp', 'polarity': 'positive'}, {'term': 'lobster', 'polarity': 'positive'}]","[{'category': 'general', 'polarity': 'neutral'}]",832
Try their appetizers appetizer with fresh mussels or shrimp .,Try their plain pizza with fresh garlic or eggplant.,"['appetizers appetizer', 'mussels', 'shrimp']","[{'term': 'appetizers appetizer', 'polarity': 'positive'}, {'term': 'mussels', 'polarity': 'positive'}, {'term': 'shrimp', 'polarity': 'positive'}]","[{'category': 'general', 'polarity': 'neutral'}]",833
"Get your coffee to go , find a bench , and kick back with a cup hot coffee .","Get your food to go, find a bench, and kick back with a plate of dumplings.","['coffee', 'cup hot coffee']","[{'term': 'coffee', 'polarity': 'neutral'}, {'term': 'cup hot coffee', 'polarity': 'positive'}]","[{'category': 'general', 'polarity': 'neutral'}]",834
"Get your order to go , find a bench , and kick back with a beer cold bottle .","Get your food to go, find a bench, and kick back with a plate of dumplings.","['order', 'beer cold bottle']","[{'term': 'order', 'polarity': 'neutral'}, {'term': 'beer cold bottle', 'polarity': 'positive'}]","[{'category': 'general', 'polarity': 'neutral'}]",835
"Get your sandwich to go , find a bench , and kick back with a cold beer glass .","Get your food to go, find a bench, and kick back with a plate of dumplings.","['sandwich', 'cold beer glass']","[{'term': 'sandwich', 'polarity': 'neutral'}, {'term': 'cold beer glass', 'polarity': 'positive'}]","[{'category': 'general', 'polarity': 'neutral'}]",836
"We were still sitting at the table while we drank the coffee , but facing away from the kitchen when we turned back around , the $ 2 was gone the people next to us said the thief took it .","We were still sitting at the bar while we drank the sangria, but facing away from the bar when we turned back around, the $2 was gone the people next to us said the bartender took it.","['table', 'coffee', 'kitchen', 'thief']","[{'term': 'table', 'polarity': 'neutral'}, {'term': 'coffee', 'polarity': 'neutral'}, {'term': 'kitchen', 'polarity': 'neutral'}, {'term': 'thief', 'polarity': 'negative'}]","[{'category': 'general', 'polarity': 'neutral'}]",837
"We were still sitting at the table while we drank the coffee , but facing away from the window when we turned back around , the $ 2 was gone the people next to us said the thief took it .","We were still sitting at the bar while we drank the sangria, but facing away from the bar when we turned back around, the $2 was gone the people next to us said the bartender took it.","['table', 'coffee', 'window', 'thief']","[{'term': 'table', 'polarity': 'neutral'}, {'term': 'coffee', 'polarity': 'neutral'}, {'term': 'window', 'polarity': 'neutral'}, {'term': 'thief', 'polarity': 'negative'}]","[{'category': 'general', 'polarity': 'neutral'}]",838
"We were still sitting at the table while we drank the coffee , but facing away from the stage when we turned back around , the $ 2 was gone the people next to us said the thief took it .","We were still sitting at the bar while we drank the sangria, but facing away from the bar when we turned back around, the $2 was gone the people next to us said the bartender took it.","['table', 'coffee', 'stage', 'thief']","[{'term': 'table', 'polarity': 'neutral'}, {'term': 'coffee', 'polarity': 'neutral'}, {'term': 'stage', 'polarity': 'neutral'}, {'term': 'thief', 'polarity': 'negative'}]","[{'category': 'general', 'polarity': 'neutral'}]",839
"Odd for Ave B , not just odd , The patron attracts an eclectic crowd to say the least .","Odd for Ave B, not just odd, The place attracts an eclectic crowd to say the least.",['patron'],"[{'term': 'patron', 'polarity': 'positive'}]","[{'category': 'general', 'polarity': 'neutral'}]",841
"Odd for Ave B , not just odd , The patronage attracts an eclectic crowd to say the least .","Odd for Ave B, not just odd, The place attracts an eclectic crowd to say the least.",['patronage'],"[{'term': 'patronage', 'polarity': 'positive'}]","[{'category': 'general', 'polarity': 'neutral'}]",842
Raga stands out with an interesting menu concept decor ambiance vibe atmosphere .,Raga stands out with an interesting fusion of French and Indian cooking.,['menu concept decor ambiance vibe atmosphere'],"[{'term': 'menu concept decor ambiance vibe atmosphere', 'polarity': 'positive'}]","[{'category': 'general', 'polarity': 'neutral'}]",843
Raga stands out with an interesting menu layout decor ambiance atmosphere vibe .,Raga stands out with an interesting fusion of French and Indian cooking.,['menu layout decor ambiance atmosphere vibe'],"[{'term': 'menu layout decor ambiance atmosphere vibe', 'polarity': 'positive'}]","[{'category': 'general', 'polarity': 'neutral'}]",844
Raga stands out with an interesting concept story menu atmosphere prices service .,Raga stands out with an interesting fusion of French and Indian cooking.,['concept story menu atmosphere prices service'],"[{'term': 'concept story menu atmosphere prices service', 'polarity': 'positive'}]","[{'category': 'general', 'polarity': 'neutral'}]",845
"The combination of flavors herbs spices , garlic olive oil , garlic and the sauce they make with imported italian , makes this is one of the better  ' s in NY .","The combination of fresh tomato sauce, fresh mozz cheese, basil and the dough they make with imported flour, makes this is one of the better pizza's in NY.","['flavors herbs spices', 'garlic olive oil', 'garlic', 'sauce', 'italian', '']","[{'term': 'flavors herbs spices', 'polarity': 'positive'}, {'term': 'garlic olive oil', 'polarity': 'positive'}, {'term': 'garlic', 'polarity': 'positive'}, {'term': 'sauce', 'polarity': 'positive'}, {'term': 'italian', 'polarity': 'positive'}, {'term': '', 'polarity': 'positive'}]","[{'category': 'general', 'polarity': 'neutral'}]",846
"The combination of flavors spices herbs , flavors cuisine dishes , menu and the cocktails they make with imported ingredients , makes this is one of the better restaurant ' s in NY .","The combination of fresh tomato sauce, fresh mozz cheese, basil and the dough they make with imported flour, makes this is one of the better pizza's in NY.","['flavors spices herbs', 'flavors cuisine dishes', 'menu', 'cocktails', 'ingredients', 'restaurant']","[{'term': 'flavors spices herbs', 'polarity': 'positive'}, {'term': 'flavors cuisine dishes', 'polarity': 'positive'}, {'term': 'menu', 'polarity': 'positive'}, {'term': 'cocktails', 'polarity': 'positive'}, {'term': 'ingredients', 'polarity': 'positive'}, {'term': 'restaurant', 'polarity': 'positive'}]","[{'category': 'general', 'polarity': 'neutral'}]",847
"The combination of flavors herbs spices , dishes drinks appetizers , desserts and the coffee they make with imported  , makes this is one of the better  ' s in NY .","The combination of fresh tomato sauce, fresh mozz cheese, basil and the dough they make with imported flour, makes this is one of the better pizza's in NY.","['flavors herbs spices', 'dishes drinks appetizers', 'desserts', 'coffee', '', '']","[{'term': 'flavors herbs spices', 'polarity': 'positive'}, {'term': 'dishes drinks appetizers', 'polarity': 'positive'}, {'term': 'desserts', 'polarity': 'positive'}, {'term': 'coffee', 'polarity': 'positive'}, {'term': '', 'polarity': 'positive'}, {'term': '', 'polarity': 'positive'}]","[{'category': 'general', 'polarity': 'neutral'}]",848
He takes real pride in his kitchen and his business .,He takes real pride in his food and his business.,['kitchen'],"[{'term': 'kitchen', 'polarity': 'positive'}]","[{'category': 'general', 'polarity': 'neutral'}]",849
"From first bites , the amuse were incredible , to the delicious appetizers dishes flavors aromas , we were delighted by the  sensations .","From beginning appetizers, the scallops were incredible, to the delicious chocolate souffle with rasberry mint sorbet, we were delighted by the taste sensations.","['first bites', 'amuse', 'appetizers dishes flavors aromas', '']","[{'term': 'first bites', 'polarity': 'positive'}, {'term': 'amuse', 'polarity': 'positive'}, {'term': 'appetizers dishes flavors aromas', 'polarity': 'positive'}, {'term': '', 'polarity': 'positive'}]","[{'category': 'general', 'polarity': 'neutral'}]",855
"From plates table , the food were incredible , to the delicious appetizers amuse bouche dishes flavors , we were delighted by the  sensations .","From beginning appetizers, the scallops were incredible, to the delicious chocolate souffle with rasberry mint sorbet, we were delighted by the taste sensations.","['plates table', 'food', 'appetizers amuse bouche dishes flavors', '']","[{'term': 'plates table', 'polarity': 'positive'}, {'term': 'food', 'polarity': 'positive'}, {'term': 'appetizers amuse bouche dishes flavors', 'polarity': 'positive'}, {'term': '', 'polarity': 'positive'}]","[{'category': 'general', 'polarity': 'neutral'}]",856
"From fine dining , the dishes were incredible , to the delicious appetizers amuse bouche entrees sensations , we were delighted by the  sensations .","From beginning appetizers, the scallops were incredible, to the delicious chocolate souffle with rasberry mint sorbet, we were delighted by the taste sensations.","['fine dining', 'dishes', 'appetizers amuse bouche entrees sensations', '']","[{'term': 'fine dining', 'polarity': 'positive'}, {'term': 'dishes', 'polarity': 'positive'}, {'term': 'appetizers amuse bouche entrees sensations', 'polarity': 'positive'}, {'term': '', 'polarity': 'positive'}]","[{'category': 'general', 'polarity': 'neutral'}]",857
"Very excited to hear that short - term tenure Jason Narone has moved on , he truly was a low point of their Sterling track record .","Very excited to hear that short-term Chef Jason Narone has moved on, he truly was a low point of their Sterling track record.",['tenure'],"[{'term': 'tenure', 'polarity': 'negative'}]","[{'category': 'general', 'polarity': 'neutral'}]",858
"Very excited to hear that short - term stint Jason Narone has moved on , he truly was a low point of their Sterling track record .","Very excited to hear that short-term Chef Jason Narone has moved on, he truly was a low point of their Sterling track record.",['stint'],"[{'term': 'stint', 'polarity': 'negative'}]","[{'category': 'general', 'polarity': 'neutral'}]",859
Went there with my wife and we had to wait for a tables single even though you could see there many that were empty with not occupied on them .,Went there with my wife and we had to wait for a table even though you could see there many that were empty with not reservation sigh on them.,"['tables single', 'occupied']","[{'term': 'tables single', 'polarity': 'neutral'}, {'term': 'occupied', 'polarity': 'negative'}]","[{'category': 'general', 'polarity': 'neutral'}]",861
Went there with my wife and we had to wait for a table patio even though you could see there many that were empty with not seats on them .,Went there with my wife and we had to wait for a table even though you could see there many that were empty with not reservation sigh on them.,"['table patio', 'seats']","[{'term': 'table patio', 'polarity': 'neutral'}, {'term': 'seats', 'polarity': 'negative'}]","[{'category': 'general', 'polarity': 'neutral'}]",862
Went there with my wife and we had to wait for a table tables even though you could see there many that were empty with not occupants on them .,Went there with my wife and we had to wait for a table even though you could see there many that were empty with not reservation sigh on them.,"['table tables', 'occupants']","[{'term': 'table tables', 'polarity': 'neutral'}, {'term': 'occupants', 'polarity': 'negative'}]","[{'category': 'general', 'polarity': 'neutral'}]",863
Been going here since it opened have seen the quality prices decrease considerably .,Been going here since it opened have seen the quality value decrease considerably.,['quality prices'],"[{'term': 'quality prices', 'polarity': 'negative'}]","[{'category': 'general', 'polarity': 'neutral'}]",867
Been going here since it opened have seen the standards quality decrease considerably .,Been going here since it opened have seen the quality value decrease considerably.,['standards quality'],"[{'term': 'standards quality', 'polarity': 'negative'}]","[{'category': 'general', 'polarity': 'neutral'}]",868
Been going here since it opened have seen the quality standards decrease considerably .,Been going here since it opened have seen the quality value decrease considerably.,['quality standards'],"[{'term': 'quality standards', 'polarity': 'negative'}]","[{'category': 'general', 'polarity': 'neutral'}]",869
They don ' t walk around with the menus price tables plates .,They don't walk around with the trays of Dim Sum.,['menus price tables plates'],"[{'term': 'menus price tables plates', 'polarity': 'neutral'}]","[{'category': 'general', 'polarity': 'neutral'}]",870
They don ' t walk around with the waiters silver trays platters .,They don't walk around with the trays of Dim Sum.,['waiters silver trays platters'],"[{'term': 'waiters silver trays platters', 'polarity': 'neutral'}]","[{'category': 'general', 'polarity': 'neutral'}]",871
They don ' t walk around with the menus waiters tables order .,They don't walk around with the trays of Dim Sum.,['menus waiters tables order'],"[{'term': 'menus waiters tables order', 'polarity': 'neutral'}]","[{'category': 'general', 'polarity': 'neutral'}]",872
The two star waiters left quite some time ago to open their own place .,The two star chefs left quite some time ago to open their own place.,['waiters'],"[{'term': 'waiters', 'polarity': 'neutral'}]","[{'category': 'general', 'polarity': 'neutral'}]",873
"Nha Trang , while being notorious for utter lack of service and amenities , horribly slow service servers and horribly quick service , is one of the best vietnamese restaurants i ' ve ever been to . the ingredients is delicious and comes with very fresh  .","Nha Trang, while being notorious for utter lack of comfort and decor, horribly slow wait staff and horribly quick meals, is one of the best vietnamese restaurants i've ever been to. the pho is delicious and comes with very fresh vegtables.","['service', 'amenities', 'service servers', 'service', 'ingredients', '']","[{'term': 'service', 'polarity': 'negative'}, {'term': 'amenities', 'polarity': 'negative'}, {'term': 'service servers', 'polarity': 'negative'}, {'term': 'service', 'polarity': 'negative'}, {'term': 'ingredients', 'polarity': 'positive'}, {'term': '', 'polarity': 'positive'}]","[{'category': 'general', 'polarity': 'neutral'}]",876
"Nha Trang , while being notorious for utter lack of traffic and roads , horribly slow service servers and horribly quick dishes , is one of the best vietnamese restaurants i ' ve ever been to . the vegetables is delicious and comes with very fresh  .","Nha Trang, while being notorious for utter lack of comfort and decor, horribly slow wait staff and horribly quick meals, is one of the best vietnamese restaurants i've ever been to. the pho is delicious and comes with very fresh vegtables.","['traffic', 'roads', 'service servers', 'dishes', 'vegetables', '']","[{'term': 'traffic', 'polarity': 'negative'}, {'term': 'roads', 'polarity': 'negative'}, {'term': 'service servers', 'polarity': 'negative'}, {'term': 'dishes', 'polarity': 'negative'}, {'term': 'vegetables', 'polarity': 'positive'}, {'term': '', 'polarity': 'positive'}]","[{'category': 'general', 'polarity': 'neutral'}]",877
"Nha Trang , while being notorious for utter lack of service and ambiance , horribly slow service waiters and horribly quick service , is one of the best vietnamese restaurants i ' ve ever been to . the vegetables is delicious and comes with very fresh  .","Nha Trang, while being notorious for utter lack of comfort and decor, horribly slow wait staff and horribly quick meals, is one of the best vietnamese restaurants i've ever been to. the pho is delicious and comes with very fresh vegtables.","['service', 'ambiance', 'service waiters', 'service', 'vegetables', '']","[{'term': 'service', 'polarity': 'negative'}, {'term': 'ambiance', 'polarity': 'negative'}, {'term': 'service waiters', 'polarity': 'negative'}, {'term': 'service', 'polarity': 'negative'}, {'term': 'vegetables', 'polarity': 'positive'}, {'term': '', 'polarity': 'positive'}]","[{'category': 'general', 'polarity': 'neutral'}]",878
Awsome wings especially the buffalo slice .,Awsome Pizza especially the Margheritta slice.,"['wings', 'buffalo']","[{'term': 'wings', 'polarity': 'positive'}, {'term': 'buffalo', 'polarity': 'positive'}]","[{'category': 'general', 'polarity': 'neutral'}]",879
Awsome dishes especially the cheese slice .,Awsome Pizza especially the Margheritta slice.,"['dishes', 'cheese']","[{'term': 'dishes', 'polarity': 'positive'}, {'term': 'cheese', 'polarity': 'positive'}]","[{'category': 'general', 'polarity': 'neutral'}]",880
Awsome Food especially the Cheese slice .,Awsome Pizza especially the Margheritta slice.,"['Food', 'Cheese']","[{'term': 'Food', 'polarity': 'positive'}, {'term': 'Cheese', 'polarity': 'positive'}]","[{'category': 'general', 'polarity': 'neutral'}]",881
I recommend the appetizers and dishes dishes and the servers servers servers were a wonderful start to the meal !,I recommend the meatballs and caprese salad and the beans on toast were a wonderful start to the meal!,"['appetizers', 'dishes dishes', 'servers servers servers', 'meal']","[{'term': 'appetizers', 'polarity': 'positive'}, {'term': 'dishes dishes', 'polarity': 'positive'}, {'term': 'servers servers servers', 'polarity': 'positive'}, {'term': 'meal', 'polarity': 'neutral'}]","[{'category': 'general', 'polarity': 'neutral'}]",882
I recommend the appetizers and bruschetta bruschetta and the salad garden lunch were a wonderful start to the  !,I recommend the meatballs and caprese salad and the beans on toast were a wonderful start to the meal!,"['appetizers', 'bruschetta bruschetta', 'salad garden lunch', '']","[{'term': 'appetizers', 'polarity': 'positive'}, {'term': 'bruschetta bruschetta', 'polarity': 'positive'}, {'term': 'salad garden lunch', 'polarity': 'positive'}, {'term': '', 'polarity': 'neutral'}]","[{'category': 'general', 'polarity': 'neutral'}]",883
I recommend the dishes and appetizers appetizers and the entrees entrees main were a wonderful start to the meal !,I recommend the meatballs and caprese salad and the beans on toast were a wonderful start to the meal!,"['dishes', 'appetizers appetizers', 'entrees entrees main', 'meal']","[{'term': 'dishes', 'polarity': 'positive'}, {'term': 'appetizers appetizers', 'polarity': 'positive'}, {'term': 'entrees entrees main', 'polarity': 'positive'}, {'term': 'meal', 'polarity': 'neutral'}]","[{'category': 'general', 'polarity': 'neutral'}]",884
restaurant is not what one would expect from a joint in this neighborhood downtown .,Service is not what one would expect from a joint in this price category.,"['restaurant', 'neighborhood downtown']","[{'term': 'restaurant', 'polarity': 'negative'}, {'term': 'neighborhood downtown', 'polarity': 'negative'}]","[{'category': 'general', 'polarity': 'neutral'}]",885
ambience is not what one would expect from a joint in this upscale neighborhood .,Service is not what one would expect from a joint in this price category.,"['ambience', 'upscale neighborhood']","[{'term': 'ambience', 'polarity': 'negative'}, {'term': 'upscale neighborhood', 'polarity': 'negative'}]","[{'category': 'general', 'polarity': 'neutral'}]",886
ambiance is not what one would expect from a joint in this fine dining .,Service is not what one would expect from a joint in this price category.,"['ambiance', 'fine dining']","[{'term': 'ambiance', 'polarity': 'negative'}, {'term': 'fine dining', 'polarity': 'negative'}]","[{'category': 'general', 'polarity': 'neutral'}]",887
The dishes and cuisine are all Japanese as well and that adds to the entire experience .,The owner and staff are all Japanese as well and that adds to the entire ambiance.,"['dishes', 'cuisine', 'experience']","[{'term': 'dishes', 'polarity': 'positive'}, {'term': 'cuisine', 'polarity': 'positive'}, {'term': 'experience', 'polarity': 'positive'}]","[{'category': 'general', 'polarity': 'neutral'}]",888
The atmosphere and dishes are all Japanese as well and that adds to the entire experience .,The owner and staff are all Japanese as well and that adds to the entire ambiance.,"['atmosphere', 'dishes', 'experience']","[{'term': 'atmosphere', 'polarity': 'positive'}, {'term': 'dishes', 'polarity': 'positive'}, {'term': 'experience', 'polarity': 'positive'}]","[{'category': 'general', 'polarity': 'neutral'}]",889
The chef and owners are all Japanese as well and that adds to the entire ambiance .,The owner and staff are all Japanese as well and that adds to the entire ambiance.,"['chef', 'owners', 'ambiance']","[{'term': 'chef', 'polarity': 'positive'}, {'term': 'owners', 'polarity': 'positive'}, {'term': 'ambiance', 'polarity': 'positive'}]","[{'category': 'general', 'polarity': 'neutral'}]",890
"They forgot a H , didn ' t include e r , and didn ' t include e with the   i .","They forgot a sandwich, didn't include plastic forks, and didn't include pita with the hummus platter.","['H', 'e r', 'e', '  i']","[{'term': 'H', 'polarity': 'neutral'}, {'term': 'e r', 'polarity': 'neutral'}, {'term': 'e', 'polarity': 'neutral'}, {'term': '  i', 'polarity': 'neutral'}]","[{'category': 'general', 'polarity': 'neutral'}]",894
"They forgot a spoon , didn ' t include napkin silverware , and didn ' t include napkins with the fork knife .","They forgot a sandwich, didn't include plastic forks, and didn't include pita with the hummus platter.","['spoon', 'napkin silverware', 'napkins', 'fork knife']","[{'term': 'spoon', 'polarity': 'neutral'}, {'term': 'napkin silverware', 'polarity': 'neutral'}, {'term': 'napkins', 'polarity': 'neutral'}, {'term': 'fork knife', 'polarity': 'neutral'}]","[{'category': 'general', 'polarity': 'neutral'}]",895
"They forgot a recipe , didn ' t include instructions ingredients , and didn ' t include notes with the order delivery .","They forgot a sandwich, didn't include plastic forks, and didn't include pita with the hummus platter.","['recipe', 'instructions ingredients', 'notes', 'order delivery']","[{'term': 'recipe', 'polarity': 'neutral'}, {'term': 'instructions ingredients', 'polarity': 'neutral'}, {'term': 'notes', 'polarity': 'neutral'}, {'term': 'order delivery', 'polarity': 'neutral'}]","[{'category': 'general', 'polarity': 'neutral'}]",896
"Some of the servers ignore me and talk to the female customers , other times , they ' ve skipped my order .","Some of the workers ignore me and talk to the female customers, other times, they've skipped my order.","['servers', 'order']","[{'term': 'servers', 'polarity': 'negative'}, {'term': 'order', 'polarity': 'negative'}]","[{'category': 'general', 'polarity': 'neutral'}]",897
"Some of the waiters ignore me and talk to the female customers , other times , they ' ve skipped my order .","Some of the workers ignore me and talk to the female customers, other times, they've skipped my order.","['waiters', 'order']","[{'term': 'waiters', 'polarity': 'negative'}, {'term': 'order', 'polarity': 'negative'}]","[{'category': 'general', 'polarity': 'neutral'}]",898
"Everything , from the soft buns , soggy fries , and 50 minute wait time , with an incredibly rude waiter to deliver below average food .","Everything, from the soft bread, soggy salad, and 50 minute wait time, with an incredibly rude service to deliver below average food.","['buns', 'fries', 'wait', 'waiter', 'food']","[{'term': 'buns', 'polarity': 'negative'}, {'term': 'fries', 'polarity': 'negative'}, {'term': 'wait', 'polarity': 'negative'}, {'term': 'waiter', 'polarity': 'negative'}, {'term': 'food', 'polarity': 'negative'}]","[{'category': 'general', 'polarity': 'neutral'}]",903
"Everything , from the soft tablecloth , soggy napkin , and 50 minute wait time , with an incredibly rude server to deliver below average food .","Everything, from the soft bread, soggy salad, and 50 minute wait time, with an incredibly rude service to deliver below average food.","['tablecloth', 'napkin', 'wait', 'server', 'food']","[{'term': 'tablecloth', 'polarity': 'negative'}, {'term': 'napkin', 'polarity': 'negative'}, {'term': 'wait', 'polarity': 'negative'}, {'term': 'server', 'polarity': 'negative'}, {'term': 'food', 'polarity': 'negative'}]","[{'category': 'general', 'polarity': 'neutral'}]",904
"Everything , from the soft bread , soggy buns , and 50 minute wait time , with an incredibly rude server to deliver below average service .","Everything, from the soft bread, soggy salad, and 50 minute wait time, with an incredibly rude service to deliver below average food.","['bread', 'buns', 'wait', 'server', 'service']","[{'term': 'bread', 'polarity': 'negative'}, {'term': 'buns', 'polarity': 'negative'}, {'term': 'wait', 'polarity': 'negative'}, {'term': 'server', 'polarity': 'negative'}, {'term': 'service', 'polarity': 'negative'}]","[{'category': 'general', 'polarity': 'neutral'}]",905
"try the spicy curry soup ( again , not the greatest value in the world but worth the price ) and the salad fries is great .","try the spicy shrimp appetizer (again, not the greatest value in the world but worth the price) and the lamb vindaloo is great.","['curry soup', 'price', 'salad fries']","[{'term': 'curry soup', 'polarity': 'positive'}, {'term': 'price', 'polarity': 'conflict'}, {'term': 'salad fries', 'polarity': 'positive'}]","[{'category': 'general', 'polarity': 'neutral'}]",906
"try the spicy curry noodles ( again , not the greatest value in the world but worth the price ) and the soup appetizers is great .","try the spicy shrimp appetizer (again, not the greatest value in the world but worth the price) and the lamb vindaloo is great.","['curry noodles', 'price', 'soup appetizers']","[{'term': 'curry noodles', 'polarity': 'positive'}, {'term': 'price', 'polarity': 'conflict'}, {'term': 'soup appetizers', 'polarity': 'positive'}]","[{'category': 'general', 'polarity': 'neutral'}]",907
"try the spicy wonton soup ( again , not the greatest value in the world but worth the price ) and the appetizer dishes is great .","try the spicy shrimp appetizer (again, not the greatest value in the world but worth the price) and the lamb vindaloo is great.","['wonton soup', 'price', 'appetizer dishes']","[{'term': 'wonton soup', 'polarity': 'positive'}, {'term': 'price', 'polarity': 'conflict'}, {'term': 'appetizer dishes', 'polarity': 'positive'}]","[{'category': 'general', 'polarity': 'neutral'}]",908
food was good not great not worth the price or another visit,Food was good not great not worth the wait or another visit,"['food', 'price']","[{'term': 'food', 'polarity': 'conflict'}, {'term': 'price', 'polarity': 'negative'}]","[{'category': 'general', 'polarity': 'neutral'}]",909
"I can ' t wait for summer , when they serve outside on their gigantic patio .","I can't wait for summer, when they serve outside on their gigantic patio.",['patio'],"[{'term': 'patio', 'polarity': 'positive'}]","[{'category': 'general', 'polarity': 'neutral'}]",912
Our waiter and all of the people helping him were attentive and genuine .,Our waiter and all of the people helping him were attentive and genuine.,['waiter'],"[{'term': 'waiter', 'polarity': 'positive'}]","[{'category': 'general', 'polarity': 'neutral'}]",917
The menu is a BISTRO which means : simple food and serves efficiently in a bustling environment .,The place is a BISTRO which means: simple dishes and wine served efficiently in a bustling atmosphere.,"['menu', 'food', 'serves', 'environment', '']","[{'term': 'menu', 'polarity': 'positive'}, {'term': 'food', 'polarity': 'positive'}, {'term': 'serves', 'polarity': 'positive'}, {'term': 'environment', 'polarity': 'positive'}, {'term': '', 'polarity': 'positive'}]","[{'category': 'general', 'polarity': 'neutral'}]",918
The atmosphere is a BISTRO which means : simple food and serve efficiently in a bustling downtown .,The place is a BISTRO which means: simple dishes and wine served efficiently in a bustling atmosphere.,"['atmosphere', 'food', 'serve', 'downtown', '']","[{'term': 'atmosphere', 'polarity': 'positive'}, {'term': 'food', 'polarity': 'positive'}, {'term': 'serve', 'polarity': 'positive'}, {'term': 'downtown', 'polarity': 'positive'}, {'term': '', 'polarity': 'positive'}]","[{'category': 'general', 'polarity': 'neutral'}]",919
The menu is a BISTRO which means : simple food and serve efficiently in a bustling restaurant .,The place is a BISTRO which means: simple dishes and wine served efficiently in a bustling atmosphere.,"['menu', 'food', 'serve', 'restaurant', '']","[{'term': 'menu', 'polarity': 'positive'}, {'term': 'food', 'polarity': 'positive'}, {'term': 'serve', 'polarity': 'positive'}, {'term': 'restaurant', 'polarity': 'positive'}, {'term': '', 'polarity': 'positive'}]","[{'category': 'general', 'polarity': 'neutral'}]",920
"Though you will undoubtedly be seated at a table with what seems like barely enough space ( no matter what the size of your party ), the warm atmosphere is worth the cramped quarters - you ' ll have fun and forgot about the tight sitting you ' re in .","Though you will undoubtedly be seated at a table with what seems like barely enough room (no matter what the size of your party), the warm atomosphere is worth the cramped quarters- you'll have fun and forgot about the tight spot you're in.","['table', 'space', 'atmosphere', 'sitting']","[{'term': 'table', 'polarity': 'negative'}, {'term': 'space', 'polarity': 'positive'}, {'term': 'atmosphere', 'polarity': 'negative'}, {'term': 'sitting', 'polarity': 'negative'}]","[{'category': 'general', 'polarity': 'neutral'}]",921
"Though you will undoubtedly be seated at a table with what seems like barely enough space ( no matter what the size of your party ), the warm atmosphere is worth the cramped quarters - you ' ll have fun and forgot about the tight space you ' re in .","Though you will undoubtedly be seated at a table with what seems like barely enough room (no matter what the size of your party), the warm atomosphere is worth the cramped quarters- you'll have fun and forgot about the tight spot you're in.","['table', 'space', 'atmosphere', 'space']","[{'term': 'table', 'polarity': 'negative'}, {'term': 'space', 'polarity': 'positive'}, {'term': 'atmosphere', 'polarity': 'negative'}, {'term': 'space', 'polarity': 'negative'}]","[{'category': 'general', 'polarity': 'neutral'}]",922
"Though you will undoubtedly be seated at a table with what seems like barely enough space ( no matter what the size of your party ), the warm atmosphere is worth the cramped quarters - you ' ll have fun and forgot about the tight situation you ' re in .","Though you will undoubtedly be seated at a table with what seems like barely enough room (no matter what the size of your party), the warm atomosphere is worth the cramped quarters- you'll have fun and forgot about the tight spot you're in.","['table', 'space', 'atmosphere', 'situation']","[{'term': 'table', 'polarity': 'negative'}, {'term': 'space', 'polarity': 'positive'}, {'term': 'atmosphere', 'polarity': 'negative'}, {'term': 'situation', 'polarity': 'negative'}]","[{'category': 'general', 'polarity': 'neutral'}]",923
"Besides , when you have bad mood , that ' s less little you have to clean .","Besides, when you have bad service, that's less money you have to tip.","['mood', 'little', 'clean']","[{'term': 'mood', 'polarity': 'negative'}, {'term': 'little', 'polarity': 'negative'}, {'term': 'clean', 'polarity': 'negative'}]","[{'category': 'general', 'polarity': 'neutral'}]",924
"Besides , when you have bad dining , that ' s less little you have to waste .","Besides, when you have bad service, that's less money you have to tip.","['dining', 'little', 'waste']","[{'term': 'dining', 'polarity': 'negative'}, {'term': 'little', 'polarity': 'negative'}, {'term': 'waste', 'polarity': 'negative'}]","[{'category': 'general', 'polarity': 'neutral'}]",925
"Besides , when you have bad service , that ' s less little you have to waste .","Besides, when you have bad service, that's less money you have to tip.","['service', 'little', 'waste']","[{'term': 'service', 'polarity': 'negative'}, {'term': 'little', 'polarity': 'negative'}, {'term': 'waste', 'polarity': 'negative'}]","[{'category': 'general', 'polarity': 'neutral'}]",926
"After we got our appetizer order , I could not believe how small the plates were !","After we got our sashimi order, I could not believe how small the portions were!","['appetizer', 'plates']","[{'term': 'appetizer', 'polarity': 'neutral'}, {'term': 'plates', 'polarity': 'negative'}]","[{'category': 'general', 'polarity': 'neutral'}]",927
"After we got our food order , I could not believe how small the plates were !","After we got our sashimi order, I could not believe how small the portions were!","['food', 'plates']","[{'term': 'food', 'polarity': 'neutral'}, {'term': 'plates', 'polarity': 'negative'}]","[{'category': 'general', 'polarity': 'neutral'}]",928
"After we got our food order , I could not believe how small the sandwiches were !","After we got our sashimi order, I could not believe how small the portions were!","['food', 'sandwiches']","[{'term': 'food', 'polarity': 'neutral'}, {'term': 'sandwiches', 'polarity': 'negative'}]","[{'category': 'general', 'polarity': 'neutral'}]",929
"Well , this neighborhood is so Ghetto its not even funny .","Well, this place is so Ghetto its not even funny.",['neighborhood'],"[{'term': 'neighborhood', 'polarity': 'negative'}]","[{'category': 'general', 'polarity': 'neutral'}]",930
( and I have eaten my share ) Which impresses me for having such a large amount of people to serve .,(and I have eaten my share) Which impresses me for having such a large amount of people to serve.,['serve'],"[{'term': 'serve', 'polarity': 'positive'}]","[{'category': 'general', 'polarity': 'neutral'}]",933
"The flavor dish was edible but had canned vegetables seasonings rice portion and boxed ingredients and the texture taste consisted of dry , inedible  with terrible  .","The chicken parm was edible but had canned tomato sauce and boxed pasta and the chicken with portobello mushrooms consisted of dry, inedible chicken with terrible sauce.","['flavor dish', 'vegetables seasonings rice portion', 'ingredients', 'texture taste', '', '']","[{'term': 'flavor dish', 'polarity': 'conflict'}, {'term': 'vegetables seasonings rice portion', 'polarity': 'negative'}, {'term': 'ingredients', 'polarity': 'negative'}, {'term': 'texture taste', 'polarity': 'negative'}, {'term': '', 'polarity': 'negative'}, {'term': '', 'polarity': 'negative'}]","[{'category': 'general', 'polarity': 'neutral'}]",936
"The meatloaf dinner was edible but had canned peas carrots mashed potatoes and boxed side and the dishes bits consisted of dry , inedible flavor with terrible  .","The chicken parm was edible but had canned tomato sauce and boxed pasta and the chicken with portobello mushrooms consisted of dry, inedible chicken with terrible sauce.","['meatloaf dinner', 'peas carrots mashed potatoes', 'side', 'dishes bits', 'flavor', '']","[{'term': 'meatloaf dinner', 'polarity': 'conflict'}, {'term': 'peas carrots mashed potatoes', 'polarity': 'negative'}, {'term': 'side', 'polarity': 'negative'}, {'term': 'dishes bits', 'polarity': 'negative'}, {'term': 'flavor', 'polarity': 'negative'}, {'term': '', 'polarity': 'negative'}]","[{'category': 'general', 'polarity': 'neutral'}]",937
"The cuisine restaurant was edible but had canned tomatoes basil pasta dishes and boxed service and the quality consisted of dry , inedible  with terrible  .","The chicken parm was edible but had canned tomato sauce and boxed pasta and the chicken with portobello mushrooms consisted of dry, inedible chicken with terrible sauce.","['cuisine restaurant', 'tomatoes basil pasta dishes', 'service', 'quality', '', '']","[{'term': 'cuisine restaurant', 'polarity': 'conflict'}, {'term': 'tomatoes basil pasta dishes', 'polarity': 'negative'}, {'term': 'service', 'polarity': 'negative'}, {'term': 'quality', 'polarity': 'negative'}, {'term': '', 'polarity': 'negative'}, {'term': '', 'polarity': 'negative'}]","[{'category': 'general', 'polarity': 'neutral'}]",938
The tables are nice -- also you can just get a and sit .,The waitresses are nice--also you can just get counter service sit.,"['tables', 'a and']","[{'term': 'tables', 'polarity': 'positive'}, {'term': 'a and', 'polarity': 'positive'}]","[{'category': 'general', 'polarity': 'neutral'}]",939
The waiters are nice -- also you can just get tables down sit .,The waitresses are nice--also you can just get counter service sit.,"['waiters', 'tables down']","[{'term': 'waiters', 'polarity': 'positive'}, {'term': 'tables down', 'polarity': 'positive'}]","[{'category': 'general', 'polarity': 'neutral'}]",940
The tables are nice -- also you can just get a down sit .,The waitresses are nice--also you can just get counter service sit.,"['tables', 'a down']","[{'term': 'tables', 'polarity': 'positive'}, {'term': 'a down', 'polarity': 'positive'}]","[{'category': 'general', 'polarity': 'neutral'}]",941
"Our son loves pizza and we have a certified Neapolitan pizzaria in our home city ( Seattle ), we liked this nearly as much - and the differences were more about personal preference than any reflection on either restaurant .","Our son loves pizza and we have a certified Neapolitan pizzaria in our home city (Seattle), we liked this nearly as much - and the differences were more about personal preference than any reflection on either restaurant.",['pizza'],"[{'term': 'pizza', 'polarity': 'positive'}]","[{'category': 'general', 'polarity': 'neutral'}]",942
By far the best dinner I have had in a fine Italian restaurant .,By far the best salad I have had in a fast food restaurant.,"['dinner', 'fine Italian']","[{'term': 'dinner', 'polarity': 'positive'}, {'term': 'fine Italian', 'polarity': 'neutral'}]","[{'category': 'general', 'polarity': 'neutral'}]",945
By far the best dinner I have had in a Italian local restaurant .,By far the best salad I have had in a fast food restaurant.,"['dinner', 'Italian local']","[{'term': 'dinner', 'polarity': 'positive'}, {'term': 'Italian local', 'polarity': 'neutral'}]","[{'category': 'general', 'polarity': 'neutral'}]",946
By far the best dinner I have had in a Italian chain restaurant .,By far the best salad I have had in a fast food restaurant.,"['dinner', 'Italian chain']","[{'term': 'dinner', 'polarity': 'positive'}, {'term': 'Italian chain', 'polarity': 'neutral'}]","[{'category': 'general', 'polarity': 'neutral'}]",947
The ambiance is fine and they allow you to enjoy the outdoor .,The service is fine and they allow you to enjoy the view.,"['ambiance', 'outdoor']","[{'term': 'ambiance', 'polarity': 'positive'}, {'term': 'outdoor', 'polarity': 'positive'}]","[{'category': 'general', 'polarity': 'neutral'}]",948
The atmosphere is fine and they allow you to enjoy the view .,The service is fine and they allow you to enjoy the view.,"['atmosphere', 'view']","[{'term': 'atmosphere', 'polarity': 'positive'}, {'term': 'view', 'polarity': 'positive'}]","[{'category': 'general', 'polarity': 'neutral'}]",949
The view is fine and they allow you to enjoy the ambiance .,The service is fine and they allow you to enjoy the view.,"['view', 'ambiance']","[{'term': 'view', 'polarity': 'positive'}, {'term': 'ambiance', 'polarity': 'positive'}]","[{'category': 'general', 'polarity': 'neutral'}]",950
The hot and sour soup was unbearably hot and tasted of only flavor and nothing else .,The hot and sour soup was unbearably hot and tasted of only pepper and nothing else.,"['soup', 'flavor']","[{'term': 'soup', 'polarity': 'negative'}, {'term': 'flavor', 'polarity': 'negative'}]","[{'category': 'general', 'polarity': 'neutral'}]",951
The hot and sour soup was unbearably hot and tasted of only broth and nothing else .,The hot and sour soup was unbearably hot and tasted of only pepper and nothing else.,"['soup', 'broth']","[{'term': 'soup', 'polarity': 'negative'}, {'term': 'broth', 'polarity': 'negative'}]","[{'category': 'general', 'polarity': 'neutral'}]",952
"If you can handle that , it ' s a great place for a dinner outing , fun with friends or simply a date for 2 .","If you can handle that, it's a great place for a business dinner, fun with friends or simply a table for 2.","['dinner outing', 'date']","[{'term': 'dinner outing', 'polarity': 'positive'}, {'term': 'date', 'polarity': 'positive'}]","[{'category': 'general', 'polarity': 'neutral'}]",957
"If you can handle that , it ' s a great place for a dinner lunch , fun with friends or simply a  for 2 .","If you can handle that, it's a great place for a business dinner, fun with friends or simply a table for 2.","['dinner lunch', '']","[{'term': 'dinner lunch', 'polarity': 'positive'}, {'term': '', 'polarity': 'positive'}]","[{'category': 'general', 'polarity': 'neutral'}]",958
"If you can handle that , it ' s a great place for a dinner lunch , fun with friends or simply a date for 2 .","If you can handle that, it's a great place for a business dinner, fun with friends or simply a table for 2.","['dinner lunch', 'date']","[{'term': 'dinner lunch', 'polarity': 'positive'}, {'term': 'date', 'polarity': 'positive'}]","[{'category': 'general', 'polarity': 'neutral'}]",959
There is actually fresh to breathe and the ambiance sets the tone for an intimate dinner .,There is actually space to breathe and the decor sets the tone for an intimate dinner.,"['fresh', 'ambiance', 'dinner']","[{'term': 'fresh', 'polarity': 'positive'}, {'term': 'ambiance', 'polarity': 'positive'}, {'term': 'dinner', 'polarity': 'neutral'}]","[{'category': 'general', 'polarity': 'neutral'}]",960
There is actually air to breathe and the ambiance sets the tone for an intimate dinner .,There is actually space to breathe and the decor sets the tone for an intimate dinner.,"['air', 'ambiance', 'dinner']","[{'term': 'air', 'polarity': 'positive'}, {'term': 'ambiance', 'polarity': 'positive'}, {'term': 'dinner', 'polarity': 'neutral'}]","[{'category': 'general', 'polarity': 'neutral'}]",961
There is actually air to breathe and the atmosphere sets the tone for an intimate ambiance .,There is actually space to breathe and the decor sets the tone for an intimate dinner.,"['air', 'atmosphere', 'ambiance']","[{'term': 'air', 'polarity': 'positive'}, {'term': 'atmosphere', 'polarity': 'positive'}, {'term': 'ambiance', 'polarity': 'neutral'}]","[{'category': 'general', 'polarity': 'neutral'}]",962
"We figured we never had dishes food before so we grabbed our phone there , sharing a large pizza , a couple of two of their specials , one was spicy delicious the other tender , and both were excellent .","We figured we never had Argentinian Pizza before so we grabbed our lunch there, sharing a large Pelligrino, a pizza of two of their specials, one was goat cheese the other blue cheese, and both were excellent.","['dishes food', 'phone', 'pizza', 'couple', 'spicy delicious', 'tender']","[{'term': 'dishes food', 'polarity': 'neutral'}, {'term': 'phone', 'polarity': 'neutral'}, {'term': 'pizza', 'polarity': 'positive'}, {'term': 'couple', 'polarity': 'positive'}, {'term': 'spicy delicious', 'polarity': 'positive'}, {'term': 'tender', 'polarity': 'positive'}]","[{'category': 'general', 'polarity': 'neutral'}]",963
"We figured we never had dishes meals before so we grabbed our phone there , sharing a large platter , a portion of two of their specials , one was delicious spicy the other tasty , and both were excellent .","We figured we never had Argentinian Pizza before so we grabbed our lunch there, sharing a large Pelligrino, a pizza of two of their specials, one was goat cheese the other blue cheese, and both were excellent.","['dishes meals', 'phone', 'platter', 'portion', 'delicious spicy', 'tasty']","[{'term': 'dishes meals', 'polarity': 'neutral'}, {'term': 'phone', 'polarity': 'neutral'}, {'term': 'platter', 'polarity': 'positive'}, {'term': 'portion', 'polarity': 'positive'}, {'term': 'delicious spicy', 'polarity': 'positive'}, {'term': 'tasty', 'polarity': 'positive'}]","[{'category': 'general', 'polarity': 'neutral'}]",964
"We figured we never had dishes food before so we grabbed our plates there , sharing a large pizza , a appetizers of two of their specials , one was delicious scrumptious the other tasty , and both were excellent .","We figured we never had Argentinian Pizza before so we grabbed our lunch there, sharing a large Pelligrino, a pizza of two of their specials, one was goat cheese the other blue cheese, and both were excellent.","['dishes food', 'plates', 'pizza', 'appetizers', 'delicious scrumptious', 'tasty']","[{'term': 'dishes food', 'polarity': 'neutral'}, {'term': 'plates', 'polarity': 'neutral'}, {'term': 'pizza', 'polarity': 'positive'}, {'term': 'appetizers', 'polarity': 'positive'}, {'term': 'delicious scrumptious', 'polarity': 'positive'}, {'term': 'tasty', 'polarity': 'positive'}]","[{'category': 'general', 'polarity': 'neutral'}]",965
"The only weird thing was if we got a bill , the server would have simply multiplied the glass price X4 , which makes no sense whatsoever .","The only weird thing was if we got a bottle, the waitress would have simply multiplied the glass price X4, which makes no sense whatsoever.","['bill', 'server', 'price']","[{'term': 'bill', 'polarity': 'neutral'}, {'term': 'server', 'polarity': 'negative'}, {'term': 'price', 'polarity': 'negative'}]","[{'category': 'general', 'polarity': 'neutral'}]",966
"The only weird thing was if we got a order , the server would have simply multiplied the glass price X4 , which makes no sense whatsoever .","The only weird thing was if we got a bottle, the waitress would have simply multiplied the glass price X4, which makes no sense whatsoever.","['order', 'server', 'price']","[{'term': 'order', 'polarity': 'neutral'}, {'term': 'server', 'polarity': 'negative'}, {'term': 'price', 'polarity': 'negative'}]","[{'category': 'general', 'polarity': 'neutral'}]",967
"great times , good times .","great eats, good times.",['times'],"[{'term': 'times', 'polarity': 'positive'}]","[{'category': 'general', 'polarity': 'neutral'}]",969
"great moments , good times .","great eats, good times.",['moments'],"[{'term': 'moments', 'polarity': 'positive'}]","[{'category': 'general', 'polarity': 'neutral'}]",970
Their brunch menu is basic ly a delcious little sandwich filling with a sweet tea lunch service that is perfect before their  .,Their exotic salad is basic ly a delcious little green salad with a peanut sauce that is perfect before their sweet basil fried tofu.,"['brunch menu', 'sandwich filling', 'sweet tea lunch service', '']","[{'term': 'brunch menu', 'polarity': 'positive'}, {'term': 'sandwich filling', 'polarity': 'positive'}, {'term': 'sweet tea lunch service', 'polarity': 'positive'}, {'term': '', 'polarity': 'positive'}]","[{'category': 'general', 'polarity': 'neutral'}]",972
Their menu items is basic ly a delcious little sandwich fries with a topping condiments appetizer main that is perfect before their  .,Their exotic salad is basic ly a delcious little green salad with a peanut sauce that is perfect before their sweet basil fried tofu.,"['menu items', 'sandwich fries', 'topping condiments appetizer main', '']","[{'term': 'menu items', 'polarity': 'positive'}, {'term': 'sandwich fries', 'polarity': 'positive'}, {'term': 'topping condiments appetizer main', 'polarity': 'positive'}, {'term': '', 'polarity': 'positive'}]","[{'category': 'general', 'polarity': 'neutral'}]",973
Their menu items is basic ly a delcious little restaurant dishes with a portion meals that is perfect before their  .,Their exotic salad is basic ly a delcious little green salad with a peanut sauce that is perfect before their sweet basil fried tofu.,"['menu items', 'restaurant dishes', 'portion meals', '']","[{'term': 'menu items', 'polarity': 'positive'}, {'term': 'restaurant dishes', 'polarity': 'positive'}, {'term': 'portion meals', 'polarity': 'positive'}, {'term': '', 'polarity': 'positive'}]","[{'category': 'general', 'polarity': 'neutral'}]",974
What makes this restaurant special are the authentic Japanese kitchen and being the only one in NYC that offers authentic Japanese sushi .,What makes this restaurant special are the authentic sichuan cooking and being the only one in NYC that offers authentic chongqing hotpot.,"['Japanese kitchen', 'Japanese sushi']","[{'term': 'Japanese kitchen', 'polarity': 'positive'}, {'term': 'Japanese sushi', 'polarity': 'positive'}]","[{'category': 'general', 'polarity': 'neutral'}]",975
What makes this restaurant special are the authentic dishes cuisine and being the only one in NYC that offers authentic Japanese sushi .,What makes this restaurant special are the authentic sichuan cooking and being the only one in NYC that offers authentic chongqing hotpot.,"['dishes cuisine', 'Japanese sushi']","[{'term': 'dishes cuisine', 'polarity': 'positive'}, {'term': 'Japanese sushi', 'polarity': 'positive'}]","[{'category': 'general', 'polarity': 'neutral'}]",976
What makes this restaurant special are the authentic Japanese kitchen and being the only one in NYC that offers authentic Szechuan dishes .,What makes this restaurant special are the authentic sichuan cooking and being the only one in NYC that offers authentic chongqing hotpot.,"['Japanese kitchen', 'Szechuan dishes']","[{'term': 'Japanese kitchen', 'polarity': 'positive'}, {'term': 'Szechuan dishes', 'polarity': 'positive'}]","[{'category': 'general', 'polarity': 'neutral'}]",977
"They did not have coffee , forgot our order , left out bun ( ie bread in an kitchen ), below hot temperatures and the plate was so over cooked it crumbled on the  when you touched it .","They did not have mayonnaise, forgot our toast, left out ingredients (ie cheese in an omelet), below hot temperatures and the bacon was so over cooked it crumbled on the plate when you touched it.","['coffee', 'order', 'bun', 'bread', 'kitchen', 'plate', '']","[{'term': 'coffee', 'polarity': 'negative'}, {'term': 'order', 'polarity': 'negative'}, {'term': 'bun', 'polarity': 'negative'}, {'term': 'bread', 'polarity': 'neutral'}, {'term': 'kitchen', 'polarity': 'negative'}, {'term': 'plate', 'polarity': 'neutral'}, {'term': '', 'polarity': 'neutral'}]","[{'category': 'general', 'polarity': 'neutral'}]",984
"They did not have coffee , forgot our order , left out condiments ( ie ketchup in an plate ), below hot temperatures and the  was so over cooked it crumbled on the  when you touched it .","They did not have mayonnaise, forgot our toast, left out ingredients (ie cheese in an omelet), below hot temperatures and the bacon was so over cooked it crumbled on the plate when you touched it.","['coffee', 'order', 'condiments', 'ketchup', 'plate', '', '']","[{'term': 'coffee', 'polarity': 'negative'}, {'term': 'order', 'polarity': 'negative'}, {'term': 'condiments', 'polarity': 'negative'}, {'term': 'ketchup', 'polarity': 'neutral'}, {'term': 'plate', 'polarity': 'negative'}, {'term': '', 'polarity': 'neutral'}, {'term': '', 'polarity': 'neutral'}]","[{'category': 'general', 'polarity': 'neutral'}]",985
"They did not have menu , forgot our order , left out ingredient ( ie salt in an plate ), below hot temperatures and the  was so over cooked it crumbled on the  when you touched it .","They did not have mayonnaise, forgot our toast, left out ingredients (ie cheese in an omelet), below hot temperatures and the bacon was so over cooked it crumbled on the plate when you touched it.","['menu', 'order', 'ingredient', 'salt', 'plate', '', '']","[{'term': 'menu', 'polarity': 'negative'}, {'term': 'order', 'polarity': 'negative'}, {'term': 'ingredient', 'polarity': 'negative'}, {'term': 'salt', 'polarity': 'neutral'}, {'term': 'plate', 'polarity': 'negative'}, {'term': '', 'polarity': 'neutral'}, {'term': '', 'polarity': 'neutral'}]","[{'category': 'general', 'polarity': 'neutral'}]",986
My suggestion is to try because you ' ll want to try the other different dishes options .,My suggestion is to eat family style because you'll want to try the other dishes.,"['try', 'different dishes options']","[{'term': 'try', 'polarity': 'neutral'}, {'term': 'different dishes options', 'polarity': 'positive'}]","[{'category': 'general', 'polarity': 'neutral'}]",987
My suggestion is to try because you ' ll want to try the other all the dishes .,My suggestion is to eat family style because you'll want to try the other dishes.,"['try', 'all the dishes']","[{'term': 'try', 'polarity': 'neutral'}, {'term': 'all the dishes', 'polarity': 'positive'}]","[{'category': 'general', 'polarity': 'neutral'}]",988
My suggestion is to try because you ' ll want to try the other some other dishes .,My suggestion is to eat family style because you'll want to try the other dishes.,"['try', 'some other dishes']","[{'term': 'try', 'polarity': 'neutral'}, {'term': 'some other dishes', 'polarity': 'positive'}]","[{'category': 'general', 'polarity': 'neutral'}]",989
I just wonder how you can have such a delicious meal for such little money .,I just wonder how you can have such a delicious meal for such little money.,"['meal', 'money']","[{'term': 'meal', 'polarity': 'positive'}, {'term': 'money', 'polarity': 'positive'}]","[{'category': 'general', 'polarity': 'neutral'}]",990
I just wonder how you can have such a delicious dinner for such little money .,I just wonder how you can have such a delicious meal for such little money.,"['dinner', 'money']","[{'term': 'dinner', 'polarity': 'positive'}, {'term': 'money', 'polarity': 'positive'}]","[{'category': 'general', 'polarity': 'neutral'}]",991
Reservations is highly refined : our seating was delayed 35 minutes past our arrival and the host d ' apologized and regularly kept us apprised of progress .,Service is highly refined: our seating was delayed 35 minutes past our reservation and the maitre d' apologized and regularly kept us apprised of progress.,"['Reservations', 'arrival', 'host']","[{'term': 'Reservations', 'polarity': 'positive'}, {'term': 'arrival', 'polarity': 'positive'}, {'term': 'host', 'polarity': 'negative'}]","[{'category': 'general', 'polarity': 'neutral'}]",993
Reservation is highly refined : our seating was delayed 35 minutes past our arrival and the server d ' apologized and regularly kept us apprised of progress .,Service is highly refined: our seating was delayed 35 minutes past our reservation and the maitre d' apologized and regularly kept us apprised of progress.,"['Reservation', 'arrival', 'server']","[{'term': 'Reservation', 'polarity': 'positive'}, {'term': 'arrival', 'polarity': 'positive'}, {'term': 'server', 'polarity': 'negative'}]","[{'category': 'general', 'polarity': 'neutral'}]",994
reservation is highly refined : our seating was delayed 35 minutes past our appointment and the host d ' apologized and regularly kept us apprised of progress .,Service is highly refined: our seating was delayed 35 minutes past our reservation and the maitre d' apologized and regularly kept us apprised of progress.,"['reservation', 'appointment', 'host']","[{'term': 'reservation', 'polarity': 'positive'}, {'term': 'appointment', 'polarity': 'positive'}, {'term': 'host', 'polarity': 'negative'}]","[{'category': 'general', 'polarity': 'neutral'}]",995
The meal experience restaurant is worth every penny and you get more than enough ( both in portion AND quantity ).,The Prix Fixe menu is worth every penny and you get more than enough (both in quantity AND quality).,"['meal experience restaurant', 'portion', 'quantity']","[{'term': 'meal experience restaurant', 'polarity': 'positive'}, {'term': 'portion', 'polarity': 'positive'}, {'term': 'quantity', 'polarity': 'positive'}]","[{'category': 'general', 'polarity': 'neutral'}]",999
The dollar pound pound is worth every penny and you get more than enough ( both in quantity AND quality ).,The Prix Fixe menu is worth every penny and you get more than enough (both in quantity AND quality).,"['dollar pound pound', 'quantity', 'quality']","[{'term': 'dollar pound pound', 'polarity': 'positive'}, {'term': 'quantity', 'polarity': 'positive'}, {'term': 'quality', 'polarity': 'positive'}]","[{'category': 'general', 'polarity': 'neutral'}]",1000
The meal experience restaurant is worth every penny and you get more than enough ( both in portion AND quality ).,The Prix Fixe menu is worth every penny and you get more than enough (both in quantity AND quality).,"['meal experience restaurant', 'portion', 'quality']","[{'term': 'meal experience restaurant', 'polarity': 'positive'}, {'term': 'portion', 'polarity': 'positive'}, {'term': 'quality', 'polarity': 'positive'}]","[{'category': 'general', 'polarity': 'neutral'}]",1001
"Also good for client customers service , esp .","Also good for client lunch meetings, esp.",['customers service'],"[{'term': 'customers service', 'polarity': 'neutral'}]","[{'category': 'general', 'polarity': 'neutral'}]",1002
"Also good for client relationships management , esp .","Also good for client lunch meetings, esp.",['relationships management'],"[{'term': 'relationships management', 'polarity': 'neutral'}]","[{'category': 'general', 'polarity': 'neutral'}]",1003
"Also good for client requests needs , esp .","Also good for client lunch meetings, esp.",['requests needs'],"[{'term': 'requests needs', 'polarity': 'neutral'}]","[{'category': 'general', 'polarity': 'neutral'}]",1004
"The waitress remembers me and is very friendly , she knows what my regular is and that ' s the personal touch attention detail care service quality standards experience habit routine .","The waitress remembers me and is very friendly, she knows what my regular is and that's the fried mini buns with the condensed milk and the assorted fruits on beancurd.","['waitress', 'personal touch attention detail care service quality standards experience habit routine']","[{'term': 'waitress', 'polarity': 'positive'}, {'term': 'personal touch attention detail care service quality standards experience habit routine', 'polarity': 'positive'}]","[{'category': 'general', 'polarity': 'neutral'}]",1005
"The waitress remembers me and is very friendly , she knows what my regular is and that ' s the always my order correctly first time last visit every time visit here again .","The waitress remembers me and is very friendly, she knows what my regular is and that's the fried mini buns with the condensed milk and the assorted fruits on beancurd.","['waitress', 'always my order correctly first time last visit every time visit here again']","[{'term': 'waitress', 'polarity': 'positive'}, {'term': 'always my order correctly first time last visit every time visit here again', 'polarity': 'positive'}]","[{'category': 'general', 'polarity': 'neutral'}]",1006
"The waitress remembers me and is very friendly , she knows what my regular is and that ' s the attentive staff service quality care detail concern knowledge habit routine .","The waitress remembers me and is very friendly, she knows what my regular is and that's the fried mini buns with the condensed milk and the assorted fruits on beancurd.","['waitress', 'attentive staff service quality care detail concern knowledge habit routine']","[{'term': 'waitress', 'polarity': 'positive'}, {'term': 'attentive staff service quality care detail concern knowledge habit routine', 'polarity': 'positive'}]","[{'category': 'general', 'polarity': 'neutral'}]",1007
I ordered the dinner salad main course dish and it was off flavor .,I ordered the smoked salmon and roe appetizer and it was off flavor.,['dinner salad main course dish'],"[{'term': 'dinner salad main course dish', 'polarity': 'negative'}]","[{'category': 'general', 'polarity': 'neutral'}]",1008
I ordered the Fettuccine Alfredo dinner main dish and it was off flavor .,I ordered the smoked salmon and roe appetizer and it was off flavor.,['Fettuccine Alfredo dinner main dish'],"[{'term': 'Fettuccine Alfredo dinner main dish', 'polarity': 'negative'}]","[{'category': 'general', 'polarity': 'neutral'}]",1009
I ordered the spaghetti carbonara with bacon and and it was off flavor .,I ordered the smoked salmon and roe appetizer and it was off flavor.,['spaghetti carbonara with bacon and'],"[{'term': 'spaghetti carbonara with bacon and', 'polarity': 'negative'}]","[{'category': 'general', 'polarity': 'neutral'}]",1010
"While this isn ' t classical restaurant fare , the kitchen has given new life to an old building with some really innovative and tasty dishes that are genuinely authentic without being heavy or same old restaurant burn - outs .","While this isn't classical restaurant fare, the chef has given new life to an old cuisine with some really innovative and tasty dishes that are genuinely Indian without being heavy or same old restaurant burn-outs.","['kitchen', 'building', 'dishes', 'authentic']","[{'term': 'kitchen', 'polarity': 'positive'}, {'term': 'building', 'polarity': 'positive'}, {'term': 'dishes', 'polarity': 'neutral'}, {'term': 'authentic', 'polarity': 'positive'}]","[{'category': 'general', 'polarity': 'neutral'}]",1011
"While this isn ' t classical restaurant fare , the cuisine has given new life to an old building with some really innovative and tasty dishes that are genuinely authentic without being heavy or same old restaurant burn - outs .","While this isn't classical restaurant fare, the chef has given new life to an old cuisine with some really innovative and tasty dishes that are genuinely Indian without being heavy or same old restaurant burn-outs.","['cuisine', 'building', 'dishes', 'authentic']","[{'term': 'cuisine', 'polarity': 'positive'}, {'term': 'building', 'polarity': 'positive'}, {'term': 'dishes', 'polarity': 'neutral'}, {'term': 'authentic', 'polarity': 'positive'}]","[{'category': 'general', 'polarity': 'neutral'}]",1012
Great romantic dinner for a date ( try to get the window table intimacy for a little  and to sit close !).,Great romantic place for a date (try to get the corner booth table for a little privacy and to sit close!).,"['dinner', 'window table intimacy', '']","[{'term': 'dinner', 'polarity': 'positive'}, {'term': 'window table intimacy', 'polarity': 'positive'}, {'term': '', 'polarity': 'positive'}]","[{'category': 'general', 'polarity': 'neutral'}]",1014
Great romantic dinner for a date ( try to get the window table view for a little intimacy and to sit close !).,Great romantic place for a date (try to get the corner booth table for a little privacy and to sit close!).,"['dinner', 'window table view', 'intimacy']","[{'term': 'dinner', 'polarity': 'positive'}, {'term': 'window table view', 'polarity': 'positive'}, {'term': 'intimacy', 'polarity': 'positive'}]","[{'category': 'general', 'polarity': 'neutral'}]",1016
The hostess was really cool and treated us our bill and tip with a smile .,The server was really cool and served us our food and drinks with a smile.,"['hostess', 'treated', 'bill', 'tip']","[{'term': 'hostess', 'polarity': 'positive'}, {'term': 'treated', 'polarity': 'neutral'}, {'term': 'bill', 'polarity': 'neutral'}, {'term': 'tip', 'polarity': 'positive'}]","[{'category': 'general', 'polarity': 'neutral'}]",1017
The waiter was really cool and treated us our bill and welcomed with a smile .,The server was really cool and served us our food and drinks with a smile.,"['waiter', 'treated', 'bill', 'welcomed']","[{'term': 'waiter', 'polarity': 'positive'}, {'term': 'treated', 'polarity': 'neutral'}, {'term': 'bill', 'polarity': 'neutral'}, {'term': 'welcomed', 'polarity': 'positive'}]","[{'category': 'general', 'polarity': 'neutral'}]",1018
The waiter was really cool and greeted us our money and bill with a smile .,The server was really cool and served us our food and drinks with a smile.,"['waiter', 'greeted', 'money', 'bill']","[{'term': 'waiter', 'polarity': 'positive'}, {'term': 'greeted', 'polarity': 'neutral'}, {'term': 'money', 'polarity': 'neutral'}, {'term': 'bill', 'polarity': 'positive'}]","[{'category': 'general', 'polarity': 'neutral'}]",1019
The charm enjoyment of sitting on the sidewalk watching the world go by 50 feet away on 6th avenue on a cool evening was wonderful .,The outdoor atmosphere of sitting on the sidewalk watching the world go by 50 feet away on 6th avenue on a cool evening was wonderful.,['charm enjoyment'],"[{'term': 'charm enjoyment', 'polarity': 'positive'}]","[{'category': 'general', 'polarity': 'neutral'}]",1023
The bench pleasure of sitting on the sidewalk watching the world go by 50 feet away on 6th avenue on a cool evening was wonderful .,The outdoor atmosphere of sitting on the sidewalk watching the world go by 50 feet away on 6th avenue on a cool evening was wonderful.,['bench pleasure'],"[{'term': 'bench pleasure', 'polarity': 'positive'}]","[{'category': 'general', 'polarity': 'neutral'}]",1024
The patio scene of sitting on the sidewalk watching the world go by 50 feet away on 6th avenue on a cool evening was wonderful .,The outdoor atmosphere of sitting on the sidewalk watching the world go by 50 feet away on 6th avenue on a cool evening was wonderful.,['patio scene'],"[{'term': 'patio scene', 'polarity': 'positive'}]","[{'category': 'general', 'polarity': 'neutral'}]",1025
Taj Mahal offeres gret views and great food .,Taj Mahal offeres gret value and great food.,"['views', 'food']","[{'term': 'views', 'polarity': 'positive'}, {'term': 'food', 'polarity': 'positive'}]","[{'category': 'general', 'polarity': 'neutral'}]",1026
Taj Mahal offeres gret cuisine and great service .,Taj Mahal offeres gret value and great food.,"['cuisine', 'service']","[{'term': 'cuisine', 'polarity': 'positive'}, {'term': 'service', 'polarity': 'positive'}]","[{'category': 'general', 'polarity': 'neutral'}]",1027
Taj Mahal offeres gret views and great architecture .,Taj Mahal offeres gret value and great food.,"['views', 'architecture']","[{'term': 'views', 'polarity': 'positive'}, {'term': 'architecture', 'polarity': 'positive'}]","[{'category': 'general', 'polarity': 'neutral'}]",1028
"But don ' t ever order dishes late at nite ( either delivery or driver afternoon , for that matter don ' t from any take out place ) as it is from the morning rock turns out hard almost like  , hurt my molars .","But don't ever order bacon late at nite (either platter or in sandwiches, for that matter don't from any take out place) as it is from the morning frying turns out hard almost like bacos, hurt my molars.","['dishes', 'delivery', 'driver afternoon', 'rock', '']","[{'term': 'dishes', 'polarity': 'negative'}, {'term': 'delivery', 'polarity': 'negative'}, {'term': 'driver afternoon', 'polarity': 'negative'}, {'term': 'rock', 'polarity': 'negative'}, {'term': '', 'polarity': 'negative'}]","[{'category': 'general', 'polarity': 'neutral'}]",1029
"But don ' t ever order dinner late at nite ( either delivery or takeout afternoon , for that matter don ' t from any take out place ) as it is from the morning rock turns out hard almost like  , hurt my molars .","But don't ever order bacon late at nite (either platter or in sandwiches, for that matter don't from any take out place) as it is from the morning frying turns out hard almost like bacos, hurt my molars.","['dinner', 'delivery', 'takeout afternoon', 'rock', '']","[{'term': 'dinner', 'polarity': 'negative'}, {'term': 'delivery', 'polarity': 'negative'}, {'term': 'takeout afternoon', 'polarity': 'negative'}, {'term': 'rock', 'polarity': 'negative'}, {'term': '', 'polarity': 'negative'}]","[{'category': 'general', 'polarity': 'neutral'}]",1030
"But don ' t ever order dinner late at nite ( either delivery or drivers fresh , for that matter don ' t from any take out place ) as it is from the morning  turns out hard almost like  , hurt my molars .","But don't ever order bacon late at nite (either platter or in sandwiches, for that matter don't from any take out place) as it is from the morning frying turns out hard almost like bacos, hurt my molars.","['dinner', 'delivery', 'drivers fresh', '', '']","[{'term': 'dinner', 'polarity': 'negative'}, {'term': 'delivery', 'polarity': 'negative'}, {'term': 'drivers fresh', 'polarity': 'negative'}, {'term': '', 'polarity': 'negative'}, {'term': '', 'polarity': 'negative'}]","[{'category': 'general', 'polarity': 'neutral'}]",1031
"I found it on a cold night , the perfect cup to warm up .","I found it on a cold night, the perfect spot to warm up.",['cup'],"[{'term': 'cup', 'polarity': 'positive'}]","[{'category': 'general', 'polarity': 'neutral'}]",1032
"Looking around , I saw a diner full of New Yorkers enjoying a real breakfast in a real restaurant , not a tourist of the fabulous trying to be seen .","Looking around, I saw a room full of New Yorkers enjoying a real meal in a real restaurant, not a clubhouse of the fabulous trying to be seen.","['diner', 'breakfast', 'tourist']","[{'term': 'diner', 'polarity': 'positive'}, {'term': 'breakfast', 'polarity': 'neutral'}, {'term': 'tourist', 'polarity': 'negative'}]","[{'category': 'general', 'polarity': 'neutral'}]",1035
"Looking around , I saw a crowd full of New Yorkers enjoying a real meal in a real restaurant , not a restaurant of the fabulous trying to be seen .","Looking around, I saw a room full of New Yorkers enjoying a real meal in a real restaurant, not a clubhouse of the fabulous trying to be seen.","['crowd', 'meal', 'restaurant']","[{'term': 'crowd', 'polarity': 'positive'}, {'term': 'meal', 'polarity': 'neutral'}, {'term': 'restaurant', 'polarity': 'negative'}]","[{'category': 'general', 'polarity': 'neutral'}]",1036
But the main hit was the dessert key lime .,But the main hit was the whole grilled fish.,['dessert key lime'],"[{'term': 'dessert key lime', 'polarity': 'positive'}]","[{'category': 'general', 'polarity': 'neutral'}]",1038
But the main hit was the dishes main course .,But the main hit was the whole grilled fish.,['dishes main course'],"[{'term': 'dishes main course', 'polarity': 'positive'}]","[{'category': 'general', 'polarity': 'neutral'}]",1039
But the main hit was the dishes menu items .,But the main hit was the whole grilled fish.,['dishes menu items'],"[{'term': 'dishes menu items', 'polarity': 'positive'}]","[{'category': 'general', 'polarity': 'neutral'}]",1040
"I had the scrambled eggs with with , bacon and with mashed potatoes , and the with sausages with a and hash for $ 49 .","I had the tuna tartare with sake, mushroom ravioli with pinot noir, and the chocolate sampler with a dessert wine for $49.","['scrambled eggs', 'with', 'bacon and', 'mashed potatoes', 'with sausages', 'and hash']","[{'term': 'scrambled eggs', 'polarity': 'positive'}, {'term': 'with', 'polarity': 'positive'}, {'term': 'bacon and', 'polarity': 'positive'}, {'term': 'mashed potatoes', 'polarity': 'positive'}, {'term': 'with sausages', 'polarity': 'positive'}, {'term': 'and hash', 'polarity': 'positive'}]","[{'category': 'general', 'polarity': 'neutral'}]",1041
"I had the dinner filet with mashed , garlic shrimp with scallops sauce , and the butter with a  for $ 49 .","I had the tuna tartare with sake, mushroom ravioli with pinot noir, and the chocolate sampler with a dessert wine for $49.","['dinner filet', 'mashed', 'garlic shrimp', 'scallops sauce', 'butter', '']","[{'term': 'dinner filet', 'polarity': 'positive'}, {'term': 'mashed', 'polarity': 'positive'}, {'term': 'garlic shrimp', 'polarity': 'positive'}, {'term': 'scallops sauce', 'polarity': 'positive'}, {'term': 'butter', 'polarity': 'positive'}, {'term': '', 'polarity': 'positive'}]","[{'category': 'general', 'polarity': 'neutral'}]",1042
"I had the H e with r , e   with i s , and the   t with a h e for $ 49 .","I had the tuna tartare with sake, mushroom ravioli with pinot noir, and the chocolate sampler with a dessert wine for $49.","['H e', 'r', 'e  ', 'i s', '  t', 'h e']","[{'term': 'H e', 'polarity': 'positive'}, {'term': 'r', 'polarity': 'positive'}, {'term': 'e  ', 'polarity': 'positive'}, {'term': 'i s', 'polarity': 'positive'}, {'term': '  t', 'polarity': 'positive'}, {'term': 'h e', 'polarity': 'positive'}]","[{'category': 'general', 'polarity': 'neutral'}]",1043
"While the ambiance is not a hotspot hangout , the dishes are unique and pack a lot of bang for the buck .","While the place is not a hotspot hangout, the drinks are unique and pack a lot of bang for the buck.","['ambiance', 'dishes']","[{'term': 'ambiance', 'polarity': 'positive'}, {'term': 'dishes', 'polarity': 'negative'}]","[{'category': 'general', 'polarity': 'neutral'}]",1044
"While the atmosphere is not a hotspot hangout , the dishes are unique and pack a lot of bang for the buck .","While the place is not a hotspot hangout, the drinks are unique and pack a lot of bang for the buck.","['atmosphere', 'dishes']","[{'term': 'atmosphere', 'polarity': 'positive'}, {'term': 'dishes', 'polarity': 'negative'}]","[{'category': 'general', 'polarity': 'neutral'}]",1046
"The bread is a bit soggy , but the fries were fresh , included a nice side ( not dishes main courses ) all  are  piping hot from the kitchen .","The bruscetta is a bit soggy, but the salads were fresh, included a nice mix of greens (not iceberg) all dishes are served piping hot from the kitchen.","['bread', 'fries', 'side', 'dishes main courses', '', '']","[{'term': 'bread', 'polarity': 'negative'}, {'term': 'fries', 'polarity': 'positive'}, {'term': 'side', 'polarity': 'positive'}, {'term': 'dishes main courses', 'polarity': 'positive'}, {'term': '', 'polarity': 'neutral'}, {'term': '', 'polarity': 'positive'}]","[{'category': 'general', 'polarity': 'neutral'}]",1047
"The bread is a bit soggy , but the rolls were fresh , included a nice herb ( not butter and all ) all them are are piping hot from the kitchen .","The bruscetta is a bit soggy, but the salads were fresh, included a nice mix of greens (not iceberg) all dishes are served piping hot from the kitchen.","['bread', 'rolls', 'herb', 'butter and all', 'them', 'are']","[{'term': 'bread', 'polarity': 'negative'}, {'term': 'rolls', 'polarity': 'positive'}, {'term': 'herb', 'polarity': 'positive'}, {'term': 'butter and all', 'polarity': 'positive'}, {'term': 'them', 'polarity': 'neutral'}, {'term': 'are', 'polarity': 'positive'}]","[{'category': 'general', 'polarity': 'neutral'}]",1048
"The buns is a bit soggy , but the fries were fresh , included a nice side ( not dish appetizers entire ) all are are  piping hot from the kitchen .","The bruscetta is a bit soggy, but the salads were fresh, included a nice mix of greens (not iceberg) all dishes are served piping hot from the kitchen.","['buns', 'fries', 'side', 'dish appetizers entire', 'are', '']","[{'term': 'buns', 'polarity': 'negative'}, {'term': 'fries', 'polarity': 'positive'}, {'term': 'side', 'polarity': 'positive'}, {'term': 'dish appetizers entire', 'polarity': 'positive'}, {'term': 'are', 'polarity': 'neutral'}, {'term': '', 'polarity': 'positive'}]","[{'category': 'general', 'polarity': 'neutral'}]",1049
This isn ' t your corner cafe restaurant takeout .,This isn't your corner Chinese food takeout.,['cafe restaurant'],"[{'term': 'cafe restaurant', 'polarity': 'neutral'}]","[{'category': 'general', 'polarity': 'neutral'}]",1053
This isn ' t your corner store restaurant takeout .,This isn't your corner Chinese food takeout.,['store restaurant'],"[{'term': 'store restaurant', 'polarity': 'neutral'}]","[{'category': 'general', 'polarity': 'neutral'}]",1054
This isn ' t your corner deli store takeout .,This isn't your corner Chinese food takeout.,['deli store'],"[{'term': 'deli store', 'polarity': 'neutral'}]","[{'category': 'general', 'polarity': 'neutral'}]",1055
In reality ( to maximize potential profits ) they were still taking phone calls and reallocating resources of those employees in the backoffice .,In reality (to maximize potential diners) they were still taking phone reservations and reallocating tables of those waiting in the lobby.,"['profits', 'calls', 'resources', 'employees', 'backoffice']","[{'term': 'profits', 'polarity': 'neutral'}, {'term': 'calls', 'polarity': 'negative'}, {'term': 'resources', 'polarity': 'negative'}, {'term': 'employees', 'polarity': 'neutral'}, {'term': 'backoffice', 'polarity': 'negative'}]","[{'category': 'general', 'polarity': 'neutral'}]",1056
In reality ( to maximize potential profits ) they were still taking phone calls and reallocating resources of those employees in the office .,In reality (to maximize potential diners) they were still taking phone reservations and reallocating tables of those waiting in the lobby.,"['profits', 'calls', 'resources', 'employees', 'office']","[{'term': 'profits', 'polarity': 'neutral'}, {'term': 'calls', 'polarity': 'negative'}, {'term': 'resources', 'polarity': 'negative'}, {'term': 'employees', 'polarity': 'neutral'}, {'term': 'office', 'polarity': 'negative'}]","[{'category': 'general', 'polarity': 'neutral'}]",1057
In reality ( to maximize potential revenue ) they were still taking phone calls and reallocating resources of those employees in the office .,In reality (to maximize potential diners) they were still taking phone reservations and reallocating tables of those waiting in the lobby.,"['revenue', 'calls', 'resources', 'employees', 'office']","[{'term': 'revenue', 'polarity': 'neutral'}, {'term': 'calls', 'polarity': 'negative'}, {'term': 'resources', 'polarity': 'negative'}, {'term': 'employees', 'polarity': 'neutral'}, {'term': 'office', 'polarity': 'negative'}]","[{'category': 'general', 'polarity': 'neutral'}]",1058
Made my seat sitting uncomfortable .,Made my dining experience uncomfortable.,['seat sitting'],"[{'term': 'seat sitting', 'polarity': 'negative'}]","[{'category': 'general', 'polarity': 'neutral'}]",1059
Made my uneasy sit uncomfortable .,Made my dining experience uncomfortable.,['uneasy sit'],"[{'term': 'uneasy sit', 'polarity': 'negative'}]","[{'category': 'general', 'polarity': 'neutral'}]",1060
Made my unwelcome company uncomfortable .,Made my dining experience uncomfortable.,['unwelcome company'],"[{'term': 'unwelcome company', 'polarity': 'negative'}]","[{'category': 'general', 'polarity': 'neutral'}]",1061
I was with a party of 7 ( close but not next the the tables families ) and we were eating with our coats on .,I was with a party of 7 (close but not next the the front doors) and we were eating with our coats on.,['tables families'],"[{'term': 'tables families', 'polarity': 'neutral'}]","[{'category': 'general', 'polarity': 'neutral'}]",1062
I was with a party of 7 ( close but not next the the tables others ) and we were eating with our coats on .,I was with a party of 7 (close but not next the the front doors) and we were eating with our coats on.,['tables others'],"[{'term': 'tables others', 'polarity': 'neutral'}]","[{'category': 'general', 'polarity': 'neutral'}]",1063
I was with a party of 7 ( close but not next the the hands hands ) and we were eating with our coats on .,I was with a party of 7 (close but not next the the front doors) and we were eating with our coats on.,['hands hands'],"[{'term': 'hands hands', 'polarity': 'neutral'}]","[{'category': 'general', 'polarity': 'neutral'}]",1064
"The dishes inludes famous scrumptious dishes such as appetizers , entrees pad thai and curry sushi , as well as other great desserts entrees appetizers .","The food inludes famous scrumptious bombay style chaat such as bhelpuri, sevpuri and samosa chaats, as well as other great indian appetizers.","['dishes', 'dishes', 'appetizers', 'entrees pad thai', 'curry sushi', 'desserts entrees appetizers']","[{'term': 'dishes', 'polarity': 'positive'}, {'term': 'dishes', 'polarity': 'positive'}, {'term': 'appetizers', 'polarity': 'positive'}, {'term': 'entrees pad thai', 'polarity': 'positive'}, {'term': 'curry sushi', 'polarity': 'positive'}, {'term': 'desserts entrees appetizers', 'polarity': 'positive'}]","[{'category': 'general', 'polarity': 'neutral'}]",1065
"The dishes inludes famous scrumptious cuisine such as appetizers , desserts sushi and tacos pasta , as well as other great  .","The food inludes famous scrumptious bombay style chaat such as bhelpuri, sevpuri and samosa chaats, as well as other great indian appetizers.","['dishes', 'cuisine', 'appetizers', 'desserts sushi', 'tacos pasta', '']","[{'term': 'dishes', 'polarity': 'positive'}, {'term': 'cuisine', 'polarity': 'positive'}, {'term': 'appetizers', 'polarity': 'positive'}, {'term': 'desserts sushi', 'polarity': 'positive'}, {'term': 'tacos pasta', 'polarity': 'positive'}, {'term': '', 'polarity': 'positive'}]","[{'category': 'general', 'polarity': 'neutral'}]",1066
"The dishes inludes famous scrumptious appetizers such as entrees , dishes pizza and sushi tacos , as well as other great cuisine options .","The food inludes famous scrumptious bombay style chaat such as bhelpuri, sevpuri and samosa chaats, as well as other great indian appetizers.","['dishes', 'appetizers', 'entrees', 'dishes pizza', 'sushi tacos', 'cuisine options']","[{'term': 'dishes', 'polarity': 'positive'}, {'term': 'appetizers', 'polarity': 'positive'}, {'term': 'entrees', 'polarity': 'positive'}, {'term': 'dishes pizza', 'polarity': 'positive'}, {'term': 'sushi tacos', 'polarity': 'positive'}, {'term': 'cuisine options', 'polarity': 'positive'}]","[{'category': 'general', 'polarity': 'neutral'}]",1067
The waiter actually poured water on my hand and walked away .,The waiter actually poured water on my hand and walked away.,"['waiter', 'water']","[{'term': 'waiter', 'polarity': 'negative'}, {'term': 'water', 'polarity': 'neutral'}]","[{'category': 'general', 'polarity': 'neutral'}]",1068
"NO more complaints , expensive prices and annoying advertisements .","NO more reservations, expensive tips and annoying stuff.","['complaints', 'prices', 'advertisements']","[{'term': 'complaints', 'polarity': 'positive'}, {'term': 'prices', 'polarity': 'positive'}, {'term': 'advertisements', 'polarity': 'positive'}]","[{'category': 'general', 'polarity': 'neutral'}]",1071
"NO more requests , expensive menus and annoying waiters .","NO more reservations, expensive tips and annoying stuff.","['requests', 'menus', 'waiters']","[{'term': 'requests', 'polarity': 'positive'}, {'term': 'menus', 'polarity': 'positive'}, {'term': 'waiters', 'polarity': 'positive'}]","[{'category': 'general', 'polarity': 'neutral'}]",1072
We were a group of 8 and well sit .,We were a group of 8 and well seved.,['sit'],"[{'term': 'sit', 'polarity': 'positive'}]","[{'category': 'general', 'polarity': 'neutral'}]",1074
We were a group of 8 and well well-behaved .,We were a group of 8 and well seved.,['well-behaved'],"[{'term': 'well-behaved', 'polarity': 'positive'}]","[{'category': 'general', 'polarity': 'neutral'}]",1075
I have lived in Japan for 7 years and the atmosphere of the kitchen and the ambiance of the restaurant is like being back in Japan .,I have lived in Japan for 7 years and the taste of the food and the feel of the restaurant is like being back in Japan.,"['atmosphere', 'kitchen', 'ambiance']","[{'term': 'atmosphere', 'polarity': 'positive'}, {'term': 'kitchen', 'polarity': 'positive'}, {'term': 'ambiance', 'polarity': 'positive'}]","[{'category': 'general', 'polarity': 'neutral'}]",1077
I have lived in Japan for 7 years and the flavors of the food and the atmosphere of the restaurant is like being back in Japan .,I have lived in Japan for 7 years and the taste of the food and the feel of the restaurant is like being back in Japan.,"['flavors', 'food', 'atmosphere']","[{'term': 'flavors', 'polarity': 'positive'}, {'term': 'food', 'polarity': 'positive'}, {'term': 'atmosphere', 'polarity': 'positive'}]","[{'category': 'general', 'polarity': 'neutral'}]",1078
I have lived in Japan for 7 years and the atmosphere of the ambiance and the flavor of the restaurant is like being back in Japan .,I have lived in Japan for 7 years and the taste of the food and the feel of the restaurant is like being back in Japan.,"['atmosphere', 'ambiance', 'flavor']","[{'term': 'atmosphere', 'polarity': 'positive'}, {'term': 'ambiance', 'polarity': 'positive'}, {'term': 'flavor', 'polarity': 'positive'}]","[{'category': 'general', 'polarity': 'neutral'}]",1079
We ' ve been to Grocery three times and not once has an item on the list disappointed .,We've been to Grocery three times and not once has an item on the menu disappointed.,['list'],"[{'term': 'list', 'polarity': 'positive'}]","[{'category': 'general', 'polarity': 'neutral'}]",1080
We ' ve been to Grocery three times and not once has an item on the shopping disappointed .,We've been to Grocery three times and not once has an item on the menu disappointed.,['shopping'],"[{'term': 'shopping', 'polarity': 'positive'}]","[{'category': 'general', 'polarity': 'neutral'}]",1082
"Waiters service food restaurant is excpetiona , the waiters huge and delictable , and the portion professional wan warm .","The chicken pot pie is excpetiona, the cheeseburger huge and delictable, and the service professional wan warm.","['Waiters service food restaurant', 'waiters', 'portion']","[{'term': 'Waiters service food restaurant', 'polarity': 'positive'}, {'term': 'waiters', 'polarity': 'positive'}, {'term': 'portion', 'polarity': 'positive'}]","[{'category': 'general', 'polarity': 'neutral'}]",1083
"H e r e is excpetiona , the   huge and delictable , and the i professional wan warm .","The chicken pot pie is excpetiona, the cheeseburger huge and delictable, and the service professional wan warm.","['H e r e', ' ', 'i']","[{'term': 'H e r e', 'polarity': 'positive'}, {'term': ' ', 'polarity': 'positive'}, {'term': 'i', 'polarity': 'positive'}]","[{'category': 'general', 'polarity': 'neutral'}]",1084
"waiter food portions price is excpetiona , the waiter huge and delictable , and the big professional wan warm .","The chicken pot pie is excpetiona, the cheeseburger huge and delictable, and the service professional wan warm.","['waiter food portions price', 'waiter', 'big']","[{'term': 'waiter food portions price', 'polarity': 'positive'}, {'term': 'waiter', 'polarity': 'positive'}, {'term': 'big', 'polarity': 'positive'}]","[{'category': 'general', 'polarity': 'neutral'}]",1085
"If presentation and presentation is your thing , then this magic show works .","If presentation and service is your thing, then this magic show works.",['presentation'],"[{'term': 'presentation', 'polarity': 'positive'}]","[{'category': 'general', 'polarity': 'neutral'}]",1087
They smell like they stuff them with old herbs garlic Italian like the pasta risotto .,They smell like they stuff them with old canned vegetables like the spinach mushroom calzone.,"['herbs garlic Italian', 'pasta risotto']","[{'term': 'herbs garlic Italian', 'polarity': 'negative'}, {'term': 'pasta risotto', 'polarity': 'negative'}]","[{'category': 'general', 'polarity': 'neutral'}]",1089
They smell like they stuff them with old herbs garlic Italian like the sausages spices .,They smell like they stuff them with old canned vegetables like the spinach mushroom calzone.,"['herbs garlic Italian', 'sausages spices']","[{'term': 'herbs garlic Italian', 'polarity': 'negative'}, {'term': 'sausages spices', 'polarity': 'negative'}]","[{'category': 'general', 'polarity': 'neutral'}]",1090
They smell like they stuff them with old herbs herbs French like the French baguettes .,They smell like they stuff them with old canned vegetables like the spinach mushroom calzone.,"['herbs herbs French', 'French baguettes']","[{'term': 'herbs herbs French', 'polarity': 'negative'}, {'term': 'French baguettes', 'polarity': 'negative'}]","[{'category': 'general', 'polarity': 'neutral'}]",1091
"Be sure to try the seasonal , and always delicious , soups .","Be sure to try the seasonal, and always delicious, specials.",['soups'],"[{'term': 'soups', 'polarity': 'positive'}]","[{'category': 'general', 'polarity': 'neutral'}]",1092
"Be sure to try the seasonal , and always delicious , flavors .","Be sure to try the seasonal, and always delicious, specials.",['flavors'],"[{'term': 'flavors', 'polarity': 'positive'}]","[{'category': 'general', 'polarity': 'neutral'}]",1093
We were also seated promptly at the time of our reservation and the waiter was very quick and professional .,We were also seated promptly at the time of our reservation and the service was very quick and professional.,"['reservation', 'waiter']","[{'term': 'reservation', 'polarity': 'positive'}, {'term': 'waiter', 'polarity': 'positive'}]","[{'category': 'general', 'polarity': 'neutral'}]",1095
We were also seated promptly at the time of our reservation and the server was very quick and professional .,We were also seated promptly at the time of our reservation and the service was very quick and professional.,"['reservation', 'server']","[{'term': 'reservation', 'polarity': 'positive'}, {'term': 'server', 'polarity': 'positive'}]","[{'category': 'general', 'polarity': 'neutral'}]",1096
local museum is always a good attraction,Downstairs lounge is always a good attraction,['local museum'],"[{'term': 'local museum', 'polarity': 'positive'}]","[{'category': 'general', 'polarity': 'neutral'}]",1098
Local landmark is always a good attraction,Downstairs lounge is always a good attraction,['Local landmark'],"[{'term': 'Local landmark', 'polarity': 'positive'}]","[{'category': 'general', 'polarity': 'neutral'}]",1099
new museum is always a good attraction,Downstairs lounge is always a good attraction,['new museum'],"[{'term': 'new museum', 'polarity': 'positive'}]","[{'category': 'general', 'polarity': 'neutral'}]",1100
"Good crowd , good atmosphere service , with a hip japanese vibe .","Good crowd, good outdoor seating, with a hip japanese vibe.","['atmosphere service', 'vibe']","[{'term': 'atmosphere service', 'polarity': 'positive'}, {'term': 'vibe', 'polarity': 'positive'}]","[{'category': 'general', 'polarity': 'neutral'}]",1101
"Good crowd , good atmosphere music , with a hip japanese vibe .","Good crowd, good outdoor seating, with a hip japanese vibe.","['atmosphere music', 'vibe']","[{'term': 'atmosphere music', 'polarity': 'positive'}, {'term': 'vibe', 'polarity': 'positive'}]","[{'category': 'general', 'polarity': 'neutral'}]",1103
"My plate Chinese dinner at of restaurant was full of imitation cheese with a couple pieces of vegetables and spices , and was unnecessarily heated with a burner .","My entree of hot pot with seafood was full of imitation crabmeat with a couple pieces of shrimp and squid, and was unnecessarily heated with a burner.","['plate Chinese dinner at', 'restaurant', 'cheese', 'vegetables', 'spices']","[{'term': 'plate Chinese dinner at', 'polarity': 'negative'}, {'term': 'restaurant', 'polarity': 'negative'}, {'term': 'cheese', 'polarity': 'negative'}, {'term': 'vegetables', 'polarity': 'positive'}, {'term': 'spices', 'polarity': 'negative'}]","[{'category': 'general', 'polarity': 'neutral'}]",1104
"My menu items dish description of ingredients was full of imitation meat with a couple pieces of vegetables and spices , and was unnecessarily heated with a burner .","My entree of hot pot with seafood was full of imitation crabmeat with a couple pieces of shrimp and squid, and was unnecessarily heated with a burner.","['menu items dish description', 'ingredients', 'meat', 'vegetables', 'spices']","[{'term': 'menu items dish description', 'polarity': 'negative'}, {'term': 'ingredients', 'polarity': 'negative'}, {'term': 'meat', 'polarity': 'negative'}, {'term': 'vegetables', 'polarity': 'positive'}, {'term': 'spices', 'polarity': 'negative'}]","[{'category': 'general', 'polarity': 'neutral'}]",1105
"My order Chinese dinner lunch of meal was full of imitation plastic with a couple pieces of vegetables and rice , and was unnecessarily heated with a burner .","My entree of hot pot with seafood was full of imitation crabmeat with a couple pieces of shrimp and squid, and was unnecessarily heated with a burner.","['order Chinese dinner lunch', 'meal', 'plastic', 'vegetables', 'rice']","[{'term': 'order Chinese dinner lunch', 'polarity': 'negative'}, {'term': 'meal', 'polarity': 'negative'}, {'term': 'plastic', 'polarity': 'negative'}, {'term': 'vegetables', 'polarity': 'positive'}, {'term': 'rice', 'polarity': 'negative'}]","[{'category': 'general', 'polarity': 'neutral'}]",1106
quality and portion of portion alone will keep us from making a return visit .,Price and quality of fish alone will keep us from making a return visit.,"['quality', 'portion', 'portion']","[{'term': 'quality', 'polarity': 'negative'}, {'term': 'portion', 'polarity': 'negative'}, {'term': 'portion', 'polarity': 'negative'}]","[{'category': 'general', 'polarity': 'neutral'}]",1107
quality and portion of food alone will keep us from making a return visit .,Price and quality of fish alone will keep us from making a return visit.,"['quality', 'portion', 'food']","[{'term': 'quality', 'polarity': 'negative'}, {'term': 'portion', 'polarity': 'negative'}, {'term': 'food', 'polarity': 'negative'}]","[{'category': 'general', 'polarity': 'neutral'}]",1108
menu and quality of prices alone will keep us from making a return visit .,Price and quality of fish alone will keep us from making a return visit.,"['menu', 'quality', 'prices']","[{'term': 'menu', 'polarity': 'negative'}, {'term': 'quality', 'polarity': 'negative'}, {'term': 'prices', 'polarity': 'negative'}]","[{'category': 'general', 'polarity': 'neutral'}]",1109
Their waiter staff is excellent -- all food with a little spice .,Their whitefish salad is excellent--all whitefish with a little mayo.,"['waiter staff', 'food', 'spice']","[{'term': 'waiter staff', 'polarity': 'positive'}, {'term': 'food', 'polarity': 'positive'}, {'term': 'spice', 'polarity': 'positive'}]","[{'category': 'general', 'polarity': 'neutral'}]",1113
Their waiter staff is excellent -- all portion with a little seasoning .,Their whitefish salad is excellent--all whitefish with a little mayo.,"['waiter staff', 'portion', 'seasoning']","[{'term': 'waiter staff', 'polarity': 'positive'}, {'term': 'portion', 'polarity': 'positive'}, {'term': 'seasoning', 'polarity': 'positive'}]","[{'category': 'general', 'polarity': 'neutral'}]",1114
Their menu options is excellent -- all dishes with a little spice .,Their whitefish salad is excellent--all whitefish with a little mayo.,"['menu options', 'dishes', 'spice']","[{'term': 'menu options', 'polarity': 'positive'}, {'term': 'dishes', 'polarity': 'positive'}, {'term': 'spice', 'polarity': 'positive'}]","[{'category': 'general', 'polarity': 'neutral'}]",1115
"We a menu that rearely changes , e xcept for one or two items , the seasonal and  specials they put in thier menu in evident .","We a menu that rearely changes,e xcept for one or two specials, the quality and care they put in thier food in evident.","['items', 'seasonal', ' specials', 'menu']","[{'term': 'items', 'polarity': 'positive'}, {'term': 'seasonal', 'polarity': 'positive'}, {'term': ' specials', 'polarity': 'positive'}, {'term': 'menu', 'polarity': 'neutral'}]","[{'category': 'general', 'polarity': 'neutral'}]",1116
"We a menu that rearely changes , e xcept for one or two items , the dishes and ingredients they put in thier menu in evident .","We a menu that rearely changes,e xcept for one or two specials, the quality and care they put in thier food in evident.","['items', 'dishes', 'ingredients', 'menu']","[{'term': 'items', 'polarity': 'positive'}, {'term': 'dishes', 'polarity': 'positive'}, {'term': 'ingredients', 'polarity': 'positive'}, {'term': 'menu', 'polarity': 'neutral'}]","[{'category': 'general', 'polarity': 'neutral'}]",1117
"We a menu that rearely changes , e xcept for one or two items , the dishes and ingredients they put in thier kitchen in evident .","We a menu that rearely changes,e xcept for one or two specials, the quality and care they put in thier food in evident.","['items', 'dishes', 'ingredients', 'kitchen']","[{'term': 'items', 'polarity': 'positive'}, {'term': 'dishes', 'polarity': 'positive'}, {'term': 'ingredients', 'polarity': 'positive'}, {'term': 'kitchen', 'polarity': 'neutral'}]","[{'category': 'general', 'polarity': 'neutral'}]",1118
Yeah Shanghai is also great but not quite as good -- they use the same amount of sugar but without sweetness to balance out .,Yeah Shanghai is also great but not quite as good -- they use the same amount of salt but without sweetness to balance out.,['sugar'],"[{'term': 'sugar', 'polarity': 'negative'}]","[{'category': 'general', 'polarity': 'neutral'}]",1119
"Warm , comfortable seating , nice appointments ( witness the etched glass and brickwork separating the area spaces ).","Warm, comfortable surroundings, nice appointments (witness the etched glass and brickwork separating the dining rooms).","['seating', 'area spaces']","[{'term': 'seating', 'polarity': 'positive'}, {'term': 'area spaces', 'polarity': 'neutral'}]","[{'category': 'general', 'polarity': 'neutral'}]",1122
"Warm , comfortable seating , nice appointments ( witness the etched glass and brickwork separating the dining area ).","Warm, comfortable surroundings, nice appointments (witness the etched glass and brickwork separating the dining rooms).","['seating', 'dining area']","[{'term': 'seating', 'polarity': 'positive'}, {'term': 'dining area', 'polarity': 'neutral'}]","[{'category': 'general', 'polarity': 'neutral'}]",1123
"All I can say is $ 2 pints during happy hour and the some of the cheapest draft you ' ll find in the city , though the beer is some of the best .","All I can say is $2 pints during happy hour and the some of the cheapest oysters you'll find in the city, though the quality is some of the best.","['draft', 'beer']","[{'term': 'draft', 'polarity': 'positive'}, {'term': 'beer', 'polarity': 'positive'}]","[{'category': 'general', 'polarity': 'neutral'}]",1125
"All I can say is $ 2 pints during happy hour and the some of the cheapest beer you ' ll find in the city , though the cocktails is some of the best .","All I can say is $2 pints during happy hour and the some of the cheapest oysters you'll find in the city, though the quality is some of the best.","['beer', 'cocktails']","[{'term': 'beer', 'polarity': 'positive'}, {'term': 'cocktails', 'polarity': 'positive'}]","[{'category': 'general', 'polarity': 'neutral'}]",1126
"All I can say is $ 2 pints during happy hour and the some of the cheapest wines you ' ll find in the city , though the beer is some of the best .","All I can say is $2 pints during happy hour and the some of the cheapest oysters you'll find in the city, though the quality is some of the best.","['wines', 'beer']","[{'term': 'wines', 'polarity': 'positive'}, {'term': 'beer', 'polarity': 'positive'}]","[{'category': 'general', 'polarity': 'neutral'}]",1127
"Three page menu brochures , one page menu and instructions .","Three page wine menu, one page entree and horedevous.","['menu brochures', 'menu', 'instructions']","[{'term': 'menu brochures', 'polarity': 'positive'}, {'term': 'menu', 'polarity': 'positive'}, {'term': 'instructions', 'polarity': 'positive'}]","[{'category': 'general', 'polarity': 'neutral'}]",1128
"Three page menus of , one page menu and sections .","Three page wine menu, one page entree and horedevous.","['menus of', 'menu', 'sections']","[{'term': 'menus of', 'polarity': 'positive'}, {'term': 'menu', 'polarity': 'positive'}, {'term': 'sections', 'polarity': 'positive'}]","[{'category': 'general', 'polarity': 'neutral'}]",1129
"Three page menu catalog , one page brochure and catalogue .","Three page wine menu, one page entree and horedevous.","['menu catalog', 'brochure', 'catalogue']","[{'term': 'menu catalog', 'polarity': 'positive'}, {'term': 'brochure', 'polarity': 'positive'}, {'term': 'catalogue', 'polarity': 'positive'}]","[{'category': 'general', 'polarity': 'neutral'}]",1130
"The last two times I ordered from here my dishes was soo spicy that I could barely eat it , and the delivery took away from the quality of the meat .","The last two times I ordered from here my food was soo spicy that  I could barely eat it, and the spice took away from the flavor of the dish.","['dishes', 'delivery', 'quality', 'meat']","[{'term': 'dishes', 'polarity': 'negative'}, {'term': 'delivery', 'polarity': 'negative'}, {'term': 'quality', 'polarity': 'negative'}, {'term': 'meat', 'polarity': 'negative'}]","[{'category': 'general', 'polarity': 'neutral'}]",1131
"The last two times I ordered from here my dish was soo spicy that I could barely eat it , and the service took away from the flavor of the dishes .","The last two times I ordered from here my food was soo spicy that  I could barely eat it, and the spice took away from the flavor of the dish.","['dish', 'service', 'flavor', 'dishes']","[{'term': 'dish', 'polarity': 'negative'}, {'term': 'service', 'polarity': 'negative'}, {'term': 'flavor', 'polarity': 'negative'}, {'term': 'dishes', 'polarity': 'negative'}]","[{'category': 'general', 'polarity': 'neutral'}]",1132
"The last two times I ordered from here my dishes was soo spicy that I could barely eat it , and the service took away from the flavor of the meat .","The last two times I ordered from here my food was soo spicy that  I could barely eat it, and the spice took away from the flavor of the dish.","['dishes', 'service', 'flavor', 'meat']","[{'term': 'dishes', 'polarity': 'negative'}, {'term': 'service', 'polarity': 'negative'}, {'term': 'flavor', 'polarity': 'negative'}, {'term': 'meat', 'polarity': 'negative'}]","[{'category': 'general', 'polarity': 'neutral'}]",1133
"I wasn ' t thrilled to have to wait on line for thirty minutes , but I guess that ' s the price you pay for a popular place .","I wasn't thrilled to have to wait on line for thirty minutes, but I guess that's the price you pay for a popular place.",['wait'],"[{'term': 'wait', 'polarity': 'negative'}]","[{'category': 'general', 'polarity': 'neutral'}]",1134
"While this can hardly be called a restaurant , it is possibly the best deal in Manhatten : $ 4 for a plate heaped with noodles and 2 - 3 dumplings .","While this can hardly be called a restaurant, it is possibly the best deal in Manhatten: $4 for a plate heaped with rice and 2-3 entrees.","['noodles', 'dumplings']","[{'term': 'noodles', 'polarity': 'positive'}, {'term': 'dumplings', 'polarity': 'positive'}]","[{'category': 'general', 'polarity': 'neutral'}]",1137
"While this can hardly be called a restaurant , it is possibly the best deal in Manhatten : $ 4 for a plate heaped with pasta and 2 - 3 vegetables .","While this can hardly be called a restaurant, it is possibly the best deal in Manhatten: $4 for a plate heaped with rice and 2-3 entrees.","['pasta', 'vegetables']","[{'term': 'pasta', 'polarity': 'positive'}, {'term': 'vegetables', 'polarity': 'positive'}]","[{'category': 'general', 'polarity': 'neutral'}]",1139
"The restaurant is dark and not very attractive and then you have spotlights harsh shining on you putting you in the worst light possible , reaching for sunglasses .","The restaurant is dark and not very attractive and then you have spot lights shining on you putting you in the worst light possible, reaching for sunglasses.",['spotlights harsh'],"[{'term': 'spotlights harsh', 'polarity': 'negative'}]","[{'category': 'general', 'polarity': 'neutral'}]",1140
"I asked for water hot coffee , no ice .","I asked for seltzer with lime, no ice.",['water hot coffee'],"[{'term': 'water hot coffee', 'polarity': 'neutral'}]","[{'category': 'general', 'polarity': 'neutral'}]",1146
"I asked for tea hot water , no ice .","I asked for seltzer with lime, no ice.",['tea hot water'],"[{'term': 'tea hot water', 'polarity': 'neutral'}]","[{'category': 'general', 'polarity': 'neutral'}]",1147
"I stumbled upon this second floor walk - up two Fridays ago when I was with two friends in town from L . A . Being serious foodies lovers , we sat at the table seats to be closer to the action .","I stumbled upon this second floor walk-up two Fridays ago when I was with two friends in town from L.A. Being serious sushi lovers, we sat at the sushi bar to be closer to the action.","['foodies', 'table seats']","[{'term': 'foodies', 'polarity': 'neutral'}, {'term': 'table seats', 'polarity': 'neutral'}]","[{'category': 'general', 'polarity': 'neutral'}]",1149
"I stumbled upon this second floor walk - up two Fridays ago when I was with two friends in town from L . A . Being serious food lovers , we sat at the booth bar to be closer to the action .","I stumbled upon this second floor walk-up two Fridays ago when I was with two friends in town from L.A. Being serious sushi lovers, we sat at the sushi bar to be closer to the action.","['food', 'booth bar']","[{'term': 'food', 'polarity': 'neutral'}, {'term': 'booth bar', 'polarity': 'neutral'}]","[{'category': 'general', 'polarity': 'neutral'}]",1150
"I stumbled upon this second floor walk - up two Fridays ago when I was with two friends in town from L . A . Being serious foodies lovers , we sat at the bar stools to be closer to the action .","I stumbled upon this second floor walk-up two Fridays ago when I was with two friends in town from L.A. Being serious sushi lovers, we sat at the sushi bar to be closer to the action.","['foodies', 'bar stools']","[{'term': 'foodies', 'polarity': 'neutral'}, {'term': 'bar stools', 'polarity': 'neutral'}]","[{'category': 'general', 'polarity': 'neutral'}]",1151
This is a consistently great place to dine for lunch or dinner .,This is a consistently great place to dine for lunch or dinner.,"['dine', 'lunch', 'dinner']","[{'term': 'dine', 'polarity': 'neutral'}, {'term': 'lunch', 'polarity': 'neutral'}, {'term': 'dinner', 'polarity': 'positive'}]","[{'category': 'general', 'polarity': 'neutral'}]",1152
"Great restaurant , coffee and a good place to hang out in .","Great bagels, spreads and a good place to hang out in.","['restaurant', 'coffee']","[{'term': 'restaurant', 'polarity': 'positive'}, {'term': 'coffee', 'polarity': 'positive'}]","[{'category': 'general', 'polarity': 'neutral'}]",1155
"Great restaurant , food and a good place to hang out in .","Great bagels, spreads and a good place to hang out in.","['restaurant', 'food']","[{'term': 'restaurant', 'polarity': 'positive'}, {'term': 'food', 'polarity': 'positive'}]","[{'category': 'general', 'polarity': 'neutral'}]",1156
Right off the L in Brooklyn this is a nice cozy cafe with good coffee .,Right off the L in Brooklyn this is a nice cozy place with good pizza.,"['cafe', 'coffee']","[{'term': 'cafe', 'polarity': 'positive'}, {'term': 'coffee', 'polarity': 'positive'}]","[{'category': 'general', 'polarity': 'neutral'}]",1158
Right off the L in Brooklyn this is a nice cozy cafe with good food .,Right off the L in Brooklyn this is a nice cozy place with good pizza.,"['cafe', 'food']","[{'term': 'cafe', 'polarity': 'positive'}, {'term': 'food', 'polarity': 'positive'}]","[{'category': 'general', 'polarity': 'neutral'}]",1160
"Though the spring rolls may look like a challenge to eat , with soft fluffy hanging out of the roll , it is well worth the fillings price you pay for them .","Though the Spider Roll may look like a challenge to eat, with soft shell crab hanging out of the roll, it is well worth the price you pay for them.","['spring rolls', 'fluffy', 'fillings price']","[{'term': 'spring rolls', 'polarity': 'conflict'}, {'term': 'fluffy', 'polarity': 'positive'}, {'term': 'fillings price', 'polarity': 'positive'}]","[{'category': 'general', 'polarity': 'neutral'}]",1161
"Though the spring rolls may look like a challenge to eat , with soft tender hanging out of the roll , it is well worth the fillings price you pay for them .","Though the Spider Roll may look like a challenge to eat, with soft shell crab hanging out of the roll, it is well worth the price you pay for them.","['spring rolls', 'tender', 'fillings price']","[{'term': 'spring rolls', 'polarity': 'conflict'}, {'term': 'tender', 'polarity': 'positive'}, {'term': 'fillings price', 'polarity': 'positive'}]","[{'category': 'general', 'polarity': 'neutral'}]",1162
"Though the dumplings noodle may look like a challenge to eat , with soft tender hanging out of the roll , it is well worth the silky expensive you pay for them .","Though the Spider Roll may look like a challenge to eat, with soft shell crab hanging out of the roll, it is well worth the price you pay for them.","['dumplings noodle', 'tender', 'silky expensive']","[{'term': 'dumplings noodle', 'polarity': 'conflict'}, {'term': 'tender', 'polarity': 'positive'}, {'term': 'silky expensive', 'polarity': 'positive'}]","[{'category': 'general', 'polarity': 'neutral'}]",1163
"A narrow alley leads to a tiny room where there are three tiny white tiled tables , a great deal of mess ( stacks of bottles , cans ) and a small shelf holding 12 - 14 bottles .","A narrow corridor leads to a tiny space where there are three tiny white tiled counters, a great deal of mess (stacks of bottles, cans) and a small counter holding 12-14 entrees.","['alley', 'room', 'tables', 'shelf', 'bottles']","[{'term': 'alley', 'polarity': 'negative'}, {'term': 'room', 'polarity': 'negative'}, {'term': 'tables', 'polarity': 'negative'}, {'term': 'shelf', 'polarity': 'negative'}, {'term': 'bottles', 'polarity': 'neutral'}]","[{'category': 'general', 'polarity': 'neutral'}]",1167
"A narrow hallway leads to a tiny room where there are three tiny white tiled walls , a great deal of mess ( stacks of bottles , cans ) and a small kitchen holding 12 - 14 shelves .","A narrow corridor leads to a tiny space where there are three tiny white tiled counters, a great deal of mess (stacks of bottles, cans) and a small counter holding 12-14 entrees.","['hallway', 'room', 'walls', 'kitchen', 'shelves']","[{'term': 'hallway', 'polarity': 'negative'}, {'term': 'room', 'polarity': 'negative'}, {'term': 'walls', 'polarity': 'negative'}, {'term': 'kitchen', 'polarity': 'negative'}, {'term': 'shelves', 'polarity': 'neutral'}]","[{'category': 'general', 'polarity': 'neutral'}]",1168
"A narrow street leads to a tiny room where there are three tiny white tiled tiles , a great deal of mess ( stacks of bottles , cans ) and a small kitchen holding 12 - 14 bottles .","A narrow corridor leads to a tiny space where there are three tiny white tiled counters, a great deal of mess (stacks of bottles, cans) and a small counter holding 12-14 entrees.","['street', 'room', 'tiles', 'kitchen', 'bottles']","[{'term': 'street', 'polarity': 'negative'}, {'term': 'room', 'polarity': 'negative'}, {'term': 'tiles', 'polarity': 'negative'}, {'term': 'kitchen', 'polarity': 'negative'}, {'term': 'bottles', 'polarity': 'neutral'}]","[{'category': 'general', 'polarity': 'neutral'}]",1169
"Ok , so the staff wander around a little clueless , but there ' s more than enough seats for the crowd they get -- it ' s fine , you just have to make a small effort to get their attention .","Ok, so the servers wander around a little clueless, but there's more than enough servers for the crowd they get -- it's fine, you just have to make a small effort to get their attention.","['staff', 'seats']","[{'term': 'staff', 'polarity': 'negative'}, {'term': 'seats', 'polarity': 'conflict'}]","[{'category': 'general', 'polarity': 'neutral'}]",1170
"Ok , so the waiters wander around a little clueless , but there ' s more than enough tables for the crowd they get -- it ' s fine , you just have to make a small effort to get their attention .","Ok, so the servers wander around a little clueless, but there's more than enough servers for the crowd they get -- it's fine, you just have to make a small effort to get their attention.","['waiters', 'tables']","[{'term': 'waiters', 'polarity': 'negative'}, {'term': 'tables', 'polarity': 'conflict'}]","[{'category': 'general', 'polarity': 'neutral'}]",1171
"Ok , so the servers wander around a little clueless , but there ' s more than enough tables for the crowd they get -- it ' s fine , you just have to make a small effort to get their attention .","Ok, so the servers wander around a little clueless, but there's more than enough servers for the crowd they get -- it's fine, you just have to make a small effort to get their attention.","['servers', 'tables']","[{'term': 'servers', 'polarity': 'negative'}, {'term': 'tables', 'polarity': 'conflict'}]","[{'category': 'general', 'polarity': 'neutral'}]",1172
"The table that was hosting promised to save a table for our party of 7 , then sat a party of 2 at the very back he was saving ( mean while there were boths open all around ).","The man that was hosting promised to save a table for our party of 7, then sat a party of 2 at the very table he was saving (mean while there were boths open all around).","['table', 'table', 'back']","[{'term': 'table', 'polarity': 'negative'}, {'term': 'table', 'polarity': 'neutral'}, {'term': 'back', 'polarity': 'negative'}]","[{'category': 'general', 'polarity': 'neutral'}]",1173
"The table that was hosting promised to save a seat for our party of 7 , then sat a party of 2 at the very table he was saving ( mean while there were boths open all around ).","The man that was hosting promised to save a table for our party of 7, then sat a party of 2 at the very table he was saving (mean while there were boths open all around).","['table', 'seat', 'table']","[{'term': 'table', 'polarity': 'negative'}, {'term': 'seat', 'polarity': 'neutral'}, {'term': 'table', 'polarity': 'negative'}]","[{'category': 'general', 'polarity': 'neutral'}]",1174
"The table that was hosting promised to save a seat for our party of 7 , then sat a party of 2 at the very back he was saving ( mean while there were boths open all around ).","The man that was hosting promised to save a table for our party of 7, then sat a party of 2 at the very table he was saving (mean while there were boths open all around).","['table', 'seat', 'back']","[{'term': 'table', 'polarity': 'negative'}, {'term': 'seat', 'polarity': 'neutral'}, {'term': 'back', 'polarity': 'negative'}]","[{'category': 'general', 'polarity': 'neutral'}]",1175
The decor scores big points in presentation and style .,The establishment scores big points in presentation and style.,['decor'],"[{'term': 'decor', 'polarity': 'positive'}]","[{'category': 'general', 'polarity': 'neutral'}]",1176
The décor scores big points in presentation and style .,The establishment scores big points in presentation and style.,['décor'],"[{'term': 'décor', 'polarity': 'positive'}]","[{'category': 'general', 'polarity': 'neutral'}]",1177
"Emilio , the manager , is often sitting in the front table greeting guests as they come and go .","Emilio, the owner, is often sitting in the front table greeting guests as they come and go.",['manager'],"[{'term': 'manager', 'polarity': 'positive'}]","[{'category': 'general', 'polarity': 'neutral'}]",1179
"Emilio , the owner , is often sitting in the front table greeting guests as they come and go .","Emilio, the owner, is often sitting in the front table greeting guests as they come and go.",['owner'],"[{'term': 'owner', 'polarity': 'positive'}]","[{'category': 'general', 'polarity': 'neutral'}]",1181
burgers topped with cheese are juicy and piled high ( ask for extra mayo lettuce ).,Pastrami or corned beef are juicy and piled high (ask for extra rye bread).,"['burgers topped with cheese', 'mayo lettuce']","[{'term': 'burgers topped with cheese', 'polarity': 'positive'}, {'term': 'mayo lettuce', 'polarity': 'positive'}]","[{'category': 'general', 'polarity': 'neutral'}]",1182
burgers juicy topped cheese are juicy and piled high ( ask for extra pickles relish ).,Pastrami or corned beef are juicy and piled high (ask for extra rye bread).,"['burgers juicy topped cheese', 'pickles relish']","[{'term': 'burgers juicy topped cheese', 'polarity': 'positive'}, {'term': 'pickles relish', 'polarity': 'positive'}]","[{'category': 'general', 'polarity': 'neutral'}]",1183
burgers at this spots are juicy and piled high ( ask for extra cheese ketchup ).,Pastrami or corned beef are juicy and piled high (ask for extra rye bread).,"['burgers at this spots', 'cheese ketchup']","[{'term': 'burgers at this spots', 'polarity': 'positive'}, {'term': 'cheese ketchup', 'polarity': 'positive'}]","[{'category': 'general', 'polarity': 'neutral'}]",1184
A great choice at any time and a great deal .,A great choice at any cost and a great deal.,['time'],"[{'term': 'time', 'polarity': 'positive'}]","[{'category': 'general', 'polarity': 'neutral'}]",1185
A great choice at any hour and a great deal .,A great choice at any cost and a great deal.,['hour'],"[{'term': 'hour', 'polarity': 'positive'}]","[{'category': 'general', 'polarity': 'neutral'}]",1187
"Have always found that the staff will go out of their way to be helpful , despite the fact they are often busy with lots of tables .","Have always found that the waiters will go out of their way to be helpful, despite the fact they are often busy with lots of diners.","['staff', 'tables']","[{'term': 'staff', 'polarity': 'positive'}, {'term': 'tables', 'polarity': 'neutral'}]","[{'category': 'general', 'polarity': 'neutral'}]",1188
"cake flavor was gorgeously moist - as if poached - yet the fabulous crumb was let down by curiously bland filling - a icing sauce might have overwhelmed , however spices or other  would have done much to enhance .","Barbecued codfish was gorgeously moist - as if poached - yet the fabulous texture was let down by curiously bland seasoning - a spice rub might have overwhelmed, however herb mix or other sauce would have done much to enhance.","['cake flavor', 'crumb', 'filling', 'icing sauce', 'spices', '']","[{'term': 'cake flavor', 'polarity': 'positive'}, {'term': 'crumb', 'polarity': 'negative'}, {'term': 'filling', 'polarity': 'conflict'}, {'term': 'icing sauce', 'polarity': 'negative'}, {'term': 'spices', 'polarity': 'negative'}, {'term': '', 'polarity': 'negative'}]","[{'category': 'general', 'polarity': 'neutral'}]",1191
"cake the was gorgeously moist - as if poached - yet the fabulous icing was let down by curiously bland flavor - a rich sauce might have overwhelmed , however herbs or other  would have done much to enhance .","Barbecued codfish was gorgeously moist - as if poached - yet the fabulous texture was let down by curiously bland seasoning - a spice rub might have overwhelmed, however herb mix or other sauce would have done much to enhance.","['cake the', 'icing', 'flavor', 'rich sauce', 'herbs', '']","[{'term': 'cake the', 'polarity': 'positive'}, {'term': 'icing', 'polarity': 'negative'}, {'term': 'flavor', 'polarity': 'conflict'}, {'term': 'rich sauce', 'polarity': 'negative'}, {'term': 'herbs', 'polarity': 'negative'}, {'term': '', 'polarity': 'negative'}]","[{'category': 'general', 'polarity': 'neutral'}]",1192
"cake layer was gorgeously moist - as if poached - yet the fabulous icing was let down by curiously bland flavor - a spice herbs might have overwhelmed , however  or other  would have done much to enhance .","Barbecued codfish was gorgeously moist - as if poached - yet the fabulous texture was let down by curiously bland seasoning - a spice rub might have overwhelmed, however herb mix or other sauce would have done much to enhance.","['cake layer', 'icing', 'flavor', 'spice herbs', '', '']","[{'term': 'cake layer', 'polarity': 'positive'}, {'term': 'icing', 'polarity': 'negative'}, {'term': 'flavor', 'polarity': 'conflict'}, {'term': 'spice herbs', 'polarity': 'negative'}, {'term': '', 'polarity': 'negative'}, {'term': '', 'polarity': 'negative'}]","[{'category': 'general', 'polarity': 'neutral'}]",1193
"Friendly and informative waiter , very attentive and prompt raw food service .","Friendly and informative staff, very attentive and prompt raw bar service.","['waiter', 'food service']","[{'term': 'waiter', 'polarity': 'positive'}, {'term': 'food service', 'polarity': 'positive'}]","[{'category': 'general', 'polarity': 'neutral'}]",1194
"Friendly and informative staff , very attentive and prompt raw servers service .","Friendly and informative staff, very attentive and prompt raw bar service.","['staff', 'servers service']","[{'term': 'staff', 'polarity': 'positive'}, {'term': 'servers service', 'polarity': 'positive'}]","[{'category': 'general', 'polarity': 'neutral'}]",1195
"Interesting selection , good dishes , service fine , fun atmosphere .","Interesting selection, good wines, service fine, fun decor.","['dishes', 'service', 'atmosphere']","[{'term': 'dishes', 'polarity': 'positive'}, {'term': 'service', 'polarity': 'positive'}, {'term': 'atmosphere', 'polarity': 'positive'}]","[{'category': 'general', 'polarity': 'neutral'}]",1197
"Interesting selection , good dishes , service fine , fun dining .","Interesting selection, good wines, service fine, fun decor.","['dishes', 'service', 'dining']","[{'term': 'dishes', 'polarity': 'positive'}, {'term': 'service', 'polarity': 'positive'}, {'term': 'dining', 'polarity': 'positive'}]","[{'category': 'general', 'polarity': 'neutral'}]",1198
"Meanwhile , the chef continued to pour wine from his reserve after we had finished our bottle and we enjoyed an amuse of oysters shrimp lobster cocktail , gratis .","Meanwhile, the bartender continued to pour champagne from his reserve after we had finished our bottle and we enjoyed an amuse of turnip soup with pureed basil, gratis.","['chef', 'wine', 'oysters shrimp lobster cocktail']","[{'term': 'chef', 'polarity': 'positive'}, {'term': 'wine', 'polarity': 'neutral'}, {'term': 'oysters shrimp lobster cocktail', 'polarity': 'positive'}]","[{'category': 'general', 'polarity': 'neutral'}]",1200
"Meanwhile , the H continued to pour e from his reserve after we had finished our bottle and we enjoyed an amuse of r e   i s , gratis .","Meanwhile, the bartender continued to pour champagne from his reserve after we had finished our bottle and we enjoyed an amuse of turnip soup with pureed basil, gratis.","['H', 'e', 'r e   i s']","[{'term': 'H', 'polarity': 'positive'}, {'term': 'e', 'polarity': 'neutral'}, {'term': 'r e   i s', 'polarity': 'positive'}]","[{'category': 'general', 'polarity': 'neutral'}]",1201
"Meanwhile , the wine continued to pour glass from his reserve after we had finished our bottle and we enjoyed an amuse of brie bread and cheese , gratis .","Meanwhile, the bartender continued to pour champagne from his reserve after we had finished our bottle and we enjoyed an amuse of turnip soup with pureed basil, gratis.","['wine', 'glass', 'brie bread and cheese']","[{'term': 'wine', 'polarity': 'positive'}, {'term': 'glass', 'polarity': 'neutral'}, {'term': 'brie bread and cheese', 'polarity': 'positive'}]","[{'category': 'general', 'polarity': 'neutral'}]",1202
We walked in on a Wednesday night and were greeted promptly .,We walked in on a Wednesday night and were seated promptly.,['greeted'],"[{'term': 'greeted', 'polarity': 'positive'}]","[{'category': 'general', 'polarity': 'neutral'}]",1203
We walked in on a Wednesday night and were seated promptly .,We walked in on a Wednesday night and were seated promptly.,['seated'],"[{'term': 'seated', 'polarity': 'positive'}]","[{'category': 'general', 'polarity': 'neutral'}]",1204
My dinner meatballs appetizer portion dish was really bland and oily .,My chow fun and chow see was really bland and oily.,['dinner meatballs appetizer portion dish'],"[{'term': 'dinner meatballs appetizer portion dish', 'polarity': 'negative'}]","[{'category': 'general', 'polarity': 'neutral'}]",1209
My dishes service food waiter meal was really bland and oily .,My chow fun and chow see was really bland and oily.,['dishes service food waiter meal'],"[{'term': 'dishes service food waiter meal', 'polarity': 'negative'}]","[{'category': 'general', 'polarity': 'neutral'}]",1210
My meals dinner at restaurant dining was really bland and oily .,My chow fun and chow see was really bland and oily.,['meals dinner at restaurant dining'],"[{'term': 'meals dinner at restaurant dining', 'polarity': 'negative'}]","[{'category': 'general', 'polarity': 'neutral'}]",1211
"Even though I made the reservation at 3pm for the same night through Dinnerbroker , we were stuck at a restaurant with one of the best view !","Even though I made the reservation at 3pm for the same night through Dinnerbroker, we were seated at a table with one of the best view!","['reservation', 'stuck', 'restaurant']","[{'term': 'reservation', 'polarity': 'positive'}, {'term': 'stuck', 'polarity': 'positive'}, {'term': 'restaurant', 'polarity': 'positive'}]","[{'category': 'general', 'polarity': 'neutral'}]",1212
"Even though I made the reservation at 3pm for the same night through Dinnerbroker , we were delayed at a restaurant with one of the best view !","Even though I made the reservation at 3pm for the same night through Dinnerbroker, we were seated at a table with one of the best view!","['reservation', 'delayed', 'restaurant']","[{'term': 'reservation', 'polarity': 'positive'}, {'term': 'delayed', 'polarity': 'positive'}, {'term': 'restaurant', 'polarity': 'positive'}]","[{'category': 'general', 'polarity': 'neutral'}]",1214
We took advanatage of the offers deals discounts promotions on saturday so it was well worth it .,We took advanatage of the half price sushi deal on saturday so it was well worth it.,['offers deals discounts promotions'],"[{'term': 'offers deals discounts promotions', 'polarity': 'positive'}]","[{'category': 'general', 'polarity': 'neutral'}]",1215
We took advanatage of the happy hour specials deals on saturday so it was well worth it .,We took advanatage of the half price sushi deal on saturday so it was well worth it.,['happy hour specials deals'],"[{'term': 'happy hour specials deals', 'polarity': 'positive'}]","[{'category': 'general', 'polarity': 'neutral'}]",1216
We took advanatage of the opportunity early bird discounts on saturday so it was well worth it .,We took advanatage of the half price sushi deal on saturday so it was well worth it.,['opportunity early bird discounts'],"[{'term': 'opportunity early bird discounts', 'polarity': 'positive'}]","[{'category': 'general', 'polarity': 'neutral'}]",1217
"I only tried a simple pasta a few dishes flavors notes elements aspects styles of others , but it actually faired better than most NYC Italian joints I ' ve tried similar  at .","I only tried a simple dish of spinach ravioli in a light oil and garlic sauce, but it actually faired better than most NYC Italian joints I've tried similar dishes at.","['pasta a few dishes flavors notes elements aspects styles', 'others', '']","[{'term': 'pasta a few dishes flavors notes elements aspects styles', 'polarity': 'positive'}, {'term': 'others', 'polarity': 'positive'}, {'term': '', 'polarity': 'neutral'}]","[{'category': 'general', 'polarity': 'neutral'}]",1218
"I only tried a simple pasta classic garlic olive oil salt pepper dishes dishes of others , but it actually faired better than most NYC Italian joints I ' ve tried similar  at .","I only tried a simple dish of spinach ravioli in a light oil and garlic sauce, but it actually faired better than most NYC Italian joints I've tried similar dishes at.","['pasta classic garlic olive oil salt pepper dishes dishes', 'others', '']","[{'term': 'pasta classic garlic olive oil salt pepper dishes dishes', 'polarity': 'positive'}, {'term': 'others', 'polarity': 'positive'}, {'term': '', 'polarity': 'neutral'}]","[{'category': 'general', 'polarity': 'neutral'}]",1219
"I only tried a simple dish of pasta garlic shrimp oil herbs seasoning sauce of flavors , but it actually faired better than most NYC Italian joints I ' ve tried similar  at .","I only tried a simple dish of spinach ravioli in a light oil and garlic sauce, but it actually faired better than most NYC Italian joints I've tried similar dishes at.","['dish of pasta garlic shrimp oil herbs seasoning sauce', 'flavors', '']","[{'term': 'dish of pasta garlic shrimp oil herbs seasoning sauce', 'polarity': 'positive'}, {'term': 'flavors', 'polarity': 'positive'}, {'term': '', 'polarity': 'neutral'}]","[{'category': 'general', 'polarity': 'neutral'}]",1220
I would highly recommend this place to anyone who is looking for a fine dining experience meal that is definitely a value for your dollar .,I would highly recommend this place to anyone who is looking for a fine Indian dining experience that is definitely a value for your dollar.,['dining experience meal'],"[{'term': 'dining experience meal', 'polarity': 'positive'}]","[{'category': 'general', 'polarity': 'neutral'}]",1221
exorbitant way over priced .,Drinks way over priced.,"['exorbitant', 'priced']","[{'term': 'exorbitant', 'polarity': 'negative'}, {'term': 'priced', 'polarity': 'negative'}]","[{'category': 'general', 'polarity': 'neutral'}]",1227
far way over priced .,Drinks way over priced.,"['far', 'priced']","[{'term': 'far', 'polarity': 'negative'}, {'term': 'priced', 'polarity': 'negative'}]","[{'category': 'general', 'polarity': 'neutral'}]",1228
expensive way over priced .,Drinks way over priced.,"['expensive', 'priced']","[{'term': 'expensive', 'polarity': 'negative'}, {'term': 'priced', 'polarity': 'negative'}]","[{'category': 'general', 'polarity': 'neutral'}]",1229
Scalina Fedeli reminded me why dining is so integral to fine cuisine .,Scalina Fedeli reminded me why service is so integral to fine dining.,"['dining', 'cuisine']","[{'term': 'dining', 'polarity': 'positive'}, {'term': 'cuisine', 'polarity': 'positive'}]","[{'category': 'general', 'polarity': 'neutral'}]",1233
The only disappointment was the waiter server dining who didn ' t seem to know what a customer is on a realtively non - busy night ( for the slow restaurant dinner ).,The only disappointment was the coat check girls who didn't seem to know what a customer is on a realtively non-busy night (for the coat check girls).,"['waiter server dining', 'slow restaurant dinner']","[{'term': 'waiter server dining', 'polarity': 'negative'}, {'term': 'slow restaurant dinner', 'polarity': 'negative'}]","[{'category': 'general', 'polarity': 'neutral'}]",1236
The only disappointment was the server waiter waitstaff who didn ' t seem to know what a customer is on a realtively non - busy night ( for the restaurant dinner lunch ).,The only disappointment was the coat check girls who didn't seem to know what a customer is on a realtively non-busy night (for the coat check girls).,"['server waiter waitstaff', 'restaurant dinner lunch']","[{'term': 'server waiter waitstaff', 'polarity': 'negative'}, {'term': 'restaurant dinner lunch', 'polarity': 'negative'}]","[{'category': 'general', 'polarity': 'neutral'}]",1237
The only disappointment was the waiter server staff who didn ' t seem to know what a customer is on a realtively non - busy night ( for the restaurant establishment business ).,The only disappointment was the coat check girls who didn't seem to know what a customer is on a realtively non-busy night (for the coat check girls).,"['waiter server staff', 'restaurant establishment business']","[{'term': 'waiter server staff', 'polarity': 'negative'}, {'term': 'restaurant establishment business', 'polarity': 'negative'}]","[{'category': 'general', 'polarity': 'neutral'}]",1238
This was the worst meal dining I ' ve ever had .,This was the worst dining experience I've ever had.,['meal dining'],"[{'term': 'meal dining', 'polarity': 'negative'}]","[{'category': 'general', 'polarity': 'neutral'}]",1242
The tastes and couple ' s are so yummy !,The bruschetta and panini's are so yummy!,"['tastes', 'couple']","[{'term': 'tastes', 'polarity': 'positive'}, {'term': 'couple', 'polarity': 'positive'}]","[{'category': 'general', 'polarity': 'neutral'}]",1245
The cookies and cakes ' s are so yummy !,The bruschetta and panini's are so yummy!,"['cookies', 'cakes']","[{'term': 'cookies', 'polarity': 'positive'}, {'term': 'cakes', 'polarity': 'positive'}]","[{'category': 'general', 'polarity': 'neutral'}]",1247
The cuisine can get pricey but the prixe fixe tasting menu is the greatest option for a good dinner and they cater the party to any dietary allergies or dislikes you don ' t like .,The food can get pricey but the prixe fixe tasting menu is the greatest food for a good price and they cater the food to any food allergies or food you don't like.,"['cuisine', 'option', 'dinner', 'party', 'dietary', 'dislikes']","[{'term': 'cuisine', 'polarity': 'conflict'}, {'term': 'option', 'polarity': 'positive'}, {'term': 'dinner', 'polarity': 'positive'}, {'term': 'party', 'polarity': 'positive'}, {'term': 'dietary', 'polarity': 'neutral'}, {'term': 'dislikes', 'polarity': 'negative'}]","[{'category': 'general', 'polarity': 'neutral'}]",1248
The dining can get pricey but the prixe fixe tasting menu is the greatest experience for a good meal and they cater the weddings to any dietary allergies or requests you don ' t like .,The food can get pricey but the prixe fixe tasting menu is the greatest food for a good price and they cater the food to any food allergies or food you don't like.,"['dining', 'experience', 'meal', 'weddings', 'dietary', 'requests']","[{'term': 'dining', 'polarity': 'conflict'}, {'term': 'experience', 'polarity': 'positive'}, {'term': 'meal', 'polarity': 'positive'}, {'term': 'weddings', 'polarity': 'positive'}, {'term': 'dietary', 'polarity': 'neutral'}, {'term': 'requests', 'polarity': 'negative'}]","[{'category': 'general', 'polarity': 'neutral'}]",1249
The meal can get pricey but the prixe fixe tasting menu is the greatest option for a good experience and they cater the guests to any dietary allergies or requests you don ' t like .,The food can get pricey but the prixe fixe tasting menu is the greatest food for a good price and they cater the food to any food allergies or food you don't like.,"['meal', 'option', 'experience', 'guests', 'dietary', 'requests']","[{'term': 'meal', 'polarity': 'conflict'}, {'term': 'option', 'polarity': 'positive'}, {'term': 'experience', 'polarity': 'positive'}, {'term': 'guests', 'polarity': 'positive'}, {'term': 'dietary', 'polarity': 'neutral'}, {'term': 'requests', 'polarity': 'negative'}]","[{'category': 'general', 'polarity': 'neutral'}]",1250
I LOVE their menu prices food quality service ambiance atmosphere staff experience is the MUST !,I LOVE their Thai noodles with shrimp and chicken and coconut juice is the MUST!,['menu prices food quality service ambiance atmosphere staff experience'],"[{'term': 'menu prices food quality service ambiance atmosphere staff experience', 'polarity': 'positive'}]","[{'category': 'general', 'polarity': 'neutral'}]",1251
I LOVE their dishes service atmosphere food quality menu price experience staff is the MUST !,I LOVE their Thai noodles with shrimp and chicken and coconut juice is the MUST!,['dishes service atmosphere food quality menu price experience staff'],"[{'term': 'dishes service atmosphere food quality menu price experience staff', 'polarity': 'positive'}]","[{'category': 'general', 'polarity': 'neutral'}]",1252
I LOVE their menu items food quality service staff atmosphere ambiance restaurant is the MUST !,I LOVE their Thai noodles with shrimp and chicken and coconut juice is the MUST!,['menu items food quality service staff atmosphere ambiance restaurant'],"[{'term': 'menu items food quality service staff atmosphere ambiance restaurant', 'polarity': 'positive'}]","[{'category': 'general', 'polarity': 'neutral'}]",1253
"The highlight of the night was the dinner for my side of fries chef I received from one of the servers , which is not good considering the price was nearly $ 100 .","The highlight of the night was the mayonaisse for my side of fries I received from one of the food runners, which is not good considering the bill was nearly $100.","['dinner', 'fries chef', 'servers', 'price']","[{'term': 'dinner', 'polarity': 'negative'}, {'term': 'fries chef', 'polarity': 'neutral'}, {'term': 'servers', 'polarity': 'negative'}, {'term': 'price', 'polarity': 'negative'}]","[{'category': 'general', 'polarity': 'neutral'}]",1254
"The highlight of the night was the dish for my side of mashed potatoes chef I received from one of the kitchen , which is not good considering the price was nearly $ 100 .","The highlight of the night was the mayonaisse for my side of fries I received from one of the food runners, which is not good considering the bill was nearly $100.","['dish', 'mashed potatoes chef', 'kitchen', 'price']","[{'term': 'dish', 'polarity': 'negative'}, {'term': 'mashed potatoes chef', 'polarity': 'neutral'}, {'term': 'kitchen', 'polarity': 'negative'}, {'term': 'price', 'polarity': 'negative'}]","[{'category': 'general', 'polarity': 'neutral'}]",1255
"The highlight of the night was the dish for my side of mashed potatoes server I received from one of the team , which is not good considering the price was nearly $ 100 .","The highlight of the night was the mayonaisse for my side of fries I received from one of the food runners, which is not good considering the bill was nearly $100.","['dish', 'mashed potatoes server', 'team', 'price']","[{'term': 'dish', 'polarity': 'negative'}, {'term': 'mashed potatoes server', 'polarity': 'neutral'}, {'term': 'team', 'polarity': 'negative'}, {'term': 'price', 'polarity': 'negative'}]","[{'category': 'general', 'polarity': 'neutral'}]",1256
"It is far more popular as a chain than as a restaurant , with only a few seat and the main being the dining , but we greatly enjoyed the unobtrusive service .","It is far more popular as a bar than as a restaurant, with only a few tables and the waiter being the bartender, but we greatly enjoyed the unobtrusive atmosphere.","['chain', 'seat', 'main', 'dining', 'service']","[{'term': 'chain', 'polarity': 'positive'}, {'term': 'seat', 'polarity': 'negative'}, {'term': 'main', 'polarity': 'neutral'}, {'term': 'dining', 'polarity': 'neutral'}, {'term': 'service', 'polarity': 'positive'}]","[{'category': 'general', 'polarity': 'neutral'}]",1257
"It is far more popular as a chain than as a restaurant , with only a few tables and the dining being the atmosphere , but we greatly enjoyed the unobtrusive background .","It is far more popular as a bar than as a restaurant, with only a few tables and the waiter being the bartender, but we greatly enjoyed the unobtrusive atmosphere.","['chain', 'tables', 'dining', 'atmosphere', 'background']","[{'term': 'chain', 'polarity': 'positive'}, {'term': 'tables', 'polarity': 'negative'}, {'term': 'dining', 'polarity': 'neutral'}, {'term': 'atmosphere', 'polarity': 'neutral'}, {'term': 'background', 'polarity': 'positive'}]","[{'category': 'general', 'polarity': 'neutral'}]",1258
"It is far more popular as a destination than as a restaurant , with only a few tables and the dining being the area , but we greatly enjoyed the unobtrusive service .","It is far more popular as a bar than as a restaurant, with only a few tables and the waiter being the bartender, but we greatly enjoyed the unobtrusive atmosphere.","['destination', 'tables', 'dining', 'area', 'service']","[{'term': 'destination', 'polarity': 'positive'}, {'term': 'tables', 'polarity': 'negative'}, {'term': 'dining', 'polarity': 'neutral'}, {'term': 'area', 'polarity': 'neutral'}, {'term': 'service', 'polarity': 'positive'}]","[{'category': 'general', 'polarity': 'neutral'}]",1259
"Still , try it once , since if you end up loving the dish , it could be one of your best restaurant experiences .","Still, try it once, since if you end up loving the food, it could be one of your best dining experiences.","['dish', 'restaurant experiences']","[{'term': 'dish', 'polarity': 'neutral'}, {'term': 'restaurant experiences', 'polarity': 'positive'}]","[{'category': 'general', 'polarity': 'neutral'}]",1260
"Still , try it once , since if you end up loving the dishes , it could be one of your best restaurants discoveries .","Still, try it once, since if you end up loving the food, it could be one of your best dining experiences.","['dishes', 'restaurants discoveries']","[{'term': 'dishes', 'polarity': 'neutral'}, {'term': 'restaurants discoveries', 'polarity': 'positive'}]","[{'category': 'general', 'polarity': 'neutral'}]",1261
"Still , try it once , since if you end up loving the dishes , it could be one of your best dining spots .","Still, try it once, since if you end up loving the food, it could be one of your best dining experiences.","['dishes', 'dining spots']","[{'term': 'dishes', 'polarity': 'neutral'}, {'term': 'dining spots', 'polarity': 'positive'}]","[{'category': 'general', 'polarity': 'neutral'}]",1262
The spicy curry wonton is huge and probably the best that I ' ve had at this Thai restaurant .,The spicy Tuna roll is huge and probably the best that I've had at this price range.,"['curry wonton', 'Thai restaurant']","[{'term': 'curry wonton', 'polarity': 'positive'}, {'term': 'Thai restaurant', 'polarity': 'positive'}]","[{'category': 'general', 'polarity': 'neutral'}]",1263
The spicy curry wonton is huge and probably the best that I ' ve had at this Asian restaurant .,The spicy Tuna roll is huge and probably the best that I've had at this price range.,"['curry wonton', 'Asian restaurant']","[{'term': 'curry wonton', 'polarity': 'positive'}, {'term': 'Asian restaurant', 'polarity': 'positive'}]","[{'category': 'general', 'polarity': 'neutral'}]",1264
The spicy curry dish is huge and probably the best that I ' ve had at this restaurant chain .,The spicy Tuna roll is huge and probably the best that I've had at this price range.,"['curry dish', 'restaurant chain']","[{'term': 'curry dish', 'polarity': 'positive'}, {'term': 'restaurant chain', 'polarity': 'positive'}]","[{'category': 'general', 'polarity': 'neutral'}]",1265
I had a huge sandwich turkey on a roll .,I had a huge pastrami sandwich on a roll.,['sandwich turkey'],"[{'term': 'sandwich turkey', 'polarity': 'positive'}]","[{'category': 'general', 'polarity': 'neutral'}]",1266
I had a huge sandwich burger on a roll .,I had a huge pastrami sandwich on a roll.,['sandwich burger'],"[{'term': 'sandwich burger', 'polarity': 'positive'}]","[{'category': 'general', 'polarity': 'neutral'}]",1267
I had a huge hamburger sandwich on a roll .,I had a huge pastrami sandwich on a roll.,['hamburger sandwich'],"[{'term': 'hamburger sandwich', 'polarity': 'positive'}]","[{'category': 'general', 'polarity': 'neutral'}]",1268
"Unless you are eating in the Pizzeria side of this restaurant , and are not in a rush , this table is a bad idea .","Unless you are eating in the Pizzeria side of this place, and are not in a rush, this place is a bad idea.","['restaurant', 'table']","[{'term': 'restaurant', 'polarity': 'negative'}, {'term': 'table', 'polarity': 'negative'}]","[{'category': 'general', 'polarity': 'neutral'}]",1269
"Unless you are eating in the Pizzeria side of this restaurant , and are not in a rush , this wait is a bad idea .","Unless you are eating in the Pizzeria side of this place, and are not in a rush, this place is a bad idea.","['restaurant', 'wait']","[{'term': 'restaurant', 'polarity': 'negative'}, {'term': 'wait', 'polarity': 'negative'}]","[{'category': 'general', 'polarity': 'neutral'}]",1270
The cuisine may be unconventional but the chef dishes is definitely authentic and the combinations very tasty .,The fillings may be unconventional but the dosa batter is definitely authentic and the combinations very tasty.,"['cuisine', 'chef dishes']","[{'term': 'cuisine', 'polarity': 'neutral'}, {'term': 'chef dishes', 'polarity': 'positive'}]","[{'category': 'general', 'polarity': 'neutral'}]",1272
The menu may be unconventional but the options pairing is definitely authentic and the combinations very tasty .,The fillings may be unconventional but the dosa batter is definitely authentic and the combinations very tasty.,"['menu', 'options pairing']","[{'term': 'menu', 'polarity': 'neutral'}, {'term': 'options pairing', 'polarity': 'positive'}]","[{'category': 'general', 'polarity': 'neutral'}]",1273
Overall a disappointing experience for that price category .,Overall a disappointing experience for that price category.,['price'],"[{'term': 'price', 'polarity': 'negative'}]","[{'category': 'general', 'polarity': 'neutral'}]",1275
Overall a disappointing experience for that category category .,Overall a disappointing experience for that price category.,['category'],"[{'term': 'category', 'polarity': 'negative'}]","[{'category': 'general', 'polarity': 'neutral'}]",1277
"We live in New Jersey and whenever we go into New York City we buy dumplings to eat hot and then to freeze ( they told me that if I call in the order , they ' d bring it out to the car so I wouldn ' t have to look for parking ).","We live in New Jersey and whenever we go into New York City we buy bagels to eat hot and then to freeze (they told me that if I call in the order, they'd bring it out to the car so I wouldn't have to look for parking).",['dumplings'],"[{'term': 'dumplings', 'polarity': 'neutral'}]","[{'category': 'general', 'polarity': 'neutral'}]",1284
"We live in New Jersey and whenever we go into New York City we buy sandwiches to eat hot and then to freeze ( they told me that if I call in the order , they ' d bring it out to the car so I wouldn ' t have to look for parking ).","We live in New Jersey and whenever we go into New York City we buy bagels to eat hot and then to freeze (they told me that if I call in the order, they'd bring it out to the car so I wouldn't have to look for parking).",['sandwiches'],"[{'term': 'sandwiches', 'polarity': 'neutral'}]","[{'category': 'general', 'polarity': 'neutral'}]",1285
"Oh yes , and if you are a fan of Indian oldies film stars , there are plenty of photos of Indian actors and actresses in classic black white that adorn the walls , some of which , I would love to know where they obtained .","Oh yes, and if you are a fan of Indian oldies film stars, there are plenty of portraits of Indian actors and actresses in classic black white that adorn the walls, some of which, I would love to know where they obtained.",['photos'],"[{'term': 'photos', 'polarity': 'positive'}]","[{'category': 'general', 'polarity': 'neutral'}]",1287
"Oh yes , and if you are a fan of Indian oldies film stars , there are plenty of photographs of Indian actors and actresses in classic black white that adorn the walls , some of which , I would love to know where they obtained .","Oh yes, and if you are a fan of Indian oldies film stars, there are plenty of portraits of Indian actors and actresses in classic black white that adorn the walls, some of which, I would love to know where they obtained.",['photographs'],"[{'term': 'photographs', 'polarity': 'positive'}]","[{'category': 'general', 'polarity': 'neutral'}]",1288
We arrived on time for our reservation and seated promptly . The,We arrived on time for our reservation and seated promptly.The,['reservation'],"[{'term': 'reservation', 'polarity': 'positive'}]","[{'category': 'general', 'polarity': 'neutral'}]",1290
Winnie and her friends are the best waiters you can find in you .,Winnie and her staff are the best crew you can find serving you.,"['friends', 'waiters', 'in']","[{'term': 'friends', 'polarity': 'positive'}, {'term': 'waiters', 'polarity': 'positive'}, {'term': 'in', 'polarity': 'positive'}]","[{'category': 'general', 'polarity': 'neutral'}]",1296
Winnie and her sister are the best waitress you can find anywhere you .,Winnie and her staff are the best crew you can find serving you.,"['sister', 'waitress', 'anywhere']","[{'term': 'sister', 'polarity': 'positive'}, {'term': 'waitress', 'polarity': 'positive'}, {'term': 'anywhere', 'polarity': 'positive'}]","[{'category': 'general', 'polarity': 'neutral'}]",1297
Winnie and her sister are the best singers you can find anywhere you .,Winnie and her staff are the best crew you can find serving you.,"['sister', 'singers', 'anywhere']","[{'term': 'sister', 'polarity': 'positive'}, {'term': 'singers', 'polarity': 'positive'}, {'term': 'anywhere', 'polarity': 'positive'}]","[{'category': 'general', 'polarity': 'neutral'}]",1298
DO not try unless you ' re just going there to hang out like the rest of the hipsters who apparently have no sense of taste .,DO not try unless you're just going there to hang out like the rest of the hipsters who apparently have no sense of taste.,['taste'],"[{'term': 'taste', 'polarity': 'negative'}]","[{'category': 'general', 'polarity': 'neutral'}]",1299
"Great dining , whether looking for a couple of dishes or quiet atmosphere .","Great spot, whether looking for a couple of drinks or quiet dinner.","['dining', 'dishes', 'atmosphere']","[{'term': 'dining', 'polarity': 'positive'}, {'term': 'dishes', 'polarity': 'positive'}, {'term': 'atmosphere', 'polarity': 'positive'}]","[{'category': 'general', 'polarity': 'neutral'}]",1305
"Great dining , whether looking for a couple of sandwiches or quiet moments .","Great spot, whether looking for a couple of drinks or quiet dinner.","['dining', 'sandwiches', 'moments']","[{'term': 'dining', 'polarity': 'positive'}, {'term': 'sandwiches', 'polarity': 'positive'}, {'term': 'moments', 'polarity': 'positive'}]","[{'category': 'general', 'polarity': 'neutral'}]",1306
"Great dining , whether looking for a couple of dishes or quiet tables .","Great spot, whether looking for a couple of drinks or quiet dinner.","['dining', 'dishes', 'tables']","[{'term': 'dining', 'polarity': 'positive'}, {'term': 'dishes', 'polarity': 'positive'}, {'term': 'tables', 'polarity': 'positive'}]","[{'category': 'general', 'polarity': 'neutral'}]",1307
"Check it out , it won ' t hurt your wallet or your pocket .","Check it out, it won't hurt your stomach or your wallet.","['wallet', 'pocket']","[{'term': 'wallet', 'polarity': 'positive'}, {'term': 'pocket', 'polarity': 'positive'}]","[{'category': 'general', 'polarity': 'neutral'}]",1308
"they did give a 15 % discount at the end , wasn ' t enough , as they knew the tip was horrible .","they did give a 15% discount at the end, wasn't enough, as they knew the service was horrible.","['discount', 'tip']","[{'term': 'discount', 'polarity': 'negative'}, {'term': 'tip', 'polarity': 'negative'}]","[{'category': 'general', 'polarity': 'neutral'}]",1311
"they did give a 15 % discount at the end , wasn ' t enough , as they knew the service was horrible .","they did give a 15% discount at the end, wasn't enough, as they knew the service was horrible.","['discount', 'service']","[{'term': 'discount', 'polarity': 'negative'}, {'term': 'service', 'polarity': 'negative'}]","[{'category': 'general', 'polarity': 'neutral'}]",1312
"It took half an hour to get our table , which was perfect since we could sit , have coffee and talk !","It took half an hour to get our check, which was perfect since we could sit, have drinks and talk!","['table', 'coffee']","[{'term': 'table', 'polarity': 'neutral'}, {'term': 'coffee', 'polarity': 'neutral'}]","[{'category': 'general', 'polarity': 'neutral'}]",1314
"It took half an hour to get our table , which was perfect since we could sit , have  and talk !","It took half an hour to get our check, which was perfect since we could sit, have drinks and talk!","['table', '']","[{'term': 'table', 'polarity': 'neutral'}, {'term': '', 'polarity': 'neutral'}]","[{'category': 'general', 'polarity': 'neutral'}]",1315
"Three dishes - choices include excellent options seafood steak pasta , salad dessert wine menu and  , and a  that is out of this world .","Three courses - choices include excellent mussels, puff pastry goat cheese and salad with a delicious dressing, and a hanger steak au poivre that is out of this world.","['dishes', 'options seafood steak pasta', 'salad dessert wine menu', '', '']","[{'term': 'dishes', 'polarity': 'positive'}, {'term': 'options seafood steak pasta', 'polarity': 'positive'}, {'term': 'salad dessert wine menu', 'polarity': 'positive'}, {'term': '', 'polarity': 'positive'}, {'term': '', 'polarity': 'neutral'}]","[{'category': 'general', 'polarity': 'neutral'}]",1317
"Three restaurants - choices include excellent dishes Indian Chinese Japanese , Korean Mexican Thai Vietnamese Italian and French , and a  that is out of this world .","Three courses - choices include excellent mussels, puff pastry goat cheese and salad with a delicious dressing, and a hanger steak au poivre that is out of this world.","['restaurants', 'dishes Indian Chinese Japanese', 'Korean Mexican Thai Vietnamese Italian', 'French', '']","[{'term': 'restaurants', 'polarity': 'positive'}, {'term': 'dishes Indian Chinese Japanese', 'polarity': 'positive'}, {'term': 'Korean Mexican Thai Vietnamese Italian', 'polarity': 'positive'}, {'term': 'French', 'polarity': 'positive'}, {'term': '', 'polarity': 'neutral'}]","[{'category': 'general', 'polarity': 'neutral'}]",1318
"Three restaurants - choices include excellent dishes Japanese Chinese Indian , Korean Italian Mexican Thai Vietnamese and  , and a  that is out of this world .","Three courses - choices include excellent mussels, puff pastry goat cheese and salad with a delicious dressing, and a hanger steak au poivre that is out of this world.","['restaurants', 'dishes Japanese Chinese Indian', 'Korean Italian Mexican Thai Vietnamese', '', '']","[{'term': 'restaurants', 'polarity': 'positive'}, {'term': 'dishes Japanese Chinese Indian', 'polarity': 'positive'}, {'term': 'Korean Italian Mexican Thai Vietnamese', 'polarity': 'positive'}, {'term': '', 'polarity': 'positive'}, {'term': '', 'polarity': 'neutral'}]","[{'category': 'general', 'polarity': 'neutral'}]",1319
"I have tried to make reservations , but both times , the server didn ' t have my name .","I have tried to make reservations, but both times, the hostess didn't have my name.","['reservations', 'server']","[{'term': 'reservations', 'polarity': 'neutral'}, {'term': 'server', 'polarity': 'negative'}]","[{'category': 'general', 'polarity': 'neutral'}]",1320
"I have tried to make reservations , but both times , the host didn ' t have my name .","I have tried to make reservations, but both times, the hostess didn't have my name.","['reservations', 'host']","[{'term': 'reservations', 'polarity': 'neutral'}, {'term': 'host', 'polarity': 'negative'}]","[{'category': 'general', 'polarity': 'neutral'}]",1321
"I have tried to make reservations , but both times , the restaurant didn ' t have my name .","I have tried to make reservations, but both times, the hostess didn't have my name.","['reservations', 'restaurant']","[{'term': 'reservations', 'polarity': 'neutral'}, {'term': 'restaurant', 'polarity': 'negative'}]","[{'category': 'general', 'polarity': 'neutral'}]",1322
"We had pasta pizzas and despite making a mess , it was a ton of fun and quite tasty as well .","We had crawfish boiled and despite making a mess, it was a ton of fun and quite tasty as well.",['pasta pizzas'],"[{'term': 'pasta pizzas', 'polarity': 'positive'}]","[{'category': 'general', 'polarity': 'neutral'}]",1323
"We had pasta carbonara and despite making a mess , it was a ton of fun and quite tasty as well .","We had crawfish boiled and despite making a mess, it was a ton of fun and quite tasty as well.",['pasta carbonara'],"[{'term': 'pasta carbonara', 'polarity': 'positive'}]","[{'category': 'general', 'polarity': 'neutral'}]",1324
"We had fondue chocolate and despite making a mess , it was a ton of fun and quite tasty as well .","We had crawfish boiled and despite making a mess, it was a ton of fun and quite tasty as well.",['fondue chocolate'],"[{'term': 'fondue chocolate', 'polarity': 'positive'}]","[{'category': 'general', 'polarity': 'neutral'}]",1325
"If you ' re craving for Haru ' s great sushi , especially the House Roll , but can ' t stand the atmosphere noise outisde , head across the street to their Sake Bar !","If you're craving for Haru's great food, especially the House Roll, but can't stand the wait building outisde, head across the street to their Sake Bar!","['sushi', 'atmosphere noise']","[{'term': 'sushi', 'polarity': 'positive'}, {'term': 'atmosphere noise', 'polarity': 'negative'}]","[{'category': 'general', 'polarity': 'neutral'}]",1326
"If you ' re craving for Haru ' s great sushi , especially the House Roll , but can ' t stand the noise outside outisde , head across the street to their Sake Bar !","If you're craving for Haru's great food, especially the House Roll, but can't stand the wait building outisde, head across the street to their Sake Bar!","['sushi', 'noise outside']","[{'term': 'sushi', 'polarity': 'positive'}, {'term': 'noise outside', 'polarity': 'negative'}]","[{'category': 'general', 'polarity': 'neutral'}]",1327
"If you ' re craving for Haru ' s great sushi , especially the House Roll , but can ' t stand the ambiance outisde , head across the street to their Sake Bar !","If you're craving for Haru's great food, especially the House Roll, but can't stand the wait building outisde, head across the street to their Sake Bar!","['sushi', 'ambiance']","[{'term': 'sushi', 'polarity': 'positive'}, {'term': 'ambiance', 'polarity': 'negative'}]","[{'category': 'general', 'polarity': 'neutral'}]",1328
"The waiter chef says to keep an eye out for an expanded menu offering more options dishes , I can ' t wait !","The takeout menu says to keep an eye out for an expanded menu offering more italian dishes, I can't wait!","['waiter chef', 'menu', 'options dishes']","[{'term': 'waiter chef', 'polarity': 'positive'}, {'term': 'menu', 'polarity': 'positive'}, {'term': 'options dishes', 'polarity': 'positive'}]","[{'category': 'general', 'polarity': 'neutral'}]",1329
"The manager waiter says to keep an eye out for an expanded menu offering more dishes options , I can ' t wait !","The takeout menu says to keep an eye out for an expanded menu offering more italian dishes, I can't wait!","['manager waiter', 'menu', 'dishes options']","[{'term': 'manager waiter', 'polarity': 'positive'}, {'term': 'menu', 'polarity': 'positive'}, {'term': 'dishes options', 'polarity': 'positive'}]","[{'category': 'general', 'polarity': 'neutral'}]",1330
"The restaurant is larger than most and features adequate parking unlike most joints , and has a bar which deserves a mention .","The place is larger than most and features adequate seating unlike most joints, and has a bar which deserves a mention.","['restaurant', 'parking', 'bar']","[{'term': 'restaurant', 'polarity': 'positive'}, {'term': 'parking', 'polarity': 'positive'}, {'term': 'bar', 'polarity': 'positive'}]","[{'category': 'general', 'polarity': 'neutral'}]",1332
"The restaurant is larger than most and features adequate seating unlike most joints , and has a decor which deserves a mention .","The place is larger than most and features adequate seating unlike most joints, and has a bar which deserves a mention.","['restaurant', 'seating', 'decor']","[{'term': 'restaurant', 'polarity': 'positive'}, {'term': 'seating', 'polarity': 'positive'}, {'term': 'decor', 'polarity': 'positive'}]","[{'category': 'general', 'polarity': 'neutral'}]",1334
This place would be so much better managed by being run by a group that actually understands customer needs .,This place would be so much better served by being run by a group that actually understands customer service.,"['managed', 'needs']","[{'term': 'managed', 'polarity': 'negative'}, {'term': 'needs', 'polarity': 'negative'}]","[{'category': 'general', 'polarity': 'neutral'}]",1335
This place would be so much better better by being run by a group that actually understands customer needs .,This place would be so much better served by being run by a group that actually understands customer service.,"['better', 'needs']","[{'term': 'better', 'polarity': 'negative'}, {'term': 'needs', 'polarity': 'negative'}]","[{'category': 'general', 'polarity': 'neutral'}]",1336
This place would be so much better cared by being run by a group that actually understands customer needs .,This place would be so much better served by being run by a group that actually understands customer service.,"['cared', 'needs']","[{'term': 'cared', 'polarity': 'negative'}, {'term': 'needs', 'polarity': 'negative'}]","[{'category': 'general', 'polarity': 'neutral'}]",1337
"my personal favorite is an everything bagel with cream cheese , but all the pastries are unbeliavably good .","my personal favorite is an everything bagel with lox spread, but all the bagles are unbeliavably good.","['bagel with cream cheese', 'pastries']","[{'term': 'bagel with cream cheese', 'polarity': 'positive'}, {'term': 'pastries', 'polarity': 'positive'}]","[{'category': 'general', 'polarity': 'neutral'}]",1338
"my personal favorite is an everything bagel with toppings flavors , but all the pastries are unbeliavably good .","my personal favorite is an everything bagel with lox spread, but all the bagles are unbeliavably good.","['bagel with toppings flavors', 'pastries']","[{'term': 'bagel with toppings flavors', 'polarity': 'positive'}, {'term': 'pastries', 'polarity': 'positive'}]","[{'category': 'general', 'polarity': 'neutral'}]",1339
"my personal favorite is an everything bagel with cream cheese toppings , but all the sandwiches are unbeliavably good .","my personal favorite is an everything bagel with lox spread, but all the bagles are unbeliavably good.","['bagel with cream cheese toppings', 'sandwiches']","[{'term': 'bagel with cream cheese toppings', 'polarity': 'positive'}, {'term': 'sandwiches', 'polarity': 'positive'}]","[{'category': 'general', 'polarity': 'neutral'}]",1340
"otherwise , good dining for late nite dining .","otherwise, good stuff for late nite eats.","['dining', 'dining']","[{'term': 'dining', 'polarity': 'positive'}, {'term': 'dining', 'polarity': 'positive'}]","[{'category': 'general', 'polarity': 'neutral'}]",1341
The portions are large and the waiters always surprise us with a different menu .,The portions are large and the servers always surprise us with a different starter.,"['portions', 'waiters', 'menu']","[{'term': 'portions', 'polarity': 'positive'}, {'term': 'waiters', 'polarity': 'positive'}, {'term': 'menu', 'polarity': 'positive'}]","[{'category': 'general', 'polarity': 'neutral'}]",1344
The portions are large and the servers always surprise us with a different menu .,The portions are large and the servers always surprise us with a different starter.,"['portions', 'servers', 'menu']","[{'term': 'portions', 'polarity': 'positive'}, {'term': 'servers', 'polarity': 'positive'}, {'term': 'menu', 'polarity': 'positive'}]","[{'category': 'general', 'polarity': 'neutral'}]",1345
The portions are large and the plates always surprise us with a different dish .,The portions are large and the servers always surprise us with a different starter.,"['portions', 'plates', 'dish']","[{'term': 'portions', 'polarity': 'positive'}, {'term': 'plates', 'polarity': 'positive'}, {'term': 'dish', 'polarity': 'positive'}]","[{'category': 'general', 'polarity': 'neutral'}]",1346
The photos of the restaurant in its web site are way better than the real interior .,The photos of the restaurant in its web site are way better than the real look.,['interior'],"[{'term': 'interior', 'polarity': 'negative'}]","[{'category': 'general', 'polarity': 'neutral'}]",1350
The photos of the restaurant in its web site are way better than the real appearance .,The photos of the restaurant in its web site are way better than the real look.,['appearance'],"[{'term': 'appearance', 'polarity': 'negative'}]","[{'category': 'general', 'polarity': 'neutral'}]",1351
The photos of the restaurant in its web site are way better than the real interiors .,The photos of the restaurant in its web site are way better than the real look.,['interiors'],"[{'term': 'interiors', 'polarity': 'negative'}]","[{'category': 'general', 'polarity': 'neutral'}]",1352
"The doors is a little tight and on a cold day , the hallway by the entranceway can be pretty drafty .","The place is a little tight and on a cold day, the seating by the entranceway can be pretty drafty.","['doors', 'hallway']","[{'term': 'doors', 'polarity': 'negative'}, {'term': 'hallway', 'polarity': 'negative'}]","[{'category': 'general', 'polarity': 'neutral'}]",1353
"The door is a little tight and on a cold day , the lobby by the entranceway can be pretty drafty .","The place is a little tight and on a cold day, the seating by the entranceway can be pretty drafty.","['door', 'lobby']","[{'term': 'door', 'polarity': 'negative'}, {'term': 'lobby', 'polarity': 'negative'}]","[{'category': 'general', 'polarity': 'neutral'}]",1354
Check out the menu online reviews .,Check out the secret back room.,['menu online reviews'],"[{'term': 'menu online reviews', 'polarity': 'positive'}]","[{'category': 'general', 'polarity': 'neutral'}]",1356
"The photobook favorites was a cute touch , certainly helped my group and I pick the pages out , of book , and recommendations and that we all ordered .","The photobook menu was a cute touch, certainly helped my group and I pick the fried chicken, pork chop, and noodle dishes that we all ordered.","['favorites', 'pages out', 'of book', 'recommendations and']","[{'term': 'favorites', 'polarity': 'positive'}, {'term': 'pages out', 'polarity': 'neutral'}, {'term': 'of book', 'polarity': 'neutral'}, {'term': 'recommendations and', 'polarity': 'neutral'}]","[{'category': 'general', 'polarity': 'neutral'}]",1359
"The photobook pages was a cute touch , certainly helped my group and I pick the photos pages , dishes drinks , and appetizers desserts that we all ordered .","The photobook menu was a cute touch, certainly helped my group and I pick the fried chicken, pork chop, and noodle dishes that we all ordered.","['pages', 'photos pages', 'dishes drinks', 'appetizers desserts']","[{'term': 'pages', 'polarity': 'positive'}, {'term': 'photos pages', 'polarity': 'neutral'}, {'term': 'dishes drinks', 'polarity': 'neutral'}, {'term': 'appetizers desserts', 'polarity': 'neutral'}]","[{'category': 'general', 'polarity': 'neutral'}]",1360
"The photobook recommendations was a cute touch , certainly helped my group and I pick the pages layout , cover photographs , and images that we all ordered .","The photobook menu was a cute touch, certainly helped my group and I pick the fried chicken, pork chop, and noodle dishes that we all ordered.","['recommendations', 'pages layout', 'cover photographs', 'images']","[{'term': 'recommendations', 'polarity': 'positive'}, {'term': 'pages layout', 'polarity': 'neutral'}, {'term': 'cover photographs', 'polarity': 'neutral'}, {'term': 'images', 'polarity': 'neutral'}]","[{'category': 'general', 'polarity': 'neutral'}]",1361
brick oven gallery is My pick for best Italian restaurant anywhere .,brick oven gallery is My pick for best pizza restaurant anywhere.,['Italian'],"[{'term': 'Italian', 'polarity': 'positive'}]","[{'category': 'general', 'polarity': 'neutral'}]",1363
"Besides having the table we had been promised given to other restaurant patrons twice before we were actually seated , we were served we hadn ' t ordered three times , received one of our orders 20 minutes after the rest of the served had been dishes ( and that order was undercooked ), and charged $ 45 more than we should have been on our delivered .","Besides having the table we had been promised given to other restaurant patrons twice before we were actually seated, we were served dishes we hadn't ordered three times, received one of our orders 20 minutes after the rest of the table had been served (and that order was undercooked), and charged $45 more than we should have been on our bill.","['table', 'served', 'served', 'dishes', 'delivered', 'bill']","[{'term': 'table', 'polarity': 'negative'}, {'term': 'served', 'polarity': 'negative'}, {'term': 'served', 'polarity': 'negative'}, {'term': 'dishes', 'polarity': 'negative'}, {'term': 'delivered', 'polarity': 'negative'}, {'term': 'bill', 'polarity': 'negative'}]","[{'category': 'general', 'polarity': 'neutral'}]",1365
"Besides having the wait we had been promised given to other restaurant patrons twice before we were actually seated , we were waited we hadn ' t ordered three times , received one of our orders 20 minutes after the rest of the tables had been served ( and that order was undercooked ), and charged $ 45 more than we should have been on our bill .","Besides having the table we had been promised given to other restaurant patrons twice before we were actually seated, we were served dishes we hadn't ordered three times, received one of our orders 20 minutes after the rest of the table had been served (and that order was undercooked), and charged $45 more than we should have been on our bill.","['wait', 'waited', 'tables', 'served', 'bill', '']","[{'term': 'wait', 'polarity': 'negative'}, {'term': 'waited', 'polarity': 'negative'}, {'term': 'tables', 'polarity': 'negative'}, {'term': 'served', 'polarity': 'negative'}, {'term': 'bill', 'polarity': 'negative'}, {'term': '', 'polarity': 'negative'}]","[{'category': 'general', 'polarity': 'neutral'}]",1366
"Besides having the service we had been promised given to other restaurant patrons twice before we were actually seated , we were waited we hadn ' t ordered three times , received one of our orders 20 minutes after the rest of the tables had been bill ( and that order was undercooked ), and charged $ 45 more than we should have been on our  .","Besides having the table we had been promised given to other restaurant patrons twice before we were actually seated, we were served dishes we hadn't ordered three times, received one of our orders 20 minutes after the rest of the table had been served (and that order was undercooked), and charged $45 more than we should have been on our bill.","['service', 'waited', 'tables', 'bill', '', '']","[{'term': 'service', 'polarity': 'negative'}, {'term': 'waited', 'polarity': 'negative'}, {'term': 'tables', 'polarity': 'negative'}, {'term': 'bill', 'polarity': 'negative'}, {'term': '', 'polarity': 'negative'}, {'term': '', 'polarity': 'negative'}]","[{'category': 'general', 'polarity': 'neutral'}]",1367
Went there for an lunch dinner .,Went there for an office lunch.,['lunch dinner'],"[{'term': 'lunch dinner', 'polarity': 'neutral'}]","[{'category': 'general', 'polarity': 'neutral'}]",1368
Went there for an dinner date .,Went there for an office lunch.,['dinner date'],"[{'term': 'dinner date', 'polarity': 'neutral'}]","[{'category': 'general', 'polarity': 'neutral'}]",1369
Went there for an dinner lunch .,Went there for an office lunch.,['dinner lunch'],"[{'term': 'dinner lunch', 'polarity': 'neutral'}]","[{'category': 'general', 'polarity': 'neutral'}]",1370
"All in all , this midtown gem instantly became one of my favorite eateries restaurants in the city .","All in all, this midtown gem instantly became one of my favorite sushi restaurants in the city.",['eateries'],"[{'term': 'eateries', 'polarity': 'positive'}]","[{'category': 'general', 'polarity': 'neutral'}]",1372
building at the end of a magnificent block .,Located at the end of a magnificent block.,['building'],"[{'term': 'building', 'polarity': 'positive'}]","[{'category': 'general', 'polarity': 'neutral'}]",1374
street at the end of a magnificent block .,Located at the end of a magnificent block.,['street'],"[{'term': 'street', 'polarity': 'positive'}]","[{'category': 'general', 'polarity': 'neutral'}]",1375
"I had a terrific dinner , and our server guided us toward a very nice table in our hotel , instead of allowing us to purchase a similarly room room that wasn ' t as good .","I had a terrific meal, and our server guided us toward a very nice wine in our price range, instead of allowing us to purchase a similarly priced wine that wasn't as good.","['dinner', 'server', 'table', 'hotel', 'room room', 'one']","[{'term': 'dinner', 'polarity': 'positive'}, {'term': 'server', 'polarity': 'positive'}, {'term': 'table', 'polarity': 'positive'}, {'term': 'hotel', 'polarity': 'negative'}, {'term': 'room room', 'polarity': 'positive'}, {'term': 'one', 'polarity': 'neutral'}]","[{'category': 'general', 'polarity': 'neutral'}]",1377
"I had a terrific meal , and our server guided us toward a very nice table in our restaurant , instead of allowing us to purchase a similarly neighborhood menu that wasn ' t as good .","I had a terrific meal, and our server guided us toward a very nice wine in our price range, instead of allowing us to purchase a similarly priced wine that wasn't as good.","['meal', 'server', 'table', 'restaurant', 'neighborhood menu', 'option']","[{'term': 'meal', 'polarity': 'positive'}, {'term': 'server', 'polarity': 'positive'}, {'term': 'table', 'polarity': 'positive'}, {'term': 'restaurant', 'polarity': 'negative'}, {'term': 'neighborhood menu', 'polarity': 'positive'}, {'term': 'option', 'polarity': 'neutral'}]","[{'category': 'general', 'polarity': 'neutral'}]",1378
"I had a terrific dinner , and our server guided us toward a very nice restaurant in our neighborhood , instead of allowing us to purchase a similarly neighborhood place that wasn ' t as good .","I had a terrific meal, and our server guided us toward a very nice wine in our price range, instead of allowing us to purchase a similarly priced wine that wasn't as good.","['dinner', 'server', 'restaurant', 'neighborhood', 'neighborhood place', 'restaurant']","[{'term': 'dinner', 'polarity': 'positive'}, {'term': 'server', 'polarity': 'positive'}, {'term': 'restaurant', 'polarity': 'positive'}, {'term': 'neighborhood', 'polarity': 'negative'}, {'term': 'neighborhood place', 'polarity': 'positive'}, {'term': 'restaurant', 'polarity': 'neutral'}]","[{'category': 'general', 'polarity': 'neutral'}]",1379
They don ' t seem to place an emphasis on quality or fresh ingredients which to me is necessary for good cuisine .,They don't seem to place an emphasis on specials or fresh ingredients which to me is necessary for good thai.,"['quality', 'ingredients', 'cuisine']","[{'term': 'quality', 'polarity': 'negative'}, {'term': 'ingredients', 'polarity': 'negative'}, {'term': 'cuisine', 'polarity': 'neutral'}]","[{'category': 'general', 'polarity': 'neutral'}]",1380
They don ' t seem to place an emphasis on ingredients or fresh produce which to me is necessary for good service .,They don't seem to place an emphasis on specials or fresh ingredients which to me is necessary for good thai.,"['ingredients', 'produce', 'service']","[{'term': 'ingredients', 'polarity': 'negative'}, {'term': 'produce', 'polarity': 'negative'}, {'term': 'service', 'polarity': 'neutral'}]","[{'category': 'general', 'polarity': 'neutral'}]",1381
They don ' t seem to place an emphasis on ingredients or fresh produce which to me is necessary for good cuisine .,They don't seem to place an emphasis on specials or fresh ingredients which to me is necessary for good thai.,"['ingredients', 'produce', 'cuisine']","[{'term': 'ingredients', 'polarity': 'negative'}, {'term': 'produce', 'polarity': 'negative'}, {'term': 'cuisine', 'polarity': 'neutral'}]","[{'category': 'general', 'polarity': 'neutral'}]",1382
The Crisp Fresh Asian Street taste great .,The noodle and rices dishes taste great.,['Crisp Fresh Asian Street'],"[{'term': 'Crisp Fresh Asian Street', 'polarity': 'positive'}]","[{'category': 'general', 'polarity': 'neutral'}]",1383
The flavors of Asian cuisine taste great .,The noodle and rices dishes taste great.,['flavors of Asian cuisine'],"[{'term': 'flavors of Asian cuisine', 'polarity': 'positive'}]","[{'category': 'general', 'polarity': 'neutral'}]",1384
The Flavors and flavors dishes taste great .,The noodle and rices dishes taste great.,['Flavors and flavors dishes'],"[{'term': 'Flavors and flavors dishes', 'polarity': 'positive'}]","[{'category': 'general', 'polarity': 'neutral'}]",1385
They also have a patio cafe open in the summer - cute and French with decorations umbrellas - what more could you ask for ?,They also have a back garden open in the summer - cute and French with outdoor seating - what more could you ask for?,"['patio cafe', 'decorations umbrellas']","[{'term': 'patio cafe', 'polarity': 'positive'}, {'term': 'decorations umbrellas', 'polarity': 'positive'}]","[{'category': 'general', 'polarity': 'neutral'}]",1386
They also have a patio restaurant open in the summer - cute and French with decor furniture - what more could you ask for ?,They also have a back garden open in the summer - cute and French with outdoor seating - what more could you ask for?,"['patio restaurant', 'decor furniture']","[{'term': 'patio restaurant', 'polarity': 'positive'}, {'term': 'decor furniture', 'polarity': 'positive'}]","[{'category': 'general', 'polarity': 'neutral'}]",1387
They also have a cafe patio open in the summer - cute and French with white linens - what more could you ask for ?,They also have a back garden open in the summer - cute and French with outdoor seating - what more could you ask for?,"['cafe patio', 'white linens']","[{'term': 'cafe patio', 'polarity': 'positive'}, {'term': 'white linens', 'polarity': 'positive'}]","[{'category': 'general', 'polarity': 'neutral'}]",1388
"It ' s a shame that a nice , convenient restaurant like the Pink Pony can be so ruined by lousy service .","It's a shame that a nice, convenient place like the Pink Pony can be so ruined by lousy service.","['restaurant', 'service']","[{'term': 'restaurant', 'polarity': 'positive'}, {'term': 'service', 'polarity': 'negative'}]","[{'category': 'general', 'polarity': 'neutral'}]",1389
"This restaurant , however , has a lot less pretension than Joya and the service food is still above - average .","This place, however, has a lot less pretension than Joya and the Thai food is still above-average.","['restaurant', 'service food']","[{'term': 'restaurant', 'polarity': 'positive'}, {'term': 'service food', 'polarity': 'positive'}]","[{'category': 'general', 'polarity': 'neutral'}]",1395
"This restaurant , however , has a lot less pretension than Joya and the atmosphere is still above - average .","This place, however, has a lot less pretension than Joya and the Thai food is still above-average.","['restaurant', 'atmosphere']","[{'term': 'restaurant', 'polarity': 'positive'}, {'term': 'atmosphere', 'polarity': 'positive'}]","[{'category': 'general', 'polarity': 'neutral'}]",1397
And at the conclusion of this culinary nightmare the bill was given to our server by knocking over a water glass table .,And at the conclusion of this culinary nightmare the check was given to our table by knocking over a glass of water.,"['bill', 'server', 'water glass table']","[{'term': 'bill', 'polarity': 'neutral'}, {'term': 'server', 'polarity': 'neutral'}, {'term': 'water glass table', 'polarity': 'neutral'}]","[{'category': 'general', 'polarity': 'neutral'}]",1398
And at the conclusion of this culinary nightmare the server was given to our table by knocking over a water glass shattered .,And at the conclusion of this culinary nightmare the check was given to our table by knocking over a glass of water.,"['server', 'table', 'water glass shattered']","[{'term': 'server', 'polarity': 'neutral'}, {'term': 'table', 'polarity': 'neutral'}, {'term': 'water glass shattered', 'polarity': 'neutral'}]","[{'category': 'general', 'polarity': 'neutral'}]",1399
And at the conclusion of this culinary nightmare the waiter was given to our server by knocking over a water glass table .,And at the conclusion of this culinary nightmare the check was given to our table by knocking over a glass of water.,"['waiter', 'server', 'water glass table']","[{'term': 'waiter', 'polarity': 'neutral'}, {'term': 'server', 'polarity': 'neutral'}, {'term': 'water glass table', 'polarity': 'neutral'}]","[{'category': 'general', 'polarity': 'neutral'}]",1400
Delicious pastries at a great cafe but do not go here on a cold day and sit by the window wall .,Delicious food at a great price but do not go here on a cold day and sit by the front door.,"['pastries', 'cafe', 'window wall']","[{'term': 'pastries', 'polarity': 'positive'}, {'term': 'cafe', 'polarity': 'positive'}, {'term': 'window wall', 'polarity': 'neutral'}]","[{'category': 'general', 'polarity': 'neutral'}]",1404
Delicious wings at a great price but do not go here on a cold day and sit by the window walls .,Delicious food at a great price but do not go here on a cold day and sit by the front door.,"['wings', 'price', 'window walls']","[{'term': 'wings', 'polarity': 'positive'}, {'term': 'price', 'polarity': 'positive'}, {'term': 'window walls', 'polarity': 'neutral'}]","[{'category': 'general', 'polarity': 'neutral'}]",1405
Delicious dishes at a great price but do not go here on a cold day and sit by the window wall .,Delicious food at a great price but do not go here on a cold day and sit by the front door.,"['dishes', 'price', 'window wall']","[{'term': 'dishes', 'polarity': 'positive'}, {'term': 'price', 'polarity': 'positive'}, {'term': 'window wall', 'polarity': 'neutral'}]","[{'category': 'general', 'polarity': 'neutral'}]",1406
"This restaurant has the best dining I have seen anywhere in the northside of W ' burg , and will impress whoever you bring there .","This place has the best interior I have seen anywhere in the northside of W'burg, and will impress whoever you bring there.","['restaurant', 'dining']","[{'term': 'restaurant', 'polarity': 'positive'}, {'term': 'dining', 'polarity': 'positive'}]","[{'category': 'general', 'polarity': 'neutral'}]",1408
"This restaurant has the best dishes I have seen anywhere in the northside of W ' burg , and will impress whoever you bring there .","This place has the best interior I have seen anywhere in the northside of W'burg, and will impress whoever you bring there.","['restaurant', 'dishes']","[{'term': 'restaurant', 'polarity': 'positive'}, {'term': 'dishes', 'polarity': 'positive'}]","[{'category': 'general', 'polarity': 'neutral'}]",1409
Its a go - to for dates as well as family out of town guests .,Its a go-to for dates as well as entertaining out of town guests.,['family'],"[{'term': 'family', 'polarity': 'positive'}]","[{'category': 'general', 'polarity': 'neutral'}]",1410
Its a go - to for dates as well as friends out of town guests .,Its a go-to for dates as well as entertaining out of town guests.,['friends'],"[{'term': 'friends', 'polarity': 'positive'}]","[{'category': 'general', 'polarity': 'neutral'}]",1411
Its a go - to for dates as well as business out of town guests .,Its a go-to for dates as well as entertaining out of town guests.,['business'],"[{'term': 'business', 'polarity': 'positive'}]","[{'category': 'general', 'polarity': 'neutral'}]",1412
Although be warned their hours and menu food prices drinks are different .,Although be warned their dinner menu to sit and take out prices are different.,"['hours', 'menu food prices drinks', 'beverages prices']","[{'term': 'hours', 'polarity': 'neutral'}, {'term': 'menu food prices drinks', 'polarity': 'neutral'}, {'term': 'beverages prices', 'polarity': 'neutral'}]","[{'category': 'general', 'polarity': 'neutral'}]",1413
Although be warned their menu and items options prices food are different .,Although be warned their dinner menu to sit and take out prices are different.,"['menu', 'items options prices food', 'drinks service']","[{'term': 'menu', 'polarity': 'neutral'}, {'term': 'items options prices food', 'polarity': 'neutral'}, {'term': 'drinks service', 'polarity': 'neutral'}]","[{'category': 'general', 'polarity': 'neutral'}]",1414
Although be warned their prices and menu dishes items quality are different .,Although be warned their dinner menu to sit and take out prices are different.,"['prices', 'menu dishes items quality', 'standards prices']","[{'term': 'prices', 'polarity': 'neutral'}, {'term': 'menu dishes items quality', 'polarity': 'neutral'}, {'term': 'standards prices', 'polarity': 'neutral'}]","[{'category': 'general', 'polarity': 'neutral'}]",1415
A cool bar to hang with your friends for a couple of healthy hours and snacks .,A cool place to hang with your friends for a couple of healthy drinks and desserts.,"['bar', 'hours', 'snacks']","[{'term': 'bar', 'polarity': 'positive'}, {'term': 'hours', 'polarity': 'positive'}, {'term': 'snacks', 'polarity': 'positive'}]","[{'category': 'general', 'polarity': 'neutral'}]",1416
A cool hangout to hang with your friends for a couple of healthy hours and snacks .,A cool place to hang with your friends for a couple of healthy drinks and desserts.,"['hangout', 'hours', 'snacks']","[{'term': 'hangout', 'polarity': 'positive'}, {'term': 'hours', 'polarity': 'positive'}, {'term': 'snacks', 'polarity': 'positive'}]","[{'category': 'general', 'polarity': 'neutral'}]",1417
"I like Mamoun ' s rolls as well , but side by side , Kati Rolls just produce tastier kati hands down .","I like Mamoun's food as well, but side by side, Kati Rolls just produce tastier food hands down.","['rolls', 'kati']","[{'term': 'rolls', 'polarity': 'positive'}, {'term': 'kati', 'polarity': 'positive'}]","[{'category': 'general', 'polarity': 'neutral'}]",1419
"I like Mamoun ' s rolls as well , but side by side , Kati Rolls just produce tastier rolls hands down .","I like Mamoun's food as well, but side by side, Kati Rolls just produce tastier food hands down.","['rolls', 'rolls']","[{'term': 'rolls', 'polarity': 'positive'}, {'term': 'rolls', 'polarity': 'positive'}]","[{'category': 'general', 'polarity': 'neutral'}]",1421
But that wasn ' t the high point highlights moments : a dish that resembled nothing I have ever had .,But that wasn't the icing on the cake: a tiramisu that resembled nothing I have ever had.,"['high point highlights moments', 'dish']","[{'term': 'high point highlights moments', 'polarity': 'negative'}, {'term': 'dish', 'polarity': 'negative'}]","[{'category': 'general', 'polarity': 'neutral'}]",1422
But that wasn ' t the best dinner meal experience : a dish that resembled nothing I have ever had .,But that wasn't the icing on the cake: a tiramisu that resembled nothing I have ever had.,"['best dinner meal experience', 'dish']","[{'term': 'best dinner meal experience', 'polarity': 'negative'}, {'term': 'dish', 'polarity': 'negative'}]","[{'category': 'general', 'polarity': 'neutral'}]",1423
But that wasn ' t the end meal dinner lunch : a dish that resembled nothing I have ever had .,But that wasn't the icing on the cake: a tiramisu that resembled nothing I have ever had.,"['end meal dinner lunch', 'dish']","[{'term': 'end meal dinner lunch', 'polarity': 'negative'}, {'term': 'dish', 'polarity': 'negative'}]","[{'category': 'general', 'polarity': 'neutral'}]",1424
"However , I was there for a work lunch not long ago when my colleague from London noticed a very large waterbug on the table .","However, I was there for a work dinner not long ago when my colleague from London noticed a very large waterbug on the ceiling.","['lunch', 'table']","[{'term': 'lunch', 'polarity': 'negative'}, {'term': 'table', 'polarity': 'neutral'}]","[{'category': 'general', 'polarity': 'neutral'}]",1425
"However , I was there for a work meeting not long ago when my colleague from London noticed a very large waterbug on the table .","However, I was there for a work dinner not long ago when my colleague from London noticed a very large waterbug on the ceiling.","['meeting', 'table']","[{'term': 'meeting', 'polarity': 'negative'}, {'term': 'table', 'polarity': 'neutral'}]","[{'category': 'general', 'polarity': 'neutral'}]",1426
"No waiters waitresses , no coffee , plenty of comfort companionship , a great atmosphere to relax in an always busy Midtown .","No dress codes, no attitudes, plenty of comfort companionship, a great place to relax in an always busy Midtown.","['waiters waitresses', 'coffee', 'atmosphere']","[{'term': 'waiters waitresses', 'polarity': 'positive'}, {'term': 'coffee', 'polarity': 'positive'}, {'term': 'atmosphere', 'polarity': 'positive'}]","[{'category': 'general', 'polarity': 'neutral'}]",1428
"No dining tables , no dining , plenty of comfort companionship , a great atmosphere to relax in an always busy Midtown .","No dress codes, no attitudes, plenty of comfort companionship, a great place to relax in an always busy Midtown.","['dining tables', 'dining', 'atmosphere']","[{'term': 'dining tables', 'polarity': 'positive'}, {'term': 'dining', 'polarity': 'positive'}, {'term': 'atmosphere', 'polarity': 'positive'}]","[{'category': 'general', 'polarity': 'neutral'}]",1429
"No wait staff , no ambiance , plenty of comfort companionship , a great sofa to relax in an always busy Midtown .","No dress codes, no attitudes, plenty of comfort companionship, a great place to relax in an always busy Midtown.","['wait staff', 'ambiance', 'sofa']","[{'term': 'wait staff', 'polarity': 'positive'}, {'term': 'ambiance', 'polarity': 'positive'}, {'term': 'sofa', 'polarity': 'positive'}]","[{'category': 'general', 'polarity': 'neutral'}]",1430
We ordered some dishes and appetizers appetizers appetizers from the Thai section of the menu but nothing we got was Thai .,We ordered some beef and noodle soup dishes from the Thai section of the menu but nothing we got was Thai.,"['dishes', 'appetizers appetizers appetizers', 'menu']","[{'term': 'dishes', 'polarity': 'negative'}, {'term': 'appetizers appetizers appetizers', 'polarity': 'negative'}, {'term': 'menu', 'polarity': 'negative'}]","[{'category': 'general', 'polarity': 'neutral'}]",1431
We ordered some curries and dishes appetizers entrees from the Thai section of the menu but nothing we got was Thai .,We ordered some beef and noodle soup dishes from the Thai section of the menu but nothing we got was Thai.,"['curries', 'dishes appetizers entrees', 'menu']","[{'term': 'curries', 'polarity': 'negative'}, {'term': 'dishes appetizers entrees', 'polarity': 'negative'}, {'term': 'menu', 'polarity': 'negative'}]","[{'category': 'general', 'polarity': 'neutral'}]",1432
We ordered some dishes and fried rice curry from the Thai section of the menu but nothing we got was Thai .,We ordered some beef and noodle soup dishes from the Thai section of the menu but nothing we got was Thai.,"['dishes', 'fried rice curry', 'menu']","[{'term': 'dishes', 'polarity': 'negative'}, {'term': 'fried rice curry', 'polarity': 'negative'}, {'term': 'menu', 'polarity': 'negative'}]","[{'category': 'general', 'polarity': 'neutral'}]",1433
"Just don ' t take the table between the tables and the back half of the restaurant , i saw a woman get nudged 40times sitting there .","Just don't take the seat between the bar and the back half of the restaurant, i saw a woman get nudged 40times sitting there.","['table', 'tables']","[{'term': 'table', 'polarity': 'negative'}, {'term': 'tables', 'polarity': 'neutral'}]","[{'category': 'general', 'polarity': 'neutral'}]",1434
"Just don ' t take the aisle between the tables and the back half of the restaurant , i saw a woman get nudged 40times sitting there .","Just don't take the seat between the bar and the back half of the restaurant, i saw a woman get nudged 40times sitting there.","['aisle', 'tables']","[{'term': 'aisle', 'polarity': 'negative'}, {'term': 'tables', 'polarity': 'neutral'}]","[{'category': 'general', 'polarity': 'neutral'}]",1435
Both times we waited well over a half hour for a table ( even though we had reservation ).,Both times we waited well over a half hour for a table (even though we had reservations).,"['table', 'reservation']","[{'term': 'table', 'polarity': 'negative'}, {'term': 'reservation', 'polarity': 'negative'}]","[{'category': 'general', 'polarity': 'neutral'}]",1437
A bit breezy up there on the platform from the wind coming from the tracks .,A bit breezy up there on the mezzanine from the wind coming from the tracks.,['platform'],"[{'term': 'platform', 'polarity': 'negative'}]","[{'category': 'general', 'polarity': 'neutral'}]",1443
A bit breezy up there on the balcony from the wind coming from the tracks .,A bit breezy up there on the mezzanine from the wind coming from the tracks.,['balcony'],"[{'term': 'balcony', 'polarity': 'negative'}]","[{'category': 'general', 'polarity': 'neutral'}]",1444
"If the omakase is to showcase technique and variety , defeats grilled skewers almost 40 % of items BBQ - ed and a leaves wrapped with not - so - fresh  seems to be a rather limp performance .","If the omakase is to showcase technique and variety, serving almost 40% of items BBQ-ed and a spicy tuna roll wrapped with not-so-fresh nori seems to be a rather limp performance.","['defeats grilled skewers', 'leaves', '']","[{'term': 'defeats grilled skewers', 'polarity': 'negative'}, {'term': 'leaves', 'polarity': 'neutral'}, {'term': '', 'polarity': 'negative'}]","[{'category': 'general', 'polarity': 'neutral'}]",1446
"If the omakase is to showcase technique and variety , prepared grilled skewers almost 40 % of items BBQ - ed and a leaves wrapped with not - so - fresh  seems to be a rather limp performance .","If the omakase is to showcase technique and variety, serving almost 40% of items BBQ-ed and a spicy tuna roll wrapped with not-so-fresh nori seems to be a rather limp performance.","['prepared grilled skewers', 'leaves', '']","[{'term': 'prepared grilled skewers', 'polarity': 'negative'}, {'term': 'leaves', 'polarity': 'neutral'}, {'term': '', 'polarity': 'negative'}]","[{'category': 'general', 'polarity': 'neutral'}]",1447
"If the omakase is to showcase technique and variety , prepared grilled skewer almost 40 % of items BBQ - ed and a leaves wrapped with not - so - fresh  seems to be a rather limp performance .","If the omakase is to showcase technique and variety, serving almost 40% of items BBQ-ed and a spicy tuna roll wrapped with not-so-fresh nori seems to be a rather limp performance.","['prepared grilled skewer', 'leaves', '']","[{'term': 'prepared grilled skewer', 'polarity': 'negative'}, {'term': 'leaves', 'polarity': 'neutral'}, {'term': '', 'polarity': 'negative'}]","[{'category': 'general', 'polarity': 'neutral'}]",1448
"It cannot be the waiters , because the tables is very cramped and some guests have to sit in an corner .","It cannot be the ambience, because the place is very cramped and some guests have to sit in an aisle.","['waiters', 'tables', 'corner']","[{'term': 'waiters', 'polarity': 'negative'}, {'term': 'tables', 'polarity': 'negative'}, {'term': 'corner', 'polarity': 'negative'}]","[{'category': 'general', 'polarity': 'neutral'}]",1449
"It cannot be the restaurant , because the dining is very cramped and some guests have to sit in an corner .","It cannot be the ambience, because the place is very cramped and some guests have to sit in an aisle.","['restaurant', 'dining', 'corner']","[{'term': 'restaurant', 'polarity': 'negative'}, {'term': 'dining', 'polarity': 'negative'}, {'term': 'corner', 'polarity': 'negative'}]","[{'category': 'general', 'polarity': 'neutral'}]",1450
"It cannot be the tables , because the aisle is very cramped and some guests have to sit in an corner .","It cannot be the ambience, because the place is very cramped and some guests have to sit in an aisle.","['tables', 'aisle', 'corner']","[{'term': 'tables', 'polarity': 'negative'}, {'term': 'aisle', 'polarity': 'negative'}, {'term': 'corner', 'polarity': 'negative'}]","[{'category': 'general', 'polarity': 'neutral'}]",1451
cuisine food is top of the line but the rest of the menu is so diverse it gives you a chance to taste so manydifferent varietys .,Obv caviar is top of the line but the rest of the menu is so diverse it gives you a chance to taste so manydifferent varietys.,"['cuisine food', 'menu']","[{'term': 'cuisine food', 'polarity': 'positive'}, {'term': 'menu', 'polarity': 'positive'}]","[{'category': 'general', 'polarity': 'neutral'}]",1452
fine dining is top of the line but the rest of the menu is so diverse it gives you a chance to taste so manydifferent varietys .,Obv caviar is top of the line but the rest of the menu is so diverse it gives you a chance to taste so manydifferent varietys.,"['fine dining', 'menu']","[{'term': 'fine dining', 'polarity': 'positive'}, {'term': 'menu', 'polarity': 'positive'}]","[{'category': 'general', 'polarity': 'neutral'}]",1453
cuisine service is top of the line but the rest of the menu is so diverse it gives you a chance to taste so manydifferent varietys .,Obv caviar is top of the line but the rest of the menu is so diverse it gives you a chance to taste so manydifferent varietys.,"['cuisine service', 'menu']","[{'term': 'cuisine service', 'polarity': 'positive'}, {'term': 'menu', 'polarity': 'positive'}]","[{'category': 'general', 'polarity': 'neutral'}]",1454
Best dishes food restaurant and and best services in town !,Best drumsticks over rice and sour spicy soup in town!,"['dishes food restaurant', 'and best services']","[{'term': 'dishes food restaurant', 'polarity': 'positive'}, {'term': 'and best services', 'polarity': 'positive'}]","[{'category': 'general', 'polarity': 'neutral'}]",1455
Best Italian food restaurant and best Italian food in town !,Best drumsticks over rice and sour spicy soup in town!,"['Italian food restaurant', 'best Italian food']","[{'term': 'Italian food restaurant', 'polarity': 'positive'}, {'term': 'best Italian food', 'polarity': 'positive'}]","[{'category': 'general', 'polarity': 'neutral'}]",1456
Best Italian Food Service and Quality Flavor Price in town !,Best drumsticks over rice and sour spicy soup in town!,"['Italian Food Service', 'Quality Flavor Price']","[{'term': 'Italian Food Service', 'polarity': 'positive'}, {'term': 'Quality Flavor Price', 'polarity': 'positive'}]","[{'category': 'general', 'polarity': 'neutral'}]",1457
Monday nights are a bargain at the $ 28 dinner buffet - this includes a all you can plus * three * eat appetizers paired with each  .,Monday nights are a bargain at the $28 prix fix - this includes a three course meal plus *three* glasses of wine paired with each course.,"['dinner buffet', 'all you can', 'eat appetizers', '']","[{'term': 'dinner buffet', 'polarity': 'positive'}, {'term': 'all you can', 'polarity': 'positive'}, {'term': 'eat appetizers', 'polarity': 'positive'}, {'term': '', 'polarity': 'neutral'}]","[{'category': 'general', 'polarity': 'neutral'}]",1458
Monday nights are a bargain at the $ 28 H e - this includes a r e   plus * three * i s   paired with each t .,Monday nights are a bargain at the $28 prix fix - this includes a three course meal plus *three* glasses of wine paired with each course.,"['H e', 'r e  ', 'i s  ', 't']","[{'term': 'H e', 'polarity': 'positive'}, {'term': 'r e  ', 'polarity': 'positive'}, {'term': 'i s  ', 'polarity': 'positive'}, {'term': 't', 'polarity': 'neutral'}]","[{'category': 'general', 'polarity': 'neutral'}]",1459
Monday nights are a bargain at the $ 28 dinner buffet - this includes a all-you-can-eat appetizers salad plus * three * main course desserts beer paired with each  .,Monday nights are a bargain at the $28 prix fix - this includes a three course meal plus *three* glasses of wine paired with each course.,"['dinner buffet', 'all-you-can-eat appetizers salad', 'main course desserts beer', '']","[{'term': 'dinner buffet', 'polarity': 'positive'}, {'term': 'all-you-can-eat appetizers salad', 'polarity': 'positive'}, {'term': 'main course desserts beer', 'polarity': 'positive'}, {'term': '', 'polarity': 'neutral'}]","[{'category': 'general', 'polarity': 'neutral'}]",1460
IT IS WHAT MODERN restaurants IS ALL ABOUT .,IT IS WHAT MODERN CUISINE IS ALL ABOUT.,['restaurants'],"[{'term': 'restaurants', 'polarity': 'positive'}]","[{'category': 'general', 'polarity': 'neutral'}]",1461
"Stay away from the two specialty cocktails on the menu , though - too much sauce and spices will fill you up right quick .","Stay away from the two specialty rolls on the menu, though- too much avocado and rice will fill you up right quick.","['cocktails', 'menu', 'sauce', 'spices']","[{'term': 'cocktails', 'polarity': 'negative'}, {'term': 'menu', 'polarity': 'neutral'}, {'term': 'sauce', 'polarity': 'negative'}, {'term': 'spices', 'polarity': 'negative'}]","[{'category': 'general', 'polarity': 'neutral'}]",1464
"Stay away from the two specialty dishes on the menu , though - too much sauce and spices will fill you up right quick .","Stay away from the two specialty rolls on the menu, though- too much avocado and rice will fill you up right quick.","['dishes', 'menu', 'sauce', 'spices']","[{'term': 'dishes', 'polarity': 'negative'}, {'term': 'menu', 'polarity': 'neutral'}, {'term': 'sauce', 'polarity': 'negative'}, {'term': 'spices', 'polarity': 'negative'}]","[{'category': 'general', 'polarity': 'neutral'}]",1465
"Stay away from the two specialty dishes on the menu , though - too much salt and pepper will fill you up right quick .","Stay away from the two specialty rolls on the menu, though- too much avocado and rice will fill you up right quick.","['dishes', 'menu', 'salt', 'pepper']","[{'term': 'dishes', 'polarity': 'negative'}, {'term': 'menu', 'polarity': 'neutral'}, {'term': 'salt', 'polarity': 'negative'}, {'term': 'pepper', 'polarity': 'negative'}]","[{'category': 'general', 'polarity': 'neutral'}]",1466
"in an effort to increase turnover , the restaurant offers no discounts bread and water tea coffee beyond the complimentary milk .","in an effort to increase turnover, the restaurant offers no desserts beyond the complimentary espresso cup filled with chocolate mousse.","['discounts bread and water tea coffee', 'milk']","[{'term': 'discounts bread and water tea coffee', 'polarity': 'positive'}, {'term': 'milk', 'polarity': 'negative'}]","[{'category': 'general', 'polarity': 'neutral'}]",1467
"in an effort to increase turnover , the restaurant offers no discounts water tea coffee bread butter beyond the complimentary jam .","in an effort to increase turnover, the restaurant offers no desserts beyond the complimentary espresso cup filled with chocolate mousse.","['discounts water tea coffee bread butter', 'jam']","[{'term': 'discounts water tea coffee bread butter', 'polarity': 'positive'}, {'term': 'jam', 'polarity': 'negative'}]","[{'category': 'general', 'polarity': 'neutral'}]",1468
"in an effort to increase turnover , the restaurant offers no discounts bread butter margarine jam honey beyond the complimentary syrup .","in an effort to increase turnover, the restaurant offers no desserts beyond the complimentary espresso cup filled with chocolate mousse.","['discounts bread butter margarine jam honey', 'syrup']","[{'term': 'discounts bread butter margarine jam honey', 'polarity': 'positive'}, {'term': 'syrup', 'polarity': 'negative'}]","[{'category': 'general', 'polarity': 'neutral'}]",1469
I ' ve dined at Alain Ducasse ' s restaurant in Monte Carlo for half the price for the same excellent quality experience .,I've dined at Alain Ducasse's restaurant in Monte Carlo for half the price for the same excellent dining experience.,"['price', 'quality']","[{'term': 'price', 'polarity': 'positive'}, {'term': 'quality', 'polarity': 'positive'}]","[{'category': 'general', 'polarity': 'neutral'}]",1470
I ' ve dined at Alain Ducasse ' s restaurant in Monte Carlo for half the price for the same excellent dinner experience .,I've dined at Alain Ducasse's restaurant in Monte Carlo for half the price for the same excellent dining experience.,"['price', 'dinner']","[{'term': 'price', 'polarity': 'positive'}, {'term': 'dinner', 'polarity': 'positive'}]","[{'category': 'general', 'polarity': 'neutral'}]",1471
I keep my fingers crossed the whole subway ride hoping that there will be a table I can sit at by myself and not have to share with the strangers loud rowdy people .,I keep my fingers crossed the whole subway ride hoping that there will be a table I can sit at by myself and not have to share with the rice congee soup people.,"['table', 'strangers loud rowdy']","[{'term': 'table', 'polarity': 'neutral'}, {'term': 'strangers loud rowdy', 'polarity': 'neutral'}]","[{'category': 'general', 'polarity': 'neutral'}]",1473
I keep my fingers crossed the whole subway ride hoping that there will be a table I can sit at by myself and not have to share with the strangers rude awkward people .,I keep my fingers crossed the whole subway ride hoping that there will be a table I can sit at by myself and not have to share with the rice congee soup people.,"['table', 'strangers rude awkward']","[{'term': 'table', 'polarity': 'neutral'}, {'term': 'strangers rude awkward', 'polarity': 'neutral'}]","[{'category': 'general', 'polarity': 'neutral'}]",1474
I keep my fingers crossed the whole subway ride hoping that there will be a table I can sit at by myself and not have to share with the strangers loud many people .,I keep my fingers crossed the whole subway ride hoping that there will be a table I can sit at by myself and not have to share with the rice congee soup people.,"['table', 'strangers loud many']","[{'term': 'table', 'polarity': 'neutral'}, {'term': 'strangers loud many', 'polarity': 'neutral'}]","[{'category': 'general', 'polarity': 'neutral'}]",1475
"Grilled whole chicken wonderful , great spicing .","Grilled whole fish wonderful, great spicing.",['chicken'],"[{'term': 'chicken', 'polarity': 'positive'}]","[{'category': 'general', 'polarity': 'neutral'}]",1476
I had been a regular due to the consistently good food and ease of online ordering pick-up .,I had been a regular due to the consistently good food and ease of getting a table.,"['food', 'online ordering pick-up']","[{'term': 'food', 'polarity': 'positive'}, {'term': 'online ordering pick-up', 'polarity': 'positive'}]","[{'category': 'general', 'polarity': 'neutral'}]",1479
I had been a regular due to the consistently good service and ease of parking location food .,I had been a regular due to the consistently good food and ease of getting a table.,"['service', 'parking location food']","[{'term': 'service', 'polarity': 'positive'}, {'term': 'parking location food', 'polarity': 'positive'}]","[{'category': 'general', 'polarity': 'neutral'}]",1480
I had been a regular due to the consistently good cuisine and ease of reservations dining service .,I had been a regular due to the consistently good food and ease of getting a table.,"['cuisine', 'reservations dining service']","[{'term': 'cuisine', 'polarity': 'positive'}, {'term': 'reservations dining service', 'polarity': 'positive'}]","[{'category': 'general', 'polarity': 'neutral'}]",1481
This authentic is the most Japanese it can ever get .,This place is the most Japanese it can ever get.,['authentic'],"[{'term': 'authentic', 'polarity': 'positive'}]","[{'category': 'general', 'polarity': 'neutral'}]",1482
Cozy romantic tables with only around 15 seats at most .,Cozy romantic atomosphere with only around 15 tables at most.,"['tables', 'seats']","[{'term': 'tables', 'polarity': 'positive'}, {'term': 'seats', 'polarity': 'positive'}]","[{'category': 'general', 'polarity': 'neutral'}]",1486
"Good , because hey , it ' s more H e , but bad because r is supposed to be smaller e so you can try out more   and smaller so that each i is cheap .","Good, because hey, it's more food, but bad because dim sum is supposed to be smaller portions so you can try out more dishes and smaller so that each dish is cheap.","['H e', 'r', 'e', ' ', 'i']","[{'term': 'H e', 'polarity': 'negative'}, {'term': 'r', 'polarity': 'positive'}, {'term': 'e', 'polarity': 'negative'}, {'term': ' ', 'polarity': 'neutral'}, {'term': 'i', 'polarity': 'neutral'}]","[{'category': 'general', 'polarity': 'neutral'}]",1488
"Good , because hey , it ' s more portion portion , but bad because size is supposed to be smaller flavors so you can try out more dishes and smaller so that each price is cheap .","Good, because hey, it's more food, but bad because dim sum is supposed to be smaller portions so you can try out more dishes and smaller so that each dish is cheap.","['portion portion', 'size', 'flavors', 'dishes', 'price']","[{'term': 'portion portion', 'polarity': 'negative'}, {'term': 'size', 'polarity': 'positive'}, {'term': 'flavors', 'polarity': 'negative'}, {'term': 'dishes', 'polarity': 'neutral'}, {'term': 'price', 'polarity': 'neutral'}]","[{'category': 'general', 'polarity': 'neutral'}]",1490
"Even if the ambiance wasn ' t this good , the service is a great cafe to sit outside and relax .","Even if the food wasn't this good, the garden is a great place to sit outside and relax.","['ambiance', 'service', 'cafe']","[{'term': 'ambiance', 'polarity': 'positive'}, {'term': 'service', 'polarity': 'positive'}, {'term': 'cafe', 'polarity': 'positive'}]","[{'category': 'general', 'polarity': 'neutral'}]",1491
"Even if the ambience wasn ' t this good , the restaurant is a great cafe to sit outside and relax .","Even if the food wasn't this good, the garden is a great place to sit outside and relax.","['ambience', 'restaurant', 'cafe']","[{'term': 'ambience', 'polarity': 'positive'}, {'term': 'restaurant', 'polarity': 'positive'}, {'term': 'cafe', 'polarity': 'positive'}]","[{'category': 'general', 'polarity': 'neutral'}]",1492
"Even if the food wasn ' t this good , the ambiance is a great restaurant to sit outside and relax .","Even if the food wasn't this good, the garden is a great place to sit outside and relax.","['food', 'ambiance', 'restaurant']","[{'term': 'food', 'polarity': 'positive'}, {'term': 'ambiance', 'polarity': 'positive'}, {'term': 'restaurant', 'polarity': 'positive'}]","[{'category': 'general', 'polarity': 'neutral'}]",1493
The meat is fresh and each piece is sliced to perfection and seasoned by the skilled butcher ( usually with a little fresh salt and pepper garlic but also sometimes with some herbs spices ).,The fish is fresh and each piece is sliced to perfection and seasoned by the sushi chef (usually with a little fresh wasabi and soy sauce but also sometimes with some sea salt).,"['meat', 'skilled butcher', 'salt', 'pepper garlic', 'herbs spices']","[{'term': 'meat', 'polarity': 'positive'}, {'term': 'skilled butcher', 'polarity': 'positive'}, {'term': 'salt', 'polarity': 'positive'}, {'term': 'pepper garlic', 'polarity': 'positive'}, {'term': 'herbs spices', 'polarity': 'positive'}]","[{'category': 'general', 'polarity': 'neutral'}]",1494
The meat is fresh and each piece is sliced to perfection and seasoned by the chef hand ( usually with a little fresh salt and pepper herbs but also sometimes with some spices garlic ).,The fish is fresh and each piece is sliced to perfection and seasoned by the sushi chef (usually with a little fresh wasabi and soy sauce but also sometimes with some sea salt).,"['meat', 'chef hand', 'salt', 'pepper herbs', 'spices garlic']","[{'term': 'meat', 'polarity': 'positive'}, {'term': 'chef hand', 'polarity': 'positive'}, {'term': 'salt', 'polarity': 'positive'}, {'term': 'pepper herbs', 'polarity': 'positive'}, {'term': 'spices garlic', 'polarity': 'positive'}]","[{'category': 'general', 'polarity': 'neutral'}]",1495
The meat is fresh and each piece is sliced to perfection and seasoned by the butcher salt ( usually with a little fresh pepper and herbs spices but also sometimes with some garlic onion ).,The fish is fresh and each piece is sliced to perfection and seasoned by the sushi chef (usually with a little fresh wasabi and soy sauce but also sometimes with some sea salt).,"['meat', 'butcher salt', 'pepper', 'herbs spices', 'garlic onion']","[{'term': 'meat', 'polarity': 'positive'}, {'term': 'butcher salt', 'polarity': 'positive'}, {'term': 'pepper', 'polarity': 'positive'}, {'term': 'herbs spices', 'polarity': 'positive'}, {'term': 'garlic onion', 'polarity': 'positive'}]","[{'category': 'general', 'polarity': 'neutral'}]",1496
"The fast was typical short - order , dinner type .","The service was typical short-order, dinner type.",['fast'],"[{'term': 'fast', 'polarity': 'neutral'}]","[{'category': 'general', 'polarity': 'neutral'}]",1500
"staff is friendly , and never had a problem walking in and order food service .","service is friendly, and never had a problem walking in and getting a table.","['staff', 'order food service']","[{'term': 'staff', 'polarity': 'positive'}, {'term': 'order food service', 'polarity': 'positive'}]","[{'category': 'general', 'polarity': 'neutral'}]",1506
"waiter is friendly , and never had a problem walking in and sit down down .","service is friendly, and never had a problem walking in and getting a table.","['waiter', 'sit down down']","[{'term': 'waiter', 'polarity': 'positive'}, {'term': 'sit down down', 'polarity': 'positive'}]","[{'category': 'general', 'polarity': 'neutral'}]",1507
"waiter is friendly , and never had a problem walking in and being seated served .","service is friendly, and never had a problem walking in and getting a table.","['waiter', 'being seated served']","[{'term': 'waiter', 'polarity': 'positive'}, {'term': 'being seated served', 'polarity': 'positive'}]","[{'category': 'general', 'polarity': 'neutral'}]",1508
I went there in late afternoon for some bite size appetizers and drinks with my date .,I went there in late afternoon for some bite size food and refleshment with my date.,"['appetizers', 'drinks']","[{'term': 'appetizers', 'polarity': 'neutral'}, {'term': 'drinks', 'polarity': 'neutral'}]","[{'category': 'general', 'polarity': 'neutral'}]",1509
I went there in late afternoon for some bite size snacks and appetizers with my date .,I went there in late afternoon for some bite size food and refleshment with my date.,"['snacks', 'appetizers']","[{'term': 'snacks', 'polarity': 'neutral'}, {'term': 'appetizers', 'polarity': 'neutral'}]","[{'category': 'general', 'polarity': 'neutral'}]",1510
"Last time I went here , the server didn ' t come back after taking our order .","Last time I went here, the waitress didn't come back after taking our order.",['server'],"[{'term': 'server', 'polarity': 'negative'}]","[{'category': 'general', 'polarity': 'neutral'}]",1512
"head and shoulders above its neighboors on east 6 st , taj mahal is also very comparable , in cuisine ambience , to the much overpraised ( and underdeserving ) baluchi ' s .","head and shoulders above its neighboors on east 6 st, taj mahal is also very comparable, in food quality, to the much overpraised (and underdeserving) baluchi's.",['cuisine ambience'],"[{'term': 'cuisine ambience', 'polarity': 'positive'}]","[{'category': 'general', 'polarity': 'neutral'}]",1515
"head and shoulders above its neighboors on east 6 st , taj mahal is also very comparable , in cuisine ambiance , to the much overpraised ( and underdeserving ) baluchi ' s .","head and shoulders above its neighboors on east 6 st, taj mahal is also very comparable, in food quality, to the much overpraised (and underdeserving) baluchi's.",['cuisine ambiance'],"[{'term': 'cuisine ambiance', 'polarity': 'positive'}]","[{'category': 'general', 'polarity': 'neutral'}]",1516
"head and shoulders above its neighboors on east 6 st , taj mahal is also very comparable , in quality restaurants , to the much overpraised ( and underdeserving ) baluchi ' s .","head and shoulders above its neighboors on east 6 st, taj mahal is also very comparable, in food quality, to the much overpraised (and underdeserving) baluchi's.",['quality restaurants'],"[{'term': 'quality restaurants', 'polarity': 'positive'}]","[{'category': 'general', 'polarity': 'neutral'}]",1517
The restaurant looks out over beautiful green parks to the Hudson River and the Statue of Liberty .,The restaurant looks out over beautiful green lawns to the Hudson River and the Statue of Liberty.,['parks'],"[{'term': 'parks', 'polarity': 'positive'}]","[{'category': 'general', 'polarity': 'neutral'}]",1518
The restaurant looks out over beautiful green park to the Hudson River and the Statue of Liberty .,The restaurant looks out over beautiful green lawns to the Hudson River and the Statue of Liberty.,['park'],"[{'term': 'park', 'polarity': 'positive'}]","[{'category': 'general', 'polarity': 'neutral'}]",1519
Diner opens at bistro on is a bummer ....,Diner food at bistro prices is a bummer....,"['opens', 'on']","[{'term': 'opens', 'polarity': 'negative'}, {'term': 'on', 'polarity': 'negative'}]","[{'category': 'general', 'polarity': 'neutral'}]",1521
Diner open at bistro Le is a bummer ....,Diner food at bistro prices is a bummer....,"['open', 'Le']","[{'term': 'open', 'polarity': 'negative'}, {'term': 'Le', 'polarity': 'negative'}]","[{'category': 'general', 'polarity': 'neutral'}]",1522
Diner fail at bistro fail is a bummer ....,Diner food at bistro prices is a bummer....,"['fail', 'fail']","[{'term': 'fail', 'polarity': 'negative'}, {'term': 'fail', 'polarity': 'negative'}]","[{'category': 'general', 'polarity': 'neutral'}]",1523
Pair you wine with the excellent dishes service friendly or their well trained staff .,Pair you food with the excellent beers on tap or their well priced wine list.,"['wine', 'dishes service friendly', 'trained staff', '']","[{'term': 'wine', 'polarity': 'neutral'}, {'term': 'dishes service friendly', 'polarity': 'positive'}, {'term': 'trained staff', 'polarity': 'positive'}, {'term': '', 'polarity': 'positive'}]","[{'category': 'general', 'polarity': 'neutral'}]",1524
Pair you wine with the excellent dish appetizer appetizers or their well cooked main .,Pair you food with the excellent beers on tap or their well priced wine list.,"['wine', 'dish appetizer appetizers', 'cooked main', 'courses']","[{'term': 'wine', 'polarity': 'neutral'}, {'term': 'dish appetizer appetizers', 'polarity': 'positive'}, {'term': 'cooked main', 'polarity': 'positive'}, {'term': 'courses', 'polarity': 'positive'}]","[{'category': 'general', 'polarity': 'neutral'}]",1525
Pair you waiter with the excellent dish wine list or their well prepared dish .,Pair you food with the excellent beers on tap or their well priced wine list.,"['waiter', 'dish wine list', 'prepared dish', 'menu']","[{'term': 'waiter', 'polarity': 'neutral'}, {'term': 'dish wine list', 'polarity': 'positive'}, {'term': 'prepared dish', 'polarity': 'positive'}, {'term': 'menu', 'polarity': 'positive'}]","[{'category': 'general', 'polarity': 'neutral'}]",1526
Friendly staff that actually lets you enjoy your meal and the company you ' re with .,Friendly staff that actually lets you enjoy your meal and the company you're with.,"['staff', 'meal']","[{'term': 'staff', 'polarity': 'positive'}, {'term': 'meal', 'polarity': 'positive'}]","[{'category': 'general', 'polarity': 'neutral'}]",1527
Friendly waiters that actually lets you enjoy your meal and the company you ' re with .,Friendly staff that actually lets you enjoy your meal and the company you're with.,"['waiters', 'meal']","[{'term': 'waiters', 'polarity': 'positive'}, {'term': 'meal', 'polarity': 'positive'}]","[{'category': 'general', 'polarity': 'neutral'}]",1528
"Oh yes , and they lie on the phone , claiming they have tables reservations seats spots , then of course the wait are not available .","Oh yes, and they lie on the phone, claiming they have seating in the garden, then of course the seats are not available.","['tables reservations seats spots', 'wait']","[{'term': 'tables reservations seats spots', 'polarity': 'neutral'}, {'term': 'wait', 'polarity': 'neutral'}]","[{'category': 'general', 'polarity': 'neutral'}]",1530
"Oh yes , and they lie on the phone , claiming they have stock ingredients meat poultry , then of course the delivery are not available .","Oh yes, and they lie on the phone, claiming they have seating in the garden, then of course the seats are not available.","['stock ingredients meat poultry', 'delivery']","[{'term': 'stock ingredients meat poultry', 'polarity': 'neutral'}, {'term': 'delivery', 'polarity': 'neutral'}]","[{'category': 'general', 'polarity': 'neutral'}]",1531
"Oh yes , and they lie on the phone , claiming they have stock ingredients fresh in , then of course the delivery are not available .","Oh yes, and they lie on the phone, claiming they have seating in the garden, then of course the seats are not available.","['stock ingredients fresh in', 'delivery']","[{'term': 'stock ingredients fresh in', 'polarity': 'neutral'}, {'term': 'delivery', 'polarity': 'neutral'}]","[{'category': 'general', 'polarity': 'neutral'}]",1532
"The restuarant itself is not large , but seems to have several tables sections to accomodate large groups hoping to save a buck to eat authentic Mexican .","The restuarant itself is not large, but seems to have several round tables to accomodate large groups hoping to save a buck to eat authentic Taiwanese.","['tables sections', 'Mexican']","[{'term': 'tables sections', 'polarity': 'positive'}, {'term': 'Mexican', 'polarity': 'positive'}]","[{'category': 'general', 'polarity': 'neutral'}]",1533
"The restuarant itself is not large , but seems to have several tables sections to accomodate large groups hoping to save a buck to eat authentic  .","The restuarant itself is not large, but seems to have several round tables to accomodate large groups hoping to save a buck to eat authentic Taiwanese.","['tables sections', '']","[{'term': 'tables sections', 'polarity': 'positive'}, {'term': '', 'polarity': 'positive'}]","[{'category': 'general', 'polarity': 'neutral'}]",1534
"The restuarant itself is not large , but seems to have several tables rooms to accomodate large groups hoping to save a buck to eat authentic Mexican .","The restuarant itself is not large, but seems to have several round tables to accomodate large groups hoping to save a buck to eat authentic Taiwanese.","['tables rooms', 'Mexican']","[{'term': 'tables rooms', 'polarity': 'positive'}, {'term': 'Mexican', 'polarity': 'positive'}]","[{'category': 'general', 'polarity': 'neutral'}]",1535
You can get an excellent curries at most of the many Indian restaurants on nearby Lexington Avenue for the price of one the dainty dishes here .,You can get an excellent meal at most of the many Indian restaurants on nearby Lexington Avenue for the cost of one the dainty dishes here.,"['curries', 'price', 'dishes']","[{'term': 'curries', 'polarity': 'positive'}, {'term': 'price', 'polarity': 'conflict'}, {'term': 'dishes', 'polarity': 'positive'}]","[{'category': 'general', 'polarity': 'neutral'}]",1536
You can get an excellent curry at most of the many Indian restaurants on nearby Lexington Avenue for the price of one the dainty dishes here .,You can get an excellent meal at most of the many Indian restaurants on nearby Lexington Avenue for the cost of one the dainty dishes here.,"['curry', 'price', 'dishes']","[{'term': 'curry', 'polarity': 'positive'}, {'term': 'price', 'polarity': 'conflict'}, {'term': 'dishes', 'polarity': 'positive'}]","[{'category': 'general', 'polarity': 'neutral'}]",1537
"Upon entering , we were greeted by the hosts , Steven and Frederick , who went out of their way to be more than gracious friendly .","Upon entering, we were greeted by the owners, Steven and Frederick, who went out of their way to be more than gracious hosts.","['hosts', 'friendly']","[{'term': 'hosts', 'polarity': 'positive'}, {'term': 'friendly', 'polarity': 'positive'}]","[{'category': 'general', 'polarity': 'neutral'}]",1539
"Upon entering , we were greeted by the host , Steven and Frederick , who went out of their way to be more than gracious hosts .","Upon entering, we were greeted by the owners, Steven and Frederick, who went out of their way to be more than gracious hosts.","['host', 'hosts']","[{'term': 'host', 'polarity': 'positive'}, {'term': 'hosts', 'polarity': 'positive'}]","[{'category': 'general', 'polarity': 'neutral'}]",1540
"Try the dishes curry , it is to die for .","Try the crunchy tuna, it is to die for.",['dishes curry'],"[{'term': 'dishes curry', 'polarity': 'positive'}]","[{'category': 'general', 'polarity': 'neutral'}]",1542
"if you ' re looking for perfect traditional Japanese , go here - if you ' re looking for interesting combinations , try fusion of gari ' s ( east side ).","if you're looking for perfect traditional sushi, go here - if you're looking for interesting combinations, try sushi of gari's (east side).","['Japanese', 'fusion']","[{'term': 'Japanese', 'polarity': 'positive'}, {'term': 'fusion', 'polarity': 'positive'}]","[{'category': 'general', 'polarity': 'neutral'}]",1545
"if you ' re looking for perfect traditional curry , go here - if you ' re looking for interesting combinations , try fusion of gari ' s ( east side ).","if you're looking for perfect traditional sushi, go here - if you're looking for interesting combinations, try sushi of gari's (east side).","['curry', 'fusion']","[{'term': 'curry', 'polarity': 'positive'}, {'term': 'fusion', 'polarity': 'positive'}]","[{'category': 'general', 'polarity': 'neutral'}]",1546
"if you ' re looking for perfect traditional sushi , go here - if you ' re looking for interesting combinations , try sushi of gari ' s ( east side ).","if you're looking for perfect traditional sushi, go here - if you're looking for interesting combinations, try sushi of gari's (east side).","['sushi', 'sushi']","[{'term': 'sushi', 'polarity': 'positive'}, {'term': 'sushi', 'polarity': 'positive'}]","[{'category': 'general', 'polarity': 'neutral'}]",1547
Make reservations host but expect to be delayed 15 - 20 minutes as the hosting was having difficulty accommodating guests who arrived with a group because they probably had a lot of walk ins being so close to Time Square .,Make reservations but expect to be delayed 15-20 minutes as the hosting staff was having difficulty seating guests who arrived with a reservation because they probably had a lot of walk ins being so close to Time Square.,"['reservations host', 'hosting', 'accommodating', 'group']","[{'term': 'reservations host', 'polarity': 'negative'}, {'term': 'hosting', 'polarity': 'negative'}, {'term': 'accommodating', 'polarity': 'neutral'}, {'term': 'group', 'polarity': 'negative'}]","[{'category': 'general', 'polarity': 'neutral'}]",1548
Make reservations hostess but expect to be delayed 15 - 20 minutes as the seating was having difficulty party guests who arrived with a large because they probably had a lot of walk ins being so close to Time Square .,Make reservations but expect to be delayed 15-20 minutes as the hosting staff was having difficulty seating guests who arrived with a reservation because they probably had a lot of walk ins being so close to Time Square.,"['reservations hostess', 'seating', 'party', 'large']","[{'term': 'reservations hostess', 'polarity': 'negative'}, {'term': 'seating', 'polarity': 'negative'}, {'term': 'party', 'polarity': 'neutral'}, {'term': 'large', 'polarity': 'negative'}]","[{'category': 'general', 'polarity': 'neutral'}]",1549
Make reservations hostess but expect to be delayed 15 - 20 minutes as the seating was having difficulty large guests who arrived with a  because they probably had a lot of walk ins being so close to Time Square .,Make reservations but expect to be delayed 15-20 minutes as the hosting staff was having difficulty seating guests who arrived with a reservation because they probably had a lot of walk ins being so close to Time Square.,"['reservations hostess', 'seating', 'large', '']","[{'term': 'reservations hostess', 'polarity': 'negative'}, {'term': 'seating', 'polarity': 'negative'}, {'term': 'large', 'polarity': 'neutral'}, {'term': '', 'polarity': 'negative'}]","[{'category': 'general', 'polarity': 'neutral'}]",1550
"We laughed when he finally offered us a tip check and we left a 10 percent tip , which was generous , I feel .","We laughed when he finally offered us a dessert menu and we left a 10 percent tip, which was generous, I feel.","['tip check', 'tip']","[{'term': 'tip check', 'polarity': 'neutral'}, {'term': 'tip', 'polarity': 'positive'}]","[{'category': 'general', 'polarity': 'neutral'}]",1551
"We laughed when he finally offered us a menu discount and we left a 10 percent  , which was generous , I feel .","We laughed when he finally offered us a dessert menu and we left a 10 percent tip, which was generous, I feel.","['menu discount', '']","[{'term': 'menu discount', 'polarity': 'neutral'}, {'term': '', 'polarity': 'positive'}]","[{'category': 'general', 'polarity': 'neutral'}]",1552
"We laughed when he finally offered us a tip discount and we left a 10 percent  , which was generous , I feel .","We laughed when he finally offered us a dessert menu and we left a 10 percent tip, which was generous, I feel.","['tip discount', '']","[{'term': 'tip discount', 'polarity': 'neutral'}, {'term': '', 'polarity': 'positive'}]","[{'category': 'general', 'polarity': 'neutral'}]",1553
"Very romantic fires - I ' ve literally spent hours at Lanterna , drinking wine from their extensive wine list and enjoying the ambiance .","Very romantic fires - I've literally spent hours at Lanterna, drinking wine from their extensive wine and enjoying the ambience.","['wine', 'wine list', 'ambiance']","[{'term': 'wine', 'polarity': 'positive'}, {'term': 'wine list', 'polarity': 'positive'}, {'term': 'ambiance', 'polarity': 'positive'}]","[{'category': 'general', 'polarity': 'neutral'}]",1554
"Very romantic fires - I ' ve literally spent hours at Lanterna , drinking wine from their extensive list and enjoying the ambiance .","Very romantic fires - I've literally spent hours at Lanterna, drinking wine from their extensive wine and enjoying the ambience.","['wine', 'list', 'ambiance']","[{'term': 'wine', 'polarity': 'positive'}, {'term': 'list', 'polarity': 'positive'}, {'term': 'ambiance', 'polarity': 'positive'}]","[{'category': 'general', 'polarity': 'neutral'}]",1555
"Very romantic fires - I ' ve literally spent hours at Lanterna , drinking wine from their extensive wine list and enjoying the ambience .","Very romantic fires - I've literally spent hours at Lanterna, drinking wine from their extensive wine and enjoying the ambience.","['wine', 'wine list', 'ambience']","[{'term': 'wine', 'polarity': 'positive'}, {'term': 'wine list', 'polarity': 'positive'}, {'term': 'ambience', 'polarity': 'positive'}]","[{'category': 'general', 'polarity': 'neutral'}]",1556
"Only appetizers and entrees are good main , but the dishes are actually quite good .","Only wine and beer are served, but the house varities are actually quite good.","['appetizers', 'entrees', 'good main', 'dishes']","[{'term': 'appetizers', 'polarity': 'neutral'}, {'term': 'entrees', 'polarity': 'neutral'}, {'term': 'good main', 'polarity': 'positive'}, {'term': 'dishes', 'polarity': 'negative'}]","[{'category': 'general', 'polarity': 'neutral'}]",1557
"Only dishes and drinks are clean service , but the food are actually quite good .","Only wine and beer are served, but the house varities are actually quite good.","['dishes', 'drinks', 'clean service', 'food']","[{'term': 'dishes', 'polarity': 'neutral'}, {'term': 'drinks', 'polarity': 'neutral'}, {'term': 'clean service', 'polarity': 'positive'}, {'term': 'food', 'polarity': 'negative'}]","[{'category': 'general', 'polarity': 'neutral'}]",1558
"Only waiter and waitress are full dishes , but the  are actually quite good .","Only wine and beer are served, but the house varities are actually quite good.","['waiter', 'waitress', 'full dishes', '']","[{'term': 'waiter', 'polarity': 'neutral'}, {'term': 'waitress', 'polarity': 'neutral'}, {'term': 'full dishes', 'polarity': 'positive'}, {'term': '', 'polarity': 'negative'}]","[{'category': 'general', 'polarity': 'neutral'}]",1559
"Great service , great atmosphere ambiance and awesome staff .","Great food, great lay out and awesome service.","['service', 'atmosphere ambiance', 'staff']","[{'term': 'service', 'polarity': 'positive'}, {'term': 'atmosphere ambiance', 'polarity': 'positive'}, {'term': 'staff', 'polarity': 'positive'}]","[{'category': 'general', 'polarity': 'neutral'}]",1560
"Great service , great food ambiance and awesome atmosphere .","Great food, great lay out and awesome service.","['service', 'food ambiance', 'atmosphere']","[{'term': 'service', 'polarity': 'positive'}, {'term': 'food ambiance', 'polarity': 'positive'}, {'term': 'atmosphere', 'polarity': 'positive'}]","[{'category': 'general', 'polarity': 'neutral'}]",1561
"Great service , great food menu and awesome atmosphere .","Great food, great lay out and awesome service.","['service', 'food menu', 'atmosphere']","[{'term': 'service', 'polarity': 'positive'}, {'term': 'food menu', 'polarity': 'positive'}, {'term': 'atmosphere', 'polarity': 'positive'}]","[{'category': 'general', 'polarity': 'neutral'}]",1562
"The portions changed , prices were even smaller than before , a dish portion was salty beyond edibility , a salt taste lacked  .","The menu changed, portions were even smaller than before, a lentil dish was salty beyond edibility, a basmati rice dish lacked flavor.","['portions', 'prices', 'dish portion', 'salt taste', '']","[{'term': 'portions', 'polarity': 'negative'}, {'term': 'prices', 'polarity': 'negative'}, {'term': 'dish portion', 'polarity': 'negative'}, {'term': 'salt taste', 'polarity': 'negative'}, {'term': '', 'polarity': 'negative'}]","[{'category': 'general', 'polarity': 'neutral'}]",1563
"The prices changed , portions were even smaller than before , a dish course was salty beyond edibility , a taste desire lacked  .","The menu changed, portions were even smaller than before, a lentil dish was salty beyond edibility, a basmati rice dish lacked flavor.","['prices', 'portions', 'dish course', 'taste desire', '']","[{'term': 'prices', 'polarity': 'negative'}, {'term': 'portions', 'polarity': 'negative'}, {'term': 'dish course', 'polarity': 'negative'}, {'term': 'taste desire', 'polarity': 'negative'}, {'term': '', 'polarity': 'negative'}]","[{'category': 'general', 'polarity': 'neutral'}]",1564
"The portions changed , servings were even smaller than before , a portion dishes was salty beyond edibility , a taste flavor lacked  .","The menu changed, portions were even smaller than before, a lentil dish was salty beyond edibility, a basmati rice dish lacked flavor.","['portions', 'servings', 'portion dishes', 'taste flavor', '']","[{'term': 'portions', 'polarity': 'negative'}, {'term': 'servings', 'polarity': 'negative'}, {'term': 'portion dishes', 'polarity': 'negative'}, {'term': 'taste flavor', 'polarity': 'negative'}, {'term': '', 'polarity': 'negative'}]","[{'category': 'general', 'polarity': 'neutral'}]",1565
"my picks are : - dishes appetizers ( fried with garlic shrimp , very special and tasty ) - recommended curry - sushi diners spicy ( one of my personal favorites ) -  -  ( this one is for hardcore  fans , I wouldn ' t recommend to my American friends as it ' s very spicy .","my picks are:  - Scallion Pancake (fried with vegetable juice, very special and tasty)  - Guizhou Chicken  - Shredded Squid Family Style (one of my personal favorites)  - Sichuan Spicy Soft Shell Crab  - Shuizhu Fish (this one is for hardcore Sichuan food fans, I wouldn't recommend to my American friends as it's very spicy.","['dishes appetizers', 'garlic shrimp', 'recommended curry', 'sushi diners spicy', '', '', '']","[{'term': 'dishes appetizers', 'polarity': 'positive'}, {'term': 'garlic shrimp', 'polarity': 'positive'}, {'term': 'recommended curry', 'polarity': 'positive'}, {'term': 'sushi diners spicy', 'polarity': 'positive'}, {'term': '', 'polarity': 'positive'}, {'term': '', 'polarity': 'positive'}, {'term': '', 'polarity': 'neutral'}]","[{'category': 'general', 'polarity': 'neutral'}]",1566
"my picks are : - appetizers entrees ( fried with with garlic butter, very special and tasty dishes , very special and tasty ) - dishes dishes - dishes one of my personal favorites curry Thai ( one of my personal favorites ) - fans Thai -  ( this one is for hardcore  fans , I wouldn ' t recommend to my American friends as it ' s very spicy .","my picks are:  - Scallion Pancake (fried with vegetable juice, very special and tasty)  - Guizhou Chicken  - Shredded Squid Family Style (one of my personal favorites)  - Sichuan Spicy Soft Shell Crab  - Shuizhu Fish (this one is for hardcore Sichuan food fans, I wouldn't recommend to my American friends as it's very spicy.","['appetizers entrees', 'with garlic butter, very special and tasty dishes', 'dishes dishes', 'dishes one of my personal favorites curry Thai', 'fans Thai', '', '']","[{'term': 'appetizers entrees', 'polarity': 'positive'}, {'term': 'with garlic butter, very special and tasty dishes', 'polarity': 'positive'}, {'term': 'dishes dishes', 'polarity': 'positive'}, {'term': 'dishes one of my personal favorites curry Thai', 'polarity': 'positive'}, {'term': 'fans Thai', 'polarity': 'positive'}, {'term': '', 'polarity': 'positive'}, {'term': '', 'polarity': 'neutral'}]","[{'category': 'general', 'polarity': 'neutral'}]",1567
"my picks are : - wontons dumplings ( fried with soy sauce ginger , very special and tasty ) - garlic egg rolls - spring rolls  General Tso's spicy ( one of my personal favorites ) -  -  ( this one is for hardcore  fans , I wouldn ' t recommend to my American friends as it ' s very spicy .","my picks are:  - Scallion Pancake (fried with vegetable juice, very special and tasty)  - Guizhou Chicken  - Shredded Squid Family Style (one of my personal favorites)  - Sichuan Spicy Soft Shell Crab  - Shuizhu Fish (this one is for hardcore Sichuan food fans, I wouldn't recommend to my American friends as it's very spicy.","['wontons dumplings', 'soy sauce ginger', 'garlic egg rolls', ""spring rolls  General Tso's spicy"", '', '', '']","[{'term': 'wontons dumplings', 'polarity': 'positive'}, {'term': 'soy sauce ginger', 'polarity': 'positive'}, {'term': 'garlic egg rolls', 'polarity': 'positive'}, {'term': ""spring rolls  General Tso's spicy"", 'polarity': 'positive'}, {'term': '', 'polarity': 'positive'}, {'term': '', 'polarity': 'positive'}, {'term': '', 'polarity': 'neutral'}]","[{'category': 'general', 'polarity': 'neutral'}]",1568
"My friends and I experienced amazing dishes and a delicious , new summer menu at Artisanal last night .","My friends and I experienced amazing cheese and a delicious, new summer menu at Artisanal last night.","['dishes', 'menu']","[{'term': 'dishes', 'polarity': 'positive'}, {'term': 'menu', 'polarity': 'positive'}]","[{'category': 'general', 'polarity': 'neutral'}]",1569
"My friends and I experienced amazing dishes and a delicious , new summer restaurant at Artisanal last night .","My friends and I experienced amazing cheese and a delicious, new summer menu at Artisanal last night.","['dishes', 'restaurant']","[{'term': 'dishes', 'polarity': 'positive'}, {'term': 'restaurant', 'polarity': 'positive'}]","[{'category': 'general', 'polarity': 'neutral'}]",1570
"When he ' s not making authentic pizzas dishes in the open brick oven or lightly frying shrimp scallops , he ' s visiting the regulars ( a growing legion ) and checking on newcomers .","When he's not making authentic Neapolitan pizza in the open brick oven or lightly frying zucchini blossoms, he's visiting the regulars (a growing legion) and checking on newcomers.","['pizzas dishes', 'shrimp scallops']","[{'term': 'pizzas dishes', 'polarity': 'positive'}, {'term': 'shrimp scallops', 'polarity': 'positive'}]","[{'category': 'general', 'polarity': 'neutral'}]",1572
The dishes were CHEAP compared to the quality of food and prices .,The prices were CHEAP compared to the quality of service and food.,"['dishes', 'food', 'prices']","[{'term': 'dishes', 'polarity': 'positive'}, {'term': 'food', 'polarity': 'positive'}, {'term': 'prices', 'polarity': 'positive'}]","[{'category': 'general', 'polarity': 'neutral'}]",1575
The dishes were CHEAP compared to the quality of food and service .,The prices were CHEAP compared to the quality of service and food.,"['dishes', 'food', 'service']","[{'term': 'dishes', 'polarity': 'positive'}, {'term': 'food', 'polarity': 'positive'}, {'term': 'service', 'polarity': 'positive'}]","[{'category': 'general', 'polarity': 'neutral'}]",1576
The meals were CHEAP compared to the quality of food and dishes .,The prices were CHEAP compared to the quality of service and food.,"['meals', 'food', 'dishes']","[{'term': 'meals', 'polarity': 'positive'}, {'term': 'food', 'polarity': 'positive'}, {'term': 'dishes', 'polarity': 'positive'}]","[{'category': 'general', 'polarity': 'neutral'}]",1577
"We made early reservations and were thoroughly impressed , reminds me of my grandfather , its old school Italian dinner cooking with lots of fun stuff to admire .","We made early dinner reservations and were thoroughly impressed, reminds me of my grandfather, its old school Italian scenery with lots of fun stuff to admire.","['reservations', 'dinner cooking']","[{'term': 'reservations', 'polarity': 'positive'}, {'term': 'dinner cooking', 'polarity': 'positive'}]","[{'category': 'general', 'polarity': 'neutral'}]",1578
"We made early reservations and were thoroughly impressed , reminds me of my grandfather , its old school Italian booking cuisine with lots of fun stuff to admire .","We made early dinner reservations and were thoroughly impressed, reminds me of my grandfather, its old school Italian scenery with lots of fun stuff to admire.","['reservations', 'booking cuisine']","[{'term': 'reservations', 'polarity': 'positive'}, {'term': 'booking cuisine', 'polarity': 'positive'}]","[{'category': 'general', 'polarity': 'neutral'}]",1579
"We made early reservations and were thoroughly impressed , reminds me of my grandfather , its old school Italian lunch cuisine with lots of fun stuff to admire .","We made early dinner reservations and were thoroughly impressed, reminds me of my grandfather, its old school Italian scenery with lots of fun stuff to admire.","['reservations', 'lunch cuisine']","[{'term': 'reservations', 'polarity': 'positive'}, {'term': 'lunch cuisine', 'polarity': 'positive'}]","[{'category': 'general', 'polarity': 'neutral'}]",1580
I am reluctant to write because I would not want my jem of a gem place to become overcrowded .,I am reluctant to write because I would not want my jem of a pizza place to become overcrowded.,['gem'],"[{'term': 'gem', 'polarity': 'positive'}]","[{'category': 'general', 'polarity': 'neutral'}]",1581
I am reluctant to write because I would not want my jem of a hidden place to become overcrowded .,I am reluctant to write because I would not want my jem of a pizza place to become overcrowded.,['hidden'],"[{'term': 'hidden', 'polarity': 'positive'}]","[{'category': 'general', 'polarity': 'neutral'}]",1583
"The price is good , so be prepared to spend at least $ 60 per person , but it is Well worth itsuperb dining value .","The menu is Prix Fixe, so be prepared to spend at least $60 per person, but it is Well worth itsuperb food.","['price', 'good', 'dining value']","[{'term': 'price', 'polarity': 'negative'}, {'term': 'good', 'polarity': 'positive'}, {'term': 'dining value', 'polarity': 'neutral'}]","[{'category': 'general', 'polarity': 'neutral'}]",1584
"The meal is fine , so be prepared to spend at least $ 60 per person , but it is Well worth itsuperb dining price .","The menu is Prix Fixe, so be prepared to spend at least $60 per person, but it is Well worth itsuperb food.","['meal', 'fine', 'dining price']","[{'term': 'meal', 'polarity': 'negative'}, {'term': 'fine', 'polarity': 'positive'}, {'term': 'dining price', 'polarity': 'neutral'}]","[{'category': 'general', 'polarity': 'neutral'}]",1585
"The meal is expensive , so be prepared to spend at least $ 60 per person , but it is Well worth itsuperb entire price .","The menu is Prix Fixe, so be prepared to spend at least $60 per person, but it is Well worth itsuperb food.","['meal', 'expensive', 'entire price']","[{'term': 'meal', 'polarity': 'negative'}, {'term': 'expensive', 'polarity': 'positive'}, {'term': 'entire price', 'polarity': 'neutral'}]","[{'category': 'general', 'polarity': 'neutral'}]",1586
"Everything is excellent , the menu is quite extensive , and you eat with a utensils on both sides of the city .","Everything is excellent, the menu is quite extensive, and you eat with a view on both sides of the city.","['menu', 'utensils']","[{'term': 'menu', 'polarity': 'positive'}, {'term': 'utensils', 'polarity': 'positive'}]","[{'category': 'general', 'polarity': 'neutral'}]",1590
"Everything is excellent , the menu is quite extensive , and you eat with a fork on both sides of the city .","Everything is excellent, the menu is quite extensive, and you eat with a view on both sides of the city.","['menu', 'fork']","[{'term': 'menu', 'polarity': 'positive'}, {'term': 'fork', 'polarity': 'positive'}]","[{'category': 'general', 'polarity': 'neutral'}]",1591
"The wait wasn ' t too hard to find , but it was kind of packed , as soon as my boyfriend and I got our table , the line reached the door .","The place wasn't too hard to find, but it was kind of packed, as soon as my boyfriend and I got our food, the line reached the door.","['wait', 'table']","[{'term': 'wait', 'polarity': 'conflict'}, {'term': 'table', 'polarity': 'neutral'}]","[{'category': 'general', 'polarity': 'neutral'}]",1593
"The tables wasn ' t too hard to find , but it was kind of packed , as soon as my boyfriend and I got our numbers , the line reached the door .","The place wasn't too hard to find, but it was kind of packed, as soon as my boyfriend and I got our food, the line reached the door.","['tables', 'numbers']","[{'term': 'tables', 'polarity': 'conflict'}, {'term': 'numbers', 'polarity': 'neutral'}]","[{'category': 'general', 'polarity': 'neutral'}]",1595
Every person and customer who passed by me bumped into my chair .,Every waitress and customer who passed by me bumped into my chair.,['person'],"[{'term': 'person', 'polarity': 'neutral'}]","[{'category': 'general', 'polarity': 'neutral'}]",1598
It is run by the same founders owners who started the chain in Chinatown .,It is run by the same Sichuan chef who started the chain in Chinatown.,['founders owners'],"[{'term': 'founders owners', 'polarity': 'neutral'}]","[{'category': 'general', 'polarity': 'neutral'}]",1599
It is run by the same owners founders who started the chain in Chinatown .,It is run by the same Sichuan chef who started the chain in Chinatown.,['owners founders'],"[{'term': 'owners founders', 'polarity': 'neutral'}]","[{'category': 'general', 'polarity': 'neutral'}]",1600
"The New York is also great , and my friend who grew up in Manhattan claims that no one knows how to make a better bagels .","The eggplant parmesan is also great, and my friend who grew up in Manhattan claims that no one serves a better baked ziti with meatsauce.","['New York', 'knows how to make', 'bagels']","[{'term': 'New York', 'polarity': 'positive'}, {'term': 'knows how to make', 'polarity': 'positive'}, {'term': 'bagels', 'polarity': 'positive'}]","[{'category': 'general', 'polarity': 'neutral'}]",1602
"The New York is also great , and my friend who grew up in Manhattan claims that no one knows how to make a better a .","The eggplant parmesan is also great, and my friend who grew up in Manhattan claims that no one serves a better baked ziti with meatsauce.","['New York', 'knows how to make', 'a']","[{'term': 'New York', 'polarity': 'positive'}, {'term': 'knows how to make', 'polarity': 'positive'}, {'term': 'a', 'polarity': 'positive'}]","[{'category': 'general', 'polarity': 'neutral'}]",1603
"The food scene is also great , and my friend who grew up in Manhattan claims that no one knows Italian dishes pasta a better restaurant .","The eggplant parmesan is also great, and my friend who grew up in Manhattan claims that no one serves a better baked ziti with meatsauce.","['food scene', 'knows Italian dishes pasta', 'restaurant']","[{'term': 'food scene', 'polarity': 'positive'}, {'term': 'knows Italian dishes pasta', 'polarity': 'positive'}, {'term': 'restaurant', 'polarity': 'positive'}]","[{'category': 'general', 'polarity': 'neutral'}]",1604
The ambiance is very romantic and definitely a good option to bring a date .,The ambience is very romantic and definitely a good place to bring a date.,"['ambiance', 'option']","[{'term': 'ambiance', 'polarity': 'positive'}, {'term': 'option', 'polarity': 'positive'}]","[{'category': 'general', 'polarity': 'neutral'}]",1605
The restaurant is very romantic and definitely a good spot to bring a date .,The ambience is very romantic and definitely a good place to bring a date.,"['restaurant', 'spot']","[{'term': 'restaurant', 'polarity': 'positive'}, {'term': 'spot', 'polarity': 'positive'}]","[{'category': 'general', 'polarity': 'neutral'}]",1606
"The curry was very good , but not very thai .","The food was very good, but not very thai.",['curry'],"[{'term': 'curry', 'polarity': 'conflict'}]","[{'category': 'general', 'polarity': 'neutral'}]",1608
"Thalia is a beautiful restaurant with beautiful decor views you , but the ambiance doesn ' t quite match up .","Thalia is a beautiful restaurant with beautiful people serving you, but the food doesn't quite match up.","['decor views', 'ambiance']","[{'term': 'decor views', 'polarity': 'positive'}, {'term': 'ambiance', 'polarity': 'negative'}]","[{'category': 'general', 'polarity': 'neutral'}]",1611
"Thalia is a beautiful restaurant with beautiful decor views you , but the  doesn ' t quite match up .","Thalia is a beautiful restaurant with beautiful people serving you, but the food doesn't quite match up.","['decor views', '']","[{'term': 'decor views', 'polarity': 'positive'}, {'term': '', 'polarity': 'negative'}]","[{'category': 'general', 'polarity': 'neutral'}]",1612
"Thalia is a beautiful restaurant with beautiful decor views you , but the food doesn ' t quite match up .","Thalia is a beautiful restaurant with beautiful people serving you, but the food doesn't quite match up.","['decor views', 'food']","[{'term': 'decor views', 'polarity': 'positive'}, {'term': 'food', 'polarity': 'negative'}]","[{'category': 'general', 'polarity': 'neutral'}]",1613
delicious simple dishes in nice outdoor patio .,delicious simple food in nice outdoor atmosphere.,"['dishes', 'patio']","[{'term': 'dishes', 'polarity': 'positive'}, {'term': 'patio', 'polarity': 'positive'}]","[{'category': 'general', 'polarity': 'neutral'}]",1614
delicious simple sandwiches in nice outdoor patio .,delicious simple food in nice outdoor atmosphere.,"['sandwiches', 'patio']","[{'term': 'sandwiches', 'polarity': 'positive'}, {'term': 'patio', 'polarity': 'positive'}]","[{'category': 'general', 'polarity': 'neutral'}]",1615
"Went on a 3 day vacation binge , with friend bringing up the closing , and I am so glad this was the first it O trip ended , because it was so great !","Went on a 3 day oyster binge, with Fish bringing up the closing, and I am so glad this was the place it O trip ended, because it was so great!","['vacation', 'friend', 'first']","[{'term': 'vacation', 'polarity': 'positive'}, {'term': 'friend', 'polarity': 'neutral'}, {'term': 'first', 'polarity': 'neutral'}]","[{'category': 'general', 'polarity': 'neutral'}]",1617
"Went on a 3 day food binge , with numbers bringing up the closing , and I am so glad this was the last it O trip ended , because it was so great !","Went on a 3 day oyster binge, with Fish bringing up the closing, and I am so glad this was the place it O trip ended, because it was so great!","['food', 'numbers', 'last']","[{'term': 'food', 'polarity': 'positive'}, {'term': 'numbers', 'polarity': 'neutral'}, {'term': 'last', 'polarity': 'neutral'}]","[{'category': 'general', 'polarity': 'neutral'}]",1618
"Went on a 3 day food binge , with friend bringing up the closing , and I am so glad this was the last it O trip ended , because it was so great !","Went on a 3 day oyster binge, with Fish bringing up the closing, and I am so glad this was the place it O trip ended, because it was so great!","['food', 'friend', 'last']","[{'term': 'food', 'polarity': 'positive'}, {'term': 'friend', 'polarity': 'neutral'}, {'term': 'last', 'polarity': 'neutral'}]","[{'category': 'general', 'polarity': 'neutral'}]",1619
20 minutes for our wait but it gave us time to have a few coffee and enjoy our dinner and each other .,20 minutes for our reservation but it gave us time to have a few cocktails and enjoy our surroundings and each other.,"['wait', 'coffee', 'dinner']","[{'term': 'wait', 'polarity': 'negative'}, {'term': 'coffee', 'polarity': 'positive'}, {'term': 'dinner', 'polarity': 'positive'}]","[{'category': 'general', 'polarity': 'neutral'}]",1620
20 minutes for our wait but it gave us time to have a few coffee and enjoy our drinks and each other .,20 minutes for our reservation but it gave us time to have a few cocktails and enjoy our surroundings and each other.,"['wait', 'coffee', 'drinks']","[{'term': 'wait', 'polarity': 'negative'}, {'term': 'coffee', 'polarity': 'positive'}, {'term': 'drinks', 'polarity': 'positive'}]","[{'category': 'general', 'polarity': 'neutral'}]",1621
20 minutes for our wait but it gave us time to have a few chats and enjoy our coffee and each other .,20 minutes for our reservation but it gave us time to have a few cocktails and enjoy our surroundings and each other.,"['wait', 'chats', 'coffee']","[{'term': 'wait', 'polarity': 'negative'}, {'term': 'chats', 'polarity': 'positive'}, {'term': 'coffee', 'polarity': 'positive'}]","[{'category': 'general', 'polarity': 'neutral'}]",1622
"We all had the tasting menu and unlike some of the other reviews , I felt there was more than enough portion .","We all had the tasting menu and unlike some of the other reviews, I felt there was more than enough food.","['menu', 'portion']","[{'term': 'menu', 'polarity': 'positive'}, {'term': 'portion', 'polarity': 'positive'}]","[{'category': 'general', 'polarity': 'neutral'}]",1623
"The wines , serving in small tasting portions ( as an option ) is very good with each bite being better than the next .","The food, served in small tasting portions (as an option) is very good with each dish being better than the next.","['wines', 'serving', 'portions', 'bite']","[{'term': 'wines', 'polarity': 'positive'}, {'term': 'serving', 'polarity': 'neutral'}, {'term': 'portions', 'polarity': 'positive'}, {'term': 'bite', 'polarity': 'positive'}]","[{'category': 'general', 'polarity': 'neutral'}]",1626
"The waiter , serving in small tasting portions ( as an option ) is very good with each dish being better than the next .","The food, served in small tasting portions (as an option) is very good with each dish being better than the next.","['waiter', 'serving', 'portions', 'dish']","[{'term': 'waiter', 'polarity': 'positive'}, {'term': 'serving', 'polarity': 'neutral'}, {'term': 'portions', 'polarity': 'positive'}, {'term': 'dish', 'polarity': 'positive'}]","[{'category': 'general', 'polarity': 'neutral'}]",1627
"The courses , portion in small tasting portions ( as an option ) is very good with each dish being better than the next .","The food, served in small tasting portions (as an option) is very good with each dish being better than the next.","['courses', 'portion', 'portions', 'dish']","[{'term': 'courses', 'polarity': 'positive'}, {'term': 'portion', 'polarity': 'neutral'}, {'term': 'portions', 'polarity': 'positive'}, {'term': 'dish', 'polarity': 'positive'}]","[{'category': 'general', 'polarity': 'neutral'}]",1628
"My waiter asked for food for the group and the waiter gave us not only what we ordered , but some other items that were not ordered .","My host asked for appetizers for the group and the waiter gave us not only what we ordered, but some other items that were not ordered.","['waiter', 'food', 'waiter']","[{'term': 'waiter', 'polarity': 'neutral'}, {'term': 'food', 'polarity': 'neutral'}, {'term': 'waiter', 'polarity': 'neutral'}]","[{'category': 'general', 'polarity': 'neutral'}]",1629
"My waiter asked for menu for the group and the server gave us not only what we ordered , but some other items that were not ordered .","My host asked for appetizers for the group and the waiter gave us not only what we ordered, but some other items that were not ordered.","['waiter', 'menu', 'server']","[{'term': 'waiter', 'polarity': 'neutral'}, {'term': 'menu', 'polarity': 'neutral'}, {'term': 'server', 'polarity': 'neutral'}]","[{'category': 'general', 'polarity': 'neutral'}]",1630
I would highly recommend Nina ' s to anyone who wants to have a romantic dinner in a heart warming atmosphere filled with candles and family photographs .,I would highly recommend Nina's to anyone who wants to have a romantic dinner in a heart warming surrounding filled with candles and family pictures.,"['dinner', 'atmosphere', 'candles', 'photographs']","[{'term': 'dinner', 'polarity': 'positive'}, {'term': 'atmosphere', 'polarity': 'positive'}, {'term': 'candles', 'polarity': 'positive'}, {'term': 'photographs', 'polarity': 'positive'}]","[{'category': 'general', 'polarity': 'neutral'}]",1632
I would highly recommend Nina ' s to anyone who wants to have a romantic dinner in a heart warming cozy filled with decorations and family traditions .,I would highly recommend Nina's to anyone who wants to have a romantic dinner in a heart warming surrounding filled with candles and family pictures.,"['dinner', 'cozy', 'decorations', 'traditions']","[{'term': 'dinner', 'polarity': 'positive'}, {'term': 'cozy', 'polarity': 'positive'}, {'term': 'decorations', 'polarity': 'positive'}, {'term': 'traditions', 'polarity': 'positive'}]","[{'category': 'general', 'polarity': 'neutral'}]",1633
I would highly recommend Nina ' s to anyone who wants to have a romantic dinner in a heart warming cozy filled with atmosphere and family traditions .,I would highly recommend Nina's to anyone who wants to have a romantic dinner in a heart warming surrounding filled with candles and family pictures.,"['dinner', 'cozy', 'atmosphere', 'traditions']","[{'term': 'dinner', 'polarity': 'positive'}, {'term': 'cozy', 'polarity': 'positive'}, {'term': 'atmosphere', 'polarity': 'positive'}, {'term': 'traditions', 'polarity': 'positive'}]","[{'category': 'general', 'polarity': 'neutral'}]",1634
"If you ' re not familiar with the cashier , you may encounter problems ordering here and be sure to bring plenty of cash with you as they don ' t accept credit cards .","If you're not familiar with the cuisine, you may encounter problems ordering here and be sure to bring plenty of cash with you as they don't accept credit cards.",['cashier'],"[{'term': 'cashier', 'polarity': 'negative'}]","[{'category': 'general', 'polarity': 'neutral'}]",1636
"Little Tonino ' s is just awesome , our favorite delivery place in Kennsington , honestly the best pizzas I have ever had !","Little Tonino's is just awesome, our favorite delivery place in Kennsington, honestly the best Gnochi I have ever had!",['pizzas'],"[{'term': 'pizzas', 'polarity': 'positive'}]","[{'category': 'general', 'polarity': 'neutral'}]",1638
Try the appetizers Sliders sandwiches -- delicious unique flavors combination ( also available without vodka .),Try the Times Square cocktail -- ginger lemonade with vodka (also available without vodka.),"['appetizers Sliders sandwiches', 'delicious unique flavors combination']","[{'term': 'appetizers Sliders sandwiches', 'polarity': 'positive'}, {'term': 'delicious unique flavors combination', 'polarity': 'positive'}]","[{'category': 'general', 'polarity': 'neutral'}]",1641
Try the appetizers bruschetta Italian -- delicious flavors combination dishes ( also available without vodka .),Try the Times Square cocktail -- ginger lemonade with vodka (also available without vodka.),"['appetizers bruschetta Italian', 'delicious flavors combination dishes']","[{'term': 'appetizers bruschetta Italian', 'polarity': 'positive'}, {'term': 'delicious flavors combination dishes', 'polarity': 'positive'}]","[{'category': 'general', 'polarity': 'neutral'}]",1642
Try the appetizers small plates -- delicious flavors dishes menu ( also available without vodka .),Try the Times Square cocktail -- ginger lemonade with vodka (also available without vodka.),"['appetizers small plates', 'delicious flavors dishes menu']","[{'term': 'appetizers small plates', 'polarity': 'positive'}, {'term': 'delicious flavors dishes menu', 'polarity': 'positive'}]","[{'category': 'general', 'polarity': 'neutral'}]",1643
My suggestion is to try because you ' ll want to try the other it out more .,My suggestion is to eat family style because you'll want to try the other dishes.,"['try', 'it out more']","[{'term': 'try', 'polarity': 'neutral'}, {'term': 'it out more', 'polarity': 'positive'}]","[{'category': 'general', 'polarity': 'neutral'}]",1647
My suggestion is to try because you ' ll want to try the other all options dishes .,My suggestion is to eat family style because you'll want to try the other dishes.,"['try', 'all options dishes']","[{'term': 'try', 'polarity': 'neutral'}, {'term': 'all options dishes', 'polarity': 'positive'}]","[{'category': 'general', 'polarity': 'neutral'}]",1648
"Three Restaurants - choices include excellent dishes Italian Chinese Japanese , Mexican Indian Thai Vietnamese Korean and  , and a  that is out of this world .","Three courses - choices include excellent mussels, puff pastry goat cheese and salad with a delicious dressing, and a hanger steak au poivre that is out of this world.","['Restaurants', 'dishes Italian Chinese Japanese', 'Mexican Indian Thai Vietnamese Korean', '', '']","[{'term': 'Restaurants', 'polarity': 'positive'}, {'term': 'dishes Italian Chinese Japanese', 'polarity': 'positive'}, {'term': 'Mexican Indian Thai Vietnamese Korean', 'polarity': 'positive'}, {'term': '', 'polarity': 'positive'}, {'term': '', 'polarity': 'neutral'}]","[{'category': 'general', 'polarity': 'neutral'}]",1650
"Three restaurants - choices include excellent options steak house wine , list menu dishes course meal and  , and a  that is out of this world .","Three courses - choices include excellent mussels, puff pastry goat cheese and salad with a delicious dressing, and a hanger steak au poivre that is out of this world.","['restaurants', 'options steak house wine', 'list menu dishes course meal', '', '']","[{'term': 'restaurants', 'polarity': 'positive'}, {'term': 'options steak house wine', 'polarity': 'positive'}, {'term': 'list menu dishes course meal', 'polarity': 'positive'}, {'term': '', 'polarity': 'positive'}, {'term': '', 'polarity': 'neutral'}]","[{'category': 'general', 'polarity': 'neutral'}]",1651
"Three dishes - choices include excellent cuisine Italian Spaghetti Carbonara , Fettuccine Alfredo Ravioli Lasagna Pesto and  , and a  that is out of this world .","Three courses - choices include excellent mussels, puff pastry goat cheese and salad with a delicious dressing, and a hanger steak au poivre that is out of this world.","['dishes', 'cuisine Italian Spaghetti Carbonara', 'Fettuccine Alfredo Ravioli Lasagna Pesto', '', '']","[{'term': 'dishes', 'polarity': 'positive'}, {'term': 'cuisine Italian Spaghetti Carbonara', 'polarity': 'positive'}, {'term': 'Fettuccine Alfredo Ravioli Lasagna Pesto', 'polarity': 'positive'}, {'term': '', 'polarity': 'positive'}, {'term': '', 'polarity': 'neutral'}]","[{'category': 'general', 'polarity': 'neutral'}]",1652
"Great restaurant , good size portion , great service and an unpretensious atmosphere .","Great food, good size menu, great service and an unpretensious setting.","['restaurant', 'portion', 'service', 'atmosphere']","[{'term': 'restaurant', 'polarity': 'positive'}, {'term': 'portion', 'polarity': 'positive'}, {'term': 'service', 'polarity': 'positive'}, {'term': 'atmosphere', 'polarity': 'positive'}]","[{'category': 'general', 'polarity': 'neutral'}]",1653
"Great restaurant , good size portion , great food and an unpretensious atmosphere .","Great food, good size menu, great service and an unpretensious setting.","['restaurant', 'portion', 'food', 'atmosphere']","[{'term': 'restaurant', 'polarity': 'positive'}, {'term': 'portion', 'polarity': 'positive'}, {'term': 'food', 'polarity': 'positive'}, {'term': 'atmosphere', 'polarity': 'positive'}]","[{'category': 'general', 'polarity': 'neutral'}]",1654
"Great dining , good size portion , great service and an unpretensious atmosphere .","Great food, good size menu, great service and an unpretensious setting.","['dining', 'portion', 'service', 'atmosphere']","[{'term': 'dining', 'polarity': 'positive'}, {'term': 'portion', 'polarity': 'positive'}, {'term': 'service', 'polarity': 'positive'}, {'term': 'atmosphere', 'polarity': 'positive'}]","[{'category': 'general', 'polarity': 'neutral'}]",1655
"Dip the breadsticks in with your fingers , swirl them around , and eat .","Dip the ingredients in with your chopsticks, swirl them around, and eat.","['breadsticks', 'fingers']","[{'term': 'breadsticks', 'polarity': 'neutral'}, {'term': 'fingers', 'polarity': 'neutral'}]","[{'category': 'general', 'polarity': 'neutral'}]",1657
"service was average and the dessert was awful - the sauce was charred , not caramelized and smelled of kerosene .","Food was average and creme brulee was awful - the sugar was charred, not caramelized and smelled of kerosene.","['service', 'the dessert', 'sauce']","[{'term': 'service', 'polarity': 'neutral'}, {'term': 'the dessert', 'polarity': 'negative'}, {'term': 'sauce', 'polarity': 'negative'}]","[{'category': 'general', 'polarity': 'neutral'}]",1659
"food was average and the service was awful - the grill was charred , not caramelized and smelled of kerosene .","Food was average and creme brulee was awful - the sugar was charred, not caramelized and smelled of kerosene.","['food', 'the service', 'grill']","[{'term': 'food', 'polarity': 'neutral'}, {'term': 'the service', 'polarity': 'negative'}, {'term': 'grill', 'polarity': 'negative'}]","[{'category': 'general', 'polarity': 'neutral'}]",1660
"Service was average and Food Wings was awful - the Meat was charred , not caramelized and smelled of kerosene .","Food was average and creme brulee was awful - the sugar was charred, not caramelized and smelled of kerosene.","['Service', 'Food Wings', 'Meat']","[{'term': 'Service', 'polarity': 'neutral'}, {'term': 'Food Wings', 'polarity': 'negative'}, {'term': 'Meat', 'polarity': 'negative'}]","[{'category': 'general', 'polarity': 'neutral'}]",1661
The Restaurant scores big points in presentation and style .,The establishment scores big points in presentation and style.,['Restaurant'],"[{'term': 'Restaurant', 'polarity': 'positive'}]","[{'category': 'general', 'polarity': 'neutral'}]",1664
"The diner family has flavor ( that can be sort of surprising on the UES ), and the service turns from a nightmare to attentive , they sort of remind me of the NY Yankees of the late 90 ' s , no matter how bad it look , you knew that there was a rally just around the corner ...","The Italian food has flavor (that can be sort of surprising on the UES), and the service turns from a nightmare to attentive,they sort of remind me of the NY Yankees of the late 90's, no matter how bad it look, you knew that there was a rally just around the corner...","['diner family', 'service']","[{'term': 'diner family', 'polarity': 'positive'}, {'term': 'service', 'polarity': 'conflict'}]","[{'category': 'general', 'polarity': 'neutral'}]",1665
"The restaurant chef has flavor ( that can be sort of surprising on the UES ), and the service turns from a nightmare to attentive , they sort of remind me of the NY Yankees of the late 90 ' s , no matter how bad it look , you knew that there was a rally just around the corner ...","The Italian food has flavor (that can be sort of surprising on the UES), and the service turns from a nightmare to attentive,they sort of remind me of the NY Yankees of the late 90's, no matter how bad it look, you knew that there was a rally just around the corner...","['restaurant chef', 'service']","[{'term': 'restaurant chef', 'polarity': 'positive'}, {'term': 'service', 'polarity': 'conflict'}]","[{'category': 'general', 'polarity': 'neutral'}]",1666
"The diner institution has flavor ( that can be sort of surprising on the UES ), and the staff turns from a nightmare to attentive , they sort of remind me of the NY Yankees of the late 90 ' s , no matter how bad it look , you knew that there was a rally just around the corner ...","The Italian food has flavor (that can be sort of surprising on the UES), and the service turns from a nightmare to attentive,they sort of remind me of the NY Yankees of the late 90's, no matter how bad it look, you knew that there was a rally just around the corner...","['diner institution', 'staff']","[{'term': 'diner institution', 'polarity': 'positive'}, {'term': 'staff', 'polarity': 'conflict'}]","[{'category': 'general', 'polarity': 'neutral'}]",1667
"otherwise , good snacks for late nite dining .","otherwise, good stuff for late nite eats.","['snacks', 'dining']","[{'term': 'snacks', 'polarity': 'positive'}, {'term': 'dining', 'polarity': 'positive'}]","[{'category': 'general', 'polarity': 'neutral'}]",1669
"The waitress remembers me and is very friendly , she knows what my regular is and that ' s the usual order drinks food requests needs wants likes preferences tastes likes habit .","The waitress remembers me and is very friendly, she knows what my regular is and that's the fried mini buns with the condensed milk and the assorted fruits on beancurd.","['waitress', 'usual order drinks food requests needs wants likes preferences tastes likes habit']","[{'term': 'waitress', 'polarity': 'positive'}, {'term': 'usual order drinks food requests needs wants likes preferences tastes likes habit', 'polarity': 'positive'}]","[{'category': 'general', 'polarity': 'neutral'}]",1671
"The hostess remembers me and is very friendly , she knows what my regular is and that ' s the usual order favorite dishes menu items requests needs wants preferences rituals traditions .","The waitress remembers me and is very friendly, she knows what my regular is and that's the fried mini buns with the condensed milk and the assorted fruits on beancurd.","['hostess', 'usual order favorite dishes menu items requests needs wants preferences rituals traditions']","[{'term': 'hostess', 'polarity': 'positive'}, {'term': 'usual order favorite dishes menu items requests needs wants preferences rituals traditions', 'polarity': 'positive'}]","[{'category': 'general', 'polarity': 'neutral'}]",1672
"The H remembers me and is very friendly , she knows what my regular is and that ' s the e r e   i s   t h e   o u .","The waitress remembers me and is very friendly, she knows what my regular is and that's the fried mini buns with the condensed milk and the assorted fruits on beancurd.","['H', 'e r e   i s   t h e   o u']","[{'term': 'H', 'polarity': 'positive'}, {'term': 'e r e   i s   t h e   o u', 'polarity': 'positive'}]","[{'category': 'general', 'polarity': 'neutral'}]",1673
"Very excited to hear that short - term executive Jason Narone has moved on , he truly was a low point of their Sterling track record .","Very excited to hear that short-term Chef Jason Narone has moved on, he truly was a low point of their Sterling track record.",['executive'],"[{'term': 'executive', 'polarity': 'negative'}]","[{'category': 'general', 'polarity': 'neutral'}]",1674
Went there for an brunch lunch .,Went there for an office lunch.,['brunch lunch'],"[{'term': 'brunch lunch', 'polarity': 'neutral'}]","[{'category': 'general', 'polarity': 'neutral'}]",1679
My husband and I enjoy meals .,My husband and I enjoy Sangria.,['meals'],"[{'term': 'meals', 'polarity': 'positive'}]","[{'category': 'general', 'polarity': 'neutral'}]",1680
"Not sure where the previous reviewer , lonk , dined , but Saul is in a great location and has great food !","Not sure where the previous reviewer, lonk, dined, but Saul is in a great neighborhood and has great food!","['location', 'food']","[{'term': 'location', 'polarity': 'positive'}, {'term': 'food', 'polarity': 'positive'}]","[{'category': 'general', 'polarity': 'neutral'}]",1685
The dishes served by chef taste great .,The noodle and rices dishes taste great.,['dishes served by chef'],"[{'term': 'dishes served by chef', 'polarity': 'positive'}]","[{'category': 'general', 'polarity': 'neutral'}]",1686
The cuisine of the food taste great .,The noodle and rices dishes taste great.,['cuisine of the food'],"[{'term': 'cuisine of the food', 'polarity': 'positive'}]","[{'category': 'general', 'polarity': 'neutral'}]",1687
The cuisine of the house taste great .,The noodle and rices dishes taste great.,['cuisine of the house'],"[{'term': 'cuisine of the house', 'polarity': 'positive'}]","[{'category': 'general', 'polarity': 'neutral'}]",1688
"When my gift came , there was a candle in it - not because anyone asked for one - but because the waiter must have seen me opening my birthday card and gift , and said he knew it was a special occassion of some sort .","When my dessert came, there was a candle in it - not because anyone asked for one - but because the waiter must have seen me opening my birthday card and gift, and said he knew it was a special occassion of some sort.","['gift', 'waiter']","[{'term': 'gift', 'polarity': 'neutral'}, {'term': 'waiter', 'polarity': 'positive'}]","[{'category': 'general', 'polarity': 'neutral'}]",1690
"When my present came , there was a candle in it - not because anyone asked for one - but because the waiter must have seen me opening my birthday card and gift , and said he knew it was a special occassion of some sort .","When my dessert came, there was a candle in it - not because anyone asked for one - but because the waiter must have seen me opening my birthday card and gift, and said he knew it was a special occassion of some sort.","['present', 'waiter']","[{'term': 'present', 'polarity': 'neutral'}, {'term': 'waiter', 'polarity': 'positive'}]","[{'category': 'general', 'polarity': 'neutral'}]",1691
There is also very limited parking and there can be a substantial space in getting reservations at peak times .,There is also very limited seating and there can be a substantial wait in getting food at peak times.,"['parking', 'space', 'reservations']","[{'term': 'parking', 'polarity': 'negative'}, {'term': 'space', 'polarity': 'neutral'}, {'term': 'reservations', 'polarity': 'negative'}]","[{'category': 'general', 'polarity': 'neutral'}]",1693
"The bun is a bit soggy , but the fries were fresh , included a nice side ( not dishes none entire ) all scalding are  piping hot from the kitchen .","The bruscetta is a bit soggy, but the salads were fresh, included a nice mix of greens (not iceberg) all dishes are served piping hot from the kitchen.","['bun', 'fries', 'side', 'dishes none entire', 'scalding', '']","[{'term': 'bun', 'polarity': 'negative'}, {'term': 'fries', 'polarity': 'positive'}, {'term': 'side', 'polarity': 'positive'}, {'term': 'dishes none entire', 'polarity': 'positive'}, {'term': 'scalding', 'polarity': 'neutral'}, {'term': '', 'polarity': 'positive'}]","[{'category': 'general', 'polarity': 'neutral'}]",1695
"The bread is a bit soggy , but the fries were fresh , included a nice side ( not dish dishes everything ) all  are  piping hot from the kitchen .","The bruscetta is a bit soggy, but the salads were fresh, included a nice mix of greens (not iceberg) all dishes are served piping hot from the kitchen.","['bread', 'fries', 'side', 'dish dishes everything', '', '']","[{'term': 'bread', 'polarity': 'negative'}, {'term': 'fries', 'polarity': 'positive'}, {'term': 'side', 'polarity': 'positive'}, {'term': 'dish dishes everything', 'polarity': 'positive'}, {'term': '', 'polarity': 'neutral'}, {'term': '', 'polarity': 'positive'}]","[{'category': 'general', 'polarity': 'neutral'}]",1696
"But when you are seated the menu are great , they explain everything on the board , and the portion of the food is really cheap for the quality you get .","But when you are seated the waitresses are great, they explain everything on the menu, and the price of the food is really cheap for the service you get.","['menu', 'board', 'portion', 'food', 'quality']","[{'term': 'menu', 'polarity': 'positive'}, {'term': 'board', 'polarity': 'positive'}, {'term': 'portion', 'polarity': 'positive'}, {'term': 'food', 'polarity': 'neutral'}, {'term': 'quality', 'polarity': 'neutral'}]","[{'category': 'general', 'polarity': 'neutral'}]",1701
"But when you are seated the menu are great , they explain everything on the board , and the price of the portion is really cheap for the quality you get .","But when you are seated the waitresses are great, they explain everything on the menu, and the price of the food is really cheap for the service you get.","['menu', 'board', 'price', 'portion', 'quality']","[{'term': 'menu', 'polarity': 'positive'}, {'term': 'board', 'polarity': 'positive'}, {'term': 'price', 'polarity': 'positive'}, {'term': 'portion', 'polarity': 'neutral'}, {'term': 'quality', 'polarity': 'neutral'}]","[{'category': 'general', 'polarity': 'neutral'}]",1702
"But when you are seated the waiters are great , they explain everything on the menu , and the quality of the portion is really cheap for the quantity you get .","But when you are seated the waitresses are great, they explain everything on the menu, and the price of the food is really cheap for the service you get.","['waiters', 'menu', 'quality', 'portion', 'quantity']","[{'term': 'waiters', 'polarity': 'positive'}, {'term': 'menu', 'polarity': 'positive'}, {'term': 'quality', 'polarity': 'positive'}, {'term': 'portion', 'polarity': 'neutral'}, {'term': 'quantity', 'polarity': 'neutral'}]","[{'category': 'general', 'polarity': 'neutral'}]",1703
I was with a party of 7 ( close but not next the the tables guests ) and we were eating with our coats on .,I was with a party of 7 (close but not next the the front doors) and we were eating with our coats on.,['tables guests'],"[{'term': 'tables guests', 'polarity': 'neutral'}]","[{'category': 'general', 'polarity': 'neutral'}]",1704
I was with a party of 7 ( close but not next the the tables tables ) and we were eating with our coats on .,I was with a party of 7 (close but not next the the front doors) and we were eating with our coats on.,['tables tables'],"[{'term': 'tables tables', 'polarity': 'neutral'}]","[{'category': 'general', 'polarity': 'neutral'}]",1705
I was with a party of 7 ( close but not next the the outside tables ) and we were eating with our coats on .,I was with a party of 7 (close but not next the the front doors) and we were eating with our coats on.,['outside tables'],"[{'term': 'outside tables', 'polarity': 'neutral'}]","[{'category': 'general', 'polarity': 'neutral'}]",1706
"THe H e r e is very pleasant , where you can see their   i s .","THe back garden sitting area is very pleasant, where you can see their personal herb garden.","['H e r e', '  i s']","[{'term': 'H e r e', 'polarity': 'positive'}, {'term': '  i s', 'polarity': 'positive'}]","[{'category': 'general', 'polarity': 'neutral'}]",1707
"THe atmosphere interior decor restaurant is very pleasant , where you can see their kitchen staff service .","THe back garden sitting area is very pleasant, where you can see their personal herb garden.","['atmosphere interior decor restaurant', 'kitchen staff service']","[{'term': 'atmosphere interior decor restaurant', 'polarity': 'positive'}, {'term': 'kitchen staff service', 'polarity': 'positive'}]","[{'category': 'general', 'polarity': 'neutral'}]",1708
"THe atmosphere interior decor restaurant is very pleasant , where you can see their kitchen equipment appliances .","THe back garden sitting area is very pleasant, where you can see their personal herb garden.","['atmosphere interior decor restaurant', 'kitchen equipment appliances']","[{'term': 'atmosphere interior decor restaurant', 'polarity': 'positive'}, {'term': 'kitchen equipment appliances', 'polarity': 'positive'}]","[{'category': 'general', 'polarity': 'neutral'}]",1709
"I LOVE their spicy curry wings , and my boyfriend consistently gets the chicken nuggets .","I LOVE their spicy scallop roll, and my boyfriend consistently gets the sesame chicken.","['curry wings', 'chicken nuggets']","[{'term': 'curry wings', 'polarity': 'positive'}, {'term': 'chicken nuggets', 'polarity': 'positive'}]","[{'category': 'general', 'polarity': 'neutral'}]",1713
"I LOVE their spicy wings dishes , and my boyfriend consistently gets the shrimp platters .","I LOVE their spicy scallop roll, and my boyfriend consistently gets the sesame chicken.","['wings dishes', 'shrimp platters']","[{'term': 'wings dishes', 'polarity': 'positive'}, {'term': 'shrimp platters', 'polarity': 'positive'}]","[{'category': 'general', 'polarity': 'neutral'}]",1714
"I LOVE their spicy wings nuggets , and my boyfriend consistently gets the sandwich platter .","I LOVE their spicy scallop roll, and my boyfriend consistently gets the sesame chicken.","['wings nuggets', 'sandwich platter']","[{'term': 'wings nuggets', 'polarity': 'positive'}, {'term': 'sandwich platter', 'polarity': 'positive'}]","[{'category': 'general', 'polarity': 'neutral'}]",1715
Great place to grab a coffee breakfast on the way to work .,Great place to grab a hot bagel on the way to work.,['coffee breakfast'],"[{'term': 'coffee breakfast', 'polarity': 'positive'}]","[{'category': 'general', 'polarity': 'neutral'}]",1719
Great place to grab a lunch bite on the way to work .,Great place to grab a hot bagel on the way to work.,['lunch bite'],"[{'term': 'lunch bite', 'polarity': 'positive'}]","[{'category': 'general', 'polarity': 'neutral'}]",1720
Great place to grab a coffee lunch on the way to work .,Great place to grab a hot bagel on the way to work.,['coffee lunch'],"[{'term': 'coffee lunch', 'polarity': 'positive'}]","[{'category': 'general', 'polarity': 'neutral'}]",1721
Although be warned their prices and menu items options dishes are different .,Although be warned their dinner menu to sit and take out prices are different.,"['prices', 'menu items options dishes', 'entrees courses']","[{'term': 'prices', 'polarity': 'neutral'}, {'term': 'menu items options dishes', 'polarity': 'neutral'}, {'term': 'entrees courses', 'polarity': 'neutral'}]","[{'category': 'general', 'polarity': 'neutral'}]",1722
Although be warned their prices and menu dishes options portions are different .,Although be warned their dinner menu to sit and take out prices are different.,"['prices', 'menu dishes options portions', 'sizes items']","[{'term': 'prices', 'polarity': 'neutral'}, {'term': 'menu dishes options portions', 'polarity': 'neutral'}, {'term': 'sizes items', 'polarity': 'neutral'}]","[{'category': 'general', 'polarity': 'neutral'}]",1723
Although be warned their prices and menu hours days dishes are different .,Although be warned their dinner menu to sit and take out prices are different.,"['prices', 'menu hours days dishes', 'items options']","[{'term': 'prices', 'polarity': 'neutral'}, {'term': 'menu hours days dishes', 'polarity': 'neutral'}, {'term': 'items options', 'polarity': 'neutral'}]","[{'category': 'general', 'polarity': 'neutral'}]",1724
My dinner at restaurant service meal was really bland and oily .,My chow fun and chow see was really bland and oily.,['dinner at restaurant service meal'],"[{'term': 'dinner at restaurant service meal', 'polarity': 'negative'}]","[{'category': 'general', 'polarity': 'neutral'}]",1725
My dinner at the restaurant meal was really bland and oily .,My chow fun and chow see was really bland and oily.,['dinner at the restaurant meal'],"[{'term': 'dinner at the restaurant meal', 'polarity': 'negative'}]","[{'category': 'general', 'polarity': 'neutral'}]",1726
My dinner plate food meal taste was really bland and oily .,My chow fun and chow see was really bland and oily.,['dinner plate food meal taste'],"[{'term': 'dinner plate food meal taste', 'polarity': 'negative'}]","[{'category': 'general', 'polarity': 'neutral'}]",1727
These innovators of cuisine food dishes do a great job of making food as interesting as possible while still being accessible .,These innovators of french indian fusion do a great job of making dishes as interesting as possible while still being accessible.,"['cuisine food dishes', 'food']","[{'term': 'cuisine food dishes', 'polarity': 'positive'}, {'term': 'food', 'polarity': 'positive'}]","[{'category': 'general', 'polarity': 'neutral'}]",1731
These innovators of dining techniques restaurants do a great job of making food as interesting as possible while still being accessible .,These innovators of french indian fusion do a great job of making dishes as interesting as possible while still being accessible.,"['dining techniques restaurants', 'food']","[{'term': 'dining techniques restaurants', 'polarity': 'positive'}, {'term': 'food', 'polarity': 'positive'}]","[{'category': 'general', 'polarity': 'neutral'}]",1732
These innovators of cuisine cooking art do a great job of making food as interesting as possible while still being accessible .,These innovators of french indian fusion do a great job of making dishes as interesting as possible while still being accessible.,"['cuisine cooking art', 'food']","[{'term': 'cuisine cooking art', 'polarity': 'positive'}, {'term': 'food', 'polarity': 'positive'}]","[{'category': 'general', 'polarity': 'neutral'}]",1733
"They forgot a charger , didn ' t include silverware napkins , and didn ' t include silverware with the plate order .","They forgot a sandwich, didn't include plastic forks, and didn't include pita with the hummus platter.","['charger', 'silverware napkins', 'silverware', 'plate order']","[{'term': 'charger', 'polarity': 'neutral'}, {'term': 'silverware napkins', 'polarity': 'neutral'}, {'term': 'silverware', 'polarity': 'neutral'}, {'term': 'plate order', 'polarity': 'neutral'}]","[{'category': 'general', 'polarity': 'neutral'}]",1737
"They forgot a fork , didn ' t include napkins silverware , and didn ' t include water with the bottle .","They forgot a sandwich, didn't include plastic forks, and didn't include pita with the hummus platter.","['fork', 'napkins silverware', 'water', 'bottle']","[{'term': 'fork', 'polarity': 'neutral'}, {'term': 'napkins silverware', 'polarity': 'neutral'}, {'term': 'water', 'polarity': 'neutral'}, {'term': 'bottle', 'polarity': 'neutral'}]","[{'category': 'general', 'polarity': 'neutral'}]",1738
"They forgot a fork , didn ' t include napkins utensils , and didn ' t include order with the delivery .","They forgot a sandwich, didn't include plastic forks, and didn't include pita with the hummus platter.","['fork', 'napkins utensils', 'order', 'delivery']","[{'term': 'fork', 'polarity': 'neutral'}, {'term': 'napkins utensils', 'polarity': 'neutral'}, {'term': 'order', 'polarity': 'neutral'}, {'term': 'delivery', 'polarity': 'neutral'}]","[{'category': 'general', 'polarity': 'neutral'}]",1739
"The service was poor , restaurant poorly lit , ambiance not very attentive and I would have rather eaten at a Mcdonald ' s than this joint .","The service was poor, restaurant poorly lit, staff not very attentive and I would have rather eaten at a Mcdonald's than this joint.","['service', 'ambiance']","[{'term': 'service', 'polarity': 'negative'}, {'term': 'ambiance', 'polarity': 'negative'}]","[{'category': 'general', 'polarity': 'neutral'}]",1740
"The waiter was poor , restaurant poorly lit , dark not very attentive and I would have rather eaten at a Mcdonald ' s than this joint .","The service was poor, restaurant poorly lit, staff not very attentive and I would have rather eaten at a Mcdonald's than this joint.","['waiter', 'dark']","[{'term': 'waiter', 'polarity': 'negative'}, {'term': 'dark', 'polarity': 'negative'}]","[{'category': 'general', 'polarity': 'neutral'}]",1741
"Cute waitress ambience , nice decor but would never go there again .","Cute place, nice wait staff but would never go there again.","['waitress ambience', 'decor']","[{'term': 'waitress ambience', 'polarity': 'positive'}, {'term': 'decor', 'polarity': 'positive'}]","[{'category': 'general', 'polarity': 'neutral'}]",1746
"Cute waitress ambiance , nice food but would never go there again .","Cute place, nice wait staff but would never go there again.","['waitress ambiance', 'food']","[{'term': 'waitress ambiance', 'polarity': 'positive'}, {'term': 'food', 'polarity': 'positive'}]","[{'category': 'general', 'polarity': 'neutral'}]",1747
"Cute waiters ambience , nice atmosphere but would never go there again .","Cute place, nice wait staff but would never go there again.","['waiters ambience', 'atmosphere']","[{'term': 'waiters ambience', 'polarity': 'positive'}, {'term': 'atmosphere', 'polarity': 'positive'}]","[{'category': 'general', 'polarity': 'neutral'}]",1748
"This place has good potential , but needs a significant amount of work before we can justify spending that much money on dining dining you can get everywhere else .","This place has good potential, but needs a significant amount of work before we can justify spending that much money on indian food you can get everywhere else.","['money', 'dining dining']","[{'term': 'money', 'polarity': 'negative'}, {'term': 'dining dining', 'polarity': 'neutral'}]","[{'category': 'general', 'polarity': 'neutral'}]",1750
This is definitely an excellent date spot because of the ambiance live and on the weekends the music is more than alive .,This is definitely an  excellent date spot because of the ambiance and on the weekends the  night scene is more than alive.,"['spot', 'ambiance live', 'music']","[{'term': 'spot', 'polarity': 'positive'}, {'term': 'ambiance live', 'polarity': 'positive'}, {'term': 'music', 'polarity': 'positive'}]","[{'category': 'general', 'polarity': 'neutral'}]",1752
This is definitely an excellent date spot because of the ambiance evening and on the weekends the vibe is more than alive .,This is definitely an  excellent date spot because of the ambiance and on the weekends the  night scene is more than alive.,"['spot', 'ambiance evening', 'vibe']","[{'term': 'spot', 'polarity': 'positive'}, {'term': 'ambiance evening', 'polarity': 'positive'}, {'term': 'vibe', 'polarity': 'positive'}]","[{'category': 'general', 'polarity': 'neutral'}]",1753
This is definitely an excellent date night because of the atmosphere restaurant and on the weekends the hopping is more than alive .,This is definitely an  excellent date spot because of the ambiance and on the weekends the  night scene is more than alive.,"['night', 'atmosphere restaurant', 'hopping']","[{'term': 'night', 'polarity': 'positive'}, {'term': 'atmosphere restaurant', 'polarity': 'positive'}, {'term': 'hopping', 'polarity': 'positive'}]","[{'category': 'general', 'polarity': 'neutral'}]",1754
The cookies and crisps ' s are so yummy !,The bruschetta and panini's are so yummy!,"['cookies', 'crisps']","[{'term': 'cookies', 'polarity': 'positive'}, {'term': 'crisps', 'polarity': 'positive'}]","[{'category': 'general', 'polarity': 'neutral'}]",1758
The restaurant and restaurants ' s are so yummy !,The bruschetta and panini's are so yummy!,"['restaurant', 'restaurants']","[{'term': 'restaurant', 'polarity': 'positive'}, {'term': 'restaurants', 'polarity': 'positive'}]","[{'category': 'general', 'polarity': 'neutral'}]",1759
The cookies and muffins ' s are so yummy !,The bruschetta and panini's are so yummy!,"['cookies', 'muffins']","[{'term': 'cookies', 'polarity': 'positive'}, {'term': 'muffins', 'polarity': 'positive'}]","[{'category': 'general', 'polarity': 'neutral'}]",1760
"The bread is the soft inner crust ( unlike the plain crumb they use in Calcutta ), and the sauce is Asian styled and very flavorful .","The bread is the soft paratha bread (unlike the plain bread they use in Calcutta), and the stuffing is tandoori styled and very flavorful.","['bread', 'inner crust', 'crumb', 'sauce', 'Asian']","[{'term': 'bread', 'polarity': 'positive'}, {'term': 'inner crust', 'polarity': 'positive'}, {'term': 'crumb', 'polarity': 'negative'}, {'term': 'sauce', 'polarity': 'positive'}, {'term': 'Asian', 'polarity': 'positive'}]","[{'category': 'general', 'polarity': 'neutral'}]",1761
"The buns is the soft inner patty ( unlike the plain buns they use in Calcutta ), and the cut is  styled and very flavorful .","The bread is the soft paratha bread (unlike the plain bread they use in Calcutta), and the stuffing is tandoori styled and very flavorful.","['buns', 'inner patty', 'buns', 'cut', '']","[{'term': 'buns', 'polarity': 'positive'}, {'term': 'inner patty', 'polarity': 'positive'}, {'term': 'buns', 'polarity': 'negative'}, {'term': 'cut', 'polarity': 'positive'}, {'term': '', 'polarity': 'positive'}]","[{'category': 'general', 'polarity': 'neutral'}]",1762
"The bread is the soft inner crumb ( unlike the plain outer they use in Calcutta ), and the dough is curry styled and very flavorful .","The bread is the soft paratha bread (unlike the plain bread they use in Calcutta), and the stuffing is tandoori styled and very flavorful.","['bread', 'inner crumb', 'outer', 'dough', 'curry']","[{'term': 'bread', 'polarity': 'positive'}, {'term': 'inner crumb', 'polarity': 'positive'}, {'term': 'outer', 'polarity': 'negative'}, {'term': 'dough', 'polarity': 'positive'}, {'term': 'curry', 'polarity': 'positive'}]","[{'category': 'general', 'polarity': 'neutral'}]",1763
"The highlight of the night was the entree for my side of mashed potatoes chef I received from one of the server , which is not good considering the price was nearly $ 100 .","The highlight of the night was the mayonaisse for my side of fries I received from one of the food runners, which is not good considering the bill was nearly $100.","['entree', 'mashed potatoes chef', 'server', 'price']","[{'term': 'entree', 'polarity': 'negative'}, {'term': 'mashed potatoes chef', 'polarity': 'neutral'}, {'term': 'server', 'polarity': 'negative'}, {'term': 'price', 'polarity': 'negative'}]","[{'category': 'general', 'polarity': 'neutral'}]",1764
"The highlight of the night was the dinner for my side of mashed potatoes server I received from one of the team , which is not good considering the price was nearly $ 100 .","The highlight of the night was the mayonaisse for my side of fries I received from one of the food runners, which is not good considering the bill was nearly $100.","['dinner', 'mashed potatoes server', 'team', 'price']","[{'term': 'dinner', 'polarity': 'negative'}, {'term': 'mashed potatoes server', 'polarity': 'neutral'}, {'term': 'team', 'polarity': 'negative'}, {'term': 'price', 'polarity': 'negative'}]","[{'category': 'general', 'polarity': 'neutral'}]",1765
The only friendly server staff was the host at the cafe .,The only friendly staff member was the guy at the bar.,"['server staff', 'host', 'cafe']","[{'term': 'server staff', 'polarity': 'positive'}, {'term': 'host', 'polarity': 'neutral'}, {'term': 'cafe', 'polarity': 'positive'}]","[{'category': 'general', 'polarity': 'neutral'}]",1767
The only friendly waiter staff was the manager at the restaurant .,The only friendly staff member was the guy at the bar.,"['waiter staff', 'manager', 'restaurant']","[{'term': 'waiter staff', 'polarity': 'positive'}, {'term': 'manager', 'polarity': 'neutral'}, {'term': 'restaurant', 'polarity': 'positive'}]","[{'category': 'general', 'polarity': 'neutral'}]",1768
The only friendly waiter waitress was the hostess at the restaurant .,The only friendly staff member was the guy at the bar.,"['waiter waitress', 'hostess', 'restaurant']","[{'term': 'waiter waitress', 'polarity': 'positive'}, {'term': 'hostess', 'polarity': 'neutral'}, {'term': 'restaurant', 'polarity': 'positive'}]","[{'category': 'general', 'polarity': 'neutral'}]",1769
"While Sapphire is certainly not lacking in ambiance , and probably has the best curry of any Indian restaurant I have been to in New York City , the service was not what I had hoped for .","While Sapphire is certainly not lacking in ambiance, and probably has the best decor of any Indian restaurant I have been to in New York City, the food was not what I had hoped for.","['ambiance', 'curry', 'service']","[{'term': 'ambiance', 'polarity': 'negative'}, {'term': 'curry', 'polarity': 'positive'}, {'term': 'service', 'polarity': 'positive'}]","[{'category': 'general', 'polarity': 'neutral'}]",1773
"While Sapphire is certainly not lacking in ambiance , and probably has the best dishes of any Indian restaurant I have been to in New York City , the service was not what I had hoped for .","While Sapphire is certainly not lacking in ambiance, and probably has the best decor of any Indian restaurant I have been to in New York City, the food was not what I had hoped for.","['ambiance', 'dishes', 'service']","[{'term': 'ambiance', 'polarity': 'negative'}, {'term': 'dishes', 'polarity': 'positive'}, {'term': 'service', 'polarity': 'positive'}]","[{'category': 'general', 'polarity': 'neutral'}]",1775
"We a menu that rearely changes , e xcept for one or two items , the seasonal and daily they put in thier kitchen in evident .","We a menu that rearely changes,e xcept for one or two specials, the quality and care they put in thier food in evident.","['items', 'seasonal', 'daily', 'kitchen']","[{'term': 'items', 'polarity': 'positive'}, {'term': 'seasonal', 'polarity': 'positive'}, {'term': 'daily', 'polarity': 'positive'}, {'term': 'kitchen', 'polarity': 'neutral'}]","[{'category': 'general', 'polarity': 'neutral'}]",1776
"We a menu that rearely changes , e xcept for one or two items , the specials and dishes they put in thier kitchen in evident .","We a menu that rearely changes,e xcept for one or two specials, the quality and care they put in thier food in evident.","['items', 'specials', 'dishes', 'kitchen']","[{'term': 'items', 'polarity': 'positive'}, {'term': 'specials', 'polarity': 'positive'}, {'term': 'dishes', 'polarity': 'positive'}, {'term': 'kitchen', 'polarity': 'neutral'}]","[{'category': 'general', 'polarity': 'neutral'}]",1777
"We a menu that rearely changes , e xcept for one or two items , the specials and seasonal they put in thier menu in evident .","We a menu that rearely changes,e xcept for one or two specials, the quality and care they put in thier food in evident.","['items', 'specials', 'seasonal', 'menu']","[{'term': 'items', 'polarity': 'positive'}, {'term': 'specials', 'polarity': 'positive'}, {'term': 'seasonal', 'polarity': 'positive'}, {'term': 'menu', 'polarity': 'neutral'}]","[{'category': 'general', 'polarity': 'neutral'}]",1778
delicious simple dishes in nice outdoor setting .,delicious simple food in nice outdoor atmosphere.,"['dishes', 'setting']","[{'term': 'dishes', 'polarity': 'positive'}, {'term': 'setting', 'polarity': 'positive'}]","[{'category': 'general', 'polarity': 'neutral'}]",1780
My husband and I have been there a couple of times and each time we sat at the table booth ( with Yoshi ) and ordered everything buffet à la carte .,My husband and I have been there a couple of times and each time we sat at the sushi bar (chef Yoshi) and ordered everything ala carte.,"['table booth', 'with', 'buffet à la carte']","[{'term': 'table booth', 'polarity': 'neutral'}, {'term': 'with', 'polarity': 'neutral'}, {'term': 'buffet à la carte', 'polarity': 'neutral'}]","[{'category': 'general', 'polarity': 'neutral'}]",1785
My husband and I have been there a couple of times and each time we sat at the table booth ( loves Yoshi ) and ordered everything appetizers entrees .,My husband and I have been there a couple of times and each time we sat at the sushi bar (chef Yoshi) and ordered everything ala carte.,"['table booth', 'loves', 'appetizers entrees']","[{'term': 'table booth', 'polarity': 'neutral'}, {'term': 'loves', 'polarity': 'neutral'}, {'term': 'appetizers entrees', 'polarity': 'neutral'}]","[{'category': 'general', 'polarity': 'neutral'}]",1786
My husband and I have been there a couple of times and each time we sat at the table side ( with Yoshi ) and ordered everything the menu .,My husband and I have been there a couple of times and each time we sat at the sushi bar (chef Yoshi) and ordered everything ala carte.,"['table side', 'with', 'the menu']","[{'term': 'table side', 'polarity': 'neutral'}, {'term': 'with', 'polarity': 'neutral'}, {'term': 'the menu', 'polarity': 'neutral'}]","[{'category': 'general', 'polarity': 'neutral'}]",1787
"I ' ve eaten thai many times , and am very familiar with the cuisines .","I've eaten thai many times, and am very familiar with the cuisine.",['cuisines'],"[{'term': 'cuisines', 'polarity': 'neutral'}]","[{'category': 'general', 'polarity': 'neutral'}]",1795
There is actually fresh to breathe and the ambiance sets the tone for an intimate  .,There is actually space to breathe and the decor sets the tone for an intimate dinner.,"['fresh', 'ambiance', '']","[{'term': 'fresh', 'polarity': 'positive'}, {'term': 'ambiance', 'polarity': 'positive'}, {'term': '', 'polarity': 'neutral'}]","[{'category': 'general', 'polarity': 'neutral'}]",1797
There is actually fresh to breathe and the atmosphere sets the tone for an intimate dinner .,There is actually space to breathe and the decor sets the tone for an intimate dinner.,"['fresh', 'atmosphere', 'dinner']","[{'term': 'fresh', 'polarity': 'positive'}, {'term': 'atmosphere', 'polarity': 'positive'}, {'term': 'dinner', 'polarity': 'neutral'}]","[{'category': 'general', 'polarity': 'neutral'}]",1799
Yes you have to wait table to be seated and because its small there is no seating and the host at the  was all taken .,Yes you have to wait to be seated and because its small there is no waiting area and the seat at the bar was all taken.,"['wait table', 'seating', 'host', '']","[{'term': 'wait table', 'polarity': 'negative'}, {'term': 'seating', 'polarity': 'negative'}, {'term': 'host', 'polarity': 'neutral'}, {'term': '', 'polarity': 'negative'}]","[{'category': 'general', 'polarity': 'neutral'}]",1800
Yes you have to make waiting to be seated and because its small there is no area and the host at the  was all taken .,Yes you have to wait to be seated and because its small there is no waiting area and the seat at the bar was all taken.,"['make waiting', 'area', 'host', '']","[{'term': 'make waiting', 'polarity': 'negative'}, {'term': 'area', 'polarity': 'negative'}, {'term': 'host', 'polarity': 'neutral'}, {'term': '', 'polarity': 'negative'}]","[{'category': 'general', 'polarity': 'neutral'}]",1802
"Plus , when our waiters were held up in the kitchen on a busy Saturday night , the manager appetizers sent over complimentary drinks to hold us over !","Plus, when our entrees were held up in the kitchen on a busy Saturday night, the owner sent over complimentary summer rolls to hold us over!","['waiters', 'manager appetizers', 'drinks']","[{'term': 'waiters', 'polarity': 'negative'}, {'term': 'manager appetizers', 'polarity': 'positive'}, {'term': 'drinks', 'polarity': 'positive'}]","[{'category': 'general', 'polarity': 'neutral'}]",1803
"Though the rolls sushi may look like a challenge to eat , with soft rice hanging out of the roll , it is well worth the fillings price you pay for them .","Though the Spider Roll may look like a challenge to eat, with soft shell crab hanging out of the roll, it is well worth the price you pay for them.","['rolls sushi', 'rice', 'fillings price']","[{'term': 'rolls sushi', 'polarity': 'conflict'}, {'term': 'rice', 'polarity': 'positive'}, {'term': 'fillings price', 'polarity': 'positive'}]","[{'category': 'general', 'polarity': 'neutral'}]",1815
"Though the Sushi rolls may look like a challenge to eat , with soft rice hanging out of the roll , it is well worth the fillings price you pay for them .","Though the Spider Roll may look like a challenge to eat, with soft shell crab hanging out of the roll, it is well worth the price you pay for them.","['Sushi rolls', 'rice', 'fillings price']","[{'term': 'Sushi rolls', 'polarity': 'conflict'}, {'term': 'rice', 'polarity': 'positive'}, {'term': 'fillings price', 'polarity': 'positive'}]","[{'category': 'general', 'polarity': 'neutral'}]",1816
"Though the dumplings dumpling may look like a challenge to eat , with soft tender hanging out of the roll , it is well worth the stringy price you pay for them .","Though the Spider Roll may look like a challenge to eat, with soft shell crab hanging out of the roll, it is well worth the price you pay for them.","['dumplings dumpling', 'tender', 'stringy price']","[{'term': 'dumplings dumpling', 'polarity': 'conflict'}, {'term': 'tender', 'polarity': 'positive'}, {'term': 'stringy price', 'polarity': 'positive'}]","[{'category': 'general', 'polarity': 'neutral'}]",1817
"Our favorite dish seafood is a restaurant fresh , the seafood ocean dessert , and a good  .","Our favorite meal is a pesto pizza, the house salad, and a good bottle of wine.","['dish seafood', 'restaurant fresh', 'seafood ocean dessert', '']","[{'term': 'dish seafood', 'polarity': 'positive'}, {'term': 'restaurant fresh', 'polarity': 'positive'}, {'term': 'seafood ocean dessert', 'polarity': 'positive'}, {'term': '', 'polarity': 'positive'}]","[{'category': 'general', 'polarity': 'neutral'}]",1818
"Our favorite restaurant Italian is a dinner atmosphere , the music service , and a good  .","Our favorite meal is a pesto pizza, the house salad, and a good bottle of wine.","['restaurant Italian', 'dinner atmosphere', 'music service', '']","[{'term': 'restaurant Italian', 'polarity': 'positive'}, {'term': 'dinner atmosphere', 'polarity': 'positive'}, {'term': 'music service', 'polarity': 'positive'}, {'term': '', 'polarity': 'positive'}]","[{'category': 'general', 'polarity': 'neutral'}]",1819
"Our favorite dishes Italian is a restaurant best , the breakfast lunch dinner , and a good  .","Our favorite meal is a pesto pizza, the house salad, and a good bottle of wine.","['dishes Italian', 'restaurant best', 'breakfast lunch dinner', '']","[{'term': 'dishes Italian', 'polarity': 'positive'}, {'term': 'restaurant best', 'polarity': 'positive'}, {'term': 'breakfast lunch dinner', 'polarity': 'positive'}, {'term': '', 'polarity': 'positive'}]","[{'category': 'general', 'polarity': 'neutral'}]",1820
"Get your coffee to go , find a bench , and kick back with a cup hot latte .","Get your food to go, find a bench, and kick back with a plate of dumplings.","['coffee', 'cup hot latte']","[{'term': 'coffee', 'polarity': 'neutral'}, {'term': 'cup hot latte', 'polarity': 'positive'}]","[{'category': 'general', 'polarity': 'neutral'}]",1827
"Get your sandwich to go , find a bench , and kick back with a cold beer bottle .","Get your food to go, find a bench, and kick back with a plate of dumplings.","['sandwich', 'cold beer bottle']","[{'term': 'sandwich', 'polarity': 'neutral'}, {'term': 'cold beer bottle', 'polarity': 'positive'}]","[{'category': 'general', 'polarity': 'neutral'}]",1828
"my personal favorite is an everything bagel shop store bakery , but all the sandwiches are unbeliavably good .","my personal favorite is an everything bagel with lox spread, but all the bagles are unbeliavably good.","['bagel shop store bakery', 'sandwiches']","[{'term': 'bagel shop store bakery', 'polarity': 'positive'}, {'term': 'sandwiches', 'polarity': 'positive'}]","[{'category': 'general', 'polarity': 'neutral'}]",1830
"my personal favorite is an everything bagel with lovely toppings , but all the pastries are unbeliavably good .","my personal favorite is an everything bagel with lox spread, but all the bagles are unbeliavably good.","['bagel with lovely toppings', 'pastries']","[{'term': 'bagel with lovely toppings', 'polarity': 'positive'}, {'term': 'pastries', 'polarity': 'positive'}]","[{'category': 'general', 'polarity': 'neutral'}]",1832
"Emilio , the host , is often sitting in the front table greeting guests as they come and go .","Emilio, the owner, is often sitting in the front table greeting guests as they come and go.",['host'],"[{'term': 'host', 'polarity': 'positive'}]","[{'category': 'general', 'polarity': 'neutral'}]",1833
"The options was just OK , at least for what options was available .","The food was just OK, at least for what food was available.","['options', 'options']","[{'term': 'options', 'polarity': 'neutral'}, {'term': 'options', 'polarity': 'negative'}]","[{'category': 'general', 'polarity': 'neutral'}]",1836
"The menu was just OK , at least for what was was available .","The food was just OK, at least for what food was available.","['menu', 'was']","[{'term': 'menu', 'polarity': 'neutral'}, {'term': 'was', 'polarity': 'negative'}]","[{'category': 'general', 'polarity': 'neutral'}]",1838
Friendly waitstaff that actually lets you enjoy your meal and the company you ' re with .,Friendly staff that actually lets you enjoy your meal and the company you're with.,"['waitstaff', 'meal']","[{'term': 'waitstaff', 'polarity': 'positive'}, {'term': 'meal', 'polarity': 'positive'}]","[{'category': 'general', 'polarity': 'neutral'}]",1842
"Try the wonton soup , it is to die for .","Try the crunchy tuna, it is to die for.",['wonton soup'],"[{'term': 'wonton soup', 'polarity': 'positive'}]","[{'category': 'general', 'polarity': 'neutral'}]",1846
"Try the scrambled omelette , it is to die for .","Try the crunchy tuna, it is to die for.",['scrambled omelette'],"[{'term': 'scrambled omelette', 'polarity': 'positive'}]","[{'category': 'general', 'polarity': 'neutral'}]",1847
I usually go there later at night when I get off work so I don ' t have to deal with crowds or lines .,I usually go there later at night when I get off work so I don't have to deal with crowds or lines.,"['crowds', 'lines']","[{'term': 'crowds', 'polarity': 'negative'}, {'term': 'lines', 'polarity': 'negative'}]","[{'category': 'general', 'polarity': 'neutral'}]",1851
I usually go there later at night when I get off work so I don ' t have to deal with crowds or rush .,I usually go there later at night when I get off work so I don't have to deal with crowds or lines.,"['crowds', 'rush']","[{'term': 'crowds', 'polarity': 'negative'}, {'term': 'rush', 'polarity': 'negative'}]","[{'category': 'general', 'polarity': 'neutral'}]",1852
I usually go there later at night when I get off work so I don ' t have to deal with crowds or commuters .,I usually go there later at night when I get off work so I don't have to deal with crowds or lines.,"['crowds', 'commuters']","[{'term': 'crowds', 'polarity': 'negative'}, {'term': 'commuters', 'polarity': 'negative'}]","[{'category': 'general', 'polarity': 'neutral'}]",1853
We had a great tiem watching the chef and waiter and ar perfect was just what we were looking for .,We had a great tiem watching the shows and characters and ar food was just what we were looking for.,"['chef', 'waiter', 'perfect']","[{'term': 'chef', 'polarity': 'positive'}, {'term': 'waiter', 'polarity': 'positive'}, {'term': 'perfect', 'polarity': 'positive'}]","[{'category': 'general', 'polarity': 'neutral'}]",1854
We had a great tiem watching the chef and cooks and ar place was just what we were looking for .,We had a great tiem watching the shows and characters and ar food was just what we were looking for.,"['chef', 'cooks', 'place']","[{'term': 'chef', 'polarity': 'positive'}, {'term': 'cooks', 'polarity': 'positive'}, {'term': 'place', 'polarity': 'positive'}]","[{'category': 'general', 'polarity': 'neutral'}]",1855
We had a great tiem watching the team and television and ar area was just what we were looking for .,We had a great tiem watching the shows and characters and ar food was just what we were looking for.,"['team', 'television', 'area']","[{'term': 'team', 'polarity': 'positive'}, {'term': 'television', 'polarity': 'positive'}, {'term': 'area', 'polarity': 'positive'}]","[{'category': 'general', 'polarity': 'neutral'}]",1856
"Very romantic fires - I ' ve literally spent hours at Lanterna , drinking cocktails from their extensive list and enjoying the ambiance .","Very romantic fires - I've literally spent hours at Lanterna, drinking wine from their extensive wine and enjoying the ambience.","['cocktails', 'list', 'ambiance']","[{'term': 'cocktails', 'polarity': 'positive'}, {'term': 'list', 'polarity': 'positive'}, {'term': 'ambiance', 'polarity': 'positive'}]","[{'category': 'general', 'polarity': 'neutral'}]",1863
"Very romantic fires - I ' ve literally spent hours at Lanterna , drinking coffee from their extensive wine list and enjoying the ambiance .","Very romantic fires - I've literally spent hours at Lanterna, drinking wine from their extensive wine and enjoying the ambience.","['coffee', 'wine list', 'ambiance']","[{'term': 'coffee', 'polarity': 'positive'}, {'term': 'wine list', 'polarity': 'positive'}, {'term': 'ambiance', 'polarity': 'positive'}]","[{'category': 'general', 'polarity': 'neutral'}]",1864
This little restaurant definitely exceeded my expectations and you sure get a lot of bang for your money .,This little place definitely exceeded my expectations and you sure get a lot of food for your money.,"['restaurant', 'bang', 'money']","[{'term': 'restaurant', 'polarity': 'positive'}, {'term': 'bang', 'polarity': 'positive'}, {'term': 'money', 'polarity': 'conflict'}]","[{'category': 'general', 'polarity': 'neutral'}]",1870
This little cafe definitely exceeded my expectations and you sure get a lot of value for your money .,This little place definitely exceeded my expectations and you sure get a lot of food for your money.,"['cafe', 'value', 'money']","[{'term': 'cafe', 'polarity': 'positive'}, {'term': 'value', 'polarity': 'positive'}, {'term': 'money', 'polarity': 'conflict'}]","[{'category': 'general', 'polarity': 'neutral'}]",1871
"Be sure to try the seasonal , and always delicious , specials .","Be sure to try the seasonal, and always delicious, specials.",['specials'],"[{'term': 'specials', 'polarity': 'positive'}]","[{'category': 'general', 'polarity': 'neutral'}]",1872
"However , I was there for a work H not long ago when my colleague from London noticed a very large waterbug on the e .","However, I was there for a work dinner not long ago when my colleague from London noticed a very large waterbug on the ceiling.","['H', 'e']","[{'term': 'H', 'polarity': 'negative'}, {'term': 'e', 'polarity': 'neutral'}]","[{'category': 'general', 'polarity': 'neutral'}]",1875
We took advanatage of the opportunity happy hour hour on saturday so it was well worth it .,We took advanatage of the half price sushi deal on saturday so it was well worth it.,['opportunity happy hour hour'],"[{'term': 'opportunity happy hour hour', 'polarity': 'positive'}]","[{'category': 'general', 'polarity': 'neutral'}]",1878
We took advanatage of the offers discounts lunch brunch on saturday so it was well worth it .,We took advanatage of the half price sushi deal on saturday so it was well worth it.,['offers discounts lunch brunch'],"[{'term': 'offers discounts lunch brunch', 'polarity': 'positive'}]","[{'category': 'general', 'polarity': 'neutral'}]",1879
We took advanatage of the deals discounts offers promotions on saturday so it was well worth it .,We took advanatage of the half price sushi deal on saturday so it was well worth it.,['deals discounts offers promotions'],"[{'term': 'deals discounts offers promotions', 'polarity': 'positive'}]","[{'category': 'general', 'polarity': 'neutral'}]",1880
"the real kicker of the ambiance , however , is the price quality or the service portion presentation atmosphere food .","the real kicker of the menu, however, is the beef cubes or the chicken with chili and lemon grass.","['ambiance', 'price quality', 'service portion presentation atmosphere food']","[{'term': 'ambiance', 'polarity': 'neutral'}, {'term': 'price quality', 'polarity': 'positive'}, {'term': 'service portion presentation atmosphere food', 'polarity': 'positive'}]","[{'category': 'general', 'polarity': 'neutral'}]",1881
"the real kicker of the prices , however , is the portion size or the portion quality service staff .","the real kicker of the menu, however, is the beef cubes or the chicken with chili and lemon grass.","['prices', 'portion size', 'portion quality service staff']","[{'term': 'prices', 'polarity': 'neutral'}, {'term': 'portion size', 'polarity': 'positive'}, {'term': 'portion quality service staff', 'polarity': 'positive'}]","[{'category': 'general', 'polarity': 'neutral'}]",1882
"the real kicker of the ambiance , however , is the atmosphere music or the prices menu options choices selection .","the real kicker of the menu, however, is the beef cubes or the chicken with chili and lemon grass.","['ambiance', 'atmosphere music', 'prices menu options choices selection']","[{'term': 'ambiance', 'polarity': 'neutral'}, {'term': 'atmosphere music', 'polarity': 'positive'}, {'term': 'prices menu options choices selection', 'polarity': 'positive'}]","[{'category': 'general', 'polarity': 'neutral'}]",1883
"I ordered appetizers salads and my wife ordered entrees sides dishes aromas , and we were both delighted by the way the flavors evoked textures in unexpected ways .","I ordered tamarind duck and my wife ordered noodles with ground beef, and we were both delighted by the way the dishes evoked Thai flavors in unexpected ways.","['appetizers salads', 'entrees sides dishes aromas', 'flavors', 'textures']","[{'term': 'appetizers salads', 'polarity': 'positive'}, {'term': 'entrees sides dishes aromas', 'polarity': 'positive'}, {'term': 'flavors', 'polarity': 'positive'}, {'term': 'textures', 'polarity': 'positive'}]","[{'category': 'general', 'polarity': 'neutral'}]",1884
"I ordered appetizers salads and my wife ordered entrees desserts wine flavors , and we were both delighted by the way the aromas evoked textures in unexpected ways .","I ordered tamarind duck and my wife ordered noodles with ground beef, and we were both delighted by the way the dishes evoked Thai flavors in unexpected ways.","['appetizers salads', 'entrees desserts wine flavors', 'aromas', 'textures']","[{'term': 'appetizers salads', 'polarity': 'positive'}, {'term': 'entrees desserts wine flavors', 'polarity': 'positive'}, {'term': 'aromas', 'polarity': 'positive'}, {'term': 'textures', 'polarity': 'positive'}]","[{'category': 'general', 'polarity': 'neutral'}]",1885
"I ordered appetizers appetizers and my wife ordered main main course course , and we were both delighted by the way the flavors evoked flavors textures in unexpected ways .","I ordered tamarind duck and my wife ordered noodles with ground beef, and we were both delighted by the way the dishes evoked Thai flavors in unexpected ways.","['appetizers appetizers', 'main main course course', 'flavors', 'flavors textures']","[{'term': 'appetizers appetizers', 'polarity': 'positive'}, {'term': 'main main course course', 'polarity': 'positive'}, {'term': 'flavors', 'polarity': 'positive'}, {'term': 'flavors textures', 'polarity': 'positive'}]","[{'category': 'general', 'polarity': 'neutral'}]",1886
"( H was delivered by a e , not r ) We got no e offered for the   , our i s   t remained EMPTY our entire h , when we would have easily spent another $ 20 on e .","(food was delivered by a busboy, not waiter) We got no cheese offered for the pasta, our water and wine glasses remained EMPTY our entire meal, when we would have easily spent another $20 on wine.","['H', 'e', 'r', 'e', ' ', 'i s   t', 'h', 'e']","[{'term': 'H', 'polarity': 'neutral'}, {'term': 'e', 'polarity': 'negative'}, {'term': 'r', 'polarity': 'negative'}, {'term': 'e', 'polarity': 'negative'}, {'term': ' ', 'polarity': 'negative'}, {'term': 'i s   t', 'polarity': 'negative'}, {'term': 'h', 'polarity': 'neutral'}, {'term': 'e', 'polarity': 'neutral'}]","[{'category': 'general', 'polarity': 'neutral'}]",1887
"( waiter was delivered by a server , not delivery ) We got no bread offered for the order , our dishes plates table meal remained EMPTY our entire  , when we would have easily spent another $ 20 on  .","(food was delivered by a busboy, not waiter) We got no cheese offered for the pasta, our water and wine glasses remained EMPTY our entire meal, when we would have easily spent another $20 on wine.","['waiter', 'server', 'delivery', 'bread', 'order', 'dishes plates table meal', '', '']","[{'term': 'waiter', 'polarity': 'neutral'}, {'term': 'server', 'polarity': 'negative'}, {'term': 'delivery', 'polarity': 'negative'}, {'term': 'bread', 'polarity': 'negative'}, {'term': 'order', 'polarity': 'negative'}, {'term': 'dishes plates table meal', 'polarity': 'negative'}, {'term': '', 'polarity': 'neutral'}, {'term': '', 'polarity': 'neutral'}]","[{'category': 'general', 'polarity': 'neutral'}]",1888
"( waiter was delivered by a server , not busboy ) We got no appetizers offered for the main , our dishes course meal remained EMPTY our entire  , when we would have easily spent another $ 20 on  .","(food was delivered by a busboy, not waiter) We got no cheese offered for the pasta, our water and wine glasses remained EMPTY our entire meal, when we would have easily spent another $20 on wine.","['waiter', 'server', 'busboy', 'appetizers', 'main', 'dishes course meal', '', '']","[{'term': 'waiter', 'polarity': 'neutral'}, {'term': 'server', 'polarity': 'negative'}, {'term': 'busboy', 'polarity': 'negative'}, {'term': 'appetizers', 'polarity': 'negative'}, {'term': 'main', 'polarity': 'negative'}, {'term': 'dishes course meal', 'polarity': 'negative'}, {'term': '', 'polarity': 'neutral'}, {'term': '', 'polarity': 'neutral'}]","[{'category': 'general', 'polarity': 'neutral'}]",1889
I went to DF for dinner a lunch .,I went to DF for Valentines Day dinner.,['dinner a lunch'],"[{'term': 'dinner a lunch', 'polarity': 'neutral'}]","[{'category': 'general', 'polarity': 'neutral'}]",1890
We could have made a batch of the yummy brownies from the bakery store .,We could have made a meal of the yummy dumplings from the dumpling menu.,"['batch', 'brownies', 'bakery store']","[{'term': 'batch', 'polarity': 'positive'}, {'term': 'brownies', 'polarity': 'positive'}, {'term': 'bakery store', 'polarity': 'positive'}]","[{'category': 'general', 'polarity': 'neutral'}]",1893
We could have made a batch of the yummy dinner from the buffet spread .,We could have made a meal of the yummy dumplings from the dumpling menu.,"['batch', 'dinner', 'buffet spread']","[{'term': 'batch', 'polarity': 'positive'}, {'term': 'dinner', 'polarity': 'positive'}, {'term': 'buffet spread', 'polarity': 'positive'}]","[{'category': 'general', 'polarity': 'neutral'}]",1894
We could have made a cake of the yummy cake from the bakery store .,We could have made a meal of the yummy dumplings from the dumpling menu.,"['cake', 'cake', 'bakery store']","[{'term': 'cake', 'polarity': 'positive'}, {'term': 'cake', 'polarity': 'positive'}, {'term': 'bakery store', 'polarity': 'positive'}]","[{'category': 'general', 'polarity': 'neutral'}]",1895
"The New York pizza is also great , and my friend who grew up in Manhattan claims that no one makes a slice of a better cheese .","The eggplant parmesan is also great, and my friend who grew up in Manhattan claims that no one serves a better baked ziti with meatsauce.","['New York pizza', 'makes a slice of', 'cheese']","[{'term': 'New York pizza', 'polarity': 'positive'}, {'term': 'makes a slice of', 'polarity': 'positive'}, {'term': 'cheese', 'polarity': 'positive'}]","[{'category': 'general', 'polarity': 'neutral'}]",1899
We began with the appetizers small ( the artisanal blend ) and added breadsticks and dipping to dip .,We began with the cheese fondue (the artisanal blend) and added apples and kielbasa to dip.,"['appetizers small', 'breadsticks', 'dipping']","[{'term': 'appetizers small', 'polarity': 'neutral'}, {'term': 'breadsticks', 'polarity': 'neutral'}, {'term': 'dipping', 'polarity': 'neutral'}]","[{'category': 'general', 'polarity': 'neutral'}]",1905
We began with the breadsticks crudités ( the artisanal blend ) and added olives and hummus to dip .,We began with the cheese fondue (the artisanal blend) and added apples and kielbasa to dip.,"['breadsticks crudités', 'olives', 'hummus']","[{'term': 'breadsticks crudités', 'polarity': 'neutral'}, {'term': 'olives', 'polarity': 'neutral'}, {'term': 'hummus', 'polarity': 'neutral'}]","[{'category': 'general', 'polarity': 'neutral'}]",1907
"The restaurant is very good for it ' s food , better than most eateries dining I ' ve had .","The food is very good for it's price, better than most fried dumplings I've had.","['restaurant', 'food', 'eateries dining']","[{'term': 'restaurant', 'polarity': 'positive'}, {'term': 'food', 'polarity': 'positive'}, {'term': 'eateries dining', 'polarity': 'negative'}]","[{'category': 'general', 'polarity': 'neutral'}]",1911
"The restaurant is very good for it ' s service , better than most chain restaurants I ' ve had .","The food is very good for it's price, better than most fried dumplings I've had.","['restaurant', 'service', 'chain restaurants']","[{'term': 'restaurant', 'polarity': 'positive'}, {'term': 'service', 'polarity': 'positive'}, {'term': 'chain restaurants', 'polarity': 'negative'}]","[{'category': 'general', 'polarity': 'neutral'}]",1912
"The cuisine is very good for it ' s ambiance , better than most restaurants other I ' ve had .","The food is very good for it's price, better than most fried dumplings I've had.","['cuisine', 'ambiance', 'restaurants other']","[{'term': 'cuisine', 'polarity': 'positive'}, {'term': 'ambiance', 'polarity': 'positive'}, {'term': 'restaurants other', 'polarity': 'negative'}]","[{'category': 'general', 'polarity': 'neutral'}]",1913
"Besides , when you have bad dishes , that ' s less little you have to clean .","Besides, when you have bad service, that's less money you have to tip.","['dishes', 'little', 'clean']","[{'term': 'dishes', 'polarity': 'negative'}, {'term': 'little', 'polarity': 'negative'}, {'term': 'clean', 'polarity': 'negative'}]","[{'category': 'general', 'polarity': 'neutral'}]",1914
"Besides , when you have bad service , that ' s less little you have to worry .","Besides, when you have bad service, that's less money you have to tip.","['service', 'little', 'worry']","[{'term': 'service', 'polarity': 'negative'}, {'term': 'little', 'polarity': 'negative'}, {'term': 'worry', 'polarity': 'negative'}]","[{'category': 'general', 'polarity': 'neutral'}]",1915
"Unless you are eating in the Pizzeria side of this dual , and are not in a rush , this restaurant is a bad idea .","Unless you are eating in the Pizzeria side of this place, and are not in a rush, this place is a bad idea.","['dual', 'restaurant']","[{'term': 'dual', 'polarity': 'negative'}, {'term': 'restaurant', 'polarity': 'negative'}]","[{'category': 'general', 'polarity': 'neutral'}]",1918
"Unless you are eating in the Pizzeria side of this restaurant , and are not in a rush , this brunch is a bad idea .","Unless you are eating in the Pizzeria side of this place, and are not in a rush, this place is a bad idea.","['restaurant', 'brunch']","[{'term': 'restaurant', 'polarity': 'negative'}, {'term': 'brunch', 'polarity': 'negative'}]","[{'category': 'general', 'polarity': 'neutral'}]",1919
"I must warn the reader that the portion sizes are very small ( especially the portion ), so if you plan to eat until you are full and do not intend to order the appetizer ' s special tasting dishes entree , prepare to order and pay for an morsel course ( 1 meal for each person because the bites are not for sharing ), a dessert , and the  at the end of the meal .","I must warn the reader that the portions sizes are very small (especially the appetizers), so if you plan to eat until you are full and do not intend to order the chef's special tasting menu, prepare to order and pay for an appetizer (1 dish for each person because the portions are not for sharing), a main entree, and the cold udon at the end of the meal.","['portion', 'portion', 'appetizer', 'dishes entree', 'morsel course', 'meal', 'bites', 'dessert', '']","[{'term': 'portion', 'polarity': 'negative'}, {'term': 'portion', 'polarity': 'negative'}, {'term': 'appetizer', 'polarity': 'negative'}, {'term': 'dishes entree', 'polarity': 'neutral'}, {'term': 'morsel course', 'polarity': 'neutral'}, {'term': 'meal', 'polarity': 'positive'}, {'term': 'bites', 'polarity': 'positive'}, {'term': 'dessert', 'polarity': 'negative'}, {'term': '', 'polarity': 'negative'}]","[{'category': 'general', 'polarity': 'neutral'}]",1920
"I must warn the reader that the portions sizes are very small ( especially the portion ), so if you plan to eat until you are full and do not intend to order the appetizers ' s special tasting entrees desserts , prepare to order and pay for an bill meal ( 1 dishes for each person because the  are not for sharing ), a  , and the  at the end of the meal .","I must warn the reader that the portions sizes are very small (especially the appetizers), so if you plan to eat until you are full and do not intend to order the chef's special tasting menu, prepare to order and pay for an appetizer (1 dish for each person because the portions are not for sharing), a main entree, and the cold udon at the end of the meal.","['portions', 'portion', 'appetizers', 'entrees desserts', 'bill meal', 'dishes', '', '', '']","[{'term': 'portions', 'polarity': 'negative'}, {'term': 'portion', 'polarity': 'negative'}, {'term': 'appetizers', 'polarity': 'negative'}, {'term': 'entrees desserts', 'polarity': 'neutral'}, {'term': 'bill meal', 'polarity': 'neutral'}, {'term': 'dishes', 'polarity': 'positive'}, {'term': '', 'polarity': 'positive'}, {'term': '', 'polarity': 'negative'}, {'term': '', 'polarity': 'negative'}]","[{'category': 'general', 'polarity': 'neutral'}]",1921
"I must warn the reader that the portions sizes are very small ( especially the portion ), so if you plan to eat until you are full and do not intend to order the appetizer ' s special tasting dishes entree , prepare to order and pay for an main course ( 1 bill for each person because the  are not for sharing ), a  , and the  at the end of the meal .","I must warn the reader that the portions sizes are very small (especially the appetizers), so if you plan to eat until you are full and do not intend to order the chef's special tasting menu, prepare to order and pay for an appetizer (1 dish for each person because the portions are not for sharing), a main entree, and the cold udon at the end of the meal.","['portions', 'portion', 'appetizer', 'dishes entree', 'main course', 'bill', '', '', '']","[{'term': 'portions', 'polarity': 'negative'}, {'term': 'portion', 'polarity': 'negative'}, {'term': 'appetizer', 'polarity': 'negative'}, {'term': 'dishes entree', 'polarity': 'neutral'}, {'term': 'main course', 'polarity': 'neutral'}, {'term': 'bill', 'polarity': 'positive'}, {'term': '', 'polarity': 'positive'}, {'term': '', 'polarity': 'negative'}, {'term': '', 'polarity': 'negative'}]","[{'category': 'general', 'polarity': 'neutral'}]",1922
"I love when restaurants think using fancy expensive utensils makes the dining fine dining , even with no idea how to use them .","I love when restaurants think using fancy expensive ingrediants makes the food fine cuisine, even with no idea how to use them.","['utensils', 'dining', 'dining']","[{'term': 'utensils', 'polarity': 'positive'}, {'term': 'dining', 'polarity': 'positive'}, {'term': 'dining', 'polarity': 'positive'}]","[{'category': 'general', 'polarity': 'neutral'}]",1929
"I love when restaurants think using fancy expensive tableware makes the dining fine dining , even with no idea how to use them .","I love when restaurants think using fancy expensive ingrediants makes the food fine cuisine, even with no idea how to use them.","['tableware', 'dining', 'dining']","[{'term': 'tableware', 'polarity': 'positive'}, {'term': 'dining', 'polarity': 'positive'}, {'term': 'dining', 'polarity': 'positive'}]","[{'category': 'general', 'polarity': 'neutral'}]",1931
They had scrapped the bottom of the vessel in which they make the coffee - RESULT - WE HAD LARGE CHUNKS OF BURNT flan IN OUR SERVING BOWL .,They had scrapped the bottom of the vessel in which they make the rice -RESULT - WE HAD LARGE CHUNKS OF BURNT RICE IN OUR SERVING BOWL.,"['coffee', 'flan']","[{'term': 'coffee', 'polarity': 'negative'}, {'term': 'flan', 'polarity': 'negative'}]","[{'category': 'general', 'polarity': 'neutral'}]",1932
They had scrapped the bottom of the vessel in which they make the soup - RESULT - WE HAD LARGE CHUNKS OF BURNT bacon IN OUR SERVING BOWL .,They had scrapped the bottom of the vessel in which they make the rice -RESULT - WE HAD LARGE CHUNKS OF BURNT RICE IN OUR SERVING BOWL.,"['soup', 'bacon']","[{'term': 'soup', 'polarity': 'negative'}, {'term': 'bacon', 'polarity': 'negative'}]","[{'category': 'general', 'polarity': 'neutral'}]",1934
"Warm , comfortable seating , nice appointments ( witness the etched glass and brickwork separating the dining areas ).","Warm, comfortable surroundings, nice appointments (witness the etched glass and brickwork separating the dining rooms).","['seating', 'dining areas']","[{'term': 'seating', 'polarity': 'positive'}, {'term': 'dining areas', 'polarity': 'neutral'}]","[{'category': 'general', 'polarity': 'neutral'}]",1935
"Warm , comfortable seating , nice appointments ( witness the etched glass and brickwork separating the areas spaces ).","Warm, comfortable surroundings, nice appointments (witness the etched glass and brickwork separating the dining rooms).","['seating', 'areas spaces']","[{'term': 'seating', 'polarity': 'positive'}, {'term': 'areas spaces', 'polarity': 'neutral'}]","[{'category': 'general', 'polarity': 'neutral'}]",1936
"All I can say is $ 2 pints during happy hour and the some of the cheapest beers you ' ll find in the city , though the cocktails is some of the best .","All I can say is $2 pints during happy hour and the some of the cheapest oysters you'll find in the city, though the quality is some of the best.","['beers', 'cocktails']","[{'term': 'beers', 'polarity': 'positive'}, {'term': 'cocktails', 'polarity': 'positive'}]","[{'category': 'general', 'polarity': 'neutral'}]",1939
"All I can say is $ 2 pints during happy hour and the some of the cheapest beer you ' ll find in the city , though the prices is some of the best .","All I can say is $2 pints during happy hour and the some of the cheapest oysters you'll find in the city, though the quality is some of the best.","['beer', 'prices']","[{'term': 'beer', 'polarity': 'positive'}, {'term': 'prices', 'polarity': 'positive'}]","[{'category': 'general', 'polarity': 'neutral'}]",1940
"The last two times I ordered from here my dishes was soo spicy that I could barely eat it , and the delivery took away from the quality of the food .","The last two times I ordered from here my food was soo spicy that  I could barely eat it, and the spice took away from the flavor of the dish.","['dishes', 'delivery', 'quality', 'food']","[{'term': 'dishes', 'polarity': 'negative'}, {'term': 'delivery', 'polarity': 'negative'}, {'term': 'quality', 'polarity': 'negative'}, {'term': 'food', 'polarity': 'negative'}]","[{'category': 'general', 'polarity': 'neutral'}]",1944
"The last two times I ordered from here my dishes was soo spicy that I could barely eat it , and the delivery took away from the flavor of the pizza .","The last two times I ordered from here my food was soo spicy that  I could barely eat it, and the spice took away from the flavor of the dish.","['dishes', 'delivery', 'flavor', 'pizza']","[{'term': 'dishes', 'polarity': 'negative'}, {'term': 'delivery', 'polarity': 'negative'}, {'term': 'flavor', 'polarity': 'negative'}, {'term': 'pizza', 'polarity': 'negative'}]","[{'category': 'general', 'polarity': 'neutral'}]",1945
Here you get the options choices without feeling rigid .,Here you get the zen feel without feeling rigid.,['options choices'],"[{'term': 'options choices', 'polarity': 'positive'}]","[{'category': 'general', 'polarity': 'neutral'}]",1949
I went with 5 friends and we lingered at the cafe for a bit and didn ' t feel rushed at all even though there was a crowd .,I went with 5 friends and we lingered at the table for a bit and didn't feel rushed at all even though there was a wait.,"['cafe', 'crowd']","[{'term': 'cafe', 'polarity': 'neutral'}, {'term': 'crowd', 'polarity': 'negative'}]","[{'category': 'general', 'polarity': 'neutral'}]",1953
I went with 5 friends and we lingered at the table for a bit and didn ' t feel rushed at all even though there was a party .,I went with 5 friends and we lingered at the table for a bit and didn't feel rushed at all even though there was a wait.,"['table', 'party']","[{'term': 'table', 'polarity': 'neutral'}, {'term': 'party', 'polarity': 'negative'}]","[{'category': 'general', 'polarity': 'neutral'}]",1954
I went with 5 friends and we lingered at the tables for a bit and didn ' t feel rushed at all even though there was a crowd .,I went with 5 friends and we lingered at the table for a bit and didn't feel rushed at all even though there was a wait.,"['tables', 'crowd']","[{'term': 'tables', 'polarity': 'neutral'}, {'term': 'crowd', 'polarity': 'negative'}]","[{'category': 'general', 'polarity': 'neutral'}]",1955
"I asked for water tea coffee , no ice .","I asked for seltzer with lime, no ice.",['water tea coffee'],"[{'term': 'water tea coffee', 'polarity': 'neutral'}]","[{'category': 'general', 'polarity': 'neutral'}]",1956
"I asked for water tea lemon , no ice .","I asked for seltzer with lime, no ice.",['water tea lemon'],"[{'term': 'water tea lemon', 'polarity': 'neutral'}]","[{'category': 'general', 'polarity': 'neutral'}]",1957
"I asked for water hot tea , no ice .","I asked for seltzer with lime, no ice.",['water hot tea'],"[{'term': 'water hot tea', 'polarity': 'neutral'}]","[{'category': 'general', 'polarity': 'neutral'}]",1958
"Odd for Ave B , not just odd , The patrons attracts an eclectic crowd to say the least .","Odd for Ave B, not just odd, The place attracts an eclectic crowd to say the least.",['patrons'],"[{'term': 'patrons', 'polarity': 'positive'}]","[{'category': 'general', 'polarity': 'neutral'}]",1961
"The table that was hosting promised to save a spot for our party of 7 , then sat a party of 2 at the very back he was saving ( mean while there were boths open all around ).","The man that was hosting promised to save a table for our party of 7, then sat a party of 2 at the very table he was saving (mean while there were boths open all around).","['table', 'spot', 'back']","[{'term': 'table', 'polarity': 'negative'}, {'term': 'spot', 'polarity': 'neutral'}, {'term': 'back', 'polarity': 'negative'}]","[{'category': 'general', 'polarity': 'neutral'}]",1963
"The dining is larger than most and features adequate parking unlike most joints , and has a patio which deserves a mention .","The place is larger than most and features adequate seating unlike most joints, and has a bar which deserves a mention.","['dining', 'parking', 'patio']","[{'term': 'dining', 'polarity': 'positive'}, {'term': 'parking', 'polarity': 'positive'}, {'term': 'patio', 'polarity': 'positive'}]","[{'category': 'general', 'polarity': 'neutral'}]",1965
"The dining is larger than most and features adequate parking unlike most joints , and has a outdoor which deserves a mention .","The place is larger than most and features adequate seating unlike most joints, and has a bar which deserves a mention.","['dining', 'parking', 'outdoor']","[{'term': 'dining', 'polarity': 'positive'}, {'term': 'parking', 'polarity': 'positive'}, {'term': 'outdoor', 'polarity': 'positive'}]","[{'category': 'general', 'polarity': 'neutral'}]",1966
"The restaurant is larger than most and features adequate parking unlike most joints , and has a decor which deserves a mention .","The place is larger than most and features adequate seating unlike most joints, and has a bar which deserves a mention.","['restaurant', 'parking', 'decor']","[{'term': 'restaurant', 'polarity': 'positive'}, {'term': 'parking', 'polarity': 'positive'}, {'term': 'decor', 'polarity': 'positive'}]","[{'category': 'general', 'polarity': 'neutral'}]",1967
For the next hour and a half we stood in the crowded queue line of this touristy restaurant listening to all types of explanations of why we were not being seated .,For the next hour and a half we stood in the crowded lobby area of this touristy restaurant listening to all types of explanations of why we were not being seated.,"['queue line', 'seated']","[{'term': 'queue line', 'polarity': 'negative'}, {'term': 'seated', 'polarity': 'negative'}]","[{'category': 'general', 'polarity': 'neutral'}]",1969
"The combination of cuisine flavors ingredients , ambiance atmosphere vibes , wine and the pairings they make with imported restaurant , makes this is one of the better  ' s in NY .","The combination of fresh tomato sauce, fresh mozz cheese, basil and the dough they make with imported flour, makes this is one of the better pizza's in NY.","['cuisine flavors ingredients', 'ambiance atmosphere vibes', 'wine', 'pairings', 'restaurant', '']","[{'term': 'cuisine flavors ingredients', 'polarity': 'positive'}, {'term': 'ambiance atmosphere vibes', 'polarity': 'positive'}, {'term': 'wine', 'polarity': 'positive'}, {'term': 'pairings', 'polarity': 'positive'}, {'term': 'restaurant', 'polarity': 'positive'}, {'term': '', 'polarity': 'positive'}]","[{'category': 'general', 'polarity': 'neutral'}]",1971
"The combination of flavors spices herbs , flavors dishes cuisine , menu and the wine they make with imported olive , makes this is one of the better  ' s in NY .","The combination of fresh tomato sauce, fresh mozz cheese, basil and the dough they make with imported flour, makes this is one of the better pizza's in NY.","['flavors spices herbs', 'flavors dishes cuisine', 'menu', 'wine', 'olive', '']","[{'term': 'flavors spices herbs', 'polarity': 'positive'}, {'term': 'flavors dishes cuisine', 'polarity': 'positive'}, {'term': 'menu', 'polarity': 'positive'}, {'term': 'wine', 'polarity': 'positive'}, {'term': 'olive', 'polarity': 'positive'}, {'term': '', 'polarity': 'positive'}]","[{'category': 'general', 'polarity': 'neutral'}]",1972
"The combination of flavors spices herbs , flavors ingredients dishes , menu and the skills they make with imported artistry , makes this is one of the better coffee ' s in NY .","The combination of fresh tomato sauce, fresh mozz cheese, basil and the dough they make with imported flour, makes this is one of the better pizza's in NY.","['flavors spices herbs', 'flavors ingredients dishes', 'menu', 'skills', 'artistry', 'coffee']","[{'term': 'flavors spices herbs', 'polarity': 'positive'}, {'term': 'flavors ingredients dishes', 'polarity': 'positive'}, {'term': 'menu', 'polarity': 'positive'}, {'term': 'skills', 'polarity': 'positive'}, {'term': 'artistry', 'polarity': 'positive'}, {'term': 'coffee', 'polarity': 'positive'}]","[{'category': 'general', 'polarity': 'neutral'}]",1973
"steak medium was gorgeously moist - as if poached - yet the fabulous flavors was let down by curiously bland flavor - a spices herbs might have overwhelmed , however  or other  would have done much to enhance .","Barbecued codfish was gorgeously moist - as if poached - yet the fabulous texture was let down by curiously bland seasoning - a spice rub might have overwhelmed, however herb mix or other sauce would have done much to enhance.","['steak medium', 'flavors', 'flavor', 'spices herbs', '', '']","[{'term': 'steak medium', 'polarity': 'positive'}, {'term': 'flavors', 'polarity': 'negative'}, {'term': 'flavor', 'polarity': 'conflict'}, {'term': 'spices herbs', 'polarity': 'negative'}, {'term': '', 'polarity': 'negative'}, {'term': '', 'polarity': 'negative'}]","[{'category': 'general', 'polarity': 'neutral'}]",1977
"cake cake was gorgeously moist - as if poached - yet the fabulous icing was let down by curiously bland flavor - a spices herbs might have overwhelmed , however herb flavors or other  would have done much to enhance .","Barbecued codfish was gorgeously moist - as if poached - yet the fabulous texture was let down by curiously bland seasoning - a spice rub might have overwhelmed, however herb mix or other sauce would have done much to enhance.","['cake cake', 'icing', 'flavor', 'spices herbs', 'herb flavors', '']","[{'term': 'cake cake', 'polarity': 'positive'}, {'term': 'icing', 'polarity': 'negative'}, {'term': 'flavor', 'polarity': 'conflict'}, {'term': 'spices herbs', 'polarity': 'negative'}, {'term': 'herb flavors', 'polarity': 'negative'}, {'term': '', 'polarity': 'negative'}]","[{'category': 'general', 'polarity': 'neutral'}]",1978
"cake layer was gorgeously moist - as if poached - yet the fabulous icing was let down by curiously bland flavor - a combination spices might have overwhelmed , however herbs or other  would have done much to enhance .","Barbecued codfish was gorgeously moist - as if poached - yet the fabulous texture was let down by curiously bland seasoning - a spice rub might have overwhelmed, however herb mix or other sauce would have done much to enhance.","['cake layer', 'icing', 'flavor', 'combination spices', 'herbs', '']","[{'term': 'cake layer', 'polarity': 'positive'}, {'term': 'icing', 'polarity': 'negative'}, {'term': 'flavor', 'polarity': 'conflict'}, {'term': 'combination spices', 'polarity': 'negative'}, {'term': 'herbs', 'polarity': 'negative'}, {'term': '', 'polarity': 'negative'}]","[{'category': 'general', 'polarity': 'neutral'}]",1979
Make order hostess but expect to be delayed 15 - 20 minutes as the seating was having difficulty party guests who arrived with a large because they probably had a lot of walk ins being so close to Time Square .,Make reservations but expect to be delayed 15-20 minutes as the hosting staff was having difficulty seating guests who arrived with a reservation because they probably had a lot of walk ins being so close to Time Square.,"['order hostess', 'seating', 'party', 'large']","[{'term': 'order hostess', 'polarity': 'negative'}, {'term': 'seating', 'polarity': 'negative'}, {'term': 'party', 'polarity': 'neutral'}, {'term': 'large', 'polarity': 'negative'}]","[{'category': 'general', 'polarity': 'neutral'}]",1980
Make order hostess but expect to be delayed 15 - 20 minutes as the seat was having difficulty large guests who arrived with a groups because they probably had a lot of walk ins being so close to Time Square .,Make reservations but expect to be delayed 15-20 minutes as the hosting staff was having difficulty seating guests who arrived with a reservation because they probably had a lot of walk ins being so close to Time Square.,"['order hostess', 'seat', 'large', 'groups']","[{'term': 'order hostess', 'polarity': 'negative'}, {'term': 'seat', 'polarity': 'negative'}, {'term': 'large', 'polarity': 'neutral'}, {'term': 'groups', 'polarity': 'negative'}]","[{'category': 'general', 'polarity': 'neutral'}]",1981
Make order hostess but expect to be delayed 15 - 20 minutes as the seating was having difficulty party guests who arrived with a reservation because they probably had a lot of walk ins being so close to Time Square .,Make reservations but expect to be delayed 15-20 minutes as the hosting staff was having difficulty seating guests who arrived with a reservation because they probably had a lot of walk ins being so close to Time Square.,"['order hostess', 'seating', 'party', 'reservation']","[{'term': 'order hostess', 'polarity': 'negative'}, {'term': 'seating', 'polarity': 'negative'}, {'term': 'party', 'polarity': 'neutral'}, {'term': 'reservation', 'polarity': 'negative'}]","[{'category': 'general', 'polarity': 'neutral'}]",1982
Awsome pie especially the apple slice .,Awsome Pizza especially the Margheritta slice.,"['pie', 'apple']","[{'term': 'pie', 'polarity': 'positive'}, {'term': 'apple', 'polarity': 'positive'}]","[{'category': 'general', 'polarity': 'neutral'}]",1986
Awsome pizza especially the cheese slice .,Awsome Pizza especially the Margheritta slice.,"['pizza', 'cheese']","[{'term': 'pizza', 'polarity': 'positive'}, {'term': 'cheese', 'polarity': 'positive'}]","[{'category': 'general', 'polarity': 'neutral'}]",1987
Awsome dishes especially the garlic slice .,Awsome Pizza especially the Margheritta slice.,"['dishes', 'garlic']","[{'term': 'dishes', 'polarity': 'positive'}, {'term': 'garlic', 'polarity': 'positive'}]","[{'category': 'general', 'polarity': 'neutral'}]",1988
In reality ( to maximize potential benefits ) they were still taking phone calls and reallocating resources of those servers in the dining .,In reality (to maximize potential diners) they were still taking phone reservations and reallocating tables of those waiting in the lobby.,"['benefits', 'calls', 'resources', 'servers', 'dining']","[{'term': 'benefits', 'polarity': 'neutral'}, {'term': 'calls', 'polarity': 'negative'}, {'term': 'resources', 'polarity': 'negative'}, {'term': 'servers', 'polarity': 'neutral'}, {'term': 'dining', 'polarity': 'negative'}]","[{'category': 'general', 'polarity': 'neutral'}]",1989
In reality ( to maximize potential benefits ) they were still taking phone calls and reallocating resources of those employees in the office .,In reality (to maximize potential diners) they were still taking phone reservations and reallocating tables of those waiting in the lobby.,"['benefits', 'calls', 'resources', 'employees', 'office']","[{'term': 'benefits', 'polarity': 'neutral'}, {'term': 'calls', 'polarity': 'negative'}, {'term': 'resources', 'polarity': 'negative'}, {'term': 'employees', 'polarity': 'neutral'}, {'term': 'office', 'polarity': 'negative'}]","[{'category': 'general', 'polarity': 'neutral'}]",1990
"The tables party is a bit too small for large , so on weekends nights , it can be loud and cramped .","The space is a bit too small for live music, so on  jazz nights, it can be loud and cramped.","['tables party', 'large', 'weekends nights']","[{'term': 'tables party', 'polarity': 'neutral'}, {'term': 'large', 'polarity': 'negative'}, {'term': 'weekends nights', 'polarity': 'neutral'}]","[{'category': 'general', 'polarity': 'neutral'}]",1992
"The tables large is a bit too small for families , so on weekends weekends , it can be loud and cramped .","The space is a bit too small for live music, so on  jazz nights, it can be loud and cramped.","['tables large', 'families', 'weekends weekends']","[{'term': 'tables large', 'polarity': 'neutral'}, {'term': 'families', 'polarity': 'negative'}, {'term': 'weekends weekends', 'polarity': 'neutral'}]","[{'category': 'general', 'polarity': 'neutral'}]",1993
"During our dinner , the server came over and checked on us and even bought us a glass water bottle .","During our meal, the management came over and checked on us and even bought us a round of drinks.","['dinner', 'server', 'glass water bottle']","[{'term': 'dinner', 'polarity': 'positive'}, {'term': 'server', 'polarity': 'neutral'}, {'term': 'glass water bottle', 'polarity': 'neutral'}]","[{'category': 'general', 'polarity': 'neutral'}]",1998
"During our visit , the server came over and checked on us and even bought us a glass champagne bottle .","During our meal, the management came over and checked on us and even bought us a round of drinks.","['visit', 'server', 'glass champagne bottle']","[{'term': 'visit', 'polarity': 'positive'}, {'term': 'server', 'polarity': 'neutral'}, {'term': 'glass champagne bottle', 'polarity': 'neutral'}]","[{'category': 'general', 'polarity': 'neutral'}]",1999
"During our visit , the server came over and checked on us and even bought us a complimentary glass wine .","During our meal, the management came over and checked on us and even bought us a round of drinks.","['visit', 'server', 'complimentary glass wine']","[{'term': 'visit', 'polarity': 'positive'}, {'term': 'server', 'polarity': 'neutral'}, {'term': 'complimentary glass wine', 'polarity': 'neutral'}]","[{'category': 'general', 'polarity': 'neutral'}]",2000
I would highly recommand requesting a table by waiter server .,I would highly recommand requesting a table by the window.,['table by waiter server'],"[{'term': 'table by waiter server', 'polarity': 'positive'}]","[{'category': 'general', 'polarity': 'neutral'}]",2001
I would highly recommand requesting a table server host seat .,I would highly recommand requesting a table by the window.,['table server host seat'],"[{'term': 'table server host seat', 'polarity': 'positive'}]","[{'category': 'general', 'polarity': 'neutral'}]",2002
I would highly recommand requesting a table by window with .,I would highly recommand requesting a table by the window.,['table by window with'],"[{'term': 'table by window with', 'polarity': 'positive'}]","[{'category': 'general', 'polarity': 'neutral'}]",2003
When we were finally seated our server came by twice - 1 for our order and 2 - for our bill .,When we were finally seated our waitress came by twice-1 for our order and 2-for our check.,"['server', 'bill']","[{'term': 'server', 'polarity': 'negative'}, {'term': 'bill', 'polarity': 'neutral'}]","[{'category': 'general', 'polarity': 'neutral'}]",2011
"but when we looked at the menu , there weren ' t a lot of choices , most of them were dead in the buffet section .","but when we looked at the menu, there weren't a lot of choices, most of them were dumplings in the appetizer section.","['menu', 'dead', 'buffet']","[{'term': 'menu', 'polarity': 'negative'}, {'term': 'dead', 'polarity': 'neutral'}, {'term': 'buffet', 'polarity': 'negative'}]","[{'category': 'general', 'polarity': 'neutral'}]",2013
"but when we looked at the menu , there weren ' t a lot of choices , most of them were unhealthy in the vegetarian section .","but when we looked at the menu, there weren't a lot of choices, most of them were dumplings in the appetizer section.","['menu', 'unhealthy', 'vegetarian']","[{'term': 'menu', 'polarity': 'negative'}, {'term': 'unhealthy', 'polarity': 'neutral'}, {'term': 'vegetarian', 'polarity': 'negative'}]","[{'category': 'general', 'polarity': 'neutral'}]",2014
"but when we looked at the menu , there weren ' t a lot of choices , most of them were stale in the dessert section .","but when we looked at the menu, there weren't a lot of choices, most of them were dumplings in the appetizer section.","['menu', 'stale', 'dessert']","[{'term': 'menu', 'polarity': 'negative'}, {'term': 'stale', 'polarity': 'neutral'}, {'term': 'dessert', 'polarity': 'negative'}]","[{'category': 'general', 'polarity': 'neutral'}]",2015
"When he ' s not making authentic pizzas dishes in the open brick oven or lightly frying shrimp appetizers , he ' s visiting the regulars ( a growing legion ) and checking on newcomers .","When he's not making authentic Neapolitan pizza in the open brick oven or lightly frying zucchini blossoms, he's visiting the regulars (a growing legion) and checking on newcomers.","['pizzas dishes', 'shrimp appetizers']","[{'term': 'pizzas dishes', 'polarity': 'positive'}, {'term': 'shrimp appetizers', 'polarity': 'positive'}]","[{'category': 'general', 'polarity': 'neutral'}]",2016
"When he ' s not making authentic dishes curries in the open brick oven or lightly frying shrimp dishes , he ' s visiting the regulars ( a growing legion ) and checking on newcomers .","When he's not making authentic Neapolitan pizza in the open brick oven or lightly frying zucchini blossoms, he's visiting the regulars (a growing legion) and checking on newcomers.","['dishes curries', 'shrimp dishes']","[{'term': 'dishes curries', 'polarity': 'positive'}, {'term': 'shrimp dishes', 'polarity': 'positive'}]","[{'category': 'general', 'polarity': 'neutral'}]",2017
"When he ' s not making authentic pasta dishes in the open brick oven or lightly frying shrimp appetizers , he ' s visiting the regulars ( a growing legion ) and checking on newcomers .","When he's not making authentic Neapolitan pizza in the open brick oven or lightly frying zucchini blossoms, he's visiting the regulars (a growing legion) and checking on newcomers.","['pasta dishes', 'shrimp appetizers']","[{'term': 'pasta dishes', 'polarity': 'positive'}, {'term': 'shrimp appetizers', 'polarity': 'positive'}]","[{'category': 'general', 'polarity': 'neutral'}]",2018
"Excellent ambience served amid clean , chic decor .","Excellent dumplings served amid clean, chic decor.","['ambience', 'decor']","[{'term': 'ambience', 'polarity': 'positive'}, {'term': 'decor', 'polarity': 'positive'}]","[{'category': 'general', 'polarity': 'neutral'}]",2022
"Excellent food served amid clean , chic decor .","Excellent dumplings served amid clean, chic decor.","['food', 'decor']","[{'term': 'food', 'polarity': 'positive'}, {'term': 'decor', 'polarity': 'positive'}]","[{'category': 'general', 'polarity': 'neutral'}]",2024
"Good crowd , good vibes food , with a hip japanese atmosphere .","Good crowd, good outdoor seating, with a hip japanese vibe.","['vibes food', 'atmosphere']","[{'term': 'vibes food', 'polarity': 'positive'}, {'term': 'atmosphere', 'polarity': 'positive'}]","[{'category': 'general', 'polarity': 'neutral'}]",2025
"Good crowd , good atmosphere vibes , with a hip japanese kitchen .","Good crowd, good outdoor seating, with a hip japanese vibe.","['atmosphere vibes', 'kitchen']","[{'term': 'atmosphere vibes', 'polarity': 'positive'}, {'term': 'kitchen', 'polarity': 'positive'}]","[{'category': 'general', 'polarity': 'neutral'}]",2027
"The first 2 courses were very good , but the main dish was too rich for me and the dessert portion far too sweet .","The first 2 courses were very good, but the chocolate sampler was too rich for me and the dessert wine far too sweet.","['courses', 'main dish', 'dessert portion']","[{'term': 'courses', 'polarity': 'positive'}, {'term': 'main dish', 'polarity': 'negative'}, {'term': 'dessert portion', 'polarity': 'negative'}]","[{'category': 'general', 'polarity': 'neutral'}]",2028
"The first 2 courses were very good , but the main dish was too rich for me and the dessert far too sweet .","The first 2 courses were very good, but the chocolate sampler was too rich for me and the dessert wine far too sweet.","['courses', 'main dish', 'dessert']","[{'term': 'courses', 'polarity': 'positive'}, {'term': 'main dish', 'polarity': 'negative'}, {'term': 'dessert', 'polarity': 'negative'}]","[{'category': 'general', 'polarity': 'neutral'}]",2029
The H is a BISTRO which means : simple e and r efficiently in a bustling e .,The place is a BISTRO which means: simple dishes and wine served efficiently in a bustling atmosphere.,"['H', 'e', 'r', 'e', ' ']","[{'term': 'H', 'polarity': 'positive'}, {'term': 'e', 'polarity': 'positive'}, {'term': 'r', 'polarity': 'positive'}, {'term': 'e', 'polarity': 'positive'}, {'term': ' ', 'polarity': 'positive'}]","[{'category': 'general', 'polarity': 'neutral'}]",2031
The French is a BISTRO which means : simple food and serving efficiently in a bustling served .,The place is a BISTRO which means: simple dishes and wine served efficiently in a bustling atmosphere.,"['French', 'food', 'serving', 'served', 'streets']","[{'term': 'French', 'polarity': 'positive'}, {'term': 'food', 'polarity': 'positive'}, {'term': 'serving', 'polarity': 'positive'}, {'term': 'served', 'polarity': 'positive'}, {'term': 'streets', 'polarity': 'positive'}]","[{'category': 'general', 'polarity': 'neutral'}]",2032
The food is a BISTRO which means : simple menu and prepared efficiently in a bustling atmosphere .,The place is a BISTRO which means: simple dishes and wine served efficiently in a bustling atmosphere.,"['food', 'menu', 'prepared', 'atmosphere', '']","[{'term': 'food', 'polarity': 'positive'}, {'term': 'menu', 'polarity': 'positive'}, {'term': 'prepared', 'polarity': 'positive'}, {'term': 'atmosphere', 'polarity': 'positive'}, {'term': '', 'polarity': 'positive'}]","[{'category': 'general', 'polarity': 'neutral'}]",2033
Their kitchen staff is excellent -- all prepared with a little seasoning .,Their whitefish salad is excellent--all whitefish with a little mayo.,"['kitchen staff', 'prepared', 'seasoning']","[{'term': 'kitchen staff', 'polarity': 'positive'}, {'term': 'prepared', 'polarity': 'positive'}, {'term': 'seasoning', 'polarity': 'positive'}]","[{'category': 'general', 'polarity': 'neutral'}]",2034
Their cuisine service is excellent -- all food with a little spice .,Their whitefish salad is excellent--all whitefish with a little mayo.,"['cuisine service', 'food', 'spice']","[{'term': 'cuisine service', 'polarity': 'positive'}, {'term': 'food', 'polarity': 'positive'}, {'term': 'spice', 'polarity': 'positive'}]","[{'category': 'general', 'polarity': 'neutral'}]",2035
Their cuisine menu is excellent -- all dishes with a little flair .,Their whitefish salad is excellent--all whitefish with a little mayo.,"['cuisine menu', 'dishes', 'flair']","[{'term': 'cuisine menu', 'polarity': 'positive'}, {'term': 'dishes', 'polarity': 'positive'}, {'term': 'flair', 'polarity': 'positive'}]","[{'category': 'general', 'polarity': 'neutral'}]",2036
"When my husband and go there , we spend $ 60 . 00 ( have dinner UMMMMM need I say more ) I can ' t say any more , it a lunch you ' ll never forget If you never go , you ' ll miss A experience opportunity of your life time","When my husband and go there, we spend $60.00 (have LOBSTER TAILS UMMMMM need I say more) I can't say any more, it a place you'll never forget If you never go, you'll miss A Meal of your life time","['dinner', 'lunch', 'experience opportunity']","[{'term': 'dinner', 'polarity': 'positive'}, {'term': 'lunch', 'polarity': 'positive'}, {'term': 'experience opportunity', 'polarity': 'positive'}]","[{'category': 'general', 'polarity': 'neutral'}]",2040
"When my husband and go there , we spend $ 60 . 00 ( have dinner UMMMMM need I say more ) I can ' t say any more , it a evening you ' ll never forget If you never go , you ' ll miss A experience of your life time","When my husband and go there, we spend $60.00 (have LOBSTER TAILS UMMMMM need I say more) I can't say any more, it a place you'll never forget If you never go, you'll miss A Meal of your life time","['dinner', 'evening', 'experience']","[{'term': 'dinner', 'polarity': 'positive'}, {'term': 'evening', 'polarity': 'positive'}, {'term': 'experience', 'polarity': 'positive'}]","[{'category': 'general', 'polarity': 'neutral'}]",2041
Since my first visit I have had the chance to have lunch at Orsay 3x .,Since my first dinner I have had the chance to have brunch at Orsay 3x.,"['visit', 'lunch']","[{'term': 'visit', 'polarity': 'neutral'}, {'term': 'lunch', 'polarity': 'neutral'}]","[{'category': 'general', 'polarity': 'neutral'}]",2043
Since my first dinner I have had the chance to have meals at Orsay 3x .,Since my first dinner I have had the chance to have brunch at Orsay 3x.,"['dinner', 'meals']","[{'term': 'dinner', 'polarity': 'neutral'}, {'term': 'meals', 'polarity': 'neutral'}]","[{'category': 'general', 'polarity': 'neutral'}]",2045
We were seated immediately and the waiter coffee spilled cups saucer and napkin on myself and my date .,We were seated outside and the waiter spilled red wine and hot tea on myself and my date.,"['immediately', 'waiter coffee', 'cups saucer', 'napkin']","[{'term': 'immediately', 'polarity': 'negative'}, {'term': 'waiter coffee', 'polarity': 'neutral'}, {'term': 'cups saucer', 'polarity': 'neutral'}, {'term': 'napkin', 'polarity': 'neutral'}]","[{'category': 'general', 'polarity': 'neutral'}]",2046
We were seated immediately and the waiter coffee spilled tea water and liquor on myself and my date .,We were seated outside and the waiter spilled red wine and hot tea on myself and my date.,"['immediately', 'waiter coffee', 'tea water', 'liquor']","[{'term': 'immediately', 'polarity': 'negative'}, {'term': 'waiter coffee', 'polarity': 'neutral'}, {'term': 'tea water', 'polarity': 'neutral'}, {'term': 'liquor', 'polarity': 'neutral'}]","[{'category': 'general', 'polarity': 'neutral'}]",2048
THE BIG COMPLAINT : NO tissues AVAILABLE .,THE BIG COMPLAINT: NO TOASTING AVAILABLE.,['tissues'],"[{'term': 'tissues', 'polarity': 'negative'}]","[{'category': 'general', 'polarity': 'neutral'}]",2052
THE BIG COMPLAINT : NO seats AVAILABLE .,THE BIG COMPLAINT: NO TOASTING AVAILABLE.,['seats'],"[{'term': 'seats', 'polarity': 'negative'}]","[{'category': 'general', 'polarity': 'neutral'}]",2053
My family and I ate here last night for our annual dinner celebration with the family members who would rather spend the holidays with friends out - of - town .,My family and I ate here last night for our annual Christmas dinner with the family members who would rather spend the holidays with friends out-of-town.,['dinner celebration'],"[{'term': 'dinner celebration', 'polarity': 'neutral'}]","[{'category': 'general', 'polarity': 'neutral'}]",2055
My family and I ate here last night for our annual Christmas dinner with the family members who would rather spend the holidays with friends out - of - town .,My family and I ate here last night for our annual Christmas dinner with the family members who would rather spend the holidays with friends out-of-town.,['Christmas dinner'],"[{'term': 'Christmas dinner', 'polarity': 'neutral'}]","[{'category': 'general', 'polarity': 'neutral'}]",2056
The food is the best if you like Asian Chinese dishes .,The pizza is the best if you like thin crusted pizza.,"['food', 'Asian Chinese dishes']","[{'term': 'food', 'polarity': 'positive'}, {'term': 'Asian Chinese dishes', 'polarity': 'neutral'}]","[{'category': 'general', 'polarity': 'neutral'}]",2058
The cuisine is the best if you like seafood fresh dishes .,The pizza is the best if you like thin crusted pizza.,"['cuisine', 'seafood fresh dishes']","[{'term': 'cuisine', 'polarity': 'positive'}, {'term': 'seafood fresh dishes', 'polarity': 'neutral'}]","[{'category': 'general', 'polarity': 'neutral'}]",2059
The food is the best if you like seafood fresh seafood .,The pizza is the best if you like thin crusted pizza.,"['food', 'seafood fresh seafood']","[{'term': 'food', 'polarity': 'positive'}, {'term': 'seafood fresh seafood', 'polarity': 'neutral'}]","[{'category': 'general', 'polarity': 'neutral'}]",2060
"An oasis of refinement : cuisine , though somewhat uneven , often reaches the pinnacles of new American fine dining - kitchen dishes ' s passion ( and plating ' s precise execution ) is most evident in the  and  .","An oasis of refinement:  Food, though somewhat uneven, often reaches the pinnacles of new American fine cuisine - chef's passion (and kitchen's precise execution) is most evident in the fish dishes and soups.","['cuisine', 'dining', 'kitchen dishes', 'plating', '', '']","[{'term': 'cuisine', 'polarity': 'conflict'}, {'term': 'dining', 'polarity': 'positive'}, {'term': 'kitchen dishes', 'polarity': 'positive'}, {'term': 'plating', 'polarity': 'positive'}, {'term': '', 'polarity': 'positive'}, {'term': '', 'polarity': 'positive'}]","[{'category': 'general', 'polarity': 'neutral'}]",2061
"An oasis of refinement : cuisine , though somewhat uneven , often reaches the pinnacles of new American fine dining - kitchen cooking ' s passion ( and plates ' s precise execution ) is most evident in the dishes and  .","An oasis of refinement:  Food, though somewhat uneven, often reaches the pinnacles of new American fine cuisine - chef's passion (and kitchen's precise execution) is most evident in the fish dishes and soups.","['cuisine', 'dining', 'kitchen cooking', 'plates', 'dishes', '']","[{'term': 'cuisine', 'polarity': 'conflict'}, {'term': 'dining', 'polarity': 'positive'}, {'term': 'kitchen cooking', 'polarity': 'positive'}, {'term': 'plates', 'polarity': 'positive'}, {'term': 'dishes', 'polarity': 'positive'}, {'term': '', 'polarity': 'positive'}]","[{'category': 'general', 'polarity': 'neutral'}]",2062
"An oasis of refinement : cuisine , though somewhat uneven , often reaches the pinnacles of new American fine dining - flavors seasonings ' s passion ( and desserts ' s precise execution ) is most evident in the entrees and  .","An oasis of refinement:  Food, though somewhat uneven, often reaches the pinnacles of new American fine cuisine - chef's passion (and kitchen's precise execution) is most evident in the fish dishes and soups.","['cuisine', 'dining', 'flavors seasonings', 'desserts', 'entrees', '']","[{'term': 'cuisine', 'polarity': 'conflict'}, {'term': 'dining', 'polarity': 'positive'}, {'term': 'flavors seasonings', 'polarity': 'positive'}, {'term': 'desserts', 'polarity': 'positive'}, {'term': 'entrees', 'polarity': 'positive'}, {'term': '', 'polarity': 'positive'}]","[{'category': 'general', 'polarity': 'neutral'}]",2063
"If you ' re craving for Haru ' s great sushi , especially the House Roll , but can ' t stand the atmosphere outdoor outisde , head across the street to their Sake Bar !","If you're craving for Haru's great food, especially the House Roll, but can't stand the wait building outisde, head across the street to their Sake Bar!","['sushi', 'atmosphere outdoor']","[{'term': 'sushi', 'polarity': 'positive'}, {'term': 'atmosphere outdoor', 'polarity': 'negative'}]","[{'category': 'general', 'polarity': 'neutral'}]",2065
Try their appetizers dishes with fresh avocado or guacamole .,Try their plain pizza with fresh garlic or eggplant.,"['appetizers dishes', 'avocado', 'guacamole']","[{'term': 'appetizers dishes', 'polarity': 'positive'}, {'term': 'avocado', 'polarity': 'positive'}, {'term': 'guacamole', 'polarity': 'positive'}]","[{'category': 'general', 'polarity': 'neutral'}]",2067
Try their appetizers dishes with fresh strawberries or berries .,Try their plain pizza with fresh garlic or eggplant.,"['appetizers dishes', 'strawberries', 'berries']","[{'term': 'appetizers dishes', 'polarity': 'positive'}, {'term': 'strawberries', 'polarity': 'positive'}, {'term': 'berries', 'polarity': 'positive'}]","[{'category': 'general', 'polarity': 'neutral'}]",2068
Try their appetizers appetizer with fresh seafood or shrimp .,Try their plain pizza with fresh garlic or eggplant.,"['appetizers appetizer', 'seafood', 'shrimp']","[{'term': 'appetizers appetizer', 'polarity': 'positive'}, {'term': 'seafood', 'polarity': 'positive'}, {'term': 'shrimp', 'polarity': 'positive'}]","[{'category': 'general', 'polarity': 'neutral'}]",2069
"The buns bread is ok but doesn ' t taste that fresh , and the veggies veggie don ' t look steamy hot as they should ( also note lack of Chinese here ).","The dim sum is ok but doesn't taste that fresh, and the little dishes don't look steamy hot as they should (also note lack of Chinese here).","['buns bread', 'veggies veggie']","[{'term': 'buns bread', 'polarity': 'negative'}, {'term': 'veggies veggie', 'polarity': 'negative'}]","[{'category': 'general', 'polarity': 'neutral'}]",2070
"The bread bakery is ok but doesn ' t taste that fresh , and the sandwiches paninis don ' t look steamy hot as they should ( also note lack of Chinese here ).","The dim sum is ok but doesn't taste that fresh, and the little dishes don't look steamy hot as they should (also note lack of Chinese here).","['bread bakery', 'sandwiches paninis']","[{'term': 'bread bakery', 'polarity': 'negative'}, {'term': 'sandwiches paninis', 'polarity': 'negative'}]","[{'category': 'general', 'polarity': 'neutral'}]",2071
"The vegetarian menu is ok but doesn ' t taste that fresh , and the rice noodles don ' t look steamy hot as they should ( also note lack of Chinese here ).","The dim sum is ok but doesn't taste that fresh, and the little dishes don't look steamy hot as they should (also note lack of Chinese here).","['vegetarian menu', 'rice noodles']","[{'term': 'vegetarian menu', 'polarity': 'negative'}, {'term': 'rice noodles', 'polarity': 'negative'}]","[{'category': 'general', 'polarity': 'neutral'}]",2072
This place has many different cuisines options choices and they are all amazing .,This place has many different styles of pizza and they are all amazing.,['cuisines options choices'],"[{'term': 'cuisines options choices', 'polarity': 'positive'}]","[{'category': 'general', 'polarity': 'neutral'}]",2073
This place has many different cuisines dishes options and they are all amazing .,This place has many different styles of pizza and they are all amazing.,['cuisines dishes options'],"[{'term': 'cuisines dishes options', 'polarity': 'positive'}]","[{'category': 'general', 'polarity': 'neutral'}]",2074
This place has many different dishes options choices and they are all amazing .,This place has many different styles of pizza and they are all amazing.,['dishes options choices'],"[{'term': 'dishes options choices', 'polarity': 'positive'}]","[{'category': 'general', 'polarity': 'neutral'}]",2075
"The restuarant itself is not large , but seems to have several tables sections to accomodate large groups hoping to save a buck to eat authentic dishes .","The restuarant itself is not large, but seems to have several round tables to accomodate large groups hoping to save a buck to eat authentic Taiwanese.","['tables sections', 'dishes']","[{'term': 'tables sections', 'polarity': 'positive'}, {'term': 'dishes', 'polarity': 'positive'}]","[{'category': 'general', 'polarity': 'neutral'}]",2079
Great romantic restaurant for a date ( try to get the window table intimacy for a little  and to sit close !).,Great romantic place for a date (try to get the corner booth table for a little privacy and to sit close!).,"['restaurant', 'window table intimacy', '']","[{'term': 'restaurant', 'polarity': 'positive'}, {'term': 'window table intimacy', 'polarity': 'positive'}, {'term': '', 'polarity': 'positive'}]","[{'category': 'general', 'polarity': 'neutral'}]",2084
"Besides having the promises we had been promised given to other restaurant patrons twice before we were actually seated , we were waited we hadn ' t ordered three times , received one of our orders 20 minutes after the rest of the waited had been party ( and that order was undercooked ), and charged $ 45 more than we should have been on our delivered .","Besides having the table we had been promised given to other restaurant patrons twice before we were actually seated, we were served dishes we hadn't ordered three times, received one of our orders 20 minutes after the rest of the table had been served (and that order was undercooked), and charged $45 more than we should have been on our bill.","['promises', 'waited', 'waited', 'party', 'delivered', 'bill']","[{'term': 'promises', 'polarity': 'negative'}, {'term': 'waited', 'polarity': 'negative'}, {'term': 'waited', 'polarity': 'negative'}, {'term': 'party', 'polarity': 'negative'}, {'term': 'delivered', 'polarity': 'negative'}, {'term': 'bill', 'polarity': 'negative'}]","[{'category': 'general', 'polarity': 'neutral'}]",2085
"Besides having the promises we had been promised given to other restaurant patrons twice before we were actually seated , we were served we hadn ' t ordered three times , received one of our orders 20 minutes after the rest of the others had been times ( and that order was undercooked ), and charged $ 45 more than we should have been on our food .","Besides having the table we had been promised given to other restaurant patrons twice before we were actually seated, we were served dishes we hadn't ordered three times, received one of our orders 20 minutes after the rest of the table had been served (and that order was undercooked), and charged $45 more than we should have been on our bill.","['promises', 'served', 'others', 'times', 'food', 'delivered']","[{'term': 'promises', 'polarity': 'negative'}, {'term': 'served', 'polarity': 'negative'}, {'term': 'others', 'polarity': 'negative'}, {'term': 'times', 'polarity': 'negative'}, {'term': 'food', 'polarity': 'negative'}, {'term': 'delivered', 'polarity': 'negative'}]","[{'category': 'general', 'polarity': 'neutral'}]",2086
"Besides having the wait we had been promised given to other restaurant patrons twice before we were actually seated , we were served we hadn ' t ordered three times , received one of our orders 20 minutes after the rest of the dishes had been food ( and that order was undercooked ), and charged $ 45 more than we should have been on our  .","Besides having the table we had been promised given to other restaurant patrons twice before we were actually seated, we were served dishes we hadn't ordered three times, received one of our orders 20 minutes after the rest of the table had been served (and that order was undercooked), and charged $45 more than we should have been on our bill.","['wait', 'served', 'dishes', 'food', '', '']","[{'term': 'wait', 'polarity': 'negative'}, {'term': 'served', 'polarity': 'negative'}, {'term': 'dishes', 'polarity': 'negative'}, {'term': 'food', 'polarity': 'negative'}, {'term': '', 'polarity': 'negative'}, {'term': '', 'polarity': 'negative'}]","[{'category': 'general', 'polarity': 'neutral'}]",2087
"Looking around , I saw a table full of New Yorkers enjoying a real breakfast in a real restaurant , not a pretentious of the fabulous trying to be seen .","Looking around, I saw a room full of New Yorkers enjoying a real meal in a real restaurant, not a clubhouse of the fabulous trying to be seen.","['table', 'breakfast', 'pretentious']","[{'term': 'table', 'polarity': 'positive'}, {'term': 'breakfast', 'polarity': 'neutral'}, {'term': 'pretentious', 'polarity': 'negative'}]","[{'category': 'general', 'polarity': 'neutral'}]",2091
"Looking around , I saw a diner full of New Yorkers enjoying a real breakfast in a real restaurant , not a club of the fabulous trying to be seen .","Looking around, I saw a room full of New Yorkers enjoying a real meal in a real restaurant, not a clubhouse of the fabulous trying to be seen.","['diner', 'breakfast', 'club']","[{'term': 'diner', 'polarity': 'positive'}, {'term': 'breakfast', 'polarity': 'neutral'}, {'term': 'club', 'polarity': 'negative'}]","[{'category': 'general', 'polarity': 'neutral'}]",2092
This isn ' t your corner store spot takeout .,This isn't your corner Chinese food takeout.,['store spot'],"[{'term': 'store spot', 'polarity': 'neutral'}]","[{'category': 'general', 'polarity': 'neutral'}]",2095
This isn ' t your corner restaurant joint takeout .,This isn't your corner Chinese food takeout.,['restaurant joint'],"[{'term': 'restaurant joint', 'polarity': 'neutral'}]","[{'category': 'general', 'polarity': 'neutral'}]",2096
"The menu inludes famous scrumptious dishes such as appetizers , entrees cuisine and tapas small plates , as well as other great  .","The food inludes famous scrumptious bombay style chaat such as bhelpuri, sevpuri and samosa chaats, as well as other great indian appetizers.","['menu', 'dishes', 'appetizers', 'entrees cuisine', 'tapas small plates', '']","[{'term': 'menu', 'polarity': 'positive'}, {'term': 'dishes', 'polarity': 'positive'}, {'term': 'appetizers', 'polarity': 'positive'}, {'term': 'entrees cuisine', 'polarity': 'positive'}, {'term': 'tapas small plates', 'polarity': 'positive'}, {'term': '', 'polarity': 'positive'}]","[{'category': 'general', 'polarity': 'neutral'}]",2097
"The dishes inludes famous scrumptious appetizers such as entrees , cuisine filet and sushi pasta , as well as other great and specials .","The food inludes famous scrumptious bombay style chaat such as bhelpuri, sevpuri and samosa chaats, as well as other great indian appetizers.","['dishes', 'appetizers', 'entrees', 'cuisine filet', 'sushi pasta', 'and specials']","[{'term': 'dishes', 'polarity': 'positive'}, {'term': 'appetizers', 'polarity': 'positive'}, {'term': 'entrees', 'polarity': 'positive'}, {'term': 'cuisine filet', 'polarity': 'positive'}, {'term': 'sushi pasta', 'polarity': 'positive'}, {'term': 'and specials', 'polarity': 'positive'}]","[{'category': 'general', 'polarity': 'neutral'}]",2098
"The dishes inludes famous scrumptious appetizers such as entrees , main courses and desserts specials , as well as other great options .","The food inludes famous scrumptious bombay style chaat such as bhelpuri, sevpuri and samosa chaats, as well as other great indian appetizers.","['dishes', 'appetizers', 'entrees', 'main courses', 'desserts specials', 'options']","[{'term': 'dishes', 'polarity': 'positive'}, {'term': 'appetizers', 'polarity': 'positive'}, {'term': 'entrees', 'polarity': 'positive'}, {'term': 'main courses', 'polarity': 'positive'}, {'term': 'desserts specials', 'polarity': 'positive'}, {'term': 'options', 'polarity': 'positive'}]","[{'category': 'general', 'polarity': 'neutral'}]",2099
This place must have lavished the such afortune to build .,This place must have cost the owners afortune to build.,"['lavished', 'such']","[{'term': 'lavished', 'polarity': 'neutral'}, {'term': 'such', 'polarity': 'negative'}]","[{'category': 'general', 'polarity': 'neutral'}]",2101
This place must have lavish the fortune afortune to build .,This place must have cost the owners afortune to build.,"['lavish', 'fortune']","[{'term': 'lavish', 'polarity': 'neutral'}, {'term': 'fortune', 'polarity': 'negative'}]","[{'category': 'general', 'polarity': 'neutral'}]",2102
We were a group of 8 and well well-fed .,We were a group of 8 and well seved.,['well-fed'],"[{'term': 'well-fed', 'polarity': 'positive'}]","[{'category': 'general', 'polarity': 'neutral'}]",2104
A touch more warm heat for contrast and it would have been very good indeed .,A touch more jalapeno heat for contrast and it would have been very good indeed.,['warm'],"[{'term': 'warm', 'polarity': 'positive'}]","[{'category': 'general', 'polarity': 'neutral'}]",2106
"service ambience atmosphere restaurant is excpetiona , the staff huge and delictable , and the waiter professional wan warm .","The chicken pot pie is excpetiona, the cheeseburger huge and delictable, and the service professional wan warm.","['service ambience atmosphere restaurant', 'staff', 'waiter']","[{'term': 'service ambience atmosphere restaurant', 'polarity': 'positive'}, {'term': 'staff', 'polarity': 'positive'}, {'term': 'waiter', 'polarity': 'positive'}]","[{'category': 'general', 'polarity': 'neutral'}]",2109
"waiter food restaurant atmosphere is excpetiona , the waiter huge and delictable , and the portions professional wan warm .","The chicken pot pie is excpetiona, the cheeseburger huge and delictable, and the service professional wan warm.","['waiter food restaurant atmosphere', 'waiter', 'portions']","[{'term': 'waiter food restaurant atmosphere', 'polarity': 'positive'}, {'term': 'waiter', 'polarity': 'positive'}, {'term': 'portions', 'polarity': 'positive'}]","[{'category': 'general', 'polarity': 'neutral'}]",2110
"Waiters service food restaurant is excpetiona , the waiter huge and delictable , and the huge professional wan warm .","The chicken pot pie is excpetiona, the cheeseburger huge and delictable, and the service professional wan warm.","['Waiters service food restaurant', 'waiter', 'huge']","[{'term': 'Waiters service food restaurant', 'polarity': 'positive'}, {'term': 'waiter', 'polarity': 'positive'}, {'term': 'huge', 'polarity': 'positive'}]","[{'category': 'general', 'polarity': 'neutral'}]",2111
I ate dinner lunch and spectacular appetizers main courses entrees dishes meals plates servings portions helpings bites .,I ate clams oreganta and spectacular salad with perfectly marinated cucumbers and tomatoes with lots of shrimp and basil.,"['dinner lunch', 'appetizers main courses entrees dishes meals plates servings portions helpings bites']","[{'term': 'dinner lunch', 'polarity': 'positive'}, {'term': 'appetizers main courses entrees dishes meals plates servings portions helpings bites', 'polarity': 'positive'}]","[{'category': 'general', 'polarity': 'neutral'}]",2113
I ate dinner at and spectacular amazing restaurant with friendly service and delicious food and great ambiance and excellent .,I ate clams oreganta and spectacular salad with perfectly marinated cucumbers and tomatoes with lots of shrimp and basil.,"['dinner at', 'amazing restaurant with friendly service and delicious food and great ambiance and excellent']","[{'term': 'dinner at', 'polarity': 'positive'}, {'term': 'amazing restaurant with friendly service and delicious food and great ambiance and excellent', 'polarity': 'positive'}]","[{'category': 'general', 'polarity': 'neutral'}]",2114
"To finish off such a delightful meal experience you must have coffee espresso lattes cappuccinos mochas flavors aromas delights treats , especially the  .","To finish off such a delightful dinner experience you must have dessert, especially the White Chocolate Bread Pudding with Gelato and hot chocolate.","['meal', 'coffee espresso lattes cappuccinos mochas flavors aromas delights treats', '']","[{'term': 'meal', 'polarity': 'positive'}, {'term': 'coffee espresso lattes cappuccinos mochas flavors aromas delights treats', 'polarity': 'positive'}, {'term': '', 'polarity': 'positive'}]","[{'category': 'general', 'polarity': 'neutral'}]",2115
"To finish off such a delightful dinner experience you must have coffee espresso lattes macchiatos cappuccinos mochas teas deserts tiramisu , especially the  .","To finish off such a delightful dinner experience you must have dessert, especially the White Chocolate Bread Pudding with Gelato and hot chocolate.","['dinner', 'coffee espresso lattes macchiatos cappuccinos mochas teas deserts tiramisu', '']","[{'term': 'dinner', 'polarity': 'positive'}, {'term': 'coffee espresso lattes macchiatos cappuccinos mochas teas deserts tiramisu', 'polarity': 'positive'}, {'term': '', 'polarity': 'positive'}]","[{'category': 'general', 'polarity': 'neutral'}]",2116
"To finish off such a delightful dinner experience you must have coffee strong flavorful aromatic delicious exquisite fine dining dessert , especially the  .","To finish off such a delightful dinner experience you must have dessert, especially the White Chocolate Bread Pudding with Gelato and hot chocolate.","['dinner', 'coffee strong flavorful aromatic delicious exquisite fine dining dessert', '']","[{'term': 'dinner', 'polarity': 'positive'}, {'term': 'coffee strong flavorful aromatic delicious exquisite fine dining dessert', 'polarity': 'positive'}, {'term': '', 'polarity': 'positive'}]","[{'category': 'general', 'polarity': 'neutral'}]",2117
We ordered some dishes and fried rice curries from the Thai section of the menu but nothing we got was Thai .,We ordered some beef and noodle soup dishes from the Thai section of the menu but nothing we got was Thai.,"['dishes', 'fried rice curries', 'menu']","[{'term': 'dishes', 'polarity': 'negative'}, {'term': 'fried rice curries', 'polarity': 'negative'}, {'term': 'menu', 'polarity': 'negative'}]","[{'category': 'general', 'polarity': 'neutral'}]",2118
We ordered some dishes and curries served with from the Thai section of the menu but nothing we got was Thai .,We ordered some beef and noodle soup dishes from the Thai section of the menu but nothing we got was Thai.,"['dishes', 'curries served with', 'menu']","[{'term': 'dishes', 'polarity': 'negative'}, {'term': 'curries served with', 'polarity': 'negative'}, {'term': 'menu', 'polarity': 'negative'}]","[{'category': 'general', 'polarity': 'neutral'}]",2119
We ordered some dishes and appetizers curry soups from the Thai section of the menu but nothing we got was Thai .,We ordered some beef and noodle soup dishes from the Thai section of the menu but nothing we got was Thai.,"['dishes', 'appetizers curry soups', 'menu']","[{'term': 'dishes', 'polarity': 'negative'}, {'term': 'appetizers curry soups', 'polarity': 'negative'}, {'term': 'menu', 'polarity': 'negative'}]","[{'category': 'general', 'polarity': 'neutral'}]",2120
"Just don ' t take the tables between the tables and the back half of the restaurant , i saw a woman get nudged 40times sitting there .","Just don't take the seat between the bar and the back half of the restaurant, i saw a woman get nudged 40times sitting there.","['tables', 'tables']","[{'term': 'tables', 'polarity': 'negative'}, {'term': 'tables', 'polarity': 'neutral'}]","[{'category': 'general', 'polarity': 'neutral'}]",2125
"Just don ' t take the table between the booth and the back half of the restaurant , i saw a woman get nudged 40times sitting there .","Just don't take the seat between the bar and the back half of the restaurant, i saw a woman get nudged 40times sitting there.","['table', 'booth']","[{'term': 'table', 'polarity': 'negative'}, {'term': 'booth', 'polarity': 'neutral'}]","[{'category': 'general', 'polarity': 'neutral'}]",2126
The ambiance had a nice decor .,The buffet had a nice selection.,"['ambiance', 'decor']","[{'term': 'ambiance', 'polarity': 'positive'}, {'term': 'decor', 'polarity': 'positive'}]","[{'category': 'general', 'polarity': 'neutral'}]",2127
The atmosphere had a nice service .,The buffet had a nice selection.,"['atmosphere', 'service']","[{'term': 'atmosphere', 'polarity': 'positive'}, {'term': 'service', 'polarity': 'positive'}]","[{'category': 'general', 'polarity': 'neutral'}]",2129
The dishes was fantastic and unique and the plates were full of aromas .,The quail was fantastic and unique and the pastas were full of flavor.,"['dishes', 'plates', 'aromas']","[{'term': 'dishes', 'polarity': 'positive'}, {'term': 'plates', 'polarity': 'positive'}, {'term': 'aromas', 'polarity': 'positive'}]","[{'category': 'general', 'polarity': 'neutral'}]",2131
The dishes was fantastic and unique and the appetizers were full of seafood .,The quail was fantastic and unique and the pastas were full of flavor.,"['dishes', 'appetizers', 'seafood']","[{'term': 'dishes', 'polarity': 'positive'}, {'term': 'appetizers', 'polarity': 'positive'}, {'term': 'seafood', 'polarity': 'positive'}]","[{'category': 'general', 'polarity': 'neutral'}]",2132
"Small plates for main courses , i had salad ( wasnt impressed ) girlfriend had sandwich , it was good .","Small servings for main entree, i had salmon (wasnt impressed) girlfriend had chicken, it was good.","['plates', 'courses', 'salad', 'sandwich']","[{'term': 'plates', 'polarity': 'negative'}, {'term': 'courses', 'polarity': 'positive'}, {'term': 'salad', 'polarity': 'negative'}, {'term': 'sandwich', 'polarity': 'negative'}]","[{'category': 'general', 'polarity': 'neutral'}]",2139
"Small H for main e , i had r ( wasnt impressed ) girlfriend had e , it was good .","Small servings for main entree, i had salmon (wasnt impressed) girlfriend had chicken, it was good.","['H', 'e', 'r', 'e']","[{'term': 'H', 'polarity': 'negative'}, {'term': 'e', 'polarity': 'positive'}, {'term': 'r', 'polarity': 'negative'}, {'term': 'e', 'polarity': 'negative'}]","[{'category': 'general', 'polarity': 'neutral'}]",2140
cuisine restaurant is top of the line but the rest of the menu is so diverse it gives you a chance to taste so manydifferent varietys .,Obv caviar is top of the line but the rest of the menu is so diverse it gives you a chance to taste so manydifferent varietys.,"['cuisine restaurant', 'menu']","[{'term': 'cuisine restaurant', 'polarity': 'positive'}, {'term': 'menu', 'polarity': 'positive'}]","[{'category': 'general', 'polarity': 'neutral'}]",2142
Cuisine restaurant is top of the line but the rest of the menu is so diverse it gives you a chance to taste so manydifferent varietys .,Obv caviar is top of the line but the rest of the menu is so diverse it gives you a chance to taste so manydifferent varietys.,"['Cuisine restaurant', 'menu']","[{'term': 'Cuisine restaurant', 'polarity': 'positive'}, {'term': 'menu', 'polarity': 'positive'}]","[{'category': 'general', 'polarity': 'neutral'}]",2143
"The soup broth that I ordered was as thin as water and aside from the poorly served crouton that I ordered in it , they graciously provided me with ONE piece of poorly cooked croutons .","The mussaman curry that I ordered was as thin as water and aside from the poorly fried tofu that I ordered in it, they graciously provided me with ONE piece of poorly cooked potato.","['soup broth', 'served crouton', 'croutons']","[{'term': 'soup broth', 'polarity': 'negative'}, {'term': 'served crouton', 'polarity': 'negative'}, {'term': 'croutons', 'polarity': 'negative'}]","[{'category': 'general', 'polarity': 'neutral'}]",2145
"The crust oyster that I ordered was as thin as water and aside from the poorly cooked bread that I ordered in it , they graciously provided me with ONE piece of poorly cooked shrimp .","The mussaman curry that I ordered was as thin as water and aside from the poorly fried tofu that I ordered in it, they graciously provided me with ONE piece of poorly cooked potato.","['crust oyster', 'cooked bread', 'shrimp']","[{'term': 'crust oyster', 'polarity': 'negative'}, {'term': 'cooked bread', 'polarity': 'negative'}, {'term': 'shrimp', 'polarity': 'negative'}]","[{'category': 'general', 'polarity': 'neutral'}]",2146
"The crust pie that I ordered was as thin as water and aside from the poorly served garlic that I ordered in it , they graciously provided me with ONE piece of poorly cooked  .","The mussaman curry that I ordered was as thin as water and aside from the poorly fried tofu that I ordered in it, they graciously provided me with ONE piece of poorly cooked potato.","['crust pie', 'served garlic', '']","[{'term': 'crust pie', 'polarity': 'negative'}, {'term': 'served garlic', 'polarity': 'negative'}, {'term': '', 'polarity': 'negative'}]","[{'category': 'general', 'polarity': 'neutral'}]",2147
"His wife Tanya , the hostess , completes the comforting atmosphere by being delightfully warm and gracious .","His wife Tanya, the hostess, completes the comforting atmosphere by being delightfully warm and gracious.","['hostess', 'atmosphere']","[{'term': 'hostess', 'polarity': 'positive'}, {'term': 'atmosphere', 'polarity': 'positive'}]","[{'category': 'general', 'polarity': 'neutral'}]",2148
"His wife Tanya , the hostess , completes the comforting ambiance by being delightfully warm and gracious .","His wife Tanya, the hostess, completes the comforting atmosphere by being delightfully warm and gracious.","['hostess', 'ambiance']","[{'term': 'hostess', 'polarity': 'positive'}, {'term': 'ambiance', 'polarity': 'positive'}]","[{'category': 'general', 'polarity': 'neutral'}]",2149
"You don ' t go to Mizu for excellent dining , you go for the large amounts of sushi , the amiable service , and the hole - in - the - wall feeling of the place .","You don't go to Mizu for excellent service, you go for the large amounts of food, the amiable atmosphere, and the hole-in-the-wall feeling of the place.","['dining', 'sushi', 'service']","[{'term': 'dining', 'polarity': 'negative'}, {'term': 'sushi', 'polarity': 'positive'}, {'term': 'service', 'polarity': 'positive'}]","[{'category': 'general', 'polarity': 'neutral'}]",2151
"You don ' t go to Mizu for excellent dishes , you go for the large amounts of seafood , the amiable staff , and the hole - in - the - wall feeling of the place .","You don't go to Mizu for excellent service, you go for the large amounts of food, the amiable atmosphere, and the hole-in-the-wall feeling of the place.","['dishes', 'seafood', 'staff']","[{'term': 'dishes', 'polarity': 'negative'}, {'term': 'seafood', 'polarity': 'positive'}, {'term': 'staff', 'polarity': 'positive'}]","[{'category': 'general', 'polarity': 'neutral'}]",2152
"You don ' t go to Mizu for excellent sushi , you go for the large amounts of ramen , the amiable waitstaff , and the hole - in - the - wall feeling of the place .","You don't go to Mizu for excellent service, you go for the large amounts of food, the amiable atmosphere, and the hole-in-the-wall feeling of the place.","['sushi', 'ramen', 'waitstaff']","[{'term': 'sushi', 'polarity': 'negative'}, {'term': 'ramen', 'polarity': 'positive'}, {'term': 'waitstaff', 'polarity': 'positive'}]","[{'category': 'general', 'polarity': 'neutral'}]",2153
"The flavors is amazing , rich flavor and fresh doughy crust .","The food is amazing, rich pastas and fresh doughy pizza.","['flavors', 'flavor', 'crust']","[{'term': 'flavors', 'polarity': 'positive'}, {'term': 'flavor', 'polarity': 'positive'}, {'term': 'crust', 'polarity': 'positive'}]","[{'category': 'general', 'polarity': 'neutral'}]",2157
"The bread is amazing , rich aroma and fresh doughy croissants .","The food is amazing, rich pastas and fresh doughy pizza.","['bread', 'aroma', 'croissants']","[{'term': 'bread', 'polarity': 'positive'}, {'term': 'aroma', 'polarity': 'positive'}, {'term': 'croissants', 'polarity': 'positive'}]","[{'category': 'general', 'polarity': 'neutral'}]",2158
"The Baguette is amazing , rich flavors and fresh doughy croissant .","The food is amazing, rich pastas and fresh doughy pizza.","['Baguette', 'flavors', 'croissant']","[{'term': 'Baguette', 'polarity': 'positive'}, {'term': 'flavors', 'polarity': 'positive'}, {'term': 'croissant', 'polarity': 'positive'}]","[{'category': 'general', 'polarity': 'neutral'}]",2159
"Great dishes , whether looking for a couple of burgers or quiet tables .","Great spot, whether looking for a couple of drinks or quiet dinner.","['dishes', 'burgers', 'tables']","[{'term': 'dishes', 'polarity': 'positive'}, {'term': 'burgers', 'polarity': 'positive'}, {'term': 'tables', 'polarity': 'positive'}]","[{'category': 'general', 'polarity': 'neutral'}]",2166
"Great dishes , whether looking for a couple of sandwiches or quiet tables .","Great spot, whether looking for a couple of drinks or quiet dinner.","['dishes', 'sandwiches', 'tables']","[{'term': 'dishes', 'polarity': 'positive'}, {'term': 'sandwiches', 'polarity': 'positive'}, {'term': 'tables', 'polarity': 'positive'}]","[{'category': 'general', 'polarity': 'neutral'}]",2167
"Great dishes , whether looking for a couple of plates or quiet tables .","Great spot, whether looking for a couple of drinks or quiet dinner.","['dishes', 'plates', 'tables']","[{'term': 'dishes', 'polarity': 'positive'}, {'term': 'plates', 'polarity': 'positive'}, {'term': 'tables', 'polarity': 'positive'}]","[{'category': 'general', 'polarity': 'neutral'}]",2168
Cozy romantic restaurants with only around 15 tables at most .,Cozy romantic atomosphere with only around 15 tables at most.,"['restaurants', 'tables']","[{'term': 'restaurants', 'polarity': 'positive'}, {'term': 'tables', 'polarity': 'positive'}]","[{'category': 'general', 'polarity': 'neutral'}]",2169
Cozy romantic dinner with only around 15 tables at most .,Cozy romantic atomosphere with only around 15 tables at most.,"['dinner', 'tables']","[{'term': 'dinner', 'polarity': 'positive'}, {'term': 'tables', 'polarity': 'positive'}]","[{'category': 'general', 'polarity': 'neutral'}]",2171
"Good , because hey , it ' s more flavors portion , but bad because dish is supposed to be smaller flavors so you can try out more items and smaller so that each size is cheap .","Good, because hey, it's more food, but bad because dim sum is supposed to be smaller portions so you can try out more dishes and smaller so that each dish is cheap.","['flavors portion', 'dish', 'flavors', 'items', 'size']","[{'term': 'flavors portion', 'polarity': 'negative'}, {'term': 'dish', 'polarity': 'positive'}, {'term': 'flavors', 'polarity': 'negative'}, {'term': 'items', 'polarity': 'neutral'}, {'term': 'size', 'polarity': 'neutral'}]","[{'category': 'general', 'polarity': 'neutral'}]",2172
"Good , because hey , it ' s more flavors portions , but bad because portion is supposed to be smaller dishes so you can try out more items and smaller so that each size is cheap .","Good, because hey, it's more food, but bad because dim sum is supposed to be smaller portions so you can try out more dishes and smaller so that each dish is cheap.","['flavors portions', 'portion', 'dishes', 'items', 'size']","[{'term': 'flavors portions', 'polarity': 'negative'}, {'term': 'portion', 'polarity': 'positive'}, {'term': 'dishes', 'polarity': 'negative'}, {'term': 'items', 'polarity': 'neutral'}, {'term': 'size', 'polarity': 'neutral'}]","[{'category': 'general', 'polarity': 'neutral'}]",2173
this little place has a cute decor interior and affordable city prices .,this little place has a cute interior decor and affordable city prices.,"['decor interior', 'prices']","[{'term': 'decor interior', 'polarity': 'positive'}, {'term': 'prices', 'polarity': 'positive'}]","[{'category': 'general', 'polarity': 'neutral'}]",2178
this little place has a cute patio decor and affordable city parking .,this little place has a cute interior decor and affordable city prices.,"['patio decor', 'parking']","[{'term': 'patio decor', 'polarity': 'positive'}, {'term': 'parking', 'polarity': 'positive'}]","[{'category': 'general', 'polarity': 'neutral'}]",2179
this little place has a cute patio decor and affordable city prices .,this little place has a cute interior decor and affordable city prices.,"['patio decor', 'prices']","[{'term': 'patio decor', 'polarity': 'positive'}, {'term': 'prices', 'polarity': 'positive'}]","[{'category': 'general', 'polarity': 'neutral'}]",2180
"We ordered the special , flavors dishes , that was so infused with bone , it was difficult to eat .","We ordered the special, grilled branzino, that was so infused with bone, it was difficult to eat.",['flavors dishes'],"[{'term': 'flavors dishes', 'polarity': 'negative'}]","[{'category': 'general', 'polarity': 'neutral'}]",2181
"We ordered the special , marrow flavors , that was so infused with bone , it was difficult to eat .","We ordered the special, grilled branzino, that was so infused with bone, it was difficult to eat.",['marrow flavors'],"[{'term': 'marrow flavors', 'polarity': 'negative'}]","[{'category': 'general', 'polarity': 'neutral'}]",2182
"We ordered the special , marinade flavors , that was so infused with bone , it was difficult to eat .","We ordered the special, grilled branzino, that was so infused with bone, it was difficult to eat.",['marinade flavors'],"[{'term': 'marinade flavors', 'polarity': 'negative'}]","[{'category': 'general', 'polarity': 'neutral'}]",2183
They have authentic Chinese at amazin Chinese food .,They have authentic Indian at amazin prices.,"['Chinese', 'Chinese food']","[{'term': 'Chinese', 'polarity': 'positive'}, {'term': 'Chinese food', 'polarity': 'positive'}]","[{'category': 'general', 'polarity': 'neutral'}]",2184
They have authentic Mexican at amazin restaurants .,They have authentic Indian at amazin prices.,"['Mexican', 'restaurants']","[{'term': 'Mexican', 'polarity': 'positive'}, {'term': 'restaurants', 'polarity': 'positive'}]","[{'category': 'general', 'polarity': 'neutral'}]",2185
They have authentic Italian at amazin Italian restaurants .,They have authentic Indian at amazin prices.,"['Italian', 'Italian restaurants']","[{'term': 'Italian', 'polarity': 'positive'}, {'term': 'Italian restaurants', 'polarity': 'positive'}]","[{'category': 'general', 'polarity': 'neutral'}]",2186
I look forward to returning here again,I look forward to eating here again,['returning'],"[{'term': 'returning', 'polarity': 'positive'}]","[{'category': 'general', 'polarity': 'neutral'}]",2187
"bread came with garlic butter parmesan , no extra charge .","Lunch came with pickels and slaw, no extra charge.","['bread', 'garlic butter parmesan']","[{'term': 'bread', 'polarity': 'positive'}, {'term': 'garlic butter parmesan', 'polarity': 'neutral'}]","[{'category': 'general', 'polarity': 'neutral'}]",2194
"free came with appetizer bread service , no extra charge .","Lunch came with pickels and slaw, no extra charge.","['free', 'appetizer bread service']","[{'term': 'free', 'polarity': 'positive'}, {'term': 'appetizer bread service', 'polarity': 'neutral'}]","[{'category': 'general', 'polarity': 'neutral'}]",2195
The restaurant looks out over beautiful green lawns to the Hudson River and the Statue of Liberty .,The restaurant looks out over beautiful green lawns to the Hudson River and the Statue of Liberty.,['lawns'],"[{'term': 'lawns', 'polarity': 'positive'}]","[{'category': 'general', 'polarity': 'neutral'}]",2203
This place would be so much better run by being run by a group that actually understands customer service .,This place would be so much better served by being run by a group that actually understands customer service.,"['run', 'service']","[{'term': 'run', 'polarity': 'negative'}, {'term': 'service', 'polarity': 'negative'}]","[{'category': 'general', 'polarity': 'neutral'}]",2208
This place would be so much better knows by being run by a group that actually understands customer needs .,This place would be so much better served by being run by a group that actually understands customer service.,"['knows', 'needs']","[{'term': 'knows', 'polarity': 'negative'}, {'term': 'needs', 'polarity': 'negative'}]","[{'category': 'general', 'polarity': 'neutral'}]",2210
"Also good for client customer service , esp .","Also good for client lunch meetings, esp.",['customer service'],"[{'term': 'customer service', 'polarity': 'neutral'}]","[{'category': 'general', 'polarity': 'neutral'}]",2211
"Also good for client meetings meet , esp .","Also good for client lunch meetings, esp.",['meetings meet'],"[{'term': 'meetings meet', 'polarity': 'neutral'}]","[{'category': 'general', 'polarity': 'neutral'}]",2212
"Also good for client relations communication , esp .","Also good for client lunch meetings, esp.",['relations communication'],"[{'term': 'relations communication', 'polarity': 'neutral'}]","[{'category': 'general', 'polarity': 'neutral'}]",2213
Raga stands out with an interesting menu options ambiance decor service atmosphere .,Raga stands out with an interesting fusion of French and Indian cooking.,['menu options ambiance decor service atmosphere'],"[{'term': 'menu options ambiance decor service atmosphere', 'polarity': 'positive'}]","[{'category': 'general', 'polarity': 'neutral'}]",2220
Raga stands out with an interesting story tasting menu ambiance decor atmosphere .,Raga stands out with an interesting fusion of French and Indian cooking.,['story tasting menu ambiance decor atmosphere'],"[{'term': 'story tasting menu ambiance decor atmosphere', 'polarity': 'positive'}]","[{'category': 'general', 'polarity': 'neutral'}]",2221
Raga stands out with an interesting story of history unique cuisine menu .,Raga stands out with an interesting fusion of French and Indian cooking.,['story of history unique cuisine menu'],"[{'term': 'story of history unique cuisine menu', 'polarity': 'positive'}]","[{'category': 'general', 'polarity': 'neutral'}]",2222
"Oh yes , and they lie on the phone , claiming they have stocks items products inventory , then of course the options are not available .","Oh yes, and they lie on the phone, claiming they have seating in the garden, then of course the seats are not available.","['stocks items products inventory', 'options']","[{'term': 'stocks items products inventory', 'polarity': 'neutral'}, {'term': 'options', 'polarity': 'neutral'}]","[{'category': 'general', 'polarity': 'neutral'}]",2223
"Oh yes , and they lie on the phone , claiming they have ingredients fresh in stock , then of course the delivery are not available .","Oh yes, and they lie on the phone, claiming they have seating in the garden, then of course the seats are not available.","['ingredients fresh in stock', 'delivery']","[{'term': 'ingredients fresh in stock', 'polarity': 'neutral'}, {'term': 'delivery', 'polarity': 'neutral'}]","[{'category': 'general', 'polarity': 'neutral'}]",2224
"Oh yes , and they lie on the phone , claiming they have tables seats reservations staff , then of course the servers are not available .","Oh yes, and they lie on the phone, claiming they have seating in the garden, then of course the seats are not available.","['tables seats reservations staff', 'servers']","[{'term': 'tables seats reservations staff', 'polarity': 'neutral'}, {'term': 'servers', 'polarity': 'neutral'}]","[{'category': 'general', 'polarity': 'neutral'}]",2225
Check out the menu items prices .,Check out the secret back room.,['menu items prices'],"[{'term': 'menu items prices', 'polarity': 'positive'}]","[{'category': 'general', 'polarity': 'neutral'}]",2228
The atmosphere is usually good but it certainly isn ' t a relaxing experience to go .,The food is usually good but it certainly isn't a relaxing place to go.,"['atmosphere', 'experience']","[{'term': 'atmosphere', 'polarity': 'positive'}, {'term': 'experience', 'polarity': 'negative'}]","[{'category': 'general', 'polarity': 'neutral'}]",2233
The ambience is usually good but it certainly isn ' t a relaxing vacation to go .,The food is usually good but it certainly isn't a relaxing place to go.,"['ambience', 'vacation']","[{'term': 'ambience', 'polarity': 'positive'}, {'term': 'vacation', 'polarity': 'negative'}]","[{'category': 'general', 'polarity': 'neutral'}]",2234
Went there with my wife and we had to wait for a table seats even though you could see there many that were empty with not customers on them .,Went there with my wife and we had to wait for a table even though you could see there many that were empty with not reservation sigh on them.,"['table seats', 'customers']","[{'term': 'table seats', 'polarity': 'neutral'}, {'term': 'customers', 'polarity': 'negative'}]","[{'category': 'general', 'polarity': 'neutral'}]",2235
Went there with my wife and we had to wait for a tables unoccupied even though you could see there many that were empty with not customers on them .,Went there with my wife and we had to wait for a table even though you could see there many that were empty with not reservation sigh on them.,"['tables unoccupied', 'customers']","[{'term': 'tables unoccupied', 'polarity': 'neutral'}, {'term': 'customers', 'polarity': 'negative'}]","[{'category': 'general', 'polarity': 'neutral'}]",2236
Went there with my wife and we had to wait for a tables customers even though you could see there many that were empty with not seats on them .,Went there with my wife and we had to wait for a table even though you could see there many that were empty with not reservation sigh on them.,"['tables customers', 'seats']","[{'term': 'tables customers', 'polarity': 'neutral'}, {'term': 'seats', 'polarity': 'negative'}]","[{'category': 'general', 'polarity': 'neutral'}]",2237
"We ' ve been following reviews restaurant Lyle ' s menu around New York for 15 years and while remaining classic , his innovations with dishes have made us return and return .","We've been following chef Lyle's food around New York for 15 years and while remaining classic, his innovations with bistro fare have made us return and return.","['reviews restaurant', 'menu', 'dishes']","[{'term': 'reviews restaurant', 'polarity': 'positive'}, {'term': 'menu', 'polarity': 'positive'}, {'term': 'dishes', 'polarity': 'positive'}]","[{'category': 'general', 'polarity': 'neutral'}]",2238
"We ' ve been following restaurants cuisine Lyle ' s wine around New York for 15 years and while remaining classic , his innovations with dishes have made us return and return .","We've been following chef Lyle's food around New York for 15 years and while remaining classic, his innovations with bistro fare have made us return and return.","['restaurants cuisine', 'wine', 'dishes']","[{'term': 'restaurants cuisine', 'polarity': 'positive'}, {'term': 'wine', 'polarity': 'positive'}, {'term': 'dishes', 'polarity': 'positive'}]","[{'category': 'general', 'polarity': 'neutral'}]",2239
"We ' ve been following restaurants recipes Lyle ' s kitchen around New York for 15 years and while remaining classic , his innovations with techniques have made us return and return .","We've been following chef Lyle's food around New York for 15 years and while remaining classic, his innovations with bistro fare have made us return and return.","['restaurants recipes', 'kitchen', 'techniques']","[{'term': 'restaurants recipes', 'polarity': 'positive'}, {'term': 'kitchen', 'polarity': 'positive'}, {'term': 'techniques', 'polarity': 'positive'}]","[{'category': 'general', 'polarity': 'neutral'}]",2240
"No refills on coffee tea , though .","No refills on fountain drinks, though.",['coffee tea'],"[{'term': 'coffee tea', 'polarity': 'negative'}]","[{'category': 'general', 'polarity': 'neutral'}]",2241
"I had the steak frites with garlic , grilled roasted with chicken sauce , and the dessert with a  for $ 49 .","I had the tuna tartare with sake, mushroom ravioli with pinot noir, and the chocolate sampler with a dessert wine for $49.","['steak frites', 'garlic', 'grilled roasted', 'chicken sauce', 'dessert', '']","[{'term': 'steak frites', 'polarity': 'positive'}, {'term': 'garlic', 'polarity': 'positive'}, {'term': 'grilled roasted', 'polarity': 'positive'}, {'term': 'chicken sauce', 'polarity': 'positive'}, {'term': 'dessert', 'polarity': 'positive'}, {'term': '', 'polarity': 'positive'}]","[{'category': 'general', 'polarity': 'neutral'}]",2244
"I had the appetizer bruschetta with garlic , toasted soup with salad wine , and the dessert with a  for $ 49 .","I had the tuna tartare with sake, mushroom ravioli with pinot noir, and the chocolate sampler with a dessert wine for $49.","['appetizer bruschetta', 'garlic', 'toasted soup', 'salad wine', 'dessert', '']","[{'term': 'appetizer bruschetta', 'polarity': 'positive'}, {'term': 'garlic', 'polarity': 'positive'}, {'term': 'toasted soup', 'polarity': 'positive'}, {'term': 'salad wine', 'polarity': 'positive'}, {'term': 'dessert', 'polarity': 'positive'}, {'term': '', 'polarity': 'positive'}]","[{'category': 'general', 'polarity': 'neutral'}]",2245
The waiter was poor food and was overcooked so badly it was hard .,The rice was poor quality and was cooked so badly it was hard.,"['waiter', 'food', 'overcooked']","[{'term': 'waiter', 'polarity': 'negative'}, {'term': 'food', 'polarity': 'negative'}, {'term': 'overcooked', 'polarity': 'negative'}]","[{'category': 'general', 'polarity': 'neutral'}]",2247
The cooking was poor quality and was overcooked so badly it was hard .,The rice was poor quality and was cooked so badly it was hard.,"['cooking', 'quality', 'overcooked']","[{'term': 'cooking', 'polarity': 'negative'}, {'term': 'quality', 'polarity': 'negative'}, {'term': 'overcooked', 'polarity': 'negative'}]","[{'category': 'general', 'polarity': 'neutral'}]",2248
The service was poor food and was overcooked so badly it was hard .,The rice was poor quality and was cooked so badly it was hard.,"['service', 'food', 'overcooked']","[{'term': 'service', 'polarity': 'negative'}, {'term': 'food', 'polarity': 'negative'}, {'term': 'overcooked', 'polarity': 'negative'}]","[{'category': 'general', 'polarity': 'neutral'}]",2249
"We laughed when he finally offered us a taste menu and we left a 10 percent  , which was generous , I feel .","We laughed when he finally offered us a dessert menu and we left a 10 percent tip, which was generous, I feel.","['taste menu', '']","[{'term': 'taste menu', 'polarity': 'neutral'}, {'term': '', 'polarity': 'positive'}]","[{'category': 'general', 'polarity': 'neutral'}]",2253
"We laughed when he finally offered us a menu discount and we left a 10 percent tip , which was generous , I feel .","We laughed when he finally offered us a dessert menu and we left a 10 percent tip, which was generous, I feel.","['menu discount', 'tip']","[{'term': 'menu discount', 'polarity': 'neutral'}, {'term': 'tip', 'polarity': 'positive'}]","[{'category': 'general', 'polarity': 'neutral'}]",2254
The street food vendors taste like the way I remember them to taste when I was growing up in Taiwan .,The cold appetizer dishes taste like the way I remember them to taste when I was growing up in Taiwan.,['street food vendors'],"[{'term': 'street food vendors', 'polarity': 'positive'}]","[{'category': 'general', 'polarity': 'neutral'}]",2256
The Street village homemade taste like the way I remember them to taste when I was growing up in Taiwan .,The cold appetizer dishes taste like the way I remember them to taste when I was growing up in Taiwan.,['Street village homemade'],"[{'term': 'Street village homemade', 'polarity': 'positive'}]","[{'category': 'general', 'polarity': 'neutral'}]",2257
And at the conclusion of this culinary nightmare the waiter was given to our table by knocking over a chair glass plate .,And at the conclusion of this culinary nightmare the check was given to our table by knocking over a glass of water.,"['waiter', 'table', 'chair glass plate']","[{'term': 'waiter', 'polarity': 'neutral'}, {'term': 'table', 'polarity': 'neutral'}, {'term': 'chair glass plate', 'polarity': 'neutral'}]","[{'category': 'general', 'polarity': 'neutral'}]",2259
And at the conclusion of this culinary nightmare the server was given to our table by knocking over a water glass staff .,And at the conclusion of this culinary nightmare the check was given to our table by knocking over a glass of water.,"['server', 'table', 'water glass staff']","[{'term': 'server', 'polarity': 'neutral'}, {'term': 'table', 'polarity': 'neutral'}, {'term': 'water glass staff', 'polarity': 'neutral'}]","[{'category': 'general', 'polarity': 'neutral'}]",2260
"my picks : entrees appetizers , highlights standouts must-tries can't-misses top-picks , faves recs recommends favorites (  ).","my picks: Guizhou chicken, fish with hot bean source, fish fillet in spicy source (special menu).","['entrees appetizers', ""highlights standouts must-tries can't-misses top-picks"", 'faves recs recommends favorites', '']","[{'term': 'entrees appetizers', 'polarity': 'positive'}, {'term': ""highlights standouts must-tries can't-misses top-picks"", 'polarity': 'positive'}, {'term': 'faves recs recommends favorites', 'polarity': 'positive'}, {'term': '', 'polarity': 'positive'}]","[{'category': 'general', 'polarity': 'neutral'}]",2263
"my picks : restaurant cuisine , steak fries wine beer pizza , burger sandwich salad taco fajita (  ).","my picks: Guizhou chicken, fish with hot bean source, fish fillet in spicy source (special menu).","['restaurant cuisine', 'steak fries wine beer pizza', 'burger sandwich salad taco fajita', '']","[{'term': 'restaurant cuisine', 'polarity': 'positive'}, {'term': 'steak fries wine beer pizza', 'polarity': 'positive'}, {'term': 'burger sandwich salad taco fajita', 'polarity': 'positive'}, {'term': '', 'polarity': 'positive'}]","[{'category': 'general', 'polarity': 'neutral'}]",2264
great place to go for a dinner dishes plates too because they have 100 utensils .,great place to go for a drink too because they have 100 kinds of beer.,"['dinner dishes plates', 'utensils']","[{'term': 'dinner dishes plates', 'polarity': 'positive'}, {'term': 'utensils', 'polarity': 'neutral'}]","[{'category': 'general', 'polarity': 'neutral'}]",2266
great place to go for a dinner wide selection too because they have 100 variety .,great place to go for a drink too because they have 100 kinds of beer.,"['dinner wide selection', 'variety']","[{'term': 'dinner wide selection', 'polarity': 'positive'}, {'term': 'variety', 'polarity': 'neutral'}]","[{'category': 'general', 'polarity': 'neutral'}]",2267
"BUt their best dish is thh the grilled chicken portion size portion - a  that would  $ 23 . 95 is most places , but it is $ 16 here .","BUt their best dish is thh Thai spiced curry noodles with shrimp - a dish that would cost $23.95 is most places, but it is $16 here.","['dish', 'the grilled chicken portion size portion', '', '']","[{'term': 'dish', 'polarity': 'positive'}, {'term': 'the grilled chicken portion size portion', 'polarity': 'positive'}, {'term': '', 'polarity': 'positive'}, {'term': '', 'polarity': 'positive'}]","[{'category': 'general', 'polarity': 'neutral'}]",2268
"BUt their best dish is thh the steak grilled to order price - a  that would  $ 23 . 95 is most places , but it is $ 16 here .","BUt their best dish is thh Thai spiced curry noodles with shrimp - a dish that would cost $23.95 is most places, but it is $16 here.","['dish', 'the steak grilled to order price', '', '']","[{'term': 'dish', 'polarity': 'positive'}, {'term': 'the steak grilled to order price', 'polarity': 'positive'}, {'term': '', 'polarity': 'positive'}, {'term': '', 'polarity': 'positive'}]","[{'category': 'general', 'polarity': 'neutral'}]",2269
"BUt their best dish is thh the seafood lobster steamed served dish - a  that would  $ 23 . 95 is most places , but it is $ 16 here .","BUt their best dish is thh Thai spiced curry noodles with shrimp - a dish that would cost $23.95 is most places, but it is $16 here.","['dish', 'the seafood lobster steamed served dish', '', '']","[{'term': 'dish', 'polarity': 'positive'}, {'term': 'the seafood lobster steamed served dish', 'polarity': 'positive'}, {'term': '', 'polarity': 'positive'}, {'term': '', 'polarity': 'positive'}]","[{'category': 'general', 'polarity': 'neutral'}]",2270
"An excellent alternative to chain fast joints and ordering in but , the delivery was slightly disappointing .","An excellent alternative to fast food joints and ordering in but, the food was slightly disappointing.","['chain fast', 'delivery']","[{'term': 'chain fast', 'polarity': 'negative'}, {'term': 'delivery', 'polarity': 'negative'}]","[{'category': 'general', 'polarity': 'neutral'}]",2271
"An excellent alternative to fast casual joints and ordering in but , the food was slightly disappointing .","An excellent alternative to fast food joints and ordering in but, the food was slightly disappointing.","['fast casual', 'food']","[{'term': 'fast casual', 'polarity': 'negative'}, {'term': 'food', 'polarity': 'negative'}]","[{'category': 'general', 'polarity': 'neutral'}]",2272
"An excellent alternative to fast casual joints and ordering in but , the delivery was slightly disappointing .","An excellent alternative to fast food joints and ordering in but, the food was slightly disappointing.","['fast casual', 'delivery']","[{'term': 'fast casual', 'polarity': 'negative'}, {'term': 'delivery', 'polarity': 'negative'}]","[{'category': 'general', 'polarity': 'neutral'}]",2273
"Great dishes , great food quality and awesome service .","Great food, great lay out and awesome service.","['dishes', 'food quality', 'service']","[{'term': 'dishes', 'polarity': 'positive'}, {'term': 'food quality', 'polarity': 'positive'}, {'term': 'service', 'polarity': 'positive'}]","[{'category': 'general', 'polarity': 'neutral'}]",2274
"Great food , great service waitstaff and awesome staff .","Great food, great lay out and awesome service.","['food', 'service waitstaff', 'staff']","[{'term': 'food', 'polarity': 'positive'}, {'term': 'service waitstaff', 'polarity': 'positive'}, {'term': 'staff', 'polarity': 'positive'}]","[{'category': 'general', 'polarity': 'neutral'}]",2275
"Great service , great food presentation and awesome ambiance .","Great food, great lay out and awesome service.","['service', 'food presentation', 'ambiance']","[{'term': 'service', 'polarity': 'positive'}, {'term': 'food presentation', 'polarity': 'positive'}, {'term': 'ambiance', 'polarity': 'positive'}]","[{'category': 'general', 'polarity': 'neutral'}]",2276
I have lived in Japan for 7 years and the atmosphere of the food and the culture of the restaurant is like being back in Japan .,I have lived in Japan for 7 years and the taste of the food and the feel of the restaurant is like being back in Japan.,"['atmosphere', 'food', 'culture']","[{'term': 'atmosphere', 'polarity': 'positive'}, {'term': 'food', 'polarity': 'positive'}, {'term': 'culture', 'polarity': 'positive'}]","[{'category': 'general', 'polarity': 'neutral'}]",2277
I have lived in Japan for 7 years and the atmosphere of the food and the ambiance of the restaurant is like being back in Japan .,I have lived in Japan for 7 years and the taste of the food and the feel of the restaurant is like being back in Japan.,"['atmosphere', 'food', 'ambiance']","[{'term': 'atmosphere', 'polarity': 'positive'}, {'term': 'food', 'polarity': 'positive'}, {'term': 'ambiance', 'polarity': 'positive'}]","[{'category': 'general', 'polarity': 'neutral'}]",2278
I have lived in Japan for 7 years and the atmosphere of the interior and the cuisine of the restaurant is like being back in Japan .,I have lived in Japan for 7 years and the taste of the food and the feel of the restaurant is like being back in Japan.,"['atmosphere', 'interior', 'cuisine']","[{'term': 'atmosphere', 'polarity': 'positive'}, {'term': 'interior', 'polarity': 'positive'}, {'term': 'cuisine', 'polarity': 'positive'}]","[{'category': 'general', 'polarity': 'neutral'}]",2279
"After complaining about the service waiter , the dish came over to tell us that , no one had ever complained before , and that we just didn ' t know what the cuisine was supposed to taste like .","After complaining about the chicken dish, the manager came over to tell us that, no one had ever complained before, and that we just didn't know what the dish was supposed to taste like.","['service waiter', 'dish', 'cuisine']","[{'term': 'service waiter', 'polarity': 'negative'}, {'term': 'dish', 'polarity': 'negative'}, {'term': 'cuisine', 'polarity': 'neutral'}]","[{'category': 'general', 'polarity': 'neutral'}]",2280
"After complaining about the portion sizes , the server came over to tell us that , no one had ever complained before , and that we just didn ' t know what the flavor was supposed to taste like .","After complaining about the chicken dish, the manager came over to tell us that, no one had ever complained before, and that we just didn't know what the dish was supposed to taste like.","['portion sizes', 'server', 'flavor']","[{'term': 'portion sizes', 'polarity': 'negative'}, {'term': 'server', 'polarity': 'negative'}, {'term': 'flavor', 'polarity': 'neutral'}]","[{'category': 'general', 'polarity': 'neutral'}]",2281
"After complaining about the service attitude , the manager came over to tell us that , no one had ever complained before , and that we just didn ' t know what the dish was supposed to taste like .","After complaining about the chicken dish, the manager came over to tell us that, no one had ever complained before, and that we just didn't know what the dish was supposed to taste like.","['service attitude', 'manager', 'dish']","[{'term': 'service attitude', 'polarity': 'negative'}, {'term': 'manager', 'polarity': 'negative'}, {'term': 'dish', 'polarity': 'neutral'}]","[{'category': 'general', 'polarity': 'neutral'}]",2282
"One would think we ' d get an apology or complimentary dessert - instead , we got a snobby server wouldn ' t even take our order for 15 minutes and gave us lip when we asked him to do so .","One would think we'd get an apology or complimentary drinks - instead, we got a snobby waiter wouldn't even take our order for 15 minutes and gave us lip when we asked him to do so.","['dessert', 'server']","[{'term': 'dessert', 'polarity': 'negative'}, {'term': 'server', 'polarity': 'neutral'}]","[{'category': 'general', 'polarity': 'neutral'}]",2283
"One would think we ' d get an apology or complimentary desert - instead , we got a snobby server wouldn ' t even take our order for 15 minutes and gave us lip when we asked him to do so .","One would think we'd get an apology or complimentary drinks - instead, we got a snobby waiter wouldn't even take our order for 15 minutes and gave us lip when we asked him to do so.","['desert', 'server']","[{'term': 'desert', 'polarity': 'negative'}, {'term': 'server', 'polarity': 'neutral'}]","[{'category': 'general', 'polarity': 'neutral'}]",2284
"One would think we ' d get an apology or complimentary desserts - instead , we got a snobby server wouldn ' t even take our order for 15 minutes and gave us lip when we asked him to do so .","One would think we'd get an apology or complimentary drinks - instead, we got a snobby waiter wouldn't even take our order for 15 minutes and gave us lip when we asked him to do so.","['desserts', 'server']","[{'term': 'desserts', 'polarity': 'negative'}, {'term': 'server', 'polarity': 'neutral'}]","[{'category': 'general', 'polarity': 'neutral'}]",2285
( Always ask the server best for the recommendations !!!,(Always ask the bartender for the SEASONAL beer!!!,"['server best', 'recommendations']","[{'term': 'server best', 'polarity': 'positive'}, {'term': 'recommendations', 'polarity': 'neutral'}]","[{'category': 'general', 'polarity': 'neutral'}]",2287
"my picks are : - H e ( fried with r e , very special and tasty ) -   i - s   t h ( one of my personal favorites ) - e   o u t - p u ( this one is for hardcore t : fans , I wouldn ' t recommend to my American friends as it ' s very spicy .","my picks are:  - Scallion Pancake (fried with vegetable juice, very special and tasty)  - Guizhou Chicken  - Shredded Squid Family Style (one of my personal favorites)  - Sichuan Spicy Soft Shell Crab  - Shuizhu Fish (this one is for hardcore Sichuan food fans, I wouldn't recommend to my American friends as it's very spicy.","['H e', 'r e', '  i', 's   t h', 'e   o u t', 'p u', 't :']","[{'term': 'H e', 'polarity': 'positive'}, {'term': 'r e', 'polarity': 'positive'}, {'term': '  i', 'polarity': 'positive'}, {'term': 's   t h', 'polarity': 'positive'}, {'term': 'e   o u t', 'polarity': 'positive'}, {'term': 'p u', 'polarity': 'positive'}, {'term': 't :', 'polarity': 'neutral'}]","[{'category': 'general', 'polarity': 'neutral'}]",2289
"my picks are : - wings dishes ( fried with garlic chili , very special and tasty ) - peppers flavors - spaghetti meatballs italian curry ( one of my personal favorites ) - mexican -  ( this one is for hardcore  fans , I wouldn ' t recommend to my American friends as it ' s very spicy .","my picks are:  - Scallion Pancake (fried with vegetable juice, very special and tasty)  - Guizhou Chicken  - Shredded Squid Family Style (one of my personal favorites)  - Sichuan Spicy Soft Shell Crab  - Shuizhu Fish (this one is for hardcore Sichuan food fans, I wouldn't recommend to my American friends as it's very spicy.","['wings dishes', 'garlic chili', 'peppers flavors', 'spaghetti meatballs italian curry', 'mexican', '', '']","[{'term': 'wings dishes', 'polarity': 'positive'}, {'term': 'garlic chili', 'polarity': 'positive'}, {'term': 'peppers flavors', 'polarity': 'positive'}, {'term': 'spaghetti meatballs italian curry', 'polarity': 'positive'}, {'term': 'mexican', 'polarity': 'positive'}, {'term': '', 'polarity': 'positive'}, {'term': '', 'polarity': 'neutral'}]","[{'category': 'general', 'polarity': 'neutral'}]",2290
"While the new restaurant still features much of the same interior decor that made Tiffin so attractive , the design has been overhauled .","While the new restaurant still features much of the same classical furniture that made Tiffin so attractive, the menu has been overhauled.","['interior decor', 'design']","[{'term': 'interior decor', 'polarity': 'positive'}, {'term': 'design', 'polarity': 'negative'}]","[{'category': 'general', 'polarity': 'neutral'}]",2292
"While the new restaurant still features much of the same interior decor that made Tiffin so attractive , the ambiance has been overhauled .","While the new restaurant still features much of the same classical furniture that made Tiffin so attractive, the menu has been overhauled.","['interior decor', 'ambiance']","[{'term': 'interior decor', 'polarity': 'positive'}, {'term': 'ambiance', 'polarity': 'negative'}]","[{'category': 'general', 'polarity': 'neutral'}]",2293
Your money could easily be better spent elsewhere ( Anywhere ).,Your money could easily be better spent elsewhere (Anywhere).,['money'],"[{'term': 'money', 'polarity': 'neutral'}]","[{'category': 'general', 'polarity': 'neutral'}]",2295
"Yes , there might be a problem if you have no credit .","Yes, there might be a wait if you have no reservations.","['problem', 'credit']","[{'term': 'problem', 'polarity': 'negative'}, {'term': 'credit', 'polarity': 'neutral'}]","[{'category': 'general', 'polarity': 'neutral'}]",2304
"I choose to go with one of the options topped grilled chicken with avocado , the and , which was excellent .","I choose to go with one of the special, the braised lamb shank in red wine, which was excellent.","['options topped grilled chicken with avocado', 'and']","[{'term': 'options topped grilled chicken with avocado', 'polarity': 'positive'}, {'term': 'and', 'polarity': 'positive'}]","[{'category': 'general', 'polarity': 'neutral'}]",2310
"I choose to go with one of the menu recommended wine list pairing options , the experience , which was excellent .","I choose to go with one of the special, the braised lamb shank in red wine, which was excellent.","['menu recommended wine list pairing options', 'experience']","[{'term': 'menu recommended wine list pairing options', 'polarity': 'positive'}, {'term': 'experience', 'polarity': 'positive'}]","[{'category': 'general', 'polarity': 'neutral'}]",2311
"I choose to go with one of the options filet mignon mushroom grilled medium , the rare , which was excellent .","I choose to go with one of the special, the braised lamb shank in red wine, which was excellent.","['options filet mignon mushroom grilled medium', 'rare']","[{'term': 'options filet mignon mushroom grilled medium', 'polarity': 'positive'}, {'term': 'rare', 'polarity': 'positive'}]","[{'category': 'general', 'polarity': 'neutral'}]",2312
poor and quality of food alone will keep us from making a return visit .,Price and quality of fish alone will keep us from making a return visit.,"['poor', 'quality', 'food']","[{'term': 'poor', 'polarity': 'negative'}, {'term': 'quality', 'polarity': 'negative'}, {'term': 'food', 'polarity': 'negative'}]","[{'category': 'general', 'polarity': 'neutral'}]",2313
quality and price of food alone will keep us from making a return visit .,Price and quality of fish alone will keep us from making a return visit.,"['quality', 'price', 'food']","[{'term': 'quality', 'polarity': 'negative'}, {'term': 'price', 'polarity': 'negative'}, {'term': 'food', 'polarity': 'negative'}]","[{'category': 'general', 'polarity': 'neutral'}]",2314
service and quality of restaurant alone will keep us from making a return visit .,Price and quality of fish alone will keep us from making a return visit.,"['service', 'quality', 'restaurant']","[{'term': 'service', 'polarity': 'negative'}, {'term': 'quality', 'polarity': 'negative'}, {'term': 'restaurant', 'polarity': 'negative'}]","[{'category': 'general', 'polarity': 'neutral'}]",2315
"The flavors dish was edible but had canned vegetables seasonings rice gravy and boxed side and the dishes mushrooms consisted of dry , inedible texture with terrible  .","The chicken parm was edible but had canned tomato sauce and boxed pasta and the chicken with portobello mushrooms consisted of dry, inedible chicken with terrible sauce.","['flavors dish', 'vegetables seasonings rice gravy', 'side', 'dishes mushrooms', 'texture', '']","[{'term': 'flavors dish', 'polarity': 'conflict'}, {'term': 'vegetables seasonings rice gravy', 'polarity': 'negative'}, {'term': 'side', 'polarity': 'negative'}, {'term': 'dishes mushrooms', 'polarity': 'negative'}, {'term': 'texture', 'polarity': 'negative'}, {'term': '', 'polarity': 'negative'}]","[{'category': 'general', 'polarity': 'neutral'}]",2319
"The flavors dish was edible but had canned vegetables seasoning sauce rice and boxed grains and the texture taste consisted of dry , inedible  with terrible  .","The chicken parm was edible but had canned tomato sauce and boxed pasta and the chicken with portobello mushrooms consisted of dry, inedible chicken with terrible sauce.","['flavors dish', 'vegetables seasoning sauce rice', 'grains', 'texture taste', '', '']","[{'term': 'flavors dish', 'polarity': 'conflict'}, {'term': 'vegetables seasoning sauce rice', 'polarity': 'negative'}, {'term': 'grains', 'polarity': 'negative'}, {'term': 'texture taste', 'polarity': 'negative'}, {'term': '', 'polarity': 'negative'}, {'term': '', 'polarity': 'negative'}]","[{'category': 'general', 'polarity': 'neutral'}]",2320
"The flavor dish was edible but had canned vegetables spices sauce portion and boxed meal and the ingredients texture consisted of dry , inedible  with terrible  .","The chicken parm was edible but had canned tomato sauce and boxed pasta and the chicken with portobello mushrooms consisted of dry, inedible chicken with terrible sauce.","['flavor dish', 'vegetables spices sauce portion', 'meal', 'ingredients texture', '', '']","[{'term': 'flavor dish', 'polarity': 'conflict'}, {'term': 'vegetables spices sauce portion', 'polarity': 'negative'}, {'term': 'meal', 'polarity': 'negative'}, {'term': 'ingredients texture', 'polarity': 'negative'}, {'term': '', 'polarity': 'negative'}, {'term': '', 'polarity': 'negative'}]","[{'category': 'general', 'polarity': 'neutral'}]",2321
"Overall I was impressed and will return , it ' s a great QPR ( price to value Ratio ).","Overall I was impressed and will return, it's a great QPR (Quality to Price Ratio).","['price', 'value']","[{'term': 'price', 'polarity': 'positive'}, {'term': 'value', 'polarity': 'positive'}]","[{'category': 'general', 'polarity': 'neutral'}]",2324
The ambiance is fine and they allow you to enjoy the view .,The service is fine and they allow you to enjoy the view.,"['ambiance', 'view']","[{'term': 'ambiance', 'polarity': 'positive'}, {'term': 'view', 'polarity': 'positive'}]","[{'category': 'general', 'polarity': 'neutral'}]",2327
Their menu prices options dishes are a great accompaniment and you can eat like a king with silverware for under $ 30 .,Their wines by the glass are a great accompaniment and you can eat like a king with wine for under $30.,"['menu prices options dishes', 'silverware']","[{'term': 'menu prices options dishes', 'polarity': 'positive'}, {'term': 'silverware', 'polarity': 'neutral'}]","[{'category': 'general', 'polarity': 'neutral'}]",2328
Their dishes menu options choices are a great accompaniment and you can eat like a king with cuisine for under $ 30 .,Their wines by the glass are a great accompaniment and you can eat like a king with wine for under $30.,"['dishes menu options choices', 'cuisine']","[{'term': 'dishes menu options choices', 'polarity': 'positive'}, {'term': 'cuisine', 'polarity': 'neutral'}]","[{'category': 'general', 'polarity': 'neutral'}]",2329
Their appetizers appetizer menu options are a great accompaniment and you can eat like a king with breakfast for under $ 30 .,Their wines by the glass are a great accompaniment and you can eat like a king with wine for under $30.,"['appetizers appetizer menu options', 'breakfast']","[{'term': 'appetizers appetizer menu options', 'polarity': 'positive'}, {'term': 'breakfast', 'polarity': 'neutral'}]","[{'category': 'general', 'polarity': 'neutral'}]",2330
"My waiter asked for more for the group and the server gave us not only what we ordered , but some other items that were not ordered .","My host asked for appetizers for the group and the waiter gave us not only what we ordered, but some other items that were not ordered.","['waiter', 'more', 'server']","[{'term': 'waiter', 'polarity': 'neutral'}, {'term': 'more', 'polarity': 'neutral'}, {'term': 'server', 'polarity': 'neutral'}]","[{'category': 'general', 'polarity': 'neutral'}]",2334
"My waiter asked for recommendations for the group and the server gave us not only what we ordered , but some other items that were not ordered .","My host asked for appetizers for the group and the waiter gave us not only what we ordered, but some other items that were not ordered.","['waiter', 'recommendations', 'server']","[{'term': 'waiter', 'polarity': 'neutral'}, {'term': 'recommendations', 'polarity': 'neutral'}, {'term': 'server', 'polarity': 'neutral'}]","[{'category': 'general', 'polarity': 'neutral'}]",2335
This is the perfect restaurant spot for Williamsburg couples .,This is the perfect date spot for Williamsburg couples.,['restaurant spot'],"[{'term': 'restaurant spot', 'polarity': 'positive'}]","[{'category': 'general', 'polarity': 'neutral'}]",2337
The food is alright - some stuff is good - some is not ( like the dishes cuisine which tends to be dry ).,The food is alright - some stuff is good - some is not (like the steak dish which tends to be dry).,"['food', 'dishes cuisine']","[{'term': 'food', 'polarity': 'conflict'}, {'term': 'dishes cuisine', 'polarity': 'negative'}]","[{'category': 'general', 'polarity': 'neutral'}]",2340
The dishes is alright - some stuff is good - some is not ( like the appetizer dessert which tends to be dry ).,The food is alright - some stuff is good - some is not (like the steak dish which tends to be dry).,"['dishes', 'appetizer dessert']","[{'term': 'dishes', 'polarity': 'conflict'}, {'term': 'appetizer dessert', 'polarity': 'negative'}]","[{'category': 'general', 'polarity': 'neutral'}]",2341
The dishes is alright - some stuff is good - some is not ( like the appetizers hors d'oeuvres which tends to be dry ).,The food is alright - some stuff is good - some is not (like the steak dish which tends to be dry).,"['dishes', ""appetizers hors d'oeuvres""]","[{'term': 'dishes', 'polarity': 'conflict'}, {'term': ""appetizers hors d'oeuvres"", 'polarity': 'negative'}]","[{'category': 'general', 'polarity': 'neutral'}]",2342
"As a long - time patron of Mamoun ' s , I always figured that I had found the best late night diner dining in the city .","As a long-time patron of Mamoun's, I always figured that I had found the best late night food spot in the city.",['diner dining'],"[{'term': 'diner dining', 'polarity': 'positive'}]","[{'category': 'general', 'polarity': 'neutral'}]",2343
"As a long - time patron of Mamoun ' s , I always figured that I had found the best late night dishes eats in the city .","As a long-time patron of Mamoun's, I always figured that I had found the best late night food spot in the city.",['dishes eats'],"[{'term': 'dishes eats', 'polarity': 'positive'}]","[{'category': 'general', 'polarity': 'neutral'}]",2344
"As a long - time patron of Mamoun ' s , I always figured that I had found the best late night diner food in the city .","As a long-time patron of Mamoun's, I always figured that I had found the best late night food spot in the city.",['diner food'],"[{'term': 'diner food', 'polarity': 'positive'}]","[{'category': 'general', 'polarity': 'neutral'}]",2345
Their menu items is basic ly a delcious little sandwich filling with a crust bread appetizer salad that is perfect before their  .,Their exotic salad is basic ly a delcious little green salad with a peanut sauce that is perfect before their sweet basil fried tofu.,"['menu items', 'sandwich filling', 'crust bread appetizer salad', '']","[{'term': 'menu items', 'polarity': 'positive'}, {'term': 'sandwich filling', 'polarity': 'positive'}, {'term': 'crust bread appetizer salad', 'polarity': 'positive'}, {'term': '', 'polarity': 'positive'}]","[{'category': 'general', 'polarity': 'neutral'}]",2349
Their menu items is basic ly a delcious little sandwich shop with a portion main course dishes that is perfect before their  .,Their exotic salad is basic ly a delcious little green salad with a peanut sauce that is perfect before their sweet basil fried tofu.,"['menu items', 'sandwich shop', 'portion main course dishes', '']","[{'term': 'menu items', 'polarity': 'positive'}, {'term': 'sandwich shop', 'polarity': 'positive'}, {'term': 'portion main course dishes', 'polarity': 'positive'}, {'term': '', 'polarity': 'positive'}]","[{'category': 'general', 'polarity': 'neutral'}]",2350
Their menu items is basic ly a delcious little sandwich filling with a toppings drink coffee tea that is perfect before their  .,Their exotic salad is basic ly a delcious little green salad with a peanut sauce that is perfect before their sweet basil fried tofu.,"['menu items', 'sandwich filling', 'toppings drink coffee tea', '']","[{'term': 'menu items', 'polarity': 'positive'}, {'term': 'sandwich filling', 'polarity': 'positive'}, {'term': 'toppings drink coffee tea', 'polarity': 'positive'}, {'term': '', 'polarity': 'positive'}]","[{'category': 'general', 'polarity': 'neutral'}]",2351
"While this can hardly be called a restaurant , it is possibly the best deal in Manhatten : $ 4 for a plate heaped with wings and 2 - 3 appetizers .","While this can hardly be called a restaurant, it is possibly the best deal in Manhatten: $4 for a plate heaped with rice and 2-3 entrees.","['wings', 'appetizers']","[{'term': 'wings', 'polarity': 'positive'}, {'term': 'appetizers', 'polarity': 'positive'}]","[{'category': 'general', 'polarity': 'neutral'}]",2353
"While this can hardly be called a restaurant , it is possibly the best deal in Manhatten : $ 4 for a plate heaped with pasta and 2 - 3 meatballs .","While this can hardly be called a restaurant, it is possibly the best deal in Manhatten: $4 for a plate heaped with rice and 2-3 entrees.","['pasta', 'meatballs']","[{'term': 'pasta', 'polarity': 'positive'}, {'term': 'meatballs', 'polarity': 'positive'}]","[{'category': 'general', 'polarity': 'neutral'}]",2354
The rolls had like 6 pieces of bagels in it .,The dish had like 6 pieces of beef in it.,"['rolls', 'bagels']","[{'term': 'rolls', 'polarity': 'neutral'}, {'term': 'bagels', 'polarity': 'neutral'}]","[{'category': 'general', 'polarity': 'neutral'}]",2355
The fish had like 6 pieces of salmon in it .,The dish had like 6 pieces of beef in it.,"['fish', 'salmon']","[{'term': 'fish', 'polarity': 'neutral'}, {'term': 'salmon', 'polarity': 'neutral'}]","[{'category': 'general', 'polarity': 'neutral'}]",2356
The patty had like 6 pieces of shrimp in it .,The dish had like 6 pieces of beef in it.,"['patty', 'shrimp']","[{'term': 'patty', 'polarity': 'neutral'}, {'term': 'shrimp', 'polarity': 'neutral'}]","[{'category': 'general', 'polarity': 'neutral'}]",2357
"We shared a main appetizer dishes , an order of entree , and she had the salad sandwich while I had the entrees .","We shared a bottle of sake, an order of edamames, and she had the sushi plate while I had the sashimi.","['main appetizer dishes', 'entree', 'salad sandwich', 'entrees']","[{'term': 'main appetizer dishes', 'polarity': 'neutral'}, {'term': 'entree', 'polarity': 'neutral'}, {'term': 'salad sandwich', 'polarity': 'neutral'}, {'term': 'entrees', 'polarity': 'neutral'}]","[{'category': 'general', 'polarity': 'neutral'}]",2358
"We shared a appetizers bruschetta platter , an order of fries , and she had the salad sandwich while I had the wrap .","We shared a bottle of sake, an order of edamames, and she had the sushi plate while I had the sashimi.","['appetizers bruschetta platter', 'fries', 'salad sandwich', 'wrap']","[{'term': 'appetizers bruschetta platter', 'polarity': 'neutral'}, {'term': 'fries', 'polarity': 'neutral'}, {'term': 'salad sandwich', 'polarity': 'neutral'}, {'term': 'wrap', 'polarity': 'neutral'}]","[{'category': 'general', 'polarity': 'neutral'}]",2359
"We shared a appetizers platter main , an order of salad , and she had the sandwich burger while I had the  .","We shared a bottle of sake, an order of edamames, and she had the sushi plate while I had the sashimi.","['appetizers platter main', 'salad', 'sandwich burger', '']","[{'term': 'appetizers platter main', 'polarity': 'neutral'}, {'term': 'salad', 'polarity': 'neutral'}, {'term': 'sandwich burger', 'polarity': 'neutral'}, {'term': '', 'polarity': 'neutral'}]","[{'category': 'general', 'polarity': 'neutral'}]",2360
"Each crust has a beautiful crackled topped croutons sunken into its surface , and you get platters of thin sliced dips , various spreads , and olives and artichokes .","Each table has a pot of boiling water sunken into its surface, and you get platters of thin sliced meats, various vegetables, and rice and glass noodles.","['crust', 'beautiful crackled topped croutons', 'dips', 'spreads', 'olives', 'artichokes']","[{'term': 'crust', 'polarity': 'neutral'}, {'term': 'beautiful crackled topped croutons', 'polarity': 'neutral'}, {'term': 'dips', 'polarity': 'neutral'}, {'term': 'spreads', 'polarity': 'neutral'}, {'term': 'olives', 'polarity': 'neutral'}, {'term': 'artichokes', 'polarity': 'neutral'}]","[{'category': 'general', 'polarity': 'neutral'}]",2362
"Each table has a dining wooden tabletop glass sunken into its surface , and you get platters of thin sliced meat , various cheese , and bread and butter .","Each table has a pot of boiling water sunken into its surface, and you get platters of thin sliced meats, various vegetables, and rice and glass noodles.","['table', 'dining wooden tabletop glass', 'meat', 'cheese', 'bread', 'butter']","[{'term': 'table', 'polarity': 'neutral'}, {'term': 'dining wooden tabletop glass', 'polarity': 'neutral'}, {'term': 'meat', 'polarity': 'neutral'}, {'term': 'cheese', 'polarity': 'neutral'}, {'term': 'bread', 'polarity': 'neutral'}, {'term': 'butter', 'polarity': 'neutral'}]","[{'category': 'general', 'polarity': 'neutral'}]",2363
Our agreed favorite is the dish wok Chinese restaurant portion ( usually the bill are kind enough to split the  in half so you get to sample both  ).,Our agreed favorite is the orrechiete with sausage and chicken (usually the waiters are kind enough to split the dish in half so you get to sample both meats).,"['dish wok Chinese restaurant portion', 'bill', '', '']","[{'term': 'dish wok Chinese restaurant portion', 'polarity': 'positive'}, {'term': 'bill', 'polarity': 'positive'}, {'term': '', 'polarity': 'neutral'}, {'term': '', 'polarity': 'neutral'}]","[{'category': 'general', 'polarity': 'neutral'}]",2364
Our agreed favorite is the dish menu items dishes courses ( usually the servers are kind enough to split the  in half so you get to sample both  ).,Our agreed favorite is the orrechiete with sausage and chicken (usually the waiters are kind enough to split the dish in half so you get to sample both meats).,"['dish menu items dishes courses', 'servers', '', '']","[{'term': 'dish menu items dishes courses', 'polarity': 'positive'}, {'term': 'servers', 'polarity': 'positive'}, {'term': '', 'polarity': 'neutral'}, {'term': '', 'polarity': 'neutral'}]","[{'category': 'general', 'polarity': 'neutral'}]",2365
Our agreed favorite is the pad thai massaman curry rice dishes ( usually the waiters are kind enough to split the bill in half so you get to sample both options ).,Our agreed favorite is the orrechiete with sausage and chicken (usually the waiters are kind enough to split the dish in half so you get to sample both meats).,"['pad thai massaman curry rice dishes', 'waiters', 'bill', 'options']","[{'term': 'pad thai massaman curry rice dishes', 'polarity': 'positive'}, {'term': 'waiters', 'polarity': 'positive'}, {'term': 'bill', 'polarity': 'neutral'}, {'term': 'options', 'polarity': 'neutral'}]","[{'category': 'general', 'polarity': 'neutral'}]",2366
"Don ' t go alone --- even two people isn ' t enough for the whole experience , with table and a staff service food drinks atmosphere .","Don't go alone---even two people isn't enough for the whole experience, with pickles and a selection of meats and seafoods.","['table', 'staff service food drinks atmosphere']","[{'term': 'table', 'polarity': 'positive'}, {'term': 'staff service food drinks atmosphere', 'polarity': 'positive'}]","[{'category': 'general', 'polarity': 'neutral'}]",2367
"Don ' t go alone --- even two people isn ' t enough for the whole experience , with dishes and a utensils plates glasses silverware cutlery .","Don't go alone---even two people isn't enough for the whole experience, with pickles and a selection of meats and seafoods.","['dishes', 'utensils plates glasses silverware cutlery']","[{'term': 'dishes', 'polarity': 'positive'}, {'term': 'utensils plates glasses silverware cutlery', 'polarity': 'positive'}]","[{'category': 'general', 'polarity': 'neutral'}]",2368
"Don ' t go alone --- even two people isn ' t enough for the whole experience , with tables and a service staff ambiance food drinks .","Don't go alone---even two people isn't enough for the whole experience, with pickles and a selection of meats and seafoods.","['tables', 'service staff ambiance food drinks']","[{'term': 'tables', 'polarity': 'positive'}, {'term': 'service staff ambiance food drinks', 'polarity': 'positive'}]","[{'category': 'general', 'polarity': 'neutral'}]",2369
Faan ' s got a great concept but a little rough on the edges .,Faan's got a great concept but a little rough on the delivery.,['edges'],"[{'term': 'edges', 'polarity': 'negative'}]","[{'category': 'general', 'polarity': 'neutral'}]",2370
Faan ' s got a great concept but a little rough on the execution .,Faan's got a great concept but a little rough on the delivery.,['execution'],"[{'term': 'execution', 'polarity': 'negative'}]","[{'category': 'general', 'polarity': 'neutral'}]",2372
"I have tried to make reservations , but both times , the reservations didn ' t have my name .","I have tried to make reservations, but both times, the hostess didn't have my name.","['reservations', 'reservations']","[{'term': 'reservations', 'polarity': 'neutral'}, {'term': 'reservations', 'polarity': 'negative'}]","[{'category': 'general', 'polarity': 'neutral'}]",2376
"I have tried to make dinner , but both times , the labels didn ' t have my name .","I have tried to make reservations, but both times, the hostess didn't have my name.","['dinner', 'labels']","[{'term': 'dinner', 'polarity': 'neutral'}, {'term': 'labels', 'polarity': 'negative'}]","[{'category': 'general', 'polarity': 'neutral'}]",2377
"I have tried to make reservations , but both times , the hostess didn ' t have my name .","I have tried to make reservations, but both times, the hostess didn't have my name.","['reservations', 'hostess']","[{'term': 'reservations', 'polarity': 'neutral'}, {'term': 'hostess', 'polarity': 'negative'}]","[{'category': 'general', 'polarity': 'neutral'}]",2378
burgers juicy sliders toppings are juicy and piled high ( ask for extra cheese ketchup ).,Pastrami or corned beef are juicy and piled high (ask for extra rye bread).,"['burgers juicy sliders toppings', 'cheese ketchup']","[{'term': 'burgers juicy sliders toppings', 'polarity': 'positive'}, {'term': 'cheese ketchup', 'polarity': 'positive'}]","[{'category': 'general', 'polarity': 'neutral'}]",2379
Steaks burgers fries ketchup are juicy and piled high ( ask for extra mustard ).,Pastrami or corned beef are juicy and piled high (ask for extra rye bread).,"['Steaks burgers fries ketchup', 'mustard']","[{'term': 'Steaks burgers fries ketchup', 'polarity': 'positive'}, {'term': 'mustard', 'polarity': 'positive'}]","[{'category': 'general', 'polarity': 'neutral'}]",2380
Burgers topped with condiments are juicy and piled high ( ask for extra  ).,Pastrami or corned beef are juicy and piled high (ask for extra rye bread).,"['Burgers topped with condiments', '']","[{'term': 'Burgers topped with condiments', 'polarity': 'positive'}, {'term': '', 'polarity': 'positive'}]","[{'category': 'general', 'polarity': 'neutral'}]",2381
Pair you wine with the excellent dish dish menu or their well prepared dishes .,Pair you food with the excellent beers on tap or their well priced wine list.,"['wine', 'dish dish menu', 'prepared dishes', 'service']","[{'term': 'wine', 'polarity': 'neutral'}, {'term': 'dish dish menu', 'polarity': 'positive'}, {'term': 'prepared dishes', 'polarity': 'positive'}, {'term': 'service', 'polarity': 'positive'}]","[{'category': 'general', 'polarity': 'neutral'}]",2382
Pair you wines with the excellent wine list menu or their well prepared .,Pair you food with the excellent beers on tap or their well priced wine list.,"['wines', 'wine list menu', 'prepared', '']","[{'term': 'wines', 'polarity': 'neutral'}, {'term': 'wine list menu', 'polarity': 'positive'}, {'term': 'prepared', 'polarity': 'positive'}, {'term': '', 'polarity': 'positive'}]","[{'category': 'general', 'polarity': 'neutral'}]",2383
Pair you coffee with the excellent tea sandwich salad or their well  .,Pair you food with the excellent beers on tap or their well priced wine list.,"['coffee', 'tea sandwich salad', '', '']","[{'term': 'coffee', 'polarity': 'neutral'}, {'term': 'tea sandwich salad', 'polarity': 'positive'}, {'term': '', 'polarity': 'positive'}, {'term': '', 'polarity': 'positive'}]","[{'category': 'general', 'polarity': 'neutral'}]",2384
"First , the server who who us neglected to fill us in on the menu , which I would have chosen had I known about them .","First, the waiter who served us neglected to fill us in on the specials, which I would have chosen had I known about them.","['server', 'who', 'menu']","[{'term': 'server', 'polarity': 'negative'}, {'term': 'who', 'polarity': 'positive'}, {'term': 'menu', 'polarity': 'negative'}]","[{'category': 'general', 'polarity': 'neutral'}]",2385
"First , the waiter who informed us neglected to fill us in on the options , which I would have chosen had I known about them .","First, the waiter who served us neglected to fill us in on the specials, which I would have chosen had I known about them.","['waiter', 'informed', 'options']","[{'term': 'waiter', 'polarity': 'negative'}, {'term': 'informed', 'polarity': 'positive'}, {'term': 'options', 'polarity': 'negative'}]","[{'category': 'general', 'polarity': 'neutral'}]",2386
"First , the server who served us neglected to fill us in on the options , which I would have chosen had I known about them .","First, the waiter who served us neglected to fill us in on the specials, which I would have chosen had I known about them.","['server', 'served', 'options']","[{'term': 'server', 'polarity': 'negative'}, {'term': 'served', 'polarity': 'positive'}, {'term': 'options', 'polarity': 'negative'}]","[{'category': 'general', 'polarity': 'neutral'}]",2387
"Have always found that the staff will go out of their way to be helpful , despite the fact they are often busy with lots of duties .","Have always found that the waiters will go out of their way to be helpful, despite the fact they are often busy with lots of diners.","['staff', 'duties']","[{'term': 'staff', 'polarity': 'positive'}, {'term': 'duties', 'polarity': 'neutral'}]","[{'category': 'general', 'polarity': 'neutral'}]",2390
You can get an excellent curries at most of the many Indian restaurants on nearby Lexington Avenue for the price of one the dainty samosas here .,You can get an excellent meal at most of the many Indian restaurants on nearby Lexington Avenue for the cost of one the dainty dishes here.,"['curries', 'price', 'samosas']","[{'term': 'curries', 'polarity': 'positive'}, {'term': 'price', 'polarity': 'conflict'}, {'term': 'samosas', 'polarity': 'positive'}]","[{'category': 'general', 'polarity': 'neutral'}]",2391
You can get an excellent curry at most of the many Indian restaurants on nearby Lexington Avenue for the price of one the dainty samosas here .,You can get an excellent meal at most of the many Indian restaurants on nearby Lexington Avenue for the cost of one the dainty dishes here.,"['curry', 'price', 'samosas']","[{'term': 'curry', 'polarity': 'positive'}, {'term': 'price', 'polarity': 'conflict'}, {'term': 'samosas', 'polarity': 'positive'}]","[{'category': 'general', 'polarity': 'neutral'}]",2393
"Friendly and informative waiters , very attentive and prompt raw service staff .","Friendly and informative staff, very attentive and prompt raw bar service.","['waiters', 'service staff']","[{'term': 'waiters', 'polarity': 'positive'}, {'term': 'service staff', 'polarity': 'positive'}]","[{'category': 'general', 'polarity': 'neutral'}]",2394
"Friendly and informative servers , very attentive and prompt raw food service .","Friendly and informative staff, very attentive and prompt raw bar service.","['servers', 'food service']","[{'term': 'servers', 'polarity': 'positive'}, {'term': 'food service', 'polarity': 'positive'}]","[{'category': 'general', 'polarity': 'neutral'}]",2395
"Friendly and informative waitstaff , very attentive and prompt raw servers service .","Friendly and informative staff, very attentive and prompt raw bar service.","['waitstaff', 'servers service']","[{'term': 'waitstaff', 'polarity': 'positive'}, {'term': 'servers service', 'polarity': 'positive'}]","[{'category': 'general', 'polarity': 'neutral'}]",2396
"uni from maine vs california , sea vs freshwater salmon ) to get a good taste comparison .","uni from maine vs california, sea vs freshwater eel) to get a good taste comparison.",['salmon'],"[{'term': 'salmon', 'polarity': 'neutral'}]","[{'category': 'general', 'polarity': 'neutral'}]",2397
"still stay away , the table next to us walked out after my table and aanother were waited eventhough they were there much longer ...","still stay away, the table next to us walked out after my table and aanother were serves eventhough they were there much longer...",['waited'],"[{'term': 'waited', 'polarity': 'negative'}]","[{'category': 'general', 'polarity': 'neutral'}]",2400
"still stay away , the table next to us walked out after my table and aanother were overcharged eventhough they were there much longer ...","still stay away, the table next to us walked out after my table and aanother were serves eventhough they were there much longer...",['overcharged'],"[{'term': 'overcharged', 'polarity': 'negative'}]","[{'category': 'general', 'polarity': 'neutral'}]",2401
"still stay away , the table next to us walked out after my table and aanother were slowly eventhough they were there much longer ...","still stay away, the table next to us walked out after my table and aanother were serves eventhough they were there much longer...",['slowly'],"[{'term': 'slowly', 'polarity': 'negative'}]","[{'category': 'general', 'polarity': 'neutral'}]",2402
The waiter service staff had NO attitude amenities whatsoever .,The Singapore Mai Fun had NO curry flavor whatsoever.,"['waiter service staff', 'attitude amenities']","[{'term': 'waiter service staff', 'polarity': 'negative'}, {'term': 'attitude amenities', 'polarity': 'negative'}]","[{'category': 'general', 'polarity': 'neutral'}]",2403
The dishes restaurant chain had NO complaints issues whatsoever .,The Singapore Mai Fun had NO curry flavor whatsoever.,"['dishes restaurant chain', 'complaints issues']","[{'term': 'dishes restaurant chain', 'polarity': 'negative'}, {'term': 'complaints issues', 'polarity': 'negative'}]","[{'category': 'general', 'polarity': 'neutral'}]",2404
The waiter waiter server had NO complaint issues whatsoever .,The Singapore Mai Fun had NO curry flavor whatsoever.,"['waiter waiter server', 'complaint issues']","[{'term': 'waiter waiter server', 'polarity': 'negative'}, {'term': 'complaint issues', 'polarity': 'negative'}]","[{'category': 'general', 'polarity': 'neutral'}]",2405
This restaurant used to be our regular Thursday night hangout spot .,This restaurant used to be our regular Thursday night dinner location.,['hangout spot'],"[{'term': 'hangout spot', 'polarity': 'neutral'}]","[{'category': 'general', 'polarity': 'neutral'}]",2406
"THR restaurant atmosphere IS COMPACT , MODERN , YET COZY .","THR AT MOSHPHERE IS COMPACT, MODERN, YET COZY.",['restaurant atmosphere'],"[{'term': 'restaurant atmosphere', 'polarity': 'positive'}]","[{'category': 'general', 'polarity': 'neutral'}]",2409
"THR restaurant this IS COMPACT , MODERN , YET COZY .","THR AT MOSHPHERE IS COMPACT, MODERN, YET COZY.",['restaurant this'],"[{'term': 'restaurant this', 'polarity': 'positive'}]","[{'category': 'general', 'polarity': 'neutral'}]",2410
"THR Thai restaurant IS COMPACT , MODERN , YET COZY .","THR AT MOSHPHERE IS COMPACT, MODERN, YET COZY.",['Thai restaurant'],"[{'term': 'Thai restaurant', 'polarity': 'positive'}]","[{'category': 'general', 'polarity': 'neutral'}]",2411
ambiance is not what one would expect from a joint in this neighborhood restaurant .,Service is not what one would expect from a joint in this price category.,"['ambiance', 'neighborhood restaurant']","[{'term': 'ambiance', 'polarity': 'negative'}, {'term': 'neighborhood restaurant', 'polarity': 'negative'}]","[{'category': 'general', 'polarity': 'neutral'}]",2412
ambiance is not what one would expect from a joint in this neighborhood area .,Service is not what one would expect from a joint in this price category.,"['ambiance', 'neighborhood area']","[{'term': 'ambiance', 'polarity': 'negative'}, {'term': 'neighborhood area', 'polarity': 'negative'}]","[{'category': 'general', 'polarity': 'neutral'}]",2413
chain is not what one would expect from a joint in this upscale neighborhood .,Service is not what one would expect from a joint in this price category.,"['chain', 'upscale neighborhood']","[{'term': 'chain', 'polarity': 'negative'}, {'term': 'upscale neighborhood', 'polarity': 'negative'}]","[{'category': 'general', 'polarity': 'neutral'}]",2414
Ive asked a waitress server for a glass water cup napkin and she replied back  and just walked away .,Ive asked a cart attendant for a lotus leaf wrapped rice and she replied back rice and just walked away.,"['waitress server', 'glass water cup napkin', '']","[{'term': 'waitress server', 'polarity': 'negative'}, {'term': 'glass water cup napkin', 'polarity': 'neutral'}, {'term': '', 'polarity': 'neutral'}]","[{'category': 'general', 'polarity': 'neutral'}]",2415
Ive asked a server server for a table check bill payment and she replied back away and just walked away .,Ive asked a cart attendant for a lotus leaf wrapped rice and she replied back rice and just walked away.,"['server server', 'table check bill payment', 'away']","[{'term': 'server server', 'polarity': 'negative'}, {'term': 'table check bill payment', 'polarity': 'neutral'}, {'term': 'away', 'polarity': 'neutral'}]","[{'category': 'general', 'polarity': 'neutral'}]",2416
Ive asked a server waitress for a table water glass cup and she replied back silence and just walked away .,Ive asked a cart attendant for a lotus leaf wrapped rice and she replied back rice and just walked away.,"['server waitress', 'table water glass cup', 'silence']","[{'term': 'server waitress', 'polarity': 'negative'}, {'term': 'table water glass cup', 'polarity': 'neutral'}, {'term': 'silence', 'polarity': 'neutral'}]","[{'category': 'general', 'polarity': 'neutral'}]",2417
"It ' s a place for people who pay a lot for mediocre dining , ambiance and a chance to be with their fellow bridge and tunnel folks .","It's a place for people who pay a lot for mediocre food, noise and a chance to be with their fellow bridge and tunnel folks.","['dining', 'ambiance']","[{'term': 'dining', 'polarity': 'neutral'}, {'term': 'ambiance', 'polarity': 'negative'}]","[{'category': 'general', 'polarity': 'neutral'}]",2418
"It ' s a place for people who pay a lot for mediocre dinner , food and a chance to be with their fellow bridge and tunnel folks .","It's a place for people who pay a lot for mediocre food, noise and a chance to be with their fellow bridge and tunnel folks.","['dinner', 'food']","[{'term': 'dinner', 'polarity': 'neutral'}, {'term': 'food', 'polarity': 'negative'}]","[{'category': 'general', 'polarity': 'neutral'}]",2419
"If your visiting , you ' ll enjoy the attractions and the fact that it ' s in Time Sq ...","If your visiting, you'll enjoy the ambiance and the fact that it's in Time Sq...",['attractions'],"[{'term': 'attractions', 'polarity': 'positive'}]","[{'category': 'general', 'polarity': 'neutral'}]",2424
"If your visiting , you ' ll enjoy the sightseeing and the fact that it ' s in Time Sq ...","If your visiting, you'll enjoy the ambiance and the fact that it's in Time Sq...",['sightseeing'],"[{'term': 'sightseeing', 'polarity': 'positive'}]","[{'category': 'general', 'polarity': 'neutral'}]",2425
Its a go - to for dates as well as lunch out of town guests .,Its a go-to for dates as well as entertaining out of town guests.,['lunch'],"[{'term': 'lunch', 'polarity': 'positive'}]","[{'category': 'general', 'polarity': 'neutral'}]",2428
The sushi and ramen are all Japanese as well and that adds to the entire experience .,The owner and staff are all Japanese as well and that adds to the entire ambiance.,"['sushi', 'ramen', 'experience']","[{'term': 'sushi', 'polarity': 'positive'}, {'term': 'ramen', 'polarity': 'positive'}, {'term': 'experience', 'polarity': 'positive'}]","[{'category': 'general', 'polarity': 'neutral'}]",2430
The chef and staff are all Japanese as well and that adds to the entire ambiance .,The owner and staff are all Japanese as well and that adds to the entire ambiance.,"['chef', 'staff', 'ambiance']","[{'term': 'chef', 'polarity': 'positive'}, {'term': 'staff', 'polarity': 'positive'}, {'term': 'ambiance', 'polarity': 'positive'}]","[{'category': 'general', 'polarity': 'neutral'}]",2431
The cuisine and dishes are all Japanese as well and that adds to the entire atmosphere .,The owner and staff are all Japanese as well and that adds to the entire ambiance.,"['cuisine', 'dishes', 'atmosphere']","[{'term': 'cuisine', 'polarity': 'positive'}, {'term': 'dishes', 'polarity': 'positive'}, {'term': 'atmosphere', 'polarity': 'positive'}]","[{'category': 'general', 'polarity': 'neutral'}]",2432
"Great dining ( atmosphere service food staff and waiters ), very friendly and no nonsense attitude and a clean and funky decor .","Great food (spinach and corn dumplings and massamman curry), very friendly and no nonsense service and a clean and funky bathroom.","['dining', 'atmosphere service food staff', 'waiters', 'attitude', 'decor']","[{'term': 'dining', 'polarity': 'positive'}, {'term': 'atmosphere service food staff', 'polarity': 'positive'}, {'term': 'waiters', 'polarity': 'positive'}, {'term': 'attitude', 'polarity': 'positive'}, {'term': 'decor', 'polarity': 'positive'}]","[{'category': 'general', 'polarity': 'neutral'}]",2436
"Great dining ( food atmosphere prices service and waiter ), very friendly and no nonsense restaurant and a clean and funky  .","Great food (spinach and corn dumplings and massamman curry), very friendly and no nonsense service and a clean and funky bathroom.","['dining', 'food atmosphere prices service', 'waiter', 'restaurant', '']","[{'term': 'dining', 'polarity': 'positive'}, {'term': 'food atmosphere prices service', 'polarity': 'positive'}, {'term': 'waiter', 'polarity': 'positive'}, {'term': 'restaurant', 'polarity': 'positive'}, {'term': '', 'polarity': 'positive'}]","[{'category': 'general', 'polarity': 'neutral'}]",2437
"Great dining ( service food prices drinks and atmosphere ), very friendly and no nonsense host and a clean and funky decor .","Great food (spinach and corn dumplings and massamman curry), very friendly and no nonsense service and a clean and funky bathroom.","['dining', 'service food prices drinks', 'atmosphere', 'host', 'decor']","[{'term': 'dining', 'polarity': 'positive'}, {'term': 'service food prices drinks', 'polarity': 'positive'}, {'term': 'atmosphere', 'polarity': 'positive'}, {'term': 'host', 'polarity': 'positive'}, {'term': 'decor', 'polarity': 'positive'}]","[{'category': 'general', 'polarity': 'neutral'}]",2438
"Even though I made the reservations at 3pm for the same night through Dinnerbroker , we were stuck at a restaurant with one of the best view !","Even though I made the reservation at 3pm for the same night through Dinnerbroker, we were seated at a table with one of the best view!","['reservations', 'stuck', 'restaurant']","[{'term': 'reservations', 'polarity': 'positive'}, {'term': 'stuck', 'polarity': 'positive'}, {'term': 'restaurant', 'polarity': 'positive'}]","[{'category': 'general', 'polarity': 'neutral'}]",2439
"Even though I made the order at 3pm for the same night through Dinnerbroker , we were running at a restaurant with one of the best view !","Even though I made the reservation at 3pm for the same night through Dinnerbroker, we were seated at a table with one of the best view!","['order', 'running', 'restaurant']","[{'term': 'order', 'polarity': 'positive'}, {'term': 'running', 'polarity': 'positive'}, {'term': 'restaurant', 'polarity': 'positive'}]","[{'category': 'general', 'polarity': 'neutral'}]",2440
"Even though I made the dinner at 3pm for the same night through Dinnerbroker , we were delayed at a restaurant with one of the best view !","Even though I made the reservation at 3pm for the same night through Dinnerbroker, we were seated at a table with one of the best view!","['dinner', 'delayed', 'restaurant']","[{'term': 'dinner', 'polarity': 'positive'}, {'term': 'delayed', 'polarity': 'positive'}, {'term': 'restaurant', 'polarity': 'positive'}]","[{'category': 'general', 'polarity': 'neutral'}]",2441
"It ' s the perfect restaurant for NY life style , it got cool decor , awsome food and atmosphere and lot ' s of good looking people eating and hanging at the pink cafe ...","It's the perfect restaurant for NY life style, it got cool design, awsome drinks and food and lot's of good looking people eating and hanging at the pink bar...","['decor', 'food', 'atmosphere', 'cafe']","[{'term': 'decor', 'polarity': 'positive'}, {'term': 'food', 'polarity': 'positive'}, {'term': 'atmosphere', 'polarity': 'positive'}, {'term': 'cafe', 'polarity': 'neutral'}]","[{'category': 'general', 'polarity': 'neutral'}]",2442
"It ' s the perfect restaurant for NY life style , it got cool decor , awsome food and vibes and lot ' s of good looking people eating and hanging at the pink cafe ...","It's the perfect restaurant for NY life style, it got cool design, awsome drinks and food and lot's of good looking people eating and hanging at the pink bar...","['decor', 'food', 'vibes', 'cafe']","[{'term': 'decor', 'polarity': 'positive'}, {'term': 'food', 'polarity': 'positive'}, {'term': 'vibes', 'polarity': 'positive'}, {'term': 'cafe', 'polarity': 'neutral'}]","[{'category': 'general', 'polarity': 'neutral'}]",2443
"It ' s the perfect restaurant for NY life style , it got cool decor , awsome service and atmosphere and lot ' s of good looking people eating and hanging at the pink tables ...","It's the perfect restaurant for NY life style, it got cool design, awsome drinks and food and lot's of good looking people eating and hanging at the pink bar...","['decor', 'service', 'atmosphere', 'tables']","[{'term': 'decor', 'polarity': 'positive'}, {'term': 'service', 'polarity': 'positive'}, {'term': 'atmosphere', 'polarity': 'positive'}, {'term': 'tables', 'polarity': 'neutral'}]","[{'category': 'general', 'polarity': 'neutral'}]",2444
The flavors and textures flavor are a blend of strawberry and chocolate which simply melts in your mouth .,The zucchini and mashed potatoes are a blend of garlic and butter which simply melts in your mouth.,"['flavors', 'textures flavor', 'strawberry', 'chocolate']","[{'term': 'flavors', 'polarity': 'positive'}, {'term': 'textures flavor', 'polarity': 'positive'}, {'term': 'strawberry', 'polarity': 'positive'}, {'term': 'chocolate', 'polarity': 'positive'}]","[{'category': 'general', 'polarity': 'neutral'}]",2445
The flavors and aromas cuisine are a blend of chocolate and caramel which simply melts in your mouth .,The zucchini and mashed potatoes are a blend of garlic and butter which simply melts in your mouth.,"['flavors', 'aromas cuisine', 'chocolate', 'caramel']","[{'term': 'flavors', 'polarity': 'positive'}, {'term': 'aromas cuisine', 'polarity': 'positive'}, {'term': 'chocolate', 'polarity': 'positive'}, {'term': 'caramel', 'polarity': 'positive'}]","[{'category': 'general', 'polarity': 'neutral'}]",2446
The flavors and ingredients cuisine are a blend of Asian and European which simply melts in your mouth .,The zucchini and mashed potatoes are a blend of garlic and butter which simply melts in your mouth.,"['flavors', 'ingredients cuisine', 'Asian', 'European']","[{'term': 'flavors', 'polarity': 'positive'}, {'term': 'ingredients cuisine', 'polarity': 'positive'}, {'term': 'Asian', 'polarity': 'positive'}, {'term': 'European', 'polarity': 'positive'}]","[{'category': 'general', 'polarity': 'neutral'}]",2447
"They never brought us complimentary water , ignored repeated requests for napkins , and threw our check on the table .","They never brought us complimentary noodles, ignored repeated requests for sugar, and threw our dishes on the table.","['water', 'napkins', 'check']","[{'term': 'water', 'polarity': 'negative'}, {'term': 'napkins', 'polarity': 'negative'}, {'term': 'check', 'polarity': 'negative'}]","[{'category': 'general', 'polarity': 'neutral'}]",2448
"They never brought us complimentary bread , ignored repeated requests for water , and threw our check on the table .","They never brought us complimentary noodles, ignored repeated requests for sugar, and threw our dishes on the table.","['bread', 'water', 'check']","[{'term': 'bread', 'polarity': 'negative'}, {'term': 'water', 'polarity': 'negative'}, {'term': 'check', 'polarity': 'negative'}]","[{'category': 'general', 'polarity': 'neutral'}]",2449
"They never brought us complimentary water , ignored repeated requests for bread , and threw our napkins on the table .","They never brought us complimentary noodles, ignored repeated requests for sugar, and threw our dishes on the table.","['water', 'bread', 'napkins']","[{'term': 'water', 'polarity': 'negative'}, {'term': 'bread', 'polarity': 'negative'}, {'term': 'napkins', 'polarity': 'negative'}]","[{'category': 'general', 'polarity': 'neutral'}]",2450
"Orsay , is a very pleasnt throw back to traditional coffee cafe , and French cuisine as well .","Orsay, is a very pleasnt throw back to traditional French food, and French service as well.","['coffee cafe', 'cuisine']","[{'term': 'coffee cafe', 'polarity': 'positive'}, {'term': 'cuisine', 'polarity': 'positive'}]","[{'category': 'general', 'polarity': 'neutral'}]",2451
"Orsay , is a very pleasnt throw back to traditional restaurant dining , and French cuisine as well .","Orsay, is a very pleasnt throw back to traditional French food, and French service as well.","['restaurant dining', 'cuisine']","[{'term': 'restaurant dining', 'polarity': 'positive'}, {'term': 'cuisine', 'polarity': 'positive'}]","[{'category': 'general', 'polarity': 'neutral'}]",2452
"Orsay , is a very pleasnt throw back to traditional bistro dining , and French cuisine as well .","Orsay, is a very pleasnt throw back to traditional French food, and French service as well.","['bistro dining', 'cuisine']","[{'term': 'bistro dining', 'polarity': 'positive'}, {'term': 'cuisine', 'polarity': 'positive'}]","[{'category': 'general', 'polarity': 'neutral'}]",2453
As soon as my father lifted his pen from the paper a waiter appeared to usher us out .,As soon as my father lifted his pen from the check a chef appeared to usher us out.,"['paper', 'waiter']","[{'term': 'paper', 'polarity': 'negative'}, {'term': 'waiter', 'polarity': 'neutral'}]","[{'category': 'general', 'polarity': 'neutral'}]",2454
As soon as my father lifted his pen from the paper a usher appeared to usher us out .,As soon as my father lifted his pen from the check a chef appeared to usher us out.,"['paper', 'usher']","[{'term': 'paper', 'polarity': 'negative'}, {'term': 'usher', 'polarity': 'neutral'}]","[{'category': 'general', 'polarity': 'neutral'}]",2456
"The dishes was too salty , service was so so ( don ' t waste any of your calories ) and dessert was poor .","The Halibut was too salty, dessert was so so (don't waste any of your calories) and service was poor.","['dishes', 'service', 'dessert']","[{'term': 'dishes', 'polarity': 'negative'}, {'term': 'service', 'polarity': 'neutral'}, {'term': 'dessert', 'polarity': 'negative'}]","[{'category': 'general', 'polarity': 'neutral'}]",2457
"The dishes was too salty , quality was so so ( don ' t waste any of your calories ) and service was poor .","The Halibut was too salty, dessert was so so (don't waste any of your calories) and service was poor.","['dishes', 'quality', 'service']","[{'term': 'dishes', 'polarity': 'negative'}, {'term': 'quality', 'polarity': 'neutral'}, {'term': 'service', 'polarity': 'negative'}]","[{'category': 'general', 'polarity': 'neutral'}]",2458
"The H was too salty , e was so so ( don ' t waste any of your calories ) and r was poor .","The Halibut was too salty, dessert was so so (don't waste any of your calories) and service was poor.","['H', 'e', 'r']","[{'term': 'H', 'polarity': 'negative'}, {'term': 'e', 'polarity': 'neutral'}, {'term': 'r', 'polarity': 'negative'}]","[{'category': 'general', 'polarity': 'neutral'}]",2459
"If the omakase is to showcase technique and variety , cooked dish platter almost 40 % of items BBQ - ed and a leaves wrapped with not - so - fresh  seems to be a rather limp performance .","If the omakase is to showcase technique and variety, serving almost 40% of items BBQ-ed and a spicy tuna roll wrapped with not-so-fresh nori seems to be a rather limp performance.","['cooked dish platter', 'leaves', '']","[{'term': 'cooked dish platter', 'polarity': 'negative'}, {'term': 'leaves', 'polarity': 'neutral'}, {'term': '', 'polarity': 'negative'}]","[{'category': 'general', 'polarity': 'neutral'}]",2460
"If the omakase is to showcase technique and variety , presented grilled skewered almost 40 % of items BBQ - ed and a leaves wrapped with not - so - fresh  seems to be a rather limp performance .","If the omakase is to showcase technique and variety, serving almost 40% of items BBQ-ed and a spicy tuna roll wrapped with not-so-fresh nori seems to be a rather limp performance.","['presented grilled skewered', 'leaves', '']","[{'term': 'presented grilled skewered', 'polarity': 'negative'}, {'term': 'leaves', 'polarity': 'neutral'}, {'term': '', 'polarity': 'negative'}]","[{'category': 'general', 'polarity': 'neutral'}]",2461
"The puke green wallpaper leave a lot to be desired , but the service is very good .","The puke green walls leave a lot to be desired, but the food is very good.","['wallpaper', 'service']","[{'term': 'wallpaper', 'polarity': 'positive'}, {'term': 'service', 'polarity': 'negative'}]","[{'category': 'general', 'polarity': 'neutral'}]",2466
"The puke green wallpaper leave a lot to be desired , but the food is very good .","The puke green walls leave a lot to be desired, but the food is very good.","['wallpaper', 'food']","[{'term': 'wallpaper', 'polarity': 'positive'}, {'term': 'food', 'polarity': 'negative'}]","[{'category': 'general', 'polarity': 'neutral'}]",2467
"The fries is yummy , especially their cooked - to - perfection fries fries onion garlic potato and their shoestring crispy  .","The food is yummy, especially their cooked-to-perfection mussels in spicy tomato sauce and their shoestring crispy fries.","['fries', 'fries fries onion garlic potato', '']","[{'term': 'fries', 'polarity': 'positive'}, {'term': 'fries fries onion garlic potato', 'polarity': 'positive'}, {'term': '', 'polarity': 'positive'}]","[{'category': 'general', 'polarity': 'neutral'}]",2472
"The food is yummy , especially their cooked - to - perfection steak filet mignon fries fritters and their shoestring crispy  .","The food is yummy, especially their cooked-to-perfection mussels in spicy tomato sauce and their shoestring crispy fries.","['food', 'steak filet mignon fries fritters', '']","[{'term': 'food', 'polarity': 'positive'}, {'term': 'steak filet mignon fries fritters', 'polarity': 'positive'}, {'term': '', 'polarity': 'positive'}]","[{'category': 'general', 'polarity': 'neutral'}]",2473
"The fries is yummy , especially their cooked - to - perfection fries onion garlic sweet potato and their shoestring crispy  .","The food is yummy, especially their cooked-to-perfection mussels in spicy tomato sauce and their shoestring crispy fries.","['fries', 'fries onion garlic sweet potato', '']","[{'term': 'fries', 'polarity': 'positive'}, {'term': 'fries onion garlic sweet potato', 'polarity': 'positive'}, {'term': '', 'polarity': 'positive'}]","[{'category': 'general', 'polarity': 'neutral'}]",2474
"Nice ambience , nice little cafe , good service , Francois , and good wine .","Nice ambiance, nice little bar, good bartender, Francois, and good service.","['ambience', 'cafe', 'service', 'wine']","[{'term': 'ambience', 'polarity': 'positive'}, {'term': 'cafe', 'polarity': 'positive'}, {'term': 'service', 'polarity': 'positive'}, {'term': 'wine', 'polarity': 'positive'}]","[{'category': 'general', 'polarity': 'neutral'}]",2479
"Nice waiter , nice little cafe , good service , Francois , and good waiter .","Nice ambiance, nice little bar, good bartender, Francois, and good service.","['waiter', 'cafe', 'service', 'waiter']","[{'term': 'waiter', 'polarity': 'positive'}, {'term': 'cafe', 'polarity': 'positive'}, {'term': 'service', 'polarity': 'positive'}, {'term': 'waiter', 'polarity': 'positive'}]","[{'category': 'general', 'polarity': 'neutral'}]",2480
"Stay away from the two specialty dishes on the menu , though - too much salt and sauce will fill you up right quick .","Stay away from the two specialty rolls on the menu, though- too much avocado and rice will fill you up right quick.","['dishes', 'menu', 'salt', 'sauce']","[{'term': 'dishes', 'polarity': 'negative'}, {'term': 'menu', 'polarity': 'neutral'}, {'term': 'salt', 'polarity': 'negative'}, {'term': 'sauce', 'polarity': 'negative'}]","[{'category': 'general', 'polarity': 'neutral'}]",2482
"If you can handle that , it ' s a great place for a dinner brunch , fun with friends or simply a lunch for 2 .","If you can handle that, it's a great place for a business dinner, fun with friends or simply a table for 2.","['dinner brunch', 'lunch']","[{'term': 'dinner brunch', 'polarity': 'positive'}, {'term': 'lunch', 'polarity': 'positive'}]","[{'category': 'general', 'polarity': 'neutral'}]",2485
This place has the best Chinese style wontons dumplings in the city .,This place has the best Chinese style BBQ ribs in the city.,['wontons dumplings'],"[{'term': 'wontons dumplings', 'polarity': 'positive'}]","[{'category': 'general', 'polarity': 'neutral'}]",2492
"We figured we never had H e before so we grabbed our r there , sharing a large e , a   of two of their specials , one was i s the other   t , and both were excellent .","We figured we never had Argentinian Pizza before so we grabbed our lunch there, sharing a large Pelligrino, a pizza of two of their specials, one was goat cheese the other blue cheese, and both were excellent.","['H e', 'r', 'e', ' ', 'i s', '  t']","[{'term': 'H e', 'polarity': 'neutral'}, {'term': 'r', 'polarity': 'neutral'}, {'term': 'e', 'polarity': 'positive'}, {'term': ' ', 'polarity': 'positive'}, {'term': 'i s', 'polarity': 'positive'}, {'term': '  t', 'polarity': 'positive'}]","[{'category': 'general', 'polarity': 'neutral'}]",2493
"We figured we never had dishes food before so we grabbed our phones there , sharing a large platter , a appetizer of two of their specials , one was spaghetti meatballs the other salad , and both were excellent .","We figured we never had Argentinian Pizza before so we grabbed our lunch there, sharing a large Pelligrino, a pizza of two of their specials, one was goat cheese the other blue cheese, and both were excellent.","['dishes food', 'phones', 'platter', 'appetizer', 'spaghetti meatballs', 'salad']","[{'term': 'dishes food', 'polarity': 'neutral'}, {'term': 'phones', 'polarity': 'neutral'}, {'term': 'platter', 'polarity': 'positive'}, {'term': 'appetizer', 'polarity': 'positive'}, {'term': 'spaghetti meatballs', 'polarity': 'positive'}, {'term': 'salad', 'polarity': 'positive'}]","[{'category': 'general', 'polarity': 'neutral'}]",2494
"We figured we never had dishes plates before so we grabbed our camera there , sharing a large platter , a pair of two of their specials , one was salad main the other appetizer course , and both were excellent .","We figured we never had Argentinian Pizza before so we grabbed our lunch there, sharing a large Pelligrino, a pizza of two of their specials, one was goat cheese the other blue cheese, and both were excellent.","['dishes plates', 'camera', 'platter', 'pair', 'salad main', 'appetizer course']","[{'term': 'dishes plates', 'polarity': 'neutral'}, {'term': 'camera', 'polarity': 'neutral'}, {'term': 'platter', 'polarity': 'positive'}, {'term': 'pair', 'polarity': 'positive'}, {'term': 'salad main', 'polarity': 'positive'}, {'term': 'appetizer course', 'polarity': 'positive'}]","[{'category': 'general', 'polarity': 'neutral'}]",2495
I fell in love with the ambiance interior decor details design atmosphere vibe charm character personality style furniture fittings .,I fell in love with the egg noodles in the beef broth with shrimp dumplings and slices of BBQ roast pork.,['ambiance interior decor details design atmosphere vibe charm character personality style furniture fittings'],"[{'term': 'ambiance interior decor details design atmosphere vibe charm character personality style furniture fittings', 'polarity': 'positive'}]","[{'category': 'general', 'polarity': 'neutral'}]",2496
I fell in love with the Thai street food flavors aromas colors atmosphere vibes music smells dishes cuisine experience culture tradition .,I fell in love with the egg noodles in the beef broth with shrimp dumplings and slices of BBQ roast pork.,['Thai street food flavors aromas colors atmosphere vibes music smells dishes cuisine experience culture tradition'],"[{'term': 'Thai street food flavors aromas colors atmosphere vibes music smells dishes cuisine experience culture tradition', 'polarity': 'positive'}]","[{'category': 'general', 'polarity': 'neutral'}]",2497
The appetizers and appetizer plate are plentiful and can ' t wait to try the bruschetta or salad .,The wine and cheese plate are plentiful and can't wait to try the fondue or table grilling.,"['appetizers', 'appetizer', 'bruschetta', 'salad']","[{'term': 'appetizers', 'polarity': 'positive'}, {'term': 'appetizer', 'polarity': 'positive'}, {'term': 'bruschetta', 'polarity': 'positive'}, {'term': 'salad', 'polarity': 'positive'}]","[{'category': 'general', 'polarity': 'neutral'}]",2499
The appetizers and entree plate are plentiful and can ' t wait to try the dishes or courses .,The wine and cheese plate are plentiful and can't wait to try the fondue or table grilling.,"['appetizers', 'entree', 'dishes', 'courses']","[{'term': 'appetizers', 'polarity': 'positive'}, {'term': 'entree', 'polarity': 'positive'}, {'term': 'dishes', 'polarity': 'positive'}, {'term': 'courses', 'polarity': 'positive'}]","[{'category': 'general', 'polarity': 'neutral'}]",2500
The appetizers and brunch plate are plentiful and can ' t wait to try the appetizers or breakfast buffet .,The wine and cheese plate are plentiful and can't wait to try the fondue or table grilling.,"['appetizers', 'brunch', 'appetizers', 'breakfast buffet']","[{'term': 'appetizers', 'polarity': 'positive'}, {'term': 'brunch', 'polarity': 'positive'}, {'term': 'appetizers', 'polarity': 'positive'}, {'term': 'breakfast buffet', 'polarity': 'positive'}]","[{'category': 'general', 'polarity': 'neutral'}]",2501
"dinner service was excellent ( Try try lunch ), but pricy .","Sake collection was excellent (Try Nanbu Bijin), but pricy.","['dinner service', 'try lunch']","[{'term': 'dinner service', 'polarity': 'conflict'}, {'term': 'try lunch', 'polarity': 'positive'}]","[{'category': 'general', 'polarity': 'neutral'}]",2502
"service dining was excellent ( Try try menu ), but pricy .","Sake collection was excellent (Try Nanbu Bijin), but pricy.","['service dining', 'try menu']","[{'term': 'service dining', 'polarity': 'conflict'}, {'term': 'try menu', 'polarity': 'positive'}]","[{'category': 'general', 'polarity': 'neutral'}]",2503
"Dish Service was excellent ( Try Appetizers Entrees ), but pricy .","Sake collection was excellent (Try Nanbu Bijin), but pricy.","['Dish Service', 'Appetizers Entrees']","[{'term': 'Dish Service', 'polarity': 'conflict'}, {'term': 'Appetizers Entrees', 'polarity': 'positive'}]","[{'category': 'general', 'polarity': 'neutral'}]",2504
"It took half an hour to get our order , which was perfect since we could sit , have coffee and talk !","It took half an hour to get our check, which was perfect since we could sit, have drinks and talk!","['order', 'coffee']","[{'term': 'order', 'polarity': 'neutral'}, {'term': 'coffee', 'polarity': 'neutral'}]","[{'category': 'general', 'polarity': 'neutral'}]",2509
"It may be a bit crowded on weekends , but the food breakfast is good and it is the best brunch you will find in the area .","It may be a bit packed on weekends, but the vibe is good and it is the best French food you will find in the area.","['crowded', 'food breakfast', 'brunch']","[{'term': 'crowded', 'polarity': 'positive'}, {'term': 'food breakfast', 'polarity': 'positive'}, {'term': 'brunch', 'polarity': 'negative'}]","[{'category': 'general', 'polarity': 'neutral'}]",2511
"It may be a bit crowded on weekends , but the food Chinese is good and it is the best restaurant you will find in the area .","It may be a bit packed on weekends, but the vibe is good and it is the best French food you will find in the area.","['crowded', 'food Chinese', 'restaurant']","[{'term': 'crowded', 'polarity': 'positive'}, {'term': 'food Chinese', 'polarity': 'positive'}, {'term': 'restaurant', 'polarity': 'negative'}]","[{'category': 'general', 'polarity': 'neutral'}]",2513
reservation is highly refined : our seating was delayed 35 minutes past our appointment and the waiter d ' apologized and regularly kept us apprised of progress .,Service is highly refined: our seating was delayed 35 minutes past our reservation and the maitre d' apologized and regularly kept us apprised of progress.,"['reservation', 'appointment', 'waiter']","[{'term': 'reservation', 'polarity': 'positive'}, {'term': 'appointment', 'polarity': 'positive'}, {'term': 'waiter', 'polarity': 'negative'}]","[{'category': 'general', 'polarity': 'neutral'}]",2516
"Yes , they use fancy ingredients , but even fancy equipment don ' t make for good service unless someone knows how to get the flavor right .","Yes, they use fancy ingredients, but even fancy ingredients don't make for good pizza unless someone knows how to get the crust right.","['ingredients', 'equipment', 'service', 'flavor']","[{'term': 'ingredients', 'polarity': 'positive'}, {'term': 'equipment', 'polarity': 'positive'}, {'term': 'service', 'polarity': 'negative'}, {'term': 'flavor', 'polarity': 'neutral'}]","[{'category': 'general', 'polarity': 'neutral'}]",2517
"Yes , they use fancy silverware , but even fancy utensils don ' t make for good service unless someone knows how to get the flavors right .","Yes, they use fancy ingredients, but even fancy ingredients don't make for good pizza unless someone knows how to get the crust right.","['silverware', 'utensils', 'service', 'flavors']","[{'term': 'silverware', 'polarity': 'positive'}, {'term': 'utensils', 'polarity': 'positive'}, {'term': 'service', 'polarity': 'negative'}, {'term': 'flavors', 'polarity': 'neutral'}]","[{'category': 'general', 'polarity': 'neutral'}]",2518
"Yes , they use fancy cutlery , but even fancy equipment don ' t make for good food unless someone knows how to get the flavor right .","Yes, they use fancy ingredients, but even fancy ingredients don't make for good pizza unless someone knows how to get the crust right.","['cutlery', 'equipment', 'food', 'flavor']","[{'term': 'cutlery', 'polarity': 'positive'}, {'term': 'equipment', 'polarity': 'positive'}, {'term': 'food', 'polarity': 'negative'}, {'term': 'flavor', 'polarity': 'neutral'}]","[{'category': 'general', 'polarity': 'neutral'}]",2519
"Ok , so the waiters wander around a little clueless , but there ' s more than enough seats for the crowd they get -- it ' s fine , you just have to make a small effort to get their attention .","Ok, so the servers wander around a little clueless, but there's more than enough servers for the crowd they get -- it's fine, you just have to make a small effort to get their attention.","['waiters', 'seats']","[{'term': 'waiters', 'polarity': 'negative'}, {'term': 'seats', 'polarity': 'conflict'}]","[{'category': 'general', 'polarity': 'neutral'}]",2520
As we were sitting eating the subpar sandwich the server proceeded to berate a couple of his waiters order appetizers for putting out the wrong plates and explained to them how expensive these dishes were .,As we were sitting eating the subpar food the manager proceeded to berate a couple of his employees for putting out the wrong containers for condiments and explained to them how expensive these containers were.,"['sandwich', 'server', 'waiters order appetizers', 'plates', 'dishes']","[{'term': 'sandwich', 'polarity': 'negative'}, {'term': 'server', 'polarity': 'negative'}, {'term': 'waiters order appetizers', 'polarity': 'negative'}, {'term': 'plates', 'polarity': 'neutral'}, {'term': 'dishes', 'polarity': 'negative'}]","[{'category': 'general', 'polarity': 'neutral'}]",2523
As we were sitting eating the subpar sandwich the server proceeded to berate a couple of his waiters order plates for putting out the wrong items and explained to them how expensive these dishes were .,As we were sitting eating the subpar food the manager proceeded to berate a couple of his employees for putting out the wrong containers for condiments and explained to them how expensive these containers were.,"['sandwich', 'server', 'waiters order plates', 'items', 'dishes']","[{'term': 'sandwich', 'polarity': 'negative'}, {'term': 'server', 'polarity': 'negative'}, {'term': 'waiters order plates', 'polarity': 'negative'}, {'term': 'items', 'polarity': 'neutral'}, {'term': 'dishes', 'polarity': 'negative'}]","[{'category': 'general', 'polarity': 'neutral'}]",2524
As we were sitting eating the subpar sandwich the server proceeded to berate a couple of his servers order dishes for putting out the wrong menu and explained to them how expensive these items were .,As we were sitting eating the subpar food the manager proceeded to berate a couple of his employees for putting out the wrong containers for condiments and explained to them how expensive these containers were.,"['sandwich', 'server', 'servers order dishes', 'menu', 'items']","[{'term': 'sandwich', 'polarity': 'negative'}, {'term': 'server', 'polarity': 'negative'}, {'term': 'servers order dishes', 'polarity': 'negative'}, {'term': 'menu', 'polarity': 'neutral'}, {'term': 'items', 'polarity': 'negative'}]","[{'category': 'general', 'polarity': 'neutral'}]",2525
also make sure you pay attention to the fillings being piped in - quite a weird selection .,also make sure you pay attention to the music being piped in - quite a weird selection.,['fillings'],"[{'term': 'fillings', 'polarity': 'neutral'}]","[{'category': 'general', 'polarity': 'neutral'}]",2527
also make sure you pay attention to the sauces being piped in - quite a weird selection .,also make sure you pay attention to the music being piped in - quite a weird selection.,['sauces'],"[{'term': 'sauces', 'polarity': 'neutral'}]","[{'category': 'general', 'polarity': 'neutral'}]",2528
Usually 3 vs . 4 items per box .,Usually 3 vs. 4 items per dish.,['box'],"[{'term': 'box', 'polarity': 'neutral'}]","[{'category': 'general', 'polarity': 'neutral'}]",2529
Usually 3 vs . 4 items per tray .,Usually 3 vs. 4 items per dish.,['tray'],"[{'term': 'tray', 'polarity': 'neutral'}]","[{'category': 'general', 'polarity': 'neutral'}]",2530
Usually 3 vs . 4 items per shelf .,Usually 3 vs. 4 items per dish.,['shelf'],"[{'term': 'shelf', 'polarity': 'neutral'}]","[{'category': 'general', 'polarity': 'neutral'}]",2531
I was back - to - back with the customers at the tables customers behind me and staff had to hoist trays over our heads as they squeezed past us again and again .,I was back-to-back with the diner at the table behind me and wait staff had to hoist trays over our heads as they squeezed past us again and again.,"['customers', 'tables customers', 'staff']","[{'term': 'customers', 'polarity': 'neutral'}, {'term': 'tables customers', 'polarity': 'negative'}, {'term': 'staff', 'polarity': 'negative'}]","[{'category': 'general', 'polarity': 'neutral'}]",2535
I was back - to - back with the customers at the aisle we behind me and trays had to hoist trays over our heads as they squeezed past us again and again .,I was back-to-back with the diner at the table behind me and wait staff had to hoist trays over our heads as they squeezed past us again and again.,"['customers', 'aisle we', 'trays']","[{'term': 'customers', 'polarity': 'neutral'}, {'term': 'aisle we', 'polarity': 'negative'}, {'term': 'trays', 'polarity': 'negative'}]","[{'category': 'general', 'polarity': 'neutral'}]",2536
I was back - to - back with the waiters at the kitchen we behind me and them had to hoist trays over our heads as they squeezed past us again and again .,I was back-to-back with the diner at the table behind me and wait staff had to hoist trays over our heads as they squeezed past us again and again.,"['waiters', 'kitchen we', 'them']","[{'term': 'waiters', 'polarity': 'neutral'}, {'term': 'kitchen we', 'polarity': 'negative'}, {'term': 'them', 'polarity': 'negative'}]","[{'category': 'general', 'polarity': 'neutral'}]",2537
"Restaurant - the only cafe in NYC that should not have additional tables - the bread tastes like the best , freshly baked  !","Pizza - the only pizza in NYC that should not have additional toppings - the crust tastes like the best, freshly baked bread!","['Restaurant', 'cafe', 'tables', 'bread', '']","[{'term': 'Restaurant', 'polarity': 'positive'}, {'term': 'cafe', 'polarity': 'positive'}, {'term': 'tables', 'polarity': 'positive'}, {'term': 'bread', 'polarity': 'neutral'}, {'term': '', 'polarity': 'positive'}]","[{'category': 'general', 'polarity': 'neutral'}]",2541
"restaurant - the only Italian in NYC that should not have additional tables - the bread tastes like the best , freshly baked  !","Pizza - the only pizza in NYC that should not have additional toppings - the crust tastes like the best, freshly baked bread!","['restaurant', 'Italian', 'tables', 'bread', '']","[{'term': 'restaurant', 'polarity': 'positive'}, {'term': 'Italian', 'polarity': 'positive'}, {'term': 'tables', 'polarity': 'positive'}, {'term': 'bread', 'polarity': 'neutral'}, {'term': '', 'polarity': 'positive'}]","[{'category': 'general', 'polarity': 'neutral'}]",2542
"pastry - the only bakery in NYC that should not have additional tips - the bread tastes like the best , freshly baked  !","Pizza - the only pizza in NYC that should not have additional toppings - the crust tastes like the best, freshly baked bread!","['pastry', 'bakery', 'tips', 'bread', '']","[{'term': 'pastry', 'polarity': 'positive'}, {'term': 'bakery', 'polarity': 'positive'}, {'term': 'tips', 'polarity': 'positive'}, {'term': 'bread', 'polarity': 'neutral'}, {'term': '', 'polarity': 'positive'}]","[{'category': 'general', 'polarity': 'neutral'}]",2543
"I had a terrific meal , and our server guided us toward a very nice table in our dining , instead of allowing us to purchase a similarly restaurant menu that wasn ' t as good .","I had a terrific meal, and our server guided us toward a very nice wine in our price range, instead of allowing us to purchase a similarly priced wine that wasn't as good.","['meal', 'server', 'table', 'dining', 'restaurant menu', 'dish']","[{'term': 'meal', 'polarity': 'positive'}, {'term': 'server', 'polarity': 'positive'}, {'term': 'table', 'polarity': 'positive'}, {'term': 'dining', 'polarity': 'negative'}, {'term': 'restaurant menu', 'polarity': 'positive'}, {'term': 'dish', 'polarity': 'neutral'}]","[{'category': 'general', 'polarity': 'neutral'}]",2544
"I had a terrific dinner , and our server guided us toward a very nice restaurant in our hotel , instead of allowing us to purchase a similarly hotel similar that wasn ' t as good .","I had a terrific meal, and our server guided us toward a very nice wine in our price range, instead of allowing us to purchase a similarly priced wine that wasn't as good.","['dinner', 'server', 'restaurant', 'hotel', 'hotel similar', 'meal']","[{'term': 'dinner', 'polarity': 'positive'}, {'term': 'server', 'polarity': 'positive'}, {'term': 'restaurant', 'polarity': 'positive'}, {'term': 'hotel', 'polarity': 'negative'}, {'term': 'hotel similar', 'polarity': 'positive'}, {'term': 'meal', 'polarity': 'neutral'}]","[{'category': 'general', 'polarity': 'neutral'}]",2545
"I had a terrific meal , and our server guided us toward a very nice table in our restaurant , instead of allowing us to purchase a similarly dining expensive that wasn ' t as good .","I had a terrific meal, and our server guided us toward a very nice wine in our price range, instead of allowing us to purchase a similarly priced wine that wasn't as good.","['meal', 'server', 'table', 'restaurant', 'dining expensive', 'alternative']","[{'term': 'meal', 'polarity': 'positive'}, {'term': 'server', 'polarity': 'positive'}, {'term': 'table', 'polarity': 'positive'}, {'term': 'restaurant', 'polarity': 'negative'}, {'term': 'dining expensive', 'polarity': 'positive'}, {'term': 'alternative', 'polarity': 'neutral'}]","[{'category': 'general', 'polarity': 'neutral'}]",2546
They don ' t seem to place an emphasis on flavors or fresh ingredients which to me is necessary for good food .,They don't seem to place an emphasis on specials or fresh ingredients which to me is necessary for good thai.,"['flavors', 'ingredients', 'food']","[{'term': 'flavors', 'polarity': 'negative'}, {'term': 'ingredients', 'polarity': 'negative'}, {'term': 'food', 'polarity': 'neutral'}]","[{'category': 'general', 'polarity': 'neutral'}]",2547
They don ' t seem to place an emphasis on flavors or fresh produce which to me is necessary for good cuisine .,They don't seem to place an emphasis on specials or fresh ingredients which to me is necessary for good thai.,"['flavors', 'produce', 'cuisine']","[{'term': 'flavors', 'polarity': 'negative'}, {'term': 'produce', 'polarity': 'negative'}, {'term': 'cuisine', 'polarity': 'neutral'}]","[{'category': 'general', 'polarity': 'neutral'}]",2548
They don ' t seem to place an emphasis on ingredients or fresh produce which to me is necessary for good quality .,They don't seem to place an emphasis on specials or fresh ingredients which to me is necessary for good thai.,"['ingredients', 'produce', 'quality']","[{'term': 'ingredients', 'polarity': 'negative'}, {'term': 'produce', 'polarity': 'negative'}, {'term': 'quality', 'polarity': 'neutral'}]","[{'category': 'general', 'polarity': 'neutral'}]",2549
"While the dishes is not a hotspot hangout , the appetizers are unique and pack a lot of bang for the buck .","While the place is not a hotspot hangout, the drinks are unique and pack a lot of bang for the buck.","['dishes', 'appetizers']","[{'term': 'dishes', 'polarity': 'positive'}, {'term': 'appetizers', 'polarity': 'negative'}]","[{'category': 'general', 'polarity': 'neutral'}]",2550
"It ' s a shame that a nice , convenient service like the Pink Pony can be so ruined by lousy waitstaff .","It's a shame that a nice, convenient place like the Pink Pony can be so ruined by lousy service.","['service', 'waitstaff']","[{'term': 'service', 'polarity': 'positive'}, {'term': 'waitstaff', 'polarity': 'negative'}]","[{'category': 'general', 'polarity': 'neutral'}]",2554
"It ' s a shame that a nice , convenient location like the Pink Pony can be so ruined by lousy atmosphere .","It's a shame that a nice, convenient place like the Pink Pony can be so ruined by lousy service.","['location', 'atmosphere']","[{'term': 'location', 'polarity': 'positive'}, {'term': 'atmosphere', 'polarity': 'negative'}]","[{'category': 'general', 'polarity': 'neutral'}]",2555
I live in the neighborhood and my friends meet me down here not only for the late night dining but also the promise of The Pizza Place at 3am .,I live in the neighborhood and my friends meet me down here not only for the bar scene but also the promise of The Pizza Place at 3am.,['late night dining'],"[{'term': 'late night dining', 'polarity': 'positive'}]","[{'category': 'general', 'polarity': 'neutral'}]",2557
I live in the neighborhood and my friends meet me down here not only for the delicious food but also the promise of The Pizza Place at 3am .,I live in the neighborhood and my friends meet me down here not only for the bar scene but also the promise of The Pizza Place at 3am.,['delicious food'],"[{'term': 'delicious food', 'polarity': 'positive'}]","[{'category': 'general', 'polarity': 'neutral'}]",2558
"NO more reviews , expensive restaurants and annoying waiters .","NO more reservations, expensive tips and annoying stuff.","['reviews', 'restaurants', 'waiters']","[{'term': 'reviews', 'polarity': 'positive'}, {'term': 'restaurants', 'polarity': 'positive'}, {'term': 'waiters', 'polarity': 'positive'}]","[{'category': 'general', 'polarity': 'neutral'}]",2559
"NO more more , expensive dining and annoying waiters .","NO more reservations, expensive tips and annoying stuff.","['more', 'dining', 'waiters']","[{'term': 'more', 'polarity': 'positive'}, {'term': 'dining', 'polarity': 'positive'}, {'term': 'waiters', 'polarity': 'positive'}]","[{'category': 'general', 'polarity': 'neutral'}]",2560
"If presentation and style is your thing , then this magic show works .","If presentation and service is your thing, then this magic show works.",['style'],"[{'term': 'style', 'polarity': 'positive'}]","[{'category': 'general', 'polarity': 'neutral'}]",2562
"If presentation and magic is your thing , then this magic show works .","If presentation and service is your thing, then this magic show works.",['magic'],"[{'term': 'magic', 'polarity': 'positive'}]","[{'category': 'general', 'polarity': 'neutral'}]",2564
"Try the H and the e , a delicious and sweet tasting r e   i s   t h e   .","Try the congee and the donut like deep fried dough they call Ow Ley Soh, a delicious and sweet tasting bread.","['H', 'e', 'r e   i s   t h e  ']","[{'term': 'H', 'polarity': 'positive'}, {'term': 'e', 'polarity': 'positive'}, {'term': 'r e   i s   t h e  ', 'polarity': 'positive'}]","[{'category': 'general', 'polarity': 'neutral'}]",2565
"Try the appetizers and the entrees , a delicious and sweet tasting appetizing served fresh prepared daily menu dessert .","Try the congee and the donut like deep fried dough they call Ow Ley Soh, a delicious and sweet tasting bread.","['appetizers', 'entrees', 'appetizing served fresh prepared daily menu dessert']","[{'term': 'appetizers', 'polarity': 'positive'}, {'term': 'entrees', 'polarity': 'positive'}, {'term': 'appetizing served fresh prepared daily menu dessert', 'polarity': 'positive'}]","[{'category': 'general', 'polarity': 'neutral'}]",2566
"Try the appetizers and the desserts , a delicious and sweet tasting to order from the menu at the end cake .","Try the congee and the donut like deep fried dough they call Ow Ley Soh, a delicious and sweet tasting bread.","['appetizers', 'desserts', 'to order from the menu at the end cake']","[{'term': 'appetizers', 'polarity': 'positive'}, {'term': 'desserts', 'polarity': 'positive'}, {'term': 'to order from the menu at the end cake', 'polarity': 'positive'}]","[{'category': 'general', 'polarity': 'neutral'}]",2567
"My friends and I experienced amazing dishes and a delicious , new summer salad at Artisanal last night .","My friends and I experienced amazing cheese and a delicious, new summer menu at Artisanal last night.","['dishes', 'salad']","[{'term': 'dishes', 'polarity': 'positive'}, {'term': 'salad', 'polarity': 'positive'}]","[{'category': 'general', 'polarity': 'neutral'}]",2570
"No dining table , no food , plenty of comfort companionship , a great sofa to relax in an always busy Midtown .","No dress codes, no attitudes, plenty of comfort companionship, a great place to relax in an always busy Midtown.","['dining table', 'food', 'sofa']","[{'term': 'dining table', 'polarity': 'positive'}, {'term': 'food', 'polarity': 'positive'}, {'term': 'sofa', 'polarity': 'positive'}]","[{'category': 'general', 'polarity': 'neutral'}]",2574
"No tables service , no atmosphere , plenty of comfort companionship , a great sofa to relax in an always busy Midtown .","No dress codes, no attitudes, plenty of comfort companionship, a great place to relax in an always busy Midtown.","['tables service', 'atmosphere', 'sofa']","[{'term': 'tables service', 'polarity': 'positive'}, {'term': 'atmosphere', 'polarity': 'positive'}, {'term': 'sofa', 'polarity': 'positive'}]","[{'category': 'general', 'polarity': 'neutral'}]",2575
"No tables and , no food , plenty of comfort companionship , a great sofa to relax in an always busy Midtown .","No dress codes, no attitudes, plenty of comfort companionship, a great place to relax in an always busy Midtown.","['tables and', 'food', 'sofa']","[{'term': 'tables and', 'polarity': 'positive'}, {'term': 'food', 'polarity': 'positive'}, {'term': 'sofa', 'polarity': 'positive'}]","[{'category': 'general', 'polarity': 'neutral'}]",2576
The prices were CHEAP compared to the quality of food and drinks .,The prices were CHEAP compared to the quality of service and food.,"['prices', 'food', 'drinks']","[{'term': 'prices', 'polarity': 'positive'}, {'term': 'food', 'polarity': 'positive'}, {'term': 'drinks', 'polarity': 'positive'}]","[{'category': 'general', 'polarity': 'neutral'}]",2577
The meals were CHEAP compared to the quality of food and drinks .,The prices were CHEAP compared to the quality of service and food.,"['meals', 'food', 'drinks']","[{'term': 'meals', 'polarity': 'positive'}, {'term': 'food', 'polarity': 'positive'}, {'term': 'drinks', 'polarity': 'positive'}]","[{'category': 'general', 'polarity': 'neutral'}]",2579
The service waiter lacked flavor and the dish was unfortunately not as well prepared as in the past .,The miso soup lacked flavor and the fish was unfortunately not as well prepared as in the past.,"['service waiter', 'flavor', 'dish']","[{'term': 'service waiter', 'polarity': 'negative'}, {'term': 'flavor', 'polarity': 'negative'}, {'term': 'dish', 'polarity': 'negative'}]","[{'category': 'general', 'polarity': 'neutral'}]",2581
The service staff lacked ambiance and the kitchen was unfortunately not as well prepared as in the past .,The miso soup lacked flavor and the fish was unfortunately not as well prepared as in the past.,"['service staff', 'ambiance', 'kitchen']","[{'term': 'service staff', 'polarity': 'negative'}, {'term': 'ambiance', 'polarity': 'negative'}, {'term': 'kitchen', 'polarity': 'negative'}]","[{'category': 'general', 'polarity': 'neutral'}]",2582
"Of course this establishment is lacking , but what do you expect from a 24 hour diner place anyways ?","Of course this atmosphere is lacking, but what do you expect from a 24 hour bagel place anyways?","['establishment', 'diner']","[{'term': 'establishment', 'polarity': 'negative'}, {'term': 'diner', 'polarity': 'neutral'}]","[{'category': 'general', 'polarity': 'neutral'}]",2585
"Everything , from the soft mattress , soggy fries , and 50 minute wait time , with an incredibly rude server to deliver below average food .","Everything, from the soft bread, soggy salad, and 50 minute wait time, with an incredibly rude service to deliver below average food.","['mattress', 'fries', 'wait', 'server', 'food']","[{'term': 'mattress', 'polarity': 'negative'}, {'term': 'fries', 'polarity': 'negative'}, {'term': 'wait', 'polarity': 'negative'}, {'term': 'server', 'polarity': 'negative'}, {'term': 'food', 'polarity': 'negative'}]","[{'category': 'general', 'polarity': 'neutral'}]",2586
"Everything , from the soft buns , soggy fries , and 50 minute wait time , with an incredibly rude server to deliver below average food .","Everything, from the soft bread, soggy salad, and 50 minute wait time, with an incredibly rude service to deliver below average food.","['buns', 'fries', 'wait', 'server', 'food']","[{'term': 'buns', 'polarity': 'negative'}, {'term': 'fries', 'polarity': 'negative'}, {'term': 'wait', 'polarity': 'negative'}, {'term': 'server', 'polarity': 'negative'}, {'term': 'food', 'polarity': 'negative'}]","[{'category': 'general', 'polarity': 'neutral'}]",2587
"It cannot be the waiters , because the restaurant is very cramped and some guests have to sit in an aisle .","It cannot be the ambience, because the place is very cramped and some guests have to sit in an aisle.","['waiters', 'restaurant', 'aisle']","[{'term': 'waiters', 'polarity': 'negative'}, {'term': 'restaurant', 'polarity': 'negative'}, {'term': 'aisle', 'polarity': 'negative'}]","[{'category': 'general', 'polarity': 'neutral'}]",2589
"It cannot be the table , because the restaurant is very cramped and some guests have to sit in an aisle .","It cannot be the ambience, because the place is very cramped and some guests have to sit in an aisle.","['table', 'restaurant', 'aisle']","[{'term': 'table', 'polarity': 'negative'}, {'term': 'restaurant', 'polarity': 'negative'}, {'term': 'aisle', 'polarity': 'negative'}]","[{'category': 'general', 'polarity': 'neutral'}]",2590
"It cannot be the tables , because the restaurant is very cramped and some guests have to sit in an corner .","It cannot be the ambience, because the place is very cramped and some guests have to sit in an aisle.","['tables', 'restaurant', 'corner']","[{'term': 'tables', 'polarity': 'negative'}, {'term': 'restaurant', 'polarity': 'negative'}, {'term': 'corner', 'polarity': 'negative'}]","[{'category': 'general', 'polarity': 'neutral'}]",2591
The ambiance is very romantic and definitely a good choice to bring a date .,The ambience is very romantic and definitely a good place to bring a date.,"['ambiance', 'choice']","[{'term': 'ambiance', 'polarity': 'positive'}, {'term': 'choice', 'polarity': 'positive'}]","[{'category': 'general', 'polarity': 'neutral'}]",2592
The ambiance is very romantic and definitely a good spot to bring a date .,The ambience is very romantic and definitely a good place to bring a date.,"['ambiance', 'spot']","[{'term': 'ambiance', 'polarity': 'positive'}, {'term': 'spot', 'polarity': 'positive'}]","[{'category': 'general', 'polarity': 'neutral'}]",2593
The spicy curry wok is huge and probably the best that I ' ve had at this restaurant chain .,The spicy Tuna roll is huge and probably the best that I've had at this price range.,"['curry wok', 'restaurant chain']","[{'term': 'curry wok', 'polarity': 'positive'}, {'term': 'restaurant chain', 'polarity': 'positive'}]","[{'category': 'general', 'polarity': 'neutral'}]",2596
By far the best dishes I have had in a Chinese Szechuan restaurant .,By far the best salad I have had in a fast food restaurant.,"['dishes', 'Chinese Szechuan']","[{'term': 'dishes', 'polarity': 'positive'}, {'term': 'Chinese Szechuan', 'polarity': 'neutral'}]","[{'category': 'general', 'polarity': 'neutral'}]",2613
By far the best dinner I have had in a Asian Chinese restaurant .,By far the best salad I have had in a fast food restaurant.,"['dinner', 'Asian Chinese']","[{'term': 'dinner', 'polarity': 'positive'}, {'term': 'Asian Chinese', 'polarity': 'neutral'}]","[{'category': 'general', 'polarity': 'neutral'}]",2615
From the complimentary bread rolls of a hotel chain service staff food dish meal cocktail drinks to an amazing  to a  that I can ' t remember because of the fabulous  we were drinking -- the whole evening was amazing .,From the complimentary chef app of a delicate butternut squash ravioli in a delicious truffle sauce to an amazing buttery and tender langostine entree to a dessert that I can't remember because of the fabulous Cakebread Cabernet we were drinking -- the whole evening was amazing.,"['bread rolls', 'hotel chain service staff food dish meal cocktail drinks', '', '', '']","[{'term': 'bread rolls', 'polarity': 'positive'}, {'term': 'hotel chain service staff food dish meal cocktail drinks', 'polarity': 'positive'}, {'term': '', 'polarity': 'positive'}, {'term': '', 'polarity': 'neutral'}, {'term': '', 'polarity': 'positive'}]","[{'category': 'general', 'polarity': 'neutral'}]",2616
From the complimentary bread rolls of a wine list menu service attention details cocktails drinks evening to an amazing  to a  that I can ' t remember because of the fabulous  we were drinking -- the whole evening was amazing .,From the complimentary chef app of a delicate butternut squash ravioli in a delicious truffle sauce to an amazing buttery and tender langostine entree to a dessert that I can't remember because of the fabulous Cakebread Cabernet we were drinking -- the whole evening was amazing.,"['bread rolls', 'wine list menu service attention details cocktails drinks evening', '', '', '']","[{'term': 'bread rolls', 'polarity': 'positive'}, {'term': 'wine list menu service attention details cocktails drinks evening', 'polarity': 'positive'}, {'term': '', 'polarity': 'positive'}, {'term': '', 'polarity': 'neutral'}, {'term': '', 'polarity': 'positive'}]","[{'category': 'general', 'polarity': 'neutral'}]",2617
From the complimentary breadsticks bread of a buffet style decor ambiance music vibe service wines cocktails to an amazing experience to a  that I can ' t remember because of the fabulous  we were drinking -- the whole evening was amazing .,From the complimentary chef app of a delicate butternut squash ravioli in a delicious truffle sauce to an amazing buttery and tender langostine entree to a dessert that I can't remember because of the fabulous Cakebread Cabernet we were drinking -- the whole evening was amazing.,"['breadsticks bread', 'buffet style decor ambiance music vibe service wines cocktails', 'experience', '', '']","[{'term': 'breadsticks bread', 'polarity': 'positive'}, {'term': 'buffet style decor ambiance music vibe service wines cocktails', 'polarity': 'positive'}, {'term': 'experience', 'polarity': 'positive'}, {'term': '', 'polarity': 'neutral'}, {'term': '', 'polarity': 'positive'}]","[{'category': 'general', 'polarity': 'neutral'}]",2618
"We , there were four of us , arrived at noon - the place was empty - and the welcomed acted like we were imposing on them and they were very rude .","We, there were four of us, arrived at noon - the place was empty - and the staff acted like we were imposing on them and they were very rude.",['welcomed'],"[{'term': 'welcomed', 'polarity': 'negative'}]","[{'category': 'general', 'polarity': 'neutral'}]",2619
"We , there were four of us , arrived at noon - the place was empty - and the hostess acted like we were imposing on them and they were very rude .","We, there were four of us, arrived at noon - the place was empty - and the staff acted like we were imposing on them and they were very rude.",['hostess'],"[{'term': 'hostess', 'polarity': 'negative'}]","[{'category': 'general', 'polarity': 'neutral'}]",2620
"Went on a 3 day food binge , with finale bringing up the closing , and I am so glad this was the last it O trip ended , because it was so great !","Went on a 3 day oyster binge, with Fish bringing up the closing, and I am so glad this was the place it O trip ended, because it was so great!","['food', 'finale', 'last']","[{'term': 'food', 'polarity': 'positive'}, {'term': 'finale', 'polarity': 'neutral'}, {'term': 'last', 'polarity': 'neutral'}]","[{'category': 'general', 'polarity': 'neutral'}]",2625
"Went on a 3 day food binge , with dinner bringing up the closing , and I am so glad this was the last it O trip ended , because it was so great !","Went on a 3 day oyster binge, with Fish bringing up the closing, and I am so glad this was the place it O trip ended, because it was so great!","['food', 'dinner', 'last']","[{'term': 'food', 'polarity': 'positive'}, {'term': 'dinner', 'polarity': 'neutral'}, {'term': 'last', 'polarity': 'neutral'}]","[{'category': 'general', 'polarity': 'neutral'}]",2626
"Went on a 3 day spending binge , with he bringing up the closing , and I am so glad this was the first it O trip ended , because it was so great !","Went on a 3 day oyster binge, with Fish bringing up the closing, and I am so glad this was the place it O trip ended, because it was so great!","['spending', 'he', 'first']","[{'term': 'spending', 'polarity': 'positive'}, {'term': 'he', 'polarity': 'neutral'}, {'term': 'first', 'polarity': 'neutral'}]","[{'category': 'general', 'polarity': 'neutral'}]",2627
"this is the best secret place in midtown ', I heard that from the server , after having brilliant dinner ( try brunch ) and omelette coffee patio on the  last Tuesday .","this is the best secret place in midtown', I heard that from the bartender, after having brilliant food ( try steak with portobello mushrooms) and drinks on the bar last Tuesday.","['server', 'dinner', 'brunch', 'omelette coffee patio', '']","[{'term': 'server', 'polarity': 'neutral'}, {'term': 'dinner', 'polarity': 'positive'}, {'term': 'brunch', 'polarity': 'positive'}, {'term': 'omelette coffee patio', 'polarity': 'positive'}, {'term': '', 'polarity': 'neutral'}]","[{'category': 'general', 'polarity': 'neutral'}]",2628
"this is the best secret place in midtown ', I heard that from the waiter , after having brilliant brunch ( try eggs ) and benedict coffee table on the  last Tuesday .","this is the best secret place in midtown', I heard that from the bartender, after having brilliant food ( try steak with portobello mushrooms) and drinks on the bar last Tuesday.","['waiter', 'brunch', 'eggs', 'benedict coffee table', '']","[{'term': 'waiter', 'polarity': 'neutral'}, {'term': 'brunch', 'polarity': 'positive'}, {'term': 'eggs', 'polarity': 'positive'}, {'term': 'benedict coffee table', 'polarity': 'positive'}, {'term': '', 'polarity': 'neutral'}]","[{'category': 'general', 'polarity': 'neutral'}]",2629
"this is the best secret place in midtown ', I heard that from the waiter , after having brilliant brunch ( try omelette ) and scrambled eggs rooftop on the  last Tuesday .","this is the best secret place in midtown', I heard that from the bartender, after having brilliant food ( try steak with portobello mushrooms) and drinks on the bar last Tuesday.","['waiter', 'brunch', 'omelette', 'scrambled eggs rooftop', '']","[{'term': 'waiter', 'polarity': 'neutral'}, {'term': 'brunch', 'polarity': 'positive'}, {'term': 'omelette', 'polarity': 'positive'}, {'term': 'scrambled eggs rooftop', 'polarity': 'positive'}, {'term': '', 'polarity': 'neutral'}]","[{'category': 'general', 'polarity': 'neutral'}]",2630
Jimmy ' s is hands down the hottest night club in the Bronx .,Jimmy's is hands down the hottest night spot in the Bronx.,['club'],"[{'term': 'club', 'polarity': 'positive'}]","[{'category': 'general', 'polarity': 'neutral'}]",2632
I would highly recommend Nina ' s to anyone who wants to have a romantic dinner in a heart warming cozy filled with flowers and family atmosphere .,I would highly recommend Nina's to anyone who wants to have a romantic dinner in a heart warming surrounding filled with candles and family pictures.,"['dinner', 'cozy', 'flowers', 'atmosphere']","[{'term': 'dinner', 'polarity': 'positive'}, {'term': 'cozy', 'polarity': 'positive'}, {'term': 'flowers', 'polarity': 'positive'}, {'term': 'atmosphere', 'polarity': 'positive'}]","[{'category': 'general', 'polarity': 'neutral'}]",2640
I would highly recommend Nina ' s to anyone who wants to have a romantic dinner in a heart warming cozy filled with laughter and family traditions .,I would highly recommend Nina's to anyone who wants to have a romantic dinner in a heart warming surrounding filled with candles and family pictures.,"['dinner', 'cozy', 'laughter', 'traditions']","[{'term': 'dinner', 'polarity': 'positive'}, {'term': 'cozy', 'polarity': 'positive'}, {'term': 'laughter', 'polarity': 'positive'}, {'term': 'traditions', 'polarity': 'positive'}]","[{'category': 'general', 'polarity': 'neutral'}]",2641
"both are very reasonably priced ( around $ 8 for meals and $ 5 for dishes ), and are delicious and filling .","both are very reasonably priced (around $8 for dinner and $5 for lunch), and are delicious and filling.","['priced', 'meals', 'dishes']","[{'term': 'priced', 'polarity': 'positive'}, {'term': 'meals', 'polarity': 'positive'}, {'term': 'dishes', 'polarity': 'positive'}]","[{'category': 'general', 'polarity': 'neutral'}]",2646
"Check it out , it won ' t hurt your wallet or your creditcard .","Check it out, it won't hurt your stomach or your wallet.","['wallet', 'creditcard']","[{'term': 'wallet', 'polarity': 'positive'}, {'term': 'creditcard', 'polarity': 'positive'}]","[{'category': 'general', 'polarity': 'neutral'}]",2650
"Check it out , it won ' t hurt your wallet or your credit card .","Check it out, it won't hurt your stomach or your wallet.","['wallet', 'credit card']","[{'term': 'wallet', 'polarity': 'positive'}, {'term': 'credit card', 'polarity': 'positive'}]","[{'category': 'general', 'polarity': 'neutral'}]",2651
Try the appetizers bruschetta antipasto -- recommended by the chef ( also available without vodka .),Try the Times Square cocktail -- ginger lemonade with vodka (also available without vodka.),"['appetizers bruschetta antipasto', 'recommended by the chef']","[{'term': 'appetizers bruschetta antipasto', 'polarity': 'positive'}, {'term': 'recommended by the chef', 'polarity': 'positive'}]","[{'category': 'general', 'polarity': 'neutral'}]",2652
Try the appetizer bruschetta flavors -- expensive high quality good ( also available without vodka .),Try the Times Square cocktail -- ginger lemonade with vodka (also available without vodka.),"['appetizer bruschetta flavors', 'expensive high quality good']","[{'term': 'appetizer bruschetta flavors', 'polarity': 'positive'}, {'term': 'expensive high quality good', 'polarity': 'positive'}]","[{'category': 'general', 'polarity': 'neutral'}]",2653
Try the appetizers special menu -- reason highly recommended price ( also available without vodka .),Try the Times Square cocktail -- ginger lemonade with vodka (also available without vodka.),"['appetizers special menu', 'reason highly recommended price']","[{'term': 'appetizers special menu', 'polarity': 'positive'}, {'term': 'reason highly recommended price', 'polarity': 'positive'}]","[{'category': 'general', 'polarity': 'neutral'}]",2654
"One of my favorites though was the dish dessert , a chocolate cake magnificent that was magnificent .","One of my favorites though was the Angry Lobster, a cold lobster salad that was magnificent.","['dish dessert', 'chocolate cake magnificent']","[{'term': 'dish dessert', 'polarity': 'positive'}, {'term': 'chocolate cake magnificent', 'polarity': 'positive'}]","[{'category': 'general', 'polarity': 'neutral'}]",2655
"One of my favorites though was the dishes course , a seafood lobster entree that was magnificent .","One of my favorites though was the Angry Lobster, a cold lobster salad that was magnificent.","['dishes course', 'seafood lobster entree']","[{'term': 'dishes course', 'polarity': 'positive'}, {'term': 'seafood lobster entree', 'polarity': 'positive'}]","[{'category': 'general', 'polarity': 'neutral'}]",2656
"One of my favorites though was the dish entree , a grilled steak sirloin that was magnificent .","One of my favorites though was the Angry Lobster, a cold lobster salad that was magnificent.","['dish entree', 'grilled steak sirloin']","[{'term': 'dish entree', 'polarity': 'positive'}, {'term': 'grilled steak sirloin', 'polarity': 'positive'}]","[{'category': 'general', 'polarity': 'neutral'}]",2657
"They did not have appetizers , forgot our order , left out ingredients ( ie special in an dish ), below hot temperatures and the plate was so over cooked it crumbled on the  when you touched it .","They did not have mayonnaise, forgot our toast, left out ingredients (ie cheese in an omelet), below hot temperatures and the bacon was so over cooked it crumbled on the plate when you touched it.","['appetizers', 'order', 'ingredients', 'special', 'dish', 'plate', '']","[{'term': 'appetizers', 'polarity': 'negative'}, {'term': 'order', 'polarity': 'negative'}, {'term': 'ingredients', 'polarity': 'negative'}, {'term': 'special', 'polarity': 'neutral'}, {'term': 'dish', 'polarity': 'negative'}, {'term': 'plate', 'polarity': 'neutral'}, {'term': '', 'polarity': 'neutral'}]","[{'category': 'general', 'polarity': 'neutral'}]",2658
"They did not have reservation , forgot our order , left out ingredient ( ie dish in an oven ), below hot temperatures and the plate was so over cooked it crumbled on the  when you touched it .","They did not have mayonnaise, forgot our toast, left out ingredients (ie cheese in an omelet), below hot temperatures and the bacon was so over cooked it crumbled on the plate when you touched it.","['reservation', 'order', 'ingredient', 'dish', 'oven', 'plate', '']","[{'term': 'reservation', 'polarity': 'negative'}, {'term': 'order', 'polarity': 'negative'}, {'term': 'ingredient', 'polarity': 'negative'}, {'term': 'dish', 'polarity': 'neutral'}, {'term': 'oven', 'polarity': 'negative'}, {'term': 'plate', 'polarity': 'neutral'}, {'term': '', 'polarity': 'neutral'}]","[{'category': 'general', 'polarity': 'neutral'}]",2659
"They did not have appetizer , forgot our order , left out ingredient ( ie dish in an plate ), below hot temperatures and the  was so over cooked it crumbled on the  when you touched it .","They did not have mayonnaise, forgot our toast, left out ingredients (ie cheese in an omelet), below hot temperatures and the bacon was so over cooked it crumbled on the plate when you touched it.","['appetizer', 'order', 'ingredient', 'dish', 'plate', '', '']","[{'term': 'appetizer', 'polarity': 'negative'}, {'term': 'order', 'polarity': 'negative'}, {'term': 'ingredient', 'polarity': 'negative'}, {'term': 'dish', 'polarity': 'neutral'}, {'term': 'plate', 'polarity': 'negative'}, {'term': '', 'polarity': 'neutral'}, {'term': '', 'polarity': 'neutral'}]","[{'category': 'general', 'polarity': 'neutral'}]",2660
The backrests are uncomfortable if you are sitting against the wall on wooden benches .,The seats are uncomfortable if you are sitting against the wall on wooden benches.,['backrests'],"[{'term': 'backrests', 'polarity': 'negative'}]","[{'category': 'general', 'polarity': 'neutral'}]",2663
"I stumbled upon this second floor walk - up two Fridays ago when I was with two friends in town from L . A . Being serious food lovers , we sat at the bar stools to be closer to the action .","I stumbled upon this second floor walk-up two Fridays ago when I was with two friends in town from L.A. Being serious sushi lovers, we sat at the sushi bar to be closer to the action.","['food', 'bar stools']","[{'term': 'food', 'polarity': 'neutral'}, {'term': 'bar stools', 'polarity': 'neutral'}]","[{'category': 'general', 'polarity': 'neutral'}]",2665
"I stumbled upon this second floor walk - up two Fridays ago when I was with two friends in town from L . A . Being serious foodie lovers , we sat at the tables seats to be closer to the action .","I stumbled upon this second floor walk-up two Fridays ago when I was with two friends in town from L.A. Being serious sushi lovers, we sat at the sushi bar to be closer to the action.","['foodie', 'tables seats']","[{'term': 'foodie', 'polarity': 'neutral'}, {'term': 'tables seats', 'polarity': 'neutral'}]","[{'category': 'general', 'polarity': 'neutral'}]",2666
This is a consistently great place to dine for breakfast or lunch .,This is a consistently great place to dine for lunch or dinner.,"['dine', 'breakfast', 'lunch']","[{'term': 'dine', 'polarity': 'neutral'}, {'term': 'breakfast', 'polarity': 'neutral'}, {'term': 'lunch', 'polarity': 'positive'}]","[{'category': 'general', 'polarity': 'neutral'}]",2671
"A narrow hallway leads to a tiny kitchen where there are three tiny white tiled stools , a great deal of mess ( stacks of bottles , cans ) and a small pantry holding 12 - 14 bottles .","A narrow corridor leads to a tiny space where there are three tiny white tiled counters, a great deal of mess (stacks of bottles, cans) and a small counter holding 12-14 entrees.","['hallway', 'kitchen', 'stools', 'pantry', 'bottles']","[{'term': 'hallway', 'polarity': 'negative'}, {'term': 'kitchen', 'polarity': 'negative'}, {'term': 'stools', 'polarity': 'negative'}, {'term': 'pantry', 'polarity': 'negative'}, {'term': 'bottles', 'polarity': 'neutral'}]","[{'category': 'general', 'polarity': 'neutral'}]",2676
"A narrow corridor leads to a tiny room where there are three tiny white tiled tiles , a great deal of mess ( stacks of bottles , cans ) and a small counter holding 12 - 14 tables .","A narrow corridor leads to a tiny space where there are three tiny white tiled counters, a great deal of mess (stacks of bottles, cans) and a small counter holding 12-14 entrees.","['corridor', 'room', 'tiles', 'counter', 'tables']","[{'term': 'corridor', 'polarity': 'negative'}, {'term': 'room', 'polarity': 'negative'}, {'term': 'tiles', 'polarity': 'negative'}, {'term': 'counter', 'polarity': 'negative'}, {'term': 'tables', 'polarity': 'neutral'}]","[{'category': 'general', 'polarity': 'neutral'}]",2677
"A narrow hallway leads to a tiny room where there are three tiny white tiled walls , a great deal of mess ( stacks of bottles , cans ) and a small bar holding 12 - 14 beers .","A narrow corridor leads to a tiny space where there are three tiny white tiled counters, a great deal of mess (stacks of bottles, cans) and a small counter holding 12-14 entrees.","['hallway', 'room', 'walls', 'bar', 'beers']","[{'term': 'hallway', 'polarity': 'negative'}, {'term': 'room', 'polarity': 'negative'}, {'term': 'walls', 'polarity': 'negative'}, {'term': 'bar', 'polarity': 'negative'}, {'term': 'beers', 'polarity': 'neutral'}]","[{'category': 'general', 'polarity': 'neutral'}]",2678
"We were still sitting at the table while we drank the coffee , but facing away from the window when we turned back around , the $ 2 was gone the people next to us said the bartender took it .","We were still sitting at the bar while we drank the sangria, but facing away from the bar when we turned back around, the $2 was gone the people next to us said the bartender took it.","['table', 'coffee', 'window', 'bartender']","[{'term': 'table', 'polarity': 'neutral'}, {'term': 'coffee', 'polarity': 'neutral'}, {'term': 'window', 'polarity': 'neutral'}, {'term': 'bartender', 'polarity': 'negative'}]","[{'category': 'general', 'polarity': 'neutral'}]",2679
"We were still sitting at the table while we drank the wine , but facing away from the bar when we turned back around , the $ 2 was gone the people next to us said the thief took it .","We were still sitting at the bar while we drank the sangria, but facing away from the bar when we turned back around, the $2 was gone the people next to us said the bartender took it.","['table', 'wine', 'bar', 'thief']","[{'term': 'table', 'polarity': 'neutral'}, {'term': 'wine', 'polarity': 'neutral'}, {'term': 'bar', 'polarity': 'neutral'}, {'term': 'thief', 'polarity': 'negative'}]","[{'category': 'general', 'polarity': 'neutral'}]",2680
The restaurant here does a great service to the name ( brand that is ...).,The food here does a great service to the name (Cantonese that is...).,"['restaurant', 'brand']","[{'term': 'restaurant', 'polarity': 'positive'}, {'term': 'brand', 'polarity': 'positive'}]","[{'category': 'general', 'polarity': 'neutral'}]",2682
The restaurant here does a great service to the name ( Michelin that is ...).,The food here does a great service to the name (Cantonese that is...).,"['restaurant', 'Michelin']","[{'term': 'restaurant', 'polarity': 'positive'}, {'term': 'Michelin', 'polarity': 'positive'}]","[{'category': 'general', 'polarity': 'neutral'}]",2683
I ordered the steak medium rare well cooked and it was off flavor .,I ordered the smoked salmon and roe appetizer and it was off flavor.,['steak medium rare well cooked'],"[{'term': 'steak medium rare well cooked', 'polarity': 'negative'}]","[{'category': 'general', 'polarity': 'neutral'}]",2685
I ordered the burger well done medium beef and it was off flavor .,I ordered the smoked salmon and roe appetizer and it was off flavor.,['burger well done medium beef'],"[{'term': 'burger well done medium beef', 'polarity': 'negative'}]","[{'category': 'general', 'polarity': 'neutral'}]",2686
I ordered the dish spaghetti carbonara main course and it was off flavor .,I ordered the smoked salmon and roe appetizer and it was off flavor.,['dish spaghetti carbonara main course'],"[{'term': 'dish spaghetti carbonara main course', 'polarity': 'negative'}]","[{'category': 'general', 'polarity': 'neutral'}]",2687
The waiter was really cool and treated us our bill and tips with a smile .,The server was really cool and served us our food and drinks with a smile.,"['waiter', 'treated', 'bill', 'tips']","[{'term': 'waiter', 'polarity': 'positive'}, {'term': 'treated', 'polarity': 'neutral'}, {'term': 'bill', 'polarity': 'neutral'}, {'term': 'tips', 'polarity': 'positive'}]","[{'category': 'general', 'polarity': 'neutral'}]",2688
The waiter was really cool and brought us our order and bill with a smile .,The server was really cool and served us our food and drinks with a smile.,"['waiter', 'brought', 'order', 'bill']","[{'term': 'waiter', 'polarity': 'positive'}, {'term': 'brought', 'polarity': 'neutral'}, {'term': 'order', 'polarity': 'neutral'}, {'term': 'bill', 'polarity': 'positive'}]","[{'category': 'general', 'polarity': 'neutral'}]",2689
The host was really cool and greeted us our bill and tips with a smile .,The server was really cool and served us our food and drinks with a smile.,"['host', 'greeted', 'bill', 'tips']","[{'term': 'host', 'polarity': 'positive'}, {'term': 'greeted', 'polarity': 'neutral'}, {'term': 'bill', 'polarity': 'neutral'}, {'term': 'tips', 'polarity': 'positive'}]","[{'category': 'general', 'polarity': 'neutral'}]",2690
"Still , any quibbles about the wines were off - set by the pour - your - own beer tap selection which were courtesey of the house ...","Still, any quibbles about the bill were off-set by the pour-your-own measures of liquers which were courtesey of the house...","['wines', 'beer tap selection']","[{'term': 'wines', 'polarity': 'conflict'}, {'term': 'beer tap selection', 'polarity': 'positive'}]","[{'category': 'general', 'polarity': 'neutral'}]",2691
The people's pleasure of sitting on the sidewalk watching the world go by 50 feet away on 6th avenue on a cool evening was wonderful .,The outdoor atmosphere of sitting on the sidewalk watching the world go by 50 feet away on 6th avenue on a cool evening was wonderful.,"[""people's pleasure""]","[{'term': ""people's pleasure"", 'polarity': 'positive'}]","[{'category': 'general', 'polarity': 'neutral'}]",2697
The pleasure joy of sitting on the sidewalk watching the world go by 50 feet away on 6th avenue on a cool evening was wonderful .,The outdoor atmosphere of sitting on the sidewalk watching the world go by 50 feet away on 6th avenue on a cool evening was wonderful.,['pleasure joy'],"[{'term': 'pleasure joy', 'polarity': 'positive'}]","[{'category': 'general', 'polarity': 'neutral'}]",2698
"if you ' re looking for perfect traditional dishes , go here - if you ' re looking for interesting combinations , try fusion of gari ' s ( east side ).","if you're looking for perfect traditional sushi, go here - if you're looking for interesting combinations, try sushi of gari's (east side).","['dishes', 'fusion']","[{'term': 'dishes', 'polarity': 'positive'}, {'term': 'fusion', 'polarity': 'positive'}]","[{'category': 'general', 'polarity': 'neutral'}]",2704
"The restaurants menu , ambience decorations and various other dishes all look good on paper but , I ' ve had better experiences in less asthetically pleasing establishments .","The Pad thai, lad nar and various other dishes all look good on paper but, I've had better thai food in less asthetically pleasing places.","['restaurants menu', 'ambience decorations', 'dishes', 'experiences', 'establishments']","[{'term': 'restaurants menu', 'polarity': 'conflict'}, {'term': 'ambience decorations', 'polarity': 'conflict'}, {'term': 'dishes', 'polarity': 'conflict'}, {'term': 'experiences', 'polarity': 'negative'}, {'term': 'establishments', 'polarity': 'neutral'}]","[{'category': 'general', 'polarity': 'neutral'}]",2709
"The restaurants menu , presentation dishes and various other options all look good on paper but , I ' ve had better restaurants in less asthetically pleasing dishes locations .","The Pad thai, lad nar and various other dishes all look good on paper but, I've had better thai food in less asthetically pleasing places.","['restaurants menu', 'presentation dishes', 'options', 'restaurants', 'dishes locations']","[{'term': 'restaurants menu', 'polarity': 'conflict'}, {'term': 'presentation dishes', 'polarity': 'conflict'}, {'term': 'options', 'polarity': 'conflict'}, {'term': 'restaurants', 'polarity': 'negative'}, {'term': 'dishes locations', 'polarity': 'neutral'}]","[{'category': 'general', 'polarity': 'neutral'}]",2710
"The restaurants options , dishes dishes and various other establishments all look good on paper but , I ' ve had better experiences in less asthetically pleasing places .","The Pad thai, lad nar and various other dishes all look good on paper but, I've had better thai food in less asthetically pleasing places.","['restaurants options', 'dishes dishes', 'establishments', 'experiences', 'places']","[{'term': 'restaurants options', 'polarity': 'conflict'}, {'term': 'dishes dishes', 'polarity': 'conflict'}, {'term': 'establishments', 'polarity': 'conflict'}, {'term': 'experiences', 'polarity': 'negative'}, {'term': 'places', 'polarity': 'neutral'}]","[{'category': 'general', 'polarity': 'neutral'}]",2711
"Only dishes and drinks are recommended menu , but the items are actually quite good .","Only wine and beer are served, but the house varities are actually quite good.","['dishes', 'drinks', 'recommended menu', 'items']","[{'term': 'dishes', 'polarity': 'neutral'}, {'term': 'drinks', 'polarity': 'neutral'}, {'term': 'recommended menu', 'polarity': 'positive'}, {'term': 'items', 'polarity': 'negative'}]","[{'category': 'general', 'polarity': 'neutral'}]",2712
"Only dishes and utensils are clean main , but the courses are actually quite good .","Only wine and beer are served, but the house varities are actually quite good.","['dishes', 'utensils', 'clean main', 'courses']","[{'term': 'dishes', 'polarity': 'neutral'}, {'term': 'utensils', 'polarity': 'neutral'}, {'term': 'clean main', 'polarity': 'positive'}, {'term': 'courses', 'polarity': 'negative'}]","[{'category': 'general', 'polarity': 'neutral'}]",2713
"Only waiters and waitresses are friendly menu , but the items are actually quite good .","Only wine and beer are served, but the house varities are actually quite good.","['waiters', 'waitresses', 'friendly menu', 'items']","[{'term': 'waiters', 'polarity': 'neutral'}, {'term': 'waitresses', 'polarity': 'neutral'}, {'term': 'friendly menu', 'polarity': 'positive'}, {'term': 'items', 'polarity': 'negative'}]","[{'category': 'general', 'polarity': 'neutral'}]",2714
"The cuisine is very good too but for the most part , it ' s just regular food , nothing special .","The food is very good too but for the most part, it's just regular food, nothing special.","['cuisine', 'food']","[{'term': 'cuisine', 'polarity': 'positive'}, {'term': 'food', 'polarity': 'neutral'}]","[{'category': 'general', 'polarity': 'neutral'}]",2718
"The menu is very good too but for the most part , it ' s just regular dishes , nothing special .","The food is very good too but for the most part, it's just regular food, nothing special.","['menu', 'dishes']","[{'term': 'menu', 'polarity': 'positive'}, {'term': 'dishes', 'polarity': 'neutral'}]","[{'category': 'general', 'polarity': 'neutral'}]",2719
"Shockingly easy to throw a party planning here : simple contract , deposit only to hold the date the entire 2nd fl mezz for our grp of 20 .","Shockingly easy to throw a group dinner here: simple contract, deposit only to hold the date the entire 2nd fl mezz for our grp of 20.",['party planning'],"[{'term': 'party planning', 'polarity': 'neutral'}]","[{'category': 'general', 'polarity': 'neutral'}]",2730
"Shockingly easy to throw a party wedding here : simple contract , deposit only to hold the date the entire 2nd fl mezz for our grp of 20 .","Shockingly easy to throw a group dinner here: simple contract, deposit only to hold the date the entire 2nd fl mezz for our grp of 20.",['party wedding'],"[{'term': 'party wedding', 'polarity': 'neutral'}]","[{'category': 'general', 'polarity': 'neutral'}]",2732
"If you want Americanized Chinese sushi with your usual watery , generic coffee tea , this is your place .","If you want Americanized Chinese food with your usual watery, generic white sauce, this is your place.","['Chinese sushi', 'coffee tea']","[{'term': 'Chinese sushi', 'polarity': 'negative'}, {'term': 'coffee tea', 'polarity': 'neutral'}]","[{'category': 'general', 'polarity': 'neutral'}]",2737
I had a huge stomach ache on a roll .,I had a huge pastrami sandwich on a roll.,['stomach ache'],"[{'term': 'stomach ache', 'polarity': 'positive'}]","[{'category': 'general', 'polarity': 'neutral'}]",2741
Won ' t or Can ' t is not in the directory directory .,Won't or Can't is not in the service directory.,['directory'],"[{'term': 'directory', 'polarity': 'positive'}]","[{'category': 'general', 'polarity': 'neutral'}]",2745
The menu options is extensive and can easily hike up an otherwise reasonably  .,The wine list is extensive and can easily hike up an otherwise reasonably priced meal.,"['menu options', '', '']","[{'term': 'menu options', 'polarity': 'positive'}, {'term': '', 'polarity': 'positive'}, {'term': '', 'polarity': 'positive'}]","[{'category': 'general', 'polarity': 'neutral'}]",2748
The menu selection is extensive and can easily hike up an otherwise reasonably unremarkable .,The wine list is extensive and can easily hike up an otherwise reasonably priced meal.,"['menu selection', 'unremarkable', 'prices']","[{'term': 'menu selection', 'polarity': 'positive'}, {'term': 'unremarkable', 'polarity': 'positive'}, {'term': 'prices', 'polarity': 'positive'}]","[{'category': 'general', 'polarity': 'neutral'}]",2749
The menu options is extensive and can easily hike up an otherwise reasonably priced .,The wine list is extensive and can easily hike up an otherwise reasonably priced meal.,"['menu options', 'priced', 'bill']","[{'term': 'menu options', 'polarity': 'positive'}, {'term': 'priced', 'polarity': 'positive'}, {'term': 'bill', 'polarity': 'positive'}]","[{'category': 'general', 'polarity': 'neutral'}]",2750
A great way to make some money is to buy a business lot lottery from Costco and sell it right outside for only $ 2 . 50 .,A great way to make some money is to buy a case of snapple from Costco and sell it right outside for only $2.50.,['business lot lottery'],"[{'term': 'business lot lottery', 'polarity': 'neutral'}]","[{'category': 'general', 'polarity': 'neutral'}]",2754
A great way to make some money is to buy a lot bulk pack from Costco and sell it right outside for only $ 2 . 50 .,A great way to make some money is to buy a case of snapple from Costco and sell it right outside for only $2.50.,['lot bulk pack'],"[{'term': 'lot bulk pack', 'polarity': 'neutral'}]","[{'category': 'general', 'polarity': 'neutral'}]",2755
A great way to make some money is to buy a hot wheel bicycle from Costco and sell it right outside for only $ 2 . 50 .,A great way to make some money is to buy a case of snapple from Costco and sell it right outside for only $2.50.,['hot wheel bicycle'],"[{'term': 'hot wheel bicycle', 'polarity': 'neutral'}]","[{'category': 'general', 'polarity': 'neutral'}]",2756
The prices are also reasonably affordable for NYC .,The bagels are also reasonably priced for NYC.,"['prices', 'affordable']","[{'term': 'prices', 'polarity': 'positive'}, {'term': 'affordable', 'polarity': 'positive'}]","[{'category': 'general', 'polarity': 'neutral'}]",2758
"The portions , served in small tasting bites ( as an option ) is very good with each course being better than the next .","The food, served in small tasting portions (as an option) is very good with each dish being better than the next.","['portions', 'served', 'bites', 'course']","[{'term': 'portions', 'polarity': 'positive'}, {'term': 'served', 'polarity': 'neutral'}, {'term': 'bites', 'polarity': 'positive'}, {'term': 'course', 'polarity': 'positive'}]","[{'category': 'general', 'polarity': 'neutral'}]",2760
"The portions , plates in small tasting portions ( as an option ) is very good with each course being better than the next .","The food, served in small tasting portions (as an option) is very good with each dish being better than the next.","['portions', 'plates', 'portions', 'course']","[{'term': 'portions', 'polarity': 'positive'}, {'term': 'plates', 'polarity': 'neutral'}, {'term': 'portions', 'polarity': 'positive'}, {'term': 'course', 'polarity': 'positive'}]","[{'category': 'general', 'polarity': 'neutral'}]",2761
"The portions , served in small tasting portions ( as an option ) is very good with each dish being better than the next .","The food, served in small tasting portions (as an option) is very good with each dish being better than the next.","['portions', 'served', 'portions', 'dish']","[{'term': 'portions', 'polarity': 'positive'}, {'term': 'served', 'polarity': 'neutral'}, {'term': 'portions', 'polarity': 'positive'}, {'term': 'dish', 'polarity': 'positive'}]","[{'category': 'general', 'polarity': 'neutral'}]",2762
This place has realy fresh seafood and a nice large selection of salads sandwiches staff .,This place has realy fresh sushi and a nice large menu of Japanese classic cuisine.,"['seafood', 'selection', 'salads sandwiches staff']","[{'term': 'seafood', 'polarity': 'positive'}, {'term': 'selection', 'polarity': 'positive'}, {'term': 'salads sandwiches staff', 'polarity': 'positive'}]","[{'category': 'general', 'polarity': 'neutral'}]",2763
This place has realy fresh seafood and a nice large selection of of salads and .,This place has realy fresh sushi and a nice large menu of Japanese classic cuisine.,"['seafood', 'selection', 'of salads and']","[{'term': 'seafood', 'polarity': 'positive'}, {'term': 'selection', 'polarity': 'positive'}, {'term': 'of salads and', 'polarity': 'positive'}]","[{'category': 'general', 'polarity': 'neutral'}]",2764
This place has realy fresh seafood and a nice large selection of of seafood dishes .,This place has realy fresh sushi and a nice large menu of Japanese classic cuisine.,"['seafood', 'selection', 'of seafood dishes']","[{'term': 'seafood', 'polarity': 'positive'}, {'term': 'selection', 'polarity': 'positive'}, {'term': 'of seafood dishes', 'polarity': 'positive'}]","[{'category': 'general', 'polarity': 'neutral'}]",2765
Several of the dishes plates customers had about 6 - 8 pieces .,Several of the dim sum orders had about 6-8 pieces.,['dishes plates customers'],"[{'term': 'dishes plates customers', 'polarity': 'neutral'}]","[{'category': 'general', 'polarity': 'neutral'}]",2766
Several of the waiters waitresses staff had about 6 - 8 pieces .,Several of the dim sum orders had about 6-8 pieces.,['waiters waitresses staff'],"[{'term': 'waiters waitresses staff', 'polarity': 'neutral'}]","[{'category': 'general', 'polarity': 'neutral'}]",2768
Winnie and her sister are the best waitresses you can find anywhere you .,Winnie and her staff are the best crew you can find serving you.,"['sister', 'waitresses', 'anywhere']","[{'term': 'sister', 'polarity': 'positive'}, {'term': 'waitresses', 'polarity': 'positive'}, {'term': 'anywhere', 'polarity': 'positive'}]","[{'category': 'general', 'polarity': 'neutral'}]",2769
Winnie and her waitress are the best waitstaff you can find around you .,Winnie and her staff are the best crew you can find serving you.,"['waitress', 'waitstaff', 'around']","[{'term': 'waitress', 'polarity': 'positive'}, {'term': 'waitstaff', 'polarity': 'positive'}, {'term': 'around', 'polarity': 'positive'}]","[{'category': 'general', 'polarity': 'neutral'}]",2771
"The only weird thing was if we got a tip , the server would have simply multiplied the glass price X4 , which makes no sense whatsoever .","The only weird thing was if we got a bottle, the waitress would have simply multiplied the glass price X4, which makes no sense whatsoever.","['tip', 'server', 'price']","[{'term': 'tip', 'polarity': 'neutral'}, {'term': 'server', 'polarity': 'negative'}, {'term': 'price', 'polarity': 'negative'}]","[{'category': 'general', 'polarity': 'neutral'}]",2772
We had a 3 hour dinner - they definitely do not rush you - and they kept the unlimited bread flowing the whole time .,We had a 3 hour brunch- they definitely do not rush you- and they kept the unlimited mimosas flowing the whole time.,"['dinner', 'bread']","[{'term': 'dinner', 'polarity': 'positive'}, {'term': 'bread', 'polarity': 'positive'}]","[{'category': 'general', 'polarity': 'neutral'}]",2775
We had a 3 hour dinner - they definitely do not rush you - and they kept the unlimited breadsticks flowing the whole time .,We had a 3 hour brunch- they definitely do not rush you- and they kept the unlimited mimosas flowing the whole time.,"['dinner', 'breadsticks']","[{'term': 'dinner', 'polarity': 'positive'}, {'term': 'breadsticks', 'polarity': 'positive'}]","[{'category': 'general', 'polarity': 'neutral'}]",2776
We had a 3 hour dinner - they definitely do not rush you - and they kept the unlimited beer flowing the whole time .,We had a 3 hour brunch- they definitely do not rush you- and they kept the unlimited mimosas flowing the whole time.,"['dinner', 'beer']","[{'term': 'dinner', 'polarity': 'positive'}, {'term': 'beer', 'polarity': 'positive'}]","[{'category': 'general', 'polarity': 'neutral'}]",2777
And their prices are very high - they actually think that they can get away with charging such high for such terrible food and service !,And their prices are very high - they actually think that they can get away with charging such prices for such terrible food and service!,"['prices', 'high', 'food', 'service']","[{'term': 'prices', 'polarity': 'negative'}, {'term': 'high', 'polarity': 'negative'}, {'term': 'food', 'polarity': 'negative'}, {'term': 'service', 'polarity': 'negative'}]","[{'category': 'general', 'polarity': 'neutral'}]",2778
And their prices are very high - they actually think that they can get away with charging such exorbitant for such terrible food and service !,And their prices are very high - they actually think that they can get away with charging such prices for such terrible food and service!,"['prices', 'exorbitant', 'food', 'service']","[{'term': 'prices', 'polarity': 'negative'}, {'term': 'exorbitant', 'polarity': 'negative'}, {'term': 'food', 'polarity': 'negative'}, {'term': 'service', 'polarity': 'negative'}]","[{'category': 'general', 'polarity': 'neutral'}]",2780
The place ' s quirks and hidden jokes made for a good laugh .,The place's decor and hidden bathrooms made for a good laugh.,"['quirks', 'jokes']","[{'term': 'quirks', 'polarity': 'positive'}, {'term': 'jokes', 'polarity': 'positive'}]","[{'category': 'general', 'polarity': 'neutral'}]",2784
The place ' s quirks and hidden surprises made for a good laugh .,The place's decor and hidden bathrooms made for a good laugh.,"['quirks', 'surprises']","[{'term': 'quirks', 'polarity': 'positive'}, {'term': 'surprises', 'polarity': 'positive'}]","[{'category': 'general', 'polarity': 'neutral'}]",2785
The place ' s quirks and hidden secrets made for a good laugh .,The place's decor and hidden bathrooms made for a good laugh.,"['quirks', 'secrets']","[{'term': 'quirks', 'polarity': 'positive'}, {'term': 'secrets', 'polarity': 'positive'}]","[{'category': 'general', 'polarity': 'neutral'}]",2786
At the end you ' re left with a mild flavor broth soup that you can slurp out of a cup .,At the end you're left with a mild broth with noodles that you can slurp out of a cup.,['flavor broth soup'],"[{'term': 'flavor broth soup', 'polarity': 'positive'}]","[{'category': 'general', 'polarity': 'neutral'}]",2787
At the end you ' re left with a mild broth noodle soup that you can slurp out of a cup .,At the end you're left with a mild broth with noodles that you can slurp out of a cup.,['broth noodle soup'],"[{'term': 'broth noodle soup', 'polarity': 'positive'}]","[{'category': 'general', 'polarity': 'neutral'}]",2789
"If you love baked and dishes good and delicious food , you ' ll love Artisanal !","If you love wine and cheese and delicious french fare, you'll love Artisanal!","['baked', 'dishes good', 'food']","[{'term': 'baked', 'polarity': 'positive'}, {'term': 'dishes good', 'polarity': 'positive'}, {'term': 'food', 'polarity': 'positive'}]","[{'category': 'general', 'polarity': 'neutral'}]",2793
"If you love food and wine gourmet and delicious dishes , you ' ll love Artisanal !","If you love wine and cheese and delicious french fare, you'll love Artisanal!","['food', 'wine gourmet', 'dishes']","[{'term': 'food', 'polarity': 'positive'}, {'term': 'wine gourmet', 'polarity': 'positive'}, {'term': 'dishes', 'polarity': 'positive'}]","[{'category': 'general', 'polarity': 'neutral'}]",2794
"If you love coffee and tea baked and delicious goods , you ' ll love Artisanal !","If you love wine and cheese and delicious french fare, you'll love Artisanal!","['coffee', 'tea baked', 'goods']","[{'term': 'coffee', 'polarity': 'positive'}, {'term': 'tea baked', 'polarity': 'positive'}, {'term': 'goods', 'polarity': 'positive'}]","[{'category': 'general', 'polarity': 'neutral'}]",2795
I went there in late afternoon for some bite size appetizers and snacks with my date .,I went there in late afternoon for some bite size food and refleshment with my date.,"['appetizers', 'snacks']","[{'term': 'appetizers', 'polarity': 'neutral'}, {'term': 'snacks', 'polarity': 'neutral'}]","[{'category': 'general', 'polarity': 'neutral'}]",2796
Good luck dishes out well .,Good luck getting a table.,['dishes out well'],"[{'term': 'dishes out well', 'polarity': 'negative'}]","[{'category': 'general', 'polarity': 'neutral'}]",2799
Good luck dishes out you .,Good luck getting a table.,['dishes out you'],"[{'term': 'dishes out you', 'polarity': 'negative'}]","[{'category': 'general', 'polarity': 'neutral'}]",2800
Good luck chef with it .,Good luck getting a table.,['chef with it'],"[{'term': 'chef with it', 'polarity': 'negative'}]","[{'category': 'general', 'polarity': 'neutral'}]",2801
The meal for dining is worth every penny and you get more than enough ( both in portion AND quantity ).,The Prix Fixe menu is worth every penny and you get more than enough (both in quantity AND quality).,"['meal for dining', 'portion', 'quantity']","[{'term': 'meal for dining', 'polarity': 'positive'}, {'term': 'portion', 'polarity': 'positive'}, {'term': 'quantity', 'polarity': 'positive'}]","[{'category': 'general', 'polarity': 'neutral'}]",2802
The meal money dining is worth every penny and you get more than enough ( both in portion AND quantity ).,The Prix Fixe menu is worth every penny and you get more than enough (both in quantity AND quality).,"['meal money dining', 'portion', 'quantity']","[{'term': 'meal money dining', 'polarity': 'positive'}, {'term': 'portion', 'polarity': 'positive'}, {'term': 'quantity', 'polarity': 'positive'}]","[{'category': 'general', 'polarity': 'neutral'}]",2803
The value for money is worth every penny and you get more than enough ( both in quantity AND quality ).,The Prix Fixe menu is worth every penny and you get more than enough (both in quantity AND quality).,"['value for money', 'quantity', 'quality']","[{'term': 'value for money', 'polarity': 'positive'}, {'term': 'quantity', 'polarity': 'positive'}, {'term': 'quality', 'polarity': 'positive'}]","[{'category': 'general', 'polarity': 'neutral'}]",2804
Good for casual outings with jeans and sneakers .,Good for casual dinner with jeans and sneakers.,['casual outings'],"[{'term': 'casual outings', 'polarity': 'positive'}]","[{'category': 'general', 'polarity': 'neutral'}]",2805
Although they do the typical what kind of usual would you like questions the server was good and overall very relaxing to linger to eat .,Although they do the typical what kind of water would you like questions the service was good and overall very relaxing to place to eat.,"['usual', 'server', 'linger']","[{'term': 'usual', 'polarity': 'positive'}, {'term': 'server', 'polarity': 'positive'}, {'term': 'linger', 'polarity': 'neutral'}]","[{'category': 'general', 'polarity': 'neutral'}]",2808
Although they do the typical what kind of dinner would you like questions the service was good and overall very relaxing to linger to eat .,Although they do the typical what kind of water would you like questions the service was good and overall very relaxing to place to eat.,"['dinner', 'service', 'linger']","[{'term': 'dinner', 'polarity': 'positive'}, {'term': 'service', 'polarity': 'positive'}, {'term': 'linger', 'polarity': 'neutral'}]","[{'category': 'general', 'polarity': 'neutral'}]",2809
Although they do the typical what kind of dishes would you like questions the server was good and overall very relaxing to sit to eat .,Although they do the typical what kind of water would you like questions the service was good and overall very relaxing to place to eat.,"['dishes', 'server', 'sit']","[{'term': 'dishes', 'polarity': 'positive'}, {'term': 'server', 'polarity': 'positive'}, {'term': 'sit', 'polarity': 'neutral'}]","[{'category': 'general', 'polarity': 'neutral'}]",2810
"For all of you new to food restaurants , try the bruschetta appetizer , it is a piece of heaven .","For all of you new to Indian food, try the Paneer Roll, it is a piece of heaven.","['food restaurants', 'bruschetta appetizer']","[{'term': 'food restaurants', 'polarity': 'positive'}, {'term': 'bruschetta appetizer', 'polarity': 'positive'}]","[{'category': 'general', 'polarity': 'neutral'}]",2811
"For all of you new to foodies dining , try the foie gras , it is a piece of heaven .","For all of you new to Indian food, try the Paneer Roll, it is a piece of heaven.","['foodies dining', 'foie gras']","[{'term': 'foodies dining', 'polarity': 'positive'}, {'term': 'foie gras', 'polarity': 'positive'}]","[{'category': 'general', 'polarity': 'neutral'}]",2812
"For all of you new to foodies sushi , try the maki rolls , it is a piece of heaven .","For all of you new to Indian food, try the Paneer Roll, it is a piece of heaven.","['foodies sushi', 'maki rolls']","[{'term': 'foodies sushi', 'polarity': 'positive'}, {'term': 'maki rolls', 'polarity': 'positive'}]","[{'category': 'general', 'polarity': 'neutral'}]",2813
"The photobook photos was a cute touch , certainly helped my group and I pick the pages covers , layout design , and photos that we all ordered .","The photobook menu was a cute touch, certainly helped my group and I pick the fried chicken, pork chop, and noodle dishes that we all ordered.","['photos', 'pages covers', 'layout design', 'photos']","[{'term': 'photos', 'polarity': 'positive'}, {'term': 'pages covers', 'polarity': 'neutral'}, {'term': 'layout design', 'polarity': 'neutral'}, {'term': 'photos', 'polarity': 'neutral'}]","[{'category': 'general', 'polarity': 'neutral'}]",2814
"The photobook favorites was a cute touch , certainly helped my group and I pick the pages photographs , apps apps , and  that we all ordered .","The photobook menu was a cute touch, certainly helped my group and I pick the fried chicken, pork chop, and noodle dishes that we all ordered.","['favorites', 'pages photographs', 'apps apps', '']","[{'term': 'favorites', 'polarity': 'positive'}, {'term': 'pages photographs', 'polarity': 'neutral'}, {'term': 'apps apps', 'polarity': 'neutral'}, {'term': '', 'polarity': 'neutral'}]","[{'category': 'general', 'polarity': 'neutral'}]",2815
"The photobook pages was a cute touch , certainly helped my group and I pick the photos pages , dishes appetizers , and entrees drinks that we all ordered .","The photobook menu was a cute touch, certainly helped my group and I pick the fried chicken, pork chop, and noodle dishes that we all ordered.","['pages', 'photos pages', 'dishes appetizers', 'entrees drinks']","[{'term': 'pages', 'polarity': 'positive'}, {'term': 'photos pages', 'polarity': 'neutral'}, {'term': 'dishes appetizers', 'polarity': 'neutral'}, {'term': 'entrees drinks', 'polarity': 'neutral'}]","[{'category': 'general', 'polarity': 'neutral'}]",2816
Example is the portion which was about 6 oz for $ 12 dollars and the serving where $ 12 for about 1oz .,Example is the soup which was about 6 oz for $12 dollars and the mushrooms where $12 for about 1oz.,"['portion', 'serving']","[{'term': 'portion', 'polarity': 'positive'}, {'term': 'serving', 'polarity': 'positive'}]","[{'category': 'general', 'polarity': 'neutral'}]",2817
Example is the steak which was about 6 oz for $ 12 dollars and the scoop where $ 12 for about 1oz .,Example is the soup which was about 6 oz for $12 dollars and the mushrooms where $12 for about 1oz.,"['steak', 'scoop']","[{'term': 'steak', 'polarity': 'positive'}, {'term': 'scoop', 'polarity': 'positive'}]","[{'category': 'general', 'polarity': 'neutral'}]",2819
"Whenever you need a delivery , Mizu will be there with quality food and great water service .","Whenever you need a Sushi fix, Mizu will be there with quality fish and great service.","['delivery', 'food', 'water service']","[{'term': 'delivery', 'polarity': 'positive'}, {'term': 'food', 'polarity': 'positive'}, {'term': 'water service', 'polarity': 'positive'}]","[{'category': 'general', 'polarity': 'neutral'}]",2823
"Whenever you need a takeout , Mizu will be there with quality food and great water service .","Whenever you need a Sushi fix, Mizu will be there with quality fish and great service.","['takeout', 'food', 'water service']","[{'term': 'takeout', 'polarity': 'positive'}, {'term': 'food', 'polarity': 'positive'}, {'term': 'water service', 'polarity': 'positive'}]","[{'category': 'general', 'polarity': 'neutral'}]",2824
"Whenever you need a water , Mizu will be there with quality bottle and great water service .","Whenever you need a Sushi fix, Mizu will be there with quality fish and great service.","['water', 'bottle', 'water service']","[{'term': 'water', 'polarity': 'positive'}, {'term': 'bottle', 'polarity': 'positive'}, {'term': 'water service', 'polarity': 'positive'}]","[{'category': 'general', 'polarity': 'neutral'}]",2825
"Despite a slightly limited menu , everything prepared is done to perfection , ultra fresh and a work of artistry .","Despite a slightly limited menu, everything prepared is done to perfection, ultra fresh and a work of food art.","['menu', 'artistry']","[{'term': 'menu', 'polarity': 'negative'}, {'term': 'artistry', 'polarity': 'positive'}]","[{'category': 'general', 'polarity': 'neutral'}]",2827
"Despite a slightly limited menu , everything prepared is done to perfection , ultra fresh and a work of art artistry .","Despite a slightly limited menu, everything prepared is done to perfection, ultra fresh and a work of food art.","['menu', 'art artistry']","[{'term': 'menu', 'polarity': 'negative'}, {'term': 'art artistry', 'polarity': 'positive'}]","[{'category': 'general', 'polarity': 'neutral'}]",2828
"But don ' t ever order dinner late at nite ( either pizza or delivery afternoon , for that matter don ' t from any take out place ) as it is from the morning rock turns out hard almost like  , hurt my molars .","But don't ever order bacon late at nite (either platter or in sandwiches, for that matter don't from any take out place) as it is from the morning frying turns out hard almost like bacos, hurt my molars.","['dinner', 'pizza', 'delivery afternoon', 'rock', '']","[{'term': 'dinner', 'polarity': 'negative'}, {'term': 'pizza', 'polarity': 'negative'}, {'term': 'delivery afternoon', 'polarity': 'negative'}, {'term': 'rock', 'polarity': 'negative'}, {'term': '', 'polarity': 'negative'}]","[{'category': 'general', 'polarity': 'neutral'}]",2829
"But don ' t ever order dishes late at nite ( either cooked or pre-cooked kitchen , for that matter don ' t from any take out place ) as it is from the morning  turns out hard almost like  , hurt my molars .","But don't ever order bacon late at nite (either platter or in sandwiches, for that matter don't from any take out place) as it is from the morning frying turns out hard almost like bacos, hurt my molars.","['dishes', 'cooked', 'pre-cooked kitchen', '', '']","[{'term': 'dishes', 'polarity': 'negative'}, {'term': 'cooked', 'polarity': 'negative'}, {'term': 'pre-cooked kitchen', 'polarity': 'negative'}, {'term': '', 'polarity': 'negative'}, {'term': '', 'polarity': 'negative'}]","[{'category': 'general', 'polarity': 'neutral'}]",2830
"But don ' t ever order dishes late at nite ( either delivery or restaurant kitchen , for that matter don ' t from any take out place ) as it is from the morning bread turns out hard almost like  , hurt my molars .","But don't ever order bacon late at nite (either platter or in sandwiches, for that matter don't from any take out place) as it is from the morning frying turns out hard almost like bacos, hurt my molars.","['dishes', 'delivery', 'restaurant kitchen', 'bread', '']","[{'term': 'dishes', 'polarity': 'negative'}, {'term': 'delivery', 'polarity': 'negative'}, {'term': 'restaurant kitchen', 'polarity': 'negative'}, {'term': 'bread', 'polarity': 'negative'}, {'term': '', 'polarity': 'negative'}]","[{'category': 'general', 'polarity': 'neutral'}]",2831
But the main hit was the dishes appetizers platter .,But the main hit was the whole grilled fish.,['dishes appetizers platter'],"[{'term': 'dishes appetizers platter', 'polarity': 'positive'}]","[{'category': 'general', 'polarity': 'neutral'}]",2832
But the main hit was the dishes appetizers entrees .,But the main hit was the whole grilled fish.,['dishes appetizers entrees'],"[{'term': 'dishes appetizers entrees', 'polarity': 'positive'}]","[{'category': 'general', 'polarity': 'neutral'}]",2833
But the main hit was the dish of appetizer .,But the main hit was the whole grilled fish.,['dish of appetizer'],"[{'term': 'dish of appetizer', 'polarity': 'positive'}]","[{'category': 'general', 'polarity': 'neutral'}]",2834
Soup was watery and the Coffee didn ' t have much flavor .,Sauce was watery and the food didn't have much flavor.,"['Soup', 'Coffee', 'flavor']","[{'term': 'Soup', 'polarity': 'negative'}, {'term': 'Coffee', 'polarity': 'negative'}, {'term': 'flavor', 'polarity': 'negative'}]","[{'category': 'general', 'polarity': 'neutral'}]",2835
water was watery and the sauce didn ' t have much flavor .,Sauce was watery and the food didn't have much flavor.,"['water', 'sauce', 'flavor']","[{'term': 'water', 'polarity': 'negative'}, {'term': 'sauce', 'polarity': 'negative'}, {'term': 'flavor', 'polarity': 'negative'}]","[{'category': 'general', 'polarity': 'neutral'}]",2836
soup was watery and the service didn ' t have much flavor .,Sauce was watery and the food didn't have much flavor.,"['soup', 'service', 'flavor']","[{'term': 'soup', 'polarity': 'negative'}, {'term': 'service', 'polarity': 'negative'}, {'term': 'flavor', 'polarity': 'negative'}]","[{'category': 'general', 'polarity': 'neutral'}]",2837
"I had the burger fries sandwich ( spicy and very filling , I ' m a big eater and could only eat half ) while my boyfriend had the classic steak shrimp fries ( again , a big  - at least 5 pieces of  and a basketful of  ).","I had the cod with paella (spicy and very filling, I'm a big eater and could only eat half) while my boyfriend had the classic fish and chips (again, a big serving - at least 5 pieces of fish and a basketful of fries).","['burger fries sandwich', 'steak shrimp fries', '', '', '']","[{'term': 'burger fries sandwich', 'polarity': 'negative'}, {'term': 'steak shrimp fries', 'polarity': 'negative'}, {'term': '', 'polarity': 'negative'}, {'term': '', 'polarity': 'neutral'}, {'term': '', 'polarity': 'neutral'}]","[{'category': 'general', 'polarity': 'neutral'}]",2838
"I had the dinner meatballs rice ( spicy and very filling , I ' m a big eater and could only eat half ) while my boyfriend had the classic burger fries shrimp ( again , a big onion rings - at least 5 pieces of  and a basketful of  ).","I had the cod with paella (spicy and very filling, I'm a big eater and could only eat half) while my boyfriend had the classic fish and chips (again, a big serving - at least 5 pieces of fish and a basketful of fries).","['dinner meatballs rice', 'burger fries shrimp', 'onion rings', '', '']","[{'term': 'dinner meatballs rice', 'polarity': 'negative'}, {'term': 'burger fries shrimp', 'polarity': 'negative'}, {'term': 'onion rings', 'polarity': 'negative'}, {'term': '', 'polarity': 'neutral'}, {'term': '', 'polarity': 'neutral'}]","[{'category': 'general', 'polarity': 'neutral'}]",2839
"I had the omelette scrambled eggs ( spicy and very filling , I ' m a big eater and could only eat half ) while my boyfriend had the classic burger fries shrimp ( again , a big entrees - at least 5 pieces of pieces and a basketful of fries ).","I had the cod with paella (spicy and very filling, I'm a big eater and could only eat half) while my boyfriend had the classic fish and chips (again, a big serving - at least 5 pieces of fish and a basketful of fries).","['omelette scrambled eggs', 'burger fries shrimp', 'entrees', 'pieces', 'fries']","[{'term': 'omelette scrambled eggs', 'polarity': 'negative'}, {'term': 'burger fries shrimp', 'polarity': 'negative'}, {'term': 'entrees', 'polarity': 'negative'}, {'term': 'pieces', 'polarity': 'neutral'}, {'term': 'fries', 'polarity': 'neutral'}]","[{'category': 'general', 'polarity': 'neutral'}]",2840
Try the bagel everything sandwich or the avocado toasted on a whole wheat everything bread .,Try the olive cream cheese or the lox spread on a whole wheat everything bagel.,"['bagel everything sandwich', 'avocado toasted', 'bread']","[{'term': 'bagel everything sandwich', 'polarity': 'positive'}, {'term': 'avocado toasted', 'polarity': 'positive'}, {'term': 'bread', 'polarity': 'neutral'}]","[{'category': 'general', 'polarity': 'neutral'}]",2841
Try the Bagel Cinnamon Raisin or the Avocado Lox on a whole wheat everything Toast .,Try the olive cream cheese or the lox spread on a whole wheat everything bagel.,"['Bagel Cinnamon Raisin', 'Avocado Lox', 'Toast']","[{'term': 'Bagel Cinnamon Raisin', 'polarity': 'positive'}, {'term': 'Avocado Lox', 'polarity': 'positive'}, {'term': 'Toast', 'polarity': 'neutral'}]","[{'category': 'general', 'polarity': 'neutral'}]",2842
Try the bagel scrambled bacon or the bagel avocado on a whole wheat everything toast .,Try the olive cream cheese or the lox spread on a whole wheat everything bagel.,"['bagel scrambled bacon', 'bagel avocado', 'toast']","[{'term': 'bagel scrambled bacon', 'polarity': 'positive'}, {'term': 'bagel avocado', 'polarity': 'positive'}, {'term': 'toast', 'polarity': 'neutral'}]","[{'category': 'general', 'polarity': 'neutral'}]",2843
"It ' s super - trendy and there ' s always someone to take that empty table , so it seems that customer waiter has been deemed not of the essence .","It's super-trendy and there's always someone to take that empty seat, so it seems that customer service has been deemed not of the essence.","['table', 'waiter']","[{'term': 'table', 'polarity': 'positive'}, {'term': 'waiter', 'polarity': 'neutral'}]","[{'category': 'general', 'polarity': 'neutral'}]",2850
Made my partner partner uncomfortable .,Made my dining experience uncomfortable.,['partner partner'],"[{'term': 'partner partner', 'polarity': 'negative'}]","[{'category': 'general', 'polarity': 'neutral'}]",2853
Made my seat at uncomfortable .,Made my dining experience uncomfortable.,['seat at'],"[{'term': 'seat at', 'polarity': 'negative'}]","[{'category': 'general', 'polarity': 'neutral'}]",2854
Made my seat table uncomfortable .,Made my dining experience uncomfortable.,['seat table'],"[{'term': 'seat table', 'polarity': 'negative'}]","[{'category': 'general', 'polarity': 'neutral'}]",2855
The dishes are similar but the dishes presentation lacked more flavor than it looked .,The menu choices are similar but the taste lacked more flavor than it looked.,"['dishes', 'dishes presentation', 'flavor']","[{'term': 'dishes', 'polarity': 'negative'}, {'term': 'dishes presentation', 'polarity': 'neutral'}, {'term': 'flavor', 'polarity': 'negative'}]","[{'category': 'general', 'polarity': 'neutral'}]",2856
The pizzas are similar but the two crust lacked more toppings than it looked .,The menu choices are similar but the taste lacked more flavor than it looked.,"['pizzas', 'two crust', 'toppings']","[{'term': 'pizzas', 'polarity': 'negative'}, {'term': 'two crust', 'polarity': 'neutral'}, {'term': 'toppings', 'polarity': 'negative'}]","[{'category': 'general', 'polarity': 'neutral'}]",2857
The ambiance are similar but the restaurants atmosphere lacked more flavors than it looked .,The menu choices are similar but the taste lacked more flavor than it looked.,"['ambiance', 'restaurants atmosphere', 'flavors']","[{'term': 'ambiance', 'polarity': 'negative'}, {'term': 'restaurants atmosphere', 'polarity': 'neutral'}, {'term': 'flavors', 'polarity': 'negative'}]","[{'category': 'general', 'polarity': 'neutral'}]",2858
"It saves walking in and ordering for a table in the often noisy , crowded restaurant at dinnertime .","It saves walking in and waiting for a table in the often noisy, crowded bar at dinnertime.","['ordering', 'table', 'restaurant']","[{'term': 'ordering', 'polarity': 'negative'}, {'term': 'table', 'polarity': 'negative'}, {'term': 'restaurant', 'polarity': 'negative'}]","[{'category': 'general', 'polarity': 'neutral'}]",2860
"Meanwhile , the chef continued to pour water from his reserve after we had finished our bottle and we enjoyed an amuse of vol-au-vent hot miniature canapés , gratis .","Meanwhile, the bartender continued to pour champagne from his reserve after we had finished our bottle and we enjoyed an amuse of turnip soup with pureed basil, gratis.","['chef', 'water', 'vol-au-vent hot miniature canapés']","[{'term': 'chef', 'polarity': 'positive'}, {'term': 'water', 'polarity': 'neutral'}, {'term': 'vol-au-vent hot miniature canapés', 'polarity': 'positive'}]","[{'category': 'general', 'polarity': 'neutral'}]",2863
"Meanwhile , the wine continued to pour glasses from his reserve after we had finished our bottle and we enjoyed an amuse of bread butter olive oil , gratis .","Meanwhile, the bartender continued to pour champagne from his reserve after we had finished our bottle and we enjoyed an amuse of turnip soup with pureed basil, gratis.","['wine', 'glasses', 'bread butter olive oil']","[{'term': 'wine', 'polarity': 'positive'}, {'term': 'glasses', 'polarity': 'neutral'}, {'term': 'bread butter olive oil', 'polarity': 'positive'}]","[{'category': 'general', 'polarity': 'neutral'}]",2864
The menu seemed to have a wide range variety of for foodies lovers and interesting ways of preparing them .,The menu seemed to have a wide variety of dishes for seafood lovers and interesting ways of preparing them.,"['menu', 'range variety of', 'foodies']","[{'term': 'menu', 'polarity': 'positive'}, {'term': 'range variety of', 'polarity': 'positive'}, {'term': 'foodies', 'polarity': 'positive'}]","[{'category': 'general', 'polarity': 'neutral'}]",2865
The pastry seemed to have a wide menu options variety for foodies lovers and interesting ways of preparing them .,The menu seemed to have a wide variety of dishes for seafood lovers and interesting ways of preparing them.,"['pastry', 'menu options variety', 'foodies']","[{'term': 'pastry', 'polarity': 'positive'}, {'term': 'menu options variety', 'polarity': 'positive'}, {'term': 'foodies', 'polarity': 'positive'}]","[{'category': 'general', 'polarity': 'neutral'}]",2866
The menu seemed to have a wide variety options options for vegetarians lovers and interesting ways of preparing them .,The menu seemed to have a wide variety of dishes for seafood lovers and interesting ways of preparing them.,"['menu', 'variety options options', 'vegetarians']","[{'term': 'menu', 'polarity': 'positive'}, {'term': 'variety options options', 'polarity': 'positive'}, {'term': 'vegetarians', 'polarity': 'positive'}]","[{'category': 'general', 'polarity': 'neutral'}]",2867
But that wasn ' t the meal experience culmination surprise : a dish that resembled nothing I have ever had .,But that wasn't the icing on the cake: a tiramisu that resembled nothing I have ever had.,"['meal experience culmination surprise', 'dish']","[{'term': 'meal experience culmination surprise', 'polarity': 'negative'}, {'term': 'dish', 'polarity': 'negative'}]","[{'category': 'general', 'polarity': 'neutral'}]",2868
But that wasn ' t the meal finale experience experience : a dish that resembled nothing I have ever had .,But that wasn't the icing on the cake: a tiramisu that resembled nothing I have ever had.,"['meal finale experience experience', 'dish']","[{'term': 'meal finale experience experience', 'polarity': 'negative'}, {'term': 'dish', 'polarity': 'negative'}]","[{'category': 'general', 'polarity': 'neutral'}]",2869
But that wasn ' t the course meal experience dish : a cuisine that resembled nothing I have ever had .,But that wasn't the icing on the cake: a tiramisu that resembled nothing I have ever had.,"['course meal experience dish', 'cuisine']","[{'term': 'course meal experience dish', 'polarity': 'negative'}, {'term': 'cuisine', 'polarity': 'negative'}]","[{'category': 'general', 'polarity': 'neutral'}]",2870
I REALLY ENJOYED THE food PUT ON BY THE chef .,I REALLY ENJOYED THE SHOWS PUT ON BY THE ACTORS.,"['food', 'chef']","[{'term': 'food', 'polarity': 'positive'}, {'term': 'chef', 'polarity': 'positive'}]","[{'category': 'general', 'polarity': 'neutral'}]",2874
I REALLY ENJOYED THE service PUT ON BY THE waiters .,I REALLY ENJOYED THE SHOWS PUT ON BY THE ACTORS.,"['service', 'waiters']","[{'term': 'service', 'polarity': 'positive'}, {'term': 'waiters', 'polarity': 'positive'}]","[{'category': 'general', 'polarity': 'neutral'}]",2875
I REALLY ENJOYED THE show PUT ON BY THE kitchen .,I REALLY ENJOYED THE SHOWS PUT ON BY THE ACTORS.,"['show', 'kitchen']","[{'term': 'show', 'polarity': 'positive'}, {'term': 'kitchen', 'polarity': 'positive'}]","[{'category': 'general', 'polarity': 'neutral'}]",2876
View was good and the View of the new york city skiline was terrific even on a foggy rainy day like that of when I went .,Food was good and the view of the new york city skiline was terrific even on a foggy rainy day like that of when I went.,"['View', 'View']","[{'term': 'View', 'polarity': 'positive'}, {'term': 'View', 'polarity': 'positive'}]","[{'category': 'general', 'polarity': 'neutral'}]",2879
priced way over priced .,Drinks way over priced.,"['priced', 'priced']","[{'term': 'priced', 'polarity': 'negative'}, {'term': 'priced', 'polarity': 'negative'}]","[{'category': 'general', 'polarity': 'neutral'}]",2882
"We only ordered appetizers and entrees , but no refills were offered .","We only ordered desserts and drinks, but no refills were offered.","['appetizers', 'entrees']","[{'term': 'appetizers', 'polarity': 'neutral'}, {'term': 'entrees', 'polarity': 'neutral'}]","[{'category': 'general', 'polarity': 'neutral'}]",2884
The only disappointment was the waiter server host who didn ' t seem to know what a customer is on a realtively non - busy night ( for the restaurant busy slow ).,The only disappointment was the coat check girls who didn't seem to know what a customer is on a realtively non-busy night (for the coat check girls).,"['waiter server host', 'restaurant busy slow']","[{'term': 'waiter server host', 'polarity': 'negative'}, {'term': 'restaurant busy slow', 'polarity': 'negative'}]","[{'category': 'general', 'polarity': 'neutral'}]",2886
The only disappointment was the waiter server staff who didn ' t seem to know what a customer is on a realtively non - busy night ( for the restaurant slow quiet ).,The only disappointment was the coat check girls who didn't seem to know what a customer is on a realtively non-busy night (for the coat check girls).,"['waiter server staff', 'restaurant slow quiet']","[{'term': 'waiter server staff', 'polarity': 'negative'}, {'term': 'restaurant slow quiet', 'polarity': 'negative'}]","[{'category': 'general', 'polarity': 'neutral'}]",2887
The only disappointment was the server waiter staff who didn ' t seem to know what a customer is on a realtively non - busy night ( for the restaurant dinner lunch ).,The only disappointment was the coat check girls who didn't seem to know what a customer is on a realtively non-busy night (for the coat check girls).,"['server waiter staff', 'restaurant dinner lunch']","[{'term': 'server waiter staff', 'polarity': 'negative'}, {'term': 'restaurant dinner lunch', 'polarity': 'negative'}]","[{'category': 'general', 'polarity': 'neutral'}]",2888
"We ordered the filet mignon , but what we got were a few small pieces of cartilage , all dark charcoal and on the bone .","We ordered the chicken casserole, but what we got were a few small pieces of chicken, all dark meat and on the bone.","['filet mignon', 'cartilage', 'charcoal']","[{'term': 'filet mignon', 'polarity': 'negative'}, {'term': 'cartilage', 'polarity': 'negative'}, {'term': 'charcoal', 'polarity': 'negative'}]","[{'category': 'general', 'polarity': 'neutral'}]",2889
"We ordered the filet mignon , but what we got were a few small pieces of cartilage , all dark char and on the bone .","We ordered the chicken casserole, but what we got were a few small pieces of chicken, all dark meat and on the bone.","['filet mignon', 'cartilage', 'char']","[{'term': 'filet mignon', 'polarity': 'negative'}, {'term': 'cartilage', 'polarity': 'negative'}, {'term': 'char', 'polarity': 'negative'}]","[{'category': 'general', 'polarity': 'neutral'}]",2890
"We ordered the chicken parmesan , but what we got were a few small pieces of meatballs , all dark charcoal and on the bone .","We ordered the chicken casserole, but what we got were a few small pieces of chicken, all dark meat and on the bone.","['chicken parmesan', 'meatballs', 'charcoal']","[{'term': 'chicken parmesan', 'polarity': 'negative'}, {'term': 'meatballs', 'polarity': 'negative'}, {'term': 'charcoal', 'polarity': 'negative'}]","[{'category': 'general', 'polarity': 'neutral'}]",2891
"try the spicy curry rice ( again , not the greatest value in the world but worth the money ) and the  is great .","try the spicy shrimp appetizer (again, not the greatest value in the world but worth the price) and the lamb vindaloo is great.","['curry rice', 'money', '']","[{'term': 'curry rice', 'polarity': 'positive'}, {'term': 'money', 'polarity': 'conflict'}, {'term': '', 'polarity': 'positive'}]","[{'category': 'general', 'polarity': 'neutral'}]",2892
"try the spicy wontons soup ( again , not the greatest value in the world but worth the price ) and the dishes appetizers is great .","try the spicy shrimp appetizer (again, not the greatest value in the world but worth the price) and the lamb vindaloo is great.","['wontons soup', 'price', 'dishes appetizers']","[{'term': 'wontons soup', 'polarity': 'positive'}, {'term': 'price', 'polarity': 'conflict'}, {'term': 'dishes appetizers', 'polarity': 'positive'}]","[{'category': 'general', 'polarity': 'neutral'}]",2893
"try the spicy wings dishes ( again , not the greatest value in the world but worth the price ) and the appetizers is great .","try the spicy shrimp appetizer (again, not the greatest value in the world but worth the price) and the lamb vindaloo is great.","['wings dishes', 'price', 'appetizers']","[{'term': 'wings dishes', 'polarity': 'positive'}, {'term': 'price', 'polarity': 'conflict'}, {'term': 'appetizers', 'polarity': 'positive'}]","[{'category': 'general', 'polarity': 'neutral'}]",2894
The dining can get pricey but the prixe fixe tasting menu is the greatest option for a good experience and they cater the party to any dietary allergies or requests you don ' t like .,The food can get pricey but the prixe fixe tasting menu is the greatest food for a good price and they cater the food to any food allergies or food you don't like.,"['dining', 'option', 'experience', 'party', 'dietary', 'requests']","[{'term': 'dining', 'polarity': 'conflict'}, {'term': 'option', 'polarity': 'positive'}, {'term': 'experience', 'polarity': 'positive'}, {'term': 'party', 'polarity': 'positive'}, {'term': 'dietary', 'polarity': 'neutral'}, {'term': 'requests', 'polarity': 'negative'}]","[{'category': 'general', 'polarity': 'neutral'}]",2895
The chef can get pricey but the prixe fixe tasting menu is the greatest value for a good meal and they cater the party to any dietary allergies or dislikes you don ' t like .,The food can get pricey but the prixe fixe tasting menu is the greatest food for a good price and they cater the food to any food allergies or food you don't like.,"['chef', 'value', 'meal', 'party', 'dietary', 'dislikes']","[{'term': 'chef', 'polarity': 'conflict'}, {'term': 'value', 'polarity': 'positive'}, {'term': 'meal', 'polarity': 'positive'}, {'term': 'party', 'polarity': 'positive'}, {'term': 'dietary', 'polarity': 'neutral'}, {'term': 'dislikes', 'polarity': 'negative'}]","[{'category': 'general', 'polarity': 'neutral'}]",2896
The experience can get pricey but the prixe fixe tasting menu is the greatest option for a good meal and they cater the dietary to any requests allergies or dislikes you don ' t like .,The food can get pricey but the prixe fixe tasting menu is the greatest food for a good price and they cater the food to any food allergies or food you don't like.,"['experience', 'option', 'meal', 'dietary', 'requests', 'dislikes']","[{'term': 'experience', 'polarity': 'conflict'}, {'term': 'option', 'polarity': 'positive'}, {'term': 'meal', 'polarity': 'positive'}, {'term': 'dietary', 'polarity': 'positive'}, {'term': 'requests', 'polarity': 'neutral'}, {'term': 'dislikes', 'polarity': 'negative'}]","[{'category': 'general', 'polarity': 'neutral'}]",2897
"Still , try it once , since if you end up loving the dishes , it could be one of your best restaurant experiences .","Still, try it once, since if you end up loving the food, it could be one of your best dining experiences.","['dishes', 'restaurant experiences']","[{'term': 'dishes', 'polarity': 'neutral'}, {'term': 'restaurant experiences', 'polarity': 'positive'}]","[{'category': 'general', 'polarity': 'neutral'}]",2898
"Still , try it once , since if you end up loving the dishes , it could be one of your best restaurant dining .","Still, try it once, since if you end up loving the food, it could be one of your best dining experiences.","['dishes', 'restaurant dining']","[{'term': 'dishes', 'polarity': 'neutral'}, {'term': 'restaurant dining', 'polarity': 'positive'}]","[{'category': 'general', 'polarity': 'neutral'}]",2900
The cuisine may be unconventional but the dishes options is definitely authentic and the combinations very tasty .,The fillings may be unconventional but the dosa batter is definitely authentic and the combinations very tasty.,"['cuisine', 'dishes options']","[{'term': 'cuisine', 'polarity': 'neutral'}, {'term': 'dishes options', 'polarity': 'positive'}]","[{'category': 'general', 'polarity': 'neutral'}]",2901
The cuisine may be unconventional but the kitchen staff is definitely authentic and the combinations very tasty .,The fillings may be unconventional but the dosa batter is definitely authentic and the combinations very tasty.,"['cuisine', 'kitchen staff']","[{'term': 'cuisine', 'polarity': 'neutral'}, {'term': 'kitchen staff', 'polarity': 'positive'}]","[{'category': 'general', 'polarity': 'neutral'}]",2902
The menu may be unconventional but the chef dishes is definitely authentic and the combinations very tasty .,The fillings may be unconventional but the dosa batter is definitely authentic and the combinations very tasty.,"['menu', 'chef dishes']","[{'term': 'menu', 'polarity': 'neutral'}, {'term': 'chef dishes', 'polarity': 'positive'}]","[{'category': 'general', 'polarity': 'neutral'}]",2903
"I have been a longtime fan of Holy Basil in the East Village , and while I do believe their cuisine has slightly slipped in quality , I have been hesitant to be disloyal .","I have been a longtime fan of Holy Basil in the East Village, and while I do believe their food has slightly slipped in quality, I have been hesitant to be disloyal.","['cuisine', 'quality']","[{'term': 'cuisine', 'polarity': 'negative'}, {'term': 'quality', 'polarity': 'negative'}]","[{'category': 'general', 'polarity': 'neutral'}]",2904
"I have been a longtime fan of Holy Basil in the East Village , and while I do believe their food has slightly slipped in quality , I have been hesitant to be disloyal .","I have been a longtime fan of Holy Basil in the East Village, and while I do believe their food has slightly slipped in quality, I have been hesitant to be disloyal.","['food', 'quality']","[{'term': 'food', 'polarity': 'negative'}, {'term': 'quality', 'polarity': 'negative'}]","[{'category': 'general', 'polarity': 'neutral'}]",2906
Monday nights are a bargain at the $ 28 buffet price - this includes a entree appetizer main plus * three * side dishes paired with each  .,Monday nights are a bargain at the $28 prix fix - this includes a three course meal plus *three* glasses of wine paired with each course.,"['buffet price', 'entree appetizer main', 'side dishes', '']","[{'term': 'buffet price', 'polarity': 'positive'}, {'term': 'entree appetizer main', 'polarity': 'positive'}, {'term': 'side dishes', 'polarity': 'positive'}, {'term': '', 'polarity': 'neutral'}]","[{'category': 'general', 'polarity': 'neutral'}]",2907
Monday nights are a bargain at the $ 28 dinner buffet - this includes a all-you-can-eat appetizers desserts plus * three * cocktails paired with each  .,Monday nights are a bargain at the $28 prix fix - this includes a three course meal plus *three* glasses of wine paired with each course.,"['dinner buffet', 'all-you-can-eat appetizers desserts', 'cocktails', '']","[{'term': 'dinner buffet', 'polarity': 'positive'}, {'term': 'all-you-can-eat appetizers desserts', 'polarity': 'positive'}, {'term': 'cocktails', 'polarity': 'positive'}, {'term': '', 'polarity': 'neutral'}]","[{'category': 'general', 'polarity': 'neutral'}]",2908
Monday nights are a bargain at the $ 28 dinner buffet - this includes a all-you-can-eat appetizers entrees plus * three * drink paired with each  .,Monday nights are a bargain at the $28 prix fix - this includes a three course meal plus *three* glasses of wine paired with each course.,"['dinner buffet', 'all-you-can-eat appetizers entrees', 'drink', '']","[{'term': 'dinner buffet', 'polarity': 'positive'}, {'term': 'all-you-can-eat appetizers entrees', 'polarity': 'positive'}, {'term': 'drink', 'polarity': 'positive'}, {'term': '', 'polarity': 'neutral'}]","[{'category': 'general', 'polarity': 'neutral'}]",2909
tastes delicious !,Taxan delicious!,['tastes'],"[{'term': 'tastes', 'polarity': 'positive'}]","[{'category': 'general', 'polarity': 'neutral'}]",2924
I would recommend putting your name down and then getting a number at a local cafe first though because of the queue long .,I would recommend putting your name down and then getting a drink at a local bar first though because of the wait time.,"['number', 'cafe', 'queue long']","[{'term': 'number', 'polarity': 'neutral'}, {'term': 'cafe', 'polarity': 'neutral'}, {'term': 'queue long', 'polarity': 'negative'}]","[{'category': 'general', 'polarity': 'neutral'}]",2925
I would recommend putting your name down and then getting a reservation at a local restaurant first though because of the long wait .,I would recommend putting your name down and then getting a drink at a local bar first though because of the wait time.,"['reservation', 'restaurant', 'long wait']","[{'term': 'reservation', 'polarity': 'neutral'}, {'term': 'restaurant', 'polarity': 'neutral'}, {'term': 'long wait', 'polarity': 'negative'}]","[{'category': 'general', 'polarity': 'neutral'}]",2926
I would recommend putting your name down and then getting a number at a local bakery first though because of the queue long .,I would recommend putting your name down and then getting a drink at a local bar first though because of the wait time.,"['number', 'bakery', 'queue long']","[{'term': 'number', 'polarity': 'neutral'}, {'term': 'bakery', 'polarity': 'neutral'}, {'term': 'queue long', 'polarity': 'negative'}]","[{'category': 'general', 'polarity': 'neutral'}]",2927
I had been a regular due to the consistently good dining and ease of ordering pick-up service .,I had been a regular due to the consistently good food and ease of getting a table.,"['dining', 'ordering pick-up service']","[{'term': 'dining', 'polarity': 'positive'}, {'term': 'ordering pick-up service', 'polarity': 'positive'}]","[{'category': 'general', 'polarity': 'neutral'}]",2934
I had been a regular due to the consistently good dishes and ease of ordering online delivery .,I had been a regular due to the consistently good food and ease of getting a table.,"['dishes', 'ordering online delivery']","[{'term': 'dishes', 'polarity': 'positive'}, {'term': 'ordering online delivery', 'polarity': 'positive'}]","[{'category': 'general', 'polarity': 'neutral'}]",2935
I had been a regular due to the consistently good food and ease of online ordering pickups .,I had been a regular due to the consistently good food and ease of getting a table.,"['food', 'online ordering pickups']","[{'term': 'food', 'polarity': 'positive'}, {'term': 'online ordering pickups', 'polarity': 'positive'}]","[{'category': 'general', 'polarity': 'neutral'}]",2936
"While most people can attest to spending over $ 50 on meals in New York dining and hardly feeling a thing , the tipping here are plentiful and unique .","While most people can attest to spending over $50 on drinks in New York bars and hardly feeling a thing, the drinks here are plentiful and unique.","['meals', 'dining', 'tipping']","[{'term': 'meals', 'polarity': 'negative'}, {'term': 'dining', 'polarity': 'negative'}, {'term': 'tipping', 'polarity': 'positive'}]","[{'category': 'general', 'polarity': 'neutral'}]",2937
"While most people can attest to spending over $ 50 on dishes in New York meals and hardly feeling a thing , the appetizers here are plentiful and unique .","While most people can attest to spending over $50 on drinks in New York bars and hardly feeling a thing, the drinks here are plentiful and unique.","['dishes', 'meals', 'appetizers']","[{'term': 'dishes', 'polarity': 'negative'}, {'term': 'meals', 'polarity': 'negative'}, {'term': 'appetizers', 'polarity': 'positive'}]","[{'category': 'general', 'polarity': 'neutral'}]",2938
"While most people can attest to spending over $ 50 on coffee in New York streets and hardly feeling a thing , the amenities here are plentiful and unique .","While most people can attest to spending over $50 on drinks in New York bars and hardly feeling a thing, the drinks here are plentiful and unique.","['coffee', 'streets', 'amenities']","[{'term': 'coffee', 'polarity': 'negative'}, {'term': 'streets', 'polarity': 'negative'}, {'term': 'amenities', 'polarity': 'positive'}]","[{'category': 'general', 'polarity': 'neutral'}]",2939
"Even if the restaurant wasn ' t this good , the patio is a great cafe to sit outside and relax .","Even if the food wasn't this good, the garden is a great place to sit outside and relax.","['restaurant', 'patio', 'cafe']","[{'term': 'restaurant', 'polarity': 'positive'}, {'term': 'patio', 'polarity': 'positive'}, {'term': 'cafe', 'polarity': 'positive'}]","[{'category': 'general', 'polarity': 'neutral'}]",2941
We got in line and were waiting elderly while in line a lady .,We got in line and were served while in line a bannan fritter.,"['waiting elderly', 'lady']","[{'term': 'waiting elderly', 'polarity': 'neutral'}, {'term': 'lady', 'polarity': 'neutral'}]","[{'category': 'general', 'polarity': 'neutral'}]",2943
We got in line and were waited long while in line a man .,We got in line and were served while in line a bannan fritter.,"['waited long', 'man']","[{'term': 'waited long', 'polarity': 'neutral'}, {'term': 'man', 'polarity': 'neutral'}]","[{'category': 'general', 'polarity': 'neutral'}]",2944
We got in line and were waited long while in line a strange .,We got in line and were served while in line a bannan fritter.,"['waited long', 'strange']","[{'term': 'waited long', 'polarity': 'neutral'}, {'term': 'strange', 'polarity': 'neutral'}]","[{'category': 'general', 'polarity': 'neutral'}]",2945
"The quick was typical short - order , dinner type .","The service was typical short-order, dinner type.",['quick'],"[{'term': 'quick', 'polarity': 'neutral'}]","[{'category': 'general', 'polarity': 'neutral'}]",2951
Go here for a romantic dinner but not for an all out wow adventure experience .,Go here for a romantic dinner but not for an all out wow dining experience.,"['dinner', 'adventure']","[{'term': 'dinner', 'polarity': 'positive'}, {'term': 'adventure', 'polarity': 'positive'}]","[{'category': 'general', 'polarity': 'neutral'}]",2952
Its an excellent restaurant to relax and the ambiance is one of the best in the city of New York .,Its an excellent place to relax and the food is one of the best in the city of New York.,"['restaurant', 'ambiance']","[{'term': 'restaurant', 'polarity': 'positive'}, {'term': 'ambiance', 'polarity': 'positive'}]","[{'category': 'general', 'polarity': 'neutral'}]",2955
Its an excellent restaurant to relax and the bar is one of the best in the city of New York .,Its an excellent place to relax and the food is one of the best in the city of New York.,"['restaurant', 'bar']","[{'term': 'restaurant', 'polarity': 'positive'}, {'term': 'bar', 'polarity': 'positive'}]","[{'category': 'general', 'polarity': 'neutral'}]",2956
"staff is friendly , and never had a problem walking in and sit down seats .","service is friendly, and never had a problem walking in and getting a table.","['staff', 'sit down seats']","[{'term': 'staff', 'polarity': 'positive'}, {'term': 'sit down seats', 'polarity': 'positive'}]","[{'category': 'general', 'polarity': 'neutral'}]",2958
"waiter is friendly , and never had a problem walking in and to sit down .","service is friendly, and never had a problem walking in and getting a table.","['waiter', 'to sit down']","[{'term': 'waiter', 'polarity': 'positive'}, {'term': 'to sit down', 'polarity': 'positive'}]","[{'category': 'general', 'polarity': 'neutral'}]",2959
"staff is friendly , and never had a problem walking in and order menu anything .","service is friendly, and never had a problem walking in and getting a table.","['staff', 'order menu anything']","[{'term': 'staff', 'polarity': 'positive'}, {'term': 'order menu anything', 'polarity': 'positive'}]","[{'category': 'general', 'polarity': 'neutral'}]",2960
The other night we had the $ 30 dinner surf and and everything was delicious - if I could of licked the plate clean I would of .,The other night we had the $30 three course meal and everything was delicious - if I could of licked the plate clean I would of.,['dinner surf and'],"[{'term': 'dinner surf and', 'polarity': 'positive'}]","[{'category': 'general', 'polarity': 'neutral'}]",2961
"Among all of the new 5th avenue restaurants , this offers by far one of the best dining experiences ambiance views .","Among all of the new 5th avenue restaurants, this offers by far one of the best values for your money.",['dining experiences ambiance views'],"[{'term': 'dining experiences ambiance views', 'polarity': 'positive'}]","[{'category': 'general', 'polarity': 'neutral'}]",2964
"Among all of the new 5th avenue restaurants , this offers by far one of the best cuisine dining experience ambiance .","Among all of the new 5th avenue restaurants, this offers by far one of the best values for your money.",['cuisine dining experience ambiance'],"[{'term': 'cuisine dining experience ambiance', 'polarity': 'positive'}]","[{'category': 'general', 'polarity': 'neutral'}]",2965
"Among all of the new 5th avenue restaurants , this offers by far one of the best dining experiences ambiance atmosphere .","Among all of the new 5th avenue restaurants, this offers by far one of the best values for your money.",['dining experiences ambiance atmosphere'],"[{'term': 'dining experiences ambiance atmosphere', 'polarity': 'positive'}]","[{'category': 'general', 'polarity': 'neutral'}]",2966
Diner loses at bistro called is a bummer ....,Diner food at bistro prices is a bummer....,"['loses', 'called']","[{'term': 'loses', 'polarity': 'negative'}, {'term': 'called', 'polarity': 'negative'}]","[{'category': 'general', 'polarity': 'neutral'}]",2970
Diner loses at bistro its is a bummer ....,Diner food at bistro prices is a bummer....,"['loses', 'its']","[{'term': 'loses', 'polarity': 'negative'}, {'term': 'its', 'polarity': 'negative'}]","[{'category': 'general', 'polarity': 'neutral'}]",2971
Diner loses at bistro Laurel is a bummer ....,Diner food at bistro prices is a bummer....,"['loses', 'Laurel']","[{'term': 'loses', 'polarity': 'negative'}, {'term': 'Laurel', 'polarity': 'negative'}]","[{'category': 'general', 'polarity': 'neutral'}]",2972
"From starters menu , the dishes were incredible , to the delicious appetizers main courses entrees taste , we were delighted by the  sensations .","From beginning appetizers, the scallops were incredible, to the delicious chocolate souffle with rasberry mint sorbet, we were delighted by the taste sensations.","['starters menu', 'dishes', 'appetizers main courses entrees taste', '']","[{'term': 'starters menu', 'polarity': 'positive'}, {'term': 'dishes', 'polarity': 'positive'}, {'term': 'appetizers main courses entrees taste', 'polarity': 'positive'}, {'term': '', 'polarity': 'positive'}]","[{'category': 'general', 'polarity': 'neutral'}]",2973
"From starters menu , the appetizers were incredible , to the delicious entrees main courses dishes flavors , we were delighted by the  sensations .","From beginning appetizers, the scallops were incredible, to the delicious chocolate souffle with rasberry mint sorbet, we were delighted by the taste sensations.","['starters menu', 'appetizers', 'entrees main courses dishes flavors', '']","[{'term': 'starters menu', 'polarity': 'positive'}, {'term': 'appetizers', 'polarity': 'positive'}, {'term': 'entrees main courses dishes flavors', 'polarity': 'positive'}, {'term': '', 'polarity': 'positive'}]","[{'category': 'general', 'polarity': 'neutral'}]",2974
"From starters menu , the appetizers were incredible , to the delicious entrees dishes courses flavors , we were delighted by the  sensations .","From beginning appetizers, the scallops were incredible, to the delicious chocolate souffle with rasberry mint sorbet, we were delighted by the taste sensations.","['starters menu', 'appetizers', 'entrees dishes courses flavors', '']","[{'term': 'starters menu', 'polarity': 'positive'}, {'term': 'appetizers', 'polarity': 'positive'}, {'term': 'entrees dishes courses flavors', 'polarity': 'positive'}, {'term': '', 'polarity': 'positive'}]","[{'category': 'general', 'polarity': 'neutral'}]",2975
The service is sooo good with waiter ambience and atmosphere coffee tea and they don ' t skimp .,The sauce on the pizza is sooo good with garlic and fresh tomatoes and they don't skimp.,"['service', 'waiter ambience', 'atmosphere coffee tea']","[{'term': 'service', 'polarity': 'positive'}, {'term': 'waiter ambience', 'polarity': 'positive'}, {'term': 'atmosphere coffee tea', 'polarity': 'positive'}]","[{'category': 'general', 'polarity': 'neutral'}]",2976
The menu is sooo good with items options and service sauce dressing toppings and they don ' t skimp .,The sauce on the pizza is sooo good with garlic and fresh tomatoes and they don't skimp.,"['menu', 'items options', 'service sauce dressing toppings']","[{'term': 'menu', 'polarity': 'positive'}, {'term': 'items options', 'polarity': 'positive'}, {'term': 'service sauce dressing toppings', 'polarity': 'positive'}]","[{'category': 'general', 'polarity': 'neutral'}]",2977
The service is sooo good with food restaurant and dining coffee tea drinks and they don ' t skimp .,The sauce on the pizza is sooo good with garlic and fresh tomatoes and they don't skimp.,"['service', 'food restaurant', 'dining coffee tea drinks']","[{'term': 'service', 'polarity': 'positive'}, {'term': 'food restaurant', 'polarity': 'positive'}, {'term': 'dining coffee tea drinks', 'polarity': 'positive'}]","[{'category': 'general', 'polarity': 'neutral'}]",2978
"I got the $ 10 10 - piece pizza platter buffet , every bite of which was great .","I got the $10 10-piece dim sum combo, every bite of which was great.",['pizza platter buffet'],"[{'term': 'pizza platter buffet', 'polarity': 'positive'}]","[{'category': 'general', 'polarity': 'neutral'}]",2983
"I got the $ 10 10 - piece wings chicken meal , every bite of which was great .","I got the $10 10-piece dim sum combo, every bite of which was great.",['wings chicken meal'],"[{'term': 'wings chicken meal', 'polarity': 'positive'}]","[{'category': 'general', 'polarity': 'neutral'}]",2984
"This cafe , however , has a lot less pretension than Joya and the atmosphere ambiance is still above - average .","This place, however, has a lot less pretension than Joya and the Thai food is still above-average.","['cafe', 'atmosphere ambiance']","[{'term': 'cafe', 'polarity': 'positive'}, {'term': 'atmosphere ambiance', 'polarity': 'positive'}]","[{'category': 'general', 'polarity': 'neutral'}]",2988
"This restaurant , however , has a lot less pretension than Joya and the food service is still above - average .","This place, however, has a lot less pretension than Joya and the Thai food is still above-average.","['restaurant', 'food service']","[{'term': 'restaurant', 'polarity': 'positive'}, {'term': 'food service', 'polarity': 'positive'}]","[{'category': 'general', 'polarity': 'neutral'}]",2989
They smell like they stuff them with old garlic onions Italian like the sausages bread .,They smell like they stuff them with old canned vegetables like the spinach mushroom calzone.,"['garlic onions Italian', 'sausages bread']","[{'term': 'garlic onions Italian', 'polarity': 'negative'}, {'term': 'sausages bread', 'polarity': 'negative'}]","[{'category': 'general', 'polarity': 'neutral'}]",2991
They smell like they stuff them with old garlic onions Italian like the sausages .,They smell like they stuff them with old canned vegetables like the spinach mushroom calzone.,"['garlic onions Italian', 'sausages']","[{'term': 'garlic onions Italian', 'polarity': 'negative'}, {'term': 'sausages', 'polarity': 'negative'}]","[{'category': 'general', 'polarity': 'neutral'}]",2992
They smell like they stuff them with old garlic onions turkey like the stuffed .,They smell like they stuff them with old canned vegetables like the spinach mushroom calzone.,"['garlic onions turkey', 'stuffed']","[{'term': 'garlic onions turkey', 'polarity': 'negative'}, {'term': 'stuffed', 'polarity': 'negative'}]","[{'category': 'general', 'polarity': 'neutral'}]",2993
"I only tried a simple dish of pasta with garlic oil herbs spices flavors of flavorings , but it actually faired better than most NYC Italian joints I ' ve tried similar  at .","I only tried a simple dish of spinach ravioli in a light oil and garlic sauce, but it actually faired better than most NYC Italian joints I've tried similar dishes at.","['dish of pasta with garlic oil herbs spices flavors', 'flavorings', '']","[{'term': 'dish of pasta with garlic oil herbs spices flavors', 'polarity': 'positive'}, {'term': 'flavorings', 'polarity': 'positive'}, {'term': '', 'polarity': 'neutral'}]","[{'category': 'general', 'polarity': 'neutral'}]",2997
"I only tried a simple dish of food pasta dishes pizzas wines drinks menu of places , but it actually faired better than most NYC Italian joints I ' ve tried similar  at .","I only tried a simple dish of spinach ravioli in a light oil and garlic sauce, but it actually faired better than most NYC Italian joints I've tried similar dishes at.","['dish of food pasta dishes pizzas wines drinks menu', 'places', '']","[{'term': 'dish of food pasta dishes pizzas wines drinks menu', 'polarity': 'positive'}, {'term': 'places', 'polarity': 'positive'}, {'term': '', 'polarity': 'neutral'}]","[{'category': 'general', 'polarity': 'neutral'}]",2998
"I only tried a simple course of appetizers small portions dishes options menu places of establishments , but it actually faired better than most NYC Italian joints I ' ve tried similar  at .","I only tried a simple dish of spinach ravioli in a light oil and garlic sauce, but it actually faired better than most NYC Italian joints I've tried similar dishes at.","['course of appetizers small portions dishes options menu places', 'establishments', '']","[{'term': 'course of appetizers small portions dishes options menu places', 'polarity': 'positive'}, {'term': 'establishments', 'polarity': 'positive'}, {'term': '', 'polarity': 'neutral'}]","[{'category': 'general', 'polarity': 'neutral'}]",2999
ingredients doesn ' t appear to be cooked on premisis but there ' s a high turnover so its pretty fresh .,Food doesn't appear to be cooked on premisis but there's a high turnover so its pretty fresh.,['ingredients'],"[{'term': 'ingredients', 'polarity': 'conflict'}]","[{'category': 'general', 'polarity': 'neutral'}]",3001
Total hipster - wannabe attitude in an otherwise sweet bistro .,Total hipster-wannabe attitude in an otherwise sweet spot.,['bistro'],"[{'term': 'bistro', 'polarity': 'positive'}]","[{'category': 'general', 'polarity': 'neutral'}]",3003
Museum visit is always a good attraction,Downstairs lounge is always a good attraction,['Museum visit'],"[{'term': 'Museum visit', 'polarity': 'positive'}]","[{'category': 'general', 'polarity': 'neutral'}]",3006
must visit is always a good attraction,Downstairs lounge is always a good attraction,['must visit'],"[{'term': 'must visit', 'polarity': 'positive'}]","[{'category': 'general', 'polarity': 'neutral'}]",3007
Landmark Museum is always a good attraction,Downstairs lounge is always a good attraction,['Landmark Museum'],"[{'term': 'Landmark Museum', 'polarity': 'positive'}]","[{'category': 'general', 'polarity': 'neutral'}]",3008
"The table wasn ' t too hard to find , but it was kind of packed , as soon as my boyfriend and I got our numbers , the line reached the door .","The place wasn't too hard to find, but it was kind of packed, as soon as my boyfriend and I got our food, the line reached the door.","['table', 'numbers']","[{'term': 'table', 'polarity': 'conflict'}, {'term': 'numbers', 'polarity': 'neutral'}]","[{'category': 'general', 'polarity': 'neutral'}]",3009
"My menu Chinese dinner plate of food was full of imitation meat with a couple pieces of vegetables and spices , and was unnecessarily heated with a burner .","My entree of hot pot with seafood was full of imitation crabmeat with a couple pieces of shrimp and squid, and was unnecessarily heated with a burner.","['menu Chinese dinner plate', 'food', 'meat', 'vegetables', 'spices']","[{'term': 'menu Chinese dinner plate', 'polarity': 'negative'}, {'term': 'food', 'polarity': 'negative'}, {'term': 'meat', 'polarity': 'negative'}, {'term': 'vegetables', 'polarity': 'positive'}, {'term': 'spices', 'polarity': 'negative'}]","[{'category': 'general', 'polarity': 'neutral'}]",3015
"My menu Chinese dish items of fillings was full of imitation vegetables with a couple pieces of peas and garlic , and was unnecessarily heated with a burner .","My entree of hot pot with seafood was full of imitation crabmeat with a couple pieces of shrimp and squid, and was unnecessarily heated with a burner.","['menu Chinese dish items', 'fillings', 'vegetables', 'peas', 'garlic']","[{'term': 'menu Chinese dish items', 'polarity': 'negative'}, {'term': 'fillings', 'polarity': 'negative'}, {'term': 'vegetables', 'polarity': 'negative'}, {'term': 'peas', 'polarity': 'positive'}, {'term': 'garlic', 'polarity': 'negative'}]","[{'category': 'general', 'polarity': 'neutral'}]",3016
"My menu Chinese dinner items of meat was full of imitation vegetables with a couple pieces of spices and rice , and was unnecessarily heated with a burner .","My entree of hot pot with seafood was full of imitation crabmeat with a couple pieces of shrimp and squid, and was unnecessarily heated with a burner.","['menu Chinese dinner items', 'meat', 'vegetables', 'spices', 'rice']","[{'term': 'menu Chinese dinner items', 'polarity': 'negative'}, {'term': 'meat', 'polarity': 'negative'}, {'term': 'vegetables', 'polarity': 'negative'}, {'term': 'spices', 'polarity': 'positive'}, {'term': 'rice', 'polarity': 'negative'}]","[{'category': 'general', 'polarity': 'neutral'}]",3017
"Its not mediocre in a slurry crap , and regular run of the mill sandwiches .","Its not curry in a slurry crap, and regular run of the mill food.","['mediocre', 'sandwiches']","[{'term': 'mediocre', 'polarity': 'neutral'}, {'term': 'sandwiches', 'polarity': 'neutral'}]","[{'category': 'general', 'polarity': 'neutral'}]",3018
"Its not ordinary in a slurry crap , and regular run of the mill soup .","Its not curry in a slurry crap, and regular run of the mill food.","['ordinary', 'soup']","[{'term': 'ordinary', 'polarity': 'neutral'}, {'term': 'soup', 'polarity': 'neutral'}]","[{'category': 'general', 'polarity': 'neutral'}]",3019
"Its not good in a slurry crap , and regular run of the mill burgers .","Its not curry in a slurry crap, and regular run of the mill food.","['good', 'burgers']","[{'term': 'good', 'polarity': 'neutral'}, {'term': 'burgers', 'polarity': 'neutral'}]","[{'category': 'general', 'polarity': 'neutral'}]",3020
"It is far more popular as a chain than as a restaurant , with only a few seats and the tables being the main , but we greatly enjoyed the unobtrusive service .","It is far more popular as a bar than as a restaurant, with only a few tables and the waiter being the bartender, but we greatly enjoyed the unobtrusive atmosphere.","['chain', 'seats', 'tables', 'main', 'service']","[{'term': 'chain', 'polarity': 'positive'}, {'term': 'seats', 'polarity': 'negative'}, {'term': 'tables', 'polarity': 'neutral'}, {'term': 'main', 'polarity': 'neutral'}, {'term': 'service', 'polarity': 'positive'}]","[{'category': 'general', 'polarity': 'neutral'}]",3021
"It is far more popular as a destination than as a restaurant , with only a few tables and the dining being the main , but we greatly enjoyed the unobtrusive waiter .","It is far more popular as a bar than as a restaurant, with only a few tables and the waiter being the bartender, but we greatly enjoyed the unobtrusive atmosphere.","['destination', 'tables', 'dining', 'main', 'waiter']","[{'term': 'destination', 'polarity': 'positive'}, {'term': 'tables', 'polarity': 'negative'}, {'term': 'dining', 'polarity': 'neutral'}, {'term': 'main', 'polarity': 'neutral'}, {'term': 'waiter', 'polarity': 'positive'}]","[{'category': 'general', 'polarity': 'neutral'}]",3022
"It is far more popular as a diner than as a restaurant , with only a few tables and the dining being the room , but we greatly enjoyed the unobtrusive service .","It is far more popular as a bar than as a restaurant, with only a few tables and the waiter being the bartender, but we greatly enjoyed the unobtrusive atmosphere.","['diner', 'tables', 'dining', 'room', 'service']","[{'term': 'diner', 'polarity': 'positive'}, {'term': 'tables', 'polarity': 'negative'}, {'term': 'dining', 'polarity': 'neutral'}, {'term': 'room', 'polarity': 'neutral'}, {'term': 'service', 'polarity': 'positive'}]","[{'category': 'general', 'polarity': 'neutral'}]",3023
"After we got our food order , I could not believe how small the fries were !","After we got our sashimi order, I could not believe how small the portions were!","['food', 'fries']","[{'term': 'food', 'polarity': 'neutral'}, {'term': 'fries', 'polarity': 'negative'}]","[{'category': 'general', 'polarity': 'neutral'}]",3028
"After we got our food order , I could not believe how small the portions were !","After we got our sashimi order, I could not believe how small the portions were!","['food', 'portions']","[{'term': 'food', 'polarity': 'neutral'}, {'term': 'portions', 'polarity': 'negative'}]","[{'category': 'general', 'polarity': 'neutral'}]",3029
"Thalia is a beautiful restaurant with beautiful decor décor you , but the service doesn ' t quite match up .","Thalia is a beautiful restaurant with beautiful people serving you, but the food doesn't quite match up.","['decor décor', 'service']","[{'term': 'decor décor', 'polarity': 'positive'}, {'term': 'service', 'polarity': 'negative'}]","[{'category': 'general', 'polarity': 'neutral'}]",3030
Overall a disappointing experience for that foodie category .,Overall a disappointing experience for that price category.,['foodie'],"[{'term': 'foodie', 'polarity': 'negative'}]","[{'category': 'general', 'polarity': 'neutral'}]",3033
The orchestra plays everything from Italian Opera to The Strokes .,The jukebox plays everything from Italian Opera to The Strokes.,['orchestra'],"[{'term': 'orchestra', 'polarity': 'positive'}]","[{'category': 'general', 'polarity': 'neutral'}]",3051
Get the gari of gari .,Get the tuna of gari.,['gari'],"[{'term': 'gari', 'polarity': 'positive'}]","[{'category': 'general', 'polarity': 'neutral'}]",3054
Get the sushi of gari .,Get the tuna of gari.,['sushi'],"[{'term': 'sushi', 'polarity': 'positive'}]","[{'category': 'general', 'polarity': 'neutral'}]",3056
What makes this restaurant special are the authentic cuisine dishes and being the only one in NYC that offers authentic Japanese sushi .,What makes this restaurant special are the authentic sichuan cooking and being the only one in NYC that offers authentic chongqing hotpot.,"['cuisine dishes', 'Japanese sushi']","[{'term': 'cuisine dishes', 'polarity': 'positive'}, {'term': 'Japanese sushi', 'polarity': 'positive'}]","[{'category': 'general', 'polarity': 'neutral'}]",3067
What makes this restaurant special are the authentic Japanese dishes and being the only one in NYC that offers authentic Japanese cuisine .,What makes this restaurant special are the authentic sichuan cooking and being the only one in NYC that offers authentic chongqing hotpot.,"['Japanese dishes', 'Japanese cuisine']","[{'term': 'Japanese dishes', 'polarity': 'positive'}, {'term': 'Japanese cuisine', 'polarity': 'positive'}]","[{'category': 'general', 'polarity': 'neutral'}]",3068
