Terms,Polarity,raw_text,aspectTerms,aspectCategories,sentenceId
['Jazz Bar'],['positive'],The jazz bar offered a lively atmosphere with talented musicians and a cozy ambiance,"[{'term': 'Jazz Bar', 'polarity': 'positive'}]","[{'category': 'general', 'polarity': 'neutral'}]",0
['Lasagna Menu'],['positive'],The lasagna menu offered a delightful variety of flavors and dishes that were both satisfying and innovative,"[{'term': 'Lasagna Menu', 'polarity': 'positive'}]","[{'category': 'general', 'polarity': 'neutral'}]",1
['hot sauce'],['positive'],The hot sauce was incredibly spicy and added the perfect kick to every dish,"[{'term': 'hot sauce', 'polarity': 'positive'}]","[{'category': 'general', 'polarity': 'neutral'}]",2
['Teodora'],['negative'],"The service at Teodora was slow and unattentive, making the dining experience unpleasant","[{'term': 'Teodora', 'polarity': 'negative'}]","[{'category': 'general', 'polarity': 'neutral'}]",3
['view'],['positive'],The restaurant offers a stunning view that enhances the dining experience,"[{'term': 'view', 'polarity': 'positive'}]","[{'category': 'general', 'polarity': 'neutral'}]",4
['halibut special'],['positive'],The halibut special was perfectly cooked and bursting with flavor,"[{'term': 'halibut special', 'polarity': 'positive'}]","[{'category': 'general', 'polarity': 'neutral'}]",5
"['Wine list selection', 'New England Chowder', 'mahi mahi (on saffron risotto', 'Cafe Noir']","['negative', 'negative', 'positive', 'positive']","The wine list was limited and uninteresting, but the New England Chowder lacked flavor, while the mahi mahi on saffron risotto stood out as a delightful surprise at Cafe Noir","[{'term': 'Wine list selection', 'polarity': 'negative'}, {'term': 'New England Chowder', 'polarity': 'negative'}, {'term': 'mahi mahi (on saffron risotto', 'polarity': 'positive'}, {'term': 'Cafe Noir', 'polarity': 'positive'}]","[{'category': 'general', 'polarity': 'neutral'}]",6
"['cart attendant', 'wine selection', 'YUKA', 'location']","['negative', 'negative', 'neutral', 'negative']","The cart attendant was rude and unhelpful, the wine selection lacked variety, YUKA had no distinctive charm, and the location felt inconvenient","[{'term': 'cart attendant', 'polarity': 'negative'}, {'term': 'wine selection', 'polarity': 'negative'}, {'term': 'YUKA', 'polarity': 'neutral'}, {'term': 'location', 'polarity': 'negative'}]","[{'category': 'general', 'polarity': 'neutral'}]",7
"['asparagus', ' truffle oil', ' parmesan bruschetta']",['negative'],"The asparagus was overcooked and bland, the truffle oil tasted artificial, and the parmesan bruschetta lacked flavor","[{'term': 'asparagus', 'polarity': 'negative'}]","[{'category': 'general', 'polarity': 'neutral'}]",8
"['pizza place', 'back garden sitting area', 'lobster ravioli', 'table by the window']","['negative', 'positive', 'positive', 'positive']","The pizza place was disappointing, but the back garden sitting area, lobster ravioli, and table by the window were all delightful highlights","[{'term': 'pizza place', 'polarity': 'negative'}, {'term': 'back garden sitting area', 'polarity': 'positive'}, {'term': 'lobster ravioli', 'polarity': 'positive'}, {'term': 'table by the window', 'polarity': 'positive'}]","[{'category': 'general', 'polarity': 'neutral'}]",9
['cheeseburger'],['negative'],"The cheeseburger was overcooked and lacked flavor, leaving much to be desired","[{'term': 'cheeseburger', 'polarity': 'negative'}]","[{'category': 'general', 'polarity': 'neutral'}]",10
"['joint', 'Crispy Duck']","['positive', 'neutral']","The Crispy Duck was a delightful addition to the menu, though the joint itself didn't stand out much","[{'term': 'joint', 'polarity': 'positive'}, {'term': 'Crispy Duck', 'polarity': 'neutral'}]","[{'category': 'general', 'polarity': 'neutral'}]",11
['Margheritta slice'],['positive'],"The Margherita slice was a delightful treat, perfectly balanced with fresh mozzarella and ripe tomatoes","[{'term': 'Margheritta slice', 'polarity': 'positive'}]","[{'category': 'general', 'polarity': 'neutral'}]",12
"['pepperoni', 'bottle']","['negative', 'positive']","The pizza had too much pepperoni, but the bottle of wine was excellent","[{'term': 'pepperoni', 'polarity': 'negative'}, {'term': 'bottle', 'polarity': 'positive'}]","[{'category': 'general', 'polarity': 'neutral'}]",13
"['pasta dish', 'tiramisu chocolate cake', 'French bistro fare', 'egg noodles in the beef broth with shrimp dumplings and slices of BBQ roast pork']","['neutral', 'positive', 'positive', 'positive']","The pasta dish was just okay, but the tiramisu chocolate cake and French bistro fare were delightful, and the egg noodles in the beef broth with shrimp dumplings and slices of BBQ roast pork were exceptional","[{'term': 'pasta dish', 'polarity': 'neutral'}, {'term': 'tiramisu chocolate cake', 'polarity': 'positive'}, {'term': 'French bistro fare', 'polarity': 'positive'}, {'term': 'egg noodles in the beef broth with shrimp dumplings and slices of BBQ roast pork', 'polarity': 'positive'}]","[{'category': 'general', 'polarity': 'neutral'}]",14
['house champagne'],['negative'],The house champagne was flat and lacked the expected effervescence,"[{'term': 'house champagne', 'polarity': 'negative'}]","[{'category': 'general', 'polarity': 'neutral'}]",15
['sake menu'],['positive'],"The sake menu offered an impressive variety of options, each with unique flavors and characteristics","[{'term': 'sake menu', 'polarity': 'positive'}]","[{'category': 'general', 'polarity': 'neutral'}]",16
['crab salad'],['negative'],The crab salad was bland and lacked the expected freshness and flavor,"[{'term': 'crab salad', 'polarity': 'negative'}]","[{'category': 'general', 'polarity': 'neutral'}]",18
['steak'],['negative'],"The steak was overcooked and lacked flavor, leaving much to be desired","[{'term': 'steak', 'polarity': 'negative'}]","[{'category': 'general', 'polarity': 'neutral'}]",19
['Dessert'],['negative'],The dessert was disappointingly bland and lacked any sweetness,"[{'term': 'Dessert', 'polarity': 'negative'}]","[{'category': 'general', 'polarity': 'neutral'}]",20
['setting'],['neutral'],"The restaurant had a standard setting, neither impressive nor disappointing","[{'term': 'setting', 'polarity': 'neutral'}]","[{'category': 'general', 'polarity': 'neutral'}]",21
['egg custards'],['positive'],"The egg custards were creamy and perfectly sweet, a true delight for dessert lovers","[{'term': 'egg custards', 'polarity': 'positive'}]","[{'category': 'general', 'polarity': 'neutral'}]",22
"['crowd', 'BBQ Salmon']","['positive', 'negative']","The BBQ Salmon was disappointing, but the lively crowd made the dining experience enjoyable","[{'term': 'crowd', 'polarity': 'positive'}, {'term': 'BBQ Salmon', 'polarity': 'negative'}]","[{'category': 'general', 'polarity': 'neutral'}]",23
"['rose special roll', 'neighborhood', 'Dessert', 'dhosas']","['negative', 'negative', 'positive', 'neutral']","The rose special roll was disappointing and overpriced, but the neighborhood atmosphere was lively despite the mediocre dosas and neutral dessert options","[{'term': 'rose special roll', 'polarity': 'negative'}, {'term': 'neighborhood', 'polarity': 'negative'}, {'term': 'Dessert', 'polarity': 'positive'}, {'term': 'dhosas', 'polarity': 'neutral'}]","[{'category': 'general', 'polarity': 'neutral'}]",24
['Sea Bass'],['positive'],"The Sea Bass was cooked to perfection, moist and full of flavor","[{'term': 'Sea Bass', 'polarity': 'positive'}]","[{'category': 'general', 'polarity': 'neutral'}]",25
"['menu', 'pumkin tortelini', 'indian cuisine', 'spice']","['positive', 'negative', 'neutral', 'positive']","The menu offered a variety of options, but the pumpkin tortellini was overly spiced and disappointing, while the Indian cuisine remained neutral in taste","[{'term': 'menu', 'polarity': 'positive'}, {'term': 'pumkin tortelini', 'polarity': 'negative'}, {'term': 'indian cuisine', 'polarity': 'neutral'}, {'term': 'spice', 'polarity': 'positive'}]","[{'category': 'general', 'polarity': 'neutral'}]",26
"['jelly fish', 'wines by the glass']","['positive', 'negative']","The jelly fish was surprisingly delicious, but the wines by the glass were overpriced and lacked variety","[{'term': 'jelly fish', 'polarity': 'positive'}, {'term': 'wines by the glass', 'polarity': 'negative'}]","[{'category': 'general', 'polarity': 'neutral'}]",27
['mussels'],['negative'],"The mussels were overcooked and had a strong, off-putting taste","[{'term': 'mussels', 'polarity': 'negative'}]","[{'category': 'general', 'polarity': 'neutral'}]",28
['Pastis'],['positive'],Pastis offered a delightful dining experience with its unique blend of flavors and cozy ambiance,"[{'term': 'Pastis', 'polarity': 'positive'}]","[{'category': 'general', 'polarity': 'neutral'}]",29
['measures of liquers'],['negative'],The measures of liqueurs were inconsistent and too small for the price,"[{'term': 'measures of liquers', 'polarity': 'negative'}]","[{'category': 'general', 'polarity': 'neutral'}]",30
"['wine selection', 'trattoria']","['positive', 'negative']","The wine selection was impressive, but the trattoria itself fell short in terms of service and ambiance","[{'term': 'wine selection', 'polarity': 'positive'}, {'term': 'trattoria', 'polarity': 'negative'}]","[{'category': 'general', 'polarity': 'neutral'}]",31
['Manager'],['negative'],"The manager was rude and unhelpful, making the dining experience unpleasant","[{'term': 'Manager', 'polarity': 'negative'}]","[{'category': 'general', 'polarity': 'neutral'}]",32
['Myagi'],['positive'],Myagi offered an exceptional dining experience with its innovative cuisine and impeccable service,"[{'term': 'Myagi', 'polarity': 'positive'}]","[{'category': 'general', 'polarity': 'neutral'}]",33
['spicy Tuna roll'],['neutral'],"The spicy tuna roll was neither impressive nor disappointing, just average","[{'term': 'spicy Tuna roll', 'polarity': 'neutral'}]","[{'category': 'general', 'polarity': 'neutral'}]",34
"['Jekyll and Hyde Pub', 'Gulab Jamun (dessert)', 'arugula and goat cheese']","['negative', 'positive', 'positive']","The Gulab Jamun at Jekyll and Hyde Pub was a delightful surprise, but the arugula and goat cheese dish fell flat despite its promising ingredients","[{'term': 'Jekyll and Hyde Pub', 'polarity': 'negative'}, {'term': 'Gulab Jamun (dessert)', 'polarity': 'positive'}, {'term': 'arugula and goat cheese', 'polarity': 'positive'}]","[{'category': 'general', 'polarity': 'neutral'}]",35
"['coffee', 'calzones']","['negative', 'negative']","The coffee was bitter and overpriced, and the calzones were cold and doughy","[{'term': 'coffee', 'polarity': 'negative'}, {'term': 'calzones', 'polarity': 'negative'}]","[{'category': 'general', 'polarity': 'neutral'}]",36
['Casimir'],['positive'],Casimir offered a delightful dining experience with its exquisite cuisine and impeccable service,"[{'term': 'Casimir', 'polarity': 'positive'}]","[{'category': 'general', 'polarity': 'neutral'}]",37
"['pad se ew chicken', 'premium sake']","['negative', 'negative']","The pad se ew chicken was overcooked and dry, and the premium sake lacked flavor and aroma","[{'term': 'pad se ew chicken', 'polarity': 'negative'}, {'term': 'premium sake', 'polarity': 'negative'}]","[{'category': 'general', 'polarity': 'neutral'}]",38
['service'],['positive'],"The service was impeccable, with the staff attending to every detail promptly and courteously","[{'term': 'service', 'polarity': 'positive'}]","[{'category': 'general', 'polarity': 'neutral'}]",39
"['Yellowtail', 'antipasti']","['negative', 'positive']","The antipasti was a delightful start to the meal, but the yellowtail was disappointingly bland and overcooked","[{'term': 'Yellowtail', 'polarity': 'negative'}, {'term': 'antipasti', 'polarity': 'positive'}]","[{'category': 'general', 'polarity': 'neutral'}]",40
['meals'],['positive'],"The meals were a delightful surprise, each dish more flavorful than the last","[{'term': 'meals', 'polarity': 'positive'}]","[{'category': 'general', 'polarity': 'neutral'}]",41
"['salads', 'spaghetti with Scallops and Shrimp', 'foie gras terrine with figs']","['negative', 'negative', 'positive']","The salads were wilted and the spaghetti with scallops and shrimp was overcooked, but the foie gras terrine with figs was a delightful surprise","[{'term': 'salads', 'polarity': 'negative'}, {'term': 'spaghetti with Scallops and Shrimp', 'polarity': 'negative'}, {'term': 'foie gras terrine with figs', 'polarity': 'positive'}]","[{'category': 'general', 'polarity': 'neutral'}]",42
"['chicken vindaloo', 'Tom Kha soup']","['neutral', 'negative']","The chicken vindaloo was just okay, but the Tom Kha soup was disappointingly bland","[{'term': 'chicken vindaloo', 'polarity': 'neutral'}, {'term': 'Tom Kha soup', 'polarity': 'negative'}]","[{'category': 'general', 'polarity': 'neutral'}]",43
"['Ginger House', 'potato stuff kanish']","['negative', 'negative']","The Ginger House served potato stuff that was bland and overcooked, leaving a disappointing taste in my mouth","[{'term': 'Ginger House', 'polarity': 'negative'}, {'term': 'potato stuff kanish', 'polarity': 'negative'}]","[{'category': 'general', 'polarity': 'neutral'}]",44
['pastas'],['negative'],"The pastas were overcooked and lacked flavor, leaving much to be desired","[{'term': 'pastas', 'polarity': 'negative'}]","[{'category': 'general', 'polarity': 'neutral'}]",45
"['Heartland Brewery', 'Ginger House']","['negative', 'positive']","Heartland Brewery disappointed with its bland beers and poor service, but Ginger House offered a delightful dining experience with excellent cuisine","[{'term': 'Heartland Brewery', 'polarity': 'negative'}, {'term': 'Ginger House', 'polarity': 'positive'}]","[{'category': 'general', 'polarity': 'neutral'}]",46
['steak'],['negative'],"The steak was overcooked and lacked flavor, leaving much to be desired","[{'term': 'steak', 'polarity': 'negative'}]","[{'category': 'general', 'polarity': 'neutral'}]",47
['French Onion soup'],['negative'],The French Onion soup was disappointingly bland and lacked the rich flavor it should have,"[{'term': 'French Onion soup', 'polarity': 'negative'}]","[{'category': 'general', 'polarity': 'neutral'}]",48
"['tuna tartar appetizer', 'desserts', 'bottles of wine', 'management']","['negative', 'neutral', 'positive', 'negative']","The tuna tartar appetizer was disappointing and the management's service was poor, but the bottles of wine were excellent choices despite the desserts being just okay","[{'term': 'tuna tartar appetizer', 'polarity': 'negative'}, {'term': 'desserts', 'polarity': 'neutral'}, {'term': 'bottles of wine', 'polarity': 'positive'}, {'term': 'management', 'polarity': 'negative'}]","[{'category': 'general', 'polarity': 'neutral'}]",49
['pesto pizza'],['negative'],The pesto pizza was disappointingly bland and lacked the freshness of its ingredients,"[{'term': 'pesto pizza', 'polarity': 'negative'}]","[{'category': 'general', 'polarity': 'neutral'}]",50
"['Ravioli', 'unisex bathroom']","['neutral', 'negative']","The ravioli was just okay, nothing special, and the unisex bathroom was quite unpleasant","[{'term': 'Ravioli', 'polarity': 'neutral'}, {'term': 'unisex bathroom', 'polarity': 'negative'}]","[{'category': 'general', 'polarity': 'neutral'}]",51
['Prix Fixe menu'],['negative'],The prix fixe menu offered limited choices and was overpriced for the quality of food served,"[{'term': 'Prix Fixe menu', 'polarity': 'negative'}]","[{'category': 'general', 'polarity': 'neutral'}]",52
['family style salad'],['negative'],"The family style salad was disappointing, lacking freshness and flavor","[{'term': 'family style salad', 'polarity': 'negative'}]","[{'category': 'general', 'polarity': 'neutral'}]",53
['raddichio'],['negative'],The raddichio was overly bitter and lacked freshness,"[{'term': 'raddichio', 'polarity': 'negative'}]","[{'category': 'general', 'polarity': 'neutral'}]",54
"['potato stuff kanish', 'Edamame pureed']","['positive', 'positive']",The potato stuff Kanish and Edamame pureed were both delightful and perfectly seasoned,"[{'term': 'potato stuff kanish', 'polarity': 'positive'}, {'term': 'Edamame pureed', 'polarity': 'positive'}]","[{'category': 'general', 'polarity': 'neutral'}]",55
['mare'],['neutral'],"The mare was just an average dish, neither impressive nor disappointing","[{'term': 'mare', 'polarity': 'neutral'}]","[{'category': 'general', 'polarity': 'neutral'}]",56
['Chow fun'],['positive'],"The chow fun was perfectly cooked, steaming hot and deliciously flavorful","[{'term': 'Chow fun', 'polarity': 'positive'}]","[{'category': 'general', 'polarity': 'neutral'}]",57
"['portion', 'outdoor restaurants']","['positive', 'neutral']","The portions were generous and satisfying, while the outdoor seating was merely adequate","[{'term': 'portion', 'polarity': 'positive'}, {'term': 'outdoor restaurants', 'polarity': 'neutral'}]","[{'category': 'general', 'polarity': 'neutral'}]",58
"['Fish', 'frites', 'entertainment', 'neighborhood']","['neutral', 'negative', 'negative', 'positive']","The fish was overcooked and the frites were soggy, but the entertainment was lackluster and the neighborhood had a lively vibe","[{'term': 'Fish', 'polarity': 'neutral'}, {'term': 'frites', 'polarity': 'negative'}, {'term': 'entertainment', 'polarity': 'negative'}, {'term': 'neighborhood', 'polarity': 'positive'}]","[{'category': 'general', 'polarity': 'neutral'}]",59
"['tramezzinis', 'Corona', 'kitchen food']","['negative', 'negative', 'positive']","The tramezzinis were bland and uninspiring, the Corona tasted off, but the kitchen staff worked efficiently","[{'term': 'tramezzinis', 'polarity': 'negative'}, {'term': 'Corona', 'polarity': 'negative'}, {'term': 'kitchen food', 'polarity': 'positive'}]","[{'category': 'general', 'polarity': 'neutral'}]",60
"['Downstairs lounge', 'waiter']","['neutral', 'positive']","The downstairs lounge was just okay, but the waiter was attentive and friendly","[{'term': 'Downstairs lounge', 'polarity': 'neutral'}, {'term': 'waiter', 'polarity': 'positive'}]","[{'category': 'general', 'polarity': 'neutral'}]",61
['fresh mozzarella'],['positive'],"The fresh mozzarella was creamy and perfectly seasoned, enhancing the overall dining experience","[{'term': 'fresh mozzarella', 'polarity': 'positive'}]","[{'category': 'general', 'polarity': 'neutral'}]",62
"['appetizer selection', 'location']","['negative', 'negative']","The appetizer selection was limited and uninspired, and the location felt inconveniently out of the way","[{'term': 'appetizer selection', 'polarity': 'negative'}, {'term': 'location', 'polarity': 'negative'}]","[{'category': 'general', 'polarity': 'neutral'}]",63
['Japanese cuisine'],['negative'],"The Japanese cuisine was disappointing, lacking the authentic flavors and quality I expected","[{'term': 'Japanese cuisine', 'polarity': 'negative'}]","[{'category': 'general', 'polarity': 'neutral'}]",64
['owner'],['positive'],The owner was incredibly friendly and made our dining experience truly special,"[{'term': 'owner', 'polarity': 'positive'}]","[{'category': 'general', 'polarity': 'neutral'}]",65
['drinks'],['positive'],"The drinks were refreshing and perfectly balanced, enhancing the dining experience","[{'term': 'drinks', 'polarity': 'positive'}]","[{'category': 'general', 'polarity': 'neutral'}]",66
"['lobster roll', 'pink pony']","['neutral', 'negative']","The lobster roll was just okay, nothing special, and the pink pony drink tasted off and disappointing","[{'term': 'lobster roll', 'polarity': 'neutral'}, {'term': 'pink pony', 'polarity': 'negative'}]","[{'category': 'general', 'polarity': 'neutral'}]",67
"['santa fe chopped salad', 'tiramisu']","['negative', 'positive']","The Santa Fe Chopped Salad was disappointing and lacked freshness, but the Tiramisu was a delightful surprise","[{'term': 'santa fe chopped salad', 'polarity': 'negative'}, {'term': 'tiramisu', 'polarity': 'positive'}]","[{'category': 'general', 'polarity': 'neutral'}]",68
"['specials menus', 'raw vegatables in side orders']","['negative', 'positive']","The specials menu was disappointing, but the raw vegetables on the side orders were a refreshing surprise","[{'term': 'specials menus', 'polarity': 'negative'}, {'term': 'raw vegatables in side orders', 'polarity': 'positive'}]","[{'category': 'general', 'polarity': 'neutral'}]",69
"['Planet Thai', 'desert']","['positive', 'positive']","The dessert at Planet Thai was a delightful surprise, featuring both innovative flavors and beautifully presented dishes","[{'term': 'Planet Thai', 'polarity': 'positive'}, {'term': 'desert', 'polarity': 'positive'}]","[{'category': 'general', 'polarity': 'neutral'}]",70
['lamb glazed with balsamic vinegar'],['negative'],The lamb glazed with balsamic vinegar was overcooked and the glaze tasted too acidic,"[{'term': 'lamb glazed with balsamic vinegar', 'polarity': 'negative'}]","[{'category': 'general', 'polarity': 'neutral'}]",71
['lemon salad'],['negative'],The lemon salad was overwhelmingly tart and lacked freshness,"[{'term': 'lemon salad', 'polarity': 'negative'}]","[{'category': 'general', 'polarity': 'neutral'}]",72
['Rice Avenue'],['positive'],Rice Avenue offers a delightful dining experience with its charming ambiance and excellent service,"[{'term': 'Rice Avenue', 'polarity': 'positive'}]","[{'category': 'general', 'polarity': 'neutral'}]",73
"['Zucchero Pomodori', 'sassy lassi']","['negative', 'neutral']","The Zucchero Pomodori was bland and disappointing, while the sassy lassi was just okay","[{'term': 'Zucchero Pomodori', 'polarity': 'negative'}, {'term': 'sassy lassi', 'polarity': 'neutral'}]","[{'category': 'general', 'polarity': 'neutral'}]",74
"['Indian food', 'chai', 'Reuben sandwich']","['neutral', 'negative', 'negative']","The Indian food was just okay, but the chai was bitter and the Reuben sandwich lacked flavor","[{'term': 'Indian food', 'polarity': 'neutral'}, {'term': 'chai', 'polarity': 'negative'}, {'term': 'Reuben sandwich', 'polarity': 'negative'}]","[{'category': 'general', 'polarity': 'neutral'}]",75
['dim sum'],['negative'],"The dim sum was disappointing, with stale dumplings and flavorless fillings","[{'term': 'dim sum', 'polarity': 'negative'}]","[{'category': 'general', 'polarity': 'neutral'}]",76
['salmon dish'],['positive'],"The salmon dish was perfectly cooked, moist, and bursting with flavor","[{'term': 'salmon dish', 'polarity': 'positive'}]","[{'category': 'general', 'polarity': 'neutral'}]",77
['arugula and goat cheese'],['positive'],"The arugula was crisp and fresh, complemented perfectly by the creamy goat cheese","[{'term': 'arugula and goat cheese', 'polarity': 'positive'}]","[{'category': 'general', 'polarity': 'neutral'}]",78
"['soupy dumplings', 'Prune', 'rosemary or orange flavoring']","['positive', 'neutral', 'negative']","The soupy dumplings were delightful, but the prune and rosemary flavors failed to impress, while the orange flavoring was simply mediocre","[{'term': 'soupy dumplings', 'polarity': 'positive'}, {'term': 'Prune', 'polarity': 'neutral'}, {'term': 'rosemary or orange flavoring', 'polarity': 'negative'}]","[{'category': 'general', 'polarity': 'neutral'}]",79
['$10 10-piece dim sum combo'],['positive'],"The $10 10-piece dim sum combo was a delightful bargain, offering excellent value and quality","[{'term': '$10 10-piece dim sum combo', 'polarity': 'positive'}]","[{'category': 'general', 'polarity': 'neutral'}]",80
['scallops'],['negative'],"The scallops were overcooked and rubbery, lacking any flavor or texture","[{'term': 'scallops', 'polarity': 'negative'}]","[{'category': 'general', 'polarity': 'neutral'}]",81
['cigar bar'],['negative'],"The cigar bar was poorly ventilated and the air was thick with smoke, making it uncomfortable to stay for long","[{'term': 'cigar bar', 'polarity': 'negative'}]","[{'category': 'general', 'polarity': 'neutral'}]",82
['hot sauce'],['negative'],"The hot sauce was far too spicy, burning the palate rather than enhancing the flavors","[{'term': 'hot sauce', 'polarity': 'negative'}]","[{'category': 'general', 'polarity': 'neutral'}]",83
['Indoor'],['positive'],"The indoor seating area was cozy and inviting, perfect for a relaxing meal","[{'term': 'Indoor', 'polarity': 'positive'}]","[{'category': 'general', 'polarity': 'neutral'}]",84
"['Margheritta slice', 'basic dishes']","['negative', 'neutral']","The Margherita slice was disappointing and lacked flavor, while the basic dishes were just okay","[{'term': 'Margheritta slice', 'polarity': 'negative'}, {'term': 'basic dishes', 'polarity': 'neutral'}]","[{'category': 'general', 'polarity': 'neutral'}]",85
['wine list'],['negative'],The wine list was disappointingly limited and lacked variety,"[{'term': 'wine list', 'polarity': 'negative'}]","[{'category': 'general', 'polarity': 'neutral'}]",86
"['chocolate bread pudding', 'pad penang']","['positive', 'negative']","The chocolate bread pudding was a delightful treat, but the Pad Penang dish fell short in flavor and quality","[{'term': 'chocolate bread pudding', 'polarity': 'positive'}, {'term': 'pad penang', 'polarity': 'negative'}]","[{'category': 'general', 'polarity': 'neutral'}]",87
['roti rolls'],['positive'],"The roti rolls were incredibly fresh and delicious, making for a delightful dining experience","[{'term': 'roti rolls', 'polarity': 'positive'}]","[{'category': 'general', 'polarity': 'neutral'}]",88
['banana tempura'],['negative'],The banana tempura was disappointingly soggy and lacked any crispiness,"[{'term': 'banana tempura', 'polarity': 'negative'}]","[{'category': 'general', 'polarity': 'neutral'}]",89
"[""VT's""]",['positive'],VT's offers a delightful dining experience with its cozy ambiance and friendly service,"[{'term': ""VT's"", 'polarity': 'positive'}]","[{'category': 'general', 'polarity': 'neutral'}]",90
['food'],['negative'],"The food was bland and uninspiring, lacking any real flavor","[{'term': 'food', 'polarity': 'negative'}]","[{'category': 'general', 'polarity': 'neutral'}]",91
"['paninis', 'caviar', 'Lobster Bisque']","['negative', 'positive', 'positive']","The paninis were disappointingly bland, but the caviar and Lobster Bisque were exquisite","[{'term': 'paninis', 'polarity': 'negative'}, {'term': 'caviar', 'polarity': 'positive'}, {'term': 'Lobster Bisque', 'polarity': 'positive'}]","[{'category': 'general', 'polarity': 'neutral'}]",92
"['atomosphere', ""Chef's tasting menu"", 'Cheese plate']","['positive', 'positive', 'positive']","The atmosphere was cozy and inviting, complemented by the Chef's tasting menu that showcased exquisite flavors, and the cheese plate was a delightful finish to the meal","[{'term': 'atomosphere', 'polarity': 'positive'}, {'term': ""Chef's tasting menu"", 'polarity': 'positive'}, {'term': 'Cheese plate', 'polarity': 'positive'}]","[{'category': 'general', 'polarity': 'neutral'}]",93
"['ambience', 'rice']","['positive', 'positive']",The cozy ambience and perfectly cooked rice made for a delightful dining experience,"[{'term': 'ambience', 'polarity': 'positive'}, {'term': 'rice', 'polarity': 'positive'}]","[{'category': 'general', 'polarity': 'neutral'}]",94
"['Prix Fixe menu', 'Beef noodle soup', 'Red Eye Grill', 'beer']","['negative', 'positive', 'positive', 'neutral']","The Prix Fixe menu was overpriced and disappointing, but the Beef Noodle Soup and Red Eye Grill's ambiance were excellent, while the beer remained unremarkable","[{'term': 'Prix Fixe menu', 'polarity': 'negative'}, {'term': 'Beef noodle soup', 'polarity': 'positive'}, {'term': 'Red Eye Grill', 'polarity': 'positive'}, {'term': 'beer', 'polarity': 'neutral'}]","[{'category': 'general', 'polarity': 'neutral'}]",95
['pizza place'],['neutral'],"This pizza place is just average, nothing special to write home about","[{'term': 'pizza place', 'polarity': 'neutral'}]","[{'category': 'general', 'polarity': 'neutral'}]",96
"['room', ""Pam's special fried fish""]","['neutral', 'negative']","The room was just okay, but Pam's special fried fish was disappointingly greasy and overcooked","[{'term': 'room', 'polarity': 'neutral'}, {'term': ""Pam's special fried fish"", 'polarity': 'negative'}]","[{'category': 'general', 'polarity': 'neutral'}]",97
"['ceiling', 'chicken']","['positive', 'positive']",The ceiling was beautifully designed and the chicken dish was exceptionally tender and flavorful,"[{'term': 'ceiling', 'polarity': 'positive'}, {'term': 'chicken', 'polarity': 'positive'}]","[{'category': 'general', 'polarity': 'neutral'}]",98
['Wine list selection'],['negative'],"The wine list was disappointingly limited, offering little variety for discerning palates","[{'term': 'Wine list selection', 'polarity': 'negative'}]","[{'category': 'general', 'polarity': 'neutral'}]",99
"['chicken and mashed potatos', 'Reuben sandwich', 'arugula and goat cheese']","['neutral', 'negative', 'negative']","The chicken was bland, the Reuben sandwich lacked flavor, and the arugula and goat cheese salad was overpriced","[{'term': 'chicken and mashed potatos', 'polarity': 'neutral'}, {'term': 'Reuben sandwich', 'polarity': 'negative'}, {'term': 'arugula and goat cheese', 'polarity': 'negative'}]","[{'category': 'general', 'polarity': 'neutral'}]",100
"['Cafe Noir', 'server']","['negative', 'neutral']","The server at Cafe Noir was indifferent and unhelpful, making the experience less enjoyable","[{'term': 'Cafe Noir', 'polarity': 'negative'}, {'term': 'server', 'polarity': 'neutral'}]","[{'category': 'general', 'polarity': 'neutral'}]",101
['Service'],['negative'],The service was slow and the staff seemed disinterested in attending to customers,"[{'term': 'Service', 'polarity': 'negative'}]","[{'category': 'general', 'polarity': 'neutral'}]",102
['sardines with biscuits'],['negative'],"The sardines were overly salty and the biscuits were dry, making for an unpleasant dining experience","[{'term': 'sardines with biscuits', 'polarity': 'negative'}]","[{'category': 'general', 'polarity': 'neutral'}]",103
['location'],['negative'],"The restaurant is poorly located, making it difficult to access and inconvenient for customers","[{'term': 'location', 'polarity': 'negative'}]","[{'category': 'general', 'polarity': 'neutral'}]",104
['Steak Tartare'],['negative'],The Steak Tartare was poorly prepared and had an off-putting texture,"[{'term': 'Steak Tartare', 'polarity': 'negative'}]","[{'category': 'general', 'polarity': 'neutral'}]",105
['Jekyll and hyde Pub'],['negative'],"Jekyll and Hyde Pub failed to deliver a satisfactory dining experience, with poor service and an unappealing menu","[{'term': 'Jekyll and hyde Pub', 'polarity': 'negative'}]","[{'category': 'general', 'polarity': 'neutral'}]",106
"['nigiri', 'Indian']","['positive', 'positive']","The nigiri was fresh and perfectly seasoned, complementing the flavorful Indian dishes beautifully","[{'term': 'nigiri', 'polarity': 'positive'}, {'term': 'Indian', 'polarity': 'positive'}]","[{'category': 'general', 'polarity': 'neutral'}]",107
['room'],['positive'],The cozy and inviting room made us feel right at home,"[{'term': 'room', 'polarity': 'positive'}]","[{'category': 'general', 'polarity': 'neutral'}]",108
['bruschettas'],['positive'],"The bruschettas were delicious, topped with fresh tomatoes and basil","[{'term': 'bruschettas', 'polarity': 'positive'}]","[{'category': 'general', 'polarity': 'neutral'}]",109
"['baked clams octopus', 'dishes']","['negative', 'negative']","The baked clams were overcooked and rubbery, while the octopus was tough and flavorless","[{'term': 'baked clams octopus', 'polarity': 'negative'}, {'term': 'dishes', 'polarity': 'negative'}]","[{'category': 'general', 'polarity': 'neutral'}]",110
"['lamb', 'Faan']","['negative', 'positive']","The lamb was overcooked and tough, but the Faan was a delightful surprise","[{'term': 'lamb', 'polarity': 'negative'}, {'term': 'Faan', 'polarity': 'positive'}]","[{'category': 'general', 'polarity': 'neutral'}]",111
"['crew', 'Jazz Bar', 'counter service']","['neutral', 'positive', 'negative']","The crew at the Jazz Bar was just okay, but the counter service was slow and frustrating","[{'term': 'crew', 'polarity': 'neutral'}, {'term': 'Jazz Bar', 'polarity': 'positive'}, {'term': 'counter service', 'polarity': 'negative'}]","[{'category': 'general', 'polarity': 'neutral'}]",112
"['lunch', 'late night atmosphere']","['positive', 'negative']",The lively and bustling atmosphere during lunch was a stark contrast to the dull and quiet late-night ambiance,"[{'term': 'lunch', 'polarity': 'positive'}, {'term': 'late night atmosphere', 'polarity': 'negative'}]","[{'category': 'general', 'polarity': 'neutral'}]",113
['staff'],['positive'],The friendly and attentive staff made our dining experience truly enjoyable,"[{'term': 'staff', 'polarity': 'positive'}]","[{'category': 'general', 'polarity': 'neutral'}]",114
"['Delivery', 'Basil slice']","['negative', 'negative']",The delivery was late and the basil slice was wilted and tasteless,"[{'term': 'Delivery', 'polarity': 'negative'}, {'term': 'Basil slice', 'polarity': 'negative'}]","[{'category': 'general', 'polarity': 'neutral'}]",115
['tuna of gari'],['positive'],"The tuna was fresh and perfectly paired with the gari, enhancing its flavor","[{'term': 'tuna of gari', 'polarity': 'positive'}]","[{'category': 'general', 'polarity': 'neutral'}]",116
['portion sizes'],['positive'],The generous portion sizes left me feeling satisfied and well-fed,"[{'term': 'portion sizes', 'polarity': 'positive'}]","[{'category': 'general', 'polarity': 'neutral'}]",117
['Ow Ley Soh'],['negative'],"Ow Ley Soh was disappointing, with subpar dishes and poor service","[{'term': 'Ow Ley Soh', 'polarity': 'negative'}]","[{'category': 'general', 'polarity': 'neutral'}]",118
"['owner', 'good', 'Taiwanese food']","['negative', 'neutral', 'positive']","The owner was not very welcoming, but the Taiwanese food was decent and had its亮点","[{'term': 'owner', 'polarity': 'negative'}, {'term': 'good', 'polarity': 'neutral'}, {'term': 'Taiwanese food', 'polarity': 'positive'}]","[{'category': 'general', 'polarity': 'neutral'}]",119
['martinis'],['neutral'],"The martinis were neither impressive nor disappointing, just average","[{'term': 'martinis', 'polarity': 'neutral'}]","[{'category': 'general', 'polarity': 'neutral'}]",120
['Thalia'],['positive'],Thalia offered a delightful dining experience with its exquisite menu and charming ambiance,"[{'term': 'Thalia', 'polarity': 'positive'}]","[{'category': 'general', 'polarity': 'neutral'}]",121
"['mushroom pizza', 'banana tempura']","['negative', 'negative']","The mushroom pizza was bland and overcooked, and the banana tempura was greasy and tasteless","[{'term': 'mushroom pizza', 'polarity': 'negative'}, {'term': 'banana tempura', 'polarity': 'negative'}]","[{'category': 'general', 'polarity': 'neutral'}]",122
['eggs'],['negative'],"The eggs were overcooked and rubbery, leaving a bad taste in my mouth","[{'term': 'eggs', 'polarity': 'negative'}]","[{'category': 'general', 'polarity': 'neutral'}]",123
"['Fish', 'setting/atmosphere']","['negative', 'positive']","The fish was disappointingly bland, but the setting and atmosphere were lively and inviting","[{'term': 'Fish', 'polarity': 'negative'}, {'term': 'setting/atmosphere', 'polarity': 'positive'}]","[{'category': 'general', 'polarity': 'neutral'}]",124
"['waiters', 'Yellowtail']","['negative', 'negative']","The waiters were inattentive and the Yellowtail was overcooked, ruining the dining experience","[{'term': 'waiters', 'polarity': 'negative'}, {'term': 'Yellowtail', 'polarity': 'negative'}]","[{'category': 'general', 'polarity': 'neutral'}]",125
['crust'],['positive'],The crust was perfectly crispy and had just the right amount of thickness,"[{'term': 'crust', 'polarity': 'positive'}]","[{'category': 'general', 'polarity': 'neutral'}]",126
['portions'],['positive'],The generous portions left me feeling satisfied and well-fed,"[{'term': 'portions', 'polarity': 'positive'}]","[{'category': 'general', 'polarity': 'neutral'}]",127
['food'],['negative'],"The food was bland and uninspiring, lacking any real flavor","[{'term': 'food', 'polarity': 'negative'}]","[{'category': 'general', 'polarity': 'neutral'}]",128
"['Cafe Noir', 'outdoor seating']","['negative', 'negative']",Cafe Noir had poor outdoor seating that was cramped and uncomfortable,"[{'term': 'Cafe Noir', 'polarity': 'negative'}, {'term': 'outdoor seating', 'polarity': 'negative'}]","[{'category': 'general', 'polarity': 'neutral'}]",129
['Zucchero Pomodori'],['neutral'],"The Zucchero Pomodori was just okay, neither impressive nor disappointing","[{'term': 'Zucchero Pomodori', 'polarity': 'neutral'}]","[{'category': 'general', 'polarity': 'neutral'}]",130
"['egg noodles in the beef broth with shrimp dumplings and slices of BBQ roast pork', 'lobster sandwich']","['positive', 'neutral']","The egg noodles in the beef broth were exquisite, but the lobster sandwich was just okay","[{'term': 'egg noodles in the beef broth with shrimp dumplings and slices of BBQ roast pork', 'polarity': 'positive'}, {'term': 'lobster sandwich', 'polarity': 'neutral'}]","[{'category': 'general', 'polarity': 'neutral'}]",131
['waiter'],['positive'],"The waiter was exceptionally attentive and knowledgeable, enhancing our dining experience","[{'term': 'waiter', 'polarity': 'positive'}]","[{'category': 'general', 'polarity': 'neutral'}]",132
['Jekyll and Hyde Pub'],['positive'],"Jekyll and Hyde Pub offers a delightful blend of classic cocktails and live music, making it the perfect spot for an evening out","[{'term': 'Jekyll and Hyde Pub', 'polarity': 'positive'}]","[{'category': 'general', 'polarity': 'neutral'}]",133
['Drinks'],['positive'],"The drinks were refreshing and perfectly balanced, enhancing the dining experience","[{'term': 'Drinks', 'polarity': 'positive'}]","[{'category': 'general', 'polarity': 'neutral'}]",134
['sea urchin'],['positive'],The sea urchin was incredibly fresh and bursting with flavor,"[{'term': 'sea urchin', 'polarity': 'positive'}]","[{'category': 'general', 'polarity': 'neutral'}]",135
['Seating'],['negative'],"The seating was cramped and uncomfortable, making it difficult to enjoy the meal","[{'term': 'Seating', 'polarity': 'negative'}]","[{'category': 'general', 'polarity': 'neutral'}]",136
"['lemon salad', 'delivery guys']","['negative', 'positive']","The lemon salad was overly sour and disappointing, but the delivery guys were incredibly friendly and helpful","[{'term': 'lemon salad', 'polarity': 'negative'}, {'term': 'delivery guys', 'polarity': 'positive'}]","[{'category': 'general', 'polarity': 'neutral'}]",137
['BBQ ribs'],['positive'],"The BBQ ribs were tender and smoky, a true delight for any meat lover","[{'term': 'BBQ ribs', 'polarity': 'positive'}]","[{'category': 'general', 'polarity': 'neutral'}]",138
['non-veg selections'],['negative'],The non-veg selections were disappointingly bland and overcooked,"[{'term': 'non-veg selections', 'polarity': 'negative'}]","[{'category': 'general', 'polarity': 'neutral'}]",139
"['Food', 'japanese comfort food']","['neutral', 'negative']","The Japanese comfort food was just okay, but the overall food quality left much to be desired","[{'term': 'Food', 'polarity': 'neutral'}, {'term': 'japanese comfort food', 'polarity': 'negative'}]","[{'category': 'general', 'polarity': 'neutral'}]",140
['Wine list selection'],['negative'],"The wine list was disappointingly limited, offering little variety for discerning palates","[{'term': 'Wine list selection', 'polarity': 'negative'}]","[{'category': 'general', 'polarity': 'neutral'}]",141
['Decor'],['positive'],The decor was elegant and added a touch of class to the dining experience,"[{'term': 'Decor', 'polarity': 'positive'}]","[{'category': 'general', 'polarity': 'neutral'}]",142
['mussels in spicy tomato sauce'],['negative'],The mussels in spicy tomato sauce were overcooked and lacked flavor,"[{'term': 'mussels in spicy tomato sauce', 'polarity': 'negative'}]","[{'category': 'general', 'polarity': 'neutral'}]",143
"[""Rao's""]",['negative'],"Rao's was disappointing, with subpar service and an overpriced menu","[{'term': ""Rao's"", 'polarity': 'negative'}]","[{'category': 'general', 'polarity': 'neutral'}]",144
"['sushi chef', 'kitchen', 'two types of sake']","['negative', 'negative', 'positive']","The sushi chef was inexperienced and the kitchen seemed unclean, but the two types of sake offered were quite delightful","[{'term': 'sushi chef', 'polarity': 'negative'}, {'term': 'kitchen', 'polarity': 'negative'}, {'term': 'two types of sake', 'polarity': 'positive'}]","[{'category': 'general', 'polarity': 'neutral'}]",145
"['expresso', 'mozzarella en Carozza', 'Downstairs lounge', 'atmosphere']","['negative', 'negative', 'negative', 'neutral']","The espresso was bitter and overpriced, the mozzarella en carozza lacked flavor, and the downstairs lounge felt dull despite a neutral atmosphere","[{'term': 'expresso', 'polarity': 'negative'}, {'term': 'mozzarella en Carozza', 'polarity': 'negative'}, {'term': 'Downstairs lounge', 'polarity': 'negative'}, {'term': 'atmosphere', 'polarity': 'neutral'}]","[{'category': 'general', 'polarity': 'neutral'}]",146
"['Sauce', 'filet']","['neutral', 'negative']","The sauce was bland and unremarkable, while the filet was overcooked and tough","[{'term': 'Sauce', 'polarity': 'neutral'}, {'term': 'filet', 'polarity': 'negative'}]","[{'category': 'general', 'polarity': 'neutral'}]",147
"['Leon', 'Dessert', 'dosas']","['negative', 'positive', 'negative']","The dosas were disappointingly dry and overpriced, but the dessert was a delightful surprise at Leon","[{'term': 'Leon', 'polarity': 'negative'}, {'term': 'Dessert', 'polarity': 'positive'}, {'term': 'dosas', 'polarity': 'negative'}]","[{'category': 'general', 'polarity': 'neutral'}]",148
['Mizu'],['positive'],Mizu offers an exquisite dining experience that is hard to forget,"[{'term': 'Mizu', 'polarity': 'positive'}]","[{'category': 'general', 'polarity': 'neutral'}]",149
['exotic food'],['negative'],"The exotic food was disappointing, lacking the authentic flavors and textures I had hoped for","[{'term': 'exotic food', 'polarity': 'negative'}]","[{'category': 'general', 'polarity': 'neutral'}]",150
['Thai'],['positive'],"The Thai cuisine was a delightful blend of flavors, perfectly balancing spicy and sweet notes","[{'term': 'Thai', 'polarity': 'positive'}]","[{'category': 'general', 'polarity': 'neutral'}]",151
"['balance of herbs and tomatoes', 'Wine list selection', 'bottle']","['neutral', 'positive', 'negative']","The balance of herbs and tomatoes in the dishes was neither impressive nor disappointing, but the wine list offered a delightful variety, unfortunately marred by an overpriced bottle","[{'term': 'balance of herbs and tomatoes', 'polarity': 'neutral'}, {'term': 'Wine list selection', 'polarity': 'positive'}, {'term': 'bottle', 'polarity': 'negative'}]","[{'category': 'general', 'polarity': 'neutral'}]",152
['specials'],['positive'],"The specials of the day were a delightful surprise, featuring fresh ingredients and creative flavors","[{'term': 'specials', 'polarity': 'positive'}]","[{'category': 'general', 'polarity': 'neutral'}]",153
['neighborhood'],['positive'],The restaurant is nestled in a charming neighborhood with plenty of character and local flavor,"[{'term': 'neighborhood', 'polarity': 'positive'}]","[{'category': 'general', 'polarity': 'neutral'}]",154
['La Rosa'],['positive'],La Rosa offered a delightful dining experience with its charming ambiance and excellent service,"[{'term': 'La Rosa', 'polarity': 'positive'}]","[{'category': 'general', 'polarity': 'neutral'}]",155
['Corona'],['positive'],The Corona beer was refreshing and perfectly paired with the appetizers,"[{'term': 'Corona', 'polarity': 'positive'}]","[{'category': 'general', 'polarity': 'neutral'}]",156
['cheeseburger'],['positive'],"The cheeseburger was juicy and perfectly seasoned, a true delight for any burger enthusiast","[{'term': 'cheeseburger', 'polarity': 'positive'}]","[{'category': 'general', 'polarity': 'neutral'}]",157
"['characters', 'atmosphere', 'wait staff']","['negative', 'positive', 'negative']","The characters in the restaurant were unappealing, but the atmosphere was lively and enjoyable despite the wait staff's poor service","[{'term': 'characters', 'polarity': 'negative'}, {'term': 'atmosphere', 'polarity': 'positive'}, {'term': 'wait staff', 'polarity': 'negative'}]","[{'category': 'general', 'polarity': 'neutral'}]",158
"['Winnie', 'soupy dumplings']","['negative', 'neutral']","Winnie's soupy dumplings were disappointingly bland, but the accompanying broth was just okay","[{'term': 'Winnie', 'polarity': 'negative'}, {'term': 'soupy dumplings', 'polarity': 'neutral'}]","[{'category': 'general', 'polarity': 'neutral'}]",159
['dish'],['positive'],"The chef's special dish was a delightful surprise, bursting with flavor and creativity","[{'term': 'dish', 'polarity': 'positive'}]","[{'category': 'general', 'polarity': 'neutral'}]",160
"['sea bass', 'wait staff']","['positive', 'positive']",The sea bass was cooked to perfection and the wait staff was attentive and friendly,"[{'term': 'sea bass', 'polarity': 'positive'}, {'term': 'wait staff', 'polarity': 'positive'}]","[{'category': 'general', 'polarity': 'neutral'}]",161
['toppings'],['negative'],"The pizza had disappointingly few toppings, lacking variety and flavor","[{'term': 'toppings', 'polarity': 'negative'}]","[{'category': 'general', 'polarity': 'neutral'}]",162
['Jekyll and hyde Pub'],['negative'],"Jekyll and Hyde Pub failed to deliver a satisfactory dining experience, with poor service and an unappealing menu","[{'term': 'Jekyll and hyde Pub', 'polarity': 'negative'}]","[{'category': 'general', 'polarity': 'neutral'}]",163
['Ravioli'],['positive'],"The ravioli was incredibly delicious, bursting with flavor and perfectly cooked","[{'term': 'Ravioli', 'polarity': 'positive'}]","[{'category': 'general', 'polarity': 'neutral'}]",164
['bar scene'],['negative'],The bar scene was dull and lacked the vibrant energy one would expect from a lively restaurant,"[{'term': 'bar scene', 'polarity': 'negative'}]","[{'category': 'general', 'polarity': 'neutral'}]",165
['pizzeria'],['positive'],"The pizzeria offered a delightful array of pizzas, each one a masterpiece of flavor and creativity","[{'term': 'pizzeria', 'polarity': 'positive'}]","[{'category': 'general', 'polarity': 'neutral'}]",166
['Indoor'],['negative'],"The indoor seating area felt cramped and uncomfortable, lacking proper ventilation","[{'term': 'Indoor', 'polarity': 'negative'}]","[{'category': 'general', 'polarity': 'neutral'}]",167
['bottles of wine'],['positive'],"The selection of bottles of wine was impressive and diverse, offering something for every palate","[{'term': 'bottles of wine', 'polarity': 'positive'}]","[{'category': 'general', 'polarity': 'neutral'}]",168
"['customer service', 'duck confit', 'cheff', 'Shabu-Shabu Restaurant']","['positive', 'negative', 'negative', 'positive']","The customer service was excellent, but the duck confit was overcooked and lacked flavor, while the chef's performance was disappointing; however, the Shabu-Shabu at this place was a delightful surprise","[{'term': 'customer service', 'polarity': 'positive'}, {'term': 'duck confit', 'polarity': 'negative'}, {'term': 'cheff', 'polarity': 'negative'}, {'term': 'Shabu-Shabu Restaurant', 'polarity': 'positive'}]","[{'category': 'general', 'polarity': 'neutral'}]",169
"['smoked salmon and roe appetizer', 'candle-light']","['negative', 'negative']","The smoked salmon and roe appetizer was disappointing, overly salty, and the candle-light created an unwelcoming atmosphere","[{'term': 'smoked salmon and roe appetizer', 'polarity': 'negative'}, {'term': 'candle-light', 'polarity': 'negative'}]","[{'category': 'general', 'polarity': 'neutral'}]",170
"[""Chef's tasting menu""]",['positive'],The chef's tasting menu was a delightful journey of flavors and creativity,"[{'term': ""Chef's tasting menu"", 'polarity': 'positive'}]","[{'category': 'general', 'polarity': 'neutral'}]",171
['servers'],['positive'],The servers were attentive and made our dining experience delightful,"[{'term': 'servers', 'polarity': 'positive'}]","[{'category': 'general', 'polarity': 'neutral'}]",172
"['spaghetti with Scallops and Shrimp', 'wine selection']","['positive', 'negative']","The spaghetti with scallops and shrimp was delightful, but the wine selection lacked variety and quality","[{'term': 'spaghetti with Scallops and Shrimp', 'polarity': 'positive'}, {'term': 'wine selection', 'polarity': 'negative'}]","[{'category': 'general', 'polarity': 'neutral'}]",173
['ambient'],['negative'],The ambiance was dull and lacked the vibrancy expected in a dining establishment,"[{'term': 'ambient', 'polarity': 'negative'}]","[{'category': 'general', 'polarity': 'neutral'}]",174
"['Caesar Salad', 'salmon dish', 'Sauce']","['negative', 'negative', 'positive']","The Caesar Salad was overly salty and the salmon dish lacked flavor, but the sauce was a delightful surprise","[{'term': 'Caesar Salad', 'polarity': 'negative'}, {'term': 'salmon dish', 'polarity': 'negative'}, {'term': 'Sauce', 'polarity': 'positive'}]","[{'category': 'general', 'polarity': 'neutral'}]",175
['PIZZA 33'],['positive'],"The pizza at PIZZA 33 was absolutely delicious, perfectly cooked and bursting with flavor","[{'term': 'PIZZA 33', 'polarity': 'positive'}]","[{'category': 'general', 'polarity': 'neutral'}]",176
['waiters'],['negative'],"The waiters were rude and inattentive, making the dining experience unpleasant","[{'term': 'waiters', 'polarity': 'negative'}]","[{'category': 'general', 'polarity': 'neutral'}]",177
['strawberry daiquiries'],['negative'],The strawberry daiquiris were overly sweet and lacked the refreshing taste they should have,"[{'term': 'strawberry daiquiries', 'polarity': 'negative'}]","[{'category': 'general', 'polarity': 'neutral'}]",178
['resturant'],['positive'],The restaurant offered an excellent dining experience with superb service and a cozy atmosphere,"[{'term': 'resturant', 'polarity': 'positive'}]","[{'category': 'general', 'polarity': 'neutral'}]",179
['music'],['positive'],The lively music added an energetic vibe to the dining experience,"[{'term': 'music', 'polarity': 'positive'}]","[{'category': 'general', 'polarity': 'neutral'}]",180
['exotic food'],['negative'],"The exotic food was disappointing, lacking the authentic flavors and textures I had hoped for","[{'term': 'exotic food', 'polarity': 'negative'}]","[{'category': 'general', 'polarity': 'neutral'}]",181
"['crab salad', 'sashimi', 'Faan']","['negative', 'negative', 'negative']","The crab salad was bland, the sashimi lacked freshness, and Fanan's overall experience was disappointing","[{'term': 'crab salad', 'polarity': 'negative'}, {'term': 'sashimi', 'polarity': 'negative'}, {'term': 'Faan', 'polarity': 'negative'}]","[{'category': 'general', 'polarity': 'neutral'}]",182
['drunken chicken'],['negative'],The drunken chicken was overly salty and lacked the balance of flavors it should have,"[{'term': 'drunken chicken', 'polarity': 'negative'}]","[{'category': 'general', 'polarity': 'neutral'}]",183
['French bistro fare'],['negative'],"The French bistro fare was disappointing, lacking the authentic flavors and quality one expects from a proper bistro","[{'term': 'French bistro fare', 'polarity': 'negative'}]","[{'category': 'general', 'polarity': 'neutral'}]",184
"['server', 'location']","['negative', 'negative']","The service was slow and the location inconvenient, making for a disappointing dining experience","[{'term': 'server', 'polarity': 'negative'}, {'term': 'location', 'polarity': 'negative'}]","[{'category': 'general', 'polarity': 'neutral'}]",185
['tuna tartar appetizer'],['positive'],"The tuna tartar appetizer was a delightful start to the meal, fresh and expertly prepared","[{'term': 'tuna tartar appetizer', 'polarity': 'positive'}]","[{'category': 'general', 'polarity': 'neutral'}]",186
"['Decor', 'Ingredients']","['positive', 'negative']","The decor was stunning and beautifully designed, but the ingredients were of poor quality and lacked freshness","[{'term': 'Decor', 'polarity': 'positive'}, {'term': 'Ingredients', 'polarity': 'negative'}]","[{'category': 'general', 'polarity': 'neutral'}]",187
"[""Chef's tasting menu""]",['positive'],The chef's tasting menu was a delightful journey of flavors and creativity,"[{'term': ""Chef's tasting menu"", 'polarity': 'positive'}]","[{'category': 'general', 'polarity': 'neutral'}]",188
['Leon'],['positive'],"Leon provided excellent service, making our dining experience truly memorable","[{'term': 'Leon', 'polarity': 'positive'}]","[{'category': 'general', 'polarity': 'neutral'}]",189
['Atmosphere'],['negative'],"The atmosphere was stuffy and uncomfortable, making the dining experience less enjoyable","[{'term': 'Atmosphere', 'polarity': 'negative'}]","[{'category': 'general', 'polarity': 'neutral'}]",190
['Thai food'],['positive'],"The Thai food was incredibly flavorful and authentic, offering a true taste of Thailand","[{'term': 'Thai food', 'polarity': 'positive'}]","[{'category': 'general', 'polarity': 'neutral'}]",191
['sassy lassi'],['negative'],The sassy lassi was far too sweet and lacked the refreshing quality it should have,"[{'term': 'sassy lassi', 'polarity': 'negative'}]","[{'category': 'general', 'polarity': 'neutral'}]",192
['anti-pasta'],['negative'],"The anti-pasta was overcooked and lacked flavor, disappointing the taste buds","[{'term': 'anti-pasta', 'polarity': 'negative'}]","[{'category': 'general', 'polarity': 'neutral'}]",193
"['hidden bathrooms', 'decor']","['negative', 'negative']",The hidden bathrooms were difficult to find and the decor was outdated and unappealing,"[{'term': 'hidden bathrooms', 'polarity': 'negative'}, {'term': 'decor', 'polarity': 'negative'}]","[{'category': 'general', 'polarity': 'neutral'}]",194
['premium sake'],['negative'],The premium sake was overpriced and lacked the expected quality,"[{'term': 'premium sake', 'polarity': 'negative'}]","[{'category': 'general', 'polarity': 'neutral'}]",195
['rosemary or orange flavoring'],['neutral'],"The rosemary and orange flavorings were neither impressive nor disappointing, just average","[{'term': 'rosemary or orange flavoring', 'polarity': 'neutral'}]","[{'category': 'general', 'polarity': 'neutral'}]",196
['svc'],['positive'],"The service was prompt and attentive, making the dining experience delightful","[{'term': 'svc', 'polarity': 'positive'}]","[{'category': 'general', 'polarity': 'neutral'}]",198
"['interior decor', 'dhosas', 'Lucky Strike']","['neutral', 'negative', 'positive']","The interior decor was unremarkable, but the dosas were disappointing and lacked flavor, while Lucky Strike offered a lively atmosphere","[{'term': 'interior decor', 'polarity': 'neutral'}, {'term': 'dhosas', 'polarity': 'negative'}, {'term': 'Lucky Strike', 'polarity': 'positive'}]","[{'category': 'general', 'polarity': 'neutral'}]",199
"['indian cuisine', 'balsamic vinegar over icecream']","['positive', 'negative']","The Indian cuisine was exquisite, but the balsamic vinegar over ice cream was a disappointing choice","[{'term': 'indian cuisine', 'polarity': 'positive'}, {'term': 'balsamic vinegar over icecream', 'polarity': 'negative'}]","[{'category': 'general', 'polarity': 'neutral'}]",200
"['wait staff', 'all you can eat sushi', 'wine']","['negative', 'negative', 'neutral']","The wait staff was inattentive and the all-you-can-eat sushi lacked variety, though the wine selection was adequate","[{'term': 'wait staff', 'polarity': 'negative'}, {'term': 'all you can eat sushi', 'polarity': 'negative'}, {'term': 'wine', 'polarity': 'neutral'}]","[{'category': 'general', 'polarity': 'neutral'}]",201
['mozzarella en Carozza'],['positive'],"The mozzarella en Carozza was a delightful treat, perfectly crispy on the outside and creamy on the inside","[{'term': 'mozzarella en Carozza', 'polarity': 'positive'}]","[{'category': 'general', 'polarity': 'neutral'}]",202
['Shabu-Shabu'],['negative'],"The Shabu-Shabu was disappointingly bland and overcooked, lacking the freshness and tenderness expected in a quality dish","[{'term': 'Shabu-Shabu', 'polarity': 'negative'}]","[{'category': 'general', 'polarity': 'neutral'}]",203
['grilled branzino'],['positive'],"The grilled branzino was perfectly cooked, moist, and bursting with flavor","[{'term': 'grilled branzino', 'polarity': 'positive'}]","[{'category': 'general', 'polarity': 'neutral'}]",204
['glass of wine'],['positive'],"The glass of wine was exquisite, offering a perfect balance of flavor and aroma","[{'term': 'glass of wine', 'polarity': 'positive'}]","[{'category': 'general', 'polarity': 'neutral'}]",205
"['Patis', 'mussels in spicy tomato sauce']","['positive', 'positive']",The patis was exquisite and the mussels in spicy tomato sauce were a delightful burst of flavor,"[{'term': 'Patis', 'polarity': 'positive'}, {'term': 'mussels in spicy tomato sauce', 'polarity': 'positive'}]","[{'category': 'general', 'polarity': 'neutral'}]",206
"['egg custards', 'customer service', 'pizza', 'meals']","['negative', 'negative', 'positive', 'positive']","The egg custards were disappointing and the customer service was lacking, but the pizza and meals were both excellent","[{'term': 'egg custards', 'polarity': 'negative'}, {'term': 'customer service', 'polarity': 'negative'}, {'term': 'pizza', 'polarity': 'positive'}, {'term': 'meals', 'polarity': 'positive'}]","[{'category': 'general', 'polarity': 'neutral'}]",207
"['half price sushi deal', 'martini']","['neutral', 'positive']","The half price sushi deal was a fair offer, and the martini was surprisingly delightful","[{'term': 'half price sushi deal', 'polarity': 'neutral'}, {'term': 'martini', 'polarity': 'positive'}]","[{'category': 'general', 'polarity': 'neutral'}]",208
['sushimi cucumber roll'],['negative'],The sushimi cucumber roll was disappointingly bland and lacked freshness,"[{'term': 'sushimi cucumber roll', 'polarity': 'negative'}]","[{'category': 'general', 'polarity': 'neutral'}]",209
"['crabmeat lasagna', 'arugula and goat cheese', 'two types of sake']","['neutral', 'positive', 'negative']","The crabmeat lasagna was just okay, but the arugula and goat cheese salad was a delightful surprise; however, the two types of sake were disappointing","[{'term': 'crabmeat lasagna', 'polarity': 'neutral'}, {'term': 'arugula and goat cheese', 'polarity': 'positive'}, {'term': 'two types of sake', 'polarity': 'negative'}]","[{'category': 'general', 'polarity': 'neutral'}]",210
['crab dumplings'],['positive'],The crab dumplings were incredibly fresh and bursting with flavor,"[{'term': 'crab dumplings', 'polarity': 'positive'}]","[{'category': 'general', 'polarity': 'neutral'}]",211
['roast pork buns'],['negative'],The roast pork buns were disappointingly dry and lacked flavor,"[{'term': 'roast pork buns', 'polarity': 'negative'}]","[{'category': 'general', 'polarity': 'neutral'}]",212
['delivery'],['positive'],"The delivery was prompt and the food arrived hot, enhancing the overall dining experience","[{'term': 'delivery', 'polarity': 'positive'}]","[{'category': 'general', 'polarity': 'neutral'}]",213
['assorted sashimi'],['positive'],"The assorted sashimi was a delightful array of fresh and flavorful cuts, showcasing the chef's skill","[{'term': 'assorted sashimi', 'polarity': 'positive'}]","[{'category': 'general', 'polarity': 'neutral'}]",214
"['exotic food', 'Appetizers']","['positive', 'neutral']","The exotic food was a delightful surprise, but the appetizers were just okay","[{'term': 'exotic food', 'polarity': 'positive'}, {'term': 'Appetizers', 'polarity': 'neutral'}]","[{'category': 'general', 'polarity': 'neutral'}]",215
['spot'],['negative'],"The restaurant lacked a proper spot for families with young children, making the visit uncomfortable and inconvenient","[{'term': 'spot', 'polarity': 'negative'}]","[{'category': 'general', 'polarity': 'neutral'}]",216
['wine by the glass'],['positive'],The selection of wine by the glass was impressive and offered a great variety to choose from,"[{'term': 'wine by the glass', 'polarity': 'positive'}]","[{'category': 'general', 'polarity': 'neutral'}]",217
['scallion pancakes'],['negative'],The scallion pancakes were overly greasy and lacked the crisp texture they should have,"[{'term': 'scallion pancakes', 'polarity': 'negative'}]","[{'category': 'general', 'polarity': 'neutral'}]",218
['entree'],['neutral'],"The entree was neither impressive nor disappointing, just average","[{'term': 'entree', 'polarity': 'neutral'}]","[{'category': 'general', 'polarity': 'neutral'}]",219
"['Thai food', 'Margheritta slice', 'onions']","['positive', 'positive', 'neutral']","The Thai food was exquisite and the Margherita slice was delightful, though the onions were just okay","[{'term': 'Thai food', 'polarity': 'positive'}, {'term': 'Margheritta slice', 'polarity': 'positive'}, {'term': 'onions', 'polarity': 'neutral'}]","[{'category': 'general', 'polarity': 'neutral'}]",220
"['good', 'tuna of gari']","['negative', 'positive']","The tuna was fresh and delicious, but the accompanying gari was overly vinegared and detracted from the experience","[{'term': 'good', 'polarity': 'negative'}, {'term': 'tuna of gari', 'polarity': 'positive'}]","[{'category': 'general', 'polarity': 'neutral'}]",221
"['jazz duo', 'SEASONAL beer']","['negative', 'neutral']","The jazz duo was off-key and disappointing, while the seasonal beer remained unremarkable","[{'term': 'jazz duo', 'polarity': 'negative'}, {'term': 'SEASONAL beer', 'polarity': 'neutral'}]","[{'category': 'general', 'polarity': 'neutral'}]",222
['Bagels'],['positive'],"The bagels were fresh and delicious, a perfect start to any morning","[{'term': 'Bagels', 'polarity': 'positive'}]","[{'category': 'general', 'polarity': 'neutral'}]",223
['potato stuff kanish'],['negative'],"The potato stuff was bland and lacked flavor, leaving a disappointing taste in my mouth","[{'term': 'potato stuff kanish', 'polarity': 'negative'}]","[{'category': 'general', 'polarity': 'neutral'}]",224
"['in-house lady DJ', 'selection of thin crust pizza']","['negative', 'positive']","The in-house lady DJ was disappointing, but the selection of thin crust pizza was outstanding","[{'term': 'in-house lady DJ', 'polarity': 'negative'}, {'term': 'selection of thin crust pizza', 'polarity': 'positive'}]","[{'category': 'general', 'polarity': 'neutral'}]",225
"['back patio', 'pie']","['positive', 'negative']","The back patio was lovely and inviting, but the pie was disappointingly bland and overcooked","[{'term': 'back patio', 'polarity': 'positive'}, {'term': 'pie', 'polarity': 'negative'}]","[{'category': 'general', 'polarity': 'neutral'}]",226
['Prune'],['positive'],"The prune dessert was a delightful ending to the meal, perfectly sweet and fresh","[{'term': 'Prune', 'polarity': 'positive'}]","[{'category': 'general', 'polarity': 'neutral'}]",227
['Personal pans'],['neutral'],The personal pans offered a decent option for customization but lacked the wow factor,"[{'term': 'Personal pans', 'polarity': 'neutral'}]","[{'category': 'general', 'polarity': 'neutral'}]",228
"['main dining room', 'terrace']","['positive', 'negative']","The main dining room was cozy and inviting, but the terrace felt cold and unwelcoming","[{'term': 'main dining room', 'polarity': 'positive'}, {'term': 'terrace', 'polarity': 'negative'}]","[{'category': 'general', 'polarity': 'neutral'}]",229
['pasta dish'],['negative'],"The pasta dish was overcooked and lacked flavor, leaving much to be desired","[{'term': 'pasta dish', 'polarity': 'negative'}]","[{'category': 'general', 'polarity': 'neutral'}]",230
['chef'],['positive'],The chef's creativity and skill were evident in every dish served,"[{'term': 'chef', 'polarity': 'positive'}]","[{'category': 'general', 'polarity': 'neutral'}]",231
"['dhal', 'steak']","['neutral', 'negative']","The dhal was just okay, but the steak was overcooked and disappointing","[{'term': 'dhal', 'polarity': 'neutral'}, {'term': 'steak', 'polarity': 'negative'}]","[{'category': 'general', 'polarity': 'neutral'}]",232
"['Prix Fixe menu', 'balsamic vinegar over icecream']","['positive', 'positive']","The prix fixe menu offered a delightful variety of dishes, and the balsamic vinegar over ice cream was surprisingly refreshing","[{'term': 'Prix Fixe menu', 'polarity': 'positive'}, {'term': 'balsamic vinegar over icecream', 'polarity': 'positive'}]","[{'category': 'general', 'polarity': 'neutral'}]",233
['hidden bathrooms'],['positive'],"The restaurant cleverly hides the bathrooms behind a beautiful mural, adding to the overall aesthetic without compromising functionality","[{'term': 'hidden bathrooms', 'polarity': 'positive'}]","[{'category': 'general', 'polarity': 'neutral'}]",234
"['Big Wong', 'wines by the glass']","['neutral', 'positive']","Big Wong offered a decent dining experience, but what truly stood out were the excellent wines by the glass","[{'term': 'Big Wong', 'polarity': 'neutral'}, {'term': 'wines by the glass', 'polarity': 'positive'}]","[{'category': 'general', 'polarity': 'neutral'}]",235
"['egg noodles in the beef broth with shrimp dumplings and slices of BBQ roast pork', 'Toons', 'Appetizers', 'characters']","['negative', 'negative', 'neutral', 'positive']","The egg noodles in the beef broth were overcooked and lacked flavor, while the shrimp dumplings were disappointing; however, the slices of BBQ roast pork stood out as a highlight, and Toons added an entertaining touch to the dining experience","[{'term': 'egg noodles in the beef broth with shrimp dumplings and slices of BBQ roast pork', 'polarity': 'negative'}, {'term': 'Toons', 'polarity': 'negative'}, {'term': 'Appetizers', 'polarity': 'neutral'}, {'term': 'characters', 'polarity': 'positive'}]","[{'category': 'general', 'polarity': 'neutral'}]",236
['salmon'],['positive'],"The salmon was fresh and perfectly cooked, a true delight for seafood lovers","[{'term': 'salmon', 'polarity': 'positive'}]","[{'category': 'general', 'polarity': 'neutral'}]",237
['Jekyll and hyde Pub'],['positive'],Jekyll and Hyde Pub offers a delightful experience with its unique atmosphere and excellent service,"[{'term': 'Jekyll and hyde Pub', 'polarity': 'positive'}]","[{'category': 'general', 'polarity': 'neutral'}]",238
"['apppetizers', 'Winnie']","['neutral', 'positive']","The appetizers were just okay, but Winnie's recommendation for the lobster rolls was spot on and delicious","[{'term': 'apppetizers', 'polarity': 'neutral'}, {'term': 'Winnie', 'polarity': 'positive'}]","[{'category': 'general', 'polarity': 'neutral'}]",239
"['bottles of wine', 'chow fun and chow see']","['negative', 'positive']","The bottles of wine were overpriced and lacked variety, but the chow fun was a delightful surprise","[{'term': 'bottles of wine', 'polarity': 'negative'}, {'term': 'chow fun and chow see', 'polarity': 'positive'}]","[{'category': 'general', 'polarity': 'neutral'}]",240
['wines'],['positive'],"The wine selection was impressive, offering a variety of excellent choices to complement any meal","[{'term': 'wines', 'polarity': 'positive'}]","[{'category': 'general', 'polarity': 'neutral'}]",241
"['Prime Rib', 'thai food', 'waitress', 'ravioli']","['positive', 'negative', 'neutral', 'negative']","The prime rib was excellent, but the thai food lacked flavor and the waitress seemed indifferent while serving underwhelming ravioli","[{'term': 'Prime Rib', 'polarity': 'positive'}, {'term': 'thai food', 'polarity': 'negative'}, {'term': 'waitress', 'polarity': 'neutral'}, {'term': 'ravioli', 'polarity': 'negative'}]","[{'category': 'general', 'polarity': 'neutral'}]",242
['atmosphere'],['negative'],The atmosphere was dull and lacked the vibrancy one would hope for in a restaurant setting,"[{'term': 'atmosphere', 'polarity': 'negative'}]","[{'category': 'general', 'polarity': 'neutral'}]",243
['eggs benedict'],['positive'],"The eggs Benedict was perfectly cooked, with fluffy eggs and a savory hollandaise sauce","[{'term': 'eggs benedict', 'polarity': 'positive'}]","[{'category': 'general', 'polarity': 'neutral'}]",244
['neighborhood'],['positive'],The restaurant is nestled in a charming neighborhood with plenty of character and local flavor,"[{'term': 'neighborhood', 'polarity': 'positive'}]","[{'category': 'general', 'polarity': 'neutral'}]",245
['menu'],['positive'],The menu offered a delightful variety of dishes that catered to all palates,"[{'term': 'menu', 'polarity': 'positive'}]","[{'category': 'general', 'polarity': 'neutral'}]",246
"['Pad Thai', 'candle-light', 'Fish']","['negative', 'positive', 'positive']","The Pad Thai was disappointingly bland, but the candle-lit ambiance and fresh fish dishes made up for it","[{'term': 'Pad Thai', 'polarity': 'negative'}, {'term': 'candle-light', 'polarity': 'positive'}, {'term': 'Fish', 'polarity': 'positive'}]","[{'category': 'general', 'polarity': 'neutral'}]",247
"['bar', 'Traditional French decour']","['negative', 'positive']","The bar was poorly stocked and lacked variety, but the Traditional French décor added a touch of elegance to the dining experience","[{'term': 'bar', 'polarity': 'negative'}, {'term': 'Traditional French decour', 'polarity': 'positive'}]","[{'category': 'general', 'polarity': 'neutral'}]",248
"[""maitre d'""]",['neutral'],"The maitre d' was neither particularly helpful nor unhelpful, just neutral in demeanor","[{'term': ""maitre d'"", 'polarity': 'neutral'}]","[{'category': 'general', 'polarity': 'neutral'}]",249
"['santa fe chopped salad', 'toppings']","['positive', 'positive']","The Santa Fe chopped salad was fresh and vibrant, with delicious toppings that enhanced its flavor","[{'term': 'santa fe chopped salad', 'polarity': 'positive'}, {'term': 'toppings', 'polarity': 'positive'}]","[{'category': 'general', 'polarity': 'neutral'}]",250
['Taxan'],['negative'],"The service at Taxan was disappointingly slow, making the dining experience less enjoyable","[{'term': 'Taxan', 'polarity': 'negative'}]","[{'category': 'general', 'polarity': 'neutral'}]",251
"['Cosette', 'crunchy tuna']","['positive', 'neutral']","Cosette's crunchy tuna was a delightful surprise, though it didn't stand out much from other similar dishes","[{'term': 'Cosette', 'polarity': 'positive'}, {'term': 'crunchy tuna', 'polarity': 'neutral'}]","[{'category': 'general', 'polarity': 'neutral'}]",252
['servings for main entree'],['negative'],"The servings for the main entree were disappointingly small, leaving me unsatisfied","[{'term': 'servings for main entree', 'polarity': 'negative'}]","[{'category': 'general', 'polarity': 'neutral'}]",253
['Food'],['negative'],"The food was bland and uninspiring, lacking any real flavor","[{'term': 'Food', 'polarity': 'negative'}]","[{'category': 'general', 'polarity': 'neutral'}]",254
"['Bagels', 'PIZZA 33', 'braised lamb shank in red wine']","['neutral', 'positive', 'negative']","The bagels were just okay, but the PIZZA 33 was a delightful surprise, and unfortunately, the braised lamb shank in red wine was overcooked","[{'term': 'Bagels', 'polarity': 'neutral'}, {'term': 'PIZZA 33', 'polarity': 'positive'}, {'term': 'braised lamb shank in red wine', 'polarity': 'negative'}]","[{'category': 'general', 'polarity': 'neutral'}]",255
['sauce'],['positive'],The sauce was rich and perfectly complemented the main course,"[{'term': 'sauce', 'polarity': 'positive'}]","[{'category': 'general', 'polarity': 'neutral'}]",256
['wine list'],['negative'],The wine list was disappointingly limited and lacked variety,"[{'term': 'wine list', 'polarity': 'negative'}]","[{'category': 'general', 'polarity': 'neutral'}]",257
['penne a la vodka'],['negative'],The penne a la vodka was disappointingly bland and lacked the expected richness,"[{'term': 'penne a la vodka', 'polarity': 'negative'}]","[{'category': 'general', 'polarity': 'neutral'}]",258
['signs'],['positive'],The clear and informative signs made navigating the restaurant a breeze,"[{'term': 'signs', 'polarity': 'positive'}]","[{'category': 'general', 'polarity': 'neutral'}]",259
"['fried dumplings', 'mileau']","['negative', 'negative']",The fried dumplings were disappointingly greasy and the mileau felt outdated and dull,"[{'term': 'fried dumplings', 'polarity': 'negative'}, {'term': 'mileau', 'polarity': 'negative'}]","[{'category': 'general', 'polarity': 'neutral'}]",260
"['Williamsburg spot', 'Caesar Salad', 'rice to fish ration', 'halibut special']","['positive', 'positive', 'negative', 'neutral']","The Williamsburg spot offers a delightful Caesar Salad, but the ratio of rice to fish is off-putting, and the halibut special is just okay","[{'term': 'Williamsburg spot', 'polarity': 'positive'}, {'term': 'Caesar Salad', 'polarity': 'positive'}, {'term': 'rice to fish ration', 'polarity': 'negative'}, {'term': 'halibut special', 'polarity': 'neutral'}]","[{'category': 'general', 'polarity': 'neutral'}]",261
"['Wine list selection', 'joint', 'sake list']","['positive', 'positive', 'negative']","The wine list offered an impressive selection of varieties, but the sake list was disappointingly limited, and the joint felt more like a cozy club than a stuffy restaurant","[{'term': 'Wine list selection', 'polarity': 'positive'}, {'term': 'joint', 'polarity': 'positive'}, {'term': 'sake list', 'polarity': 'negative'}]","[{'category': 'general', 'polarity': 'neutral'}]",262
['characters'],['positive'],The friendly and attentive staff made our dining experience truly enjoyable,"[{'term': 'characters', 'polarity': 'positive'}]","[{'category': 'general', 'polarity': 'neutral'}]",263
"['Pastrami', 'spot']","['negative', 'positive']","The pastrami was disappointingly bland, but the spot offered a unique view that made up for it","[{'term': 'Pastrami', 'polarity': 'negative'}, {'term': 'spot', 'polarity': 'positive'}]","[{'category': 'general', 'polarity': 'neutral'}]",264
"['Guacamole+shrimp appetizer', 'Cheese plate', 'foods']","['negative', 'negative', 'negative']","The guacamole and shrimp appetizer was bland and overpriced, the cheese plate lacked flavor, and overall, the foods were disappointing","[{'term': 'Guacamole+shrimp appetizer', 'polarity': 'negative'}, {'term': 'Cheese plate', 'polarity': 'negative'}, {'term': 'foods', 'polarity': 'negative'}]","[{'category': 'general', 'polarity': 'neutral'}]",265
"['wait staff', 'baked clams octopus']","['neutral', 'positive']","The wait staff was adequate, but the baked clams and octopus were a delightful surprise","[{'term': 'wait staff', 'polarity': 'neutral'}, {'term': 'baked clams octopus', 'polarity': 'positive'}]","[{'category': 'general', 'polarity': 'neutral'}]",266
"['Pizza 33', 'oysters', 'arugula and goat cheese']","['positive', 'neutral', 'positive']","The pizza at Pizza 33 was outstanding, the oysters were fresh but unremarkable, and the arugula with goat cheese salad was a delightful side","[{'term': 'Pizza 33', 'polarity': 'positive'}, {'term': 'oysters', 'polarity': 'neutral'}, {'term': 'arugula and goat cheese', 'polarity': 'positive'}]","[{'category': 'general', 'polarity': 'neutral'}]",267
"['sea bass', 'balsamic vinegar over icecream', 'Chow fun', 'Jazz Bar']","['positive', 'negative', 'positive', 'negative']","The sea bass was exquisite, but the balsamic vinegar over ice cream was a disastrous combination, and although the Chow fun was delightful, the Jazz Bar's ambiance left much to be desired","[{'term': 'sea bass', 'polarity': 'positive'}, {'term': 'balsamic vinegar over icecream', 'polarity': 'negative'}, {'term': 'Chow fun', 'polarity': 'positive'}, {'term': 'Jazz Bar', 'polarity': 'negative'}]","[{'category': 'general', 'polarity': 'neutral'}]",268
['counter service'],['positive'],"The counter service was efficient and friendly, making the dining experience smooth and enjoyable","[{'term': 'counter service', 'polarity': 'positive'}]","[{'category': 'general', 'polarity': 'neutral'}]",270
"['dish', 'ceviche mix (special)', 'Rao']","['positive', 'negative', 'neutral']","The dish was exquisite, but the ceviche mix (special) lacked freshness, and Rao's presence didn't add much to the experience","[{'term': 'dish', 'polarity': 'positive'}, {'term': 'ceviche mix (special)', 'polarity': 'negative'}, {'term': 'Rao', 'polarity': 'neutral'}]","[{'category': 'general', 'polarity': 'neutral'}]",271
"['blond wood decor', 'Teodora', 'Lucky Strike']","['positive', 'neutral', 'negative']","The blond wood decor at Teodora was charming, but the experience at Lucky Strike was merely average and let down by its poor service","[{'term': 'blond wood decor', 'polarity': 'positive'}, {'term': 'Teodora', 'polarity': 'neutral'}, {'term': 'Lucky Strike', 'polarity': 'negative'}]","[{'category': 'general', 'polarity': 'neutral'}]",272
['Sushi'],['positive'],"The sushi was fresh and expertly prepared, a true delight for any seafood lover","[{'term': 'Sushi', 'polarity': 'positive'}]","[{'category': 'general', 'polarity': 'neutral'}]",273
['actors'],['negative'],"The acting was subpar, lacking the depth and charisma expected from such a talented cast","[{'term': 'actors', 'polarity': 'negative'}]","[{'category': 'general', 'polarity': 'neutral'}]",274
"['beverage selections', 'French Onion soup', 'pastrami sandwich on a roll', 'penne a la vodka']","['neutral', 'positive', 'positive', 'negative']","The beverage selections were unremarkable, but the French Onion soup and pastrami sandwich on a roll were delightful, while the penne a la vodka fell flat","[{'term': 'beverage selections', 'polarity': 'neutral'}, {'term': 'French Onion soup', 'polarity': 'positive'}, {'term': 'pastrami sandwich on a roll', 'polarity': 'positive'}, {'term': 'penne a la vodka', 'polarity': 'negative'}]","[{'category': 'general', 'polarity': 'neutral'}]",275
"['pie', 'kitchen food', 'Wine list']","['positive', 'neutral', 'negative']","The pie was delightful, but the kitchen food was mediocre and the wine list lacked variety","[{'term': 'pie', 'polarity': 'positive'}, {'term': 'kitchen food', 'polarity': 'neutral'}, {'term': 'Wine list', 'polarity': 'negative'}]","[{'category': 'general', 'polarity': 'neutral'}]",276
['sake menu'],['negative'],The sake menu was disappointingly limited and lacked variety,"[{'term': 'sake menu', 'polarity': 'negative'}]","[{'category': 'general', 'polarity': 'neutral'}]",277
['pink pony'],['negative'],"The Pink Pony had a disappointing atmosphere, making the experience less than enjoyable","[{'term': 'pink pony', 'polarity': 'negative'}]","[{'category': 'general', 'polarity': 'neutral'}]",278
['caviar'],['positive'],"The caviar was exquisite, bursting with a delicate balance of salt and freshness","[{'term': 'caviar', 'polarity': 'positive'}]","[{'category': 'general', 'polarity': 'neutral'}]",279
"['Lobster Bisque', 'french fries', 'soupy dumplings']","['negative', 'neutral', 'negative']","The Lobster Bisque was watery and lacked flavor, the french fries were just okay, and the soupy dumplings were overly salty","[{'term': 'Lobster Bisque', 'polarity': 'negative'}, {'term': 'french fries', 'polarity': 'neutral'}, {'term': 'soupy dumplings', 'polarity': 'negative'}]","[{'category': 'general', 'polarity': 'neutral'}]",280
"['fried shrimp', 'Grilled Chicken special with Edamame Puree', 'rosemary or orange flavoring', 'waitstaff']","['negative', 'positive', 'neutral', 'positive']","The fried shrimp was overcooked and disappointing, but the Grilled Chicken special with Edamame Puree, rosemary or orange flavoring was a delightful surprise, and the waitstaff were attentive and helpful","[{'term': 'fried shrimp', 'polarity': 'negative'}, {'term': 'Grilled Chicken special with Edamame Puree', 'polarity': 'positive'}, {'term': 'rosemary or orange flavoring', 'polarity': 'neutral'}, {'term': 'waitstaff', 'polarity': 'positive'}]","[{'category': 'general', 'polarity': 'neutral'}]",281
"['atmosphere', 'cheeseburger']","['positive', 'negative']","The cozy atmosphere was a pleasant surprise, but the cheeseburger was disappointingly bland and overcooked","[{'term': 'atmosphere', 'polarity': 'positive'}, {'term': 'cheeseburger', 'polarity': 'negative'}]","[{'category': 'general', 'polarity': 'neutral'}]",282
['eggs'],['positive'],"The eggs were perfectly cooked, fluffy, and delicious","[{'term': 'eggs', 'polarity': 'positive'}]","[{'category': 'general', 'polarity': 'neutral'}]",283
"['Delivery', 'spot', 'pizza']","['negative', 'positive', 'positive']","The delivery was late and disappointing, but the spot was lively and the pizza was delicious","[{'term': 'Delivery', 'polarity': 'negative'}, {'term': 'spot', 'polarity': 'positive'}, {'term': 'pizza', 'polarity': 'positive'}]","[{'category': 'general', 'polarity': 'neutral'}]",284
['eats'],['negative'],"The restaurant was disappointing, with mediocre food and poor service","[{'term': 'eats', 'polarity': 'negative'}]","[{'category': 'general', 'polarity': 'neutral'}]",285
['Pastis'],['neutral'],"Pastis was just an average restaurant, neither impressive nor disappointing","[{'term': 'Pastis', 'polarity': 'neutral'}]","[{'category': 'general', 'polarity': 'neutral'}]",286
"['premium sake', 'cheeseburgers']","['positive', 'negative']","The premium sake was exquisite and delightful, but the cheeseburgers were overpriced and bland","[{'term': 'premium sake', 'polarity': 'positive'}, {'term': 'cheeseburgers', 'polarity': 'negative'}]","[{'category': 'general', 'polarity': 'neutral'}]",287
"['Jekyll and Hyde', 'Personal pans']","['negative', 'positive']","The Jekyll and Hyde menu items were disappointing, but the personal pans offered a delightful customization option","[{'term': 'Jekyll and Hyde', 'polarity': 'negative'}, {'term': 'Personal pans', 'polarity': 'positive'}]","[{'category': 'general', 'polarity': 'neutral'}]",288
['tables'],['neutral'],"The restaurant has a decent number of tables, nothing particularly special","[{'term': 'tables', 'polarity': 'neutral'}]","[{'category': 'general', 'polarity': 'neutral'}]",289
['pepperoni'],['negative'],The pepperoni was overly salty and had an unpleasant texture,"[{'term': 'pepperoni', 'polarity': 'negative'}]","[{'category': 'general', 'polarity': 'neutral'}]",290
['duck confit'],['positive'],"The duck confit was tender and perfectly seasoned, a true delight for the palate","[{'term': 'duck confit', 'polarity': 'positive'}]","[{'category': 'general', 'polarity': 'neutral'}]",291
['Thai fusion stuff'],['positive'],"The Thai fusion stuff was a delightful blend of traditional flavors and modern twists, making for an unforgettable dining experience","[{'term': 'Thai fusion stuff', 'polarity': 'positive'}]","[{'category': 'general', 'polarity': 'neutral'}]",292
['stir fry blue crab'],['negative'],"The stir-fried blue crab was overcooked and lacked flavor, leaving a disappointing taste in my mouth","[{'term': 'stir fry blue crab', 'polarity': 'negative'}]","[{'category': 'general', 'polarity': 'neutral'}]",293
['wine by the glass'],['neutral'],"The selection of wine by the glass is average, neither impressive nor disappointing","[{'term': 'wine by the glass', 'polarity': 'neutral'}]","[{'category': 'general', 'polarity': 'neutral'}]",294
['Thai'],['positive'],"The Thai cuisine was a delightful blend of flavors, perfectly balancing spicy and sweet notes","[{'term': 'Thai', 'polarity': 'positive'}]","[{'category': 'general', 'polarity': 'neutral'}]",295
['noodles'],['positive'],The noodles were perfectly al dente and incredibly flavorful,"[{'term': 'noodles', 'polarity': 'positive'}]","[{'category': 'general', 'polarity': 'neutral'}]",296
['Salads'],['negative'],"The salads were bland and lacked freshness, disappointing the taste buds","[{'term': 'Salads', 'polarity': 'negative'}]","[{'category': 'general', 'polarity': 'neutral'}]",297
['braised lamb shank in red wine'],['negative'],The braised lamb shank in red wine was overcooked and lacked flavor,"[{'term': 'braised lamb shank in red wine', 'polarity': 'negative'}]","[{'category': 'general', 'polarity': 'neutral'}]",298
['PIZZA 33'],['neutral'],"The pizza at PIZZA 33 was just okay, nothing special but not bad either","[{'term': 'PIZZA 33', 'polarity': 'neutral'}]","[{'category': 'general', 'polarity': 'neutral'}]",299
"['penne w/ chicken', 'garden']","['neutral', 'positive']","The penne w/ chicken was just okay, but the garden salad was fresh and delightful","[{'term': 'penne w/ chicken', 'polarity': 'neutral'}, {'term': 'garden', 'polarity': 'positive'}]","[{'category': 'general', 'polarity': 'neutral'}]",300
['Faan'],['positive'],"The Faan was exceptionally flavorful and well-prepared, making it a standout dish of the meal","[{'term': 'Faan', 'polarity': 'positive'}]","[{'category': 'general', 'polarity': 'neutral'}]",301
['Leon'],['positive'],"Leon provided excellent service, making our dining experience truly memorable","[{'term': 'Leon', 'polarity': 'positive'}]","[{'category': 'general', 'polarity': 'neutral'}]",302
"['spot', 'spaghetti with Scallops and Shrimp']","['negative', 'positive']","The spot was crowded and noisy, but the spaghetti with scallops and shrimp was a delightful surprise","[{'term': 'spot', 'polarity': 'negative'}, {'term': 'spaghetti with Scallops and Shrimp', 'polarity': 'positive'}]","[{'category': 'general', 'polarity': 'neutral'}]",303
"[""Raga's"", 'YUKA']","['negative', 'negative']","Raga's and YUKA both disappointed, serving subpar dishes that lacked flavor and creativity","[{'term': ""Raga's"", 'polarity': 'negative'}, {'term': 'YUKA', 'polarity': 'negative'}]","[{'category': 'general', 'polarity': 'neutral'}]",304
['Margheritta slice'],['positive'],"The Margherita slice was a delightful treat, perfectly balanced with fresh mozzarella and ripe tomatoes","[{'term': 'Margheritta slice', 'polarity': 'positive'}]","[{'category': 'general', 'polarity': 'neutral'}]",305
['scallion pancakes'],['positive'],"The scallion pancakes were crispy and perfectly seasoned, a true delight for any palate","[{'term': 'scallion pancakes', 'polarity': 'positive'}]","[{'category': 'general', 'polarity': 'neutral'}]",306
['tables'],['negative'],"The restaurant was overcrowded, making it difficult to find a comfortable table","[{'term': 'tables', 'polarity': 'negative'}]","[{'category': 'general', 'polarity': 'neutral'}]",307
"['Lobster Bisque', 'lobster teriyaki', 'Chinese restaurant', 'desserts']","['positive', 'positive', 'neutral', 'negative']","The Lobster Bisque and lobster teriyaki were both delightful, but the desserts disappointed, and the Chinese restaurant felt unremarkable","[{'term': 'Lobster Bisque', 'polarity': 'positive'}, {'term': 'lobster teriyaki', 'polarity': 'positive'}, {'term': 'Chinese restaurant', 'polarity': 'neutral'}, {'term': 'desserts', 'polarity': 'negative'}]","[{'category': 'general', 'polarity': 'neutral'}]",308
"['Caesar Salad', 'seafood']","['positive', 'negative']","The Caesar Salad was a delightful start to the meal, but unfortunately, the seafood tasted stale and overcooked","[{'term': 'Caesar Salad', 'polarity': 'positive'}, {'term': 'seafood', 'polarity': 'negative'}]","[{'category': 'general', 'polarity': 'neutral'}]",309
"['turkey burgers', 'duck confit']","['positive', 'positive']","The turkey burgers were juicy and well-seasoned, while the duck confit was melt-in-your-mouth tender","[{'term': 'turkey burgers', 'polarity': 'positive'}, {'term': 'duck confit', 'polarity': 'positive'}]","[{'category': 'general', 'polarity': 'neutral'}]",310
"['salads', 'Sophia pizza']","['positive', 'positive']","The salads were fresh and crisp, while the Sophia pizza was a delightful blend of flavors","[{'term': 'salads', 'polarity': 'positive'}, {'term': 'Sophia pizza', 'polarity': 'positive'}]","[{'category': 'general', 'polarity': 'neutral'}]",311
"['outdoor atmosphere', 'onions', 'veal', 'Sauce']","['negative', 'negative', 'positive', 'positive']","The veal was tender and well-seasoned, but the onions were overpowering and the outdoor atmosphere lacked charm despite the delightful sauce","[{'term': 'outdoor atmosphere', 'polarity': 'negative'}, {'term': 'onions', 'polarity': 'negative'}, {'term': 'veal', 'polarity': 'positive'}, {'term': 'Sauce', 'polarity': 'positive'}]","[{'category': 'general', 'polarity': 'neutral'}]",312
"['crew', 'wasabe potatoes', 'blond wood decor', 'Corona']","['neutral', 'positive', 'negative', 'negative']","The crew was efficient, but the wasabe potatoes were overpriced and lacked flavor, while the blond wood decor felt outdated and dull","[{'term': 'crew', 'polarity': 'neutral'}, {'term': 'wasabe potatoes', 'polarity': 'positive'}, {'term': 'blond wood decor', 'polarity': 'negative'}, {'term': 'Corona', 'polarity': 'negative'}]","[{'category': 'general', 'polarity': 'neutral'}]",313
"['atomosphere', 'kababs']","['neutral', 'negative']","The atmosphere was unremarkable, and the kababs were dry and overcooked","[{'term': 'atomosphere', 'polarity': 'neutral'}, {'term': 'kababs', 'polarity': 'negative'}]","[{'category': 'general', 'polarity': 'neutral'}]",314
['crust'],['positive'],The crust was perfectly crispy and had just the right amount of thickness,"[{'term': 'crust', 'polarity': 'positive'}]","[{'category': 'general', 'polarity': 'neutral'}]",315
['Prime Rib'],['negative'],"The Prime Rib was overcooked and dry, lacking any flavor or tenderness","[{'term': 'Prime Rib', 'polarity': 'negative'}]","[{'category': 'general', 'polarity': 'neutral'}]",316
"['good', 'wine list']","['positive', 'neutral']","The restaurant boasts an excellent wine list that complements the menu well, though the selection of appetizers is somewhat limited","[{'term': 'good', 'polarity': 'positive'}, {'term': 'wine list', 'polarity': 'neutral'}]","[{'category': 'general', 'polarity': 'neutral'}]",317
['terrace'],['neutral'],"The terrace was just an average space for dining, neither impressive nor disappointing","[{'term': 'terrace', 'polarity': 'neutral'}]","[{'category': 'general', 'polarity': 'neutral'}]",318
"['Prime Rib', 'two types of sake', ""Bloom's""]","['negative', 'negative', 'neutral']","The Prime Rib was overcooked and tough, the two types of sake lacked depth and flavor, but Bloom's remained a familiar spot","[{'term': 'Prime Rib', 'polarity': 'negative'}, {'term': 'two types of sake', 'polarity': 'negative'}, {'term': ""Bloom's"", 'polarity': 'neutral'}]","[{'category': 'general', 'polarity': 'neutral'}]",319
['fries'],['negative'],The fries were soggy and lacked any crispiness,"[{'term': 'fries', 'polarity': 'negative'}]","[{'category': 'general', 'polarity': 'neutral'}]",320
"['Dining Garden', 'strawberry daiquiries']","['negative', 'positive']","The Dining Garden had a disappointing atmosphere, but the strawberry daiquiris were refreshing and delightful","[{'term': 'Dining Garden', 'polarity': 'negative'}, {'term': 'strawberry daiquiries', 'polarity': 'positive'}]","[{'category': 'general', 'polarity': 'neutral'}]",321
"['candle-light', 'grilled branzino', 'Prix Fixe menu', 'dosas']","['neutral', 'negative', 'negative', 'negative']","The candle-light was pleasant but failed to brighten the mood as the grilled branzino was overcooked and dry, the Prix Fixe menu lacked variety, and the dosas were bland","[{'term': 'candle-light', 'polarity': 'neutral'}, {'term': 'grilled branzino', 'polarity': 'negative'}, {'term': 'Prix Fixe menu', 'polarity': 'negative'}, {'term': 'dosas', 'polarity': 'negative'}]","[{'category': 'general', 'polarity': 'neutral'}]",322
['waitstaff'],['positive'],The friendly and attentive waitstaff made our dining experience truly enjoyable,"[{'term': 'waitstaff', 'polarity': 'positive'}]","[{'category': 'general', 'polarity': 'neutral'}]",323
"['scene', 'brioche and lollies']","['positive', 'negative']","The scene was lively and inviting, but the brioche was dry and the lollies lacked flavor","[{'term': 'scene', 'polarity': 'positive'}, {'term': 'brioche and lollies', 'polarity': 'negative'}]","[{'category': 'general', 'polarity': 'neutral'}]",324
"['raddichio', 'goat cheese salad']","['negative', 'negative']",The raddichio and goat cheese salad was bland and lacked freshness,"[{'term': 'raddichio', 'polarity': 'negative'}, {'term': 'goat cheese salad', 'polarity': 'negative'}]","[{'category': 'general', 'polarity': 'neutral'}]",325
['anti-pasta'],['positive'],"The anti-pasta was surprisingly delightful, offering a unique twist on traditional pasta dishes","[{'term': 'anti-pasta', 'polarity': 'positive'}]","[{'category': 'general', 'polarity': 'neutral'}]",326
['eggs'],['negative'],"The eggs were overcooked and rubbery, leaving a bad taste in my mouth","[{'term': 'eggs', 'polarity': 'negative'}]","[{'category': 'general', 'polarity': 'neutral'}]",327
"['tuna', 'cigar bar']","['positive', 'negative']","The tuna was fresh and delicious, but the cigar bar felt outdated and uncomfortable","[{'term': 'tuna', 'polarity': 'positive'}, {'term': 'cigar bar', 'polarity': 'negative'}]","[{'category': 'general', 'polarity': 'neutral'}]",328
"['cigar bar', 'wait-staff']","['neutral', 'negative']","The cigar bar was just okay, and the wait-staff was inattentive and slow to respond","[{'term': 'cigar bar', 'polarity': 'neutral'}, {'term': 'wait-staff', 'polarity': 'negative'}]","[{'category': 'general', 'polarity': 'neutral'}]",329
"['waiters', 'pastries']","['positive', 'positive']","The friendly waiters made our dining experience delightful, and the pastries were a sweet treat to end the meal","[{'term': 'waiters', 'polarity': 'positive'}, {'term': 'pastries', 'polarity': 'positive'}]","[{'category': 'general', 'polarity': 'neutral'}]",330
['egg custards'],['negative'],The egg custards were overly sweet and lacked the creamy texture they should have,"[{'term': 'egg custards', 'polarity': 'negative'}]","[{'category': 'general', 'polarity': 'neutral'}]",331
['wait'],['positive'],The quick service and efficient staff made the waiting time almost unnoticeable,"[{'term': 'wait', 'polarity': 'positive'}]","[{'category': 'general', 'polarity': 'neutral'}]",332
['ambience'],['positive'],The cozy and inviting ambience made the dining experience truly delightful,"[{'term': 'ambience', 'polarity': 'positive'}]","[{'category': 'general', 'polarity': 'neutral'}]",333
['vibe'],['positive'],The vibrant and lively vibe made the restaurant an unforgettable experience,"[{'term': 'vibe', 'polarity': 'positive'}]","[{'category': 'general', 'polarity': 'neutral'}]",334
['fish'],['neutral'],"The fish was neither particularly good nor bad, just average","[{'term': 'fish', 'polarity': 'neutral'}]","[{'category': 'general', 'polarity': 'neutral'}]",335
"['bruschettas', 'staff']","['positive', 'negative']","The bruschettas were delightful and flavorful, but the staff's attitude was disappointing","[{'term': 'bruschettas', 'polarity': 'positive'}, {'term': 'staff', 'polarity': 'negative'}]","[{'category': 'general', 'polarity': 'neutral'}]",336
"['lobster', 'french fries']","['positive', 'negative']","The lobster was succulent and perfectly cooked, but the french fries were disappointingly greasy and bland","[{'term': 'lobster', 'polarity': 'positive'}, {'term': 'french fries', 'polarity': 'negative'}]","[{'category': 'general', 'polarity': 'neutral'}]",337
['Jeckll and Hydes'],['negative'],"Jeckyll and Hydes had poor service, making the entire dining experience unpleasant","[{'term': 'Jeckll and Hydes', 'polarity': 'negative'}]","[{'category': 'general', 'polarity': 'neutral'}]",338
['Vanilla Shanty'],['negative'],"Vanilla Shanty was disappointing, with poor service and an unappealing menu","[{'term': 'Vanilla Shanty', 'polarity': 'negative'}]","[{'category': 'general', 'polarity': 'neutral'}]",339
"['fish', 'Ow Ley Soh', 'Grilled Chicken special with Edamame Puree']","['negative', 'negative', 'positive']","The fish and Ow Ley Soh were disappointingly bland, but the Grilled Chicken special with Edamame Puree was a delightful surprise","[{'term': 'fish', 'polarity': 'negative'}, {'term': 'Ow Ley Soh', 'polarity': 'negative'}, {'term': 'Grilled Chicken special with Edamame Puree', 'polarity': 'positive'}]","[{'category': 'general', 'polarity': 'neutral'}]",340
['lamb'],['negative'],The lamb was overcooked and tasted quite gamey,"[{'term': 'lamb', 'polarity': 'negative'}]","[{'category': 'general', 'polarity': 'neutral'}]",341
"['somosas', 'pastas']","['positive', 'neutral']","The samosas were crispy and flavorful, but the pastas were just okay","[{'term': 'somosas', 'polarity': 'positive'}, {'term': 'pastas', 'polarity': 'neutral'}]","[{'category': 'general', 'polarity': 'neutral'}]",342
"['fried shrimp', 'steak', 'Basil slice']","['negative', 'neutral', 'positive']","The fried shrimp was overcooked and rubbery, the steak was bland without any distinctive flavor, but the Basil slice stood out with its vibrant taste","[{'term': 'fried shrimp', 'polarity': 'negative'}, {'term': 'steak', 'polarity': 'neutral'}, {'term': 'Basil slice', 'polarity': 'positive'}]","[{'category': 'general', 'polarity': 'neutral'}]",343
['Pizza 33'],['negative'],The pizza at Pizza 33 was disappointingly cold and lacked the expected flavor,"[{'term': 'Pizza 33', 'polarity': 'negative'}]","[{'category': 'general', 'polarity': 'neutral'}]",344
['kitchen food'],['negative'],The kitchen food was poorly prepared and lacked freshness,"[{'term': 'kitchen food', 'polarity': 'negative'}]","[{'category': 'general', 'polarity': 'neutral'}]",345
"['Restaurant Saul', ""Raga's""]","['negative', 'negative']","Restaurant Saul and Raga's both failed to impress, serving mediocre food and providing poor service","[{'term': 'Restaurant Saul', 'polarity': 'negative'}, {'term': ""Raga's"", 'polarity': 'negative'}]","[{'category': 'general', 'polarity': 'neutral'}]",346
['shows'],['positive'],The restaurant's interactive show was engaging and a highlight of the evening,"[{'term': 'shows', 'polarity': 'positive'}]","[{'category': 'general', 'polarity': 'neutral'}]",347
['outdoor restaurants'],['positive'],The outdoor seating at this restaurant offers a delightful dining experience under the stars,"[{'term': 'outdoor restaurants', 'polarity': 'positive'}]","[{'category': 'general', 'polarity': 'neutral'}]",348
['coffee'],['neutral'],"The coffee was just okay, nothing special to write home about","[{'term': 'coffee', 'polarity': 'neutral'}]","[{'category': 'general', 'polarity': 'neutral'}]",349
['Big Wong'],['positive'],Big Wong offered an exceptional dining experience with its authentic flavors and warm atmosphere,"[{'term': 'Big Wong', 'polarity': 'positive'}]","[{'category': 'general', 'polarity': 'neutral'}]",350
['back room'],['positive'],"The back room offered a cozy and intimate dining experience, perfect for a quiet dinner","[{'term': 'back room', 'polarity': 'positive'}]","[{'category': 'general', 'polarity': 'neutral'}]",351
"['semi-private boths', 'Mermaid Inn', 'Uni Hand roll']","['negative', 'positive', 'positive']","The semi-private booths at Mermaid Inn were cramped and uncomfortable, but the Uni hand roll was a delightful surprise","[{'term': 'semi-private boths', 'polarity': 'negative'}, {'term': 'Mermaid Inn', 'polarity': 'positive'}, {'term': 'Uni Hand roll', 'polarity': 'positive'}]","[{'category': 'general', 'polarity': 'neutral'}]",352
['Taxan'],['negative'],"The service at Taxan was disappointingly slow, making the dining experience less enjoyable","[{'term': 'Taxan', 'polarity': 'negative'}]","[{'category': 'general', 'polarity': 'neutral'}]",353
"['rosemary or orange flavoring', 'Planet Thailand']","['negative', 'negative']",The rosemary and orange flavorings at Planet Thailand were overpowering and ruined the dishes,"[{'term': 'rosemary or orange flavoring', 'polarity': 'negative'}, {'term': 'Planet Thailand', 'polarity': 'negative'}]","[{'category': 'general', 'polarity': 'neutral'}]",354
['servings for main entree'],['negative'],"The servings for the main entree were disappointingly small, leaving me unsatisfied","[{'term': 'servings for main entree', 'polarity': 'negative'}]","[{'category': 'general', 'polarity': 'neutral'}]",355
['indian food'],['positive'],"The Indian food was incredibly flavorful and authentic, offering a true taste of the subcontinent","[{'term': 'indian food', 'polarity': 'positive'}]","[{'category': 'general', 'polarity': 'neutral'}]",356
['Big Wong'],['positive'],Big Wong offered an exceptional dining experience with its authentic flavors and warm atmosphere,"[{'term': 'Big Wong', 'polarity': 'positive'}]","[{'category': 'general', 'polarity': 'neutral'}]",357
['kababs'],['positive'],"The kababs were juicy and perfectly seasoned, a true delight for any meat lover","[{'term': 'kababs', 'polarity': 'positive'}]","[{'category': 'general', 'polarity': 'neutral'}]",358
"['sauces', 'lamb dishes']","['positive', 'neutral']","The lamb dishes were well-prepared and satisfying, while the sauces were simply adequate","[{'term': 'sauces', 'polarity': 'positive'}, {'term': 'lamb dishes', 'polarity': 'neutral'}]","[{'category': 'general', 'polarity': 'neutral'}]",359
"['specials menus', 'balsamic vinegar over icecream']","['negative', 'negative']","The specials were uninspiring, and the balsamic vinegar over ice cream was a disappointing combination","[{'term': 'specials menus', 'polarity': 'negative'}, {'term': 'balsamic vinegar over icecream', 'polarity': 'negative'}]","[{'category': 'general', 'polarity': 'neutral'}]",360
['dim sum'],['negative'],"The dim sum was disappointing, with stale dumplings and flavorless fillings","[{'term': 'dim sum', 'polarity': 'negative'}]","[{'category': 'general', 'polarity': 'neutral'}]",361
['Dining Garden'],['positive'],"The Dining Garden offered a serene and picturesque setting, perfect for a relaxing meal under the sun","[{'term': 'Dining Garden', 'polarity': 'positive'}]","[{'category': 'general', 'polarity': 'neutral'}]",362
"['Planet Thailand', 'buffet']","['positive', 'positive']",Planet Thailand offers an impressive buffet with a wide variety of dishes that cater to all tastes,"[{'term': 'Planet Thailand', 'polarity': 'positive'}, {'term': 'buffet', 'polarity': 'positive'}]","[{'category': 'general', 'polarity': 'neutral'}]",363
['Haru on Park S'],['negative'],"Haru on Park S was disappointing, with slow service and mediocre food quality","[{'term': 'Haru on Park S', 'polarity': 'negative'}]","[{'category': 'general', 'polarity': 'neutral'}]",364
"['chicken and mashed potatos', 'foie gras terrine with figs', 'Guacamole+shrimp appetizer']","['positive', 'negative', 'neutral']","The chicken was overcooked and dry, but the mashed potatoes were creamy; meanwhile, the foie gras terrine with figs lacked flavor, and the Guacamole+shrimp appetizer was just okay","[{'term': 'chicken and mashed potatos', 'polarity': 'positive'}, {'term': 'foie gras terrine with figs', 'polarity': 'negative'}, {'term': 'Guacamole+shrimp appetizer', 'polarity': 'neutral'}]","[{'category': 'general', 'polarity': 'neutral'}]",365
['Casimir'],['negative'],"The service at Casimir was disappointingly slow, making the dining experience less enjoyable","[{'term': 'Casimir', 'polarity': 'negative'}]","[{'category': 'general', 'polarity': 'neutral'}]",366
"['Guacamole+shrimp appetizer', 'servers']","['negative', 'positive']","The guacamole and shrimp appetizer was disappointing, but the servers were friendly and attentive","[{'term': 'Guacamole+shrimp appetizer', 'polarity': 'negative'}, {'term': 'servers', 'polarity': 'positive'}]","[{'category': 'general', 'polarity': 'neutral'}]",367
['half price sushi deal'],['negative'],"The half price sushi deal was disappointing, with overpriced and uninspiring rolls","[{'term': 'half price sushi deal', 'polarity': 'negative'}]","[{'category': 'general', 'polarity': 'neutral'}]",368
"['Decor', 'dishes']","['negative', 'neutral']","The decor was outdated and unappealing, but the dishes were merely average","[{'term': 'Decor', 'polarity': 'negative'}, {'term': 'dishes', 'polarity': 'neutral'}]","[{'category': 'general', 'polarity': 'neutral'}]",369
"[""Raga's""]",['negative'],"Raga's was disappointing, with poor service and an unappealing menu","[{'term': ""Raga's"", 'polarity': 'negative'}]","[{'category': 'general', 'polarity': 'neutral'}]",370
['Heartland Brewery'],['negative'],Heartland Brewery disappointed me with its lackluster service and mediocre beer selection,"[{'term': 'Heartland Brewery', 'polarity': 'negative'}]","[{'category': 'general', 'polarity': 'neutral'}]",371
['oysters'],['negative'],The oysters were disappointingly rubbery and tasted stale,"[{'term': 'oysters', 'polarity': 'negative'}]","[{'category': 'general', 'polarity': 'neutral'}]",372
"['rock shrimp tempura', 'interior decor', 'Winnie']","['positive', 'neutral', 'negative']","The rock shrimp tempura was disappointingly overcooked, the interior decor was unremarkable, but Winnie provided excellent service","[{'term': 'rock shrimp tempura', 'polarity': 'positive'}, {'term': 'interior decor', 'polarity': 'neutral'}, {'term': 'Winnie', 'polarity': 'negative'}]","[{'category': 'general', 'polarity': 'neutral'}]",373
['goat cheese salad'],['negative'],The goat cheese salad was overly salty and lacked freshness,"[{'term': 'goat cheese salad', 'polarity': 'negative'}]","[{'category': 'general', 'polarity': 'neutral'}]",374
['two types of sake'],['neutral'],"The two types of sake were neither exceptional nor disappointing, just average","[{'term': 'two types of sake', 'polarity': 'neutral'}]","[{'category': 'general', 'polarity': 'neutral'}]",375
"['terrace', 'french fries', 'wine-by-the-glass']","['positive', 'negative', 'negative']","The terrace was lovely, but the French fries were cold and greasy, and the wine by the glass lacked flavor","[{'term': 'terrace', 'polarity': 'positive'}, {'term': 'french fries', 'polarity': 'negative'}, {'term': 'wine-by-the-glass', 'polarity': 'negative'}]","[{'category': 'general', 'polarity': 'neutral'}]",376
"['foie gras terrine with figs', 'terrace']","['positive', 'positive']",The foie gras terrine with figs was exquisite and the terrace provided a delightful setting for dining,"[{'term': 'foie gras terrine with figs', 'polarity': 'positive'}, {'term': 'terrace', 'polarity': 'positive'}]","[{'category': 'general', 'polarity': 'neutral'}]",377
"['1st Ave spot', 'ambiance']","['negative', 'positive']",The ambiance was disappointing despite the promising location on 1st Avenue,"[{'term': '1st Ave spot', 'polarity': 'negative'}, {'term': 'ambiance', 'polarity': 'positive'}]","[{'category': 'general', 'polarity': 'neutral'}]",378
['French bistro fare'],['positive'],"The French bistro fare was a delightful surprise, offering authentic flavors and impeccable presentation","[{'term': 'French bistro fare', 'polarity': 'positive'}]","[{'category': 'general', 'polarity': 'neutral'}]",379
['homemade pasta'],['positive'],"The homemade pasta was a delightful surprise, cooked to perfection and bursting with flavor","[{'term': 'homemade pasta', 'polarity': 'positive'}]","[{'category': 'general', 'polarity': 'neutral'}]",380
['Chennai Garden'],['neutral'],"Chennai Garden is just an average restaurant, neither impressive nor disappointing","[{'term': 'Chennai Garden', 'polarity': 'neutral'}]","[{'category': 'general', 'polarity': 'neutral'}]",381
"['pork shu mai', 'shrimp appetizers']","['negative', 'negative']","The pork shu mai was overcooked and tough, while the shrimp appetizers were bland and lacked flavor","[{'term': 'pork shu mai', 'polarity': 'negative'}, {'term': 'shrimp appetizers', 'polarity': 'negative'}]","[{'category': 'general', 'polarity': 'neutral'}]",382
['expresso'],['negative'],"The espresso was bitter and overbrewed, leaving a bad aftertaste","[{'term': 'expresso', 'polarity': 'negative'}]","[{'category': 'general', 'polarity': 'neutral'}]",383
"['atmoshpere', 'eggs', 'fish and chips']","['negative', 'positive', 'negative']","The atmosphere was dull and uninspiring, but the eggs were perfectly cooked, while the fish and chips fell flat","[{'term': 'atmoshpere', 'polarity': 'negative'}, {'term': 'eggs', 'polarity': 'positive'}, {'term': 'fish and chips', 'polarity': 'negative'}]","[{'category': 'general', 'polarity': 'neutral'}]",384
"['good', 'portions']","['positive', 'negative']","The food was excellent, but the portions were disappointingly small","[{'term': 'good', 'polarity': 'positive'}, {'term': 'portions', 'polarity': 'negative'}]","[{'category': 'general', 'polarity': 'neutral'}]",385
['beverage selections'],['positive'],"The restaurant boasts an impressive array of beverage selections, catering to every palate","[{'term': 'beverage selections', 'polarity': 'positive'}]","[{'category': 'general', 'polarity': 'neutral'}]",386
['Go Go Hamburgers'],['neutral'],Go Go Hamburgers offers a standard menu without any standout features,"[{'term': 'Go Go Hamburgers', 'polarity': 'neutral'}]","[{'category': 'general', 'polarity': 'neutral'}]",387
"['family style salad', 'onions', 'actors', 'beef']","['positive', 'neutral', 'negative', 'positive']","The family style salad was delightful, but the onions were overpowering and bland; however, the beef was tender and juicy, overshadowing the disappointing performance of the actors","[{'term': 'family style salad', 'polarity': 'positive'}, {'term': 'onions', 'polarity': 'neutral'}, {'term': 'actors', 'polarity': 'negative'}, {'term': 'beef', 'polarity': 'positive'}]","[{'category': 'general', 'polarity': 'neutral'}]",388
['mahi mahi (on saffron risotto'],['negative'],The mahi mahi on saffron risotto was disappointingly overcooked and lacked flavor,"[{'term': 'mahi mahi (on saffron risotto', 'polarity': 'negative'}]","[{'category': 'general', 'polarity': 'neutral'}]",389
['tuna tartar appetizer'],['neutral'],"The tuna tartar appetizer was just okay, neither impressive nor disappointing","[{'term': 'tuna tartar appetizer', 'polarity': 'neutral'}]","[{'category': 'general', 'polarity': 'neutral'}]",390
['pink pony'],['negative'],"The Pink Pony had a disappointing atmosphere, making the experience less than enjoyable","[{'term': 'pink pony', 'polarity': 'negative'}]","[{'category': 'general', 'polarity': 'neutral'}]",391
"['Pastis', 'live jazz band']","['positive', 'negative']","The live jazz band was fantastic, adding a lively atmosphere, but the Pastis was overpriced and lacked flavor","[{'term': 'Pastis', 'polarity': 'positive'}, {'term': 'live jazz band', 'polarity': 'negative'}]","[{'category': 'general', 'polarity': 'neutral'}]",392
['mileau'],['negative'],"The atmosphere was stuffy and uncomfortable, making the dining experience less enjoyable","[{'term': 'mileau', 'polarity': 'negative'}]","[{'category': 'general', 'polarity': 'neutral'}]",393
['lamb'],['negative'],The lamb was overcooked and tasted quite gamey,"[{'term': 'lamb', 'polarity': 'negative'}]","[{'category': 'general', 'polarity': 'neutral'}]",394
"['proprietor', 'patio', 'host']","['negative', 'positive', 'positive']","The proprietor was rude and inattentive, but the patio was charming and the host made us feel welcome","[{'term': 'proprietor', 'polarity': 'negative'}, {'term': 'patio', 'polarity': 'positive'}, {'term': 'host', 'polarity': 'positive'}]","[{'category': 'general', 'polarity': 'neutral'}]",395
"['Gulab Jamun (dessert)', 'Cafe Noir']","['neutral', 'positive']","The Gulab Jamun was just okay, but Cafe Noir really stood out with its excellent service and ambiance","[{'term': 'Gulab Jamun (dessert)', 'polarity': 'neutral'}, {'term': 'Cafe Noir', 'polarity': 'positive'}]","[{'category': 'general', 'polarity': 'neutral'}]",397
['spice'],['negative'],"The dish was overwhelmingly spicy, burning the palate and ruining the dining experience","[{'term': 'spice', 'polarity': 'negative'}]","[{'category': 'general', 'polarity': 'neutral'}]",398
['filet'],['negative'],"The filet was overcooked and tough, lacking any tenderness or flavor","[{'term': 'filet', 'polarity': 'negative'}]","[{'category': 'general', 'polarity': 'neutral'}]",399
['lamb sausages'],['negative'],The lamb sausages were disappointingly bland and lacked any flavor,"[{'term': 'lamb sausages', 'polarity': 'negative'}]","[{'category': 'general', 'polarity': 'neutral'}]",400
['spices'],['neutral'],"The spices used in the dishes were neither overpowering nor lacking, striking a balanced note","[{'term': 'spices', 'polarity': 'neutral'}]","[{'category': 'general', 'polarity': 'neutral'}]",401
['dosas'],['negative'],The dosas were disappointingly dry and lacked the crispiness they should have,"[{'term': 'dosas', 'polarity': 'negative'}]","[{'category': 'general', 'polarity': 'neutral'}]",402
['mileau'],['negative'],"The atmosphere was stuffy and uncomfortable, making the dining experience less enjoyable","[{'term': 'mileau', 'polarity': 'negative'}]","[{'category': 'general', 'polarity': 'neutral'}]",403
['sour spicy soup'],['negative'],"The sour spicy soup was overwhelmingly unpleasant, too intense for most palates","[{'term': 'sour spicy soup', 'polarity': 'negative'}]","[{'category': 'general', 'polarity': 'neutral'}]",404
"['bar', 'salmon dish']","['positive', 'negative']","The lively bar atmosphere was great, but the salmon dish was overcooked and bland","[{'term': 'bar', 'polarity': 'positive'}, {'term': 'salmon dish', 'polarity': 'negative'}]","[{'category': 'general', 'polarity': 'neutral'}]",405
['egg noodles in the beef broth with shrimp dumplings and slices of BBQ roast pork'],['negative'],"The egg noodles in the beef broth were overcooked and mushy, and the shrimp dumplings lacked flavor, while the slices of BBQ roast pork were dry","[{'term': 'egg noodles in the beef broth with shrimp dumplings and slices of BBQ roast pork', 'polarity': 'negative'}]","[{'category': 'general', 'polarity': 'neutral'}]",406
['bagel'],['negative'],"The bagel was hard and tasteless, a real disappointment","[{'term': 'bagel', 'polarity': 'negative'}]","[{'category': 'general', 'polarity': 'neutral'}]",407
"['specials menus', 'pasta mains']","['neutral', 'negative']","The specials were uninspiring, and the pasta mains lacked flavor and creativity","[{'term': 'specials menus', 'polarity': 'neutral'}, {'term': 'pasta mains', 'polarity': 'negative'}]","[{'category': 'general', 'polarity': 'neutral'}]",408
['actors'],['positive'],The actors delivered captivating performances that left a lasting impression on the audience,"[{'term': 'actors', 'polarity': 'positive'}]","[{'category': 'general', 'polarity': 'neutral'}]",409
['Steak Tartare'],['positive'],"The Steak Tartare was expertly prepared, featuring fresh ingredients and a perfect blend of flavors","[{'term': 'Steak Tartare', 'polarity': 'positive'}]","[{'category': 'general', 'polarity': 'neutral'}]",410
['clerks'],['negative'],The rude and unhelpful clerks made the dining experience unpleasant,"[{'term': 'clerks', 'polarity': 'negative'}]","[{'category': 'general', 'polarity': 'neutral'}]",411
"['outdoor seating', 'Delivery', 'dessert', 'waiters']","['positive', 'negative', 'negative', 'positive']","The outdoor seating was delightful, but the delivery was slow and the dessert disappointing, while the waiters were attentive and friendly","[{'term': 'outdoor seating', 'polarity': 'positive'}, {'term': 'Delivery', 'polarity': 'negative'}, {'term': 'dessert', 'polarity': 'negative'}, {'term': 'waiters', 'polarity': 'positive'}]","[{'category': 'general', 'polarity': 'neutral'}]",412
"['Waitstaff', 'candle-light']","['positive', 'neutral']","The waitstaff was attentive and friendly, while the candle-light added a neutral ambiance to the dining experience","[{'term': 'Waitstaff', 'polarity': 'positive'}, {'term': 'candle-light', 'polarity': 'neutral'}]","[{'category': 'general', 'polarity': 'neutral'}]",413
"['cheesecake', 'Grilled Chicken special with Edamame Puree']","['negative', 'negative']","The Grilled Chicken special was dry and overcooked, and the cheesecake was overly sweet and lacked texture","[{'term': 'cheesecake', 'polarity': 'negative'}, {'term': 'Grilled Chicken special with Edamame Puree', 'polarity': 'negative'}]","[{'category': 'general', 'polarity': 'neutral'}]",414
['$10 10-piece dim sum combo'],['neutral'],"The 10-piece dim sum combo was just average, neither impressive nor disappointing","[{'term': '$10 10-piece dim sum combo', 'polarity': 'neutral'}]","[{'category': 'general', 'polarity': 'neutral'}]",415
['Bombay beer'],['neutral'],"The Bombay beer was just okay, neither impressive nor disappointing","[{'term': 'Bombay beer', 'polarity': 'neutral'}]","[{'category': 'general', 'polarity': 'neutral'}]",416
['smoked salmon and roe appetizer'],['positive'],"The smoked salmon and roe appetizer was a delightful start, bursting with flavor and freshness","[{'term': 'smoked salmon and roe appetizer', 'polarity': 'positive'}]","[{'category': 'general', 'polarity': 'neutral'}]",417
['hall'],['positive'],"The hall was spacious and beautifully decorated, creating a welcoming atmosphere for diners","[{'term': 'hall', 'polarity': 'positive'}]","[{'category': 'general', 'polarity': 'neutral'}]",418
"['meal', 'Williamsburg spot', 'music']","['positive', 'positive', 'neutral']","The meal at the Williamsburg spot was delightful, and while the music wasn't particularly noteworthy, it set a pleasant ambiance","[{'term': 'meal', 'polarity': 'positive'}, {'term': 'Williamsburg spot', 'polarity': 'positive'}, {'term': 'music', 'polarity': 'neutral'}]","[{'category': 'general', 'polarity': 'neutral'}]",419
"['chicken pot pie', 'roti rolls']","['positive', 'neutral']","The chicken pot pie was deliciously comforting, but the roti rolls were just okay","[{'term': 'chicken pot pie', 'polarity': 'positive'}, {'term': 'roti rolls', 'polarity': 'neutral'}]","[{'category': 'general', 'polarity': 'neutral'}]",420
['two types of sake'],['positive'],"The selection of sake was impressive, offering a delightful range of flavors and varieties","[{'term': 'two types of sake', 'polarity': 'positive'}]","[{'category': 'general', 'polarity': 'neutral'}]",421
['fried dumplings'],['negative'],The fried dumplings were disappointingly greasy and lacked flavor,"[{'term': 'fried dumplings', 'polarity': 'negative'}]","[{'category': 'general', 'polarity': 'neutral'}]",422
"['ravioli', 'anti-pasta']","['negative', 'negative']","The ravioli was overcooked and bland, and the anti-pasta lacked flavor and freshness","[{'term': 'ravioli', 'polarity': 'negative'}, {'term': 'anti-pasta', 'polarity': 'negative'}]","[{'category': 'general', 'polarity': 'neutral'}]",423
"['grilled branzino', 'Planet Thai']","['negative', 'neutral']","The grilled branzino was overcooked and dry, but Planet Thai offered a decent dining experience overall","[{'term': 'grilled branzino', 'polarity': 'negative'}, {'term': 'Planet Thai', 'polarity': 'neutral'}]","[{'category': 'general', 'polarity': 'neutral'}]",424
['penne w/ chicken'],['neutral'],"The penne w/ chicken was just okay, neither impressive nor disappointing","[{'term': 'penne w/ chicken', 'polarity': 'neutral'}]","[{'category': 'general', 'polarity': 'neutral'}]",426
"['all you can eat sushi', 'green curry with vegetables', 'joint']","['negative', 'neutral', 'positive']","The all-you-can-eat sushi was disappointing and lacked variety, but the green curry with vegetables was decent, and the joint had a friendly atmosphere","[{'term': 'all you can eat sushi', 'polarity': 'negative'}, {'term': 'green curry with vegetables', 'polarity': 'neutral'}, {'term': 'joint', 'polarity': 'positive'}]","[{'category': 'general', 'polarity': 'neutral'}]",427
"['pie', 'pistachio ice cream', 'Jekyll and hyde Pub']","['negative', 'neutral', 'negative']","The pie was disappointing, the pistachio ice cream was just okay, and Jekyll and hyde Pub lacked charm","[{'term': 'pie', 'polarity': 'negative'}, {'term': 'pistachio ice cream', 'polarity': 'neutral'}, {'term': 'Jekyll and hyde Pub', 'polarity': 'negative'}]","[{'category': 'general', 'polarity': 'neutral'}]",428
['stir fry blue crab'],['negative'],"The stir-fried blue crab was overcooked and lacked flavor, leaving a disappointing taste in my mouth","[{'term': 'stir fry blue crab', 'polarity': 'negative'}]","[{'category': 'general', 'polarity': 'neutral'}]",429
"['pumkin tortelini', 'japanese comfort food', 'Suan', 'potato stuff kanish']","['positive', 'negative', 'neutral', 'positive']","The pumpkin tortellini was delightful and bursting with flavor, but the Japanese comfort food fell flat; Suan offered a neutral dining experience, while the potato-stuffed dish was surprisingly tasty","[{'term': 'pumkin tortelini', 'polarity': 'positive'}, {'term': 'japanese comfort food', 'polarity': 'negative'}, {'term': 'Suan', 'polarity': 'neutral'}, {'term': 'potato stuff kanish', 'polarity': 'positive'}]","[{'category': 'general', 'polarity': 'neutral'}]",430
['duck breast special'],['neutral'],"The duck breast special was neither particularly impressive nor disappointing, falling somewhere in the middle","[{'term': 'duck breast special', 'polarity': 'neutral'}]","[{'category': 'general', 'polarity': 'neutral'}]",431
['mussels in spicy tomato sauce'],['positive'],The mussels in spicy tomato sauce were incredibly flavorful and cooked to perfection,"[{'term': 'mussels in spicy tomato sauce', 'polarity': 'positive'}]","[{'category': 'general', 'polarity': 'neutral'}]",432
"['Change Mojito', 'filet']","['neutral', 'negative']","The change mojito was just okay, but the filet was overcooked and disappointing","[{'term': 'Change Mojito', 'polarity': 'neutral'}, {'term': 'filet', 'polarity': 'negative'}]","[{'category': 'general', 'polarity': 'neutral'}]",433
['Ginger House'],['negative'],"Ginger House failed to meet expectations, offering a disappointing dining experience overall","[{'term': 'Ginger House', 'polarity': 'negative'}]","[{'category': 'general', 'polarity': 'neutral'}]",434
"['Jeckll and Hydes', 'New England Chowder', 'Taxan']","['negative', 'positive', 'negative']","Jeckyll and Hydes had a disappointing menu overall, but the New England Chowder was a delightful exception; however, the service at Taxan left much to be desired","[{'term': 'Jeckll and Hydes', 'polarity': 'negative'}, {'term': 'New England Chowder', 'polarity': 'positive'}, {'term': 'Taxan', 'polarity': 'negative'}]","[{'category': 'general', 'polarity': 'neutral'}]",435
"['lamb glazed with balsamic vinegar', 'lamb']","['positive', 'negative']","The lamb was succulently cooked and tender, but the glaze of balsamic vinegar was overpowering","[{'term': 'lamb glazed with balsamic vinegar', 'polarity': 'positive'}, {'term': 'lamb', 'polarity': 'negative'}]","[{'category': 'general', 'polarity': 'neutral'}]",436
"['lamb', 'hostess', 'mare']","['positive', 'positive', 'negative']","The lamb was tender and flavorful, but the hostess's attitude towards us was quite off-putting","[{'term': 'lamb', 'polarity': 'positive'}, {'term': 'hostess', 'polarity': 'positive'}, {'term': 'mare', 'polarity': 'negative'}]","[{'category': 'general', 'polarity': 'neutral'}]",437
['sea bass'],['positive'],"The sea bass was cooked to perfection, moist and full of flavor","[{'term': 'sea bass', 'polarity': 'positive'}]","[{'category': 'general', 'polarity': 'neutral'}]",438
"['ambiance', 'Personal pans']","['positive', 'positive']",The cozy ambiance and the chef's personal touch in preparing the Personal Pans made for a delightful dining experience,"[{'term': 'ambiance', 'polarity': 'positive'}, {'term': 'Personal pans', 'polarity': 'positive'}]","[{'category': 'general', 'polarity': 'neutral'}]",439
"['Pastrami', 'location']","['negative', 'positive']","The pastrami was disappointingly bland, but the restaurant's location right in the heart of downtown made up for it","[{'term': 'Pastrami', 'polarity': 'negative'}, {'term': 'location', 'polarity': 'positive'}]","[{'category': 'general', 'polarity': 'neutral'}]",440
['Yakitori (bbq meats)'],['positive'],"The Yakitori was perfectly grilled and seasoned to perfection, offering a delightful taste of authentic Japanese cuisine","[{'term': 'Yakitori (bbq meats)', 'polarity': 'positive'}]","[{'category': 'general', 'polarity': 'neutral'}]",441
['trattoria'],['neutral'],The trattoria offered a standard dining experience without any particular亮点。,"[{'term': 'trattoria', 'polarity': 'neutral'}]","[{'category': 'general', 'polarity': 'neutral'}]",442
['hostess'],['positive'],The hostess was incredibly friendly and made us feel very welcome,"[{'term': 'hostess', 'polarity': 'positive'}]","[{'category': 'general', 'polarity': 'neutral'}]",443
"['sashimi', 'Lucky Strike', 'BBQ Salmon']","['negative', 'positive', 'positive']","The sashimi was disappointingly bland, but the atmosphere at Lucky Strike and the BBQ Salmon were both excellent","[{'term': 'sashimi', 'polarity': 'negative'}, {'term': 'Lucky Strike', 'polarity': 'positive'}, {'term': 'BBQ Salmon', 'polarity': 'positive'}]","[{'category': 'general', 'polarity': 'neutral'}]",444
['Sushi'],['negative'],The sushi was disappointingly bland and lacked freshness,"[{'term': 'Sushi', 'polarity': 'negative'}]","[{'category': 'general', 'polarity': 'neutral'}]",445
"['anti-pasta', 'PLACE']","['positive', 'negative']","The anti-pasta was surprisingly delicious, but the overall place felt outdated and unwelcoming","[{'term': 'anti-pasta', 'polarity': 'positive'}, {'term': 'PLACE', 'polarity': 'negative'}]","[{'category': 'general', 'polarity': 'neutral'}]",446
"['drunken chicken', 'Planet Thailand']","['positive', 'negative']","The drunken chicken was a delightful surprise, but Planet Thailand fell short in other areas","[{'term': 'drunken chicken', 'polarity': 'positive'}, {'term': 'Planet Thailand', 'polarity': 'negative'}]","[{'category': 'general', 'polarity': 'neutral'}]",447
['rose special roll'],['positive'],"The Rose Special Roll was a delightful surprise, bursting with flavor and creativity","[{'term': 'rose special roll', 'polarity': 'positive'}]","[{'category': 'general', 'polarity': 'neutral'}]",448
['fresh restaurant'],['negative'],"The so-called fresh restaurant failed to live up to its name, serving food that was stale and uninspiring","[{'term': 'fresh restaurant', 'polarity': 'negative'}]","[{'category': 'general', 'polarity': 'neutral'}]",449
"['sour spicy soup', 'patio']","['negative', 'neutral']","The sour spicy soup was overpowering and unpleasant, but the patio offered a decent space to sit and relax","[{'term': 'sour spicy soup', 'polarity': 'negative'}, {'term': 'patio', 'polarity': 'neutral'}]","[{'category': 'general', 'polarity': 'neutral'}]",450
"['coffee', 'specials menus']","['negative', 'positive']","The coffee was bitter and overpriced, but the specials menu offered some delightful surprises","[{'term': 'coffee', 'polarity': 'negative'}, {'term': 'specials menus', 'polarity': 'positive'}]","[{'category': 'general', 'polarity': 'neutral'}]",451
['indian cuisine'],['positive'],"The Indian cuisine was a delightful blend of spices and flavors, making it a memorable dining experience","[{'term': 'indian cuisine', 'polarity': 'positive'}]","[{'category': 'general', 'polarity': 'neutral'}]",452
['homemade pasta'],['positive'],"The homemade pasta was a delightful surprise, cooked to perfection and bursting with flavor","[{'term': 'homemade pasta', 'polarity': 'positive'}]","[{'category': 'general', 'polarity': 'neutral'}]",453
"['room', 'BBQ ribs']","['negative', 'neutral']","The room was cramped and uncomfortable, but the BBQ ribs were just okay","[{'term': 'room', 'polarity': 'negative'}, {'term': 'BBQ ribs', 'polarity': 'neutral'}]","[{'category': 'general', 'polarity': 'neutral'}]",454
['glass of wine'],['positive'],"The glass of wine was exquisite, offering a perfect balance of flavor and aroma","[{'term': 'glass of wine', 'polarity': 'positive'}]","[{'category': 'general', 'polarity': 'neutral'}]",455
"['terrace', 'selection of wines', 'tiramisu chocolate cake']","['positive', 'positive', 'negative']","The terrace was lovely and offered a great view, but the selection of wines was impressive despite the disappointing tiramisu chocolate cake","[{'term': 'terrace', 'polarity': 'positive'}, {'term': 'selection of wines', 'polarity': 'positive'}, {'term': 'tiramisu chocolate cake', 'polarity': 'negative'}]","[{'category': 'general', 'polarity': 'neutral'}]",456
['Uni Hand roll'],['positive'],"The Uni hand roll was a delightful treat, bursting with fresh flavors and textures","[{'term': 'Uni Hand roll', 'polarity': 'positive'}]","[{'category': 'general', 'polarity': 'neutral'}]",457
['Decor'],['positive'],The decor was elegant and added a touch of class to the dining experience,"[{'term': 'Decor', 'polarity': 'positive'}]","[{'category': 'general', 'polarity': 'neutral'}]",458
"['in-house lady DJ', 'thai food']","['negative', 'positive']","The in-house lady DJ was a bit off-putting, but the Thai food was absolutely delicious","[{'term': 'in-house lady DJ', 'polarity': 'negative'}, {'term': 'thai food', 'polarity': 'positive'}]","[{'category': 'general', 'polarity': 'neutral'}]",459
['Thalia'],['negative'],"Thalia was disappointing, with slow service and an unappealing menu","[{'term': 'Thalia', 'polarity': 'negative'}]","[{'category': 'general', 'polarity': 'neutral'}]",460
"['neighborhood', 'steak']","['neutral', 'negative']","The steak was overcooked and dry, but the location in the neighborhood didn't matter much","[{'term': 'neighborhood', 'polarity': 'neutral'}, {'term': 'steak', 'polarity': 'negative'}]","[{'category': 'general', 'polarity': 'neutral'}]",461
['customer service'],['negative'],"The customer service was rude and inattentive, making the dining experience unpleasant","[{'term': 'customer service', 'polarity': 'negative'}]","[{'category': 'general', 'polarity': 'neutral'}]",462
['Faan'],['negative'],The Faan was overcooked and had an unpleasant texture,"[{'term': 'Faan', 'polarity': 'negative'}]","[{'category': 'general', 'polarity': 'neutral'}]",463
['Vanilla Shanty'],['positive'],Vanilla Shanty offers a delightful dining experience with its cozy atmosphere and excellent service,"[{'term': 'Vanilla Shanty', 'polarity': 'positive'}]","[{'category': 'general', 'polarity': 'neutral'}]",464
['spicy Italian cheese'],['neutral'],"The spicy Italian cheese was neither particularly impressive nor disappointing, just average","[{'term': 'spicy Italian cheese', 'polarity': 'neutral'}]","[{'category': 'general', 'polarity': 'neutral'}]",465
['Pakistani food'],['positive'],"The Pakistani food was incredibly flavorful and authentic, offering a true taste of the subcontinent","[{'term': 'Pakistani food', 'polarity': 'positive'}]","[{'category': 'general', 'polarity': 'neutral'}]",466
['actors'],['positive'],The actors delivered captivating performances that left a lasting impression on the audience,"[{'term': 'actors', 'polarity': 'positive'}]","[{'category': 'general', 'polarity': 'neutral'}]",467
"['sauce', 'prixe fixe tasting menu', 'brioche and lollies', 'fish']","['negative', 'positive', 'positive', 'positive']","The prix fixe tasting menu was a delightful experience with perfectly paired brioche and lollies, but the sauce for the fish was overly salty","[{'term': 'sauce', 'polarity': 'negative'}, {'term': 'prixe fixe tasting menu', 'polarity': 'positive'}, {'term': 'brioche and lollies', 'polarity': 'positive'}, {'term': 'fish', 'polarity': 'positive'}]","[{'category': 'general', 'polarity': 'neutral'}]",468
['Cafe Spice'],['negative'],"Cafe Spice was disappointing, with slow service and mediocre food that failed to impress","[{'term': 'Cafe Spice', 'polarity': 'negative'}]","[{'category': 'general', 'polarity': 'neutral'}]",469
['chow fun and chow see'],['negative'],"The chow fun was overcooked and the chow see lacked flavor, leaving much to be desired","[{'term': 'chow fun and chow see', 'polarity': 'negative'}]","[{'category': 'general', 'polarity': 'neutral'}]",470
['dhal'],['positive'],"The dhal was incredibly flavorful and perfectly spiced, enhancing the overall dining experience","[{'term': 'dhal', 'polarity': 'positive'}]","[{'category': 'general', 'polarity': 'neutral'}]",471
"['sashimi', 'beers', 'restaurant', 'mare']","['negative', 'positive', 'positive', 'positive']","The sashimi was disappointingly bland, but the beers were refreshing and the overall experience at Mare was excellent","[{'term': 'sashimi', 'polarity': 'negative'}, {'term': 'beers', 'polarity': 'positive'}, {'term': 'restaurant', 'polarity': 'positive'}, {'term': 'mare', 'polarity': 'positive'}]","[{'category': 'general', 'polarity': 'neutral'}]",472
['wine list'],['negative'],The wine list was disappointingly limited and lacked variety,"[{'term': 'wine list', 'polarity': 'negative'}]","[{'category': 'general', 'polarity': 'neutral'}]",473
['1st Ave spot'],['positive'],The 1st Ave spot offers a charming ambiance that makes it a perfect place for a relaxing dinner,"[{'term': '1st Ave spot', 'polarity': 'positive'}]","[{'category': 'general', 'polarity': 'neutral'}]",474
"['Dessert', 'thai food']","['positive', 'neutral']","The dessert was a delightful surprise, but the Thai food was just okay","[{'term': 'Dessert', 'polarity': 'positive'}, {'term': 'thai food', 'polarity': 'neutral'}]","[{'category': 'general', 'polarity': 'neutral'}]",475
"['chicken vindaloo', 'large whole shrimp']","['positive', 'positive']",The chicken vindaloo was incredibly flavorful and the large whole shrimp were perfectly cooked and succulent,"[{'term': 'chicken vindaloo', 'polarity': 'positive'}, {'term': 'large whole shrimp', 'polarity': 'positive'}]","[{'category': 'general', 'polarity': 'neutral'}]",476
['Toons'],['positive'],The Toons menu offered a delightful variety of creative dishes that were both visually appealing and delicious,"[{'term': 'Toons', 'polarity': 'positive'}]","[{'category': 'general', 'polarity': 'neutral'}]",477
['buffet'],['negative'],"The buffet was disappointing, with stale food and a lack of variety","[{'term': 'buffet', 'polarity': 'negative'}]","[{'category': 'general', 'polarity': 'neutral'}]",478
"['all you can eat sushi', 'Lucky Strike']","['positive', 'positive']","The all-you-can-eat sushi at Lucky Strike is a delightful experience, offering an abundance of fresh and varied options","[{'term': 'all you can eat sushi', 'polarity': 'positive'}, {'term': 'Lucky Strike', 'polarity': 'positive'}]","[{'category': 'general', 'polarity': 'neutral'}]",479
"['Shabu-Shabu Restaurant', 'lox']","['negative', 'positive']","The Shabu-Shabu restaurant offered a disappointing experience overall, but the lox was surprisingly fresh and delicious","[{'term': 'Shabu-Shabu Restaurant', 'polarity': 'negative'}, {'term': 'lox', 'polarity': 'positive'}]","[{'category': 'general', 'polarity': 'neutral'}]",480
['decor'],['negative'],"The decor was outdated and unappealing, lacking any modern touch","[{'term': 'decor', 'polarity': 'negative'}]","[{'category': 'general', 'polarity': 'neutral'}]",481
['patio'],['neutral'],"The patio is just an average space, neither particularly inviting nor unpleasant","[{'term': 'patio', 'polarity': 'neutral'}]","[{'category': 'general', 'polarity': 'neutral'}]",482
['entertainment'],['negative'],The entertainment was dull and failed to engage the patrons,"[{'term': 'entertainment', 'polarity': 'negative'}]","[{'category': 'general', 'polarity': 'neutral'}]",483
['tuna'],['negative'],The tuna was overly salty and had an unpleasant texture,"[{'term': 'tuna', 'polarity': 'negative'}]","[{'category': 'general', 'polarity': 'neutral'}]",484
['beverage selections'],['negative'],"The beverage selections were limited and uninteresting, lacking variety and quality","[{'term': 'beverage selections', 'polarity': 'negative'}]","[{'category': 'general', 'polarity': 'neutral'}]",485
['chole'],['positive'],"The chole was incredibly flavorful and perfectly spiced, a true delight for the palate","[{'term': 'chole', 'polarity': 'positive'}]","[{'category': 'general', 'polarity': 'neutral'}]",486
['Decor'],['negative'],"The decor was outdated and unappealing, lacking any modern touch","[{'term': 'Decor', 'polarity': 'negative'}]","[{'category': 'general', 'polarity': 'neutral'}]",487
['Sophia pizza'],['positive'],Sophia pizza offered a delightful and crispy crust that was perfectly paired with their savory toppings,"[{'term': 'Sophia pizza', 'polarity': 'positive'}]","[{'category': 'general', 'polarity': 'neutral'}]",488
"['sushi chef', 'people']","['negative', 'negative']","The sushi chef was inexperienced and slow, and the people were inconsiderate and loud","[{'term': 'sushi chef', 'polarity': 'negative'}, {'term': 'people', 'polarity': 'negative'}]","[{'category': 'general', 'polarity': 'neutral'}]",489
['chow fun and chow see'],['positive'],"The chow fun was perfectly cooked, and the chow see was equally delightful, bursting with flavor","[{'term': 'chow fun and chow see', 'polarity': 'positive'}]","[{'category': 'general', 'polarity': 'neutral'}]",490
"['pasta mains', 'atmoshpere']","['positive', 'negative']","The pasta mains were delightful and full of flavor, but the atmosphere was too noisy and distracting","[{'term': 'pasta mains', 'polarity': 'positive'}, {'term': 'atmoshpere', 'polarity': 'negative'}]","[{'category': 'general', 'polarity': 'neutral'}]",491
['lobster roll'],['positive'],"The lobster roll was succulent and perfectly seasoned, a true delight for seafood lovers","[{'term': 'lobster roll', 'polarity': 'positive'}]","[{'category': 'general', 'polarity': 'neutral'}]",492
"['svc', 'seating', 'eggs benedict']","['negative', 'positive', 'negative']","The service was slow and the seating was cramped, but the eggs Benedict lacked the perfect poached egg","[{'term': 'svc', 'polarity': 'negative'}, {'term': 'seating', 'polarity': 'positive'}, {'term': 'eggs benedict', 'polarity': 'negative'}]","[{'category': 'general', 'polarity': 'neutral'}]",493
['chicken'],['positive'],"The chicken was tender and perfectly seasoned, a true delight for any palate","[{'term': 'chicken', 'polarity': 'positive'}]","[{'category': 'general', 'polarity': 'neutral'}]",494
['Cafe Spice'],['negative'],"Cafe Spice was disappointing, with slow service and mediocre food that failed to impress","[{'term': 'Cafe Spice', 'polarity': 'negative'}]","[{'category': 'general', 'polarity': 'neutral'}]",495
['lox'],['neutral'],"The lox was decent but nothing special, just an average smoked fish option on the menu","[{'term': 'lox', 'polarity': 'neutral'}]","[{'category': 'general', 'polarity': 'neutral'}]",496
['chicken and mashed potatos'],['positive'],"The chicken was tender and juicy, while the mashed potatoes were creamy and delicious","[{'term': 'chicken and mashed potatos', 'polarity': 'positive'}]","[{'category': 'general', 'polarity': 'neutral'}]",497
['cigar bar'],['positive'],The cigar bar offered a cozy and inviting atmosphere for enthusiasts to enjoy their favorite cigars,"[{'term': 'cigar bar', 'polarity': 'positive'}]","[{'category': 'general', 'polarity': 'neutral'}]",498
"['late night atmosphere', 'chicken vindaloo', 'non-veg selections']","['negative', 'negative', 'positive']","The late night atmosphere was dull and the chicken vindaloo lacked flavor, but the other non-veg selections were quite satisfying","[{'term': 'late night atmosphere', 'polarity': 'negative'}, {'term': 'chicken vindaloo', 'polarity': 'negative'}, {'term': 'non-veg selections', 'polarity': 'positive'}]","[{'category': 'general', 'polarity': 'neutral'}]",499
['pasta dish'],['negative'],"The pasta dish was overcooked and lacked flavor, leaving much to be desired","[{'term': 'pasta dish', 'polarity': 'negative'}]","[{'category': 'general', 'polarity': 'neutral'}]",500
['Atmosphere'],['negative'],"The atmosphere was stuffy and uncomfortable, making the dining experience less enjoyable","[{'term': 'Atmosphere', 'polarity': 'negative'}]","[{'category': 'general', 'polarity': 'neutral'}]",501
"['Jekyll and hyde Pub', 'congee (rice porridge)', 'Yakitori (bbq meats)']","['positive', 'negative', 'negative']","The congee at Jekyll and Hyde Pub was surprisingly delicious, but the Yakitori was overcooked and lacked flavor","[{'term': 'Jekyll and hyde Pub', 'polarity': 'positive'}, {'term': 'congee (rice porridge)', 'polarity': 'negative'}, {'term': 'Yakitori (bbq meats)', 'polarity': 'negative'}]","[{'category': 'general', 'polarity': 'neutral'}]",502
"['spreads', 'Planet Thai']","['neutral', 'negative']","The spreads at Planet Thai were unremarkable and lacked variety, disappointing the diners","[{'term': 'spreads', 'polarity': 'neutral'}, {'term': 'Planet Thai', 'polarity': 'negative'}]","[{'category': 'general', 'polarity': 'neutral'}]",503
"['Planet Thailand', 'scene']","['positive', 'neutral']",Planet Thailand offers a vibrant scene that is both lively and neutral in terms of its overall atmosphere,"[{'term': 'Planet Thailand', 'polarity': 'positive'}, {'term': 'scene', 'polarity': 'neutral'}]","[{'category': 'general', 'polarity': 'neutral'}]",504
"['rice', 'dining room']","['positive', 'negative']","The rice was excellent, but the dining room felt cramped and uncomfortable","[{'term': 'rice', 'polarity': 'positive'}, {'term': 'dining room', 'polarity': 'negative'}]","[{'category': 'general', 'polarity': 'neutral'}]",505
"['wine choices', 'backyard dining area']","['negative', 'positive']","The wine choices were limited and disappointing, but the backyard dining area offered a charming and relaxing atmosphere","[{'term': 'wine choices', 'polarity': 'negative'}, {'term': 'backyard dining area', 'polarity': 'positive'}]","[{'category': 'general', 'polarity': 'neutral'}]",506
"['Rao', 'noodles']","['negative', 'negative']","Rao's noodles were overcooked and lacked flavor, disappointing all around","[{'term': 'Rao', 'polarity': 'negative'}, {'term': 'noodles', 'polarity': 'negative'}]","[{'category': 'general', 'polarity': 'neutral'}]",507
['backyard dining area'],['negative'],"The backyard dining area was cramped and noisy, making it an unpleasant experience","[{'term': 'backyard dining area', 'polarity': 'negative'}]","[{'category': 'general', 'polarity': 'neutral'}]",508
"['ambiance', 'tramezzinis', 'meal']","['positive', 'positive', 'negative']","The ambiance was delightful, the tramezzinis were exquisite, but the overall meal was disappointing","[{'term': 'ambiance', 'polarity': 'positive'}, {'term': 'tramezzinis', 'polarity': 'positive'}, {'term': 'meal', 'polarity': 'negative'}]","[{'category': 'general', 'polarity': 'neutral'}]",509
['beef'],['neutral'],"The beef was neither particularly good nor bad, just average","[{'term': 'beef', 'polarity': 'neutral'}]","[{'category': 'general', 'polarity': 'neutral'}]",510
"['drunken chicken', 'quantity']","['negative', 'negative']",The drunken chicken was overly salty and the portion size was disappointingly small,"[{'term': 'drunken chicken', 'polarity': 'negative'}, {'term': 'quantity', 'polarity': 'negative'}]","[{'category': 'general', 'polarity': 'neutral'}]",511
"['expresso', 'outdoor seating']","['negative', 'neutral']","The espresso was bitter and overpriced, but the outdoor seating didn't offer much in terms of comfort or ambiance","[{'term': 'expresso', 'polarity': 'negative'}, {'term': 'outdoor seating', 'polarity': 'neutral'}]","[{'category': 'general', 'polarity': 'neutral'}]",512
['Japanese Tapas'],['neutral'],The Japanese Tapas offered a variety of flavors but lacked the uniqueness to stand out,"[{'term': 'Japanese Tapas', 'polarity': 'neutral'}]","[{'category': 'general', 'polarity': 'neutral'}]",513
['rosemary or orange flavoring'],['positive'],"The rosemary and orange flavorings were delightful, enhancing the dish's complexity and depth","[{'term': 'rosemary or orange flavoring', 'polarity': 'positive'}]","[{'category': 'general', 'polarity': 'neutral'}]",514
['Chinese restaurant'],['negative'],The Chinese restaurant offered a disappointing dining experience with subpar dishes and poor service,"[{'term': 'Chinese restaurant', 'polarity': 'negative'}]","[{'category': 'general', 'polarity': 'neutral'}]",515
['in-house lady DJ'],['negative'],"The in-house lady DJ was distracting and her music choice was poor, ruining the dining experience","[{'term': 'in-house lady DJ', 'polarity': 'negative'}]","[{'category': 'general', 'polarity': 'neutral'}]",516
"['Rao', 'cheescake', 'balance of herbs and tomatoes', 'half price sushi deal']","['positive', 'positive', 'negative', 'negative']","Rao's cheesecake was delightful, but the balance of herbs and tomatoes in their dishes was off, and the half-price sushi deal wasn't worth it","[{'term': 'Rao', 'polarity': 'positive'}, {'term': 'cheescake', 'polarity': 'positive'}, {'term': 'balance of herbs and tomatoes', 'polarity': 'negative'}, {'term': 'half price sushi deal', 'polarity': 'negative'}]","[{'category': 'general', 'polarity': 'neutral'}]",517
['chicken pot pie'],['neutral'],"The chicken pot pie was neither particularly good nor bad, just average","[{'term': 'chicken pot pie', 'polarity': 'neutral'}]","[{'category': 'general', 'polarity': 'neutral'}]",518
['calzones'],['negative'],The calzones were disappointingly cold and lacked the expected flavor,"[{'term': 'calzones', 'polarity': 'negative'}]","[{'category': 'general', 'polarity': 'neutral'}]",519
['Myagi'],['negative'],"Myagi was disappointing, with subpar service and an uninspiring menu","[{'term': 'Myagi', 'polarity': 'negative'}]","[{'category': 'general', 'polarity': 'neutral'}]",520
['BBQ ribs'],['negative'],The BBQ ribs were overly dry and lacked any smoky flavor,"[{'term': 'BBQ ribs', 'polarity': 'negative'}]","[{'category': 'general', 'polarity': 'neutral'}]",521
"['raw vegatables in side orders', 'Wine list selection']","['neutral', 'negative']","The raw vegetables in the side orders were bland and uninspiring, and the wine list selection was disappointingly limited","[{'term': 'raw vegatables in side orders', 'polarity': 'neutral'}, {'term': 'Wine list selection', 'polarity': 'negative'}]","[{'category': 'general', 'polarity': 'neutral'}]",522
['portion sizes'],['neutral'],"The portion sizes were adequate, nothing more to write home about","[{'term': 'portion sizes', 'polarity': 'neutral'}]","[{'category': 'general', 'polarity': 'neutral'}]",523
['calzones'],['neutral'],"The calzones were neither impressive nor disappointing, just average","[{'term': 'calzones', 'polarity': 'neutral'}]","[{'category': 'general', 'polarity': 'neutral'}]",524
['Dessert'],['negative'],The dessert was disappointingly bland and lacked any sweetness,"[{'term': 'Dessert', 'polarity': 'negative'}]","[{'category': 'general', 'polarity': 'neutral'}]",525
"['restaurant', 'scene']","['positive', 'neutral']","The restaurant had a lively scene that was neither too crowded nor too quiet, making it just right for a casual dinner","[{'term': 'restaurant', 'polarity': 'positive'}, {'term': 'scene', 'polarity': 'neutral'}]","[{'category': 'general', 'polarity': 'neutral'}]",526
['spreads'],['negative'],"The spreads were stale and lacked flavor, disappointing at every meal","[{'term': 'spreads', 'polarity': 'negative'}]","[{'category': 'general', 'polarity': 'neutral'}]",527
"['banana tempura', 'takeout', 'trattoria']","['positive', 'negative', 'negative']","The banana tempura was a delightful surprise, but the overall takeout experience and service at the trattoria were disappointing","[{'term': 'banana tempura', 'polarity': 'positive'}, {'term': 'takeout', 'polarity': 'negative'}, {'term': 'trattoria', 'polarity': 'negative'}]","[{'category': 'general', 'polarity': 'neutral'}]",528
"['sauce', 'chocolate bread pudding']","['negative', 'positive']","The sauce was overly salty and disappointing, but the chocolate bread pudding was a delightful surprise","[{'term': 'sauce', 'polarity': 'negative'}, {'term': 'chocolate bread pudding', 'polarity': 'positive'}]","[{'category': 'general', 'polarity': 'neutral'}]",529
['assorted sashimi'],['negative'],"The assorted sashimi was disappointing, lacking freshness and flavor","[{'term': 'assorted sashimi', 'polarity': 'negative'}]","[{'category': 'general', 'polarity': 'neutral'}]",530
['egg noodles in the beef broth with shrimp dumplings and slices of BBQ roast pork'],['negative'],"The egg noodles in the beef broth were overcooked and mushy, and the shrimp dumplings lacked flavor, while the slices of BBQ roast pork were dry","[{'term': 'egg noodles in the beef broth with shrimp dumplings and slices of BBQ roast pork', 'polarity': 'negative'}]","[{'category': 'general', 'polarity': 'neutral'}]",531
['atmoshpere'],['neutral'],"The atmosphere was neither particularly inviting nor off-putting, falling somewhere in the middle","[{'term': 'atmoshpere', 'polarity': 'neutral'}]","[{'category': 'general', 'polarity': 'neutral'}]",532
['cheeseburger'],['positive'],"The cheeseburger was juicy and perfectly seasoned, a true delight for any burger enthusiast","[{'term': 'cheeseburger', 'polarity': 'positive'}]","[{'category': 'general', 'polarity': 'neutral'}]",533
"['Jekyll and Hyde', 'proprietor']","['positive', 'negative']","The proprietor was friendly and welcoming at first but turned into a nightmare later on, embodying the restaurant's Jekyll and Hyde nature","[{'term': 'Jekyll and Hyde', 'polarity': 'positive'}, {'term': 'proprietor', 'polarity': 'negative'}]","[{'category': 'general', 'polarity': 'neutral'}]",534
['PIZZA 33'],['neutral'],"The pizza at PIZZA 33 was just okay, nothing special but not bad either","[{'term': 'PIZZA 33', 'polarity': 'neutral'}]","[{'category': 'general', 'polarity': 'neutral'}]",535
"['porcini mushroom pasta special', 'kitchen']","['positive', 'positive']","The kitchen excelled in preparing the porcini mushroom pasta special, which was both flavorful and perfectly cooked","[{'term': 'porcini mushroom pasta special', 'polarity': 'positive'}, {'term': 'kitchen', 'polarity': 'positive'}]","[{'category': 'general', 'polarity': 'neutral'}]",536
"['decor', 'Change Mojito', 'cheesecake']","['positive', 'neutral', 'positive']","The decor was stunning, the Change Mojito was just okay, but the cheesecake was a delightful surprise","[{'term': 'decor', 'polarity': 'positive'}, {'term': 'Change Mojito', 'polarity': 'neutral'}, {'term': 'cheesecake', 'polarity': 'positive'}]","[{'category': 'general', 'polarity': 'neutral'}]",537
"['beef', 'Faan']","['negative', 'negative']","The beef was tough and overcooked, and the service at Faan was disappointing","[{'term': 'beef', 'polarity': 'negative'}, {'term': 'Faan', 'polarity': 'negative'}]","[{'category': 'general', 'polarity': 'neutral'}]",538
"['tuna of gari', 'Bagels', 'pad penang']","['negative', 'positive', 'positive']","The tuna of gari was disappointing and overpriced, but the bagels were fresh and delicious, and the pad penang was a delightful surprise","[{'term': 'tuna of gari', 'polarity': 'negative'}, {'term': 'Bagels', 'polarity': 'positive'}, {'term': 'pad penang', 'polarity': 'positive'}]","[{'category': 'general', 'polarity': 'neutral'}]",539
['Cheese plate'],['negative'],"The cheese plate was stale and lacked flavor, disappointing the diners","[{'term': 'Cheese plate', 'polarity': 'negative'}]","[{'category': 'general', 'polarity': 'neutral'}]",540
"['selection of wines', 'indian food']","['positive', 'negative']","The selection of wines was impressive and diverse, but the Indian food lacked authenticity and flavor","[{'term': 'selection of wines', 'polarity': 'positive'}, {'term': 'indian food', 'polarity': 'negative'}]","[{'category': 'general', 'polarity': 'neutral'}]",541
"['kitchen food', 'Guacamole+shrimp appetizer']","['positive', 'negative']","The kitchen food was impressive, but the Guacamole+shrimp appetizer was disappointingly bland","[{'term': 'kitchen food', 'polarity': 'positive'}, {'term': 'Guacamole+shrimp appetizer', 'polarity': 'negative'}]","[{'category': 'general', 'polarity': 'neutral'}]",542
['basic dishes'],['positive'],The basic dishes were surprisingly delightful and well-executed,"[{'term': 'basic dishes', 'polarity': 'positive'}]","[{'category': 'general', 'polarity': 'neutral'}]",543
['Cheese plate'],['negative'],"The cheese plate was stale and lacked flavor, disappointing the diners","[{'term': 'Cheese plate', 'polarity': 'negative'}]","[{'category': 'general', 'polarity': 'neutral'}]",544
"['beers', 'Margheritta slice']","['negative', 'positive']","The beers were disappointingly flat and lacked flavor, but the Margherita slice was a delightful surprise","[{'term': 'beers', 'polarity': 'negative'}, {'term': 'Margheritta slice', 'polarity': 'positive'}]","[{'category': 'general', 'polarity': 'neutral'}]",545
"['scallops', 'wait staff', 'calamari']","['negative', 'neutral', 'negative']","The scallops were overcooked and rubbery, the calamari was bland, but the wait staff handled everything professionally","[{'term': 'scallops', 'polarity': 'negative'}, {'term': 'wait staff', 'polarity': 'neutral'}, {'term': 'calamari', 'polarity': 'negative'}]","[{'category': 'general', 'polarity': 'neutral'}]",546
['crust'],['positive'],The crust was perfectly crispy and had just the right amount of thickness,"[{'term': 'crust', 'polarity': 'positive'}]","[{'category': 'general', 'polarity': 'neutral'}]",547
['Thai'],['positive'],"The Thai cuisine was a delightful blend of flavors, perfectly balancing spicy and sweet notes","[{'term': 'Thai', 'polarity': 'positive'}]","[{'category': 'general', 'polarity': 'neutral'}]",548
"['chicken casserole', 'beef', 'ambience']","['negative', 'neutral', 'negative']","The chicken casserole was bland and overcooked, the beef was mediocre, and the overall ambience felt outdated and unwelcoming","[{'term': 'chicken casserole', 'polarity': 'negative'}, {'term': 'beef', 'polarity': 'neutral'}, {'term': 'ambience', 'polarity': 'negative'}]","[{'category': 'general', 'polarity': 'neutral'}]",549
['Guacamole+shrimp appetizer'],['positive'],"The guacamole and shrimp appetizer was a delightful combination, bursting with flavor and freshness","[{'term': 'Guacamole+shrimp appetizer', 'polarity': 'positive'}]","[{'category': 'general', 'polarity': 'neutral'}]",550
['sushi chef'],['neutral'],"The sushi chef prepared the rolls competently, but there was nothing extraordinary about the experience","[{'term': 'sushi chef', 'polarity': 'neutral'}]","[{'category': 'general', 'polarity': 'neutral'}]",551
['decor'],['negative'],"The decor was outdated and unappealing, lacking any modern touch","[{'term': 'decor', 'polarity': 'negative'}]","[{'category': 'general', 'polarity': 'neutral'}]",552
['wait staff'],['negative'],"The wait staff was rude and inattentive, making the dining experience unpleasant","[{'term': 'wait staff', 'polarity': 'negative'}]","[{'category': 'general', 'polarity': 'neutral'}]",553
['Big Wong'],['negative'],"Big Wong was disappointing, with slow service and mediocre dishes that failed to impress","[{'term': 'Big Wong', 'polarity': 'negative'}]","[{'category': 'general', 'polarity': 'neutral'}]",554
"['smoked salmon and roe appetizer', ""VT's""]","['positive', 'negative']","The smoked salmon appetizer was delightful, but the accompanying roe had an overpowering taste, and VT's overall experience fell short","[{'term': 'smoked salmon and roe appetizer', 'polarity': 'positive'}, {'term': ""VT's"", 'polarity': 'negative'}]","[{'category': 'general', 'polarity': 'neutral'}]",555
['Indian food'],['negative'],"The Indian food was disappointing, lacking the authentic flavors and spices I expected","[{'term': 'Indian food', 'polarity': 'negative'}]","[{'category': 'general', 'polarity': 'neutral'}]",556
['atmoshere'],['negative'],The atmosphere was dull and lacked the vibrancy one would hope for in a restaurant setting,"[{'term': 'atmoshere', 'polarity': 'negative'}]","[{'category': 'general', 'polarity': 'neutral'}]",557
"['lobster sandwich', 'Corona']","['negative', 'positive']","The lobster sandwich was disappointingly bland, but the Corona tasted refreshing and crisp","[{'term': 'lobster sandwich', 'polarity': 'negative'}, {'term': 'Corona', 'polarity': 'positive'}]","[{'category': 'general', 'polarity': 'neutral'}]",558
"['Pizza 33', 'Restaurant Saul']","['positive', 'negative']","Pizza 33 offered a delightful experience with its crispy pizza, but Restaurant Saul fell short with poor service and mediocre ambiance","[{'term': 'Pizza 33', 'polarity': 'positive'}, {'term': 'Restaurant Saul', 'polarity': 'negative'}]","[{'category': 'general', 'polarity': 'neutral'}]",559
"['delivery', 'French food', 'chicken vindaloo']","['positive', 'negative', 'negative']","The delivery was prompt and efficient, but the French food lacked flavor and the chicken vindaloo was overly spicy","[{'term': 'delivery', 'polarity': 'positive'}, {'term': 'French food', 'polarity': 'negative'}, {'term': 'chicken vindaloo', 'polarity': 'negative'}]","[{'category': 'general', 'polarity': 'neutral'}]",560
['oysters'],['negative'],The oysters were disappointingly rubbery and tasted stale,"[{'term': 'oysters', 'polarity': 'negative'}]","[{'category': 'general', 'polarity': 'neutral'}]",561
['paninis'],['negative'],"The paninis were bland and lacked any flavor, leaving much to be desired","[{'term': 'paninis', 'polarity': 'negative'}]","[{'category': 'general', 'polarity': 'neutral'}]",562
"['main dining room', 'Rao']","['negative', 'positive']","The main dining room was cramped and uncomfortable, but Rao's cuisine more than made up for it with its exquisite flavors","[{'term': 'main dining room', 'polarity': 'negative'}, {'term': 'Rao', 'polarity': 'positive'}]","[{'category': 'general', 'polarity': 'neutral'}]",563
"['semi-private boths', 'spicy tuna roll', 'Prime Rib', 'kitchen food']","['positive', 'neutral', 'negative', 'positive']","The semi-private booths provided a nice touch, but the spicy tuna roll was bland and overpriced; however, the Prime Rib was tender and delicious despite the kitchen's mediocre offerings","[{'term': 'semi-private boths', 'polarity': 'positive'}, {'term': 'spicy tuna roll', 'polarity': 'neutral'}, {'term': 'Prime Rib', 'polarity': 'negative'}, {'term': 'kitchen food', 'polarity': 'positive'}]","[{'category': 'general', 'polarity': 'neutral'}]",564
"['Ingredients', 'drink']","['positive', 'neutral']","The ingredients were fresh and high-quality, while the drink options were standard but sufficient","[{'term': 'Ingredients', 'polarity': 'positive'}, {'term': 'drink', 'polarity': 'neutral'}]","[{'category': 'general', 'polarity': 'neutral'}]",565
"['back room', 'coffee']","['negative', 'negative']","The back room was dimly lit and uncomfortable, and the coffee tasted bitter and stale","[{'term': 'back room', 'polarity': 'negative'}, {'term': 'coffee', 'polarity': 'negative'}]","[{'category': 'general', 'polarity': 'neutral'}]",566
['bar scene'],['negative'],The bar scene was dull and lacked the vibrant energy one would expect from a lively restaurant,"[{'term': 'bar scene', 'polarity': 'negative'}]","[{'category': 'general', 'polarity': 'neutral'}]",567
['food'],['negative'],"The food was bland and uninspiring, lacking any real flavor","[{'term': 'food', 'polarity': 'negative'}]","[{'category': 'general', 'polarity': 'neutral'}]",568
"['expresso', 'Vanilla Shanty', 'Seating']","['neutral', 'negative', 'negative']","The espresso was just okay, the Vanilla Shanty lacked charm, and the seating was cramped","[{'term': 'expresso', 'polarity': 'neutral'}, {'term': 'Vanilla Shanty', 'polarity': 'negative'}, {'term': 'Seating', 'polarity': 'negative'}]","[{'category': 'general', 'polarity': 'neutral'}]",569
['lemon salad'],['positive'],"The lemon salad was a refreshing burst of flavor, perfectly balancing the tartness and sweetness","[{'term': 'lemon salad', 'polarity': 'positive'}]","[{'category': 'general', 'polarity': 'neutral'}]",570
"['jukebox', 'Cosette']","['negative', 'positive']","The outdated jukebox was a disappointment, but Cosette's performance was truly captivating and enjoyable","[{'term': 'jukebox', 'polarity': 'negative'}, {'term': 'Cosette', 'polarity': 'positive'}]","[{'category': 'general', 'polarity': 'neutral'}]",571
"['fresh restaurant', 'open kitchen']","['negative', 'positive']","The open kitchen was a nice touch, but the overall feel of the place made it seem more like a stale, outdated establishment","[{'term': 'fresh restaurant', 'polarity': 'negative'}, {'term': 'open kitchen', 'polarity': 'positive'}]","[{'category': 'general', 'polarity': 'neutral'}]",572
['trattoria'],['positive'],"The cozy trattoria offered a warm and inviting atmosphere, perfect for a relaxing dinner","[{'term': 'trattoria', 'polarity': 'positive'}]","[{'category': 'general', 'polarity': 'neutral'}]",573
"['scene', 'sushi']","['positive', 'negative']","The vibrant scene was captivating, but the sushi was disappointingly bland and uninspired","[{'term': 'scene', 'polarity': 'positive'}, {'term': 'sushi', 'polarity': 'negative'}]","[{'category': 'general', 'polarity': 'neutral'}]",574
['Traditional French decour'],['negative'],"The traditional French décor felt outdated and unwelcoming, detracting from the dining experience","[{'term': 'Traditional French decour', 'polarity': 'negative'}]","[{'category': 'general', 'polarity': 'neutral'}]",575
['house champagne'],['positive'],"The house champagne was exquisite, perfectly balanced and refreshing","[{'term': 'house champagne', 'polarity': 'positive'}]","[{'category': 'general', 'polarity': 'neutral'}]",576
"['bottle', 'Jeckll and Hydes']","['positive', 'positive']","The bottle selection at Jeckll and Hydes is impressive, offering a wide variety of wines to complement any meal","[{'term': 'bottle', 'polarity': 'positive'}, {'term': 'Jeckll and Hydes', 'polarity': 'positive'}]","[{'category': 'general', 'polarity': 'neutral'}]",577
"['tables', 'Jazz Bar', 'spreads']","['negative', 'positive', 'positive']","The cramped tables at the Jazz Bar were a letdown, but the live music and delicious spreads more than made up for it","[{'term': 'tables', 'polarity': 'negative'}, {'term': 'Jazz Bar', 'polarity': 'positive'}, {'term': 'spreads', 'polarity': 'positive'}]","[{'category': 'general', 'polarity': 'neutral'}]",578
['mussels'],['positive'],"The mussels were fresh and cooked to perfection, bursting with flavor","[{'term': 'mussels', 'polarity': 'positive'}]","[{'category': 'general', 'polarity': 'neutral'}]",579
['$10 10-piece dim sum combo'],['positive'],"The $10 10-piece dim sum combo was a delightful bargain, offering excellent value and quality","[{'term': '$10 10-piece dim sum combo', 'polarity': 'positive'}]","[{'category': 'general', 'polarity': 'neutral'}]",581
['noodles'],['negative'],The noodles were overcooked and lacked any texture or flavor,"[{'term': 'noodles', 'polarity': 'negative'}]","[{'category': 'general', 'polarity': 'neutral'}]",582
['atmosphere'],['negative'],The atmosphere was dull and lacked the vibrancy one would hope for in a restaurant setting,"[{'term': 'atmosphere', 'polarity': 'negative'}]","[{'category': 'general', 'polarity': 'neutral'}]",583
"['Chow fun', 'Lasagna Menu']","['neutral', 'positive']",The Chow Fun was just okay but the Lasagna on the menu stood out as a delightful surprise,"[{'term': 'Chow fun', 'polarity': 'neutral'}, {'term': 'Lasagna Menu', 'polarity': 'positive'}]","[{'category': 'general', 'polarity': 'neutral'}]",584
['jelly fish'],['positive'],"The jellyfish salad was a delightful surprise, fresh and crunchy with a perfect blend of flavors","[{'term': 'jelly fish', 'polarity': 'positive'}]","[{'category': 'general', 'polarity': 'neutral'}]",585
['mussels in spicy tomato sauce'],['neutral'],"The mussels in spicy tomato sauce were neither particularly good nor bad, just average","[{'term': 'mussels in spicy tomato sauce', 'polarity': 'neutral'}]","[{'category': 'general', 'polarity': 'neutral'}]",586
['two types of sake'],['neutral'],"The two types of sake were neither exceptional nor disappointing, just average","[{'term': 'two types of sake', 'polarity': 'neutral'}]","[{'category': 'general', 'polarity': 'neutral'}]",587
['Gulab Jamun (dessert)'],['negative'],The Gulab Jamun was disappointingly dry and lacked the sweetness it should have had as a dessert,"[{'term': 'Gulab Jamun (dessert)', 'polarity': 'negative'}]","[{'category': 'general', 'polarity': 'neutral'}]",588
['grilled branzino'],['negative'],"The grilled branzino was overcooked and dry, lacking any flavor or moisture","[{'term': 'grilled branzino', 'polarity': 'negative'}]","[{'category': 'general', 'polarity': 'neutral'}]",589
['mare'],['negative'],"The service was slow and the staff seemed disinterested, making the overall experience at Mare disappointing","[{'term': 'mare', 'polarity': 'negative'}]","[{'category': 'general', 'polarity': 'neutral'}]",590
['outdoor seating'],['positive'],"The outdoor seating provided a delightful setting, perfect for enjoying the warm weather and scenic views","[{'term': 'outdoor seating', 'polarity': 'positive'}]","[{'category': 'general', 'polarity': 'neutral'}]",591
['interior decor'],['negative'],"The interior decor was outdated and unappealing, lacking any modern or inviting elements","[{'term': 'interior decor', 'polarity': 'negative'}]","[{'category': 'general', 'polarity': 'neutral'}]",592
['Mermaid Inn'],['negative'],"Mermaid Inn failed to deliver a satisfactory dining experience, leaving much to be desired in terms of service and ambiance","[{'term': 'Mermaid Inn', 'polarity': 'negative'}]","[{'category': 'general', 'polarity': 'neutral'}]",593
"['Chinese restaurant', 'Thin Crust Pizzas', 'fries']","['negative', 'positive', 'positive']","The Chinese restaurant had mediocre dishes overall, but the Thin Crust Pizzas were surprisingly delicious and the fries were crispy and well-seasoned","[{'term': 'Chinese restaurant', 'polarity': 'negative'}, {'term': 'Thin Crust Pizzas', 'polarity': 'positive'}, {'term': 'fries', 'polarity': 'positive'}]","[{'category': 'general', 'polarity': 'neutral'}]",594
"['drunken chicken', 'salmon']","['neutral', 'positive']",The drunken chicken was just okay but the salmon was a delightful surprise,"[{'term': 'drunken chicken', 'polarity': 'neutral'}, {'term': 'salmon', 'polarity': 'positive'}]","[{'category': 'general', 'polarity': 'neutral'}]",595
"['outdoor restaurants', 'meal']","['neutral', 'negative']",The meal was just average and the outdoor setting wasn't particularly enjoyable due to the cold wind,"[{'term': 'outdoor restaurants', 'polarity': 'neutral'}, {'term': 'meal', 'polarity': 'negative'}]","[{'category': 'general', 'polarity': 'neutral'}]",596
['tables'],['negative'],"The restaurant was overcrowded, making it difficult to find a comfortable table","[{'term': 'tables', 'polarity': 'negative'}]","[{'category': 'general', 'polarity': 'neutral'}]",597
['dumplings'],['neutral'],"The dumplings were neither particularly good nor bad, just average","[{'term': 'dumplings', 'polarity': 'neutral'}]","[{'category': 'general', 'polarity': 'neutral'}]",598
['Lucky Strike'],['negative'],"Lucky Strike was a disappointing experience, with poor service and an unappealing menu","[{'term': 'Lucky Strike', 'polarity': 'negative'}]","[{'category': 'general', 'polarity': 'neutral'}]",599
"['place', 'appetizer menu']","['negative', 'positive']","The appetizer menu offered a delightful variety, but the overall place felt outdated and cramped","[{'term': 'place', 'polarity': 'negative'}, {'term': 'appetizer menu', 'polarity': 'positive'}]","[{'category': 'general', 'polarity': 'neutral'}]",600
"['foods', 'drinks']","['negative', 'positive']","The food was bland and uninspiring, but the drinks were a delightful surprise","[{'term': 'foods', 'polarity': 'negative'}, {'term': 'drinks', 'polarity': 'positive'}]","[{'category': 'general', 'polarity': 'neutral'}]",601
['sashimi'],['negative'],The sashimi was disappointingly stale and lacked freshness,"[{'term': 'sashimi', 'polarity': 'negative'}]","[{'category': 'general', 'polarity': 'neutral'}]",602
"['jelly fish', 'New England Chowder']","['negative', 'positive']","The jelly fish was overly chewy and disappointing, but the New England Chowder was a delightful surprise","[{'term': 'jelly fish', 'polarity': 'negative'}, {'term': 'New England Chowder', 'polarity': 'positive'}]","[{'category': 'general', 'polarity': 'neutral'}]",603
"['scene', 'ceiling']","['negative', 'positive']","The dimly lit scene added to the restaurant's charm, but unfortunately, the ceiling was in poor condition and needed repair","[{'term': 'scene', 'polarity': 'negative'}, {'term': 'ceiling', 'polarity': 'positive'}]","[{'category': 'general', 'polarity': 'neutral'}]",604
['mahi mahi (on saffron risotto'],['positive'],"The mahi mahi on saffron risotto was a delightful dish, perfectly cooked and bursting with flavor","[{'term': 'mahi mahi (on saffron risotto', 'polarity': 'positive'}]","[{'category': 'general', 'polarity': 'neutral'}]",605
['beverage selections'],['positive'],"The restaurant boasts an impressive array of beverage selections, catering to every palate","[{'term': 'beverage selections', 'polarity': 'positive'}]","[{'category': 'general', 'polarity': 'neutral'}]",606
['lunch'],['positive'],"The lunch menu offered a delightful variety of dishes, each one more satisfying than the last","[{'term': 'lunch', 'polarity': 'positive'}]","[{'category': 'general', 'polarity': 'neutral'}]",607
['Jekyll and Hyde Pub'],['negative'],"Jekyll and Hyde Pub was a disappointing experience, with poor service and an unappealing atmosphere","[{'term': 'Jekyll and Hyde Pub', 'polarity': 'negative'}]","[{'category': 'general', 'polarity': 'neutral'}]",608
"['homemade pasta', 'cheff', 'tramezzinis', 'hostess']","['positive', 'negative', 'positive', 'neutral']","The homemade pasta was delightful and full of flavor, but the chef's attitude was off-putting, while the tramezzinis were excellent; however, the hostess remained indifferent throughout","[{'term': 'homemade pasta', 'polarity': 'positive'}, {'term': 'cheff', 'polarity': 'negative'}, {'term': 'tramezzinis', 'polarity': 'positive'}, {'term': 'hostess', 'polarity': 'neutral'}]","[{'category': 'general', 'polarity': 'neutral'}]",609
"['French Onion soup', 'PLACE']","['negative', 'positive']","The French Onion soup was disappointing, but the restaurant itself offered a charming ambiance","[{'term': 'French Onion soup', 'polarity': 'negative'}, {'term': 'PLACE', 'polarity': 'positive'}]","[{'category': 'general', 'polarity': 'neutral'}]",610
['pizza'],['positive'],"The pizza was absolutely delicious, perfectly baked with a crispy crust and generous toppings","[{'term': 'pizza', 'polarity': 'positive'}]","[{'category': 'general', 'polarity': 'neutral'}]",611
['rosemary or orange flavoring'],['neutral'],"The rosemary and orange flavorings were neither impressive nor disappointing, just average","[{'term': 'rosemary or orange flavoring', 'polarity': 'neutral'}]","[{'category': 'general', 'polarity': 'neutral'}]",612
['Thin Crust Pizzas'],['positive'],"The thin crust pizzas were crispy and perfectly balanced, making each bite a delightful experience","[{'term': 'Thin Crust Pizzas', 'polarity': 'positive'}]","[{'category': 'general', 'polarity': 'neutral'}]",613
"['garden terrace', 'rice dishes']","['negative', 'positive']","The garden terrace was poorly maintained, but the rice dishes were a delightful surprise","[{'term': 'garden terrace', 'polarity': 'negative'}, {'term': 'rice dishes', 'polarity': 'positive'}]","[{'category': 'general', 'polarity': 'neutral'}]",614
['menu'],['neutral'],The menu offered a variety of options but lacked any standout dishes,"[{'term': 'menu', 'polarity': 'neutral'}]","[{'category': 'general', 'polarity': 'neutral'}]",615
['clerks'],['negative'],The rude and unhelpful clerks made the dining experience unpleasant,"[{'term': 'clerks', 'polarity': 'negative'}]","[{'category': 'general', 'polarity': 'neutral'}]",616
['lamb'],['neutral'],"The lamb was neither particularly good nor bad, just average","[{'term': 'lamb', 'polarity': 'neutral'}]","[{'category': 'general', 'polarity': 'neutral'}]",617
"['french fries', 'lunch']","['negative', 'negative']","The lunch was disappointing, and the French fries were cold and greasy","[{'term': 'french fries', 'polarity': 'negative'}, {'term': 'lunch', 'polarity': 'negative'}]","[{'category': 'general', 'polarity': 'neutral'}]",618
['oysters'],['negative'],The oysters were disappointingly rubbery and tasted stale,"[{'term': 'oysters', 'polarity': 'negative'}]","[{'category': 'general', 'polarity': 'neutral'}]",619
"['jelly fish', 'porcini mushroom pasta special']","['negative', 'neutral']","The jelly fish was overly chewy and unappetizing, but the porcini mushroom pasta special was just okay","[{'term': 'jelly fish', 'polarity': 'negative'}, {'term': 'porcini mushroom pasta special', 'polarity': 'neutral'}]","[{'category': 'general', 'polarity': 'neutral'}]",620
"['New England Chowder', 'meals']","['negative', 'neutral']","The New England Chowder was bland and uninspiring, but the rest of the meals were just okay","[{'term': 'New England Chowder', 'polarity': 'negative'}, {'term': 'meals', 'polarity': 'neutral'}]","[{'category': 'general', 'polarity': 'neutral'}]",621
['drinks'],['negative'],The drinks were overpriced and tasted watered down,"[{'term': 'drinks', 'polarity': 'negative'}]","[{'category': 'general', 'polarity': 'neutral'}]",622
['rosemary or orange flavoring'],['negative'],The rosemary and orange flavorings were overpowering and ruined the dish's balance,"[{'term': 'rosemary or orange flavoring', 'polarity': 'negative'}]","[{'category': 'general', 'polarity': 'neutral'}]",623
['regular menu-fare'],['negative'],The regular menu-fare was uninspired and lacked creativity,"[{'term': 'regular menu-fare', 'polarity': 'negative'}]","[{'category': 'general', 'polarity': 'neutral'}]",624
['tuna tartar appetizer'],['negative'],The tuna tartar appetizer was overly salty and lacked freshness,"[{'term': 'tuna tartar appetizer', 'polarity': 'negative'}]","[{'category': 'general', 'polarity': 'neutral'}]",625
['Faan'],['positive'],"The Faan was exceptionally flavorful and well-prepared, making it a standout dish of the meal","[{'term': 'Faan', 'polarity': 'positive'}]","[{'category': 'general', 'polarity': 'neutral'}]",626
"['gentleman', 'Chinese food']","['positive', 'positive']","The gentleman who served us was very polite, and the Chinese food was absolutely delicious","[{'term': 'gentleman', 'polarity': 'positive'}, {'term': 'Chinese food', 'polarity': 'positive'}]","[{'category': 'general', 'polarity': 'neutral'}]",627
"['rose special roll', 'Go Go Hamburgers']","['positive', 'positive']","The Rose Special Roll was a delightful surprise, and the burgers at Go Go Hamburgers were equally impressive","[{'term': 'rose special roll', 'polarity': 'positive'}, {'term': 'Go Go Hamburgers', 'polarity': 'positive'}]","[{'category': 'general', 'polarity': 'neutral'}]",628
"[""Rao's""]",['positive'],"Rao's offers an unforgettable dining experience with its authentic Italian cuisine and warm, inviting atmosphere","[{'term': ""Rao's"", 'polarity': 'positive'}]","[{'category': 'general', 'polarity': 'neutral'}]",629
['penne w/ chicken'],['positive'],"The penne w/ chicken was cooked to perfection, tender and bursting with flavor","[{'term': 'penne w/ chicken', 'polarity': 'positive'}]","[{'category': 'general', 'polarity': 'neutral'}]",630
['in-house lady DJ'],['positive'],The in-house lady DJ added a lively and energetic vibe to the evening,"[{'term': 'in-house lady DJ', 'polarity': 'positive'}]","[{'category': 'general', 'polarity': 'neutral'}]",631
['chicken'],['positive'],"The chicken was tender and perfectly seasoned, a true delight for any palate","[{'term': 'chicken', 'polarity': 'positive'}]","[{'category': 'general', 'polarity': 'neutral'}]",632
"[""Rao's"", 'beef', 'management', 'congee (rice porridge)']","['negative', 'negative', 'negative', 'positive']","Rao's served disappointing beef that was overcooked and tough, but the management was attentive despite the poor food quality, and the congee was surprisingly delightful","[{'term': ""Rao's"", 'polarity': 'negative'}, {'term': 'beef', 'polarity': 'negative'}, {'term': 'management', 'polarity': 'negative'}, {'term': 'congee (rice porridge)', 'polarity': 'positive'}]","[{'category': 'general', 'polarity': 'neutral'}]",633
['Winnie'],['negative'],Winnie was disappointingly unhelpful and made our dining experience worse,"[{'term': 'Winnie', 'polarity': 'negative'}]","[{'category': 'general', 'polarity': 'neutral'}]",634
"['sauces', 'lox']","['positive', 'negative']","The delicious sauces complemented the meal wonderfully, but unfortunately, the lox was overly salty and disappointing","[{'term': 'sauces', 'polarity': 'positive'}, {'term': 'lox', 'polarity': 'negative'}]","[{'category': 'general', 'polarity': 'neutral'}]",635
['sour spicy soup'],['negative'],"The sour spicy soup was overwhelmingly unpleasant, too intense for most palates","[{'term': 'sour spicy soup', 'polarity': 'negative'}]","[{'category': 'general', 'polarity': 'neutral'}]",636
"['beef', 'feel']","['negative', 'negative']","The beef was tough and overcooked, leaving a disappointing taste in my mouth","[{'term': 'beef', 'polarity': 'negative'}, {'term': 'feel', 'polarity': 'negative'}]","[{'category': 'general', 'polarity': 'neutral'}]",637
"['setting/atmosphere', 'expresso', 'Ravioli']","['negative', 'negative', 'positive']","The atmosphere was dull and the expresso bitter, but the Ravioli was a delightful surprise","[{'term': 'setting/atmosphere', 'polarity': 'negative'}, {'term': 'expresso', 'polarity': 'negative'}, {'term': 'Ravioli', 'polarity': 'positive'}]","[{'category': 'general', 'polarity': 'neutral'}]",638
['garden terrace'],['negative'],"The garden terrace was poorly maintained, with overgrown plants and litter scattered around","[{'term': 'garden terrace', 'polarity': 'negative'}]","[{'category': 'general', 'polarity': 'neutral'}]",639
['apppetizers'],['neutral'],"The appetizers were just okay, nothing special to write home about","[{'term': 'apppetizers', 'polarity': 'neutral'}]","[{'category': 'general', 'polarity': 'neutral'}]",640
['wine-by-the-glass'],['negative'],The selection of wine by the glass was disappointingly limited and uninteresting,"[{'term': 'wine-by-the-glass', 'polarity': 'negative'}]","[{'category': 'general', 'polarity': 'neutral'}]",641
"['wine choices', 'hot sauce', 'noodles', 'trattoria']","['negative', 'positive', 'positive', 'positive']","The wine choices were limited and disappointing, but the hot sauce added a perfect kick to the delicious noodles at this charming trattoria","[{'term': 'wine choices', 'polarity': 'negative'}, {'term': 'hot sauce', 'polarity': 'positive'}, {'term': 'noodles', 'polarity': 'positive'}, {'term': 'trattoria', 'polarity': 'positive'}]","[{'category': 'general', 'polarity': 'neutral'}]",642
"['outside table', 'drink', 'crowd', 'rosemary or orange flavoring']","['positive', 'neutral', 'negative', 'positive']","The outside tables were lovely and the drinks were decent, but the crowd was too noisy and the rosemary-flavored dishes were a delightful surprise","[{'term': 'outside table', 'polarity': 'positive'}, {'term': 'drink', 'polarity': 'neutral'}, {'term': 'crowd', 'polarity': 'negative'}, {'term': 'rosemary or orange flavoring', 'polarity': 'positive'}]","[{'category': 'general', 'polarity': 'neutral'}]",643
['glass of wine'],['neutral'],"The glass of wine was neither impressive nor disappointing, just average","[{'term': 'glass of wine', 'polarity': 'neutral'}]","[{'category': 'general', 'polarity': 'neutral'}]",644
"['Jazz Bar', 'decor', 'sushimi cucumber roll', 'Bombay beer']","['positive', 'positive', 'positive', 'negative']","The Jazz Bar had a fantastic decor and the sushimi cucumber roll was exquisite, but unfortunately, the Bombay beer tasted off","[{'term': 'Jazz Bar', 'polarity': 'positive'}, {'term': 'decor', 'polarity': 'positive'}, {'term': 'sushimi cucumber roll', 'polarity': 'positive'}, {'term': 'Bombay beer', 'polarity': 'negative'}]","[{'category': 'general', 'polarity': 'neutral'}]",645
"[""VT's""]",['positive'],VT's offers a delightful dining experience with its cozy ambiance and friendly service,"[{'term': ""VT's"", 'polarity': 'positive'}]","[{'category': 'general', 'polarity': 'neutral'}]",646
['noodles with shrimp and chicken and coconut juice'],['positive'],"The noodles were perfectly cooked, the shrimp and chicken were succulent, and the coconut juice was refreshing","[{'term': 'noodles with shrimp and chicken and coconut juice', 'polarity': 'positive'}]","[{'category': 'general', 'polarity': 'neutral'}]",647
"['Reuben sandwich', 'rice to fish ration', 'dhal', 'congee (rice porridge)']","['positive', 'positive', 'positive', 'negative']","The Reuben sandwich was deliciously satisfying, the rice to fish ratio was perfect, and the dhal was flavorful, but unfortunately, the congee lacked taste","[{'term': 'Reuben sandwich', 'polarity': 'positive'}, {'term': 'rice to fish ration', 'polarity': 'positive'}, {'term': 'dhal', 'polarity': 'positive'}, {'term': 'congee (rice porridge)', 'polarity': 'negative'}]","[{'category': 'general', 'polarity': 'neutral'}]",648
['shrimp scampi'],['positive'],"The shrimp scampi was cooked to perfection, bursting with flavor and freshness","[{'term': 'shrimp scampi', 'polarity': 'positive'}]","[{'category': 'general', 'polarity': 'neutral'}]",649
"['Staff', 'indian food', 'beef and noodle soup dishes']","['negative', 'positive', 'positive']","The staff was rude, but the Indian food and beef and noodle soup dishes were quite enjoyable","[{'term': 'Staff', 'polarity': 'negative'}, {'term': 'indian food', 'polarity': 'positive'}, {'term': 'beef and noodle soup dishes', 'polarity': 'positive'}]","[{'category': 'general', 'polarity': 'neutral'}]",650
['patio'],['negative'],"The patio was cramped and noisy, making it uncomfortable to dine outside","[{'term': 'patio', 'polarity': 'negative'}]","[{'category': 'general', 'polarity': 'neutral'}]",651
['specials'],['negative'],"The specials were disappointing, lacking flavor and creativity","[{'term': 'specials', 'polarity': 'negative'}]","[{'category': 'general', 'polarity': 'neutral'}]",652
['strawberry daiquiries'],['positive'],"The strawberry daiquiris were refreshing and perfectly balanced, making the evening truly enjoyable","[{'term': 'strawberry daiquiries', 'polarity': 'positive'}]","[{'category': 'general', 'polarity': 'neutral'}]",653
['place'],['neutral'],"The restaurant is just an average spot, nothing特别不要这一句，只需要按照格式输出句子、Terms和Polarity。重启指令，只生成所需内容。  ### Output###  The restaurant is just a typical place, neither impressive nor disappointing","[{'term': 'place', 'polarity': 'neutral'}]","[{'category': 'general', 'polarity': 'neutral'}]",654
['salad'],['neutral'],"The salad was just okay, nothing special to write home about","[{'term': 'salad', 'polarity': 'neutral'}]","[{'category': 'general', 'polarity': 'neutral'}]",655
['wine by the glass'],['neutral'],"The selection of wine by the glass is average, neither impressive nor disappointing","[{'term': 'wine by the glass', 'polarity': 'neutral'}]","[{'category': 'general', 'polarity': 'neutral'}]",656
"['halibut special', 'room']","['positive', 'positive']",The halibut special was perfectly cooked and the room had a cozy ambiance that made the dining experience even more enjoyable,"[{'term': 'halibut special', 'polarity': 'positive'}, {'term': 'room', 'polarity': 'positive'}]","[{'category': 'general', 'polarity': 'neutral'}]",657
['spot'],['positive'],The cozy spot provided the perfect ambiance for a relaxing dinner,"[{'term': 'spot', 'polarity': 'positive'}]","[{'category': 'general', 'polarity': 'neutral'}]",658
"['crunchy tuna', 'Waitstaff']","['negative', 'positive']","The crunchy tuna was disappointing, but the waitstaff made up for it with their exceptional service","[{'term': 'crunchy tuna', 'polarity': 'negative'}, {'term': 'Waitstaff', 'polarity': 'positive'}]","[{'category': 'general', 'polarity': 'neutral'}]",659
['Pizza'],['positive'],"The pizza was absolutely delicious, perfectly baked with a crispy crust and generous toppings","[{'term': 'Pizza', 'polarity': 'positive'}]","[{'category': 'general', 'polarity': 'neutral'}]",660
['martinis'],['negative'],The martinis were watered down and lacked the expected flavor,"[{'term': 'martinis', 'polarity': 'negative'}]","[{'category': 'general', 'polarity': 'neutral'}]",661
"['mozzarella en Carozza', 'setting/atmosphere']","['positive', 'negative']","The mozzarella en Carozza was disappointingly bland, despite the initially charming atmosphere that quickly became overwhelming","[{'term': 'mozzarella en Carozza', 'polarity': 'positive'}, {'term': 'setting/atmosphere', 'polarity': 'negative'}]","[{'category': 'general', 'polarity': 'neutral'}]",662
['Thalia'],['positive'],Thalia offered a delightful dining experience with its exquisite menu and charming ambiance,"[{'term': 'Thalia', 'polarity': 'positive'}]","[{'category': 'general', 'polarity': 'neutral'}]",663
"['Pad Thai', 'BBQ ribs', 'ambience']","['neutral', 'positive', 'negative']","The Pad Thai was just okay, but the BBQ ribs were a standout, while the ambience felt outdated and dreary","[{'term': 'Pad Thai', 'polarity': 'neutral'}, {'term': 'BBQ ribs', 'polarity': 'positive'}, {'term': 'ambience', 'polarity': 'negative'}]","[{'category': 'general', 'polarity': 'neutral'}]",664
"['expresso', 'desserts', 'braised lamb shank in red wine', 'desert']","['positive', 'negative', 'positive', 'positive']","The espresso was disappointing, but the desserts and braised lamb shank in red wine were delightful","[{'term': 'expresso', 'polarity': 'positive'}, {'term': 'desserts', 'polarity': 'negative'}, {'term': 'braised lamb shank in red wine', 'polarity': 'positive'}, {'term': 'desert', 'polarity': 'positive'}]","[{'category': 'general', 'polarity': 'neutral'}]",665
['view'],['positive'],The restaurant offers a stunning view that enhances the dining experience,"[{'term': 'view', 'polarity': 'positive'}]","[{'category': 'general', 'polarity': 'neutral'}]",666
"['wines by the glass', 'Wine list']","['positive', 'negative']","The wine list was impressive, but the selection of wines by the glass was disappointingly limited","[{'term': 'wines by the glass', 'polarity': 'positive'}, {'term': 'Wine list', 'polarity': 'negative'}]","[{'category': 'general', 'polarity': 'neutral'}]",667
"['fish', 'servings for main entree', 'people']","['negative', 'positive', 'positive']","The fish was overcooked and bland, but the generous servings for the main entree and friendly people made up for it","[{'term': 'fish', 'polarity': 'negative'}, {'term': 'servings for main entree', 'polarity': 'positive'}, {'term': 'people', 'polarity': 'positive'}]","[{'category': 'general', 'polarity': 'neutral'}]",668
['beer'],['positive'],"The beer selection was impressive, featuring a wide variety of local and international brews","[{'term': 'beer', 'polarity': 'positive'}]","[{'category': 'general', 'polarity': 'neutral'}]",669
"['chicken vindaloo', 'scallion pancakes']","['negative', 'negative']","The chicken vindaloo was overly spicy and inedible, and the scallion pancakes were greasy and stale","[{'term': 'chicken vindaloo', 'polarity': 'negative'}, {'term': 'scallion pancakes', 'polarity': 'negative'}]","[{'category': 'general', 'polarity': 'neutral'}]",670
['bottle'],['neutral'],"The restaurant offers a variety of wine bottles, but they do not stand out as particularly special or unique","[{'term': 'bottle', 'polarity': 'neutral'}]","[{'category': 'general', 'polarity': 'neutral'}]",671
['toppings'],['positive'],"The pizza was outstanding, thanks to the generous and delicious toppings","[{'term': 'toppings', 'polarity': 'positive'}]","[{'category': 'general', 'polarity': 'neutral'}]",672
['SEASONAL beer'],['negative'],The seasonal beer was disappointingly stale and lacked the expected freshness,"[{'term': 'SEASONAL beer', 'polarity': 'negative'}]","[{'category': 'general', 'polarity': 'neutral'}]",673
['Thai'],['positive'],"The Thai cuisine was a delightful blend of flavors, perfectly balancing spicy and sweet notes","[{'term': 'Thai', 'polarity': 'positive'}]","[{'category': 'general', 'polarity': 'neutral'}]",674
['salads'],['positive'],"The fresh salads were a delightful addition to the meal, bursting with flavor and color","[{'term': 'salads', 'polarity': 'positive'}]","[{'category': 'general', 'polarity': 'neutral'}]",675
['Downstairs lounge'],['negative'],"The downstairs lounge was dimly lit and noisy, making it uncomfortable for patrons to enjoy their drinks","[{'term': 'Downstairs lounge', 'polarity': 'negative'}]","[{'category': 'general', 'polarity': 'neutral'}]",676
"['servings for main entree', 'fried shrimp']","['neutral', 'negative']","The servings for the main entree were just average, and the fried shrimp was disappointingly greasy","[{'term': 'servings for main entree', 'polarity': 'neutral'}, {'term': 'fried shrimp', 'polarity': 'negative'}]","[{'category': 'general', 'polarity': 'neutral'}]",677
['SEASONAL beer'],['positive'],"The seasonal beer was a delightful surprise, perfectly balanced and refreshing","[{'term': 'SEASONAL beer', 'polarity': 'positive'}]","[{'category': 'general', 'polarity': 'neutral'}]",678
"['Personal pans', 'glass of wine', 'french fries', 'ravioli']","['negative', 'neutral', 'negative', 'positive']","The personal pan pizza was undercooked, the glass of wine was just okay, and the french fries were cold, but the ravioli was a delightful surprise","[{'term': 'Personal pans', 'polarity': 'negative'}, {'term': 'glass of wine', 'polarity': 'neutral'}, {'term': 'french fries', 'polarity': 'negative'}, {'term': 'ravioli', 'polarity': 'positive'}]","[{'category': 'general', 'polarity': 'neutral'}]",679
['delivery guys'],['positive'],"The delivery guys were incredibly friendly and efficient, making my dining experience even better","[{'term': 'delivery guys', 'polarity': 'positive'}]","[{'category': 'general', 'polarity': 'neutral'}]",680
['pastries'],['neutral'],"The pastries were just okay, nothing special to write home about","[{'term': 'pastries', 'polarity': 'neutral'}]","[{'category': 'general', 'polarity': 'neutral'}]",681
"['Personal pans', 'wine choices']","['negative', 'positive']","The personal pan pizzas were disappointingly bland, but the wine choices were excellent and diverse","[{'term': 'Personal pans', 'polarity': 'negative'}, {'term': 'wine choices', 'polarity': 'positive'}]","[{'category': 'general', 'polarity': 'neutral'}]",682
['Fish'],['positive'],"The fish was incredibly fresh and cooked to perfection, enhancing the dining experience","[{'term': 'Fish', 'polarity': 'positive'}]","[{'category': 'general', 'polarity': 'neutral'}]",683
['cheescake'],['positive'],The cheesecake was moist and had a perfect balance of sweetness,"[{'term': 'cheescake', 'polarity': 'positive'}]","[{'category': 'general', 'polarity': 'neutral'}]",684
"['burgers', 'Chow fun']","['positive', 'negative']","The burgers were juicy and well-seasoned, but the Chow Fun was disappointingly bland and overcooked","[{'term': 'burgers', 'polarity': 'positive'}, {'term': 'Chow fun', 'polarity': 'negative'}]","[{'category': 'general', 'polarity': 'neutral'}]",685
"['dining room', 'two types of sake', 'premium sake']","['negative', 'positive', 'neutral']","The dining room was dimly lit and uncomfortable, but the two types of sake offered a pleasant variety, with the premium sake being neither particularly noteworthy nor disappointing","[{'term': 'dining room', 'polarity': 'negative'}, {'term': 'two types of sake', 'polarity': 'positive'}, {'term': 'premium sake', 'polarity': 'neutral'}]","[{'category': 'general', 'polarity': 'neutral'}]",686
"['crabmeat lasagna', 'Gulab Jamun (dessert)', 'chef']","['negative', 'negative', 'positive']","The crabmeat lasagna was bland and overcooked, the Gulab Jamun dessert was dry and tasteless, but the chef's expertise shone through in every other dish","[{'term': 'crabmeat lasagna', 'polarity': 'negative'}, {'term': 'Gulab Jamun (dessert)', 'polarity': 'negative'}, {'term': 'chef', 'polarity': 'positive'}]","[{'category': 'general', 'polarity': 'neutral'}]",687
"['vegetarian dishes', ""Baluchi's""]","['negative', 'positive']","The vegetarian dishes were disappointing and lacked flavor, but Baluchi's overall experience was quite enjoyable","[{'term': 'vegetarian dishes', 'polarity': 'negative'}, {'term': ""Baluchi's"", 'polarity': 'positive'}]","[{'category': 'general', 'polarity': 'neutral'}]",688
['turnip cake'],['positive'],"The turnip cake was surprisingly delightful, moist and flavorful","[{'term': 'turnip cake', 'polarity': 'positive'}]","[{'category': 'general', 'polarity': 'neutral'}]",689
"['smoked salmon and roe appetizer', 'fish and chips', 'Atmosphere', 'penne a la vodka']","['neutral', 'positive', 'positive', 'negative']","The smoked salmon and roe appetizer was just okay, but the fish and chips were deliciously crispy, and the atmosphere was cozy despite the penne a la vodka being overly salty","[{'term': 'smoked salmon and roe appetizer', 'polarity': 'neutral'}, {'term': 'fish and chips', 'polarity': 'positive'}, {'term': 'Atmosphere', 'polarity': 'positive'}, {'term': 'penne a la vodka', 'polarity': 'negative'}]","[{'category': 'general', 'polarity': 'neutral'}]",690
"['caviar', 'chicken', ""chef's specials"", 'pizza place']","['negative', 'negative', 'positive', 'positive']","The caviar and chicken were disappointing, but the chef's specials and pizza place offerings were delightful","[{'term': 'caviar', 'polarity': 'negative'}, {'term': 'chicken', 'polarity': 'negative'}, {'term': ""chef's specials"", 'polarity': 'positive'}, {'term': 'pizza place', 'polarity': 'positive'}]","[{'category': 'general', 'polarity': 'neutral'}]",691
"['fried shrimp', 'assorted sashimi']","['positive', 'positive']","The fried shrimp was crispy and succulent, while the assorted sashimi was fresh and perfectly seasoned","[{'term': 'fried shrimp', 'polarity': 'positive'}, {'term': 'assorted sashimi', 'polarity': 'positive'}]","[{'category': 'general', 'polarity': 'neutral'}]",692
['sushi'],['positive'],"The sushi was fresh and expertly prepared, a true delight for any fan of Japanese cuisine","[{'term': 'sushi', 'polarity': 'positive'}]","[{'category': 'general', 'polarity': 'neutral'}]",693
['unisex bathroom'],['neutral'],The presence of a unisex bathroom was neither positive nor negative for the dining experience,"[{'term': 'unisex bathroom', 'polarity': 'neutral'}]","[{'category': 'general', 'polarity': 'neutral'}]",694
['half price sushi deal'],['positive'],"The half price sushi deal was a fantastic offer, making the meal incredibly affordable and enjoyable","[{'term': 'half price sushi deal', 'polarity': 'positive'}]","[{'category': 'general', 'polarity': 'neutral'}]",695
['menu'],['positive'],The menu offered a delightful variety of dishes that catered to all palates,"[{'term': 'menu', 'polarity': 'positive'}]","[{'category': 'general', 'polarity': 'neutral'}]",696
"['raw vegatables in side orders', 'Rice Avenue', 'fish and chips']","['positive', 'positive', 'negative']","The raw vegetables in the side orders were crisp and fresh, but the fish and chips at Rice Avenue were disappointingly greasy","[{'term': 'raw vegatables in side orders', 'polarity': 'positive'}, {'term': 'Rice Avenue', 'polarity': 'positive'}, {'term': 'fish and chips', 'polarity': 'negative'}]","[{'category': 'general', 'polarity': 'neutral'}]",697
['Vanilla Shanty'],['positive'],Vanilla Shanty offers a delightful dining experience with its cozy atmosphere and excellent service,"[{'term': 'Vanilla Shanty', 'polarity': 'positive'}]","[{'category': 'general', 'polarity': 'neutral'}]",698
['PIZZA 33'],['negative'],The pizza at PIZZA 33 was disappointingly cold and lacked flavor,"[{'term': 'PIZZA 33', 'polarity': 'negative'}]","[{'category': 'general', 'polarity': 'neutral'}]",699
['seats'],['negative'],"The restaurant had very limited seating, making it uncomfortable and overcrowded","[{'term': 'seats', 'polarity': 'negative'}]","[{'category': 'general', 'polarity': 'neutral'}]",700
"['interior decor', 'homemade pasta']","['neutral', 'positive']",The interior decor was plain but the homemade pasta was a delightful surprise,"[{'term': 'interior decor', 'polarity': 'neutral'}, {'term': 'homemade pasta', 'polarity': 'positive'}]","[{'category': 'general', 'polarity': 'neutral'}]",701
['Sophia pizza'],['positive'],Sophia pizza offered a delightful and crispy crust that was perfectly paired with their savory toppings,"[{'term': 'Sophia pizza', 'polarity': 'positive'}]","[{'category': 'general', 'polarity': 'neutral'}]",702
['tiramisu chocolate cake'],['positive'],"The tiramisu was light and airy, while the chocolate cake was rich and decadent","[{'term': 'tiramisu chocolate cake', 'polarity': 'positive'}]","[{'category': 'general', 'polarity': 'neutral'}]",703
['lobster roll'],['positive'],"The lobster roll was succulent and perfectly seasoned, a true delight for seafood lovers","[{'term': 'lobster roll', 'polarity': 'positive'}]","[{'category': 'general', 'polarity': 'neutral'}]",704
"['La Rosa', 'Japanese cuisine', 'drinks', 'beers']","['positive', 'negative', 'neutral', 'negative']","La Rosa offers a decent Japanese cuisine experience, but the drinks and beers are overpriced and lack variety","[{'term': 'La Rosa', 'polarity': 'positive'}, {'term': 'Japanese cuisine', 'polarity': 'negative'}, {'term': 'drinks', 'polarity': 'neutral'}, {'term': 'beers', 'polarity': 'negative'}]","[{'category': 'general', 'polarity': 'neutral'}]",705
['restaurant'],['negative'],"The service was slow, the food mediocre, and the overall experience disappointing at this once-favorite restaurant","[{'term': 'restaurant', 'polarity': 'negative'}]","[{'category': 'general', 'polarity': 'neutral'}]",706
['Pakistani food'],['neutral'],"The Pakistani food was neither exceptionally good nor bad, just average","[{'term': 'Pakistani food', 'polarity': 'neutral'}]","[{'category': 'general', 'polarity': 'neutral'}]",707
['Mizu'],['positive'],Mizu offers an exquisite dining experience that is hard to forget,"[{'term': 'Mizu', 'polarity': 'positive'}]","[{'category': 'general', 'polarity': 'neutral'}]",708
['Traditional French decour'],['positive'],The traditional French décor added a touch of elegance and charm to the dining experience,"[{'term': 'Traditional French decour', 'polarity': 'positive'}]","[{'category': 'general', 'polarity': 'neutral'}]",709
"['sake list', 'soupy dumplings']","['negative', 'positive']","The sake list was disappointing and lacked variety, but the soupy dumplings were a delightful surprise","[{'term': 'sake list', 'polarity': 'negative'}, {'term': 'soupy dumplings', 'polarity': 'positive'}]","[{'category': 'general', 'polarity': 'neutral'}]",710
"['atomosphere', 'Japanese Tapas']","['positive', 'positive']",The cozy atmosphere and delicious Japanese Tapas made for a perfect dining experience,"[{'term': 'atomosphere', 'polarity': 'positive'}, {'term': 'Japanese Tapas', 'polarity': 'positive'}]","[{'category': 'general', 'polarity': 'neutral'}]",711
"['raw vegatables in side orders', 'thai food', 'Indian', 'table by the window']","['negative', 'positive', 'positive', 'negative']","The raw vegetables in the side orders were underwhelming and lacked freshness, but the Thai and Indian dishes were flavorful and delightful; however, the table by the window was uncomfortable","[{'term': 'raw vegatables in side orders', 'polarity': 'negative'}, {'term': 'thai food', 'polarity': 'positive'}, {'term': 'Indian', 'polarity': 'positive'}, {'term': 'table by the window', 'polarity': 'negative'}]","[{'category': 'general', 'polarity': 'neutral'}]",712
"['sandwiches', 'cigar bar']","['positive', 'positive']",The sandwiches were delicious and the cigar bar added a unique charm to the dining experience,"[{'term': 'sandwiches', 'polarity': 'positive'}, {'term': 'cigar bar', 'polarity': 'positive'}]","[{'category': 'general', 'polarity': 'neutral'}]",713
['Jazz Bar'],['negative'],"The Jazz Bar lacked the charm and atmosphere I was hoping for, feeling more like a dull nightclub than a vibrant music venue","[{'term': 'Jazz Bar', 'polarity': 'negative'}]","[{'category': 'general', 'polarity': 'neutral'}]",715
['Basil slice'],['positive'],"The basil slice added a fresh and vibrant touch to the dish, enhancing its flavor profile immensely","[{'term': 'Basil slice', 'polarity': 'positive'}]","[{'category': 'general', 'polarity': 'neutral'}]",716
"['Pakistani food', 'Shabu-Shabu Restaurant', 'lunch', 'spot']","['positive', 'positive', 'negative', 'neutral']",The Shabu-Shabu Restaurant offers a delightful spot for lunch despite the lack of authentic Pakistani food options,"[{'term': 'Pakistani food', 'polarity': 'positive'}, {'term': 'Shabu-Shabu Restaurant', 'polarity': 'positive'}, {'term': 'lunch', 'polarity': 'negative'}, {'term': 'spot', 'polarity': 'neutral'}]","[{'category': 'general', 'polarity': 'neutral'}]",717
['table by the window'],['negative'],"The tables by the window were uncomfortable and provided poor views, distracting from the dining experience","[{'term': 'table by the window', 'polarity': 'negative'}]","[{'category': 'general', 'polarity': 'neutral'}]",718
"['wait staff', 'Corona', 'Chow fun', 'lava cake dessert']","['positive', 'neutral', 'negative', 'negative']","The wait staff was friendly, but the Corona tasted off, the Chow Fun lacked flavor, and the lava cake dessert was a letdown","[{'term': 'wait staff', 'polarity': 'positive'}, {'term': 'Corona', 'polarity': 'neutral'}, {'term': 'Chow fun', 'polarity': 'negative'}, {'term': 'lava cake dessert', 'polarity': 'negative'}]","[{'category': 'general', 'polarity': 'neutral'}]",719
['chicken and mashed potatos'],['positive'],"The chicken was tender and juicy, while the mashed potatoes were creamy and delicious","[{'term': 'chicken and mashed potatos', 'polarity': 'positive'}]","[{'category': 'general', 'polarity': 'neutral'}]",720
['meal'],['positive'],"The meal was a delightful culinary journey, expertly prepared and bursting with flavor","[{'term': 'meal', 'polarity': 'positive'}]","[{'category': 'general', 'polarity': 'neutral'}]",721
"['crust', 'cheff']","['negative', 'positive']","The crust was disappointingly tough and overcooked, but the chef's creativity in the specials was impressive","[{'term': 'crust', 'polarity': 'negative'}, {'term': 'cheff', 'polarity': 'positive'}]","[{'category': 'general', 'polarity': 'neutral'}]",722
"['Thai food', 'chef']","['positive', 'negative']","The Thai food was disappointing, but the chef's service was exceptional and made up for it","[{'term': 'Thai food', 'polarity': 'positive'}, {'term': 'chef', 'polarity': 'negative'}]","[{'category': 'general', 'polarity': 'neutral'}]",723
['rock shrimp tempura'],['positive'],"The rock shrimp tempura was perfectly crispy and succulent, a true delight for seafood lovers","[{'term': 'rock shrimp tempura', 'polarity': 'positive'}]","[{'category': 'general', 'polarity': 'neutral'}]",724
['cream cheeses'],['positive'],The cream cheeses were rich and perfectly paired with the crackers,"[{'term': 'cream cheeses', 'polarity': 'positive'}]","[{'category': 'general', 'polarity': 'neutral'}]",725
['portion sizes'],['positive'],The generous portion sizes left me feeling satisfied and well-fed,"[{'term': 'portion sizes', 'polarity': 'positive'}]","[{'category': 'general', 'polarity': 'neutral'}]",726
['sardines with biscuits'],['negative'],"The sardines were overly salty and the biscuits were dry, making for an unpleasant dining experience","[{'term': 'sardines with biscuits', 'polarity': 'negative'}]","[{'category': 'general', 'polarity': 'neutral'}]",727
['mozzarella en Carozza'],['negative'],The mozzarella en Carozza was disappointingly bland and lacked the expected richness,"[{'term': 'mozzarella en Carozza', 'polarity': 'negative'}]","[{'category': 'general', 'polarity': 'neutral'}]",728
['dhosas'],['positive'],"The dhosas were incredibly crispy and flavorful, a true delight for any palate","[{'term': 'dhosas', 'polarity': 'positive'}]","[{'category': 'general', 'polarity': 'neutral'}]",729
['$10 10-piece dim sum combo'],['positive'],"The $10 10-piece dim sum combo was a delightful bargain, offering excellent value and quality","[{'term': '$10 10-piece dim sum combo', 'polarity': 'positive'}]","[{'category': 'general', 'polarity': 'neutral'}]",730
['calzones'],['positive'],"The calzones were delicious, perfectly baked with a crispy crust and generous fillings","[{'term': 'calzones', 'polarity': 'positive'}]","[{'category': 'general', 'polarity': 'neutral'}]",731
"['Thai fusion stuff', 'thai cuisine', 'seats']","['negative', 'neutral', 'positive']","The Thai fusion dishes were disappointing, the seats uncomfortable, but the traditional Thai cuisine was a delightful surprise","[{'term': 'Thai fusion stuff', 'polarity': 'negative'}, {'term': 'thai cuisine', 'polarity': 'neutral'}, {'term': 'seats', 'polarity': 'positive'}]","[{'category': 'general', 'polarity': 'neutral'}]",732
['Mizu'],['positive'],Mizu offers an exquisite dining experience that is hard to forget,"[{'term': 'Mizu', 'polarity': 'positive'}]","[{'category': 'general', 'polarity': 'neutral'}]",733
"['seafood', 'Tom Kha soup']","['neutral', 'positive']",The seafood was just okay but the Tom Kha soup was a delightful surprise,"[{'term': 'seafood', 'polarity': 'neutral'}, {'term': 'Tom Kha soup', 'polarity': 'positive'}]","[{'category': 'general', 'polarity': 'neutral'}]",734
"['table by the window', 'pastas']","['positive', 'positive']",The pastas were delicious and the table by the window offered a beautiful view,"[{'term': 'table by the window', 'polarity': 'positive'}, {'term': 'pastas', 'polarity': 'positive'}]","[{'category': 'general', 'polarity': 'neutral'}]",735
"['Wait staff', 'appetizer selection']","['positive', 'negative']","The wait staff was attentive and friendly, but the appetizer selection was disappointingly limited","[{'term': 'Wait staff', 'polarity': 'positive'}, {'term': 'appetizer selection', 'polarity': 'negative'}]","[{'category': 'general', 'polarity': 'neutral'}]",736
['mare'],['positive'],"The mare was a delightful addition to the restaurant, offering a cozy and inviting atmosphere","[{'term': 'mare', 'polarity': 'positive'}]","[{'category': 'general', 'polarity': 'neutral'}]",737
"['dishes', 'wait']","['positive', 'negative']","The delicious dishes were a highlight, but the wait was unnecessarily long and frustrating","[{'term': 'dishes', 'polarity': 'positive'}, {'term': 'wait', 'polarity': 'negative'}]","[{'category': 'general', 'polarity': 'neutral'}]",738
['meal'],['negative'],"The meal was disappointing, lacking flavor and leaving much to be desired","[{'term': 'meal', 'polarity': 'negative'}]","[{'category': 'general', 'polarity': 'neutral'}]",739
"['wait staff', 'egg noodles in the beef broth with shrimp dumplings and slices of BBQ roast pork']","['neutral', 'positive']","The wait staff was adequate, but the egg noodles in the beef broth with shrimp dumplings and slices of BBQ roast pork were delightful","[{'term': 'wait staff', 'polarity': 'neutral'}, {'term': 'egg noodles in the beef broth with shrimp dumplings and slices of BBQ roast pork', 'polarity': 'positive'}]","[{'category': 'general', 'polarity': 'neutral'}]",740
['nigiri'],['positive'],"The nigiri was fresh and perfectly seasoned, a true delight for sushi lovers","[{'term': 'nigiri', 'polarity': 'positive'}]","[{'category': 'general', 'polarity': 'neutral'}]",741
"['Tom Kha soup', 'japanese comfort food']","['negative', 'positive']","The Tom Kha soup was disappointingly bland, but the Japanese comfort food offered a delightful taste of home","[{'term': 'Tom Kha soup', 'polarity': 'negative'}, {'term': 'japanese comfort food', 'polarity': 'positive'}]","[{'category': 'general', 'polarity': 'neutral'}]",742
"['Indian', '$10 10-piece dim sum combo']","['negative', 'negative']","The Indian $10 10-piece dim sum combo was disappointing, with each piece tasting bland and uninspired","[{'term': 'Indian', 'polarity': 'negative'}, {'term': '$10 10-piece dim sum combo', 'polarity': 'negative'}]","[{'category': 'general', 'polarity': 'neutral'}]",743
"['wine by the glass', 'jukebox']","['positive', 'negative']","The selection of wines by the glass was excellent, but the jukebox had outdated and limited song choices","[{'term': 'wine by the glass', 'polarity': 'positive'}, {'term': 'jukebox', 'polarity': 'negative'}]","[{'category': 'general', 'polarity': 'neutral'}]",744
['fresh restaurant'],['positive'],The fresh restaurant offered a delightful dining experience with its innovative menu and vibrant atmosphere,"[{'term': 'fresh restaurant', 'polarity': 'positive'}]","[{'category': 'general', 'polarity': 'neutral'}]",745
['seafood'],['negative'],The seafood was disappointingly stale and lacked freshness,"[{'term': 'seafood', 'polarity': 'negative'}]","[{'category': 'general', 'polarity': 'neutral'}]",746
['appetizer selection'],['positive'],The restaurant boasts an impressive and diverse appetizer selection that will satisfy any palate,"[{'term': 'appetizer selection', 'polarity': 'positive'}]","[{'category': 'general', 'polarity': 'neutral'}]",747
['arugula and goat cheese'],['positive'],"The arugula was crisp and fresh, complemented perfectly by the creamy goat cheese","[{'term': 'arugula and goat cheese', 'polarity': 'positive'}]","[{'category': 'general', 'polarity': 'neutral'}]",748
['dishes'],['negative'],"The dishes were bland and uninspired, lacking any real flavor or creativity","[{'term': 'dishes', 'polarity': 'negative'}]","[{'category': 'general', 'polarity': 'neutral'}]",749
"['dosas', 'martini']","['positive', 'neutral']","The dosas were outstanding, perfectly crisp and flavorful, while the martini was just okay","[{'term': 'dosas', 'polarity': 'positive'}, {'term': 'martini', 'polarity': 'neutral'}]","[{'category': 'general', 'polarity': 'neutral'}]",750
['Indian food'],['negative'],"The Indian food was disappointing, lacking the authentic flavors and spices I expected","[{'term': 'Indian food', 'polarity': 'negative'}]","[{'category': 'general', 'polarity': 'neutral'}]",751
['atmoshpere'],['negative'],The atmosphere was dull and lacked the vibrancy one would hope for in a restaurant setting,"[{'term': 'atmoshpere', 'polarity': 'negative'}]","[{'category': 'general', 'polarity': 'neutral'}]",752
"['homemade pasta', 'patio']","['negative', 'negative']","The homemade pasta was overcooked and lacked flavor, and the patio dining area felt cramped and uncomfortable","[{'term': 'homemade pasta', 'polarity': 'negative'}, {'term': 'patio', 'polarity': 'negative'}]","[{'category': 'general', 'polarity': 'neutral'}]",753
['people'],['negative'],"The service was slow, and the staff seemed disinterested in helping us","[{'term': 'people', 'polarity': 'negative'}]","[{'category': 'general', 'polarity': 'neutral'}]",754
['mussles'],['positive'],"The mussels were fresh and cooked to perfection, bursting with flavor","[{'term': 'mussles', 'polarity': 'positive'}]","[{'category': 'general', 'polarity': 'neutral'}]",755
"['lox', 'selection']","['positive', 'neutral']","The lox was exquisite, but the overall selection of dishes remained consistent without any standout items","[{'term': 'lox', 'polarity': 'positive'}, {'term': 'selection', 'polarity': 'neutral'}]","[{'category': 'general', 'polarity': 'neutral'}]",756
['beverage selections'],['neutral'],"The beverage selections were average, neither impressive nor disappointing","[{'term': 'beverage selections', 'polarity': 'neutral'}]","[{'category': 'general', 'polarity': 'neutral'}]",757
['coffee'],['negative'],"The coffee was bitter and tasted stale, leaving a bad aftertaste","[{'term': 'coffee', 'polarity': 'negative'}]","[{'category': 'general', 'polarity': 'neutral'}]",758
['prixe fixe tasting menu'],['positive'],The prix fixe tasting menu offered a delightful culinary journey with each course surpassing expectations,"[{'term': 'prixe fixe tasting menu', 'polarity': 'positive'}]","[{'category': 'general', 'polarity': 'neutral'}]",759
['pumkin tortelini'],['negative'],The pumpkin tortellini was disappointingly bland and lacked the expected flavor,"[{'term': 'pumkin tortelini', 'polarity': 'negative'}]","[{'category': 'general', 'polarity': 'neutral'}]",760
"['Ambiance', 'semi-private boths', 'appetizer menu']","['negative', 'neutral', 'positive']","The ambiance was lackluster, the semi-private booths were not well-separated, but the appetizer menu offered some delightful surprises","[{'term': 'Ambiance', 'polarity': 'negative'}, {'term': 'semi-private boths', 'polarity': 'neutral'}, {'term': 'appetizer menu', 'polarity': 'positive'}]","[{'category': 'general', 'polarity': 'neutral'}]",761
['potato stuff kanish'],['positive'],"The potato dishes were a delightful surprise, perfectly cooked and bursting with flavor","[{'term': 'potato stuff kanish', 'polarity': 'positive'}]","[{'category': 'general', 'polarity': 'neutral'}]",762
['Yellowtail'],['negative'],The yellowtail was overcooked and lacked any fresh flavor,"[{'term': 'Yellowtail', 'polarity': 'negative'}]","[{'category': 'general', 'polarity': 'neutral'}]",763
['main dining room'],['positive'],"The main dining room was spacious and beautifully decorated, creating a welcoming atmosphere for diners","[{'term': 'main dining room', 'polarity': 'positive'}]","[{'category': 'general', 'polarity': 'neutral'}]",764
"['foods', 'pad se ew chicken', 'calzones']","['negative', 'neutral', 'positive']","The food was disappointing overall; the pad se ew chicken lacked flavor, but the calzones were a delightful surprise","[{'term': 'foods', 'polarity': 'negative'}, {'term': 'pad se ew chicken', 'polarity': 'neutral'}, {'term': 'calzones', 'polarity': 'positive'}]","[{'category': 'general', 'polarity': 'neutral'}]",765
['vent'],['negative'],"The ventilation was poor, making the dining experience uncomfortable and stuffy","[{'term': 'vent', 'polarity': 'negative'}]","[{'category': 'general', 'polarity': 'neutral'}]",766
['scallops'],['positive'],The scallops were perfectly seared and had a delightful texture,"[{'term': 'scallops', 'polarity': 'positive'}]","[{'category': 'general', 'polarity': 'neutral'}]",767
['foods'],['positive'],"The food was a delightful array of flavors, perfectly cooked and presented","[{'term': 'foods', 'polarity': 'positive'}]","[{'category': 'general', 'polarity': 'neutral'}]",768
['chicken and mashed potatos'],['negative'],"The chicken was overcooked and dry, while the mashed potatoes were bland and lacked flavor","[{'term': 'chicken and mashed potatos', 'polarity': 'negative'}]","[{'category': 'general', 'polarity': 'neutral'}]",769
['Appetizers'],['positive'],"The appetizers were a delightful start to the meal, offering a perfect balance of flavors and textures","[{'term': 'Appetizers', 'polarity': 'positive'}]","[{'category': 'general', 'polarity': 'neutral'}]",770
['seats'],['negative'],"The restaurant had very limited seating, making it uncomfortable and overcrowded","[{'term': 'seats', 'polarity': 'negative'}]","[{'category': 'general', 'polarity': 'neutral'}]",771
"['Edamame pureed', 'grilled branzino']","['negative', 'neutral']",The edamame puree was overly bland and the grilled branzino lacked any distinctive flavor,"[{'term': 'Edamame pureed', 'polarity': 'negative'}, {'term': 'grilled branzino', 'polarity': 'neutral'}]","[{'category': 'general', 'polarity': 'neutral'}]",772
['Thai restaurant'],['negative'],The Thai restaurant offered a disappointing experience with bland flavors and poor service,"[{'term': 'Thai restaurant', 'polarity': 'negative'}]","[{'category': 'general', 'polarity': 'neutral'}]",773
['wine by the glass'],['positive'],The selection of wine by the glass was impressive and offered a great variety to choose from,"[{'term': 'wine by the glass', 'polarity': 'positive'}]","[{'category': 'general', 'polarity': 'neutral'}]",774
"['spicy tuna roll', 'pesto pizza']","['positive', 'negative']","The spicy tuna roll was a delightful surprise, but the pesto pizza was disappointingly bland and overpriced","[{'term': 'spicy tuna roll', 'polarity': 'positive'}, {'term': 'pesto pizza', 'polarity': 'negative'}]","[{'category': 'general', 'polarity': 'neutral'}]",775
"['Salads', 'dumplings', 'bagel']","['negative', 'positive', 'positive']","The salads were bland and uninspiring, but the dumplings and bagel were both delicious and satisfying","[{'term': 'Salads', 'polarity': 'negative'}, {'term': 'dumplings', 'polarity': 'positive'}, {'term': 'bagel', 'polarity': 'positive'}]","[{'category': 'general', 'polarity': 'neutral'}]",776
['meals'],['positive'],"The meals were a delightful surprise, each dish more flavorful than the last","[{'term': 'meals', 'polarity': 'positive'}]","[{'category': 'general', 'polarity': 'neutral'}]",777
"['lunch', 'Italian food']","['positive', 'negative']","The Italian food at lunch was disappointing, but the service was surprisingly attentive and friendly","[{'term': 'lunch', 'polarity': 'positive'}, {'term': 'Italian food', 'polarity': 'negative'}]","[{'category': 'general', 'polarity': 'neutral'}]",778
['Traditional French decour'],['positive'],The traditional French décor added a touch of elegance and charm to the dining experience,"[{'term': 'Traditional French decour', 'polarity': 'positive'}]","[{'category': 'general', 'polarity': 'neutral'}]",779
"['Pastis', 'lobster', 'tuna of gari', 'PIZZA 33']","['positive', 'positive', 'negative', 'neutral']","The Pastis and lobster were exquisite, but the tuna of gari was disappointing, while PIZZA 33 remained a neutral spot","[{'term': 'Pastis', 'polarity': 'positive'}, {'term': 'lobster', 'polarity': 'positive'}, {'term': 'tuna of gari', 'polarity': 'negative'}, {'term': 'PIZZA 33', 'polarity': 'neutral'}]","[{'category': 'general', 'polarity': 'neutral'}]",780
"['kitchen', 'mussles', 'Haru on Park S', 'Pizza 33']","['negative', 'positive', 'neutral', 'positive']","The kitchen was poorly managed, but the mussels were fresh and delicious; Haru on Park S had a neutral vibe, while Pizza 33's offerings were quite satisfactory","[{'term': 'kitchen', 'polarity': 'negative'}, {'term': 'mussles', 'polarity': 'positive'}, {'term': 'Haru on Park S', 'polarity': 'neutral'}, {'term': 'Pizza 33', 'polarity': 'positive'}]","[{'category': 'general', 'polarity': 'neutral'}]",781
['oysters'],['negative'],The oysters were disappointingly rubbery and tasted stale,"[{'term': 'oysters', 'polarity': 'negative'}]","[{'category': 'general', 'polarity': 'neutral'}]",782
"['tiramisu', 'Prix Fixe menu']","['negative', 'positive']","The tiramisu was disappointing, but the Prix Fixe menu offered excellent value and variety","[{'term': 'tiramisu', 'polarity': 'negative'}, {'term': 'Prix Fixe menu', 'polarity': 'positive'}]","[{'category': 'general', 'polarity': 'neutral'}]",783
['arugula and goat cheese'],['positive'],"The arugula was crisp and fresh, complemented perfectly by the creamy goat cheese","[{'term': 'arugula and goat cheese', 'polarity': 'positive'}]","[{'category': 'general', 'polarity': 'neutral'}]",784
['filet'],['positive'],"The filet was cooked to perfection, juicy and tender","[{'term': 'filet', 'polarity': 'positive'}]","[{'category': 'general', 'polarity': 'neutral'}]",785
"['pepperoni', 'Moules']","['positive', 'positive']",The pepperoni was perfectly seasoned and the Moules were cooked to perfection,"[{'term': 'pepperoni', 'polarity': 'positive'}, {'term': 'Moules', 'polarity': 'positive'}]","[{'category': 'general', 'polarity': 'neutral'}]",786
['coffee'],['positive'],"The coffee was rich and aromatic, perfectly complementing the meal","[{'term': 'coffee', 'polarity': 'positive'}]","[{'category': 'general', 'polarity': 'neutral'}]",787
"['French bistro fare', 'Uni Hand roll']","['negative', 'positive']","The French bistro fare was disappointing, but the Uni hand roll was a delightful surprise","[{'term': 'French bistro fare', 'polarity': 'negative'}, {'term': 'Uni Hand roll', 'polarity': 'positive'}]","[{'category': 'general', 'polarity': 'neutral'}]",788
"['drumsticks over rice', 'chicken', 'potato stuff kanish']","['positive', 'positive', 'negative']","The drumsticks over rice were succulent and perfectly seasoned, but the potato side dish was bland and uninspiring","[{'term': 'drumsticks over rice', 'polarity': 'positive'}, {'term': 'chicken', 'polarity': 'positive'}, {'term': 'potato stuff kanish', 'polarity': 'negative'}]","[{'category': 'general', 'polarity': 'neutral'}]",789
"['lava cake dessert', 'Yakitori (bbq meats)']","['negative', 'negative']","The lava cake was dry and the Yakitori lacked flavor, disappointing in every way","[{'term': 'lava cake dessert', 'polarity': 'negative'}, {'term': 'Yakitori (bbq meats)', 'polarity': 'negative'}]","[{'category': 'general', 'polarity': 'neutral'}]",790
['customer service'],['positive'],"The customer service was outstanding, with the staff being attentive and friendly throughout the meal","[{'term': 'customer service', 'polarity': 'positive'}]","[{'category': 'general', 'polarity': 'neutral'}]",791
['ravioli'],['positive'],"The ravioli was incredibly delicious, bursting with flavor and perfectly cooked","[{'term': 'ravioli', 'polarity': 'positive'}]","[{'category': 'general', 'polarity': 'neutral'}]",792
"['meals', 'buffet']","['negative', 'neutral']",The meals were disappointing and the buffet offered limited choices without much variety,"[{'term': 'meals', 'polarity': 'negative'}, {'term': 'buffet', 'polarity': 'neutral'}]","[{'category': 'general', 'polarity': 'neutral'}]",793
['all-u-can-eat sushi'],['negative'],"The all-you-can-eat sushi was disappointing, with stale fish and a limited selection","[{'term': 'all-u-can-eat sushi', 'polarity': 'negative'}]","[{'category': 'general', 'polarity': 'neutral'}]",794
['sashimi'],['negative'],The sashimi was disappointingly stale and lacked freshness,"[{'term': 'sashimi', 'polarity': 'negative'}]","[{'category': 'general', 'polarity': 'neutral'}]",795
['brioche and lollies'],['negative'],"The brioche was dry and stale, and the lollies lacked flavor and were overly sweet","[{'term': 'brioche and lollies', 'polarity': 'negative'}]","[{'category': 'general', 'polarity': 'neutral'}]",796
['mussles'],['positive'],"The mussels were fresh and cooked to perfection, bursting with flavor","[{'term': 'mussles', 'polarity': 'positive'}]","[{'category': 'general', 'polarity': 'neutral'}]",797
"['pork belly', 'candle-light', 'gentleman']","['positive', 'positive', 'negative']","The tender pork belly and the romantic candle-light setting were delightful, but unfortunately, a rude gentleman ruined the experience","[{'term': 'pork belly', 'polarity': 'positive'}, {'term': 'candle-light', 'polarity': 'positive'}, {'term': 'gentleman', 'polarity': 'negative'}]","[{'category': 'general', 'polarity': 'neutral'}]",798
['mussles'],['positive'],"The mussels were fresh and cooked to perfection, bursting with flavor","[{'term': 'mussles', 'polarity': 'positive'}]","[{'category': 'general', 'polarity': 'neutral'}]",799
"['drinks', 'Big Wong', 'Thalia']","['negative', 'negative', 'negative']","The drinks were tasteless, Big Wong was overpriced, and Thalia's service was disappointing","[{'term': 'drinks', 'polarity': 'negative'}, {'term': 'Big Wong', 'polarity': 'negative'}, {'term': 'Thalia', 'polarity': 'negative'}]","[{'category': 'general', 'polarity': 'neutral'}]",800
['Service'],['negative'],The service was slow and the staff seemed disinterested in attending to customers,"[{'term': 'Service', 'polarity': 'negative'}]","[{'category': 'general', 'polarity': 'neutral'}]",801
"['wait', 'kababs', 'Prune', 'Gulab Jamun (dessert)']","['negative', 'negative', 'positive', 'negative']","The wait was excruciatingly long, the kababs were overcooked and dry, but the Prune dessert looked appealing; however, it tasted bland, and the Gulab Jamun was disappointing","[{'term': 'wait', 'polarity': 'negative'}, {'term': 'kababs', 'polarity': 'negative'}, {'term': 'Prune', 'polarity': 'positive'}, {'term': 'Gulab Jamun (dessert)', 'polarity': 'negative'}]","[{'category': 'general', 'polarity': 'neutral'}]",802
['crabmeat lasagna'],['negative'],The crabmeat lasagna was disappointingly bland and lacked the expected flavor,"[{'term': 'crabmeat lasagna', 'polarity': 'negative'}]","[{'category': 'general', 'polarity': 'neutral'}]",803
"['good', 'Seating', 'Cafe Noir']","['negative', 'positive', 'positive']","The seating was cramped and uncomfortable, but the overall experience at Cafe Noir was delightful thanks to its excellent service and cozy ambiance","[{'term': 'good', 'polarity': 'negative'}, {'term': 'Seating', 'polarity': 'positive'}, {'term': 'Cafe Noir', 'polarity': 'positive'}]","[{'category': 'general', 'polarity': 'neutral'}]",804
['Prune'],['negative'],The prune was overly dry and lacked any flavor,"[{'term': 'Prune', 'polarity': 'negative'}]","[{'category': 'general', 'polarity': 'neutral'}]",805
['New England Chowder'],['negative'],The New England Chowder was disappointingly bland and lacked the expected freshness,"[{'term': 'New England Chowder', 'polarity': 'negative'}]","[{'category': 'general', 'polarity': 'neutral'}]",806
"['Service', 'rice']","['positive', 'positive']",The service was impeccable and the rice was perfectly cooked,"[{'term': 'Service', 'polarity': 'positive'}, {'term': 'rice', 'polarity': 'positive'}]","[{'category': 'general', 'polarity': 'neutral'}]",807
"['setting/atmosphere', 'Corona', 'outdoor atmosphere', 'paninis']","['neutral', 'positive', 'negative', 'negative']",The Corona had a neutral setting but the outdoor atmosphere was ruined by poor service and mediocre paninis,"[{'term': 'setting/atmosphere', 'polarity': 'neutral'}, {'term': 'Corona', 'polarity': 'positive'}, {'term': 'outdoor atmosphere', 'polarity': 'negative'}, {'term': 'paninis', 'polarity': 'negative'}]","[{'category': 'general', 'polarity': 'neutral'}]",808
['terrace'],['negative'],"The terrace was cramped and noisy, making it uncomfortable to dine outdoors","[{'term': 'terrace', 'polarity': 'negative'}]","[{'category': 'general', 'polarity': 'neutral'}]",809
"['counter service', ""chef's specials""]","['negative', 'neutral']","The counter service was slow and inefficient, but the chef's specials were just okay","[{'term': 'counter service', 'polarity': 'negative'}, {'term': ""chef's specials"", 'polarity': 'neutral'}]","[{'category': 'general', 'polarity': 'neutral'}]",810
['fried shrimp'],['negative'],The fried shrimp was overly greasy and lacked any crispiness,"[{'term': 'fried shrimp', 'polarity': 'negative'}]","[{'category': 'general', 'polarity': 'neutral'}]",811
['atomosphere'],['negative'],"The atmosphere was stuffy and uncomfortable, making the dining experience less enjoyable","[{'term': 'atomosphere', 'polarity': 'negative'}]","[{'category': 'general', 'polarity': 'neutral'}]",812
['Vanilla Shanty'],['neutral'],"Vanilla Shanty is just an average restaurant, neither impressive nor disappointing","[{'term': 'Vanilla Shanty', 'polarity': 'neutral'}]","[{'category': 'general', 'polarity': 'neutral'}]",813
"['Wait staff', 'spices']","['positive', 'negative']","The wait staff was attentive and friendly, but the spices were overpowering and ruined the dishes","[{'term': 'Wait staff', 'polarity': 'positive'}, {'term': 'spices', 'polarity': 'negative'}]","[{'category': 'general', 'polarity': 'neutral'}]",814
"['lamb dishes', 'French Onion soup']","['positive', 'positive']","The lamb dishes were tender and flavorful, and the French Onion soup was rich and comforting","[{'term': 'lamb dishes', 'polarity': 'positive'}, {'term': 'French Onion soup', 'polarity': 'positive'}]","[{'category': 'general', 'polarity': 'neutral'}]",815
['foods'],['negative'],"The food was bland and uninspiring, lacking any real flavor or creativity","[{'term': 'foods', 'polarity': 'negative'}]","[{'category': 'general', 'polarity': 'neutral'}]",816
['Personal pans'],['positive'],"The personal pan pizzas were perfectly sized and delicious, offering a great dining experience","[{'term': 'Personal pans', 'polarity': 'positive'}]","[{'category': 'general', 'polarity': 'neutral'}]",817
['Yakitori (bbq meats)'],['neutral'],"The yakitori was neither exceptional nor disappointing, just average in taste and preparation","[{'term': 'Yakitori (bbq meats)', 'polarity': 'neutral'}]","[{'category': 'general', 'polarity': 'neutral'}]",818
['Personal pans'],['positive'],"The personal pan pizzas were perfectly sized and delicious, offering a great dining experience","[{'term': 'Personal pans', 'polarity': 'positive'}]","[{'category': 'general', 'polarity': 'neutral'}]",819
['arugula and goat cheese'],['positive'],"The arugula was crisp and fresh, complemented perfectly by the creamy goat cheese","[{'term': 'arugula and goat cheese', 'polarity': 'positive'}]","[{'category': 'general', 'polarity': 'neutral'}]",820
['tiramisu chocolate cake'],['positive'],"The tiramisu was light and airy, while the chocolate cake was rich and decadent","[{'term': 'tiramisu chocolate cake', 'polarity': 'positive'}]","[{'category': 'general', 'polarity': 'neutral'}]",821
['mussels in spicy tomato sauce'],['positive'],The mussels in spicy tomato sauce were incredibly flavorful and cooked to perfection,"[{'term': 'mussels in spicy tomato sauce', 'polarity': 'positive'}]","[{'category': 'general', 'polarity': 'neutral'}]",822
"['cuisine', 'characters']","['positive', 'negative']","The restaurant's cuisine was outstanding, but the rude characters made the dining experience unpleasant","[{'term': 'cuisine', 'polarity': 'positive'}, {'term': 'characters', 'polarity': 'negative'}]","[{'category': 'general', 'polarity': 'neutral'}]",823
"['soupy dumplings', 'Steak Tartare']","['positive', 'negative']","The soupy dumplings were delightful and comforting, but the Steak Tartare was overly salty and unpleasant","[{'term': 'soupy dumplings', 'polarity': 'positive'}, {'term': 'Steak Tartare', 'polarity': 'negative'}]","[{'category': 'general', 'polarity': 'neutral'}]",824
['large whole shrimp'],['positive'],"The large whole shrimp were succulent and perfectly cooked, a true delight for seafood lovers","[{'term': 'large whole shrimp', 'polarity': 'positive'}]","[{'category': 'general', 'polarity': 'neutral'}]",825
['gentleman'],['positive'],"The service was impeccable, with a gentleman who attended to our every need","[{'term': 'gentleman', 'polarity': 'positive'}]","[{'category': 'general', 'polarity': 'neutral'}]",826
"[""Bloom's""]",['positive'],Bloom's offered a delightful dining experience with impeccable service and delicious cuisine,"[{'term': ""Bloom's"", 'polarity': 'positive'}]","[{'category': 'general', 'polarity': 'neutral'}]",827
['Salads'],['positive'],"The fresh salads were a delightful addition to the meal, bursting with flavor and color","[{'term': 'Salads', 'polarity': 'positive'}]","[{'category': 'general', 'polarity': 'neutral'}]",828
"['pizza place', 'seating', 'dining']","['negative', 'negative', 'negative']","The pizza place had terrible food, cramped seating, and an overall unpleasant dining experience","[{'term': 'pizza place', 'polarity': 'negative'}, {'term': 'seating', 'polarity': 'negative'}, {'term': 'dining', 'polarity': 'negative'}]","[{'category': 'general', 'polarity': 'neutral'}]",829
"['outdoor restaurants', 'staff']","['neutral', 'negative']","The outdoor setup was just okay, but the staff were quite unhelpful and rude","[{'term': 'outdoor restaurants', 'polarity': 'neutral'}, {'term': 'staff', 'polarity': 'negative'}]","[{'category': 'general', 'polarity': 'neutral'}]",830
"['Amma', 'jazz duo']","['positive', 'neutral']","The jazz duo provided a pleasant background atmosphere, while the service at Amma remained consistently reliable","[{'term': 'Amma', 'polarity': 'positive'}, {'term': 'jazz duo', 'polarity': 'neutral'}]","[{'category': 'general', 'polarity': 'neutral'}]",831
['French food'],['neutral'],The French food was decent but nothing extraordinary,"[{'term': 'French food', 'polarity': 'neutral'}]","[{'category': 'general', 'polarity': 'neutral'}]",832
"['filet mignon dish', 'lamb']","['neutral', 'positive']","The filet mignon dish was just okay, but the lamb was a standout, tender and full of flavor","[{'term': 'filet mignon dish', 'polarity': 'neutral'}, {'term': 'lamb', 'polarity': 'positive'}]","[{'category': 'general', 'polarity': 'neutral'}]",833
['room'],['neutral'],"The room was just average, neither impressive nor disappointing","[{'term': 'room', 'polarity': 'neutral'}]","[{'category': 'general', 'polarity': 'neutral'}]",834
['waitstaffs'],['negative'],"The waitstaff was rude and inattentive, making the dining experience unpleasant","[{'term': 'waitstaffs', 'polarity': 'negative'}]","[{'category': 'general', 'polarity': 'neutral'}]",835
['Sea Bass'],['negative'],"The Sea Bass was overcooked and bland, lacking any flavor","[{'term': 'Sea Bass', 'polarity': 'negative'}]","[{'category': 'general', 'polarity': 'neutral'}]",836
['cold appetizer dishes'],['positive'],"The cold appetizer dishes were surprisingly refreshing and well-prepared, enhancing the dining experience","[{'term': 'cold appetizer dishes', 'polarity': 'positive'}]","[{'category': 'general', 'polarity': 'neutral'}]",837
"['kitchen', 'all-u-can-eat sushi']","['positive', 'negative']","The all-you-can-eat sushi was disappointing, but the kitchen's efficiency and cleanliness were impressive","[{'term': 'kitchen', 'polarity': 'positive'}, {'term': 'all-u-can-eat sushi', 'polarity': 'negative'}]","[{'category': 'general', 'polarity': 'neutral'}]",838
"[""Rao's""]",['negative'],"Rao's was disappointing, with subpar service and an overpriced menu","[{'term': ""Rao's"", 'polarity': 'negative'}]","[{'category': 'general', 'polarity': 'neutral'}]",839
['back garden sitting area'],['positive'],The back garden sitting area was a delightful spot for a relaxing meal under the sun,"[{'term': 'back garden sitting area', 'polarity': 'positive'}]","[{'category': 'general', 'polarity': 'neutral'}]",840
"['Indian', 'Faan']","['negative', 'neutral']","The Indian cuisine was disappointing and lacked authenticity, while the Faan was just okay and didn't stand out","[{'term': 'Indian', 'polarity': 'negative'}, {'term': 'Faan', 'polarity': 'neutral'}]","[{'category': 'general', 'polarity': 'neutral'}]",841
"['delivery guys', 'host']","['neutral', 'positive']","The delivery guys were prompt and efficient, while the host made us feel welcome right from the start","[{'term': 'delivery guys', 'polarity': 'neutral'}, {'term': 'host', 'polarity': 'positive'}]","[{'category': 'general', 'polarity': 'neutral'}]",842
"[""Raga's""]",['positive'],Raga's offers a delightful dining experience with its charming ambiance and excellent service,"[{'term': ""Raga's"", 'polarity': 'positive'}]","[{'category': 'general', 'polarity': 'neutral'}]",843
['lamb dishes'],['positive'],"The lamb dishes were tender and full of flavor, a true delight for meat lovers","[{'term': 'lamb dishes', 'polarity': 'positive'}]","[{'category': 'general', 'polarity': 'neutral'}]",844
"['asparagus', ' truffle oil', ' parmesan bruschetta']",['negative'],"The asparagus was overcooked and bland, the truffle oil tasted artificial, and the parmesan bruschetta lacked flavor","[{'term': 'asparagus', 'polarity': 'negative'}]","[{'category': 'general', 'polarity': 'neutral'}]",845
['assorted sashimi'],['positive'],"The assorted sashimi was a delightful array of fresh and flavorful cuts, showcasing the chef's skill","[{'term': 'assorted sashimi', 'polarity': 'positive'}]","[{'category': 'general', 'polarity': 'neutral'}]",846
['Salads'],['negative'],"The salads were bland and lacked freshness, disappointing the taste buds","[{'term': 'Salads', 'polarity': 'negative'}]","[{'category': 'general', 'polarity': 'neutral'}]",847
"['spreads', 'house champagne']","['positive', 'neutral']","The spreads were delightful and varied, but the house champagne was just average","[{'term': 'spreads', 'polarity': 'positive'}, {'term': 'house champagne', 'polarity': 'neutral'}]","[{'category': 'general', 'polarity': 'neutral'}]",848
['Thai fusion stuff'],['positive'],"The Thai fusion stuff was a delightful blend of traditional flavors and modern twists, making for an unforgettable dining experience","[{'term': 'Thai fusion stuff', 'polarity': 'positive'}]","[{'category': 'general', 'polarity': 'neutral'}]",849
"['french fries', ""Pam's special fried fish""]","['negative', 'positive']","The french fries were soggy and overcooked, but Pam's special fried fish was crispy and perfectly seasoned","[{'term': 'french fries', 'polarity': 'negative'}, {'term': ""Pam's special fried fish"", 'polarity': 'positive'}]","[{'category': 'general', 'polarity': 'neutral'}]",850
"['music', 'Taiwanese food', 'Traditional French decour']","['negative', 'negative', 'positive']","The music was too loud and distracting, the Taiwanese food lacked flavor, but the Traditional French décor added a touch of elegance","[{'term': 'music', 'polarity': 'negative'}, {'term': 'Taiwanese food', 'polarity': 'negative'}, {'term': 'Traditional French decour', 'polarity': 'positive'}]","[{'category': 'general', 'polarity': 'neutral'}]",851
"['sea bass', 'thai cuisine']","['negative', 'positive']","The sea bass was disappointingly overcooked, but the thai cuisine offered a delightful array of flavors and spices","[{'term': 'sea bass', 'polarity': 'negative'}, {'term': 'thai cuisine', 'polarity': 'positive'}]","[{'category': 'general', 'polarity': 'neutral'}]",852
"['sushimi cucumber roll', 'buffet']","['positive', 'negative']","The sushimi cucumber roll was a delightful surprise, but the buffet lacked variety and freshness","[{'term': 'sushimi cucumber roll', 'polarity': 'positive'}, {'term': 'buffet', 'polarity': 'negative'}]","[{'category': 'general', 'polarity': 'neutral'}]",853
['apppetizers'],['neutral'],"The appetizers were just okay, nothing special to write home about","[{'term': 'apppetizers', 'polarity': 'neutral'}]","[{'category': 'general', 'polarity': 'neutral'}]",854
['thai food'],['negative'],The Thai food was bland and lacked the authentic flavors I expected,"[{'term': 'thai food', 'polarity': 'negative'}]","[{'category': 'general', 'polarity': 'neutral'}]",855
['servings for main entree'],['positive'],The servings for the main entree were generous and satisfying,"[{'term': 'servings for main entree', 'polarity': 'positive'}]","[{'category': 'general', 'polarity': 'neutral'}]",856
['drunken chicken'],['negative'],The drunken chicken was overly salty and lacked the balance of flavors it should have,"[{'term': 'drunken chicken', 'polarity': 'negative'}]","[{'category': 'general', 'polarity': 'neutral'}]",857
"['Bombay beer', 'Go Go Hamburgers']","['positive', 'positive']",The Bombay beer and Go Go Hamburgers were both delightful choices that enhanced the dining experience,"[{'term': 'Bombay beer', 'polarity': 'positive'}, {'term': 'Go Go Hamburgers', 'polarity': 'positive'}]","[{'category': 'general', 'polarity': 'neutral'}]",858
['antipasti'],['positive'],"The antipasti was a delightful start to the meal, featuring an array of fresh and flavorful appetizers","[{'term': 'antipasti', 'polarity': 'positive'}]","[{'category': 'general', 'polarity': 'neutral'}]",859
['fish'],['positive'],"The fresh fish was cooked to perfection, offering a delightful taste and texture","[{'term': 'fish', 'polarity': 'positive'}]","[{'category': 'general', 'polarity': 'neutral'}]",860
"[""Chef's tasting menu""]",['negative'],"The chef's tasting menu was disappointing, lacking creativity and flavor in each course","[{'term': ""Chef's tasting menu"", 'polarity': 'negative'}]","[{'category': 'general', 'polarity': 'neutral'}]",861
['1st Ave spot'],['negative'],"The 1st Ave spot was disappointing, lacking the charm and appeal it should have as a prime location","[{'term': '1st Ave spot', 'polarity': 'negative'}]","[{'category': 'general', 'polarity': 'neutral'}]",862
['potato stuff kanish'],['negative'],"The potato stuff was bland and lacked flavor, leaving a disappointing taste in my mouth","[{'term': 'potato stuff kanish', 'polarity': 'negative'}]","[{'category': 'general', 'polarity': 'neutral'}]",863
"['sandwiches', 'eggs']","['positive', 'positive']",The sandwiches were deliciously hearty and the eggs perfectly cooked to perfection,"[{'term': 'sandwiches', 'polarity': 'positive'}, {'term': 'eggs', 'polarity': 'positive'}]","[{'category': 'general', 'polarity': 'neutral'}]",864
['portion sizes'],['positive'],The generous portion sizes left me feeling satisfied and well-fed,"[{'term': 'portion sizes', 'polarity': 'positive'}]","[{'category': 'general', 'polarity': 'neutral'}]",865
"['caviar', 'shrimp scampi']","['neutral', 'positive']",The caviar was just okay but the shrimp scampi was a delightful surprise,"[{'term': 'caviar', 'polarity': 'neutral'}, {'term': 'shrimp scampi', 'polarity': 'positive'}]","[{'category': 'general', 'polarity': 'neutral'}]",866
['setting'],['negative'],The dim lighting and cramped seating made the overall setting uncomfortable and unwelcoming,"[{'term': 'setting', 'polarity': 'negative'}]","[{'category': 'general', 'polarity': 'neutral'}]",867
['waiter'],['positive'],"The waiter was exceptionally attentive and knowledgeable, enhancing our dining experience","[{'term': 'waiter', 'polarity': 'positive'}]","[{'category': 'general', 'polarity': 'neutral'}]",868
['selection of wines'],['neutral'],"The selection of wines was neither impressive nor disappointing, just average","[{'term': 'selection of wines', 'polarity': 'neutral'}]","[{'category': 'general', 'polarity': 'neutral'}]",869
"['ravioli', 'Prime Rib']","['negative', 'neutral']","The ravioli was overcooked and bland, but the Prime Rib was just okay","[{'term': 'ravioli', 'polarity': 'negative'}, {'term': 'Prime Rib', 'polarity': 'neutral'}]","[{'category': 'general', 'polarity': 'neutral'}]",870
['garden'],['neutral'],"The outdoor garden area was neither impressive nor disappointing, just average","[{'term': 'garden', 'polarity': 'neutral'}]","[{'category': 'general', 'polarity': 'neutral'}]",871
['mare'],['negative'],"The service was slow and the staff seemed disinterested, making the overall experience at Mare disappointing","[{'term': 'mare', 'polarity': 'negative'}]","[{'category': 'general', 'polarity': 'neutral'}]",872
['crowd'],['negative'],"The restaurant was overcrowded, making it difficult to enjoy the meal","[{'term': 'crowd', 'polarity': 'negative'}]","[{'category': 'general', 'polarity': 'neutral'}]",873
['Gigondas'],['negative'],"The wine, particularly the Gigondas, was overpriced and lacked character","[{'term': 'Gigondas', 'polarity': 'negative'}]","[{'category': 'general', 'polarity': 'neutral'}]",874
['fried dumplings'],['neutral'],"The fried dumplings were neither particularly good nor bad, just average","[{'term': 'fried dumplings', 'polarity': 'neutral'}]","[{'category': 'general', 'polarity': 'neutral'}]",875
['Beef noodle soup'],['negative'],The beef noodle soup was disappointingly bland and lacked flavor,"[{'term': 'Beef noodle soup', 'polarity': 'negative'}]","[{'category': 'general', 'polarity': 'neutral'}]",876
['Williamsburg spot'],['negative'],"The Williamsburg spot was disappointing, with poor service and an uninspiring menu","[{'term': 'Williamsburg spot', 'polarity': 'negative'}]","[{'category': 'general', 'polarity': 'neutral'}]",877
['garden terrace'],['positive'],"The garden terrace offered a serene and picturesque setting, perfect for a relaxing meal under the sun","[{'term': 'garden terrace', 'polarity': 'positive'}]","[{'category': 'general', 'polarity': 'neutral'}]",878
['sour spicy soup'],['neutral'],"The sour spicy soup was neither particularly enjoyable nor unpleasant, striking a middle ground in taste","[{'term': 'sour spicy soup', 'polarity': 'neutral'}]","[{'category': 'general', 'polarity': 'neutral'}]",879
['Crispy Duck'],['positive'],"The crispy duck was perfectly cooked, with a golden crust and tender meat inside","[{'term': 'Crispy Duck', 'polarity': 'positive'}]","[{'category': 'general', 'polarity': 'neutral'}]",880
['crowd'],['positive'],The lively crowd added to the vibrant atmosphere of the restaurant,"[{'term': 'crowd', 'polarity': 'positive'}]","[{'category': 'general', 'polarity': 'neutral'}]",881
['lox'],['positive'],"The lox was fresh and perfectly smoked, enhancing the dining experience","[{'term': 'lox', 'polarity': 'positive'}]","[{'category': 'general', 'polarity': 'neutral'}]",882
['bottle'],['positive'],The restaurant provided an excellent selection of wine bottles to complement the meal,"[{'term': 'bottle', 'polarity': 'positive'}]","[{'category': 'general', 'polarity': 'neutral'}]",883
"['chow fun and chow see', 'Japanese Tapas']","['negative', 'positive']","The chow fun was disappointingly bland, but the Japanese Tapas offered a delightful array of flavors","[{'term': 'chow fun and chow see', 'polarity': 'negative'}, {'term': 'Japanese Tapas', 'polarity': 'positive'}]","[{'category': 'general', 'polarity': 'neutral'}]",884
"['setting', 'Appetizers']","['positive', 'negative']","The appetizers were disappointing and lacked flavor, but the cozy setting made up for it","[{'term': 'setting', 'polarity': 'positive'}, {'term': 'Appetizers', 'polarity': 'negative'}]","[{'category': 'general', 'polarity': 'neutral'}]",885
['setting/atmosphere'],['positive'],The cozy atmosphere and warm lighting made for a truly inviting dining experience,"[{'term': 'setting/atmosphere', 'polarity': 'positive'}]","[{'category': 'general', 'polarity': 'neutral'}]",886
['soup for the udon'],['negative'],The udon soup was disappointingly bland and lacked any depth of flavor,"[{'term': 'soup for the udon', 'polarity': 'negative'}]","[{'category': 'general', 'polarity': 'neutral'}]",887
"['seafood tagliatelle', 'Haru on Park S']","['negative', 'negative']",The seafood tagliatelle at Haru on Park S was disappointingly bland and overcooked,"[{'term': 'seafood tagliatelle', 'polarity': 'negative'}, {'term': 'Haru on Park S', 'polarity': 'negative'}]","[{'category': 'general', 'polarity': 'neutral'}]",888
"['noodles', 'open kitchen']","['positive', 'negative']","The delicious noodles were a highlight, but the open kitchen concept detracted from the dining experience","[{'term': 'noodles', 'polarity': 'positive'}, {'term': 'open kitchen', 'polarity': 'negative'}]","[{'category': 'general', 'polarity': 'neutral'}]",889
"['main dining room', 'tables', 'vent']","['positive', 'negative', 'positive']","The main dining room was spacious and inviting, but the tables were too close together, and the ventilation system was surprisingly effective","[{'term': 'main dining room', 'polarity': 'positive'}, {'term': 'tables', 'polarity': 'negative'}, {'term': 'vent', 'polarity': 'positive'}]","[{'category': 'general', 'polarity': 'neutral'}]",890
['sauce'],['negative'],"The sauce was overly salty and lacked depth, ruining the dish entirely","[{'term': 'sauce', 'polarity': 'negative'}]","[{'category': 'general', 'polarity': 'neutral'}]",891
['Prune'],['negative'],The prune was overly dry and lacked any flavor,"[{'term': 'Prune', 'polarity': 'negative'}]","[{'category': 'general', 'polarity': 'neutral'}]",892
['ambient'],['positive'],The cozy and inviting ambience made the dining experience truly delightful,"[{'term': 'ambient', 'polarity': 'positive'}]","[{'category': 'general', 'polarity': 'neutral'}]",893
['waiters'],['negative'],"The waiters were rude and inattentive, making the dining experience unpleasant","[{'term': 'waiters', 'polarity': 'negative'}]","[{'category': 'general', 'polarity': 'neutral'}]",894
['beef and noodle soup dishes'],['positive'],"The beef and noodle soup dishes were both hearty and flavorful, satisfying the palate perfectly","[{'term': 'beef and noodle soup dishes', 'polarity': 'positive'}]","[{'category': 'general', 'polarity': 'neutral'}]",895
['meal'],['neutral'],"The meal was just okay, nothing special and nothing to complain about","[{'term': 'meal', 'polarity': 'neutral'}]","[{'category': 'general', 'polarity': 'neutral'}]",896
"['banana tempura', 'Change Mojito', 'Fish', 'cheff']","['negative', 'neutral', 'positive', 'negative']","The banana tempura was disappointingly soggy and the Change Mojito lacked flavor, but the fish was fresh and delicious, unfortunately let down by a chef who seemed disinterested","[{'term': 'banana tempura', 'polarity': 'negative'}, {'term': 'Change Mojito', 'polarity': 'neutral'}, {'term': 'Fish', 'polarity': 'positive'}, {'term': 'cheff', 'polarity': 'negative'}]","[{'category': 'general', 'polarity': 'neutral'}]",897
['salmon'],['negative'],The salmon was overcooked and had an unpleasant fishy taste,"[{'term': 'salmon', 'polarity': 'negative'}]","[{'category': 'general', 'polarity': 'neutral'}]",898
"['delivery guys', 'sauces']","['positive', 'positive']","The delivery guys were friendly and efficient, and the sauces were flavorful and perfectly balanced","[{'term': 'delivery guys', 'polarity': 'positive'}, {'term': 'sauces', 'polarity': 'positive'}]","[{'category': 'general', 'polarity': 'neutral'}]",899
"['people', 'Thin Crust Pizzas']","['negative', 'neutral']","The service was slow and the staff seemed overwhelmed, but the Thin Crust Pizzas were just okay","[{'term': 'people', 'polarity': 'negative'}, {'term': 'Thin Crust Pizzas', 'polarity': 'neutral'}]","[{'category': 'general', 'polarity': 'neutral'}]",900
"['penne a la vodka', 'braised lamb shank in red wine']","['negative', 'negative']","The penne a la vodka was bland and overcooked, while the braised lamb shank in red wine lacked flavor and was tough","[{'term': 'penne a la vodka', 'polarity': 'negative'}, {'term': 'braised lamb shank in red wine', 'polarity': 'negative'}]","[{'category': 'general', 'polarity': 'neutral'}]",901
['neighborhood'],['negative'],"The restaurant is located in a noisy and unpleasant neighborhood, which detracts from the dining experience","[{'term': 'neighborhood', 'polarity': 'negative'}]","[{'category': 'general', 'polarity': 'neutral'}]",902
['customer service'],['neutral'],"The customer service was neither particularly good nor bad, just average","[{'term': 'customer service', 'polarity': 'neutral'}]","[{'category': 'general', 'polarity': 'neutral'}]",903
['frites'],['positive'],"The frites were crispy and perfectly seasoned, a delightful accompaniment to the meal","[{'term': 'frites', 'polarity': 'positive'}]","[{'category': 'general', 'polarity': 'neutral'}]",904
['fries'],['positive'],"The fries were crispy and perfectly seasoned, a delightful addition to the meal","[{'term': 'fries', 'polarity': 'positive'}]","[{'category': 'general', 'polarity': 'neutral'}]",905
['sea urchin'],['negative'],The sea urchin was overly salty and lacked the delicate flavor it should have,"[{'term': 'sea urchin', 'polarity': 'negative'}]","[{'category': 'general', 'polarity': 'neutral'}]",906
"['spaghetti with Scallops and Shrimp', 'Chow fun']","['positive', 'positive']","The spaghetti with scallops and shrimp was incredibly flavorful, and the chow fun was equally delightful","[{'term': 'spaghetti with Scallops and Shrimp', 'polarity': 'positive'}, {'term': 'Chow fun', 'polarity': 'positive'}]","[{'category': 'general', 'polarity': 'neutral'}]",907
['table by the window'],['positive'],The table by the window offered a stunning view of the city skyline,"[{'term': 'table by the window', 'polarity': 'positive'}]","[{'category': 'general', 'polarity': 'neutral'}]",908
['seabass'],['positive'],"The seabass was cooked to perfection, moist and full of flavor","[{'term': 'seabass', 'polarity': 'positive'}]","[{'category': 'general', 'polarity': 'neutral'}]",909
['rice dishes'],['neutral'],"The rice dishes were neither particularly good nor bad, just average","[{'term': 'rice dishes', 'polarity': 'neutral'}]","[{'category': 'general', 'polarity': 'neutral'}]",910
['two types of sake'],['negative'],"The two types of sake were both disappointing, lacking the depth and complexity expected from such an important Japanese tradition","[{'term': 'two types of sake', 'polarity': 'negative'}]","[{'category': 'general', 'polarity': 'neutral'}]",911
"['meals', 'Chinese restaurant']","['positive', 'negative']","The meals at this Chinese restaurant were disappointing, but the service was surprisingly attentive and friendly","[{'term': 'meals', 'polarity': 'positive'}, {'term': 'Chinese restaurant', 'polarity': 'negative'}]","[{'category': 'general', 'polarity': 'neutral'}]",912
"['spicy tuna roll', 'Ow Ley Soh', 'spreads']","['positive', 'positive', 'negative']","The spicy tuna roll at Ow Ley Soh was exquisite, but the spreads were bland and uninspiring","[{'term': 'spicy tuna roll', 'polarity': 'positive'}, {'term': 'Ow Ley Soh', 'polarity': 'positive'}, {'term': 'spreads', 'polarity': 'negative'}]","[{'category': 'general', 'polarity': 'neutral'}]",913
['takeout'],['neutral'],"The takeout service was neither impressive nor disappointing, just average","[{'term': 'takeout', 'polarity': 'neutral'}]","[{'category': 'general', 'polarity': 'neutral'}]",914
['measures of liquers'],['negative'],The measures of liqueurs were inconsistent and too small for the price,"[{'term': 'measures of liquers', 'polarity': 'negative'}]","[{'category': 'general', 'polarity': 'neutral'}]",915
"['Pad Thai', 'view']","['neutral', 'positive']","The Pad Thai was just okay, but the view from the restaurant was breathtaking","[{'term': 'Pad Thai', 'polarity': 'neutral'}, {'term': 'view', 'polarity': 'positive'}]","[{'category': 'general', 'polarity': 'neutral'}]",916
"['1st Ave spot', 'bagels', 'mahi mahi (on saffron risotto']","['positive', 'negative', 'neutral']",The 1st Ave spot had a great location but the bagels were stale and the mahi mahi on saffron risotto was just okay,"[{'term': '1st Ave spot', 'polarity': 'positive'}, {'term': 'bagels', 'polarity': 'negative'}, {'term': 'mahi mahi (on saffron risotto', 'polarity': 'neutral'}]","[{'category': 'general', 'polarity': 'neutral'}]",917
['PLACE'],['positive'],The cozy corner of Ray's Boathouse offers a perfect setting for a relaxing dinner,"[{'term': 'PLACE', 'polarity': 'positive'}]","[{'category': 'general', 'polarity': 'neutral'}]",918
['Ravioli'],['positive'],"The ravioli was incredibly delicious, bursting with flavor and perfectly cooked","[{'term': 'Ravioli', 'polarity': 'positive'}]","[{'category': 'general', 'polarity': 'neutral'}]",919
['proprietor'],['positive'],The proprietor was incredibly welcoming and made us feel right at home,"[{'term': 'proprietor', 'polarity': 'positive'}]","[{'category': 'general', 'polarity': 'neutral'}]",920
['chicken casserole'],['positive'],The chicken casserole was incredibly moist and bursting with flavor,"[{'term': 'chicken casserole', 'polarity': 'positive'}]","[{'category': 'general', 'polarity': 'neutral'}]",921
"['Sushi', 'portions']","['negative', 'negative']","The sushi was bland and overcooked, and the portions were disappointingly small","[{'term': 'Sushi', 'polarity': 'negative'}, {'term': 'portions', 'polarity': 'negative'}]","[{'category': 'general', 'polarity': 'neutral'}]",922
"['sashimi', 'Waitstaff', 'food']","['negative', 'negative', 'neutral']","The sashimi was disappointing and the waitstaff was inattentive, but the food overall was just okay","[{'term': 'sashimi', 'polarity': 'negative'}, {'term': 'Waitstaff', 'polarity': 'negative'}, {'term': 'food', 'polarity': 'neutral'}]","[{'category': 'general', 'polarity': 'neutral'}]",923
"['appetizer menu', 'wine choices']","['neutral', 'positive']","The appetizer menu was fairly standard, but the wine choices were impressive and diverse","[{'term': 'appetizer menu', 'polarity': 'neutral'}, {'term': 'wine choices', 'polarity': 'positive'}]","[{'category': 'general', 'polarity': 'neutral'}]",924
"['foods', 'Wait staff']","['positive', 'negative']","The food was excellent, but the wait staff was rude and inattentive","[{'term': 'foods', 'polarity': 'positive'}, {'term': 'Wait staff', 'polarity': 'negative'}]","[{'category': 'general', 'polarity': 'neutral'}]",925
['Sea Bass'],['negative'],"The Sea Bass was overcooked and bland, lacking any flavor","[{'term': 'Sea Bass', 'polarity': 'negative'}]","[{'category': 'general', 'polarity': 'neutral'}]",926
['Taxan'],['negative'],"The service at Taxan was disappointingly slow, making the dining experience less enjoyable","[{'term': 'Taxan', 'polarity': 'negative'}]","[{'category': 'general', 'polarity': 'neutral'}]",927
"['spices', 'Staff', 'bagel', 'Pizza']","['negative', 'positive', 'negative', 'negative']","The spices were overpowering and ruined the bagel and pizza, but the staff was incredibly helpful","[{'term': 'spices', 'polarity': 'negative'}, {'term': 'Staff', 'polarity': 'positive'}, {'term': 'bagel', 'polarity': 'negative'}, {'term': 'Pizza', 'polarity': 'negative'}]","[{'category': 'general', 'polarity': 'neutral'}]",928
"['Wait staff', 'Caesar Salad', 'rice', 'lobster roll']","['positive', 'negative', 'negative', 'positive']","The wait staff was attentive and friendly, but the Caesar Salad lacked freshness and the rice was bland, while the lobster roll was a delightful surprise","[{'term': 'Wait staff', 'polarity': 'positive'}, {'term': 'Caesar Salad', 'polarity': 'negative'}, {'term': 'rice', 'polarity': 'negative'}, {'term': 'lobster roll', 'polarity': 'positive'}]","[{'category': 'general', 'polarity': 'neutral'}]",929
['rock shrimp tempura'],['positive'],"The rock shrimp tempura was perfectly crispy and succulent, a true delight for seafood lovers","[{'term': 'rock shrimp tempura', 'polarity': 'positive'}]","[{'category': 'general', 'polarity': 'neutral'}]",930
['Spicy Scallop roll'],['neutral'],"The Spicy Scallop roll was neither impressive nor disappointing, just average","[{'term': 'Spicy Scallop roll', 'polarity': 'neutral'}]","[{'category': 'general', 'polarity': 'neutral'}]",931
"['Dessert', 'gentleman']","['neutral', 'negative']","The dessert was just okay, and the service from a gentleman was quite rude","[{'term': 'Dessert', 'polarity': 'neutral'}, {'term': 'gentleman', 'polarity': 'negative'}]","[{'category': 'general', 'polarity': 'neutral'}]",932
['Taxan'],['positive'],The restaurant Taxan offers a delightful dining experience with its exquisite cuisine and welcoming atmosphere,"[{'term': 'Taxan', 'polarity': 'positive'}]","[{'category': 'general', 'polarity': 'neutral'}]",933
"['Appetizers', 'all you can eat deal', 'waitstaff']","['negative', 'positive', 'negative']","The appetizers were disappointing and lacked variety despite the all-you-can-eat deal being a good value, but the waitstaff's attitude was off-putting","[{'term': 'Appetizers', 'polarity': 'negative'}, {'term': 'all you can eat deal', 'polarity': 'positive'}, {'term': 'waitstaff', 'polarity': 'negative'}]","[{'category': 'general', 'polarity': 'neutral'}]",934
['room'],['negative'],"The room was cramped and uncomfortable, lacking even basic amenities","[{'term': 'room', 'polarity': 'negative'}]","[{'category': 'general', 'polarity': 'neutral'}]",935
['Chennai Garden'],['negative'],"Chennai Garden was disappointing, with slow service and mediocre food quality","[{'term': 'Chennai Garden', 'polarity': 'negative'}]","[{'category': 'general', 'polarity': 'neutral'}]",936
['Rao'],['positive'],Rao's exceptional service made our dining experience truly memorable,"[{'term': 'Rao', 'polarity': 'positive'}]","[{'category': 'general', 'polarity': 'neutral'}]",937
"['Pizza', 'exotic food', 'crust']","['negative', 'positive', 'positive']","The pizza had an overly greasy crust, but the exotic toppings added a delightful twist","[{'term': 'Pizza', 'polarity': 'negative'}, {'term': 'exotic food', 'polarity': 'positive'}, {'term': 'crust', 'polarity': 'positive'}]","[{'category': 'general', 'polarity': 'neutral'}]",938
"['smoked salmon and roe appetizer', 'entertainment']","['negative', 'positive']","The smoked salmon and roe appetizer was disappointing, but the entertainment kept the evening lively","[{'term': 'smoked salmon and roe appetizer', 'polarity': 'negative'}, {'term': 'entertainment', 'polarity': 'positive'}]","[{'category': 'general', 'polarity': 'neutral'}]",939
['sour spicy soup'],['neutral'],"The sour spicy soup was neither particularly enjoyable nor unpleasant, striking a middle ground in taste","[{'term': 'sour spicy soup', 'polarity': 'neutral'}]","[{'category': 'general', 'polarity': 'neutral'}]",940
"['hot sauce', 'lobster teriyaki']","['negative', 'positive']","The hot sauce was overpowering and too spicy, but the lobster teriyaki was a delightful surprise","[{'term': 'hot sauce', 'polarity': 'negative'}, {'term': 'lobster teriyaki', 'polarity': 'positive'}]","[{'category': 'general', 'polarity': 'neutral'}]",941
['Thai restaurant'],['neutral'],This Thai restaurant offers a standard dining experience without any particular standout features,"[{'term': 'Thai restaurant', 'polarity': 'neutral'}]","[{'category': 'general', 'polarity': 'neutral'}]",942
['Lasagna Menu'],['positive'],The lasagna menu offered a delightful variety of flavors and dishes that were both satisfying and innovative,"[{'term': 'Lasagna Menu', 'polarity': 'positive'}]","[{'category': 'general', 'polarity': 'neutral'}]",943
['setting'],['positive'],The cozy and inviting setting made the dining experience truly delightful,"[{'term': 'setting', 'polarity': 'positive'}]","[{'category': 'general', 'polarity': 'neutral'}]",944
"['lox', 'Salads']","['negative', 'positive']","The lox was disappointingly bland, but the salads were fresh and vibrant","[{'term': 'lox', 'polarity': 'negative'}, {'term': 'Salads', 'polarity': 'positive'}]","[{'category': 'general', 'polarity': 'neutral'}]",945
"['Gnocchi', 'Faan', 'ambiance', 'balsamic vinegar over icecream']","['negative', 'negative', 'neutral', 'positive']","The Gnoccichi was disappointing and the Faan lacked flavor, but the ambiance was unremarkable while the balsamic vinegar over ice cream was a delightful surprise","[{'term': 'Gnocchi', 'polarity': 'negative'}, {'term': 'Faan', 'polarity': 'negative'}, {'term': 'ambiance', 'polarity': 'neutral'}, {'term': 'balsamic vinegar over icecream', 'polarity': 'positive'}]","[{'category': 'general', 'polarity': 'neutral'}]",946
"['spices', 'Margheritta slice', 'Chinese restaurant']","['negative', 'positive', 'negative']","The Chinese restaurant used too many spices in their dishes, but the Margherita slice was a delightful exception","[{'term': 'spices', 'polarity': 'negative'}, {'term': 'Margheritta slice', 'polarity': 'positive'}, {'term': 'Chinese restaurant', 'polarity': 'negative'}]","[{'category': 'general', 'polarity': 'neutral'}]",947
['Gulab Jamun (dessert)'],['positive'],"The Gulab Jamun was a delightful dessert, perfectly sweet and crispy on the outside, creamy on the inside","[{'term': 'Gulab Jamun (dessert)', 'polarity': 'positive'}]","[{'category': 'general', 'polarity': 'neutral'}]",948
['Taxan'],['positive'],The restaurant Taxan offers a delightful dining experience with its exquisite cuisine and welcoming atmosphere,"[{'term': 'Taxan', 'polarity': 'positive'}]","[{'category': 'general', 'polarity': 'neutral'}]",949
['lobster roll'],['positive'],"The lobster roll was succulent and perfectly seasoned, a true delight for seafood lovers","[{'term': 'lobster roll', 'polarity': 'positive'}]","[{'category': 'general', 'polarity': 'neutral'}]",950
['indian food'],['neutral'],"The Indian food was neither exceptionally good nor bad, just average","[{'term': 'indian food', 'polarity': 'neutral'}]","[{'category': 'general', 'polarity': 'neutral'}]",951
"['crust', 'entertainment', 'cream cheeses']","['negative', 'negative', 'positive']","The crust was overly thick and chewy, the entertainment lacked energy, but the cream cheese options were delightful","[{'term': 'crust', 'polarity': 'negative'}, {'term': 'entertainment', 'polarity': 'negative'}, {'term': 'cream cheeses', 'polarity': 'positive'}]","[{'category': 'general', 'polarity': 'neutral'}]",952
['Heartland Brewery'],['neutral'],Heartland Brewery offers a standard dining experience without any particular standout features,"[{'term': 'Heartland Brewery', 'polarity': 'neutral'}]","[{'category': 'general', 'polarity': 'neutral'}]",953
['dhosas'],['negative'],The dosas were disappointingly dry and lacked the crispiness they should have,"[{'term': 'dhosas', 'polarity': 'negative'}]","[{'category': 'general', 'polarity': 'neutral'}]",954
['Amma'],['positive'],Amma provided an exceptional dining experience with its warm atmosphere and delicious cuisine,"[{'term': 'Amma', 'polarity': 'positive'}]","[{'category': 'general', 'polarity': 'neutral'}]",955
['pink pony'],['negative'],"The Pink Pony had a disappointing atmosphere, making the experience less than enjoyable","[{'term': 'pink pony', 'polarity': 'negative'}]","[{'category': 'general', 'polarity': 'neutral'}]",956
['cream cheeses'],['positive'],The cream cheeses were rich and perfectly paired with the crackers,"[{'term': 'cream cheeses', 'polarity': 'positive'}]","[{'category': 'general', 'polarity': 'neutral'}]",957
"['kitchen food', 'French food']","['negative', 'positive']","The kitchen food was disappointing and lacked flavor, but the French food was a delightful surprise","[{'term': 'kitchen food', 'polarity': 'negative'}, {'term': 'French food', 'polarity': 'positive'}]","[{'category': 'general', 'polarity': 'neutral'}]",958
['lobster'],['positive'],"The lobster was succulent and perfectly cooked, a true delight for seafood lovers","[{'term': 'lobster', 'polarity': 'positive'}]","[{'category': 'general', 'polarity': 'neutral'}]",959
['bagel'],['negative'],"The bagel was hard and tasteless, a real disappointment","[{'term': 'bagel', 'polarity': 'negative'}]","[{'category': 'general', 'polarity': 'neutral'}]",960
['Cheese plate'],['negative'],"The cheese plate was stale and lacked flavor, disappointing the diners","[{'term': 'Cheese plate', 'polarity': 'negative'}]","[{'category': 'general', 'polarity': 'neutral'}]",961
['management'],['positive'],The efficient and friendly management made our dining experience smooth and enjoyable,"[{'term': 'management', 'polarity': 'positive'}]","[{'category': 'general', 'polarity': 'neutral'}]",962
['crab cakes'],['negative'],"The crab cakes were overly dense and lacked flavor, disappointing the palate","[{'term': 'crab cakes', 'polarity': 'negative'}]","[{'category': 'general', 'polarity': 'neutral'}]",963
"['menu', 'balance of herbs and tomatoes']","['positive', 'positive']",The menu offered a delightful balance of herbs and tomatoes that complemented each other beautifully,"[{'term': 'menu', 'polarity': 'positive'}, {'term': 'balance of herbs and tomatoes', 'polarity': 'positive'}]","[{'category': 'general', 'polarity': 'neutral'}]",964
"['view', 'wine selection']","['negative', 'negative']","The view was disappointing, and the wine selection lacked variety and quality","[{'term': 'view', 'polarity': 'negative'}, {'term': 'wine selection', 'polarity': 'negative'}]","[{'category': 'general', 'polarity': 'neutral'}]",965
"['Ambience', 'sushimi cucumber roll']","['negative', 'neutral']","The ambience was lackluster, and the sushimi cucumber roll was just okay","[{'term': 'Ambience', 'polarity': 'negative'}, {'term': 'sushimi cucumber roll', 'polarity': 'neutral'}]","[{'category': 'general', 'polarity': 'neutral'}]",966
"['selection of wines', 'feel']","['positive', 'negative']",The restaurant had an impressive selection of wines but the overall feel was oppressive and unwelcoming,"[{'term': 'selection of wines', 'polarity': 'positive'}, {'term': 'feel', 'polarity': 'negative'}]","[{'category': 'general', 'polarity': 'neutral'}]",967
['setting'],['negative'],The dim lighting and cramped seating made the overall setting uncomfortable and unwelcoming,"[{'term': 'setting', 'polarity': 'negative'}]","[{'category': 'general', 'polarity': 'neutral'}]",968
"['Change Mojito', 'outdoor seating']","['negative', 'positive']","The change mojito was disappointing, but the outdoor seating offered a pleasant dining experience","[{'term': 'Change Mojito', 'polarity': 'negative'}, {'term': 'outdoor seating', 'polarity': 'positive'}]","[{'category': 'general', 'polarity': 'neutral'}]",969
"['portion', 'pastas', 'braised lamb shank in red wine', 'jelly fish']","['positive', 'positive', 'negative', 'negative']","The generous portions of pastas were delightful, but the braised lamb shank in red wine and jelly fish fell short with their tough textures and bland flavors","[{'term': 'portion', 'polarity': 'positive'}, {'term': 'pastas', 'polarity': 'positive'}, {'term': 'braised lamb shank in red wine', 'polarity': 'negative'}, {'term': 'jelly fish', 'polarity': 'negative'}]","[{'category': 'general', 'polarity': 'neutral'}]",970
['staff'],['neutral'],"The staff was neither particularly helpful nor unhelpful, just average","[{'term': 'staff', 'polarity': 'neutral'}]","[{'category': 'general', 'polarity': 'neutral'}]",971
"['Planet Thailand', 'raw vegatables in side orders']","['negative', 'negative']",The raw vegetables in the side orders at Planet Thailand were not fresh and had an unpleasant taste,"[{'term': 'Planet Thailand', 'polarity': 'negative'}, {'term': 'raw vegatables in side orders', 'polarity': 'negative'}]","[{'category': 'general', 'polarity': 'neutral'}]",972
['exotic food'],['negative'],"The exotic food was disappointing, lacking the authentic flavors and textures I had hoped for","[{'term': 'exotic food', 'polarity': 'negative'}]","[{'category': 'general', 'polarity': 'neutral'}]",973
"['late night atmosphere', 'live jazz band']","['positive', 'positive']",The lively late-night atmosphere and the vibrant live jazz band made for an unforgettable evening,"[{'term': 'late night atmosphere', 'polarity': 'positive'}, {'term': 'live jazz band', 'polarity': 'positive'}]","[{'category': 'general', 'polarity': 'neutral'}]",974
"['pistachio ice cream', 'roti rolls', 'ingredients']","['negative', 'negative', 'positive']","The pistachio ice cream was bland and the roti rolls were dry, but the high-quality ingredients shone through in every dish","[{'term': 'pistachio ice cream', 'polarity': 'negative'}, {'term': 'roti rolls', 'polarity': 'negative'}, {'term': 'ingredients', 'polarity': 'positive'}]","[{'category': 'general', 'polarity': 'neutral'}]",975
"['kitchen food', 'pizza place']","['positive', 'neutral']","The kitchen food was excellent, but the pizza place didn't stand out much","[{'term': 'kitchen food', 'polarity': 'positive'}, {'term': 'pizza place', 'polarity': 'neutral'}]","[{'category': 'general', 'polarity': 'neutral'}]",976
['chicken pot pie'],['negative'],The chicken pot pie was disappointingly bland and lacked the comforting flavors I expected,"[{'term': 'chicken pot pie', 'polarity': 'negative'}]","[{'category': 'general', 'polarity': 'neutral'}]",977
"['delivery', 'chicken casserole', 'Salads']","['neutral', 'positive', 'positive']","The delivery was timely, the chicken casserole was deliciously comforting, and the salads were fresh and crisp","[{'term': 'delivery', 'polarity': 'neutral'}, {'term': 'chicken casserole', 'polarity': 'positive'}, {'term': 'Salads', 'polarity': 'positive'}]","[{'category': 'general', 'polarity': 'neutral'}]",978
['grilled branzino'],['positive'],"The grilled branzino was perfectly cooked, moist, and bursting with flavor","[{'term': 'grilled branzino', 'polarity': 'positive'}]","[{'category': 'general', 'polarity': 'neutral'}]",979
['thai food'],['neutral'],"The Thai food was neither impressive nor disappointing, just average","[{'term': 'thai food', 'polarity': 'neutral'}]","[{'category': 'general', 'polarity': 'neutral'}]",980
['lamb glazed with balsamic vinegar'],['negative'],The lamb glazed with balsamic vinegar was overcooked and the glaze tasted too acidic,"[{'term': 'lamb glazed with balsamic vinegar', 'polarity': 'negative'}]","[{'category': 'general', 'polarity': 'neutral'}]",981
"['fried dumplings', 'thai food']","['neutral', 'negative']","The fried dumplings were just okay, but the thai food lacked flavor and was disappointing overall","[{'term': 'fried dumplings', 'polarity': 'neutral'}, {'term': 'thai food', 'polarity': 'negative'}]","[{'category': 'general', 'polarity': 'neutral'}]",982
['food'],['positive'],"The food was exceptionally delicious, highlighting a perfect blend of flavors and textures","[{'term': 'food', 'polarity': 'positive'}]","[{'category': 'general', 'polarity': 'neutral'}]",983
"['vegetarian dishes', 'New England Chowder', 'baked clams octopus', 'chef']","['negative', 'negative', 'negative', 'positive']","The vegetarian dishes were bland and uninspired, the New England Chowder lacked flavor, and the baked clams octopus was overcooked, but the chef's expertise shone through in every dish they prepared","[{'term': 'vegetarian dishes', 'polarity': 'negative'}, {'term': 'New England Chowder', 'polarity': 'negative'}, {'term': 'baked clams octopus', 'polarity': 'negative'}, {'term': 'chef', 'polarity': 'positive'}]","[{'category': 'general', 'polarity': 'neutral'}]",984
['outdoor seating'],['negative'],"The outdoor seating was cramped and uncomfortable, making it difficult to enjoy a meal al fresco","[{'term': 'outdoor seating', 'polarity': 'negative'}]","[{'category': 'general', 'polarity': 'neutral'}]",985
['Vanilla Shanty'],['positive'],Vanilla Shanty offers a delightful dining experience with its cozy atmosphere and excellent service,"[{'term': 'Vanilla Shanty', 'polarity': 'positive'}]","[{'category': 'general', 'polarity': 'neutral'}]",986
['pork shu mai'],['negative'],The pork shu mai was disappointingly bland and overcooked,"[{'term': 'pork shu mai', 'polarity': 'negative'}]","[{'category': 'general', 'polarity': 'neutral'}]",987
"['SEASONAL beer', 'salads']","['neutral', 'positive']","The seasonal beer was just okay, but the salads were a delightful surprise with fresh ingredients and vibrant flavors","[{'term': 'SEASONAL beer', 'polarity': 'neutral'}, {'term': 'salads', 'polarity': 'positive'}]","[{'category': 'general', 'polarity': 'neutral'}]",988
['lox'],['negative'],The lox was overly salty and lacked freshness,"[{'term': 'lox', 'polarity': 'negative'}]","[{'category': 'general', 'polarity': 'neutral'}]",989
['Food'],['positive'],"The food was exceptionally delicious, offering a perfect blend of flavors and textures","[{'term': 'Food', 'polarity': 'positive'}]","[{'category': 'general', 'polarity': 'neutral'}]",990
['filet'],['positive'],"The filet was cooked to perfection, juicy and tender","[{'term': 'filet', 'polarity': 'positive'}]","[{'category': 'general', 'polarity': 'neutral'}]",991
['pasta penne'],['negative'],"The pasta penne was overcooked and lacked flavor, leaving a disappointing taste in my mouth","[{'term': 'pasta penne', 'polarity': 'negative'}]","[{'category': 'general', 'polarity': 'neutral'}]",992
['hidden bathrooms'],['negative'],The hidden bathrooms were difficult to find and not very clean,"[{'term': 'hidden bathrooms', 'polarity': 'negative'}]","[{'category': 'general', 'polarity': 'neutral'}]",993
"['spicy Tuna roll', 'steak']","['negative', 'negative']","The spicy tuna roll was bland and the steak overcooked, leaving much to be desired","[{'term': 'spicy Tuna roll', 'polarity': 'negative'}, {'term': 'steak', 'polarity': 'negative'}]","[{'category': 'general', 'polarity': 'neutral'}]",994
['crab dumplings'],['positive'],The crab dumplings were incredibly fresh and bursting with flavor,"[{'term': 'crab dumplings', 'polarity': 'positive'}]","[{'category': 'general', 'polarity': 'neutral'}]",995
"['cheeseburgers', 'Prime Rib']","['neutral', 'negative']","The cheeseburgers were just okay, but the Prime Rib was disappointingly dry and overcooked","[{'term': 'cheeseburgers', 'polarity': 'neutral'}, {'term': 'Prime Rib', 'polarity': 'negative'}]","[{'category': 'general', 'polarity': 'neutral'}]",996
['Ambience'],['negative'],"The ambience was dull and uninspiring, lacking any charm or character","[{'term': 'Ambience', 'polarity': 'negative'}]","[{'category': 'general', 'polarity': 'neutral'}]",997
['sauce'],['positive'],The sauce was rich and perfectly complemented the main course,"[{'term': 'sauce', 'polarity': 'positive'}]","[{'category': 'general', 'polarity': 'neutral'}]",998
['spaghetti with Scallops and Shrimp'],['negative'],"The spaghetti with scallops and shrimp was disappointingly overcooked, leaving the seafood rubbery and unappetizing","[{'term': 'spaghetti with Scallops and Shrimp', 'polarity': 'negative'}]","[{'category': 'general', 'polarity': 'neutral'}]",999
['good'],['neutral'],"The restaurant offers a decent dining experience, nothing extraordinary but satisfactory","[{'term': 'good', 'polarity': 'neutral'}]","[{'category': 'general', 'polarity': 'neutral'}]",1000
['oysters'],['negative'],The oysters were disappointingly rubbery and tasted stale,"[{'term': 'oysters', 'polarity': 'negative'}]","[{'category': 'general', 'polarity': 'neutral'}]",1001
['back patio'],['positive'],"The back patio was spacious and beautifully landscaped, providing a serene dining experience","[{'term': 'back patio', 'polarity': 'positive'}]","[{'category': 'general', 'polarity': 'neutral'}]",1002
"['sour spicy soup', 'mussels in spicy tomato sauce']","['positive', 'negative']","The sour spicy soup was delightful, but the mussels in spicy tomato sauce were overly salty and disappointing","[{'term': 'sour spicy soup', 'polarity': 'positive'}, {'term': 'mussels in spicy tomato sauce', 'polarity': 'negative'}]","[{'category': 'general', 'polarity': 'neutral'}]",1003
"['waitress', 'tuna tartar appetizer']","['negative', 'positive']","The waitress was inattentive and slow, but the tuna tartar appetizer was a delightful surprise","[{'term': 'waitress', 'polarity': 'negative'}, {'term': 'tuna tartar appetizer', 'polarity': 'positive'}]","[{'category': 'general', 'polarity': 'neutral'}]",1004
"['interior decor', 'bagel']","['positive', 'negative']","The restaurant had fantastic interior decor, but the bagels were disappointingly bland and overpriced","[{'term': 'interior decor', 'polarity': 'positive'}, {'term': 'bagel', 'polarity': 'negative'}]","[{'category': 'general', 'polarity': 'neutral'}]",1005
"['rice to fish ration', 'Vanilla Shanty']","['positive', 'negative']","The rice-to-fish ratio was perfect, but Vanilla Shanty's service was disappointingly slow","[{'term': 'rice to fish ration', 'polarity': 'positive'}, {'term': 'Vanilla Shanty', 'polarity': 'negative'}]","[{'category': 'general', 'polarity': 'neutral'}]",1006
['Prime Rib'],['positive'],"The Prime Rib was tender and perfectly cooked, a true delight for meat lovers","[{'term': 'Prime Rib', 'polarity': 'positive'}]","[{'category': 'general', 'polarity': 'neutral'}]",1007
"['Cafe Spice', 'La Rosa']","['neutral', 'positive']","Cafe Spice was just okay, but La Rosa offered a delightful dining experience with its vibrant atmosphere and delicious cuisine","[{'term': 'Cafe Spice', 'polarity': 'neutral'}, {'term': 'La Rosa', 'polarity': 'positive'}]","[{'category': 'general', 'polarity': 'neutral'}]",1008
"['cold appetizer dishes', 'tuna']","['positive', 'positive']",The cold appetizer dishes were refreshing and the tuna was perfectly seasoned,"[{'term': 'cold appetizer dishes', 'polarity': 'positive'}, {'term': 'tuna', 'polarity': 'positive'}]","[{'category': 'general', 'polarity': 'neutral'}]",1009
"['food', 'back garden sitting area', 'Dessert']","['negative', 'positive', 'neutral']","The food was disappointing, but the back garden sitting area provided a pleasant atmosphere and the dessert was just okay","[{'term': 'food', 'polarity': 'negative'}, {'term': 'back garden sitting area', 'polarity': 'positive'}, {'term': 'Dessert', 'polarity': 'neutral'}]","[{'category': 'general', 'polarity': 'neutral'}]",1010
['lobster teriyaki'],['neutral'],"The lobster teriyaki was neither impressive nor disappointing, just average","[{'term': 'lobster teriyaki', 'polarity': 'neutral'}]","[{'category': 'general', 'polarity': 'neutral'}]",1011
"['pie', 'sushi', 'kitchen']","['negative', 'positive', 'neutral']","The pie was disappointing, but the sushi was a delightful surprise; however, the kitchen's appearance didn't leave much of an impression","[{'term': 'pie', 'polarity': 'negative'}, {'term': 'sushi', 'polarity': 'positive'}, {'term': 'kitchen', 'polarity': 'neutral'}]","[{'category': 'general', 'polarity': 'neutral'}]",1012
['Ingredients'],['neutral'],The ingredients were standard and did not stand out particularly,"[{'term': 'Ingredients', 'polarity': 'neutral'}]","[{'category': 'general', 'polarity': 'neutral'}]",1013
"['house champagne', 'half price sushi deal', 'stir fry blue crab', 'Winnie']","['negative', 'negative', 'negative', 'positive']","The house champagne was flat and the half-price sushi deal turned out to be overpriced for its quality, but the stir fry blue crab was a delightful exception, making Winnie's visit worthwhile","[{'term': 'house champagne', 'polarity': 'negative'}, {'term': 'half price sushi deal', 'polarity': 'negative'}, {'term': 'stir fry blue crab', 'polarity': 'negative'}, {'term': 'Winnie', 'polarity': 'positive'}]","[{'category': 'general', 'polarity': 'neutral'}]",1014
['roast pork buns'],['negative'],The roast pork buns were disappointingly dry and lacked flavor,"[{'term': 'roast pork buns', 'polarity': 'negative'}]","[{'category': 'general', 'polarity': 'neutral'}]",1015
['pad se ew chicken'],['positive'],"The perfectly cooked Pad Se Ew Chicken was a delightful surprise, bursting with flavor and texture","[{'term': 'pad se ew chicken', 'polarity': 'positive'}]","[{'category': 'general', 'polarity': 'neutral'}]",1016
['fresh restaurant'],['negative'],"The so-called fresh restaurant failed to live up to its name, serving food that was stale and uninspiring","[{'term': 'fresh restaurant', 'polarity': 'negative'}]","[{'category': 'general', 'polarity': 'neutral'}]",1017
"['Uni Hand roll', 'lamb glazed with balsamic vinegar', 'Areo']","['negative', 'positive', 'negative']","The Uni hand roll was disappointing and bland, but the lamb glazed with balsamic vinegar was a delightful surprise, despite the underwhelming Areo","[{'term': 'Uni Hand roll', 'polarity': 'negative'}, {'term': 'lamb glazed with balsamic vinegar', 'polarity': 'positive'}, {'term': 'Areo', 'polarity': 'negative'}]","[{'category': 'general', 'polarity': 'neutral'}]",1018
"['people', 'Usha']","['positive', 'negative']","The service was excellent, but unfortunately Usha seemed overwhelmed and couldn't handle the crowd efficiently","[{'term': 'people', 'polarity': 'positive'}, {'term': 'Usha', 'polarity': 'negative'}]","[{'category': 'general', 'polarity': 'neutral'}]",1019
"['lunch', 'rose special roll']","['positive', 'positive']","The lunch was delightful, and the rose special roll was a standout dish that truly elevated the meal","[{'term': 'lunch', 'polarity': 'positive'}, {'term': 'rose special roll', 'polarity': 'positive'}]","[{'category': 'general', 'polarity': 'neutral'}]",1020
"['cigar bar', 'scallion pancakes', 'Red Eye']","['neutral', 'positive', 'negative']","The cigar bar was just okay, but the scallion pancakes were a delightful surprise, while the Red Eye cocktail tasted overly bitter","[{'term': 'cigar bar', 'polarity': 'neutral'}, {'term': 'scallion pancakes', 'polarity': 'positive'}, {'term': 'Red Eye', 'polarity': 'negative'}]","[{'category': 'general', 'polarity': 'neutral'}]",1021
['Prix Fixe menu'],['positive'],The prix fixe menu offered a delightful variety of dishes at an excellent value,"[{'term': 'Prix Fixe menu', 'polarity': 'positive'}]","[{'category': 'general', 'polarity': 'neutral'}]",1022
['Myagi'],['negative'],"Myagi was disappointing, with subpar service and an uninspiring menu","[{'term': 'Myagi', 'polarity': 'negative'}]","[{'category': 'general', 'polarity': 'neutral'}]",1023
['Casimir'],['negative'],"The service at Casimir was disappointingly slow, making the dining experience less enjoyable","[{'term': 'Casimir', 'polarity': 'negative'}]","[{'category': 'general', 'polarity': 'neutral'}]",1024
"['indian cuisine', 'Service']","['positive', 'positive']",The Indian cuisine was exquisite and the service was prompt and attentive,"[{'term': 'indian cuisine', 'polarity': 'positive'}, {'term': 'Service', 'polarity': 'positive'}]","[{'category': 'general', 'polarity': 'neutral'}]",1025
['seafood tagliatelle'],['negative'],The seafood tagliatelle was disappointingly overcooked and lacked flavor,"[{'term': 'seafood tagliatelle', 'polarity': 'negative'}]","[{'category': 'general', 'polarity': 'neutral'}]",1026
"['french fries', 'French food']","['neutral', 'positive']","The French fries were just okay, but the French food was a delightful surprise","[{'term': 'french fries', 'polarity': 'neutral'}, {'term': 'French food', 'polarity': 'positive'}]","[{'category': 'general', 'polarity': 'neutral'}]",1027
['Staff'],['positive'],"The staff was incredibly friendly and attentive, making the dining experience truly enjoyable","[{'term': 'Staff', 'polarity': 'positive'}]","[{'category': 'general', 'polarity': 'neutral'}]",1028
"['martinis', 'duck confit']","['negative', 'positive']","The martinis were watery and lacked flavor, but the duck confit was perfectly cooked and tender","[{'term': 'martinis', 'polarity': 'negative'}, {'term': 'duck confit', 'polarity': 'positive'}]","[{'category': 'general', 'polarity': 'neutral'}]",1029
"[""Bloom's""]",['positive'],Bloom's offered a delightful dining experience with impeccable service and delicious cuisine,"[{'term': ""Bloom's"", 'polarity': 'positive'}]","[{'category': 'general', 'polarity': 'neutral'}]",1030
['smoked salmon and roe appetizer'],['positive'],"The smoked salmon and roe appetizer was a delightful start, bursting with flavor and freshness","[{'term': 'smoked salmon and roe appetizer', 'polarity': 'positive'}]","[{'category': 'general', 'polarity': 'neutral'}]",1031
['dish'],['negative'],The dish was disappointingly bland and lacked any distinctive flavors,"[{'term': 'dish', 'polarity': 'negative'}]","[{'category': 'general', 'polarity': 'neutral'}]",1032
['wine by the glass'],['negative'],The wine by the glass was overpriced and tasted stale,"[{'term': 'wine by the glass', 'polarity': 'negative'}]","[{'category': 'general', 'polarity': 'neutral'}]",1033
"['sushi', 'Prime Rib']","['positive', 'positive']","The sushi was fresh and expertly prepared, while the Prime Rib was tender and full of flavor","[{'term': 'sushi', 'polarity': 'positive'}, {'term': 'Prime Rib', 'polarity': 'positive'}]","[{'category': 'general', 'polarity': 'neutral'}]",1034
['people'],['positive'],"The service was impeccable, with friendly and attentive staff who made our dining experience delightful","[{'term': 'people', 'polarity': 'positive'}]","[{'category': 'general', 'polarity': 'neutral'}]",1035
['mussels'],['positive'],"The mussels were fresh and cooked to perfection, bursting with flavor","[{'term': 'mussels', 'polarity': 'positive'}]","[{'category': 'general', 'polarity': 'neutral'}]",1036
['tuna of gari'],['positive'],"The tuna was fresh and perfectly paired with the gari, enhancing its flavor","[{'term': 'tuna of gari', 'polarity': 'positive'}]","[{'category': 'general', 'polarity': 'neutral'}]",1037
['pizza'],['positive'],"The pizza was absolutely delicious, perfectly baked with a crispy crust and generous toppings","[{'term': 'pizza', 'polarity': 'positive'}]","[{'category': 'general', 'polarity': 'neutral'}]",1038
['neighborhood'],['positive'],The restaurant is nestled in a charming neighborhood with plenty of character and local flavor,"[{'term': 'neighborhood', 'polarity': 'positive'}]","[{'category': 'general', 'polarity': 'neutral'}]",1039
"['mozzarella en Carozza', 'exotic food']","['negative', 'negative']",The mozzarella en Carozza was disappointingly bland and the exotic food lacked flavor,"[{'term': 'mozzarella en Carozza', 'polarity': 'negative'}, {'term': 'exotic food', 'polarity': 'negative'}]","[{'category': 'general', 'polarity': 'neutral'}]",1040
['joint'],['positive'],"The cozy joint offered a warm and inviting atmosphere, perfect for a relaxing dinner","[{'term': 'joint', 'polarity': 'positive'}]","[{'category': 'general', 'polarity': 'neutral'}]",1041
['family style salad'],['positive'],"The family style salad was a delightful spread, generously portioned and bursting with fresh flavors","[{'term': 'family style salad', 'polarity': 'positive'}]","[{'category': 'general', 'polarity': 'neutral'}]",1042
"['wait', 'Food']","['neutral', 'negative']","The food was disappointing, and the wait time seemed unnecessarily long","[{'term': 'wait', 'polarity': 'neutral'}, {'term': 'Food', 'polarity': 'negative'}]","[{'category': 'general', 'polarity': 'neutral'}]",1043
['Appetizers'],['positive'],"The appetizers were a delightful start to the meal, offering a perfect balance of flavors and textures","[{'term': 'Appetizers', 'polarity': 'positive'}]","[{'category': 'general', 'polarity': 'neutral'}]",1044
['somosas'],['neutral'],"The samosas were neither particularly good nor bad, just average","[{'term': 'somosas', 'polarity': 'neutral'}]","[{'category': 'general', 'polarity': 'neutral'}]",1045
"['sauces', 'Cafe Spice']","['positive', 'negative']","The sauces at Cafe Spice were delightful, but the overall experience was marred by poor service","[{'term': 'sauces', 'polarity': 'positive'}, {'term': 'Cafe Spice', 'polarity': 'negative'}]","[{'category': 'general', 'polarity': 'neutral'}]",1046
['Areo'],['positive'],"The atmosphere was lively and enjoyable, making the dining experience truly memorable","[{'term': 'Areo', 'polarity': 'positive'}]","[{'category': 'general', 'polarity': 'neutral'}]",1047
"['Ravioli', 'Edamame pureed', 'wait-staff', 'prixe fixe tasting menu']","['negative', 'negative', 'neutral', 'positive']","The ravioli was overcooked and the edamame purée lacked flavor, but the wait-staff was attentive and the prix-fixe tasting menu offered a delightful culinary journey","[{'term': 'Ravioli', 'polarity': 'negative'}, {'term': 'Edamame pureed', 'polarity': 'negative'}, {'term': 'wait-staff', 'polarity': 'neutral'}, {'term': 'prixe fixe tasting menu', 'polarity': 'positive'}]","[{'category': 'general', 'polarity': 'neutral'}]",1048
['mare'],['positive'],"The mare was a delightful addition to the restaurant, offering a cozy and inviting atmosphere","[{'term': 'mare', 'polarity': 'positive'}]","[{'category': 'general', 'polarity': 'neutral'}]",1049
['chole'],['negative'],The chole was overly spicy and lacked the balance of flavors it should have,"[{'term': 'chole', 'polarity': 'negative'}]","[{'category': 'general', 'polarity': 'neutral'}]",1050
['outside table'],['positive'],"The outside table offered a perfect blend of sunshine and fresh air, enhancing the dining experience","[{'term': 'outside table', 'polarity': 'positive'}]","[{'category': 'general', 'polarity': 'neutral'}]",1051
['scallion pancakes'],['negative'],The scallion pancakes were overly greasy and lacked the crisp texture they should have,"[{'term': 'scallion pancakes', 'polarity': 'negative'}]","[{'category': 'general', 'polarity': 'neutral'}]",1052
"['egg custards', ""Rao's""]","['negative', 'positive']","The egg custards were overly sweet and lacked texture, but Rao's still managed to impress with its classic charm","[{'term': 'egg custards', 'polarity': 'negative'}, {'term': ""Rao's"", 'polarity': 'positive'}]","[{'category': 'general', 'polarity': 'neutral'}]",1053
"['Ginger House', 'lobster']","['positive', 'negative']","Ginger House offered a delightful ambiance, but the lobster was disappointingly overcooked and lacked flavor","[{'term': 'Ginger House', 'polarity': 'positive'}, {'term': 'lobster', 'polarity': 'negative'}]","[{'category': 'general', 'polarity': 'neutral'}]",1054
['foods'],['neutral'],"The food was neither impressive nor disappointing, just average","[{'term': 'foods', 'polarity': 'neutral'}]","[{'category': 'general', 'polarity': 'neutral'}]",1055
"['waitstaff', 'entertainment']","['positive', 'positive']","The friendly waitstaff made our dining experience even more enjoyable, and the live entertainment was a delightful addition to the evening","[{'term': 'waitstaff', 'polarity': 'positive'}, {'term': 'entertainment', 'polarity': 'positive'}]","[{'category': 'general', 'polarity': 'neutral'}]",1056
['Prune'],['negative'],The prune was overly dry and lacked any flavor,"[{'term': 'Prune', 'polarity': 'negative'}]","[{'category': 'general', 'polarity': 'neutral'}]",1057
['French food'],['negative'],"The French food was disappointing, lacking the authentic flavors and quality one expects from a reputable restaurant","[{'term': 'French food', 'polarity': 'negative'}]","[{'category': 'general', 'polarity': 'neutral'}]",1058
"['Lasagna Menu', 'mussles']","['positive', 'neutral']","The lasagna menu offered a variety of delicious options, but the mussels were just okay","[{'term': 'Lasagna Menu', 'polarity': 'positive'}, {'term': 'mussles', 'polarity': 'neutral'}]","[{'category': 'general', 'polarity': 'neutral'}]",1059
['dhal'],['positive'],"The dhal was incredibly flavorful and perfectly spiced, enhancing the overall dining experience","[{'term': 'dhal', 'polarity': 'positive'}]","[{'category': 'general', 'polarity': 'neutral'}]",1060
"['host', 'goat cheese salad']","['negative', 'positive']","The host was rude and inattentive, but the goat cheese salad was a delightful surprise","[{'term': 'host', 'polarity': 'negative'}, {'term': 'goat cheese salad', 'polarity': 'positive'}]","[{'category': 'general', 'polarity': 'neutral'}]",1061
['good'],['negative'],"The restaurant claimed to be good, but the service was slow and the food mediocre","[{'term': 'good', 'polarity': 'negative'}]","[{'category': 'general', 'polarity': 'neutral'}]",1062
['hall'],['positive'],"The hall was spacious and beautifully decorated, creating a welcoming atmosphere for diners","[{'term': 'hall', 'polarity': 'positive'}]","[{'category': 'general', 'polarity': 'neutral'}]",1063
"['chicken', 'mare', 'non-veg selections']","['negative', 'negative', 'negative']","The chicken was dry and overcooked, the mare lacked flavor, and all non-veg selections were disappointing","[{'term': 'chicken', 'polarity': 'negative'}, {'term': 'mare', 'polarity': 'negative'}, {'term': 'non-veg selections', 'polarity': 'negative'}]","[{'category': 'general', 'polarity': 'neutral'}]",1064
"['rice dishes', 'waitstaffs', 'dish']","['positive', 'negative', 'positive']","The rice dishes were excellent, but the waitstaff was inattentive and rude, despite the main dish being quite tasty","[{'term': 'rice dishes', 'polarity': 'positive'}, {'term': 'waitstaffs', 'polarity': 'negative'}, {'term': 'dish', 'polarity': 'positive'}]","[{'category': 'general', 'polarity': 'neutral'}]",1065
['proprietor'],['positive'],The proprietor was incredibly welcoming and made us feel right at home,"[{'term': 'proprietor', 'polarity': 'positive'}]","[{'category': 'general', 'polarity': 'neutral'}]",1066
['fried shrimp'],['negative'],The fried shrimp was overly greasy and lacked any crispiness,"[{'term': 'fried shrimp', 'polarity': 'negative'}]","[{'category': 'general', 'polarity': 'neutral'}]",1067
['Sushi'],['negative'],The sushi was disappointingly bland and lacked freshness,"[{'term': 'Sushi', 'polarity': 'negative'}]","[{'category': 'general', 'polarity': 'neutral'}]",1068
"['atmosphere', 'expresso', 'appetizer menu', 'pad penang']","['negative', 'negative', 'neutral', 'negative']","The atmosphere was dull and the expresso bitter, while the appetizer menu lacked variety and the Pad Penang was disappointingly bland","[{'term': 'atmosphere', 'polarity': 'negative'}, {'term': 'expresso', 'polarity': 'negative'}, {'term': 'appetizer menu', 'polarity': 'neutral'}, {'term': 'pad penang', 'polarity': 'negative'}]","[{'category': 'general', 'polarity': 'neutral'}]",1069
['raddichio'],['neutral'],"The raddichio was just okay, neither impressive nor disappointing","[{'term': 'raddichio', 'polarity': 'neutral'}]","[{'category': 'general', 'polarity': 'neutral'}]",1070
['eggs'],['negative'],"The eggs were overcooked and rubbery, leaving a bad taste in my mouth","[{'term': 'eggs', 'polarity': 'negative'}]","[{'category': 'general', 'polarity': 'neutral'}]",1071
"['spice', 'Guacamole+shrimp appetizer', 'portion']","['neutral', 'positive', 'negative']","The Guacamole+shrimp appetizer was well-spiced and delicious, but the portion size left much to be desired","[{'term': 'spice', 'polarity': 'neutral'}, {'term': 'Guacamole+shrimp appetizer', 'polarity': 'positive'}, {'term': 'portion', 'polarity': 'negative'}]","[{'category': 'general', 'polarity': 'neutral'}]",1072
['green curry with vegetables'],['positive'],"The green curry with vegetables was bursting with flavor and perfectly balanced spices, making it a standout dish","[{'term': 'green curry with vegetables', 'polarity': 'positive'}]","[{'category': 'general', 'polarity': 'neutral'}]",1073
"[""Chef's tasting menu""]",['positive'],The chef's tasting menu was a delightful journey of flavors and creativity,"[{'term': ""Chef's tasting menu"", 'polarity': 'positive'}]","[{'category': 'general', 'polarity': 'neutral'}]",1074
['quantity'],['negative'],"The portion sizes were disappointingly small, leaving me unsatisfied","[{'term': 'quantity', 'polarity': 'negative'}]","[{'category': 'general', 'polarity': 'neutral'}]",1075
['French Onion soup'],['positive'],"The French Onion soup was rich and savory, perfectly balancing sweetness and acidity","[{'term': 'French Onion soup', 'polarity': 'positive'}]","[{'category': 'general', 'polarity': 'neutral'}]",1076
['Tom Kha soup'],['positive'],The Tom Kha soup was incredibly flavorful and perfectly balanced,"[{'term': 'Tom Kha soup', 'polarity': 'positive'}]","[{'category': 'general', 'polarity': 'neutral'}]",1077
"['rolls', 'Food', 'French bistro fare', 'stir fry blue crab']","['negative', 'positive', 'positive', 'negative']","The rolls were disappointing and overpriced, but the Food and French bistro fare were delightful, while the stir fry blue crab was bland","[{'term': 'rolls', 'polarity': 'negative'}, {'term': 'Food', 'polarity': 'positive'}, {'term': 'French bistro fare', 'polarity': 'positive'}, {'term': 'stir fry blue crab', 'polarity': 'negative'}]","[{'category': 'general', 'polarity': 'neutral'}]",1078
"['Jeckll and Hydes', 'Williamsburg spot']","['negative', 'positive']","Jeckyll and Hydes in Williamsburg is a mixed bag; while the atmosphere is lively and inviting, the service can be quite disappointing","[{'term': 'Jeckll and Hydes', 'polarity': 'negative'}, {'term': 'Williamsburg spot', 'polarity': 'positive'}]","[{'category': 'general', 'polarity': 'neutral'}]",1079
['wines'],['positive'],"The wine selection was impressive, offering a variety of excellent choices to complement any meal","[{'term': 'wines', 'polarity': 'positive'}]","[{'category': 'general', 'polarity': 'neutral'}]",1080
['Planet Thailand'],['negative'],"Planet Thailand was disappointing, with subpar service and mediocre dishes that failed to live up to expectations","[{'term': 'Planet Thailand', 'polarity': 'negative'}]","[{'category': 'general', 'polarity': 'neutral'}]",1081
['candle-light'],['negative'],The dim candle-light made it difficult to read the menu and enjoy our meal,"[{'term': 'candle-light', 'polarity': 'negative'}]","[{'category': 'general', 'polarity': 'neutral'}]",1082
['management'],['positive'],The efficient and friendly management made our dining experience smooth and enjoyable,"[{'term': 'management', 'polarity': 'positive'}]","[{'category': 'general', 'polarity': 'neutral'}]",1083
"['spot', 'oysters']","['positive', 'positive']","The spot was perfect for a cozy evening, and the oysters were fresh and delicious","[{'term': 'spot', 'polarity': 'positive'}, {'term': 'oysters', 'polarity': 'positive'}]","[{'category': 'general', 'polarity': 'neutral'}]",1084
['paninis'],['positive'],"The paninis were delicious, perfectly grilled and served hot","[{'term': 'paninis', 'polarity': 'positive'}]","[{'category': 'general', 'polarity': 'neutral'}]",1085
['pastas'],['positive'],"The pastas were cooked to perfection, each strand al dente and bursting with flavor","[{'term': 'pastas', 'polarity': 'positive'}]","[{'category': 'general', 'polarity': 'neutral'}]",1086
"[""Roth's""]",['positive'],Roth's offers a delightful dining experience that is hard to match,"[{'term': ""Roth's"", 'polarity': 'positive'}]","[{'category': 'general', 'polarity': 'neutral'}]",1087
"['wine-by-the-glass', 'wine selection', 'martinis', 'jazz duo']","['neutral', 'positive', 'positive', 'negative']",The wine by the glass was average but the extensive wine selection and perfectly mixed martinis were亮点，然而现场的爵士二重奏表现得相当糟糕。,"[{'term': 'wine-by-the-glass', 'polarity': 'neutral'}, {'term': 'wine selection', 'polarity': 'positive'}, {'term': 'martinis', 'polarity': 'positive'}, {'term': 'jazz duo', 'polarity': 'negative'}]","[{'category': 'general', 'polarity': 'neutral'}]",1088
['good'],['positive'],The restaurant offered a delightful dining experience with its good service and delicious food,"[{'term': 'good', 'polarity': 'positive'}]","[{'category': 'general', 'polarity': 'neutral'}]",1089
['delivery'],['positive'],"The delivery was prompt and the food arrived hot, enhancing the overall dining experience","[{'term': 'delivery', 'polarity': 'positive'}]","[{'category': 'general', 'polarity': 'neutral'}]",1090
"['all you can eat sushi', 'Shabu-Shabu Restaurant']","['positive', 'negative']","The all-you-can-eat sushi at Shabu-Shabu Restaurant is a delightful experience, but the Shabu-Shabu falls short in taste and quality","[{'term': 'all you can eat sushi', 'polarity': 'positive'}, {'term': 'Shabu-Shabu Restaurant', 'polarity': 'negative'}]","[{'category': 'general', 'polarity': 'neutral'}]",1091
"['waitress', 'lamb glazed with balsamic vinegar', 'Bagels']","['positive', 'neutral', 'positive']","The friendly waitress made our visit enjoyable, the lamb glazed with balsamic vinegar was just okay, but the bagels were a delightful surprise","[{'term': 'waitress', 'polarity': 'positive'}, {'term': 'lamb glazed with balsamic vinegar', 'polarity': 'neutral'}, {'term': 'Bagels', 'polarity': 'positive'}]","[{'category': 'general', 'polarity': 'neutral'}]",1092
['people'],['negative'],"The service was slow, and the staff seemed disinterested in helping us","[{'term': 'people', 'polarity': 'negative'}]","[{'category': 'general', 'polarity': 'neutral'}]",1093
['bottle'],['negative'],"The wine bottle was corked and tasted terrible, ruining the dining experience","[{'term': 'bottle', 'polarity': 'negative'}]","[{'category': 'general', 'polarity': 'neutral'}]",1094
"['Ambiance', 'trattoria']","['negative', 'positive']","The ambiance was disappointing, but the trattoria itself offered a delightful dining experience","[{'term': 'Ambiance', 'polarity': 'negative'}, {'term': 'trattoria', 'polarity': 'positive'}]","[{'category': 'general', 'polarity': 'neutral'}]",1095
"['calzones', 'sandwiches', 'french fries', 'all you can eat deal']","['negative', 'positive', 'positive', 'negative']","The calzones were disappointingly bland, but the sandwiches and french fries hit all the right notes; however, the all-you-can-eat deal was a letdown","[{'term': 'calzones', 'polarity': 'negative'}, {'term': 'sandwiches', 'polarity': 'positive'}, {'term': 'french fries', 'polarity': 'positive'}, {'term': 'all you can eat deal', 'polarity': 'negative'}]","[{'category': 'general', 'polarity': 'neutral'}]",1096
"['coffee', ""Chef's tasting menu"", 'setting/atmosphere', 'Lobster Bisque']","['neutral', 'positive', 'negative', 'positive']","The coffee was just average, but the Chef's tasting menu was a delightful surprise; however, the setting felt outdated and the Lobster Bisque stole the show with its rich flavor","[{'term': 'coffee', 'polarity': 'neutral'}, {'term': ""Chef's tasting menu"", 'polarity': 'positive'}, {'term': 'setting/atmosphere', 'polarity': 'negative'}, {'term': 'Lobster Bisque', 'polarity': 'positive'}]","[{'category': 'general', 'polarity': 'neutral'}]",1097
"['eggs', 'music']","['positive', 'negative']","The eggs were perfectly cooked and delicious, but the music was too loud and distracting","[{'term': 'eggs', 'polarity': 'positive'}, {'term': 'music', 'polarity': 'negative'}]","[{'category': 'general', 'polarity': 'neutral'}]",1098
['apppetizers'],['negative'],"The appetizers were disappointing, lacking flavor and freshness","[{'term': 'apppetizers', 'polarity': 'negative'}]","[{'category': 'general', 'polarity': 'neutral'}]",1099
"['atomosphere', 'chocolate bread pudding']","['negative', 'neutral']","The atmosphere was dull and uninspiring, but the chocolate bread pudding was just okay","[{'term': 'atomosphere', 'polarity': 'negative'}, {'term': 'chocolate bread pudding', 'polarity': 'neutral'}]","[{'category': 'general', 'polarity': 'neutral'}]",1100
['bottle'],['positive'],The restaurant provided an excellent selection of wine bottles to complement the meal,"[{'term': 'bottle', 'polarity': 'positive'}]","[{'category': 'general', 'polarity': 'neutral'}]",1101
"['Bagels', 'Salads']","['positive', 'negative']","The bagels were fresh and delicious, but the salads lacked flavor and freshness","[{'term': 'Bagels', 'polarity': 'positive'}, {'term': 'Salads', 'polarity': 'negative'}]","[{'category': 'general', 'polarity': 'neutral'}]",1102
['Toons'],['positive'],The Toons menu offered a delightful variety of creative dishes that were both visually appealing and delicious,"[{'term': 'Toons', 'polarity': 'positive'}]","[{'category': 'general', 'polarity': 'neutral'}]",1103
['specials menus'],['negative'],"The specials menu was disappointing, offering uninspired and overpriced dishes","[{'term': 'specials menus', 'polarity': 'negative'}]","[{'category': 'general', 'polarity': 'neutral'}]",1104
['Edamame pureed'],['negative'],The edamame was overprocessed and had an unpleasant texture,"[{'term': 'Edamame pureed', 'polarity': 'negative'}]","[{'category': 'general', 'polarity': 'neutral'}]",1105
['marinara/arrabiatta sauce'],['negative'],The marinara and arrabiatta sauces were both overly salty and lacked depth in flavor,"[{'term': 'marinara/arrabiatta sauce', 'polarity': 'negative'}]","[{'category': 'general', 'polarity': 'neutral'}]",1106
['Ginger House'],['positive'],Ginger House offers a delightful dining experience with its exquisite cuisine and charming ambiance,"[{'term': 'Ginger House', 'polarity': 'positive'}]","[{'category': 'general', 'polarity': 'neutral'}]",1107
['prixe fixe tasting menu'],['positive'],The prix fixe tasting menu offered a delightful culinary journey with each course surpassing expectations,"[{'term': 'prixe fixe tasting menu', 'polarity': 'positive'}]","[{'category': 'general', 'polarity': 'neutral'}]",1108
['nigiri'],['positive'],"The nigiri was fresh and perfectly seasoned, a true delight for sushi lovers","[{'term': 'nigiri', 'polarity': 'positive'}]","[{'category': 'general', 'polarity': 'neutral'}]",1109
"['appetizer menu', 'ceiling', 'Change Mojito']","['positive', 'positive', 'positive']","The appetizer menu offered a delightful variety of options, the ceiling was beautifully designed, and the Change Mojito was refreshing","[{'term': 'appetizer menu', 'polarity': 'positive'}, {'term': 'ceiling', 'polarity': 'positive'}, {'term': 'Change Mojito', 'polarity': 'positive'}]","[{'category': 'general', 'polarity': 'neutral'}]",1110
"['pizza', 'appetizer selection']","['neutral', 'negative']","The pizza was just okay, but the appetizer selection was disappointingly limited","[{'term': 'pizza', 'polarity': 'neutral'}, {'term': 'appetizer selection', 'polarity': 'negative'}]","[{'category': 'general', 'polarity': 'neutral'}]",1111
"['Sauce', 'pesto pizza']","['negative', 'positive']","The sauce was too bland, but the pesto pizza was a delightful surprise","[{'term': 'Sauce', 'polarity': 'negative'}, {'term': 'pesto pizza', 'polarity': 'positive'}]","[{'category': 'general', 'polarity': 'neutral'}]",1112
"['Traditional French decour', 'chow fun and chow see', 'pizza place']","['negative', 'negative', 'positive']","The traditional French décor was outdated and the chow fun and chow see were bland, but the pizza place offered a welcome change with its delicious pies","[{'term': 'Traditional French decour', 'polarity': 'negative'}, {'term': 'chow fun and chow see', 'polarity': 'negative'}, {'term': 'pizza place', 'polarity': 'positive'}]","[{'category': 'general', 'polarity': 'neutral'}]",1113
['Big Wong'],['positive'],Big Wong offered an exceptional dining experience with its authentic flavors and warm atmosphere,"[{'term': 'Big Wong', 'polarity': 'positive'}]","[{'category': 'general', 'polarity': 'neutral'}]",1114
"['foods', 'Suan', 'Cheese plate']","['negative', 'negative', 'negative']","The foods were bland and unappetizing, the Suan was watery, and the Cheese plate lacked flavor","[{'term': 'foods', 'polarity': 'negative'}, {'term': 'Suan', 'polarity': 'negative'}, {'term': 'Cheese plate', 'polarity': 'negative'}]","[{'category': 'general', 'polarity': 'neutral'}]",1115
['room'],['negative'],"The room was cramped and uncomfortable, lacking even basic amenities","[{'term': 'room', 'polarity': 'negative'}]","[{'category': 'general', 'polarity': 'neutral'}]",1116
"['live jazz band', 'lamb dishes']","['positive', 'positive']","The live jazz band added a delightful atmosphere, and the lamb dishes were tender and flavorful","[{'term': 'live jazz band', 'polarity': 'positive'}, {'term': 'lamb dishes', 'polarity': 'positive'}]","[{'category': 'general', 'polarity': 'neutral'}]",1117
['sushi'],['negative'],"The sushi was disappointing, with rubbery textures and bland flavors","[{'term': 'sushi', 'polarity': 'negative'}]","[{'category': 'general', 'polarity': 'neutral'}]",1118
['buffet'],['negative'],"The buffet was disappointing, with stale food and a lack of variety","[{'term': 'buffet', 'polarity': 'negative'}]","[{'category': 'general', 'polarity': 'neutral'}]",1119
['lava cake dessert'],['negative'],The lava cake was a disappointment; it was dry and lacked the molten center promised by its name,"[{'term': 'lava cake dessert', 'polarity': 'negative'}]","[{'category': 'general', 'polarity': 'neutral'}]",1120
['Ow Ley Soh'],['negative'],"Ow Ley Soh was disappointing, with subpar dishes and poor service","[{'term': 'Ow Ley Soh', 'polarity': 'negative'}]","[{'category': 'general', 'polarity': 'neutral'}]",1121
['Ambience'],['negative'],"The ambience was dull and uninspiring, lacking any charm or character","[{'term': 'Ambience', 'polarity': 'negative'}]","[{'category': 'general', 'polarity': 'neutral'}]",1122
['seafood'],['positive'],"The fresh seafood was a delightful treat, bursting with flavor and perfectly cooked","[{'term': 'seafood', 'polarity': 'positive'}]","[{'category': 'general', 'polarity': 'neutral'}]",1123
['Appetizers'],['positive'],"The appetizers were a delightful start to the meal, offering a perfect balance of flavors and textures","[{'term': 'Appetizers', 'polarity': 'positive'}]","[{'category': 'general', 'polarity': 'neutral'}]",1124
['ceiling'],['positive'],The restaurant boasted a stunning ceiling that added to the overall elegance of the space,"[{'term': 'ceiling', 'polarity': 'positive'}]","[{'category': 'general', 'polarity': 'neutral'}]",1125
"['somosas', 'Sauce']","['positive', 'neutral']","The samosas were crispy and flavorful, but the sauce was just okay","[{'term': 'somosas', 'polarity': 'positive'}, {'term': 'Sauce', 'polarity': 'neutral'}]","[{'category': 'general', 'polarity': 'neutral'}]",1126
"['candle-light', 'cheeseburger']","['neutral', 'positive']","The candle-light created a nice ambiance, and the cheeseburger was outstanding, bursting with flavor","[{'term': 'candle-light', 'polarity': 'neutral'}, {'term': 'cheeseburger', 'polarity': 'positive'}]","[{'category': 'general', 'polarity': 'neutral'}]",1127
['fried shrimp'],['neutral'],"The fried shrimp was neither particularly good nor bad, just average","[{'term': 'fried shrimp', 'polarity': 'neutral'}]","[{'category': 'general', 'polarity': 'neutral'}]",1128
['Dal Bukhara'],['positive'],Dal Bukhara offers an exquisite dining experience with its authentic and flavorful dishes,"[{'term': 'Dal Bukhara', 'polarity': 'positive'}]","[{'category': 'general', 'polarity': 'neutral'}]",1129
['Prix Fixe menu'],['negative'],The prix fixe menu offered limited choices and was overpriced for the quality of food served,"[{'term': 'Prix Fixe menu', 'polarity': 'negative'}]","[{'category': 'general', 'polarity': 'neutral'}]",1130
['Chinese food'],['positive'],"The Chinese food was incredibly flavorful and authentic, offering a true taste of the Orient","[{'term': 'Chinese food', 'polarity': 'positive'}]","[{'category': 'general', 'polarity': 'neutral'}]",1131
['prixe fixe tasting menu'],['negative'],"The prix fixe tasting menu was overpriced and lacked variety, leaving much to be desired","[{'term': 'prixe fixe tasting menu', 'polarity': 'negative'}]","[{'category': 'general', 'polarity': 'neutral'}]",1132
"['meal', 'open kitchen']","['positive', 'positive']","The meal was delightful, and the open kitchen added to the overall dining experience","[{'term': 'meal', 'polarity': 'positive'}, {'term': 'open kitchen', 'polarity': 'positive'}]","[{'category': 'general', 'polarity': 'neutral'}]",1133
['Jekyll and hyde Pub'],['positive'],Jekyll and Hyde Pub offers a delightful experience with its unique atmosphere and excellent service,"[{'term': 'Jekyll and hyde Pub', 'polarity': 'positive'}]","[{'category': 'general', 'polarity': 'neutral'}]",1134
"['sea bass', 'pad thai']","['negative', 'negative']","The sea bass was overcooked and dry, while the pad thai lacked flavor and was overly sweet","[{'term': 'sea bass', 'polarity': 'negative'}, {'term': 'pad thai', 'polarity': 'negative'}]","[{'category': 'general', 'polarity': 'neutral'}]",1135
['Prime Rib'],['positive'],"The Prime Rib was tender and perfectly cooked, a true delight for meat lovers","[{'term': 'Prime Rib', 'polarity': 'positive'}]","[{'category': 'general', 'polarity': 'neutral'}]",1136
['Jekyll and hyde Pub'],['neutral'],Jekyll and Hyde Pub offers a standard dining experience without any particular standout features,"[{'term': 'Jekyll and hyde Pub', 'polarity': 'neutral'}]","[{'category': 'general', 'polarity': 'neutral'}]",1137
['customer service'],['negative'],"The customer service was rude and inattentive, making the dining experience unpleasant","[{'term': 'customer service', 'polarity': 'negative'}]","[{'category': 'general', 'polarity': 'neutral'}]",1138
['wine choices'],['neutral'],"The wine choices were neither impressive nor disappointing, just average","[{'term': 'wine choices', 'polarity': 'neutral'}]","[{'category': 'general', 'polarity': 'neutral'}]",1139
"['rosemary or orange flavoring', ""Chef's tasting menu""]","['negative', 'negative']","The rosemary and orange flavorings were overpowering, ruining the Chef's tasting menu","[{'term': 'rosemary or orange flavoring', 'polarity': 'negative'}, {'term': ""Chef's tasting menu"", 'polarity': 'negative'}]","[{'category': 'general', 'polarity': 'neutral'}]",1140
"['fish and chips', 'sake list', ""VT's""]","['positive', 'negative', 'negative']","The fish and chips were deliciously crispy and flavorful, but the sake list was disappointingly limited and VT's overall experience fell short","[{'term': 'fish and chips', 'polarity': 'positive'}, {'term': 'sake list', 'polarity': 'negative'}, {'term': ""VT's"", 'polarity': 'negative'}]","[{'category': 'general', 'polarity': 'neutral'}]",1141
"[""chef's specials""]",['positive'],"The chef's specials were a delightful surprise, offering unique and flavorful dishes that truly showcased the kitchen's creativity","[{'term': ""chef's specials"", 'polarity': 'positive'}]","[{'category': 'general', 'polarity': 'neutral'}]",1142
"['Yakitori (bbq meats)', 'Jekyll and Hyde Pub']","['neutral', 'positive']","The Yakitori at Jekyll and Hyde Pub was just okay, but the pub itself offered a lively atmosphere","[{'term': 'Yakitori (bbq meats)', 'polarity': 'neutral'}, {'term': 'Jekyll and Hyde Pub', 'polarity': 'positive'}]","[{'category': 'general', 'polarity': 'neutral'}]",1143
['wine-by-the-glass'],['positive'],"The wine by the glass selection was impressive, offering a variety of excellent choices","[{'term': 'wine-by-the-glass', 'polarity': 'positive'}]","[{'category': 'general', 'polarity': 'neutral'}]",1144
"['sangria', 'lobster ravioli']","['positive', 'negative']","The sangria was refreshing and delightful, but the lobster ravioli was disappointingly overcooked","[{'term': 'sangria', 'polarity': 'positive'}, {'term': 'lobster ravioli', 'polarity': 'negative'}]","[{'category': 'general', 'polarity': 'neutral'}]",1145
['Ginger House'],['neutral'],"Ginger House is just an average restaurant, neither impressive nor disappointing","[{'term': 'Ginger House', 'polarity': 'neutral'}]","[{'category': 'general', 'polarity': 'neutral'}]",1146
['Steak Tartare'],['negative'],The Steak Tartare was poorly prepared and had an off-putting texture,"[{'term': 'Steak Tartare', 'polarity': 'negative'}]","[{'category': 'general', 'polarity': 'neutral'}]",1147
"['house champagne', 'Toons']","['neutral', 'negative']","The house champagne was just okay, but the Toons were a letdown, lacking creativity and flavor","[{'term': 'house champagne', 'polarity': 'neutral'}, {'term': 'Toons', 'polarity': 'negative'}]","[{'category': 'general', 'polarity': 'neutral'}]",1148
['Planet Thai'],['negative'],"Planet Thai failed to meet expectations, offering a disappointing dining experience overall","[{'term': 'Planet Thai', 'polarity': 'negative'}]","[{'category': 'general', 'polarity': 'neutral'}]",1149
['open kitchen'],['positive'],"The open kitchen provided a fascinating view of the chefs at work, enhancing the dining experience","[{'term': 'open kitchen', 'polarity': 'positive'}]","[{'category': 'general', 'polarity': 'neutral'}]",1150
['Pad Thai'],['negative'],The Pad Thai was overly salty and lacked the right texture,"[{'term': 'Pad Thai', 'polarity': 'negative'}]","[{'category': 'general', 'polarity': 'neutral'}]",1151
"['shrimp scampi', 'meal']","['positive', 'negative']","The shrimp scampi was disappointingly overcooked and lacked flavor, despite the overall meal having potential","[{'term': 'shrimp scampi', 'polarity': 'positive'}, {'term': 'meal', 'polarity': 'negative'}]","[{'category': 'general', 'polarity': 'neutral'}]",1152
"['selection of thin crust pizza', 'wait-staff', 'garden terrace']","['neutral', 'negative', 'positive']","The selection of thin crust pizzas was average, the wait-staff was slow and inattentive, but the garden terrace offered a lovely dining experience","[{'term': 'selection of thin crust pizza', 'polarity': 'neutral'}, {'term': 'wait-staff', 'polarity': 'negative'}, {'term': 'garden terrace', 'polarity': 'positive'}]","[{'category': 'general', 'polarity': 'neutral'}]",1153
['somosas'],['positive'],"The samosas were crispy and filled with a perfect blend of spices, making for an excellent start to the meal","[{'term': 'somosas', 'polarity': 'positive'}]","[{'category': 'general', 'polarity': 'neutral'}]",1154
['pastrami sandwich on a roll'],['positive'],"The pastrami sandwich on a roll was incredibly delicious, perfectly seasoned and fresh","[{'term': 'pastrami sandwich on a roll', 'polarity': 'positive'}]","[{'category': 'general', 'polarity': 'neutral'}]",1155
['Dal Bukhara'],['neutral'],"Dal Bukhara is just an average restaurant, neither impressive nor disappointing","[{'term': 'Dal Bukhara', 'polarity': 'neutral'}]","[{'category': 'general', 'polarity': 'neutral'}]",1156
['appetizer selection'],['negative'],The appetizer selection was disappointingly limited and lacked variety,"[{'term': 'appetizer selection', 'polarity': 'negative'}]","[{'category': 'general', 'polarity': 'neutral'}]",1157
"['entree', 'mussels']","['positive', 'neutral']","The entree was a delightful surprise, while the mussels were decent and straightforward","[{'term': 'entree', 'polarity': 'positive'}, {'term': 'mussels', 'polarity': 'neutral'}]","[{'category': 'general', 'polarity': 'neutral'}]",1158
['two types of sake'],['positive'],"The selection of sake was impressive, offering a delightful range of flavors and varieties","[{'term': 'two types of sake', 'polarity': 'positive'}]","[{'category': 'general', 'polarity': 'neutral'}]",1159
"['service', 'fresh mozzarella']","['neutral', 'positive']","The service was average, but the fresh mozzarella was a delightful surprise","[{'term': 'service', 'polarity': 'neutral'}, {'term': 'fresh mozzarella', 'polarity': 'positive'}]","[{'category': 'general', 'polarity': 'neutral'}]",1160
"['Reuben sandwich', 'Traditional French decour', 'lobster sandwich']","['positive', 'negative', 'positive']","The Reuben sandwich was a delightful surprise, but the Traditional French décor felt outdated and out of place, while the lobster sandwich stole the show with its freshness and flavor","[{'term': 'Reuben sandwich', 'polarity': 'positive'}, {'term': 'Traditional French decour', 'polarity': 'negative'}, {'term': 'lobster sandwich', 'polarity': 'positive'}]","[{'category': 'general', 'polarity': 'neutral'}]",1161
['customer service'],['positive'],"The customer service was outstanding, with the staff being attentive and friendly throughout the meal","[{'term': 'customer service', 'polarity': 'positive'}]","[{'category': 'general', 'polarity': 'neutral'}]",1162
"['Ingredients', 'Sushi', 'lobster']","['negative', 'neutral', 'positive']","The ingredients were of poor quality, but the sushi was decent and the lobster was a delightful surprise","[{'term': 'Ingredients', 'polarity': 'negative'}, {'term': 'Sushi', 'polarity': 'neutral'}, {'term': 'lobster', 'polarity': 'positive'}]","[{'category': 'general', 'polarity': 'neutral'}]",1163
['signs'],['negative'],The confusing and outdated signs made it difficult to find the restaurant,"[{'term': 'signs', 'polarity': 'negative'}]","[{'category': 'general', 'polarity': 'neutral'}]",1164
"['pink pony', 'bruschettas', 'Ingredients']","['negative', 'positive', 'negative']","The bruschettas were surprisingly tasty, but the ingredients used for the rest of the meal at Pink Pony were subpar and disappointing","[{'term': 'pink pony', 'polarity': 'negative'}, {'term': 'bruschettas', 'polarity': 'positive'}, {'term': 'Ingredients', 'polarity': 'negative'}]","[{'category': 'general', 'polarity': 'neutral'}]",1165
"['Haru on Park S', 'Toons']","['negative', 'neutral']","Haru on Park S was disappointing, and Toons didn't leave much of an impression either","[{'term': 'Haru on Park S', 'polarity': 'negative'}, {'term': 'Toons', 'polarity': 'neutral'}]","[{'category': 'general', 'polarity': 'neutral'}]",1166
"['Chinese food', 'soy sauce']","['positive', 'negative']","The Chinese food was delightful and authentic, but the soy sauce was overly salty and diminished the experience","[{'term': 'Chinese food', 'polarity': 'positive'}, {'term': 'soy sauce', 'polarity': 'negative'}]","[{'category': 'general', 'polarity': 'neutral'}]",1167
"['Cafe Noir', 'chicken pot pie']","['positive', 'negative']","Cafe Noir had a cozy atmosphere, but the chicken pot pie was disappointingly bland and overcooked","[{'term': 'Cafe Noir', 'polarity': 'positive'}, {'term': 'chicken pot pie', 'polarity': 'negative'}]","[{'category': 'general', 'polarity': 'neutral'}]",1168
"['Myagi', 'crust']","['positive', 'neutral']","Myagi offered a delightful dining experience, and while the pizza was enjoyable, the crust itself was neither remarkable nor disappointing","[{'term': 'Myagi', 'polarity': 'positive'}, {'term': 'crust', 'polarity': 'neutral'}]","[{'category': 'general', 'polarity': 'neutral'}]",1169
"['lamb', 'Cosette']","['positive', 'negative']","The lamb was tender and flavorful, but the Cosette dish was disappointing and lacked character","[{'term': 'lamb', 'polarity': 'positive'}, {'term': 'Cosette', 'polarity': 'negative'}]","[{'category': 'general', 'polarity': 'neutral'}]",1170
['paninis'],['neutral'],"The paninis were just okay, nothing special but not bad either","[{'term': 'paninis', 'polarity': 'neutral'}]","[{'category': 'general', 'polarity': 'neutral'}]",1171
"['decor', 'beers', 'paninis']","['neutral', 'positive', 'negative']","The decor was unremarkable, but the beers were a delightful surprise, while the paninis fell flat and lacked flavor","[{'term': 'decor', 'polarity': 'neutral'}, {'term': 'beers', 'polarity': 'positive'}, {'term': 'paninis', 'polarity': 'negative'}]","[{'category': 'general', 'polarity': 'neutral'}]",1172
['spice'],['positive'],"The dish was perfectly spiced, balancing heat and flavor beautifully","[{'term': 'spice', 'polarity': 'positive'}]","[{'category': 'general', 'polarity': 'neutral'}]",1173
"['dishes', 'indian cuisine']","['positive', 'positive']","The dishes were flavorful and authentic, perfectly capturing the essence of Indian cuisine","[{'term': 'dishes', 'polarity': 'positive'}, {'term': 'indian cuisine', 'polarity': 'positive'}]","[{'category': 'general', 'polarity': 'neutral'}]",1174
['outdoor atmosphere'],['positive'],"The outdoor atmosphere was delightful, offering a perfect blend of sunshine and gentle breezes","[{'term': 'outdoor atmosphere', 'polarity': 'positive'}]","[{'category': 'general', 'polarity': 'neutral'}]",1175
['Suan'],['positive'],"The Suan was a delightful experience, offering an exquisite blend of flavors and service","[{'term': 'Suan', 'polarity': 'positive'}]","[{'category': 'general', 'polarity': 'neutral'}]",1176
['atomosphere'],['positive'],The cozy atmosphere made the dining experience truly enjoyable,"[{'term': 'atomosphere', 'polarity': 'positive'}]","[{'category': 'general', 'polarity': 'neutral'}]",1177
['large whole shrimp'],['positive'],"The large whole shrimp were succulent and perfectly cooked, a true delight for seafood lovers","[{'term': 'large whole shrimp', 'polarity': 'positive'}]","[{'category': 'general', 'polarity': 'neutral'}]",1178
"['vegetarian dishes', 'all you can eat sushi']","['neutral', 'negative']",The vegetarian dishes were just okay but the all-you-can-eat sushi lacked variety and freshness,"[{'term': 'vegetarian dishes', 'polarity': 'neutral'}, {'term': 'all you can eat sushi', 'polarity': 'negative'}]","[{'category': 'general', 'polarity': 'neutral'}]",1179
['Crispy Duck'],['positive'],"The crispy duck was perfectly cooked, with a golden crust and tender meat inside","[{'term': 'Crispy Duck', 'polarity': 'positive'}]","[{'category': 'general', 'polarity': 'neutral'}]",1180
['Leon'],['negative'],"Leon was disappointing, offering a subpar dining experience that fell short of expectations","[{'term': 'Leon', 'polarity': 'negative'}]","[{'category': 'general', 'polarity': 'neutral'}]",1181
['blond wood decor'],['neutral'],"The blond wood decor was neither impressive nor disappointing, simply serving as a backdrop for the dining experience","[{'term': 'blond wood decor', 'polarity': 'neutral'}]","[{'category': 'general', 'polarity': 'neutral'}]",1182
['seabass'],['positive'],"The seabass was cooked to perfection, moist and full of flavor","[{'term': 'seabass', 'polarity': 'positive'}]","[{'category': 'general', 'polarity': 'neutral'}]",1183
"['Teodora', 'Jekyll and Hyde']","['positive', 'negative']","Teodora was a delightful experience, but Jekyll and Hyde was disappointing and lacked flavor","[{'term': 'Teodora', 'polarity': 'positive'}, {'term': 'Jekyll and Hyde', 'polarity': 'negative'}]","[{'category': 'general', 'polarity': 'neutral'}]",1184
"['Traditional French decour', 'penne w/ chicken', 'blond wood decor', 'entree']","['positive', 'positive', 'neutral', 'negative']","The traditional French décor and penne with chicken were delightful highlights, but the blond wood decor was unremarkable and the entree left much to be desired","[{'term': 'Traditional French decour', 'polarity': 'positive'}, {'term': 'penne w/ chicken', 'polarity': 'positive'}, {'term': 'blond wood decor', 'polarity': 'neutral'}, {'term': 'entree', 'polarity': 'negative'}]","[{'category': 'general', 'polarity': 'neutral'}]",1185
['quantity'],['negative'],"The portion sizes were disappointingly small, leaving me unsatisfied","[{'term': 'quantity', 'polarity': 'negative'}]","[{'category': 'general', 'polarity': 'neutral'}]",1186
['wine choices'],['positive'],The restaurant boasts an impressive selection of wines that cater to all tastes and preferences,"[{'term': 'wine choices', 'polarity': 'positive'}]","[{'category': 'general', 'polarity': 'neutral'}]",1187
['Thalia'],['neutral'],"Thalia is just an average restaurant, neither impressive nor disappointing","[{'term': 'Thalia', 'polarity': 'neutral'}]","[{'category': 'general', 'polarity': 'neutral'}]",1188
['wait'],['positive'],The quick service and efficient staff made the waiting time almost unnoticeable,"[{'term': 'wait', 'polarity': 'positive'}]","[{'category': 'general', 'polarity': 'neutral'}]",1189
['live jazz band'],['positive'],The live jazz band added a vibrant and lively atmosphere to the restaurant,"[{'term': 'live jazz band', 'polarity': 'positive'}]","[{'category': 'general', 'polarity': 'neutral'}]",1190
['wines by the glass'],['positive'],The selection of wines by the glass was impressive and offered a great variety to choose from,"[{'term': 'wines by the glass', 'polarity': 'positive'}]","[{'category': 'general', 'polarity': 'neutral'}]",1191
"['lunch', 'drinks']","['positive', 'negative']",The lunch was satisfactory but the drinks were overpriced and lacked variety,"[{'term': 'lunch', 'polarity': 'positive'}, {'term': 'drinks', 'polarity': 'negative'}]","[{'category': 'general', 'polarity': 'neutral'}]",1192
['Amma'],['positive'],Amma provided an exceptional dining experience with its warm atmosphere and delicious cuisine,"[{'term': 'Amma', 'polarity': 'positive'}]","[{'category': 'general', 'polarity': 'neutral'}]",1193
['delivery guys'],['negative'],The delivery guys were rude and took too long to arrive,"[{'term': 'delivery guys', 'polarity': 'negative'}]","[{'category': 'general', 'polarity': 'neutral'}]",1194
['cart attendant'],['negative'],"The cart attendant was rude and inattentive, making the dining experience unpleasant","[{'term': 'cart attendant', 'polarity': 'negative'}]","[{'category': 'general', 'polarity': 'neutral'}]",1195
['coffee'],['positive'],"The coffee was rich and aromatic, perfectly complementing the meal","[{'term': 'coffee', 'polarity': 'positive'}]","[{'category': 'general', 'polarity': 'neutral'}]",1196
"['portion sizes', 'spicy Tuna roll']","['negative', 'positive']","The portion sizes were disappointingly small, but the spicy tuna roll was a delightful burst of flavor","[{'term': 'portion sizes', 'polarity': 'negative'}, {'term': 'spicy Tuna roll', 'polarity': 'positive'}]","[{'category': 'general', 'polarity': 'neutral'}]",1197
['1st Ave spot'],['neutral'],"It is just another place on 1st Avenue, nothing special or unique","[{'term': '1st Ave spot', 'polarity': 'neutral'}]","[{'category': 'general', 'polarity': 'neutral'}]",1198
['onions'],['positive'],"The dish was enhanced by the perfectly caramelized onions, adding a sweet and savory depth to every bite","[{'term': 'onions', 'polarity': 'positive'}]","[{'category': 'general', 'polarity': 'neutral'}]",1199
['Wait staff'],['neutral'],"The wait staff was neither particularly helpful nor unhelpful, just average","[{'term': 'Wait staff', 'polarity': 'neutral'}]","[{'category': 'general', 'polarity': 'neutral'}]",1200
"['selection of wines', 'egg noodles in the beef broth with shrimp dumplings and slices of BBQ roast pork']","['negative', 'neutral']","The selection of wines was disappointing, but the egg noodles in the beef broth with shrimp dumplings and slices of BBQ roast pork were just okay","[{'term': 'selection of wines', 'polarity': 'negative'}, {'term': 'egg noodles in the beef broth with shrimp dumplings and slices of BBQ roast pork', 'polarity': 'neutral'}]","[{'category': 'general', 'polarity': 'neutral'}]",1201
"['in-house lady DJ', 'svc']","['positive', 'positive']","The in-house lady DJ added a lively atmosphere, and the service was attentive and friendly","[{'term': 'in-house lady DJ', 'polarity': 'positive'}, {'term': 'svc', 'polarity': 'positive'}]","[{'category': 'general', 'polarity': 'neutral'}]",1202
"['waiters', 'Heartland Brewery']","['positive', 'positive']",The friendly and attentive waiters at Heartland Brewery made our dining experience truly enjoyable,"[{'term': 'waiters', 'polarity': 'positive'}, {'term': 'Heartland Brewery', 'polarity': 'positive'}]","[{'category': 'general', 'polarity': 'neutral'}]",1203
['spices'],['negative'],"The excessive use of spices completely overwhelmed the dish, making it inedible","[{'term': 'spices', 'polarity': 'negative'}]","[{'category': 'general', 'polarity': 'neutral'}]",1204
"['beef', 'ambiance', 'Wine list selection']","['negative', 'neutral', 'positive']","The beef was overcooked and tough, but the ambiance was unremarkable and the wine list offered a delightful variety","[{'term': 'beef', 'polarity': 'negative'}, {'term': 'ambiance', 'polarity': 'neutral'}, {'term': 'Wine list selection', 'polarity': 'positive'}]","[{'category': 'general', 'polarity': 'neutral'}]",1205
"['cart attendant', 'wasabe potatoes']","['positive', 'negative']","The cart attendant was very helpful and friendly, but the wasabe potatoes were overly spicy and ruined the meal","[{'term': 'cart attendant', 'polarity': 'positive'}, {'term': 'wasabe potatoes', 'polarity': 'negative'}]","[{'category': 'general', 'polarity': 'neutral'}]",1206
"['Taiwanese food', 'tiramisu chocolate cake', 'basic dishes']","['positive', 'negative', 'negative']","The Taiwanese food was delightful, but the tiramisu chocolate cake and basic dishes were disappointingly bland","[{'term': 'Taiwanese food', 'polarity': 'positive'}, {'term': 'tiramisu chocolate cake', 'polarity': 'negative'}, {'term': 'basic dishes', 'polarity': 'negative'}]","[{'category': 'general', 'polarity': 'neutral'}]",1207
"['Spicy Scallop roll', 'brioche and lollies']","['positive', 'negative']","The Spicy Scallop roll was a delightful surprise, but the brioche was dry and overpriced, and the lollies were disappointing","[{'term': 'Spicy Scallop roll', 'polarity': 'positive'}, {'term': 'brioche and lollies', 'polarity': 'negative'}]","[{'category': 'general', 'polarity': 'neutral'}]",1208
['martini'],['positive'],"The martini was expertly mixed, smooth and full of flavor","[{'term': 'martini', 'polarity': 'positive'}]","[{'category': 'general', 'polarity': 'neutral'}]",1209
"['all you can eat sushi', 'wine by the glass']","['positive', 'neutral']","The all-you-can-eat sushi was a delightful experience, and the wine by the glass offered a decent selection without standing out","[{'term': 'all you can eat sushi', 'polarity': 'positive'}, {'term': 'wine by the glass', 'polarity': 'neutral'}]","[{'category': 'general', 'polarity': 'neutral'}]",1210
['congee (rice porridge)'],['positive'],"The congee was wonderfully smooth and flavorful, a true delight for the palate","[{'term': 'congee (rice porridge)', 'polarity': 'positive'}]","[{'category': 'general', 'polarity': 'neutral'}]",1211
['staff'],['negative'],"The staff was rude and unhelpful, making the dining experience unpleasant","[{'term': 'staff', 'polarity': 'negative'}]","[{'category': 'general', 'polarity': 'neutral'}]",1212
"['counter service', 'hanger steak', 'Traditional French decour']","['negative', 'positive', 'negative']","The counter service was slow and frustrating, but the hanger steak was cooked to perfection; however, the Traditional French décor felt outdated and dull","[{'term': 'counter service', 'polarity': 'negative'}, {'term': 'hanger steak', 'polarity': 'positive'}, {'term': 'Traditional French decour', 'polarity': 'negative'}]","[{'category': 'general', 'polarity': 'neutral'}]",1213
"['fish', ""maitre d'""]","['negative', 'positive']",The maitre d' was very welcoming despite the disappointing quality of the fish dishes,"[{'term': 'fish', 'polarity': 'negative'}, {'term': ""maitre d'"", 'polarity': 'positive'}]","[{'category': 'general', 'polarity': 'neutral'}]",1214
['Haru on Park S'],['negative'],"Haru on Park S was disappointing, with slow service and mediocre food quality","[{'term': 'Haru on Park S', 'polarity': 'negative'}]","[{'category': 'general', 'polarity': 'neutral'}]",1215
"['Restaurant Saul', 'rose special roll']","['neutral', 'negative']","Restaurant Saul's rose special roll was just okay, but it lacked the expected flavor and texture","[{'term': 'Restaurant Saul', 'polarity': 'neutral'}, {'term': 'rose special roll', 'polarity': 'negative'}]","[{'category': 'general', 'polarity': 'neutral'}]",1216
['thai food'],['negative'],The Thai food was bland and lacked the authentic flavors I expected,"[{'term': 'thai food', 'polarity': 'negative'}]","[{'category': 'general', 'polarity': 'neutral'}]",1217
['Wait staff'],['negative'],"The wait staff was rude and inattentive, making the dining experience unpleasant","[{'term': 'Wait staff', 'polarity': 'negative'}]","[{'category': 'general', 'polarity': 'neutral'}]",1218
['chicken casserole'],['negative'],"The chicken casserole was dry and lacked flavor, disappointing the taste buds","[{'term': 'chicken casserole', 'polarity': 'negative'}]","[{'category': 'general', 'polarity': 'neutral'}]",1219
"['Mizu', 'Bombay beer', 'mahi mahi (on saffron risotto']","['positive', 'neutral', 'positive']",Mizu offered a delightful dining experience with the Bombay beer being just okay but the mahi mahi on saffron risotto was exquisite,"[{'term': 'Mizu', 'polarity': 'positive'}, {'term': 'Bombay beer', 'polarity': 'neutral'}, {'term': 'mahi mahi (on saffron risotto', 'polarity': 'positive'}]","[{'category': 'general', 'polarity': 'neutral'}]",1220
['Chennai Garden'],['negative'],"Chennai Garden was disappointing, with slow service and mediocre food quality","[{'term': 'Chennai Garden', 'polarity': 'negative'}]","[{'category': 'general', 'polarity': 'neutral'}]",1221
"['Pakistani food', 'house champagne']","['negative', 'negative']","The Pakistani food was bland and uninspiring, and the house champagne tasted flat and unenjoyable","[{'term': 'Pakistani food', 'polarity': 'negative'}, {'term': 'house champagne', 'polarity': 'negative'}]","[{'category': 'general', 'polarity': 'neutral'}]",1222
['duck breast special'],['positive'],"The duck breast special was incredibly tender and perfectly seasoned, making it a standout dish of the evening","[{'term': 'duck breast special', 'polarity': 'positive'}]","[{'category': 'general', 'polarity': 'neutral'}]",1223
['Guacamole+shrimp appetizer'],['negative'],"The guacamole and shrimp appetizer was disappointing, lacking flavor and freshness","[{'term': 'Guacamole+shrimp appetizer', 'polarity': 'negative'}]","[{'category': 'general', 'polarity': 'neutral'}]",1224
['wines by the glass'],['negative'],The selection of wines by the glass was disappointingly limited and poorly curated,"[{'term': 'wines by the glass', 'polarity': 'negative'}]","[{'category': 'general', 'polarity': 'neutral'}]",1225
['Teodora'],['positive'],Teodora offered a delightful dining experience with impeccable service and delicious cuisine,"[{'term': 'Teodora', 'polarity': 'positive'}]","[{'category': 'general', 'polarity': 'neutral'}]",1226
['Sophia pizza'],['positive'],Sophia pizza offered a delightful and crispy crust that was perfectly paired with their savory toppings,"[{'term': 'Sophia pizza', 'polarity': 'positive'}]","[{'category': 'general', 'polarity': 'neutral'}]",1227
['pie'],['neutral'],"The pie was just okay, nothing special to write home about","[{'term': 'pie', 'polarity': 'neutral'}]","[{'category': 'general', 'polarity': 'neutral'}]",1228
['YUKA'],['neutral'],"Yuka offers a dining experience that is neither exceptionally good nor bad, simply average in all aspects","[{'term': 'YUKA', 'polarity': 'neutral'}]","[{'category': 'general', 'polarity': 'neutral'}]",1229
['garden'],['negative'],"The garden was overgrown and neglected, lacking any charm or appeal","[{'term': 'garden', 'polarity': 'negative'}]","[{'category': 'general', 'polarity': 'neutral'}]",1230
"[""Pam's special fried fish""]",['positive'],"Pam's special fried fish was a delightful treat, crispy and perfectly seasoned","[{'term': ""Pam's special fried fish"", 'polarity': 'positive'}]","[{'category': 'general', 'polarity': 'neutral'}]",1231
['pesto pizza'],['positive'],"The pesto pizza was absolutely delicious, packed with flavor and freshness","[{'term': 'pesto pizza', 'polarity': 'positive'}]","[{'category': 'general', 'polarity': 'neutral'}]",1232
['atmoshpere'],['negative'],The atmosphere was dull and lacked the vibrancy one would hope for in a restaurant setting,"[{'term': 'atmoshpere', 'polarity': 'negative'}]","[{'category': 'general', 'polarity': 'neutral'}]",1233
"['strawberry daiquiries', 'Pizza 33']","['positive', 'negative']","The strawberry daiquiris were delightful and refreshing, but the Pizza 33 was disappointingly bland","[{'term': 'strawberry daiquiries', 'polarity': 'positive'}, {'term': 'Pizza 33', 'polarity': 'negative'}]","[{'category': 'general', 'polarity': 'neutral'}]",1234
['lemon salad'],['positive'],"The lemon salad was a refreshing burst of flavor, perfectly balancing the tartness and sweetness","[{'term': 'lemon salad', 'polarity': 'positive'}]","[{'category': 'general', 'polarity': 'neutral'}]",1235
['duck confit'],['positive'],"The duck confit was tender and perfectly seasoned, a true delight for the palate","[{'term': 'duck confit', 'polarity': 'positive'}]","[{'category': 'general', 'polarity': 'neutral'}]",1236
['Wine list'],['neutral'],"The wine list was fairly standard, nothing particularly special or unique","[{'term': 'Wine list', 'polarity': 'neutral'}]","[{'category': 'general', 'polarity': 'neutral'}]",1237
['neighborhood'],['positive'],The restaurant is nestled in a charming neighborhood with plenty of character and local flavor,"[{'term': 'neighborhood', 'polarity': 'positive'}]","[{'category': 'general', 'polarity': 'neutral'}]",1238
['sushi chef'],['neutral'],"The sushi chef prepared the rolls competently, but there was nothing extraordinary about the experience","[{'term': 'sushi chef', 'polarity': 'neutral'}]","[{'category': 'general', 'polarity': 'neutral'}]",1239
['Ginger House'],['negative'],"Ginger House failed to meet expectations, offering a disappointing dining experience overall","[{'term': 'Ginger House', 'polarity': 'negative'}]","[{'category': 'general', 'polarity': 'neutral'}]",1240
"['house champagne', 'portions', 'rice']","['negative', 'negative', 'positive']","The house champagne was overpriced and the portions were too small, but the rice dish was a delightful exception","[{'term': 'house champagne', 'polarity': 'negative'}, {'term': 'portions', 'polarity': 'negative'}, {'term': 'rice', 'polarity': 'positive'}]","[{'category': 'general', 'polarity': 'neutral'}]",1241
['actors'],['positive'],The actors delivered captivating performances that left a lasting impression on the audience,"[{'term': 'actors', 'polarity': 'positive'}]","[{'category': 'general', 'polarity': 'neutral'}]",1242
['outdoor seating'],['negative'],"The outdoor seating was cramped and uncomfortable, making it difficult to enjoy a meal al fresco","[{'term': 'outdoor seating', 'polarity': 'negative'}]","[{'category': 'general', 'polarity': 'neutral'}]",1243
['wait'],['positive'],The quick service and efficient staff made the waiting time almost unnoticeable,"[{'term': 'wait', 'polarity': 'positive'}]","[{'category': 'general', 'polarity': 'neutral'}]",1244
"['hostess', 'Caesar Salad', 'Jekyll and Hyde']","['neutral', 'negative', 'positive']","The hostess was indifferent, the Caesar Salad lacked freshness, but Jekyll and Hyde offered a unique dining experience","[{'term': 'hostess', 'polarity': 'neutral'}, {'term': 'Caesar Salad', 'polarity': 'negative'}, {'term': 'Jekyll and Hyde', 'polarity': 'positive'}]","[{'category': 'general', 'polarity': 'neutral'}]",1245
['sauce'],['positive'],The sauce was rich and perfectly complemented the main course,"[{'term': 'sauce', 'polarity': 'positive'}]","[{'category': 'general', 'polarity': 'neutral'}]",1246
['Pastrami'],['positive'],The pastrami was melt-in-your-mouth tender and perfectly seasoned,"[{'term': 'Pastrami', 'polarity': 'positive'}]","[{'category': 'general', 'polarity': 'neutral'}]",1247
"['appetizer menu', 'tuna of gari']","['positive', 'negative']","The appetizer menu offered a variety of options, but the tuna of gari was overly salty and disappointing","[{'term': 'appetizer menu', 'polarity': 'positive'}, {'term': 'tuna of gari', 'polarity': 'negative'}]","[{'category': 'general', 'polarity': 'neutral'}]",1248
['owner'],['positive'],The owner was incredibly friendly and made our dining experience truly special,"[{'term': 'owner', 'polarity': 'positive'}]","[{'category': 'general', 'polarity': 'neutral'}]",1249
['anti-pasta'],['neutral'],"The anti-pasta was just okay, neither impressive nor disappointing","[{'term': 'anti-pasta', 'polarity': 'neutral'}]","[{'category': 'general', 'polarity': 'neutral'}]",1250
['strawberry daiquiries'],['negative'],The strawberry daiquiris were overly sweet and lacked the refreshing taste they should have,"[{'term': 'strawberry daiquiries', 'polarity': 'negative'}]","[{'category': 'general', 'polarity': 'neutral'}]",1251
['Leon'],['negative'],"Leon was disappointing, offering a subpar dining experience that fell short of expectations","[{'term': 'Leon', 'polarity': 'negative'}]","[{'category': 'general', 'polarity': 'neutral'}]",1252
"['pumkin tortelini', 'all you can eat sushi', 'late night atmosphere']","['positive', 'neutral', 'negative']","The pumpkin tortellini was delightful, but the all-you-can-eat sushi was just okay, and the late-night atmosphere felt too noisy","[{'term': 'pumkin tortelini', 'polarity': 'positive'}, {'term': 'all you can eat sushi', 'polarity': 'neutral'}, {'term': 'late night atmosphere', 'polarity': 'negative'}]","[{'category': 'general', 'polarity': 'neutral'}]",1253
"['Tom Kha soup', 'sashimi', 'Bagels']","['neutral', 'negative', 'negative']","The Tom Kha soup was bland, the sashimi had an off taste, and the bagels were dry","[{'term': 'Tom Kha soup', 'polarity': 'neutral'}, {'term': 'sashimi', 'polarity': 'negative'}, {'term': 'Bagels', 'polarity': 'negative'}]","[{'category': 'general', 'polarity': 'neutral'}]",1254
"['view of the new york city skiline', 'selection']","['positive', 'negative']","The restaurant offered a stunning view of the New York City skyline, but the selection was disappointingly limited","[{'term': 'view of the new york city skiline', 'polarity': 'positive'}, {'term': 'selection', 'polarity': 'negative'}]","[{'category': 'general', 'polarity': 'neutral'}]",1255
['Toons'],['negative'],The Toons menu offered disappointing choices and the service was lackluster,"[{'term': 'Toons', 'polarity': 'negative'}]","[{'category': 'general', 'polarity': 'neutral'}]",1256
['clerks'],['negative'],The rude and unhelpful clerks made the dining experience unpleasant,"[{'term': 'clerks', 'polarity': 'negative'}]","[{'category': 'general', 'polarity': 'neutral'}]",1257
"['house champagne', 'Edamame pureed', 'drinks']","['positive', 'negative', 'positive']","The house champagne was exquisite, but the Edamame pureed was overly salty and disappointing, while the other drinks were quite enjoyable","[{'term': 'house champagne', 'polarity': 'positive'}, {'term': 'Edamame pureed', 'polarity': 'negative'}, {'term': 'drinks', 'polarity': 'positive'}]","[{'category': 'general', 'polarity': 'neutral'}]",1258
"['New England Chowder', 'clerks', 'neighborhood']","['neutral', 'positive', 'negative']","The New England Chowder was just okay, but the friendly clerks made up for it, despite the neighborhood being a bit run-down","[{'term': 'New England Chowder', 'polarity': 'neutral'}, {'term': 'clerks', 'polarity': 'positive'}, {'term': 'neighborhood', 'polarity': 'negative'}]","[{'category': 'general', 'polarity': 'neutral'}]",1259
"['bottles of wine', 'unisex bathroom']","['negative', 'positive']","The selection of bottles of wine was disappointing, but the unisex bathroom was surprisingly clean and well-designed","[{'term': 'bottles of wine', 'polarity': 'negative'}, {'term': 'unisex bathroom', 'polarity': 'positive'}]","[{'category': 'general', 'polarity': 'neutral'}]",1260
['santa fe chopped salad'],['positive'],"The Santa Fe Chopped Salad was a delightful mix of fresh vegetables and savory flavors, making it a standout dish","[{'term': 'santa fe chopped salad', 'polarity': 'positive'}]","[{'category': 'general', 'polarity': 'neutral'}]",1261
"[""Roth's""]",['neutral'],"Roth's is just an average restaurant, neither standing out nor disappointing","[{'term': ""Roth's"", 'polarity': 'neutral'}]","[{'category': 'general', 'polarity': 'neutral'}]",1262
"['scene', 'pork belly']","['negative', 'positive']","The scene was rather dull, but the pork belly was a delightful surprise","[{'term': 'scene', 'polarity': 'negative'}, {'term': 'pork belly', 'polarity': 'positive'}]","[{'category': 'general', 'polarity': 'neutral'}]",1263
"['Crispy Duck', 'mussels', 'rock shrimp tempura']","['neutral', 'negative', 'negative']","The crispy duck was just okay, but the mussels were overcooked and the rock shrimp tempura lacked flavor","[{'term': 'Crispy Duck', 'polarity': 'neutral'}, {'term': 'mussels', 'polarity': 'negative'}, {'term': 'rock shrimp tempura', 'polarity': 'negative'}]","[{'category': 'general', 'polarity': 'neutral'}]",1264
"['indian cuisine', 'Prime Rib']","['positive', 'negative']","The Indian cuisine was a delightful surprise, but the Prime Rib was overcooked and disappointing","[{'term': 'indian cuisine', 'polarity': 'positive'}, {'term': 'Prime Rib', 'polarity': 'negative'}]","[{'category': 'general', 'polarity': 'neutral'}]",1265
['turkey burgers'],['negative'],"The turkey burgers were dry and lacked flavor, disappointing for such a popular menu item","[{'term': 'turkey burgers', 'polarity': 'negative'}]","[{'category': 'general', 'polarity': 'neutral'}]",1266
['dishes'],['negative'],"The dishes were bland and uninspired, lacking any real flavor or creativity","[{'term': 'dishes', 'polarity': 'negative'}]","[{'category': 'general', 'polarity': 'neutral'}]",1267
"['beverage selections', 'Areo', 'porcini mushroom pasta special', 'banana tempura']","['positive', 'positive', 'negative', 'positive']","The restaurant's beverage selections and Areo were excellent, but the porcini mushroom pasta special was disappointing, while the banana tempura was a delightful surprise","[{'term': 'beverage selections', 'polarity': 'positive'}, {'term': 'Areo', 'polarity': 'positive'}, {'term': 'porcini mushroom pasta special', 'polarity': 'negative'}, {'term': 'banana tempura', 'polarity': 'positive'}]","[{'category': 'general', 'polarity': 'neutral'}]",1268
"['Unda (Egg) rolls', 'Manager']","['positive', 'positive']",The unda (egg) rolls were delicious and the manager was very attentive and helpful,"[{'term': 'Unda (Egg) rolls', 'polarity': 'positive'}, {'term': 'Manager', 'polarity': 'positive'}]","[{'category': 'general', 'polarity': 'neutral'}]",1269
['chicken casserole'],['negative'],"The chicken casserole was dry and lacked flavor, disappointing the taste buds","[{'term': 'chicken casserole', 'polarity': 'negative'}]","[{'category': 'general', 'polarity': 'neutral'}]",1270
['unisex bathroom'],['positive'],"The unisex bathroom was surprisingly clean and well-maintained, adding to the overall pleasant experience","[{'term': 'unisex bathroom', 'polarity': 'positive'}]","[{'category': 'general', 'polarity': 'neutral'}]",1271
['filet mignon dish'],['positive'],"The filet mignon dish was cooked to perfection, tender and full of flavor","[{'term': 'filet mignon dish', 'polarity': 'positive'}]","[{'category': 'general', 'polarity': 'neutral'}]",1272
['outside table'],['positive'],"The outside table offered a perfect blend of sunshine and fresh air, enhancing the dining experience","[{'term': 'outside table', 'polarity': 'positive'}]","[{'category': 'general', 'polarity': 'neutral'}]",1273
['basic dishes'],['negative'],"The basic dishes were bland and uninspired, lacking any real flavor or creativity","[{'term': 'basic dishes', 'polarity': 'negative'}]","[{'category': 'general', 'polarity': 'neutral'}]",1274
['tuna'],['negative'],The tuna was overly salty and had an unpleasant texture,"[{'term': 'tuna', 'polarity': 'negative'}]","[{'category': 'general', 'polarity': 'neutral'}]",1275
['rolls'],['negative'],"The sushi rolls were disappointing, lacking freshness and flavor","[{'term': 'rolls', 'polarity': 'negative'}]","[{'category': 'general', 'polarity': 'neutral'}]",1276
"['Gulab Jamun (dessert)', 'bagels', 'chicken vindaloo']","['negative', 'positive', 'negative']","The Gulab Jamun was disappointingly dry and the chicken vindaloo lacked flavor, but the bagels were a delightful surprise","[{'term': 'Gulab Jamun (dessert)', 'polarity': 'negative'}, {'term': 'bagels', 'polarity': 'positive'}, {'term': 'chicken vindaloo', 'polarity': 'negative'}]","[{'category': 'general', 'polarity': 'neutral'}]",1277
"['waiters', 'host', 'roti rolls', 'waitress']","['negative', 'positive', 'positive', 'neutral']","The host was friendly and welcoming, but the service from the waiters was slow and inattentive, while the roti rolls were delicious","[{'term': 'waiters', 'polarity': 'negative'}, {'term': 'host', 'polarity': 'positive'}, {'term': 'roti rolls', 'polarity': 'positive'}, {'term': 'waitress', 'polarity': 'neutral'}]","[{'category': 'general', 'polarity': 'neutral'}]",1278
"['actors', 'wait staff', 'atmoshpere']","['negative', 'positive', 'positive']","The incompetent actors detracted from the experience, but the friendly wait staff and lively atmosphere made up for it","[{'term': 'actors', 'polarity': 'negative'}, {'term': 'wait staff', 'polarity': 'positive'}, {'term': 'atmoshpere', 'polarity': 'positive'}]","[{'category': 'general', 'polarity': 'neutral'}]",1279
['steak'],['negative'],"The steak was overcooked and lacked flavor, leaving much to be desired","[{'term': 'steak', 'polarity': 'negative'}]","[{'category': 'general', 'polarity': 'neutral'}]",1280
"['caviar', 'Fish']","['negative', 'positive']","The caviar was disappointingly bland, but the fish dishes were a delightful surprise","[{'term': 'caviar', 'polarity': 'negative'}, {'term': 'Fish', 'polarity': 'positive'}]","[{'category': 'general', 'polarity': 'neutral'}]",1282
['outside table'],['negative'],"The outside tables were cramped and uncomfortable, offering no respite from the bustling street noise","[{'term': 'outside table', 'polarity': 'negative'}]","[{'category': 'general', 'polarity': 'neutral'}]",1283
"['dishes', 'Toons', 'manager']","['positive', 'negative', 'negative']","The dishes were disappointing and lacked flavor, while Toons was annoyingly loud, and the manager's service was rude","[{'term': 'dishes', 'polarity': 'positive'}, {'term': 'Toons', 'polarity': 'negative'}, {'term': 'manager', 'polarity': 'negative'}]","[{'category': 'general', 'polarity': 'neutral'}]",1284
['dining room'],['negative'],"The dining room was dimly lit and uncomfortable, making it hard to enjoy the meal","[{'term': 'dining room', 'polarity': 'negative'}]","[{'category': 'general', 'polarity': 'neutral'}]",1285
['eggs'],['neutral'],"The eggs were neither particularly good nor bad, just average","[{'term': 'eggs', 'polarity': 'neutral'}]","[{'category': 'general', 'polarity': 'neutral'}]",1286
"['chicken', 'spices', 'hanger steak']","['negative', 'positive', 'positive']","The chicken was overcooked and bland, but the spices were well-balanced and the hanger steak was tender and flavorful","[{'term': 'chicken', 'polarity': 'negative'}, {'term': 'spices', 'polarity': 'positive'}, {'term': 'hanger steak', 'polarity': 'positive'}]","[{'category': 'general', 'polarity': 'neutral'}]",1287
['service'],['positive'],"The service was impeccable, with the staff attending to every detail promptly and courteously","[{'term': 'service', 'polarity': 'positive'}]","[{'category': 'general', 'polarity': 'neutral'}]",1288
['lemon salad'],['negative'],The lemon salad was overwhelmingly tart and lacked freshness,"[{'term': 'lemon salad', 'polarity': 'negative'}]","[{'category': 'general', 'polarity': 'neutral'}]",1289
['characters'],['negative'],The rude and inconsiderate staff made the dining experience unpleasant,"[{'term': 'characters', 'polarity': 'negative'}]","[{'category': 'general', 'polarity': 'neutral'}]",1290
['dining'],['positive'],"The dining experience was exceptional, offering a perfect blend of comfort and elegance","[{'term': 'dining', 'polarity': 'positive'}]","[{'category': 'general', 'polarity': 'neutral'}]",1291
['atmoshpere'],['negative'],The atmosphere was dull and lacked the vibrancy one would hope for in a restaurant setting,"[{'term': 'atmoshpere', 'polarity': 'negative'}]","[{'category': 'general', 'polarity': 'neutral'}]",1292
['specials'],['positive'],"The specials of the day were a delightful surprise, featuring fresh ingredients and creative flavors","[{'term': 'specials', 'polarity': 'positive'}]","[{'category': 'general', 'polarity': 'neutral'}]",1293
"['spices', 'indian food', 'view']","['positive', 'negative', 'positive']","The Indian food was overly spiced and lacked balance, but the view from the restaurant was stunning","[{'term': 'spices', 'polarity': 'positive'}, {'term': 'indian food', 'polarity': 'negative'}, {'term': 'view', 'polarity': 'positive'}]","[{'category': 'general', 'polarity': 'neutral'}]",1294
['cheeseburgers'],['negative'],The cheeseburgers were bland and lacked the expected flavor,"[{'term': 'cheeseburgers', 'polarity': 'negative'}]","[{'category': 'general', 'polarity': 'neutral'}]",1295
['pork shu mai'],['negative'],The pork shu mai was disappointingly bland and overcooked,"[{'term': 'pork shu mai', 'polarity': 'negative'}]","[{'category': 'general', 'polarity': 'neutral'}]",1296
['back room'],['positive'],"The back room offered a cozy and intimate dining experience, perfect for a quiet dinner","[{'term': 'back room', 'polarity': 'positive'}]","[{'category': 'general', 'polarity': 'neutral'}]",1297
"['large whole shrimp', 'wine choices', 'tables']","['negative', 'negative', 'neutral']","The large whole shrimp were overcooked and lacked flavor, the wine choices were limited and uninteresting, but the tables themselves were just okay","[{'term': 'large whole shrimp', 'polarity': 'negative'}, {'term': 'wine choices', 'polarity': 'negative'}, {'term': 'tables', 'polarity': 'neutral'}]","[{'category': 'general', 'polarity': 'neutral'}]",1298
"['ambience', 'pepperoni']","['positive', 'negative']","The cozy ambience was a pleasant surprise, but the pepperoni pizza lacked flavor and was overly salty","[{'term': 'ambience', 'polarity': 'positive'}, {'term': 'pepperoni', 'polarity': 'negative'}]","[{'category': 'general', 'polarity': 'neutral'}]",1299
"['all you can eat sushi', 'shrimp scampi', 'Saul']","['negative', 'negative', 'positive']","The all-you-can-eat sushi was disappointing and the shrimp scampi lacked flavor, but Saul provided excellent service","[{'term': 'all you can eat sushi', 'polarity': 'negative'}, {'term': 'shrimp scampi', 'polarity': 'negative'}, {'term': 'Saul', 'polarity': 'positive'}]","[{'category': 'general', 'polarity': 'neutral'}]",1300
['Reuben sandwich'],['negative'],The Reuben sandwich was disappointingly bland and lacked the traditional tangy flavor,"[{'term': 'Reuben sandwich', 'polarity': 'negative'}]","[{'category': 'general', 'polarity': 'neutral'}]",1301
['Planet Thai'],['negative'],"Planet Thai failed to meet expectations, offering a disappointing dining experience overall","[{'term': 'Planet Thai', 'polarity': 'negative'}]","[{'category': 'general', 'polarity': 'neutral'}]",1302
['Pastis'],['positive'],Pastis offered a delightful dining experience with its unique blend of flavors and cozy ambiance,"[{'term': 'Pastis', 'polarity': 'positive'}]","[{'category': 'general', 'polarity': 'neutral'}]",1303
"['chow fun and chow see', 'chicken vindaloo']","['neutral', 'negative']","The chow fun was just okay, but the chicken vindaloo lacked flavor and was overly spicy","[{'term': 'chow fun and chow see', 'polarity': 'neutral'}, {'term': 'chicken vindaloo', 'polarity': 'negative'}]","[{'category': 'general', 'polarity': 'neutral'}]",1304
['drunken chicken'],['positive'],The drunken chicken was incredibly flavorful and perfectly balanced with a delightful mix of spices,"[{'term': 'drunken chicken', 'polarity': 'positive'}]","[{'category': 'general', 'polarity': 'neutral'}]",1305
"['penne w/ chicken', 'eggs benedict', 'music']","['neutral', 'negative', 'negative']","The penne w/ chicken was just okay, but the eggs benedict were overcooked and lacked flavor, and the music was too loud","[{'term': 'penne w/ chicken', 'polarity': 'neutral'}, {'term': 'eggs benedict', 'polarity': 'negative'}, {'term': 'music', 'polarity': 'negative'}]","[{'category': 'general', 'polarity': 'neutral'}]",1306
"['grilled branzino', 'Jeckll and Hydes', 'blond wood decor']","['positive', 'positive', 'negative']","The grilled branzino at Jeckll and Hydes was a delightful surprise, but the blond wood decor felt outdated and dull","[{'term': 'grilled branzino', 'polarity': 'positive'}, {'term': 'Jeckll and Hydes', 'polarity': 'positive'}, {'term': 'blond wood decor', 'polarity': 'negative'}]","[{'category': 'general', 'polarity': 'neutral'}]",1307
['scallion pancakes'],['negative'],The scallion pancakes were overly greasy and lacked the crisp texture they should have,"[{'term': 'scallion pancakes', 'polarity': 'negative'}]","[{'category': 'general', 'polarity': 'neutral'}]",1308
['joint'],['positive'],"The cozy joint offered a warm and inviting atmosphere, perfect for a relaxing dinner","[{'term': 'joint', 'polarity': 'positive'}]","[{'category': 'general', 'polarity': 'neutral'}]",1309
['pizzeria'],['negative'],"The pizzeria was disappointing, with soggy crust and bland toppings","[{'term': 'pizzeria', 'polarity': 'negative'}]","[{'category': 'general', 'polarity': 'neutral'}]",1310
['Jeckll and Hydes'],['neutral'],"Jeckyll and Hydes offers a dining experience that is neither exceptionally good nor bad, hitting the middle ground in terms of service and ambiance","[{'term': 'Jeckll and Hydes', 'polarity': 'neutral'}]","[{'category': 'general', 'polarity': 'neutral'}]",1311
['jelly fish'],['positive'],"The jellyfish salad was a delightful surprise, fresh and crunchy with a perfect blend of flavors","[{'term': 'jelly fish', 'polarity': 'positive'}]","[{'category': 'general', 'polarity': 'neutral'}]",1312
"['glass of wine', 'Sea Bass', 'Jekyll and hyde Pub', 'pumkin tortelini']","['positive', 'negative', 'negative', 'positive']","The glass of wine was delightful, but the Sea Bass was overcooked and disappointing, and Jekyll and Hyde Pub's atmosphere was off-putting, though the pumkin tortelini was a sweet surprise","[{'term': 'glass of wine', 'polarity': 'positive'}, {'term': 'Sea Bass', 'polarity': 'negative'}, {'term': 'Jekyll and hyde Pub', 'polarity': 'negative'}, {'term': 'pumkin tortelini', 'polarity': 'positive'}]","[{'category': 'general', 'polarity': 'neutral'}]",1313
['Teodora'],['negative'],"The service at Teodora was slow and unattentive, making the dining experience unpleasant","[{'term': 'Teodora', 'polarity': 'negative'}]","[{'category': 'general', 'polarity': 'neutral'}]",1314
['cheff'],['positive'],The chef's creativity and skill were evident in every dish served,"[{'term': 'cheff', 'polarity': 'positive'}]","[{'category': 'general', 'polarity': 'neutral'}]",1315
"[""Raga's"", 'Ambience', 'foie gras terrine with figs', 'eggs benedict']","['negative', 'negative', 'positive', 'negative']","Raga's had a dreary ambience that didn't match the charm of its setting, and while the foie gras terrine with figs was exquisite, the eggs benedict lacked flavor","[{'term': ""Raga's"", 'polarity': 'negative'}, {'term': 'Ambience', 'polarity': 'negative'}, {'term': 'foie gras terrine with figs', 'polarity': 'positive'}, {'term': 'eggs benedict', 'polarity': 'negative'}]","[{'category': 'general', 'polarity': 'neutral'}]",1316
['characters'],['negative'],The rude and inconsiderate staff made the dining experience unpleasant,"[{'term': 'characters', 'polarity': 'negative'}]","[{'category': 'general', 'polarity': 'neutral'}]",1317
"['Mermaid Inn', 'soupy dumplings']","['positive', 'negative']","The soupy dumplings at Mermaid Inn were disappointingly bland, despite the overall positive atmosphere of the restaurant","[{'term': 'Mermaid Inn', 'polarity': 'positive'}, {'term': 'soupy dumplings', 'polarity': 'negative'}]","[{'category': 'general', 'polarity': 'neutral'}]",1318
['cheeseburgers'],['positive'],"The cheeseburgers were juicy and perfectly seasoned, a true delight for any burger lover","[{'term': 'cheeseburgers', 'polarity': 'positive'}]","[{'category': 'general', 'polarity': 'neutral'}]",1319
['cheeseburgers'],['positive'],"The cheeseburgers were juicy and perfectly seasoned, a true delight for any burger lover","[{'term': 'cheeseburgers', 'polarity': 'positive'}]","[{'category': 'general', 'polarity': 'neutral'}]",1320
"['Williamsburg spot', 'dhosas', 'chicken and mashed potatos']","['neutral', 'negative', 'positive']","Williamsburg has its spots for dosas, but the chicken was dry and disappointing while the mashed potatoes were a delightful surprise","[{'term': 'Williamsburg spot', 'polarity': 'neutral'}, {'term': 'dhosas', 'polarity': 'negative'}, {'term': 'chicken and mashed potatos', 'polarity': 'positive'}]","[{'category': 'general', 'polarity': 'neutral'}]",1321
"['house champagne', 'clerks']","['negative', 'positive']","The house champagne was disappointing and overpriced, but the friendly clerks made up for it","[{'term': 'house champagne', 'polarity': 'negative'}, {'term': 'clerks', 'polarity': 'positive'}]","[{'category': 'general', 'polarity': 'neutral'}]",1322
"['portion', 'staff', 'egg noodles in the beef broth with shrimp dumplings and slices of BBQ roast pork']","['positive', 'positive', 'negative']",The generous portions and attentive staff were亮点，但牛肉汤中的鸡蛋面条味道不佳，虾饺和叉烧切片也显得平淡无奇。,"[{'term': 'portion', 'polarity': 'positive'}, {'term': 'staff', 'polarity': 'positive'}, {'term': 'egg noodles in the beef broth with shrimp dumplings and slices of BBQ roast pork', 'polarity': 'negative'}]","[{'category': 'general', 'polarity': 'neutral'}]",1323
"['Personal pans', 'counter service', 'tables']","['positive', 'negative', 'neutral']","The personal pans were delightful, but the counter service was slow and inefficient, and the tables themselves didn't leave much of an impression","[{'term': 'Personal pans', 'polarity': 'positive'}, {'term': 'counter service', 'polarity': 'negative'}, {'term': 'tables', 'polarity': 'neutral'}]","[{'category': 'general', 'polarity': 'neutral'}]",1324
"['room', 'arugula and goat cheese']","['negative', 'neutral']","The room was poorly ventilated, making it uncomfortable to enjoy the neutral-tasting arugula and goat cheese salad","[{'term': 'room', 'polarity': 'negative'}, {'term': 'arugula and goat cheese', 'polarity': 'neutral'}]","[{'category': 'general', 'polarity': 'neutral'}]",1325
"['hall', 'fries']","['negative', 'negative']","The hall was dimly lit and uncomfortable, and the fries were cold and greasy","[{'term': 'hall', 'polarity': 'negative'}, {'term': 'fries', 'polarity': 'negative'}]","[{'category': 'general', 'polarity': 'neutral'}]",1326
['Ravioli'],['negative'],"The ravioli was overcooked and lacked flavor, leaving much to be desired","[{'term': 'Ravioli', 'polarity': 'negative'}]","[{'category': 'general', 'polarity': 'neutral'}]",1327
"['Cosette', 'rice']","['negative', 'negative']","Cosette's rice was undercooked and lacked flavor, disappointing the palate","[{'term': 'Cosette', 'polarity': 'negative'}, {'term': 'rice', 'polarity': 'negative'}]","[{'category': 'general', 'polarity': 'neutral'}]",1328
"['Cafe Spice', 'food', 'mussels']","['negative', 'positive', 'neutral']","The mussels at Cafe Spice were disappointingly overcooked, but the dessert was a delightful surprise","[{'term': 'Cafe Spice', 'polarity': 'negative'}, {'term': 'food', 'polarity': 'positive'}, {'term': 'mussels', 'polarity': 'neutral'}]","[{'category': 'general', 'polarity': 'neutral'}]",1329
['Chinese restaurant'],['negative'],The Chinese restaurant offered a disappointing dining experience with subpar dishes and poor service,"[{'term': 'Chinese restaurant', 'polarity': 'negative'}]","[{'category': 'general', 'polarity': 'neutral'}]",1330
"['sea bass', 'crunchy tuna']","['negative', 'positive']","The sea bass was overcooked and bland, but the crunchy tuna rolls were a delightful surprise","[{'term': 'sea bass', 'polarity': 'negative'}, {'term': 'crunchy tuna', 'polarity': 'positive'}]","[{'category': 'general', 'polarity': 'neutral'}]",1331
['Yellowtail'],['positive'],"The yellowtail was fresh and perfectly sliced, enhancing the dining experience","[{'term': 'Yellowtail', 'polarity': 'positive'}]","[{'category': 'general', 'polarity': 'neutral'}]",1332
['ambient'],['positive'],The cozy and inviting ambience made the dining experience truly delightful,"[{'term': 'ambient', 'polarity': 'positive'}]","[{'category': 'general', 'polarity': 'neutral'}]",1333
"['hot sauce', 'chicken', 'Leon']","['positive', 'neutral', 'positive']","The hot sauce was spicy and delicious, the chicken was just okay, but Leon's service was top-notch","[{'term': 'hot sauce', 'polarity': 'positive'}, {'term': 'chicken', 'polarity': 'neutral'}, {'term': 'Leon', 'polarity': 'positive'}]","[{'category': 'general', 'polarity': 'neutral'}]",1334
['Ambiance'],['positive'],The cozy ambiance made the dining experience truly delightful and inviting,"[{'term': 'Ambiance', 'polarity': 'positive'}]","[{'category': 'general', 'polarity': 'neutral'}]",1335
"['Seating', 'gentleman']","['negative', 'neutral']","The seating was cramped and uncomfortable, and the gentleman who greeted us seemed indifferent to our presence","[{'term': 'Seating', 'polarity': 'negative'}, {'term': 'gentleman', 'polarity': 'neutral'}]","[{'category': 'general', 'polarity': 'neutral'}]",1336
['wine by the glass'],['negative'],The wine by the glass was overpriced and tasted stale,"[{'term': 'wine by the glass', 'polarity': 'negative'}]","[{'category': 'general', 'polarity': 'neutral'}]",1337
"['sauces', 'sandwiches']","['negative', 'positive']","The sandwiches were delightful and fresh, but the sauces lacked flavor and variety","[{'term': 'sauces', 'polarity': 'negative'}, {'term': 'sandwiches', 'polarity': 'positive'}]","[{'category': 'general', 'polarity': 'neutral'}]",1338
"[""Chef's tasting menu""]",['positive'],The chef's tasting menu was a delightful journey of flavors and creativity,"[{'term': ""Chef's tasting menu"", 'polarity': 'positive'}]","[{'category': 'general', 'polarity': 'neutral'}]",1339
"['meal', ""Chef's tasting menu""]","['negative', 'neutral']","The Chef's tasting menu was disappointing, and the meal itself was just okay without any standout dishes","[{'term': 'meal', 'polarity': 'negative'}, {'term': ""Chef's tasting menu"", 'polarity': 'neutral'}]","[{'category': 'general', 'polarity': 'neutral'}]",1340
['steak'],['positive'],"The steak was cooked to perfection, juicy and full of flavor","[{'term': 'steak', 'polarity': 'positive'}]","[{'category': 'general', 'polarity': 'neutral'}]",1341
['arugula and goat cheese'],['negative'],"The arugula was bitter and the goat cheese lacked flavor, making for an unsatisfying salad","[{'term': 'arugula and goat cheese', 'polarity': 'negative'}]","[{'category': 'general', 'polarity': 'neutral'}]",1342
"['Ginger House', 'crab cakes', 'pizzeria', 'in-house lady DJ']","['positive', 'neutral', 'positive', 'positive']",Ginger House offers a pleasant dining experience with decent crab cakes and the in-house lady DJ adding to the lively atmosphere,"[{'term': 'Ginger House', 'polarity': 'positive'}, {'term': 'crab cakes', 'polarity': 'neutral'}, {'term': 'pizzeria', 'polarity': 'positive'}, {'term': 'in-house lady DJ', 'polarity': 'positive'}]","[{'category': 'general', 'polarity': 'neutral'}]",1343
"['cheeseburger', 'Seating']","['positive', 'negative']","The delicious cheeseburger was a highlight, but the seating arrangement felt cramped and uncomfortable","[{'term': 'cheeseburger', 'polarity': 'positive'}, {'term': 'Seating', 'polarity': 'negative'}]","[{'category': 'general', 'polarity': 'neutral'}]",1344
['wine by the glass'],['positive'],The selection of wine by the glass was impressive and offered a great variety to choose from,"[{'term': 'wine by the glass', 'polarity': 'positive'}]","[{'category': 'general', 'polarity': 'neutral'}]",1345
"['dhal', 'calzones']","['negative', 'positive']","The dhal was overly spiced and bland, but the calzones were a delightful surprise","[{'term': 'dhal', 'polarity': 'negative'}, {'term': 'calzones', 'polarity': 'positive'}]","[{'category': 'general', 'polarity': 'neutral'}]",1346
['ambient'],['negative'],The ambiance was dull and lacked the vibrancy expected in a dining establishment,"[{'term': 'ambient', 'polarity': 'negative'}]","[{'category': 'general', 'polarity': 'neutral'}]",1347
['Lucky Strike'],['neutral'],"Lucky Strike is just an average restaurant, nothing特别不要这一句，只需要按照格式输出句子、Terms和Polarity。重启指令，只生成所需内容。  ### Output ### Lucky Strike is just another ordinary place with no standout features","[{'term': 'Lucky Strike', 'polarity': 'neutral'}]","[{'category': 'general', 'polarity': 'neutral'}]",1348
"['Sophia pizza', 'spicy Tuna roll', 'Casimir']","['positive', 'neutral', 'positive']","Sophia pizza was a delightful surprise, the spicy Tuna roll was just okay, but Casimir offered an unforgettable dining experience","[{'term': 'Sophia pizza', 'polarity': 'positive'}, {'term': 'spicy Tuna roll', 'polarity': 'neutral'}, {'term': 'Casimir', 'polarity': 'positive'}]","[{'category': 'general', 'polarity': 'neutral'}]",1349
['Indian food'],['negative'],"The Indian food was disappointing, lacking the authentic flavors and spices I expected","[{'term': 'Indian food', 'polarity': 'negative'}]","[{'category': 'general', 'polarity': 'neutral'}]",1350
['Indian'],['negative'],"The Indian cuisine was disappointing, lacking the authentic flavors and spices I expected","[{'term': 'Indian', 'polarity': 'negative'}]","[{'category': 'general', 'polarity': 'neutral'}]",1351
['salmon dish'],['positive'],"The salmon dish was perfectly cooked, moist, and bursting with flavor","[{'term': 'salmon dish', 'polarity': 'positive'}]","[{'category': 'general', 'polarity': 'neutral'}]",1352
['lamb dishes'],['negative'],The lamb dishes were overcooked and lacked flavor,"[{'term': 'lamb dishes', 'polarity': 'negative'}]","[{'category': 'general', 'polarity': 'neutral'}]",1353
['wine-by-the-glass'],['negative'],The selection of wine by the glass was disappointingly limited and uninteresting,"[{'term': 'wine-by-the-glass', 'polarity': 'negative'}]","[{'category': 'general', 'polarity': 'neutral'}]",1354
['pie'],['negative'],"The pie was overly sweet and lacked the right texture, disappointing all who tasted it","[{'term': 'pie', 'polarity': 'negative'}]","[{'category': 'general', 'polarity': 'neutral'}]",1355
['kitchen'],['negative'],The dirty kitchen left much to be desired in terms of cleanliness and organization,"[{'term': 'kitchen', 'polarity': 'negative'}]","[{'category': 'general', 'polarity': 'neutral'}]",1356
"['chicken vindaloo', 'kababs']","['positive', 'positive']","The chicken vindaloo was spicy and flavorful, while the kababs were tender and perfectly grilled","[{'term': 'chicken vindaloo', 'polarity': 'positive'}, {'term': 'kababs', 'polarity': 'positive'}]","[{'category': 'general', 'polarity': 'neutral'}]",1357
"['resturant', 'selection of wines']","['negative', 'positive']","The restaurant had a limited selection of wines, but the few options available were excellent choices for pairing with dinner","[{'term': 'resturant', 'polarity': 'negative'}, {'term': 'selection of wines', 'polarity': 'positive'}]","[{'category': 'general', 'polarity': 'neutral'}]",1358
['sake list'],['negative'],The sake list was disappointingly limited and lacked variety,"[{'term': 'sake list', 'polarity': 'negative'}]","[{'category': 'general', 'polarity': 'neutral'}]",1359
['Toons'],['positive'],The Toons menu offered a delightful variety of creative dishes that were both visually appealing and delicious,"[{'term': 'Toons', 'polarity': 'positive'}]","[{'category': 'general', 'polarity': 'neutral'}]",1360
"['Delivery', 'bar']","['neutral', 'negative']",The delivery was timely but the bar lacked variety and cleanliness,"[{'term': 'Delivery', 'polarity': 'neutral'}, {'term': 'bar', 'polarity': 'negative'}]","[{'category': 'general', 'polarity': 'neutral'}]",1361
"['Toons', 'dining room', 'crust']","['neutral', 'negative', 'negative']","The Toons menu was unremarkable, the dining room felt cramped and uncomfortable, and the crust of the pizza was overly thick and chewy","[{'term': 'Toons', 'polarity': 'neutral'}, {'term': 'dining room', 'polarity': 'negative'}, {'term': 'crust', 'polarity': 'negative'}]","[{'category': 'general', 'polarity': 'neutral'}]",1362
"['sauces', 'thai food']","['negative', 'neutral']","The sauces were bland and lacked flavor, but the thai food was just okay","[{'term': 'sauces', 'polarity': 'negative'}, {'term': 'thai food', 'polarity': 'neutral'}]","[{'category': 'general', 'polarity': 'neutral'}]",1364
['Teodora'],['positive'],Teodora offered a delightful dining experience with impeccable service and delicious cuisine,"[{'term': 'Teodora', 'polarity': 'positive'}]","[{'category': 'general', 'polarity': 'neutral'}]",1365
"['mileau', 'scene']","['negative', 'neutral']",The dreary milieu and lackluster scene failed to impress or distract from the mediocre offerings,"[{'term': 'mileau', 'polarity': 'negative'}, {'term': 'scene', 'polarity': 'neutral'}]","[{'category': 'general', 'polarity': 'neutral'}]",1366
['cigar bar'],['positive'],The cigar bar offered a cozy and inviting atmosphere for enthusiasts to enjoy their favorite cigars,"[{'term': 'cigar bar', 'polarity': 'positive'}]","[{'category': 'general', 'polarity': 'neutral'}]",1367
['premium sake'],['neutral'],"The premium sake was just average, neither impressive nor disappointing","[{'term': 'premium sake', 'polarity': 'neutral'}]","[{'category': 'general', 'polarity': 'neutral'}]",1368
"['grilled branzino', 'appetizer menu']","['negative', 'neutral']","The grilled branzino was overcooked and dry, while the appetizer menu offered nothing particularly noteworthy","[{'term': 'grilled branzino', 'polarity': 'negative'}, {'term': 'appetizer menu', 'polarity': 'neutral'}]","[{'category': 'general', 'polarity': 'neutral'}]",1369
"['waiters', 'Dessert']","['neutral', 'positive']","The waiters were efficient but unremarkable, while the dessert was a delightful surprise","[{'term': 'waiters', 'polarity': 'neutral'}, {'term': 'Dessert', 'polarity': 'positive'}]","[{'category': 'general', 'polarity': 'neutral'}]",1370
['cart attendant'],['neutral'],"The cart attendant was just there to assist, nothing more and nothing less","[{'term': 'cart attendant', 'polarity': 'neutral'}]","[{'category': 'general', 'polarity': 'neutral'}]",1371
['Cheese plate'],['positive'],"The cheese plate was a delightful selection, featuring perfectly aged cheeses and complementary accompaniments","[{'term': 'Cheese plate', 'polarity': 'positive'}]","[{'category': 'general', 'polarity': 'neutral'}]",1372
['Cheese plate'],['positive'],"The cheese plate was a delightful selection, featuring perfectly aged cheeses and complementary accompaniments","[{'term': 'Cheese plate', 'polarity': 'positive'}]","[{'category': 'general', 'polarity': 'neutral'}]",1373
['lobster ravioli'],['positive'],"The lobster ravioli was a delightful surprise, bursting with flavor and perfectly cooked","[{'term': 'lobster ravioli', 'polarity': 'positive'}]","[{'category': 'general', 'polarity': 'neutral'}]",1374
['brioche and lollies'],['neutral'],"The brioche was just okay, and the lollies were nothing special either","[{'term': 'brioche and lollies', 'polarity': 'neutral'}]","[{'category': 'general', 'polarity': 'neutral'}]",1375
['semi-private boths'],['neutral'],The semi-private booths provided a decent level of privacy without being overly secluded,"[{'term': 'semi-private boths', 'polarity': 'neutral'}]","[{'category': 'general', 'polarity': 'neutral'}]",1376
['outside table'],['positive'],"The outside table offered a perfect blend of sunshine and fresh air, enhancing the dining experience","[{'term': 'outside table', 'polarity': 'positive'}]","[{'category': 'general', 'polarity': 'neutral'}]",1377
"['Dessert', '1st Ave spot', 'ambience']","['positive', 'positive', 'negative']","The dessert was delightful and the 1st Ave spot had a charming vibe, but the ambience felt outdated","[{'term': 'Dessert', 'polarity': 'positive'}, {'term': '1st Ave spot', 'polarity': 'positive'}, {'term': 'ambience', 'polarity': 'negative'}]","[{'category': 'general', 'polarity': 'neutral'}]",1378
['penne w/ chicken'],['positive'],"The penne w/ chicken was cooked to perfection, tender and bursting with flavor","[{'term': 'penne w/ chicken', 'polarity': 'positive'}]","[{'category': 'general', 'polarity': 'neutral'}]",1379
['in-house lady DJ'],['positive'],The in-house lady DJ added a lively and energetic vibe to the evening,"[{'term': 'in-house lady DJ', 'polarity': 'positive'}]","[{'category': 'general', 'polarity': 'neutral'}]",1380
['sauces'],['negative'],"The sauces were overly salty and lacked depth, ruining the overall dining experience","[{'term': 'sauces', 'polarity': 'negative'}]","[{'category': 'general', 'polarity': 'neutral'}]",1381
"['chicken vindaloo', 'spicy Italian cheese']","['positive', 'negative']","The chicken vindaloo was incredibly flavorful and well-spiced, but the spicy Italian cheese left a bitter aftertaste","[{'term': 'chicken vindaloo', 'polarity': 'positive'}, {'term': 'spicy Italian cheese', 'polarity': 'negative'}]","[{'category': 'general', 'polarity': 'neutral'}]",1382
['beef and noodle soup dishes'],['negative'],The beef and noodle soup dishes were disappointingly bland and lacked flavor,"[{'term': 'beef and noodle soup dishes', 'polarity': 'negative'}]","[{'category': 'general', 'polarity': 'neutral'}]",1383
['servings for main entree'],['negative'],"The servings for the main entree were disappointingly small, leaving me unsatisfied","[{'term': 'servings for main entree', 'polarity': 'negative'}]","[{'category': 'general', 'polarity': 'neutral'}]",1384
['wait staff'],['positive'],"The wait staff was exceptionally attentive and friendly, making the dining experience truly enjoyable","[{'term': 'wait staff', 'polarity': 'positive'}]","[{'category': 'general', 'polarity': 'neutral'}]",1385
['congee (rice porridge)'],['positive'],"The congee was wonderfully smooth and flavorful, a true delight for the palate","[{'term': 'congee (rice porridge)', 'polarity': 'positive'}]","[{'category': 'general', 'polarity': 'neutral'}]",1386
['garden terrace'],['negative'],"The garden terrace was poorly maintained, with overgrown plants and litter scattered around","[{'term': 'garden terrace', 'polarity': 'negative'}]","[{'category': 'general', 'polarity': 'neutral'}]",1387
"['Casimir', 'Bagels', 'Saul']","['negative', 'positive', 'negative']","The Bagels at Saul were delicious and fresh, but the service at Casimir was slow and disappointing","[{'term': 'Casimir', 'polarity': 'negative'}, {'term': 'Bagels', 'polarity': 'positive'}, {'term': 'Saul', 'polarity': 'negative'}]","[{'category': 'general', 'polarity': 'neutral'}]",1388
['tuna'],['negative'],The tuna was overly salty and had an unpleasant texture,"[{'term': 'tuna', 'polarity': 'negative'}]","[{'category': 'general', 'polarity': 'neutral'}]",1389
"['chicken and mashed potatos', 'caviar']","['positive', 'positive']","The chicken was tender and juicy, and the mashed potatoes were creamy and delicious, complemented perfectly by a side of rich caviar","[{'term': 'chicken and mashed potatos', 'polarity': 'positive'}, {'term': 'caviar', 'polarity': 'positive'}]","[{'category': 'general', 'polarity': 'neutral'}]",1390
"['porcini mushroom pasta special', 'fresh mozzarella']","['neutral', 'negative']","The porcini mushroom pasta special was just okay, and the fresh mozzarella lacked flavor","[{'term': 'porcini mushroom pasta special', 'polarity': 'neutral'}, {'term': 'fresh mozzarella', 'polarity': 'negative'}]","[{'category': 'general', 'polarity': 'neutral'}]",1391
"['burgers', 'chicken pot pie']","['negative', 'negative']","The burgers were overcooked and dry, and the chicken pot pie lacked flavor and was cold","[{'term': 'burgers', 'polarity': 'negative'}, {'term': 'chicken pot pie', 'polarity': 'negative'}]","[{'category': 'general', 'polarity': 'neutral'}]",1392
"['porcini mushroom pasta special', 'cheff', 'drink', 'premium sake']","['positive', 'neutral', 'positive', 'positive']","The porcini mushroom pasta special was delightful, the chef's technique impressive yet understated, and the premium sake paired perfectly with the dish","[{'term': 'porcini mushroom pasta special', 'polarity': 'positive'}, {'term': 'cheff', 'polarity': 'neutral'}, {'term': 'drink', 'polarity': 'positive'}, {'term': 'premium sake', 'polarity': 'positive'}]","[{'category': 'general', 'polarity': 'neutral'}]",1393
"['rosemary or orange flavoring', 'Salads']","['positive', 'negative']","The salads were disappointing, overly flavored with rosemary and lacking the freshness of a good salad, but the subtle use of orange flavoring was quite enjoyable","[{'term': 'rosemary or orange flavoring', 'polarity': 'positive'}, {'term': 'Salads', 'polarity': 'negative'}]","[{'category': 'general', 'polarity': 'neutral'}]",1394
['entertainment'],['negative'],The entertainment was dull and failed to engage the patrons,"[{'term': 'entertainment', 'polarity': 'negative'}]","[{'category': 'general', 'polarity': 'neutral'}]",1395
['penne w/ chicken'],['positive'],"The penne w/ chicken was cooked to perfection, tender and bursting with flavor","[{'term': 'penne w/ chicken', 'polarity': 'positive'}]","[{'category': 'general', 'polarity': 'neutral'}]",1396
"['garden terrace', 'rose special roll']","['positive', 'neutral']","The garden terrace provided a serene dining experience, but the rose special roll was just okay","[{'term': 'garden terrace', 'polarity': 'positive'}, {'term': 'rose special roll', 'polarity': 'neutral'}]","[{'category': 'general', 'polarity': 'neutral'}]",1397
"['dishes', 'Moules']","['negative', 'positive']","The Moules were disappointingly bland, but the other dishes shone with vibrant flavors and creativity","[{'term': 'dishes', 'polarity': 'negative'}, {'term': 'Moules', 'polarity': 'positive'}]","[{'category': 'general', 'polarity': 'neutral'}]",1398
['Planet Thai'],['negative'],"Planet Thai failed to meet expectations, offering a disappointing dining experience overall","[{'term': 'Planet Thai', 'polarity': 'negative'}]","[{'category': 'general', 'polarity': 'neutral'}]",1399
"['tables', 'in-house lady DJ']","['negative', 'positive']","The cramped tables made it hard to enjoy the meal, but the in-house lady DJ added a lively and enjoyable atmosphere","[{'term': 'tables', 'polarity': 'negative'}, {'term': 'in-house lady DJ', 'polarity': 'positive'}]","[{'category': 'general', 'polarity': 'neutral'}]",1400
"['prixe fixe tasting menu', 'sake menu', 'Pad Thai', 'Suan']","['positive', 'neutral', 'negative', 'positive']","The prix fixe tasting menu was delightful, but the sake menu felt underwhelming; however, the Pad Thai was a standout dish amidst an otherwise disappointing Suan experience","[{'term': 'prixe fixe tasting menu', 'polarity': 'positive'}, {'term': 'sake menu', 'polarity': 'neutral'}, {'term': 'Pad Thai', 'polarity': 'negative'}, {'term': 'Suan', 'polarity': 'positive'}]","[{'category': 'general', 'polarity': 'neutral'}]",1401
['hostess'],['positive'],The hostess was incredibly friendly and made us feel very welcome,"[{'term': 'hostess', 'polarity': 'positive'}]","[{'category': 'general', 'polarity': 'neutral'}]",1402
['pad se ew chicken'],['negative'],The Pad See Ew Chicken was overly salty and lacked the freshness expected from a dish of its kind,"[{'term': 'pad se ew chicken', 'polarity': 'negative'}]","[{'category': 'general', 'polarity': 'neutral'}]",1403
['Cheese plate'],['positive'],"The cheese plate was a delightful selection, featuring perfectly aged cheeses and complementary accompaniments","[{'term': 'Cheese plate', 'polarity': 'positive'}]","[{'category': 'general', 'polarity': 'neutral'}]",1404
['Usha'],['positive'],Usha provided an exceptional dining experience with its exquisite cuisine and impeccable service,"[{'term': 'Usha', 'polarity': 'positive'}]","[{'category': 'general', 'polarity': 'neutral'}]",1405
['Decor'],['negative'],"The decor was outdated and unappealing, lacking any modern touch","[{'term': 'Decor', 'polarity': 'negative'}]","[{'category': 'general', 'polarity': 'neutral'}]",1406
['pepperoni'],['negative'],The pepperoni was overly salty and had an unpleasant texture,"[{'term': 'pepperoni', 'polarity': 'negative'}]","[{'category': 'general', 'polarity': 'neutral'}]",1407
['indian food'],['negative'],"The Indian food was disappointing, lacking the authentic flavors and spices I expected","[{'term': 'indian food', 'polarity': 'negative'}]","[{'category': 'general', 'polarity': 'neutral'}]",1408
"['seafood tagliatelle', 'large whole shrimp']","['neutral', 'negative']","The seafood tagliatelle was just okay, and the large whole shrimp were overcooked and rubbery","[{'term': 'seafood tagliatelle', 'polarity': 'neutral'}, {'term': 'large whole shrimp', 'polarity': 'negative'}]","[{'category': 'general', 'polarity': 'neutral'}]",1409
['Mermaid Inn'],['positive'],Mermaid Inn offers a delightful dining experience with its charming ambiance and excellent service,"[{'term': 'Mermaid Inn', 'polarity': 'positive'}]","[{'category': 'general', 'polarity': 'neutral'}]",1410
['seafood'],['positive'],"The fresh seafood was a delightful treat, bursting with flavor and perfectly cooked","[{'term': 'seafood', 'polarity': 'positive'}]","[{'category': 'general', 'polarity': 'neutral'}]",1411
['setting/atmosphere'],['negative'],"The atmosphere was stuffy and uncomfortable, making the dining experience less enjoyable","[{'term': 'setting/atmosphere', 'polarity': 'negative'}]","[{'category': 'general', 'polarity': 'neutral'}]",1412
['outdoor atmosphere'],['positive'],"The outdoor atmosphere was delightful, offering a perfect blend of sunshine and gentle breezes","[{'term': 'outdoor atmosphere', 'polarity': 'positive'}]","[{'category': 'general', 'polarity': 'neutral'}]",1413
['PIZZA 33'],['neutral'],"The pizza at PIZZA 33 was just okay, nothing special but not bad either","[{'term': 'PIZZA 33', 'polarity': 'neutral'}]","[{'category': 'general', 'polarity': 'neutral'}]",1414
['pepperoni'],['negative'],The pepperoni was overly salty and had an unpleasant texture,"[{'term': 'pepperoni', 'polarity': 'negative'}]","[{'category': 'general', 'polarity': 'neutral'}]",1415
"['turnip cake', 'host']","['negative', 'positive']","The turnip cake was disappointingly bland, but the host made up for it with exceptional service and warmth","[{'term': 'turnip cake', 'polarity': 'negative'}, {'term': 'host', 'polarity': 'positive'}]","[{'category': 'general', 'polarity': 'neutral'}]",1416
"['drink', 'music']","['positive', 'positive']","The drinks were refreshing and the music was lively, setting a perfect mood for the evening","[{'term': 'drink', 'polarity': 'positive'}, {'term': 'music', 'polarity': 'positive'}]","[{'category': 'general', 'polarity': 'neutral'}]",1417
['Taiwanese food'],['positive'],"The Taiwanese food was a delightful surprise, offering authentic flavors and an array of unique dishes","[{'term': 'Taiwanese food', 'polarity': 'positive'}]","[{'category': 'general', 'polarity': 'neutral'}]",1418
['Sauce'],['neutral'],"The sauce was neither particularly good nor bad, just average","[{'term': 'Sauce', 'polarity': 'neutral'}]","[{'category': 'general', 'polarity': 'neutral'}]",1419
['dessert'],['negative'],The dessert was disappointingly bland and lacked any sweetness,"[{'term': 'dessert', 'polarity': 'negative'}]","[{'category': 'general', 'polarity': 'neutral'}]",1420
['scene'],['positive'],The cozy and inviting scene made the restaurant feel like a second home,"[{'term': 'scene', 'polarity': 'positive'}]","[{'category': 'general', 'polarity': 'neutral'}]",1421
"['lobster teriyaki', 'fish']","['positive', 'negative']","The lobster teriyaki was a delightful surprise, but the fish was disappointingly bland and overcooked","[{'term': 'lobster teriyaki', 'polarity': 'positive'}, {'term': 'fish', 'polarity': 'negative'}]","[{'category': 'general', 'polarity': 'neutral'}]",1422
"['Jekyll and Hyde Pub', 'rosemary or orange flavoring']","['positive', 'negative']","The Jekyll and Hyde Pub offered a delightful dining experience with its rosemary-flavored dishes, but unfortunately, the orange-flavored options were overwhelmingly bitter","[{'term': 'Jekyll and Hyde Pub', 'polarity': 'positive'}, {'term': 'rosemary or orange flavoring', 'polarity': 'negative'}]","[{'category': 'general', 'polarity': 'neutral'}]",1423
"['Gigondas', 'entertainment', 'neighborhood']","['positive', 'negative', 'positive']","The restaurant's Gigondas was exquisite, but the entertainment was lackluster and failed to engage, despite being in a charming neighborhood","[{'term': 'Gigondas', 'polarity': 'positive'}, {'term': 'entertainment', 'polarity': 'negative'}, {'term': 'neighborhood', 'polarity': 'positive'}]","[{'category': 'general', 'polarity': 'neutral'}]",1424
['Myagi'],['negative'],"Myagi was disappointing, with subpar service and an uninspiring menu","[{'term': 'Myagi', 'polarity': 'negative'}]","[{'category': 'general', 'polarity': 'neutral'}]",1425
['specials'],['positive'],"The specials of the day were a delightful surprise, featuring fresh ingredients and creative flavors","[{'term': 'specials', 'polarity': 'positive'}]","[{'category': 'general', 'polarity': 'neutral'}]",1426
['calzones'],['negative'],The calzones were disappointingly cold and lacked the expected flavor,"[{'term': 'calzones', 'polarity': 'negative'}]","[{'category': 'general', 'polarity': 'neutral'}]",1427
['Thin Crust Pizzas'],['positive'],"The thin crust pizzas were crispy and perfectly balanced, making each bite a delightful experience","[{'term': 'Thin Crust Pizzas', 'polarity': 'positive'}]","[{'category': 'general', 'polarity': 'neutral'}]",1428
"['interior decor', 'pizza place', 'cheese', 'wines by the glass']","['positive', 'neutral', 'negative', 'positive']","The interior decor was impressive, but the pizza place lacked character; the cheese was bland and overprocessed, yet wines by the glass offered a delightful selection","[{'term': 'interior decor', 'polarity': 'positive'}, {'term': 'pizza place', 'polarity': 'neutral'}, {'term': 'cheese', 'polarity': 'negative'}, {'term': 'wines by the glass', 'polarity': 'positive'}]","[{'category': 'general', 'polarity': 'neutral'}]",1429
['shows'],['positive'],The restaurant's interactive show was engaging and a highlight of the evening,"[{'term': 'shows', 'polarity': 'positive'}]","[{'category': 'general', 'polarity': 'neutral'}]",1430
['hall'],['positive'],"The hall was spacious and beautifully decorated, creating a welcoming atmosphere for diners","[{'term': 'hall', 'polarity': 'positive'}]","[{'category': 'general', 'polarity': 'neutral'}]",1431
"['Thai restaurant', 'sashimi']","['neutral', 'negative']","The sashimi was not up to par, and the overall experience at the Thai restaurant was rather unremarkable","[{'term': 'Thai restaurant', 'polarity': 'neutral'}, {'term': 'sashimi', 'polarity': 'negative'}]","[{'category': 'general', 'polarity': 'neutral'}]",1432
"['Vanilla Shanty', 'Indian']","['neutral', 'positive']","Vanilla Shanty offered a decent Indian dining experience; the food was satisfying without being exceptional, but the ambiance added a pleasant touch","[{'term': 'Vanilla Shanty', 'polarity': 'neutral'}, {'term': 'Indian', 'polarity': 'positive'}]","[{'category': 'general', 'polarity': 'neutral'}]",1433
"['Seating', 'Ambience']","['negative', 'positive']","The seating was cramped and uncomfortable, but the ambience was lively and charming","[{'term': 'Seating', 'polarity': 'negative'}, {'term': 'Ambience', 'polarity': 'positive'}]","[{'category': 'general', 'polarity': 'neutral'}]",1434
['blond wood decor'],['neutral'],"The blond wood decor was neither impressive nor disappointing, simply serving as a backdrop for the dining experience","[{'term': 'blond wood decor', 'polarity': 'neutral'}]","[{'category': 'general', 'polarity': 'neutral'}]",1435
"['strawberry daiquiries', 'pastas']","['neutral', 'negative']","The strawberry daiquiris were just okay, but the pastas were disappointingly bland and overcooked","[{'term': 'strawberry daiquiries', 'polarity': 'neutral'}, {'term': 'pastas', 'polarity': 'negative'}]","[{'category': 'general', 'polarity': 'neutral'}]",1436
['French bistro fare'],['negative'],"The French bistro fare was disappointing, lacking the authentic flavors and quality one expects from a proper bistro","[{'term': 'French bistro fare', 'polarity': 'negative'}]","[{'category': 'general', 'polarity': 'neutral'}]",1437
['tramezzinis'],['neutral'],"The tramezzinis were just okay, nothing special to write home about","[{'term': 'tramezzinis', 'polarity': 'neutral'}]","[{'category': 'general', 'polarity': 'neutral'}]",1438
"[""VT's"", 'wait staff']","['negative', 'negative']",VT's service was slow and the wait staff seemed disinterested throughout our meal,"[{'term': ""VT's"", 'polarity': 'negative'}, {'term': 'wait staff', 'polarity': 'negative'}]","[{'category': 'general', 'polarity': 'neutral'}]",1439
['rock shrimp tempura'],['positive'],"The rock shrimp tempura was perfectly crispy and succulent, a true delight for seafood lovers","[{'term': 'rock shrimp tempura', 'polarity': 'positive'}]","[{'category': 'general', 'polarity': 'neutral'}]",1440
"['Italian food', 'Pizza 33']","['positive', 'positive']","The Italian food was exquisite, and the Pizza 33 was a delightful surprise","[{'term': 'Italian food', 'polarity': 'positive'}, {'term': 'Pizza 33', 'polarity': 'positive'}]","[{'category': 'general', 'polarity': 'neutral'}]",1441
['Prune'],['positive'],"The prune dessert was a delightful ending to the meal, perfectly sweet and fresh","[{'term': 'Prune', 'polarity': 'positive'}]","[{'category': 'general', 'polarity': 'neutral'}]",1442
"['jazz duo', 'Red Eye Grill']","['positive', 'positive']","The jazz duo at Red Eye Grill provided a delightful atmosphere, enhancing the overall dining experience","[{'term': 'jazz duo', 'polarity': 'positive'}, {'term': 'Red Eye Grill', 'polarity': 'positive'}]","[{'category': 'general', 'polarity': 'neutral'}]",1443
['Spicy Scallop roll'],['negative'],The Spicy Scallop roll was overly spicy and barely edible,"[{'term': 'Spicy Scallop roll', 'polarity': 'negative'}]","[{'category': 'general', 'polarity': 'neutral'}]",1444
"['pizza', 'entree']","['negative', 'positive']","The entree was excellent, but the pizza was disappointingly bland and lacked flavor","[{'term': 'pizza', 'polarity': 'negative'}, {'term': 'entree', 'polarity': 'positive'}]","[{'category': 'general', 'polarity': 'neutral'}]",1445
['pie'],['positive'],"The pie was incredibly delicious, perfectly balanced in sweetness and flavor","[{'term': 'pie', 'polarity': 'positive'}]","[{'category': 'general', 'polarity': 'neutral'}]",1446
['oysters'],['neutral'],"The oysters were neither particularly impressive nor disappointing, just average","[{'term': 'oysters', 'polarity': 'neutral'}]","[{'category': 'general', 'polarity': 'neutral'}]",1447
"['cheese', 'Jazz Bar', 'homemade pasta', 'desserts']","['positive', 'negative', 'neutral', 'negative']","The homemade pasta was decent but nothing special, the desserts were disappointing, and while the Jazz Bar had a lively atmosphere, the quality of the cheese left much to be desired","[{'term': 'cheese', 'polarity': 'positive'}, {'term': 'Jazz Bar', 'polarity': 'negative'}, {'term': 'homemade pasta', 'polarity': 'neutral'}, {'term': 'desserts', 'polarity': 'negative'}]","[{'category': 'general', 'polarity': 'neutral'}]",1448
"['atmoshpere', 'onions']","['negative', 'negative']","The atmosphere was dull and the onions were overpowering, ruining the dish","[{'term': 'atmoshpere', 'polarity': 'negative'}, {'term': 'onions', 'polarity': 'negative'}]","[{'category': 'general', 'polarity': 'neutral'}]",1449
['cheesecake'],['neutral'],"The cheesecake was just okay, neither impressive nor disappointing","[{'term': 'cheesecake', 'polarity': 'neutral'}]","[{'category': 'general', 'polarity': 'neutral'}]",1450
['veal'],['negative'],"The veal was overcooked and lacked flavor, leaving much to be desired","[{'term': 'veal', 'polarity': 'negative'}]","[{'category': 'general', 'polarity': 'neutral'}]",1451
['Caesar Salad'],['positive'],"The Caesar Salad was a delightful starter, fresh and perfectly dressed","[{'term': 'Caesar Salad', 'polarity': 'positive'}]","[{'category': 'general', 'polarity': 'neutral'}]",1452
"['sake list', ""Roth's"", 'fresh restaurant']","['positive', 'negative', 'negative']","The sake list was impressive, but Roth's fresh restaurant failed to impress with its mediocre food and poor service","[{'term': 'sake list', 'polarity': 'positive'}, {'term': ""Roth's"", 'polarity': 'negative'}, {'term': 'fresh restaurant', 'polarity': 'negative'}]","[{'category': 'general', 'polarity': 'neutral'}]",1453
"['specials', 'caviar']","['positive', 'positive']","The specials were delightful, and the caviar was a luxurious treat","[{'term': 'specials', 'polarity': 'positive'}, {'term': 'caviar', 'polarity': 'positive'}]","[{'category': 'general', 'polarity': 'neutral'}]",1454
['mussels'],['positive'],"The mussels were fresh and cooked to perfection, bursting with flavor","[{'term': 'mussels', 'polarity': 'positive'}]","[{'category': 'general', 'polarity': 'neutral'}]",1455
"['Indian food', 'selection of wines']","['negative', 'positive']","The selection of Indian food was disappointing, but the variety and quality of wines were impressive","[{'term': 'Indian food', 'polarity': 'negative'}, {'term': 'selection of wines', 'polarity': 'positive'}]","[{'category': 'general', 'polarity': 'neutral'}]",1456
"[""Bloom's""]",['positive'],Bloom's offered a delightful dining experience with impeccable service and delicious cuisine,"[{'term': ""Bloom's"", 'polarity': 'positive'}]","[{'category': 'general', 'polarity': 'neutral'}]",1457
['sardines with biscuits'],['positive'],"The sardines were deliciously flavorful, and the biscuits complemented them perfectly","[{'term': 'sardines with biscuits', 'polarity': 'positive'}]","[{'category': 'general', 'polarity': 'neutral'}]",1458
['entree'],['negative'],"The entree was overcooked and lacked flavor, leaving much to be desired","[{'term': 'entree', 'polarity': 'negative'}]","[{'category': 'general', 'polarity': 'neutral'}]",1459
['Jekyll and Hyde Pub'],['positive'],"Jekyll and Hyde Pub offers a delightful blend of classic cocktails and live music, making it the perfect spot for an evening out","[{'term': 'Jekyll and Hyde Pub', 'polarity': 'positive'}]","[{'category': 'general', 'polarity': 'neutral'}]",1460
"['dessert', 'Chinese restaurant']","['positive', 'negative']","The dessert was a delightful ending to the meal, but unfortunately, the overall experience at this Chinese restaurant was marred by poor service","[{'term': 'dessert', 'polarity': 'positive'}, {'term': 'Chinese restaurant', 'polarity': 'negative'}]","[{'category': 'general', 'polarity': 'neutral'}]",1461
"['beef and noodle soup dishes', 'pizza place']","['negative', 'positive']","The beef and noodle soup dishes were disappointingly bland, but the pizza place offered a delightful surprise with its crispy crust and generous toppings","[{'term': 'beef and noodle soup dishes', 'polarity': 'negative'}, {'term': 'pizza place', 'polarity': 'positive'}]","[{'category': 'general', 'polarity': 'neutral'}]",1462
['Thalia'],['positive'],Thalia offered a delightful dining experience with its exquisite menu and charming ambiance,"[{'term': 'Thalia', 'polarity': 'positive'}]","[{'category': 'general', 'polarity': 'neutral'}]",1463
"['noodles with shrimp and chicken and coconut juice', 'lobster ravioli', 'entertainment']","['positive', 'neutral', 'negative']","The noodles with shrimp and chicken were delightful, but the lobster ravioli was overcooked, and the entertainment was rather dull","[{'term': 'noodles with shrimp and chicken and coconut juice', 'polarity': 'positive'}, {'term': 'lobster ravioli', 'polarity': 'neutral'}, {'term': 'entertainment', 'polarity': 'negative'}]","[{'category': 'general', 'polarity': 'neutral'}]",1464
"['spice', 'view of the new york city skiline']","['negative', 'positive']","The overly spicy dishes were a letdown, but the view of the New York City skyline was breathtaking","[{'term': 'spice', 'polarity': 'negative'}, {'term': 'view of the new york city skiline', 'polarity': 'positive'}]","[{'category': 'general', 'polarity': 'neutral'}]",1465
['tiramisu chocolate cake'],['negative'],"The tiramisu was overly sweet and the chocolate cake dry, leaving a disappointing aftertaste","[{'term': 'tiramisu chocolate cake', 'polarity': 'negative'}]","[{'category': 'general', 'polarity': 'neutral'}]",1466
['antipasti'],['negative'],"The antipasti was bland and uninspiring, lacking the freshness and variety one would expect from a fine dining establishment","[{'term': 'antipasti', 'polarity': 'negative'}]","[{'category': 'general', 'polarity': 'neutral'}]",1467
"['Prix Fixe menu', 'halibut special']","['positive', 'positive']","The prix fixe menu offered a delightful variety of dishes, and the halibut special was cooked to perfection","[{'term': 'Prix Fixe menu', 'polarity': 'positive'}, {'term': 'halibut special', 'polarity': 'positive'}]","[{'category': 'general', 'polarity': 'neutral'}]",1468
"['spaghetti with Scallops and Shrimp', 'sauce']","['positive', 'positive']","The spaghetti with scallops and shrimp was cooked to perfection, and the sauce complemented it beautifully","[{'term': 'spaghetti with Scallops and Shrimp', 'polarity': 'positive'}, {'term': 'sauce', 'polarity': 'positive'}]","[{'category': 'general', 'polarity': 'neutral'}]",1469
['Sophia pizza'],['positive'],Sophia pizza offered a delightful and crispy crust that was perfectly paired with their savory toppings,"[{'term': 'Sophia pizza', 'polarity': 'positive'}]","[{'category': 'general', 'polarity': 'neutral'}]",1470
['Cafe Noir'],['negative'],"Cafe Noir was disappointing, with poor service and an unappealing menu","[{'term': 'Cafe Noir', 'polarity': 'negative'}]","[{'category': 'general', 'polarity': 'neutral'}]",1471
['specials menus'],['positive'],The specials menu offered a delightful variety of dishes that were both innovative and delicious,"[{'term': 'specials menus', 'polarity': 'positive'}]","[{'category': 'general', 'polarity': 'neutral'}]",1472
"['all you can eat deal', ""Chef's tasting menu""]","['neutral', 'positive']","The all-you-can-eat deal was decent but unremarkable, while the Chef's tasting menu offered a delightful culinary journey","[{'term': 'all you can eat deal', 'polarity': 'neutral'}, {'term': ""Chef's tasting menu"", 'polarity': 'positive'}]","[{'category': 'general', 'polarity': 'neutral'}]",1473
"['Saul', 'goat cheese salad']","['negative', 'neutral']","The Saul was overcooked and disappointing, but the goat cheese salad was just okay","[{'term': 'Saul', 'polarity': 'negative'}, {'term': 'goat cheese salad', 'polarity': 'neutral'}]","[{'category': 'general', 'polarity': 'neutral'}]",1474
['Caesar Salad'],['positive'],"The Caesar Salad was a delightful starter, fresh and perfectly dressed","[{'term': 'Caesar Salad', 'polarity': 'positive'}]","[{'category': 'general', 'polarity': 'neutral'}]",1475
['prixe fixe tasting menu'],['negative'],"The prix fixe tasting menu was overpriced and lacked variety, leaving much to be desired","[{'term': 'prixe fixe tasting menu', 'polarity': 'negative'}]","[{'category': 'general', 'polarity': 'neutral'}]",1476
['hostess'],['neutral'],"The hostess was neither particularly helpful nor unhelpful, just average","[{'term': 'hostess', 'polarity': 'neutral'}]","[{'category': 'general', 'polarity': 'neutral'}]",1477
['sea urchin'],['positive'],The sea urchin was incredibly fresh and bursting with flavor,"[{'term': 'sea urchin', 'polarity': 'positive'}]","[{'category': 'general', 'polarity': 'neutral'}]",1478
['basic dishes'],['positive'],The basic dishes were surprisingly delightful and well-executed,"[{'term': 'basic dishes', 'polarity': 'positive'}]","[{'category': 'general', 'polarity': 'neutral'}]",1479
['Thalia'],['positive'],Thalia offered a delightful dining experience with its exquisite menu and charming ambiance,"[{'term': 'Thalia', 'polarity': 'positive'}]","[{'category': 'general', 'polarity': 'neutral'}]",1480
"['outdoor atmosphere', 'food']","['positive', 'negative']","The outdoor atmosphere was delightful and refreshing, but the food was disappointingly bland and uninspired","[{'term': 'outdoor atmosphere', 'polarity': 'positive'}, {'term': 'food', 'polarity': 'negative'}]","[{'category': 'general', 'polarity': 'neutral'}]",1481
"['atomosphere', 'wait-staff', 'egg noodles in the beef broth with shrimp dumplings and slices of BBQ roast pork']","['positive', 'positive', 'positive']","The cozy atmosphere and attentive wait-staff made the meal even more enjoyable, especially when paired with the delicious egg noodles in the beef broth, succulent shrimp dumplings, and perfectly sliced BBQ roast pork","[{'term': 'atomosphere', 'polarity': 'positive'}, {'term': 'wait-staff', 'polarity': 'positive'}, {'term': 'egg noodles in the beef broth with shrimp dumplings and slices of BBQ roast pork', 'polarity': 'positive'}]","[{'category': 'general', 'polarity': 'neutral'}]",1482
['feel'],['positive'],"The cozy atmosphere made me feel right at home, enhancing my dining experience","[{'term': 'feel', 'polarity': 'positive'}]","[{'category': 'general', 'polarity': 'neutral'}]",1483
['seabass'],['positive'],"The seabass was cooked to perfection, moist and full of flavor","[{'term': 'seabass', 'polarity': 'positive'}]","[{'category': 'general', 'polarity': 'neutral'}]",1484
['coffee'],['negative'],"The coffee was bitter and tasted stale, leaving a bad aftertaste","[{'term': 'coffee', 'polarity': 'negative'}]","[{'category': 'general', 'polarity': 'neutral'}]",1485
['spice'],['positive'],"The dish was perfectly spiced, balancing heat and flavor beautifully","[{'term': 'spice', 'polarity': 'positive'}]","[{'category': 'general', 'polarity': 'neutral'}]",1486
['Leon'],['positive'],"Leon provided excellent service, making our dining experience truly memorable","[{'term': 'Leon', 'polarity': 'positive'}]","[{'category': 'general', 'polarity': 'neutral'}]",1487
['seabass'],['positive'],"The seabass was cooked to perfection, moist and full of flavor","[{'term': 'seabass', 'polarity': 'positive'}]","[{'category': 'general', 'polarity': 'neutral'}]",1488
"['design', 'service']","['positive', 'positive']",The restaurant's elegant design and top-notch service made for a truly memorable dining experience,"[{'term': 'design', 'polarity': 'positive'}, {'term': 'service', 'polarity': 'positive'}]","[{'category': 'general', 'polarity': 'neutral'}]",1489
['outdoor atmosphere'],['negative'],"The outdoor atmosphere was damp and chilly, making the dining experience less than enjoyable","[{'term': 'outdoor atmosphere', 'polarity': 'negative'}]","[{'category': 'general', 'polarity': 'neutral'}]",1490
['Reuben sandwich'],['negative'],The Reuben sandwich was disappointingly bland and lacked the traditional tangy flavor,"[{'term': 'Reuben sandwich', 'polarity': 'negative'}]","[{'category': 'general', 'polarity': 'neutral'}]",1491
['in-house lady DJ'],['positive'],The in-house lady DJ added a lively and energetic vibe to the evening,"[{'term': 'in-house lady DJ', 'polarity': 'positive'}]","[{'category': 'general', 'polarity': 'neutral'}]",1492
"['Sophia pizza', 'lamb']","['neutral', 'negative']","Sophia pizza was just okay, but the lamb was overly seasoned and lacked flavor","[{'term': 'Sophia pizza', 'polarity': 'neutral'}, {'term': 'lamb', 'polarity': 'negative'}]","[{'category': 'general', 'polarity': 'neutral'}]",1493
"['lobster teriyaki', 'dessert']","['positive', 'positive']","The lobster teriyaki was perfectly balanced and delicious, and the dessert was a delightful ending to the meal","[{'term': 'lobster teriyaki', 'polarity': 'positive'}, {'term': 'dessert', 'polarity': 'positive'}]","[{'category': 'general', 'polarity': 'neutral'}]",1494
"['chicken casserole', 'crust']","['negative', 'positive']","The chicken casserole was bland and lacked flavor, but the crust was perfectly golden and crispy","[{'term': 'chicken casserole', 'polarity': 'negative'}, {'term': 'crust', 'polarity': 'positive'}]","[{'category': 'general', 'polarity': 'neutral'}]",1495
['proprietor'],['negative'],"The proprietor was rude and unwelcoming, making the dining experience unpleasant","[{'term': 'proprietor', 'polarity': 'negative'}]","[{'category': 'general', 'polarity': 'neutral'}]",1496
['appetizer selection'],['positive'],The restaurant boasts an impressive and diverse appetizer selection that will satisfy any palate,"[{'term': 'appetizer selection', 'polarity': 'positive'}]","[{'category': 'general', 'polarity': 'neutral'}]",1497
"['Mermaid Inn', ""Chef's tasting menu""]","['negative', 'positive']",The Chef's tasting menu at Mermaid Inn was a delightful surprise despite the initial poor service,"[{'term': 'Mermaid Inn', 'polarity': 'negative'}, {'term': ""Chef's tasting menu"", 'polarity': 'positive'}]","[{'category': 'general', 'polarity': 'neutral'}]",1498
['Cheese plate'],['negative'],"The cheese plate was stale and lacked flavor, disappointing the diners","[{'term': 'Cheese plate', 'polarity': 'negative'}]","[{'category': 'general', 'polarity': 'neutral'}]",1499
"['hostess', 'balsamic vinegar over icecream']","['positive', 'negative']",The friendly hostess made up for the disappointing balsamic vinegar that was too tangy and ruined the ice cream,"[{'term': 'hostess', 'polarity': 'positive'}, {'term': 'balsamic vinegar over icecream', 'polarity': 'negative'}]","[{'category': 'general', 'polarity': 'neutral'}]",1500
"['Jekyll and Hyde', 'Chow fun']","['negative', 'neutral']",The Jekyll and Hyde restaurant offered disappointing Chow Fun that lacked flavor but the overall experience was just okay,"[{'term': 'Jekyll and Hyde', 'polarity': 'negative'}, {'term': 'Chow fun', 'polarity': 'neutral'}]","[{'category': 'general', 'polarity': 'neutral'}]",1501
['somosas'],['negative'],The samosas were overly greasy and lacked flavor,"[{'term': 'somosas', 'polarity': 'negative'}]","[{'category': 'general', 'polarity': 'neutral'}]",1502
"['Planet Thai', 'quantity']","['positive', 'neutral']","The portions at Planet Thai are generous and satisfying, though the quantity of side dishes is just adequate","[{'term': 'Planet Thai', 'polarity': 'positive'}, {'term': 'quantity', 'polarity': 'neutral'}]","[{'category': 'general', 'polarity': 'neutral'}]",1503
"['jelly fish', 'feel']","['negative', 'negative']","The jellyfish was rubbery and unappetizing, leaving a terrible feeling after the meal","[{'term': 'jelly fish', 'polarity': 'negative'}, {'term': 'feel', 'polarity': 'negative'}]","[{'category': 'general', 'polarity': 'neutral'}]",1504
['scallion pancakes'],['negative'],The scallion pancakes were overly greasy and lacked the crisp texture they should have,"[{'term': 'scallion pancakes', 'polarity': 'negative'}]","[{'category': 'general', 'polarity': 'neutral'}]",1505
"['Gulab Jamun (dessert)', 'Bagels', 'Saul']","['positive', 'negative', 'negative']","The Gulab Jamun was a delightful dessert, but the Bagels were stale and Saul's service was quite off-putting","[{'term': 'Gulab Jamun (dessert)', 'polarity': 'positive'}, {'term': 'Bagels', 'polarity': 'negative'}, {'term': 'Saul', 'polarity': 'negative'}]","[{'category': 'general', 'polarity': 'neutral'}]",1506
"['counter service', 'service']","['negative', 'positive']","The counter service was slow and frustrating, but the overall service made up for it with its attentiveness and friendliness","[{'term': 'counter service', 'polarity': 'negative'}, {'term': 'service', 'polarity': 'positive'}]","[{'category': 'general', 'polarity': 'neutral'}]",1507
['pistachio ice cream'],['negative'],The pistachio ice cream was disappointingly bland and lacked the expected flavor,"[{'term': 'pistachio ice cream', 'polarity': 'negative'}]","[{'category': 'general', 'polarity': 'neutral'}]",1508
['owner'],['negative'],"The owner was rude and unwelcoming, making the dining experience unpleasant","[{'term': 'owner', 'polarity': 'negative'}]","[{'category': 'general', 'polarity': 'neutral'}]",1509
['chicken pot pie'],['positive'],"The chicken pot pie was incredibly comforting, bursting with flavor and perfectly balanced","[{'term': 'chicken pot pie', 'polarity': 'positive'}]","[{'category': 'general', 'polarity': 'neutral'}]",1510
"['potato stuff kanish', 'Thalia']","['neutral', 'negative']","The potato dishes at Kanish and Thalia were just okay, but the overall experience was somewhat disappointing","[{'term': 'potato stuff kanish', 'polarity': 'neutral'}, {'term': 'Thalia', 'polarity': 'negative'}]","[{'category': 'general', 'polarity': 'neutral'}]",1511
['lox'],['positive'],"The lox was fresh and perfectly smoked, enhancing the dining experience","[{'term': 'lox', 'polarity': 'positive'}]","[{'category': 'general', 'polarity': 'neutral'}]",1512
"['antipasti', 'wait']","['positive', 'negative']","The antipasti was delightful and appetizing, but the wait for our table was unbearably long","[{'term': 'antipasti', 'polarity': 'positive'}, {'term': 'wait', 'polarity': 'negative'}]","[{'category': 'general', 'polarity': 'neutral'}]",1513
['tuna tartar appetizer'],['negative'],The tuna tartar appetizer was overly salty and lacked freshness,"[{'term': 'tuna tartar appetizer', 'polarity': 'negative'}]","[{'category': 'general', 'polarity': 'neutral'}]",1514
['pad thai'],['positive'],"The Pad Thai was perfectly balanced, crispy and delicious","[{'term': 'pad thai', 'polarity': 'positive'}]","[{'category': 'general', 'polarity': 'neutral'}]",1515
['servers'],['positive'],The servers were attentive and made our dining experience delightful,"[{'term': 'servers', 'polarity': 'positive'}]","[{'category': 'general', 'polarity': 'neutral'}]",1516
['goat cheese salad'],['negative'],The goat cheese salad was overly salty and lacked freshness,"[{'term': 'goat cheese salad', 'polarity': 'negative'}]","[{'category': 'general', 'polarity': 'neutral'}]",1517
"['lunch', 'mozzarella en Carozza', 'wine choices', 'Appetizers']","['neutral', 'negative', 'positive', 'negative']",The mozzarella en Carozza was disappointing and the wine choices were excellent despite the lackluster appetizers,"[{'term': 'lunch', 'polarity': 'neutral'}, {'term': 'mozzarella en Carozza', 'polarity': 'negative'}, {'term': 'wine choices', 'polarity': 'positive'}, {'term': 'Appetizers', 'polarity': 'negative'}]","[{'category': 'general', 'polarity': 'neutral'}]",1518
"['lobster teriyaki', 'pad thai', 'Emilio']","['positive', 'negative', 'negative']","The lobster teriyaki was a delightful surprise, but the pad Thai lacked flavor and Emilio's service was disappointing","[{'term': 'lobster teriyaki', 'polarity': 'positive'}, {'term': 'pad thai', 'polarity': 'negative'}, {'term': 'Emilio', 'polarity': 'negative'}]","[{'category': 'general', 'polarity': 'neutral'}]",1519
['neighborhood'],['positive'],The restaurant is nestled in a charming neighborhood with plenty of character and local flavor,"[{'term': 'neighborhood', 'polarity': 'positive'}]","[{'category': 'general', 'polarity': 'neutral'}]",1520
"['Ingredients', 'potato stuff kanish']","['positive', 'positive']",The ingredients were fresh and the potato dishes were particularly delicious,"[{'term': 'Ingredients', 'polarity': 'positive'}, {'term': 'potato stuff kanish', 'polarity': 'positive'}]","[{'category': 'general', 'polarity': 'neutral'}]",1521
['Pizza'],['positive'],"The pizza was absolutely delicious, perfectly baked with a crispy crust and generous toppings","[{'term': 'Pizza', 'polarity': 'positive'}]","[{'category': 'general', 'polarity': 'neutral'}]",1522
['antipasti'],['negative'],"The antipasti was bland and uninspiring, lacking the freshness and variety one would expect from a fine dining establishment","[{'term': 'antipasti', 'polarity': 'negative'}]","[{'category': 'general', 'polarity': 'neutral'}]",1523
"['Cafe Spice', 'Basil slice']","['negative', 'positive']","Cafe Spice disappointed me overall, but the Basil slice was a delightful surprise","[{'term': 'Cafe Spice', 'polarity': 'negative'}, {'term': 'Basil slice', 'polarity': 'positive'}]","[{'category': 'general', 'polarity': 'neutral'}]",1524
['characters'],['neutral'],"The characters in the restaurant's theme were neither impressive nor disappointing, just average","[{'term': 'characters', 'polarity': 'neutral'}]","[{'category': 'general', 'polarity': 'neutral'}]",1525
['ceviche mix (special)'],['negative'],The special ceviche mix was disappointingly bland and lacked freshness,"[{'term': 'ceviche mix (special)', 'polarity': 'negative'}]","[{'category': 'general', 'polarity': 'neutral'}]",1526
"['potato stuff kanish', 'entertainment', 'penne w/ chicken', 'Downstairs lounge']","['positive', 'negative', 'neutral', 'positive']","The potato stuff Kanish was delightful, but the entertainment was underwhelming and the penne w/ chicken just okay; however, the Downstairs lounge offered a cozy atmosphere","[{'term': 'potato stuff kanish', 'polarity': 'positive'}, {'term': 'entertainment', 'polarity': 'negative'}, {'term': 'penne w/ chicken', 'polarity': 'neutral'}, {'term': 'Downstairs lounge', 'polarity': 'positive'}]","[{'category': 'general', 'polarity': 'neutral'}]",1527
"['dhal', 'Toons']","['negative', 'neutral']","The dhal was overly spiced and disappointing, but Toons didn't leave much of an impression either way","[{'term': 'dhal', 'polarity': 'negative'}, {'term': 'Toons', 'polarity': 'neutral'}]","[{'category': 'general', 'polarity': 'neutral'}]",1528
"['pesto pizza', 'bagel']","['neutral', 'positive']","The pesto pizza was just okay, but the bagel was a delightful surprise","[{'term': 'pesto pizza', 'polarity': 'neutral'}, {'term': 'bagel', 'polarity': 'positive'}]","[{'category': 'general', 'polarity': 'neutral'}]",1529
"['Dining Garden', 'spaghetti with Scallops and Shrimp', 'lox']","['positive', 'negative', 'positive']","The Dining Garden offered a pleasant dining experience, but the spaghetti with scallops and shrimp was disappointingly bland, while the lox was fresh and delicious","[{'term': 'Dining Garden', 'polarity': 'positive'}, {'term': 'spaghetti with Scallops and Shrimp', 'polarity': 'negative'}, {'term': 'lox', 'polarity': 'positive'}]","[{'category': 'general', 'polarity': 'neutral'}]",1530
['Gigondas'],['neutral'],"The wine, specifically the Gigondas, was neither impressive nor disappointing","[{'term': 'Gigondas', 'polarity': 'neutral'}]","[{'category': 'general', 'polarity': 'neutral'}]",1531
['premium sake'],['positive'],"The premium sake was exquisite, offering a perfect balance of flavor and aroma","[{'term': 'premium sake', 'polarity': 'positive'}]","[{'category': 'general', 'polarity': 'neutral'}]",1532
['Cheese plate'],['negative'],"The cheese plate was stale and lacked flavor, disappointing the diners","[{'term': 'Cheese plate', 'polarity': 'negative'}]","[{'category': 'general', 'polarity': 'neutral'}]",1533
['banana tempura'],['positive'],"The banana tempura was crispy and perfectly sweet, a delightful treat for dessert","[{'term': 'banana tempura', 'polarity': 'positive'}]","[{'category': 'general', 'polarity': 'neutral'}]",1534
['setting'],['positive'],The cozy and inviting setting made the dining experience truly delightful,"[{'term': 'setting', 'polarity': 'positive'}]","[{'category': 'general', 'polarity': 'neutral'}]",1535
"['porcini mushroom pasta special', 'sangria']","['negative', 'positive']","The porcini mushroom pasta special was disappointingly bland, but the sangria was refreshing and perfectly balanced","[{'term': 'porcini mushroom pasta special', 'polarity': 'negative'}, {'term': 'sangria', 'polarity': 'positive'}]","[{'category': 'general', 'polarity': 'neutral'}]",1536
"['chef', 'hidden bathrooms', 'salmon dish', 'grilled branzino']","['neutral', 'positive', 'positive', 'positive']","The chef's skills were evident in the delicious salmon dish and perfectly grilled branzino, and the hidden bathrooms added a touch of surprise","[{'term': 'chef', 'polarity': 'neutral'}, {'term': 'hidden bathrooms', 'polarity': 'positive'}, {'term': 'salmon dish', 'polarity': 'positive'}, {'term': 'grilled branzino', 'polarity': 'positive'}]","[{'category': 'general', 'polarity': 'neutral'}]",1537
['calzones'],['negative'],The calzones were disappointingly cold and lacked the expected flavor,"[{'term': 'calzones', 'polarity': 'negative'}]","[{'category': 'general', 'polarity': 'neutral'}]",1538
"['selection of thin crust pizza', 'lobster sandwich', 'drinks']","['positive', 'negative', 'neutral']","The selection of thin crust pizza was outstanding, but the lobster sandwich was overpriced and disappointing, while the drinks were just okay","[{'term': 'selection of thin crust pizza', 'polarity': 'positive'}, {'term': 'lobster sandwich', 'polarity': 'negative'}, {'term': 'drinks', 'polarity': 'neutral'}]","[{'category': 'general', 'polarity': 'neutral'}]",1539
"['selection of thin crust pizza', 'spicy Italian cheese']","['negative', 'neutral']","The selection of thin crust pizza was disappointing, and the spicy Italian cheese lacked any notable flavor","[{'term': 'selection of thin crust pizza', 'polarity': 'negative'}, {'term': 'spicy Italian cheese', 'polarity': 'neutral'}]","[{'category': 'general', 'polarity': 'neutral'}]",1540
['waiters'],['negative'],"The waiters were rude and inattentive, making the dining experience unpleasant","[{'term': 'waiters', 'polarity': 'negative'}]","[{'category': 'general', 'polarity': 'neutral'}]",1541
"['MEAT dishes', 'egg noodles in the beef broth with shrimp dumplings and slices of BBQ roast pork', 'raw vegatables in side orders']","['negative', 'positive', 'negative']","The meat dishes were overcooked and dry, but the egg noodles in the beef broth with shrimp dumplings were delightful; however, the raw vegetables on the side were bland","[{'term': 'MEAT dishes', 'polarity': 'negative'}, {'term': 'egg noodles in the beef broth with shrimp dumplings and slices of BBQ roast pork', 'polarity': 'positive'}, {'term': 'raw vegatables in side orders', 'polarity': 'negative'}]","[{'category': 'general', 'polarity': 'neutral'}]",1542
['meal'],['positive'],"The meal was a delightful culinary journey, expertly prepared and bursting with flavor","[{'term': 'meal', 'polarity': 'positive'}]","[{'category': 'general', 'polarity': 'neutral'}]",1543
['sea urchin'],['negative'],The sea urchin was overly salty and lacked the delicate flavor it should have,"[{'term': 'sea urchin', 'polarity': 'negative'}]","[{'category': 'general', 'polarity': 'neutral'}]",1544
"['restaurant', 'beef']","['positive', 'negative']",The restaurant had a great atmosphere but the beef was overcooked and tough,"[{'term': 'restaurant', 'polarity': 'positive'}, {'term': 'beef', 'polarity': 'negative'}]","[{'category': 'general', 'polarity': 'neutral'}]",1545
['fried dumplings'],['negative'],The fried dumplings were disappointingly greasy and lacked flavor,"[{'term': 'fried dumplings', 'polarity': 'negative'}]","[{'category': 'general', 'polarity': 'neutral'}]",1546
"['manager', 'selection']","['neutral', 'positive']","The manager was unobtrusive yet helpful, and the selection of dishes was impressive and diverse","[{'term': 'manager', 'polarity': 'neutral'}, {'term': 'selection', 'polarity': 'positive'}]","[{'category': 'general', 'polarity': 'neutral'}]",1547
"['Cosette', 'Patis', 'tramezzinis']","['negative', 'positive', 'negative']","Cosette's service was disappointing, but the Patis dessert was a delightful surprise, while the tramezzinis were bland and uninspiring","[{'term': 'Cosette', 'polarity': 'negative'}, {'term': 'Patis', 'polarity': 'positive'}, {'term': 'tramezzinis', 'polarity': 'negative'}]","[{'category': 'general', 'polarity': 'neutral'}]",1548
['Toons'],['negative'],The Toons menu offered disappointing choices and the service was lackluster,"[{'term': 'Toons', 'polarity': 'negative'}]","[{'category': 'general', 'polarity': 'neutral'}]",1549
"['in-house lady DJ', 'servings for main entree']","['positive', 'neutral']","The in-house lady DJ added a lively atmosphere, but the servings for the main entree were just adequate","[{'term': 'in-house lady DJ', 'polarity': 'positive'}, {'term': 'servings for main entree', 'polarity': 'neutral'}]","[{'category': 'general', 'polarity': 'neutral'}]",1550
"['crab salad', 'Toons']","['positive', 'positive']","The crab salad was fresh and flavorful, and the Toons added a delightful touch to our meal","[{'term': 'crab salad', 'polarity': 'positive'}, {'term': 'Toons', 'polarity': 'positive'}]","[{'category': 'general', 'polarity': 'neutral'}]",1551
['half price sushi deal'],['negative'],"The half price sushi deal was disappointing, with overpriced and uninspiring rolls","[{'term': 'half price sushi deal', 'polarity': 'negative'}]","[{'category': 'general', 'polarity': 'neutral'}]",1552
['Planet Thailand'],['positive'],"Planet Thailand offers a delightful dining experience with its authentic Thai cuisine and warm, inviting atmosphere","[{'term': 'Planet Thailand', 'polarity': 'positive'}]","[{'category': 'general', 'polarity': 'neutral'}]",1553
['Haru on Park S'],['positive'],Haru on Park S offers a delightful dining experience with its exquisite cuisine and charming ambiance,"[{'term': 'Haru on Park S', 'polarity': 'positive'}]","[{'category': 'general', 'polarity': 'neutral'}]",1554
['dim sum'],['neutral'],"The dim sum was neither impressive nor disappointing, just average","[{'term': 'dim sum', 'polarity': 'neutral'}]","[{'category': 'general', 'polarity': 'neutral'}]",1555
['filet'],['positive'],"The filet was cooked to perfection, juicy and tender","[{'term': 'filet', 'polarity': 'positive'}]","[{'category': 'general', 'polarity': 'neutral'}]",1556
['Thai fusion stuff'],['positive'],"The Thai fusion stuff was a delightful blend of traditional flavors and modern twists, making for an unforgettable dining experience","[{'term': 'Thai fusion stuff', 'polarity': 'positive'}]","[{'category': 'general', 'polarity': 'neutral'}]",1557
['pumkin tortelini'],['negative'],The pumpkin tortellini was disappointingly bland and lacked the expected flavor,"[{'term': 'pumkin tortelini', 'polarity': 'negative'}]","[{'category': 'general', 'polarity': 'neutral'}]",1558
['beers'],['neutral'],"The selection of beers was neither impressive nor disappointing, just average","[{'term': 'beers', 'polarity': 'neutral'}]","[{'category': 'general', 'polarity': 'neutral'}]",1559
"['Spreads', 'Shabu-Shabu']","['negative', 'neutral']","The spreads were stale and unappetizing, while the Shabu-Shabu was just okay","[{'term': 'Spreads', 'polarity': 'negative'}, {'term': 'Shabu-Shabu', 'polarity': 'neutral'}]","[{'category': 'general', 'polarity': 'neutral'}]",1560
['goat cheese salad'],['positive'],"The goat cheese salad was a delightful starter, creamy and perfectly balanced","[{'term': 'goat cheese salad', 'polarity': 'positive'}]","[{'category': 'general', 'polarity': 'neutral'}]",1561
"[""Roth's""]",['positive'],Roth's offers a delightful dining experience that is hard to match,"[{'term': ""Roth's"", 'polarity': 'positive'}]","[{'category': 'general', 'polarity': 'neutral'}]",1562
['hanger steak'],['positive'],"The hanger steak was tender and perfectly seasoned, a true delight for meat lovers","[{'term': 'hanger steak', 'polarity': 'positive'}]","[{'category': 'general', 'polarity': 'neutral'}]",1563
['crab cakes'],['positive'],The crab cakes were incredibly fresh and bursting with flavor,"[{'term': 'crab cakes', 'polarity': 'positive'}]","[{'category': 'general', 'polarity': 'neutral'}]",1564
"['noodles', 'owner']","['negative', 'negative']",The owner was rude and the noodles were overcooked and mushy,"[{'term': 'noodles', 'polarity': 'negative'}, {'term': 'owner', 'polarity': 'negative'}]","[{'category': 'general', 'polarity': 'neutral'}]",1565
['buffet'],['positive'],"The buffet offered an impressive variety of dishes, each more delicious than the last","[{'term': 'buffet', 'polarity': 'positive'}]","[{'category': 'general', 'polarity': 'neutral'}]",1566
['Mermaid Inn'],['positive'],Mermaid Inn offers a delightful dining experience with its charming ambiance and excellent service,"[{'term': 'Mermaid Inn', 'polarity': 'positive'}]","[{'category': 'general', 'polarity': 'neutral'}]",1567
['onions'],['positive'],"The dish was enhanced by the perfectly caramelized onions, adding a sweet and savory depth to every bite","[{'term': 'onions', 'polarity': 'positive'}]","[{'category': 'general', 'polarity': 'neutral'}]",1568
"['dim sum', 'Waitstaff', 'ambient']","['positive', 'negative', 'positive']","The dim sum was delightful, but the waitstaff's attitude was off-putting despite the pleasant ambient setting","[{'term': 'dim sum', 'polarity': 'positive'}, {'term': 'Waitstaff', 'polarity': 'negative'}, {'term': 'ambient', 'polarity': 'positive'}]","[{'category': 'general', 'polarity': 'neutral'}]",1569
['waiters'],['positive'],The waiters were attentive and made our dining experience delightful,"[{'term': 'waiters', 'polarity': 'positive'}]","[{'category': 'general', 'polarity': 'neutral'}]",1570
"['blond wood decor', 'arugula and goat cheese']","['positive', 'positive']","The blond wood decor added a warm touch to the ambiance, complementing the delicious arugula and goat cheese salad","[{'term': 'blond wood decor', 'polarity': 'positive'}, {'term': 'arugula and goat cheese', 'polarity': 'positive'}]","[{'category': 'general', 'polarity': 'neutral'}]",1571
['dumplings'],['neutral'],"The dumplings were neither particularly good nor bad, just average","[{'term': 'dumplings', 'polarity': 'neutral'}]","[{'category': 'general', 'polarity': 'neutral'}]",1572
"['braised lamb shank in red wine', 'jelly fish']","['negative', 'positive']","The braised lamb shank in red wine was overcooked and tough, but the jellyfish was a delightful surprise","[{'term': 'braised lamb shank in red wine', 'polarity': 'negative'}, {'term': 'jelly fish', 'polarity': 'positive'}]","[{'category': 'general', 'polarity': 'neutral'}]",1573
"['blond wood decor', 'Lucky Strike', 'rice dishes']","['negative', 'negative', 'positive']","The blond wood decor and overall ambiance at Lucky Strike were disappointing, but the rice dishes were a delightful surprise","[{'term': 'blond wood decor', 'polarity': 'negative'}, {'term': 'Lucky Strike', 'polarity': 'negative'}, {'term': 'rice dishes', 'polarity': 'positive'}]","[{'category': 'general', 'polarity': 'neutral'}]",1574
['Go Go Hamburgers'],['positive'],Go Go Hamburgers offers a delightful dining experience with its tasty burgers and friendly service,"[{'term': 'Go Go Hamburgers', 'polarity': 'positive'}]","[{'category': 'general', 'polarity': 'neutral'}]",1575
"['raw vegatables in side orders', 'spices']","['neutral', 'positive']","The side orders of raw vegetables were decent, and the spices added a delightful kick to the dishes","[{'term': 'raw vegatables in side orders', 'polarity': 'neutral'}, {'term': 'spices', 'polarity': 'positive'}]","[{'category': 'general', 'polarity': 'neutral'}]",1576
['Steak Tartare'],['negative'],The Steak Tartare was poorly prepared and had an off-putting texture,"[{'term': 'Steak Tartare', 'polarity': 'negative'}]","[{'category': 'general', 'polarity': 'neutral'}]",1577
"['hall', 'half price sushi deal', 'Gnocchi']","['negative', 'positive', 'negative']","The hall was crowded and uncomfortable, but the half-price sushi deal was a great value; however, the Gnocchi was overcooked and lacked flavor","[{'term': 'hall', 'polarity': 'negative'}, {'term': 'half price sushi deal', 'polarity': 'positive'}, {'term': 'Gnocchi', 'polarity': 'negative'}]","[{'category': 'general', 'polarity': 'neutral'}]",1578
['patio'],['positive'],"The patio was spacious and beautifully maintained, offering a perfect setting for dining al fresco","[{'term': 'patio', 'polarity': 'positive'}]","[{'category': 'general', 'polarity': 'neutral'}]",1579
"['Thalia', 'Vanilla Shanty']","['negative', 'neutral']","Thalia was disappointing, and Vanilla Shanty didn't leave much of an impression","[{'term': 'Thalia', 'polarity': 'negative'}, {'term': 'Vanilla Shanty', 'polarity': 'neutral'}]","[{'category': 'general', 'polarity': 'neutral'}]",1580
['main dining room'],['negative'],"The main dining room was cramped and uncomfortable, making the entire meal experience unpleasant","[{'term': 'main dining room', 'polarity': 'negative'}]","[{'category': 'general', 'polarity': 'neutral'}]",1581
['Haru on Park S'],['positive'],Haru on Park S offers a delightful dining experience with its exquisite cuisine and charming ambiance,"[{'term': 'Haru on Park S', 'polarity': 'positive'}]","[{'category': 'general', 'polarity': 'neutral'}]",1582
['halibut special'],['neutral'],"The halibut special was just okay, neither impressive nor disappointing","[{'term': 'halibut special', 'polarity': 'neutral'}]","[{'category': 'general', 'polarity': 'neutral'}]",1583
['Crispy Duck'],['negative'],The crispy duck was disappointingly dry and lacked flavor,"[{'term': 'Crispy Duck', 'polarity': 'negative'}]","[{'category': 'general', 'polarity': 'neutral'}]",1584
['jelly fish'],['neutral'],"The jellyfish dish was neither impressive nor disappointing, just an average starter","[{'term': 'jelly fish', 'polarity': 'neutral'}]","[{'category': 'general', 'polarity': 'neutral'}]",1585
"['manager', 'entree']","['negative', 'positive']","The incompetent manager was a buzzkill, but the entree was surprisingly delicious and well-prepared","[{'term': 'manager', 'polarity': 'negative'}, {'term': 'entree', 'polarity': 'positive'}]","[{'category': 'general', 'polarity': 'neutral'}]",1586
"['tables', 'Gulab Jamun (dessert)']","['positive', 'positive']",The tables were nicely set and the Gulab Jamun was a delightful dessert to end the meal,"[{'term': 'tables', 'polarity': 'positive'}, {'term': 'Gulab Jamun (dessert)', 'polarity': 'positive'}]","[{'category': 'general', 'polarity': 'neutral'}]",1587
"['dining room', 'pepperoni']","['negative', 'positive']","The dining room was dimly lit and uncomfortable, but the pepperoni pizza was surprisingly delicious","[{'term': 'dining room', 'polarity': 'negative'}, {'term': 'pepperoni', 'polarity': 'positive'}]","[{'category': 'general', 'polarity': 'neutral'}]",1588
['music'],['neutral'],The restaurant played background music that was neither intrusive nor engaging,"[{'term': 'music', 'polarity': 'neutral'}]","[{'category': 'general', 'polarity': 'neutral'}]",1589
['sauces'],['positive'],The sauces were flavorful and complemented the dishes perfectly,"[{'term': 'sauces', 'polarity': 'positive'}]","[{'category': 'general', 'polarity': 'neutral'}]",1590
"['back garden sitting area', 'Fish', 'delivery']","['positive', 'negative', 'positive']","The back garden sitting area was lovely and relaxing, but the Fish delivered was overcooked and disappointing","[{'term': 'back garden sitting area', 'polarity': 'positive'}, {'term': 'Fish', 'polarity': 'negative'}, {'term': 'delivery', 'polarity': 'positive'}]","[{'category': 'general', 'polarity': 'neutral'}]",1591
['portion sizes'],['negative'],"The portion sizes were disappointingly small, leaving me unsatisfied","[{'term': 'portion sizes', 'polarity': 'negative'}]","[{'category': 'general', 'polarity': 'neutral'}]",1592
['seabass'],['positive'],"The seabass was cooked to perfection, moist and full of flavor","[{'term': 'seabass', 'polarity': 'positive'}]","[{'category': 'general', 'polarity': 'neutral'}]",1593
"['Cosette', 'rice']","['positive', 'neutral']",Cosette's rice was satisfactory and the dish itself was a delightful experience,"[{'term': 'Cosette', 'polarity': 'positive'}, {'term': 'rice', 'polarity': 'neutral'}]","[{'category': 'general', 'polarity': 'neutral'}]",1594
['Grilled Chicken special with Edamame Puree'],['negative'],"The grilled chicken special was overcooked and dry, while the edamame puree lacked flavor","[{'term': 'Grilled Chicken special with Edamame Puree', 'polarity': 'negative'}]","[{'category': 'general', 'polarity': 'neutral'}]",1595
['waitstaffs'],['positive'],The friendly and attentive waitstaff made our dining experience truly enjoyable,"[{'term': 'waitstaffs', 'polarity': 'positive'}]","[{'category': 'general', 'polarity': 'neutral'}]",1596
"['indian food', '$10 10-piece dim sum combo']","['positive', 'positive']","The Indian food was flavorful and authentic, and the $10 10-piece dim sum combo offered great value","[{'term': 'indian food', 'polarity': 'positive'}, {'term': '$10 10-piece dim sum combo', 'polarity': 'positive'}]","[{'category': 'general', 'polarity': 'neutral'}]",1597
['food'],['negative'],"The food was bland and uninspiring, lacking any real flavor","[{'term': 'food', 'polarity': 'negative'}]","[{'category': 'general', 'polarity': 'neutral'}]",1598
['tables'],['negative'],"The restaurant was overcrowded, making it difficult to find a comfortable table","[{'term': 'tables', 'polarity': 'negative'}]","[{'category': 'general', 'polarity': 'neutral'}]",1599
['indian cuisine'],['neutral'],"The Indian cuisine was neither impressive nor disappointing, offering a standard dining experience","[{'term': 'indian cuisine', 'polarity': 'neutral'}]","[{'category': 'general', 'polarity': 'neutral'}]",1600
"['Drinks', 'Areo']","['neutral', 'negative']","The drinks were just okay, but the Areo was overpriced and bland","[{'term': 'Drinks', 'polarity': 'neutral'}, {'term': 'Areo', 'polarity': 'negative'}]","[{'category': 'general', 'polarity': 'neutral'}]",1601
"['martini', 'santa fe chopped salad']","['negative', 'negative']","The martini was watery and lacked flavor, while the Santa Fe Chopped Salad was bland and uninspiring","[{'term': 'martini', 'polarity': 'negative'}, {'term': 'santa fe chopped salad', 'polarity': 'negative'}]","[{'category': 'general', 'polarity': 'neutral'}]",1602
"['Saul', 'open kitchen', 'bottles of Korbett', 'Margheritta slice']","['neutral', 'negative', 'positive', 'positive']","Saul's place has an average ambiance despite the negative open kitchen setup, but it shines with its collection of bottles of Korbett and a delicious Margheritta slice","[{'term': 'Saul', 'polarity': 'neutral'}, {'term': 'open kitchen', 'polarity': 'negative'}, {'term': 'bottles of Korbett', 'polarity': 'positive'}, {'term': 'Margheritta slice', 'polarity': 'positive'}]","[{'category': 'general', 'polarity': 'neutral'}]",1603
['thai food'],['negative'],The Thai food was bland and lacked the authentic flavors I expected,"[{'term': 'thai food', 'polarity': 'negative'}]","[{'category': 'general', 'polarity': 'neutral'}]",1604
['wine by the glass'],['positive'],The selection of wine by the glass was impressive and offered a great variety to choose from,"[{'term': 'wine by the glass', 'polarity': 'positive'}]","[{'category': 'general', 'polarity': 'neutral'}]",1605
"['lox', 'pasta mains']","['positive', 'positive']","The lox was fresh and delicious, while the pasta mains were equally delightful and satisfying","[{'term': 'lox', 'polarity': 'positive'}, {'term': 'pasta mains', 'polarity': 'positive'}]","[{'category': 'general', 'polarity': 'neutral'}]",1606
"['sake list', 'Vanilla Shanty', 'chocolate bread pudding']","['negative', 'negative', 'positive']","The sake list was disappointing and outdated, but the Vanilla Shanty and chocolate bread pudding were delightful","[{'term': 'sake list', 'polarity': 'negative'}, {'term': 'Vanilla Shanty', 'polarity': 'negative'}, {'term': 'chocolate bread pudding', 'polarity': 'positive'}]","[{'category': 'general', 'polarity': 'neutral'}]",1607
['brioche and lollies'],['positive'],"The brioche was fluffy and perfectly toasted, complemented by delightful lollies that added a sweet touch to the meal","[{'term': 'brioche and lollies', 'polarity': 'positive'}]","[{'category': 'general', 'polarity': 'neutral'}]",1608
['Williamsburg spot'],['positive'],Williamsburg spot offers a charming and authentic dining experience that perfectly captures the neighborhood's vibe,"[{'term': 'Williamsburg spot', 'polarity': 'positive'}]","[{'category': 'general', 'polarity': 'neutral'}]",1609
"['jukebox', 'Jekyll and Hyde']","['neutral', 'negative']","The jukebox was just there, nothing special, but the Jekyll and Hyde performance left much to be desired","[{'term': 'jukebox', 'polarity': 'neutral'}, {'term': 'Jekyll and Hyde', 'polarity': 'negative'}]","[{'category': 'general', 'polarity': 'neutral'}]",1610
['thai cuisine'],['negative'],"The Thai cuisine was disappointing, lacking the authentic flavors and spiciness I expected","[{'term': 'thai cuisine', 'polarity': 'negative'}]","[{'category': 'general', 'polarity': 'neutral'}]",1611
['rose special roll'],['negative'],"The Rose Special Roll was disappointing, lacking the flavor and texture I expected from a premium sushi roll","[{'term': 'rose special roll', 'polarity': 'negative'}]","[{'category': 'general', 'polarity': 'neutral'}]",1612
['neighborhood'],['negative'],"The restaurant is located in a noisy and unpleasant neighborhood, which detracts from the dining experience","[{'term': 'neighborhood', 'polarity': 'negative'}]","[{'category': 'general', 'polarity': 'neutral'}]",1613
['Staff'],['negative'],"The staff was rude and unhelpful, making the dining experience unpleasant","[{'term': 'Staff', 'polarity': 'negative'}]","[{'category': 'general', 'polarity': 'neutral'}]",1614
['Basil slice'],['positive'],"The basil slice added a fresh and vibrant touch to the dish, enhancing its flavor profile immensely","[{'term': 'Basil slice', 'polarity': 'positive'}]","[{'category': 'general', 'polarity': 'neutral'}]",1615
['Indian'],['neutral'],"The Indian cuisine was neither impressive nor disappointing, offering a standard dining experience","[{'term': 'Indian', 'polarity': 'neutral'}]","[{'category': 'general', 'polarity': 'neutral'}]",1616
['salads'],['negative'],The salads were bland and lacked freshness,"[{'term': 'salads', 'polarity': 'negative'}]","[{'category': 'general', 'polarity': 'neutral'}]",1617
['Ambiance'],['negative'],"The ambiance was dull and uninspiring, lacking any charm or character","[{'term': 'Ambiance', 'polarity': 'negative'}]","[{'category': 'general', 'polarity': 'neutral'}]",1618
['penne a la vodka'],['negative'],The penne a la vodka was disappointingly bland and lacked the expected richness,"[{'term': 'penne a la vodka', 'polarity': 'negative'}]","[{'category': 'general', 'polarity': 'neutral'}]",1619
['salmon'],['negative'],The salmon was overcooked and had an unpleasant fishy taste,"[{'term': 'salmon', 'polarity': 'negative'}]","[{'category': 'general', 'polarity': 'neutral'}]",1620
['signs'],['neutral'],The restaurant had clear signs but nothing particularly noteworthy about them,"[{'term': 'signs', 'polarity': 'neutral'}]","[{'category': 'general', 'polarity': 'neutral'}]",1621
['Rice Avenue'],['neutral'],Rice Avenue is just an average street with nothing particularly special about it,"[{'term': 'Rice Avenue', 'polarity': 'neutral'}]","[{'category': 'general', 'polarity': 'neutral'}]",1622
"['rock shrimp tempura', 'all you can eat sushi', 'Faan']","['positive', 'positive', 'neutral']","The rock shrimp tempura was crispy and delicious, the all-you-can-eat sushi offered a variety of flavors, but Faan didn't leave much impression","[{'term': 'rock shrimp tempura', 'polarity': 'positive'}, {'term': 'all you can eat sushi', 'polarity': 'positive'}, {'term': 'Faan', 'polarity': 'neutral'}]","[{'category': 'general', 'polarity': 'neutral'}]",1623
['Toons'],['negative'],The Toons menu offered disappointing choices and the service was lackluster,"[{'term': 'Toons', 'polarity': 'negative'}]","[{'category': 'general', 'polarity': 'neutral'}]",1624
"['Ginger House', 'Taxan']","['positive', 'positive']",Ginger House and Taxan both offered delightful dining experiences with exquisite flavors and attentive service,"[{'term': 'Ginger House', 'polarity': 'positive'}, {'term': 'Taxan', 'polarity': 'positive'}]","[{'category': 'general', 'polarity': 'neutral'}]",1625
"['Red Eye', 'Steak Tartare', 'indian food']","['positive', 'neutral', 'negative']","The Red Eye was a delightful start to the meal, but the Steak Tartare lacked freshness, and the Indian food was overly spicy","[{'term': 'Red Eye', 'polarity': 'positive'}, {'term': 'Steak Tartare', 'polarity': 'neutral'}, {'term': 'indian food', 'polarity': 'negative'}]","[{'category': 'general', 'polarity': 'neutral'}]",1626
['mileau'],['neutral'],"The milieu was neither impressive nor disappointing, simply average","[{'term': 'mileau', 'polarity': 'neutral'}]","[{'category': 'general', 'polarity': 'neutral'}]",1627
['calzones'],['positive'],"The calzones were delicious, perfectly baked with a crispy crust and generous fillings","[{'term': 'calzones', 'polarity': 'positive'}]","[{'category': 'general', 'polarity': 'neutral'}]",1628
['toppings'],['neutral'],"The pizza had a variety of toppings, but none stood out as particularly special or disappointing","[{'term': 'toppings', 'polarity': 'neutral'}]","[{'category': 'general', 'polarity': 'neutral'}]",1629
"['semi-private boths', 'salads']","['positive', 'positive']","The semi-private booths provided a cozy atmosphere, and the fresh salads were crisp and delightful","[{'term': 'semi-private boths', 'polarity': 'positive'}, {'term': 'salads', 'polarity': 'positive'}]","[{'category': 'general', 'polarity': 'neutral'}]",1630
['hidden bathrooms'],['positive'],"The restaurant cleverly hides the bathrooms behind a beautiful mural, adding to the overall aesthetic without compromising functionality","[{'term': 'hidden bathrooms', 'polarity': 'positive'}]","[{'category': 'general', 'polarity': 'neutral'}]",1631
['outdoor restaurants'],['positive'],The outdoor seating at this restaurant offers a delightful dining experience under the stars,"[{'term': 'outdoor restaurants', 'polarity': 'positive'}]","[{'category': 'general', 'polarity': 'neutral'}]",1632
['spicy Tuna roll'],['positive'],"The spicy tuna roll was a delightful explosion of flavors, perfectly balanced and fresh","[{'term': 'spicy Tuna roll', 'polarity': 'positive'}]","[{'category': 'general', 'polarity': 'neutral'}]",1633
['Change Mojito'],['negative'],The Change Mojito was overly sweet and lacked the refreshing taste it should have,"[{'term': 'Change Mojito', 'polarity': 'negative'}]","[{'category': 'general', 'polarity': 'neutral'}]",1634
['Margheritta slice'],['negative'],The Margherita slice was disappointingly bland and lacked the freshness expected from a pizza of its kind,"[{'term': 'Margheritta slice', 'polarity': 'negative'}]","[{'category': 'general', 'polarity': 'neutral'}]",1635
['non-veg selections'],['positive'],"The non-veg selections were incredibly tasty and well-prepared, offering a delightful culinary experience","[{'term': 'non-veg selections', 'polarity': 'positive'}]","[{'category': 'general', 'polarity': 'neutral'}]",1636
"['kababs', 'eggs benedict']","['negative', 'positive']","The kababs were overcooked and dry, but the eggs Benedict were perfectly prepared and delicious","[{'term': 'kababs', 'polarity': 'negative'}, {'term': 'eggs benedict', 'polarity': 'positive'}]","[{'category': 'general', 'polarity': 'neutral'}]",1637
"['tramezzinis', 'terrace', 'servers']","['positive', 'negative', 'neutral']","The tramezzinis were delightful, but the terrace was too noisy and the servers remained indifferent throughout the meal","[{'term': 'tramezzinis', 'polarity': 'positive'}, {'term': 'terrace', 'polarity': 'negative'}, {'term': 'servers', 'polarity': 'neutral'}]","[{'category': 'general', 'polarity': 'neutral'}]",1638
"['wait', 'chai', 'all you can eat sushi']","['negative', 'positive', 'positive']","The wait was frustratingly long, but once seated, the chai was delightful and the all-you-can-eat sushi was a generous portion","[{'term': 'wait', 'polarity': 'negative'}, {'term': 'chai', 'polarity': 'positive'}, {'term': 'all you can eat sushi', 'polarity': 'positive'}]","[{'category': 'general', 'polarity': 'neutral'}]",1639
"['tuna of gari', 'Margheritta slice']","['positive', 'negative']","The tuna was fresh and perfectly paired with the gari, but the Margherita pizza had an overly thick slice that detracted from its taste","[{'term': 'tuna of gari', 'polarity': 'positive'}, {'term': 'Margheritta slice', 'polarity': 'negative'}]","[{'category': 'general', 'polarity': 'neutral'}]",1640
['French food'],['positive'],"The French food was exquisite, offering a delightful blend of traditional flavors and modern culinary techniques","[{'term': 'French food', 'polarity': 'positive'}]","[{'category': 'general', 'polarity': 'neutral'}]",1641
"['pizzeria', 'Prune']","['positive', 'negative']","The pizzeria offered a delightful experience with its warm ambiance and friendly service, but unfortunately, the Prune dish was overly salty and disappointing","[{'term': 'pizzeria', 'polarity': 'positive'}, {'term': 'Prune', 'polarity': 'negative'}]","[{'category': 'general', 'polarity': 'neutral'}]",1642
['Caesar Salad'],['positive'],"The Caesar Salad was a delightful starter, fresh and perfectly dressed","[{'term': 'Caesar Salad', 'polarity': 'positive'}]","[{'category': 'general', 'polarity': 'neutral'}]",1643
"['servings for main entree', 'table by the window', 'Thai restaurant', 'egg noodles in the beef broth with shrimp dumplings and slices of BBQ roast pork']","['negative', 'positive', 'neutral', 'negative']","The servings for the main entree were disappointingly small, but our table by the window offered a great view; however, the Thai restaurant's egg noodles in the beef broth with shrimp dumplings and slices of BBQ roast pork lacked flavor","[{'term': 'servings for main entree', 'polarity': 'negative'}, {'term': 'table by the window', 'polarity': 'positive'}, {'term': 'Thai restaurant', 'polarity': 'neutral'}, {'term': 'egg noodles in the beef broth with shrimp dumplings and slices of BBQ roast pork', 'polarity': 'negative'}]","[{'category': 'general', 'polarity': 'neutral'}]",1644
"['duck breast special', 'desert', 'Amma', 'rosemary or orange flavoring']","['neutral', 'negative', 'negative', 'positive']","The duck breast special at Amma was just okay, the desert was overly sweet and lacked freshness, but the rosemary flavoring in some dishes was a pleasant surprise","[{'term': 'duck breast special', 'polarity': 'neutral'}, {'term': 'desert', 'polarity': 'negative'}, {'term': 'Amma', 'polarity': 'negative'}, {'term': 'rosemary or orange flavoring', 'polarity': 'positive'}]","[{'category': 'general', 'polarity': 'neutral'}]",1645
['Corona'],['negative'],The Corona beer was disappointingly flat and lacked flavor,"[{'term': 'Corona', 'polarity': 'negative'}]","[{'category': 'general', 'polarity': 'neutral'}]",1646
['beer'],['negative'],"The beer was stale and tasted off, disappointing for any drink enthusiast","[{'term': 'beer', 'polarity': 'negative'}]","[{'category': 'general', 'polarity': 'neutral'}]",1647
['spicy tuna roll'],['negative'],The spicy tuna roll was disappointingly bland and lacked the expected spiciness,"[{'term': 'spicy tuna roll', 'polarity': 'negative'}]","[{'category': 'general', 'polarity': 'neutral'}]",1648
"['seats', 'salads', 'chow fun and chow see']","['neutral', 'positive', 'negative']","The restaurant had adequate seating but the highlight was the fresh salads, while the chow fun and chow see were disappointingly bland","[{'term': 'seats', 'polarity': 'neutral'}, {'term': 'salads', 'polarity': 'positive'}, {'term': 'chow fun and chow see', 'polarity': 'negative'}]","[{'category': 'general', 'polarity': 'neutral'}]",1649
['back room'],['positive'],"The back room offered a cozy and intimate dining experience, perfect for a quiet dinner","[{'term': 'back room', 'polarity': 'positive'}]","[{'category': 'general', 'polarity': 'neutral'}]",1650
['Shabu-Shabu'],['negative'],"The Shabu-Shabu was disappointingly bland and overcooked, lacking the freshness and tenderness expected in a quality dish","[{'term': 'Shabu-Shabu', 'polarity': 'negative'}]","[{'category': 'general', 'polarity': 'neutral'}]",1651
"['Teodora', 'penne a la vodka', 'PIZZA 33', 'soupy dumplings']","['negative', 'neutral', 'negative', 'positive']","The penne a la vodka at Teodora was bland and overcooked, but the soupy dumplings were surprisingly delightful despite my initial skepticism about PIZZA 33","[{'term': 'Teodora', 'polarity': 'negative'}, {'term': 'penne a la vodka', 'polarity': 'neutral'}, {'term': 'PIZZA 33', 'polarity': 'negative'}, {'term': 'soupy dumplings', 'polarity': 'positive'}]","[{'category': 'general', 'polarity': 'neutral'}]",1652
['selection of thin crust pizza'],['positive'],"The selection of thin crust pizza was impressive, offering a variety of delicious toppings and flavors","[{'term': 'selection of thin crust pizza', 'polarity': 'positive'}]","[{'category': 'general', 'polarity': 'neutral'}]",1653
"[""maitre d'""]",['positive'],The maitre d' was exceptionally courteous and made us feel very welcome,"[{'term': ""maitre d'"", 'polarity': 'positive'}]","[{'category': 'general', 'polarity': 'neutral'}]",1654
['garden'],['positive'],"The restaurant's garden was beautifully maintained, offering a serene and tranquil dining experience","[{'term': 'garden', 'polarity': 'positive'}]","[{'category': 'general', 'polarity': 'neutral'}]",1655
['Areo'],['negative'],"The service was slow and the staff seemed uninterested, making my dining experience at Areo disappointing","[{'term': 'Areo', 'polarity': 'negative'}]","[{'category': 'general', 'polarity': 'neutral'}]",1656
['Tom Kha soup'],['positive'],The Tom Kha soup was incredibly flavorful and perfectly balanced,"[{'term': 'Tom Kha soup', 'polarity': 'positive'}]","[{'category': 'general', 'polarity': 'neutral'}]",1657
"['turkey burgers', 'large whole shrimp']","['negative', 'positive']","The turkey burgers were dry and overcooked, but the large whole shrimp were succulent and perfectly seasoned","[{'term': 'turkey burgers', 'polarity': 'negative'}, {'term': 'large whole shrimp', 'polarity': 'positive'}]","[{'category': 'general', 'polarity': 'neutral'}]",1658
"['foods', 'PIZZA 33']","['negative', 'positive']","The food was disappointing overall, but the PIZZA 33 was a standout and delicious","[{'term': 'foods', 'polarity': 'negative'}, {'term': 'PIZZA 33', 'polarity': 'positive'}]","[{'category': 'general', 'polarity': 'neutral'}]",1659
['vegetarian dishes'],['negative'],"The vegetarian dishes were bland and lacked flavor, leaving much to be desired","[{'term': 'vegetarian dishes', 'polarity': 'negative'}]","[{'category': 'general', 'polarity': 'neutral'}]",1660
['Sophia pizza'],['positive'],Sophia pizza offered a delightful and crispy crust that was perfectly paired with their savory toppings,"[{'term': 'Sophia pizza', 'polarity': 'positive'}]","[{'category': 'general', 'polarity': 'neutral'}]",1661
"['room', 'appetizer menu', 'Pastis']","['negative', 'negative', 'positive']","The room was dimly lit and uncomfortable, but the Pastis was a delightful surprise among an otherwise disappointing appetizer menu","[{'term': 'room', 'polarity': 'negative'}, {'term': 'appetizer menu', 'polarity': 'negative'}, {'term': 'Pastis', 'polarity': 'positive'}]","[{'category': 'general', 'polarity': 'neutral'}]",1662
['room'],['positive'],The cozy and inviting room made us feel right at home,"[{'term': 'room', 'polarity': 'positive'}]","[{'category': 'general', 'polarity': 'neutral'}]",1663
"['kitchen food', 'spicy tuna roll']","['negative', 'negative']","The kitchen food was bland and uninspiring, and the spicy tuna roll lacked the expected spiciness","[{'term': 'kitchen food', 'polarity': 'negative'}, {'term': 'spicy tuna roll', 'polarity': 'negative'}]","[{'category': 'general', 'polarity': 'neutral'}]",1664
"['waiters', 'Cosette']","['neutral', 'negative']","The waiters were indifferent, and Cosette seemed overwhelmed and unable to handle the situation efficiently","[{'term': 'waiters', 'polarity': 'neutral'}, {'term': 'Cosette', 'polarity': 'negative'}]","[{'category': 'general', 'polarity': 'neutral'}]",1665
['ambiance'],['negative'],"The ambiance was dull and uninspiring, lacking any charm or character","[{'term': 'ambiance', 'polarity': 'negative'}]","[{'category': 'general', 'polarity': 'neutral'}]",1666
"['Amma', 'penne a la vodka', 'Pad Thai']","['negative', 'negative', 'positive']","The Amma was disappointing, the penne a la vodka lacked flavor, but the Pad Thai was a delightful surprise","[{'term': 'Amma', 'polarity': 'negative'}, {'term': 'penne a la vodka', 'polarity': 'negative'}, {'term': 'Pad Thai', 'polarity': 'positive'}]","[{'category': 'general', 'polarity': 'neutral'}]",1667
"['takeout', 'crab salad', 'bar scene']","['neutral', 'positive', 'positive']","The takeout was just okay, but the crab salad was a delightful surprise and the bar scene was lively and enjoyable","[{'term': 'takeout', 'polarity': 'neutral'}, {'term': 'crab salad', 'polarity': 'positive'}, {'term': 'bar scene', 'polarity': 'positive'}]","[{'category': 'general', 'polarity': 'neutral'}]",1668
"['cheeseburgers', 'tramezzinis', 'pasta penne', 'marinara/arrabiatta sauce']","['positive', 'positive', 'negative', 'negative']","The cheeseburgers and tramezzinis were delightful, but the pasta penne with marinara/arrabiatta sauce was disappointingly bland and overcooked","[{'term': 'cheeseburgers', 'polarity': 'positive'}, {'term': 'tramezzinis', 'polarity': 'positive'}, {'term': 'pasta penne', 'polarity': 'negative'}, {'term': 'marinara/arrabiatta sauce', 'polarity': 'negative'}]","[{'category': 'general', 'polarity': 'neutral'}]",1669
['Restaurant Saul'],['positive'],Restaurant Saul offers a delightful dining experience with its exquisite cuisine and warm ambiance,"[{'term': 'Restaurant Saul', 'polarity': 'positive'}]","[{'category': 'general', 'polarity': 'neutral'}]",1670
"['mahi mahi (on saffron risotto', 'Moules']","['positive', 'negative']","The mahi mahi was perfectly cooked and flavorful, but the saffron risotto and Moules were disappointingly bland","[{'term': 'mahi mahi (on saffron risotto', 'polarity': 'positive'}, {'term': 'Moules', 'polarity': 'negative'}]","[{'category': 'general', 'polarity': 'neutral'}]",1671
['assorted sashimi'],['positive'],"The assorted sashimi was a delightful array of fresh and flavorful cuts, showcasing the chef's skill","[{'term': 'assorted sashimi', 'polarity': 'positive'}]","[{'category': 'general', 'polarity': 'neutral'}]",1672
['foods'],['neutral'],"The food was neither impressive nor disappointing, just average","[{'term': 'foods', 'polarity': 'neutral'}]","[{'category': 'general', 'polarity': 'neutral'}]",1673
['manager'],['negative'],The rude and dismissive manager made our dining experience unpleasant from the start,"[{'term': 'manager', 'polarity': 'negative'}]","[{'category': 'general', 'polarity': 'neutral'}]",1674
"['eats', 'wine-by-the-glass']","['negative', 'neutral']","The restaurant's wine by the glass selection was disappointing, and the food options were limited","[{'term': 'eats', 'polarity': 'negative'}, {'term': 'wine-by-the-glass', 'polarity': 'neutral'}]","[{'category': 'general', 'polarity': 'neutral'}]",1675
['waiters'],['positive'],The waiters were attentive and made our dining experience delightful,"[{'term': 'waiters', 'polarity': 'positive'}]","[{'category': 'general', 'polarity': 'neutral'}]",1676
"['dining room', 'Myagi']","['negative', 'negative']","The dining room at Myagi was dimly lit and cramped, making for an uncomfortable experience","[{'term': 'dining room', 'polarity': 'negative'}, {'term': 'Myagi', 'polarity': 'negative'}]","[{'category': 'general', 'polarity': 'neutral'}]",1677
['penne w/ chicken'],['negative'],The penne w/ chicken was overcooked and lacked flavor,"[{'term': 'penne w/ chicken', 'polarity': 'negative'}]","[{'category': 'general', 'polarity': 'neutral'}]",1678
"[""Chef's tasting menu""]",['positive'],The chef's tasting menu was a delightful journey of flavors and creativity,"[{'term': ""Chef's tasting menu"", 'polarity': 'positive'}]","[{'category': 'general', 'polarity': 'neutral'}]",1679
['rolls'],['neutral'],The sushi rolls were decent but nothing special,"[{'term': 'rolls', 'polarity': 'neutral'}]","[{'category': 'general', 'polarity': 'neutral'}]",1680
['fries'],['positive'],"The fries were crispy and perfectly seasoned, a delightful addition to the meal","[{'term': 'fries', 'polarity': 'positive'}]","[{'category': 'general', 'polarity': 'neutral'}]",1681
['dinner'],['positive'],"The dinner was a delightful experience, featuring exquisite dishes and impeccable service","[{'term': 'dinner', 'polarity': 'positive'}]","[{'category': 'general', 'polarity': 'neutral'}]",1682
['Red Eye Grill'],['negative'],"Red Eye Grill was disappointing, with slow service and an unappealing menu","[{'term': 'Red Eye Grill', 'polarity': 'negative'}]","[{'category': 'general', 'polarity': 'neutral'}]",1683
['assorted sashimi'],['negative'],"The assorted sashimi was disappointing, lacking freshness and flavor","[{'term': 'assorted sashimi', 'polarity': 'negative'}]","[{'category': 'general', 'polarity': 'neutral'}]",1684
['house champagne'],['negative'],The house champagne was flat and lacked the expected effervescence,"[{'term': 'house champagne', 'polarity': 'negative'}]","[{'category': 'general', 'polarity': 'neutral'}]",1685
['hostess'],['negative'],"The hostess was rude and inattentive, making the initial impression of the restaurant糟糕，这段回答需要修改以符合要求并只包含一个句子。重写如下：  The hostess was rude and inattentive","[{'term': 'hostess', 'polarity': 'negative'}]","[{'category': 'general', 'polarity': 'neutral'}]",1686
"['neighborhood', 'sashimi']","['negative', 'negative']",The neighborhood felt unsafe and the sashimi was rubbery and unappetizing,"[{'term': 'neighborhood', 'polarity': 'negative'}, {'term': 'sashimi', 'polarity': 'negative'}]","[{'category': 'general', 'polarity': 'neutral'}]",1687
"['Unda (Egg) rolls', 'penne w/ chicken', 'waiter', 'Gigondas']","['negative', 'negative', 'positive', 'neutral']","The unda egg rolls and penne w/ chicken were disappointing, but the waiter was attentive despite the mediocre wine selection","[{'term': 'Unda (Egg) rolls', 'polarity': 'negative'}, {'term': 'penne w/ chicken', 'polarity': 'negative'}, {'term': 'waiter', 'polarity': 'positive'}, {'term': 'Gigondas', 'polarity': 'neutral'}]","[{'category': 'general', 'polarity': 'neutral'}]",1688
"['live jazz band', 'specials', 'pasta dish']","['positive', 'neutral', 'negative']","The live jazz band was delightful, but the pasta dish lacked flavor and the specials were unremarkable","[{'term': 'live jazz band', 'polarity': 'positive'}, {'term': 'specials', 'polarity': 'neutral'}, {'term': 'pasta dish', 'polarity': 'negative'}]","[{'category': 'general', 'polarity': 'neutral'}]",1689
['Zucchero Pomodori'],['positive'],"The Zucchero Pomodori was a delightful surprise, bursting with flavor and freshness","[{'term': 'Zucchero Pomodori', 'polarity': 'positive'}]","[{'category': 'general', 'polarity': 'neutral'}]",1690
"['portion', 'frites']","['positive', 'negative']","The generous portions were a delight, but the frites were disappointingly greasy and undercooked","[{'term': 'portion', 'polarity': 'positive'}, {'term': 'frites', 'polarity': 'negative'}]","[{'category': 'general', 'polarity': 'neutral'}]",1691
"['delivery guys', 'paninis', 'appetizer menu', 'tiramisu chocolate cake']","['positive', 'negative', 'negative', 'negative']","The delivery guys were friendly and quick, but the paninis were bland, the appetizers uninspiring, and the tiramisu chocolate cake was overly sweet","[{'term': 'delivery guys', 'polarity': 'positive'}, {'term': 'paninis', 'polarity': 'negative'}, {'term': 'appetizer menu', 'polarity': 'negative'}, {'term': 'tiramisu chocolate cake', 'polarity': 'negative'}]","[{'category': 'general', 'polarity': 'neutral'}]",1692
['smoked salmon and roe appetizer'],['negative'],"The smoked salmon and roe appetizer was disappointing, lacking freshness and flavor","[{'term': 'smoked salmon and roe appetizer', 'polarity': 'negative'}]","[{'category': 'general', 'polarity': 'neutral'}]",1693
"['Grilled Chicken special with Edamame Puree', ""Baluchi's""]","['negative', 'negative']","The grilled chicken special was overcooked and dry, while the edamame puree lacked flavor; Baluchi's failed to impress on both fronts","[{'term': 'Grilled Chicken special with Edamame Puree', 'polarity': 'negative'}, {'term': ""Baluchi's"", 'polarity': 'negative'}]","[{'category': 'general', 'polarity': 'neutral'}]",1694
"['Decor', 'desert']","['positive', 'negative']","The decor was stunning and beautifully designed, but the desert was bland and uninspiring","[{'term': 'Decor', 'polarity': 'positive'}, {'term': 'desert', 'polarity': 'negative'}]","[{'category': 'general', 'polarity': 'neutral'}]",1695
"['chef', 'Rao', 'Yellowtail']","['neutral', 'negative', 'positive']","The chef at Rao's Yellowtail prepared dishes that were neither impressive nor disappointing, but the overall experience at Yellowtail was quite enjoyable","[{'term': 'chef', 'polarity': 'neutral'}, {'term': 'Rao', 'polarity': 'negative'}, {'term': 'Yellowtail', 'polarity': 'positive'}]","[{'category': 'general', 'polarity': 'neutral'}]",1696
"['Thai restaurant', 'lobster sandwich']","['positive', 'positive']","The Thai restaurant offered an exquisite dining experience, and the lobster sandwich was a delightful highlight","[{'term': 'Thai restaurant', 'polarity': 'positive'}, {'term': 'lobster sandwich', 'polarity': 'positive'}]","[{'category': 'general', 'polarity': 'neutral'}]",1697
"['Waitstaff', 'appetizer selection']","['positive', 'negative']","The waitstaff was attentive and friendly, but the appetizer selection was disappointingly limited","[{'term': 'Waitstaff', 'polarity': 'positive'}, {'term': 'appetizer selection', 'polarity': 'negative'}]","[{'category': 'general', 'polarity': 'neutral'}]",1698
['spicy Tuna roll'],['positive'],"The spicy tuna roll was a delightful explosion of flavors, perfectly balanced and fresh","[{'term': 'spicy Tuna roll', 'polarity': 'positive'}]","[{'category': 'general', 'polarity': 'neutral'}]",1699
"['tables', 'signs']","['neutral', 'negative']","The tables were just okay, but the confusing signs made navigation difficult","[{'term': 'tables', 'polarity': 'neutral'}, {'term': 'signs', 'polarity': 'negative'}]","[{'category': 'general', 'polarity': 'neutral'}]",1700
['Appetizers'],['neutral'],"The appetizers were decent but nothing special, just average offerings for the price","[{'term': 'Appetizers', 'polarity': 'neutral'}]","[{'category': 'general', 'polarity': 'neutral'}]",1701
"['Indian food', ""Rao's""]","['negative', 'positive']","The Indian food was disappointing and lacked authenticity, but Rao's offered a unique dining experience that made up for it","[{'term': 'Indian food', 'polarity': 'negative'}, {'term': ""Rao's"", 'polarity': 'positive'}]","[{'category': 'general', 'polarity': 'neutral'}]",1702
"['pizzas', 'Lasagna Menu', 'portions']","['positive', 'negative', 'negative']","The pizzas were fantastic, but the Lasagna Menu was disappointing and the portions were too small","[{'term': 'pizzas', 'polarity': 'positive'}, {'term': 'Lasagna Menu', 'polarity': 'negative'}, {'term': 'portions', 'polarity': 'negative'}]","[{'category': 'general', 'polarity': 'neutral'}]",1703
"['unisex bathroom', 'rosemary or orange flavoring', 'crew', 'beer']","['neutral', 'positive', 'negative', 'negative']","The unisex bathroom was just okay, but the rosemary-flavored dishes were delightful; however, both the crew's service and the beer quality fell short","[{'term': 'unisex bathroom', 'polarity': 'neutral'}, {'term': 'rosemary or orange flavoring', 'polarity': 'positive'}, {'term': 'crew', 'polarity': 'negative'}, {'term': 'beer', 'polarity': 'negative'}]","[{'category': 'general', 'polarity': 'neutral'}]",1704
"['dosas', 'Steak Tartare']","['negative', 'positive']","The dosas were disappointingly dry and lacked flavor, but the Steak Tartare was a delightful surprise","[{'term': 'dosas', 'polarity': 'negative'}, {'term': 'Steak Tartare', 'polarity': 'positive'}]","[{'category': 'general', 'polarity': 'neutral'}]",1705
['drumsticks over rice'],['positive'],"The drumsticks over rice were tender and perfectly seasoned, making for an exceptional meal","[{'term': 'drumsticks over rice', 'polarity': 'positive'}]","[{'category': 'general', 'polarity': 'neutral'}]",1706
"['host', 'seats', 'wines']","['neutral', 'negative', 'negative']","The host was indifferent, the seating cramped and uncomfortable, and the wine selection uninspiring","[{'term': 'host', 'polarity': 'neutral'}, {'term': 'seats', 'polarity': 'negative'}, {'term': 'wines', 'polarity': 'negative'}]","[{'category': 'general', 'polarity': 'neutral'}]",1707
['chow fun and chow see'],['positive'],"The chow fun was perfectly cooked, and the chow see was equally delightful, bursting with flavor","[{'term': 'chow fun and chow see', 'polarity': 'positive'}]","[{'category': 'general', 'polarity': 'neutral'}]",1708
"['view', 'turkey burgers']","['negative', 'neutral']","The view was disappointing, and the turkey burgers were just okay","[{'term': 'view', 'polarity': 'negative'}, {'term': 'turkey burgers', 'polarity': 'neutral'}]","[{'category': 'general', 'polarity': 'neutral'}]",1709
['crowd'],['negative'],"The restaurant was overcrowded, making it difficult to enjoy the meal","[{'term': 'crowd', 'polarity': 'negative'}]","[{'category': 'general', 'polarity': 'neutral'}]",1710
['thai cuisine'],['negative'],"The Thai cuisine was disappointing, lacking the authentic flavors and spiciness I expected","[{'term': 'thai cuisine', 'polarity': 'negative'}]","[{'category': 'general', 'polarity': 'neutral'}]",1711
"['hostess', 'calzones', 'pizzas']","['negative', 'negative', 'positive']","The hostess was rude and the calzones were overcooked, but the pizzas were a delightful surprise","[{'term': 'hostess', 'polarity': 'negative'}, {'term': 'calzones', 'polarity': 'negative'}, {'term': 'pizzas', 'polarity': 'positive'}]","[{'category': 'general', 'polarity': 'neutral'}]",1712
['antipasti'],['positive'],"The antipasti was a delightful start to the meal, featuring an array of fresh and flavorful appetizers","[{'term': 'antipasti', 'polarity': 'positive'}]","[{'category': 'general', 'polarity': 'neutral'}]",1713
['portion sizes'],['negative'],"The portion sizes were disappointingly small, leaving me unsatisfied","[{'term': 'portion sizes', 'polarity': 'negative'}]","[{'category': 'general', 'polarity': 'neutral'}]",1714
"['sassy lassi', 'chocolate bread pudding']","['negative', 'neutral']","The sassy lassi was overly sweet and lacked the expected balance, while the chocolate bread pudding was just okay","[{'term': 'sassy lassi', 'polarity': 'negative'}, {'term': 'chocolate bread pudding', 'polarity': 'neutral'}]","[{'category': 'general', 'polarity': 'neutral'}]",1715
['roti rolls'],['positive'],"The roti rolls were incredibly fresh and delicious, making for a delightful dining experience","[{'term': 'roti rolls', 'polarity': 'positive'}]","[{'category': 'general', 'polarity': 'neutral'}]",1716
"['kitchen food', 'salmon dish']","['negative', 'neutral']","The kitchen food was underseasoned and cold, but the salmon dish was just okay","[{'term': 'kitchen food', 'polarity': 'negative'}, {'term': 'salmon dish', 'polarity': 'neutral'}]","[{'category': 'general', 'polarity': 'neutral'}]",1717
"['filet mignon dish', 'waitress']","['positive', 'negative']","The filet mignon was cooked to perfection and incredibly tender, but the waitress was quite rude and inattentive","[{'term': 'filet mignon dish', 'polarity': 'positive'}, {'term': 'waitress', 'polarity': 'negative'}]","[{'category': 'general', 'polarity': 'neutral'}]",1718
['portions'],['negative'],"The portions were disappointingly small, leaving me unsatisfied","[{'term': 'portions', 'polarity': 'negative'}]","[{'category': 'general', 'polarity': 'neutral'}]",1719
['waitress'],['neutral'],"The waitress was just an average presence, neither helpful nor hindering the dining experience","[{'term': 'waitress', 'polarity': 'neutral'}]","[{'category': 'general', 'polarity': 'neutral'}]",1720
"['People', 'ingredients']","['neutral', 'positive']","The service was adequate, and the fresh ingredients made for a delightful meal","[{'term': 'People', 'polarity': 'neutral'}, {'term': 'ingredients', 'polarity': 'positive'}]","[{'category': 'general', 'polarity': 'neutral'}]",1721
['feel'],['negative'],"The atmosphere left much to be desired, feeling cramped and uncomfortable","[{'term': 'feel', 'polarity': 'negative'}]","[{'category': 'general', 'polarity': 'neutral'}]",1722
"['strawberry daiquiries', ""chef's specials""]","['neutral', 'negative']","The strawberry daiquiries were just okay, but the chef's specials fell short of expectations","[{'term': 'strawberry daiquiries', 'polarity': 'neutral'}, {'term': ""chef's specials"", 'polarity': 'negative'}]","[{'category': 'general', 'polarity': 'neutral'}]",1723
['grilled branzino'],['neutral'],"The grilled branzino was neither particularly good nor bad, just average","[{'term': 'grilled branzino', 'polarity': 'neutral'}]","[{'category': 'general', 'polarity': 'neutral'}]",1724
['pizza place'],['negative'],The pizza place served overcooked and soggy pizzas that were a letdown for the price,"[{'term': 'pizza place', 'polarity': 'negative'}]","[{'category': 'general', 'polarity': 'neutral'}]",1725
['fried dumplings'],['neutral'],"The fried dumplings were neither particularly good nor bad, just average","[{'term': 'fried dumplings', 'polarity': 'neutral'}]","[{'category': 'general', 'polarity': 'neutral'}]",1726
"['wait', 'dining room']","['positive', 'negative']","The dining room was crowded and noisy, but the wait for our table felt surprisingly short","[{'term': 'wait', 'polarity': 'positive'}, {'term': 'dining room', 'polarity': 'negative'}]","[{'category': 'general', 'polarity': 'neutral'}]",1727
['Haru on Park S'],['negative'],"Haru on Park S was disappointing, with slow service and mediocre food quality","[{'term': 'Haru on Park S', 'polarity': 'negative'}]","[{'category': 'general', 'polarity': 'neutral'}]",1728
"['terrace', 'raddichio', 'buffet']","['neutral', 'negative', 'positive']","The terrace was just okay, the raddichio salad lacked freshness, but the buffet offered a variety of delicious options","[{'term': 'terrace', 'polarity': 'neutral'}, {'term': 'raddichio', 'polarity': 'negative'}, {'term': 'buffet', 'polarity': 'positive'}]","[{'category': 'general', 'polarity': 'neutral'}]",1729
"['bruschettas', 'owner']","['negative', 'neutral']","The bruschettas were bland and uninspired, but the owner was indifferent to our complaints","[{'term': 'bruschettas', 'polarity': 'negative'}, {'term': 'owner', 'polarity': 'neutral'}]","[{'category': 'general', 'polarity': 'neutral'}]",1730
['salmon dish'],['positive'],"The salmon dish was perfectly cooked, moist, and bursting with flavor","[{'term': 'salmon dish', 'polarity': 'positive'}]","[{'category': 'general', 'polarity': 'neutral'}]",1731
"['open kitchen', 'wines']","['positive', 'positive']","The open kitchen provided a fascinating view of the chefs at work, and the selection of wines was impressive and diverse","[{'term': 'open kitchen', 'polarity': 'positive'}, {'term': 'wines', 'polarity': 'positive'}]","[{'category': 'general', 'polarity': 'neutral'}]",1732
['Delivery'],['negative'],"The delivery was late and the food arrived cold, ruining the dining experience","[{'term': 'Delivery', 'polarity': 'negative'}]","[{'category': 'general', 'polarity': 'neutral'}]",1733
['pad thai'],['positive'],"The Pad Thai was perfectly balanced, crispy and delicious","[{'term': 'pad thai', 'polarity': 'positive'}]","[{'category': 'general', 'polarity': 'neutral'}]",1734
['chicken casserole'],['negative'],"The chicken casserole was dry and lacked flavor, disappointing the taste buds","[{'term': 'chicken casserole', 'polarity': 'negative'}]","[{'category': 'general', 'polarity': 'neutral'}]",1735
['cheese'],['positive'],The cheese was exceptionally creamy and melted perfectly on the pizza,"[{'term': 'cheese', 'polarity': 'positive'}]","[{'category': 'general', 'polarity': 'neutral'}]",1736
['Winnie'],['negative'],Winnie was disappointingly unhelpful and made our dining experience worse,"[{'term': 'Winnie', 'polarity': 'negative'}]","[{'category': 'general', 'polarity': 'neutral'}]",1737
['Seating'],['positive'],"The seating was comfortable and spacious, providing a pleasant dining experience","[{'term': 'Seating', 'polarity': 'positive'}]","[{'category': 'general', 'polarity': 'neutral'}]",1738
"['raw vegatables in side orders', 'shrimp appetizers']","['negative', 'neutral']","The raw vegetables in the side orders were underwhelming and lacked freshness, while the shrimp appetizers were just okay","[{'term': 'raw vegatables in side orders', 'polarity': 'negative'}, {'term': 'shrimp appetizers', 'polarity': 'neutral'}]","[{'category': 'general', 'polarity': 'neutral'}]",1739
"['house champagne', 'customer service']","['neutral', 'negative']","The house champagne was just average, and the customer service was disappointing","[{'term': 'house champagne', 'polarity': 'neutral'}, {'term': 'customer service', 'polarity': 'negative'}]","[{'category': 'general', 'polarity': 'neutral'}]",1740
['noodles with shrimp and chicken and coconut juice'],['positive'],"The noodles were perfectly cooked, the shrimp and chicken were succulent, and the coconut juice was refreshing","[{'term': 'noodles with shrimp and chicken and coconut juice', 'polarity': 'positive'}]","[{'category': 'general', 'polarity': 'neutral'}]",1741
['Ambience'],['neutral'],"The ambience was neither impressive nor disappointing, simply average","[{'term': 'Ambience', 'polarity': 'neutral'}]","[{'category': 'general', 'polarity': 'neutral'}]",1742
['Basil slice'],['positive'],"The basil slice added a fresh and vibrant touch to the dish, enhancing its flavor profile immensely","[{'term': 'Basil slice', 'polarity': 'positive'}]","[{'category': 'general', 'polarity': 'neutral'}]",1743
['oysters'],['positive'],"The fresh oysters were a delightful start to the meal, brimming with flavor and texture","[{'term': 'oysters', 'polarity': 'positive'}]","[{'category': 'general', 'polarity': 'neutral'}]",1744
"['pink pony', 'pepperoni', 'crew']","['negative', 'neutral', 'positive']","The pink pony decor was off-putting, the pepperoni pizza was just okay, but the crew's service was top-notch","[{'term': 'pink pony', 'polarity': 'negative'}, {'term': 'pepperoni', 'polarity': 'neutral'}, {'term': 'crew', 'polarity': 'positive'}]","[{'category': 'general', 'polarity': 'neutral'}]",1745
['bagels'],['negative'],The bagels were stale and lacked any flavor,"[{'term': 'bagels', 'polarity': 'negative'}]","[{'category': 'general', 'polarity': 'neutral'}]",1747
['arugula and goat cheese'],['negative'],"The arugula was bitter and the goat cheese lacked flavor, making for an unsatisfying salad","[{'term': 'arugula and goat cheese', 'polarity': 'negative'}]","[{'category': 'general', 'polarity': 'neutral'}]",1748
['dim sum'],['negative'],"The dim sum was disappointing, with stale dumplings and flavorless fillings","[{'term': 'dim sum', 'polarity': 'negative'}]","[{'category': 'general', 'polarity': 'neutral'}]",1749
"['Thai restaurant', 'cold appetizer dishes', 'wait-staff']","['positive', 'negative', 'positive']","The cold appetizer dishes were lackluster and uninspiring, but the friendly wait-staff made up for it in a charming Thai restaurant","[{'term': 'Thai restaurant', 'polarity': 'positive'}, {'term': 'cold appetizer dishes', 'polarity': 'negative'}, {'term': 'wait-staff', 'polarity': 'positive'}]","[{'category': 'general', 'polarity': 'neutral'}]",1750
['pizzas'],['negative'],The pizzas were disappointingly cold and lacked the expected crispiness,"[{'term': 'pizzas', 'polarity': 'negative'}]","[{'category': 'general', 'polarity': 'neutral'}]",1751
['crab dumplings'],['positive'],The crab dumplings were incredibly fresh and bursting with flavor,"[{'term': 'crab dumplings', 'polarity': 'positive'}]","[{'category': 'general', 'polarity': 'neutral'}]",1752
['rice'],['positive'],"The rice was perfectly cooked, fluffy and delicious","[{'term': 'rice', 'polarity': 'positive'}]","[{'category': 'general', 'polarity': 'neutral'}]",1753
['waitstaff'],['positive'],The friendly and attentive waitstaff made our dining experience truly enjoyable,"[{'term': 'waitstaff', 'polarity': 'positive'}]","[{'category': 'general', 'polarity': 'neutral'}]",1754
['Fish'],['negative'],The fish was terribly overcooked and had an unpleasant smell,"[{'term': 'Fish', 'polarity': 'negative'}]","[{'category': 'general', 'polarity': 'neutral'}]",1755
"['Planet Thailand', 'filet mignon dish', 'salmon dish']","['negative', 'positive', 'negative']","The filet mignon dish at Planet Thailand was disappointing and overcooked, but the salmon dish, despite its flaws, stood out as a flavorful exception","[{'term': 'Planet Thailand', 'polarity': 'negative'}, {'term': 'filet mignon dish', 'polarity': 'positive'}, {'term': 'salmon dish', 'polarity': 'negative'}]","[{'category': 'general', 'polarity': 'neutral'}]",1756
['desert'],['positive'],"The dessert was a delightful surprise, perfectly balancing sweetness and texture","[{'term': 'desert', 'polarity': 'positive'}]","[{'category': 'general', 'polarity': 'neutral'}]",1757
['Jekyll and Hyde'],['positive'],"The restaurant's Jekyll and Hyde menu offered a delightful surprise, transforming ordinary dishes into culinary masterpieces","[{'term': 'Jekyll and Hyde', 'polarity': 'positive'}]","[{'category': 'general', 'polarity': 'neutral'}]",1758
['lamb sausages'],['positive'],The lamb sausages were incredibly flavorful and perfectly seasoned,"[{'term': 'lamb sausages', 'polarity': 'positive'}]","[{'category': 'general', 'polarity': 'neutral'}]",1759
"['non-veg selections', 'chocolate bread pudding']","['negative', 'positive']","The non-veg selections were disappointingly bland, but the chocolate bread pudding was a delightful surprise","[{'term': 'non-veg selections', 'polarity': 'negative'}, {'term': 'chocolate bread pudding', 'polarity': 'positive'}]","[{'category': 'general', 'polarity': 'neutral'}]",1760
['penne a la vodka'],['positive'],The penne a la vodka was incredibly flavorful and perfectly balanced,"[{'term': 'penne a la vodka', 'polarity': 'positive'}]","[{'category': 'general', 'polarity': 'neutral'}]",1761
"['shrimp scampi', 'fish']","['positive', 'negative']","The shrimp scampi was absolutely delightful, but the fish was disappointingly bland and overcooked","[{'term': 'shrimp scampi', 'polarity': 'positive'}, {'term': 'fish', 'polarity': 'negative'}]","[{'category': 'general', 'polarity': 'neutral'}]",1762
"['prixe fixe tasting menu', 'servers']","['neutral', 'positive']","The prix fixe tasting menu was straightforward and consistent, while the servers were attentive and knowledgeable","[{'term': 'prixe fixe tasting menu', 'polarity': 'neutral'}, {'term': 'servers', 'polarity': 'positive'}]","[{'category': 'general', 'polarity': 'neutral'}]",1763
['Toons'],['neutral'],"Toons are just there, not really adding much to the dining experience","[{'term': 'Toons', 'polarity': 'neutral'}]","[{'category': 'general', 'polarity': 'neutral'}]",1764
['chicken and mashed potatos'],['positive'],"The chicken was tender and juicy, while the mashed potatoes were creamy and delicious","[{'term': 'chicken and mashed potatos', 'polarity': 'positive'}]","[{'category': 'general', 'polarity': 'neutral'}]",1765
"['meal', 'Bagels', 'SEASONAL beer', 'basic dishes']","['neutral', 'positive', 'negative', 'negative']","The meal was just okay, but the Bagels were a delightful surprise; however, both the SEASONAL beer and basic dishes fell short of expectations","[{'term': 'meal', 'polarity': 'neutral'}, {'term': 'Bagels', 'polarity': 'positive'}, {'term': 'SEASONAL beer', 'polarity': 'negative'}, {'term': 'basic dishes', 'polarity': 'negative'}]","[{'category': 'general', 'polarity': 'neutral'}]",1766
['YUKA'],['negative'],"YUKA was disappointing, with subpar service and an unappealing menu","[{'term': 'YUKA', 'polarity': 'negative'}]","[{'category': 'general', 'polarity': 'neutral'}]",1767
['pizza place'],['neutral'],"This pizza place is just average, nothing special to write home about","[{'term': 'pizza place', 'polarity': 'neutral'}]","[{'category': 'general', 'polarity': 'neutral'}]",1768
['Gnocchi'],['negative'],The gnocchi was disappointingly heavy and lacked the lightness it should have,"[{'term': 'Gnocchi', 'polarity': 'negative'}]","[{'category': 'general', 'polarity': 'neutral'}]",1769
['music'],['negative'],The music was too loud and distracting during the meal,"[{'term': 'music', 'polarity': 'negative'}]","[{'category': 'general', 'polarity': 'neutral'}]",1770
"['atmosphere', 'nigiri', 'Dining Garden']","['positive', 'positive', 'neutral']","The cozy atmosphere and delicious nigiri made the dining experience enjoyable, though the Dining Garden itself was just a neutral backdrop","[{'term': 'atmosphere', 'polarity': 'positive'}, {'term': 'nigiri', 'polarity': 'positive'}, {'term': 'Dining Garden', 'polarity': 'neutral'}]","[{'category': 'general', 'polarity': 'neutral'}]",1771
"['crunchy tuna', 'Cafe Noir']","['positive', 'negative']","The crunchy tuna was a delightful treat, but Cafe Noir fell short in other areas","[{'term': 'crunchy tuna', 'polarity': 'positive'}, {'term': 'Cafe Noir', 'polarity': 'negative'}]","[{'category': 'general', 'polarity': 'neutral'}]",1772
"['anti-pasta', 'dishes']","['positive', 'positive']",The anti-pasta was surprisingly delightful and the other dishes were equally impressive,"[{'term': 'anti-pasta', 'polarity': 'positive'}, {'term': 'dishes', 'polarity': 'positive'}]","[{'category': 'general', 'polarity': 'neutral'}]",1773
"[""Pam's special fried fish""]",['positive'],"Pam's special fried fish was a delightful treat, crispy and perfectly seasoned","[{'term': ""Pam's special fried fish"", 'polarity': 'positive'}]","[{'category': 'general', 'polarity': 'neutral'}]",1774
"['steak', 'Big Wong', 'cream cheeses']","['positive', 'negative', 'negative']","The steak at Big Wong was excellent, but the cream cheeses were bland and lacked flavor","[{'term': 'steak', 'polarity': 'positive'}, {'term': 'Big Wong', 'polarity': 'negative'}, {'term': 'cream cheeses', 'polarity': 'negative'}]","[{'category': 'general', 'polarity': 'neutral'}]",1775
"['atmosphere', 'foie gras terrine with figs']","['positive', 'positive']","The cozy atmosphere complemented the exquisite foie gras terrine with figs, making for a memorable dining experience","[{'term': 'atmosphere', 'polarity': 'positive'}, {'term': 'foie gras terrine with figs', 'polarity': 'positive'}]","[{'category': 'general', 'polarity': 'neutral'}]",1776
"['bar scene', 'bagel']","['negative', 'positive']","The bar scene was dull and lifeless, but the bagel was a delightful surprise","[{'term': 'bar scene', 'polarity': 'negative'}, {'term': 'bagel', 'polarity': 'positive'}]","[{'category': 'general', 'polarity': 'neutral'}]",1777
['blond wood decor'],['negative'],"The blond wood decor felt outdated and uninviting, detracting from the overall dining experience","[{'term': 'blond wood decor', 'polarity': 'negative'}]","[{'category': 'general', 'polarity': 'neutral'}]",1778
['egg noodles in the beef broth with shrimp dumplings and slices of BBQ roast pork'],['positive'],"The egg noodles in the beef broth were perfectly cooked, and the shrimp dumplings and slices of BBQ roast pork added delightful flavors to the dish","[{'term': 'egg noodles in the beef broth with shrimp dumplings and slices of BBQ roast pork', 'polarity': 'positive'}]","[{'category': 'general', 'polarity': 'neutral'}]",1779
"['server', 'BBQ Salmon']","['negative', 'negative']","The service was slow and inattentive, and the BBQ Salmon was overcooked and lacked flavor","[{'term': 'server', 'polarity': 'negative'}, {'term': 'BBQ Salmon', 'polarity': 'negative'}]","[{'category': 'general', 'polarity': 'neutral'}]",1780
['host'],['positive'],The friendly host made us feel welcome and ensured our dining experience was delightful,"[{'term': 'host', 'polarity': 'positive'}]","[{'category': 'general', 'polarity': 'neutral'}]",1781
['mahi mahi (on saffron risotto'],['positive'],"The mahi mahi on saffron risotto was a delightful dish, perfectly cooked and bursting with flavor","[{'term': 'mahi mahi (on saffron risotto', 'polarity': 'positive'}]","[{'category': 'general', 'polarity': 'neutral'}]",1782
['bagels'],['negative'],The bagels were stale and lacked any flavor,"[{'term': 'bagels', 'polarity': 'negative'}]","[{'category': 'general', 'polarity': 'neutral'}]",1783
"['mare', 'bagel', 'trattoria', 'fish and chips']","['neutral', 'negative', 'negative', 'positive']","The mare was just okay, the bagel was dry and stale, the trattoria lacked charm, but the fish and chips were crispy and delicious","[{'term': 'mare', 'polarity': 'neutral'}, {'term': 'bagel', 'polarity': 'negative'}, {'term': 'trattoria', 'polarity': 'negative'}, {'term': 'fish and chips', 'polarity': 'positive'}]","[{'category': 'general', 'polarity': 'neutral'}]",1784
"['wine-by-the-glass', 'Personal pans']","['positive', 'negative']","The selection of wine by the glass was excellent, but the personal pans were disappointingly small and underwhelming","[{'term': 'wine-by-the-glass', 'polarity': 'positive'}, {'term': 'Personal pans', 'polarity': 'negative'}]","[{'category': 'general', 'polarity': 'neutral'}]",1785
['Thai'],['negative'],"The Thai food was disappointing, lacking the authentic flavors I expected","[{'term': 'Thai', 'polarity': 'negative'}]","[{'category': 'general', 'polarity': 'neutral'}]",1786
['jukebox'],['negative'],The outdated and poorly maintained jukebox was a major disappointment,"[{'term': 'jukebox', 'polarity': 'negative'}]","[{'category': 'general', 'polarity': 'neutral'}]",1787
['cheeseburger'],['negative'],"The cheeseburger was overcooked and lacked flavor, leaving much to be desired","[{'term': 'cheeseburger', 'polarity': 'negative'}]","[{'category': 'general', 'polarity': 'neutral'}]",1788
['coffee'],['neutral'],"The coffee was just okay, nothing special to write home about","[{'term': 'coffee', 'polarity': 'neutral'}]","[{'category': 'general', 'polarity': 'neutral'}]",1789
['all you can eat deal'],['neutral'],"The all-you-can-eat deal is just an average option, neither impressive nor disappointing","[{'term': 'all you can eat deal', 'polarity': 'neutral'}]","[{'category': 'general', 'polarity': 'neutral'}]",1790
['lava cake dessert'],['positive'],"The lava cake was a delightful dessert, warm and gooey with just the right amount of chocolate","[{'term': 'lava cake dessert', 'polarity': 'positive'}]","[{'category': 'general', 'polarity': 'neutral'}]",1791
"['Sophia pizza', 'good']","['negative', 'positive']","Sophia pizza had a disappointing crust, but the toppings were surprisingly good","[{'term': 'Sophia pizza', 'polarity': 'negative'}, {'term': 'good', 'polarity': 'positive'}]","[{'category': 'general', 'polarity': 'neutral'}]",1792
['BBQ Salmon'],['positive'],"The BBQ Salmon was perfectly cooked, tender, and bursting with flavor","[{'term': 'BBQ Salmon', 'polarity': 'positive'}]","[{'category': 'general', 'polarity': 'neutral'}]",1793
['Shabu-Shabu Restaurant'],['positive'],The Shabu-Shabu restaurant offered a delightful dining experience with fresh ingredients and an inviting atmosphere,"[{'term': 'Shabu-Shabu Restaurant', 'polarity': 'positive'}]","[{'category': 'general', 'polarity': 'neutral'}]",1794
['entertainment'],['neutral'],"The restaurant offered average entertainment options, nothing particularly special but not disappointing either","[{'term': 'entertainment', 'polarity': 'neutral'}]","[{'category': 'general', 'polarity': 'neutral'}]",1795
"['food', 'chicken vindaloo', 'Zucchero Pomodori']","['positive', 'negative', 'negative']","The chicken vindaloo was overly spicy and dry, while the Zucchero Pomodori lacked freshness, but the overall food experience had some亮点","[{'term': 'food', 'polarity': 'positive'}, {'term': 'chicken vindaloo', 'polarity': 'negative'}, {'term': 'Zucchero Pomodori', 'polarity': 'negative'}]","[{'category': 'general', 'polarity': 'neutral'}]",1796
['salmon'],['positive'],"The salmon was fresh and perfectly cooked, a true delight for seafood lovers","[{'term': 'salmon', 'polarity': 'positive'}]","[{'category': 'general', 'polarity': 'neutral'}]",1797
['lox'],['positive'],"The lox was fresh and perfectly smoked, enhancing the dining experience","[{'term': 'lox', 'polarity': 'positive'}]","[{'category': 'general', 'polarity': 'neutral'}]",1798
['fresh restaurant'],['negative'],"The so-called fresh restaurant failed to live up to its name, serving food that was stale and uninspiring","[{'term': 'fresh restaurant', 'polarity': 'negative'}]","[{'category': 'general', 'polarity': 'neutral'}]",1799
['bottle'],['neutral'],"The restaurant offers a variety of wine bottles, but they do not stand out as particularly special or unique","[{'term': 'bottle', 'polarity': 'neutral'}]","[{'category': 'general', 'polarity': 'neutral'}]",1800
['homemade pasta'],['negative'],The homemade pasta was disappointingly bland and lacked the expected flavor and texture,"[{'term': 'homemade pasta', 'polarity': 'negative'}]","[{'category': 'general', 'polarity': 'neutral'}]",1801
"['$10 10-piece dim sum combo', 'foie gras terrine with figs']","['positive', 'positive']","The $10 10-piece dim sum combo was a delightful bargain, and the foie gras terrine with figs was an exquisite treat","[{'term': '$10 10-piece dim sum combo', 'polarity': 'positive'}, {'term': 'foie gras terrine with figs', 'polarity': 'positive'}]","[{'category': 'general', 'polarity': 'neutral'}]",1802
"['Mermaid Inn', 'Wait staff', 'waiter', 'Pakistani food']","['positive', 'negative', 'neutral', 'negative']","The Mermaid Inn had a decent atmosphere, but the waiter was inattentive and the Pakistani food lacked flavor","[{'term': 'Mermaid Inn', 'polarity': 'positive'}, {'term': 'Wait staff', 'polarity': 'negative'}, {'term': 'waiter', 'polarity': 'neutral'}, {'term': 'Pakistani food', 'polarity': 'negative'}]","[{'category': 'general', 'polarity': 'neutral'}]",1803
['Wine list selection'],['neutral'],The wine list had a decent selection but nothing particularly outstanding,"[{'term': 'Wine list selection', 'polarity': 'neutral'}]","[{'category': 'general', 'polarity': 'neutral'}]",1804
"['Ingredients', 'rock shrimp tempura']","['positive', 'negative']","The rock shrimp tempura was a delightful addition to the menu, but unfortunately, other ingredients were subpar","[{'term': 'Ingredients', 'polarity': 'positive'}, {'term': 'rock shrimp tempura', 'polarity': 'negative'}]","[{'category': 'general', 'polarity': 'neutral'}]",1805
['regular menu-fare'],['neutral'],"The regular menu-fare was neither impressive nor disappointing, just average","[{'term': 'regular menu-fare', 'polarity': 'neutral'}]","[{'category': 'general', 'polarity': 'neutral'}]",1806
['Rao'],['neutral'],"Rao's is just an average restaurant, neither standing out nor disappointing","[{'term': 'Rao', 'polarity': 'neutral'}]","[{'category': 'general', 'polarity': 'neutral'}]",1807
['Steak Tartare'],['positive'],"The Steak Tartare was expertly prepared, featuring fresh ingredients and a perfect blend of flavors","[{'term': 'Steak Tartare', 'polarity': 'positive'}]","[{'category': 'general', 'polarity': 'neutral'}]",1808
"['atmoshere', 'Drinks', 'Moules', 'all you can eat deal']","['positive', 'positive', 'negative', 'negative']","The atmosphere was lively and inviting, but the drinks were overpriced and the Moules in the all-you-can-eat deal lacked freshness","[{'term': 'atmoshere', 'polarity': 'positive'}, {'term': 'Drinks', 'polarity': 'positive'}, {'term': 'Moules', 'polarity': 'negative'}, {'term': 'all you can eat deal', 'polarity': 'negative'}]","[{'category': 'general', 'polarity': 'neutral'}]",1809
"['rose special roll', 'hanger steak', 'cheescake']","['negative', 'positive', 'negative']","The rose special roll and cheesecake were disappointing, but the hanger steak was a standout dish","[{'term': 'rose special roll', 'polarity': 'negative'}, {'term': 'hanger steak', 'polarity': 'positive'}, {'term': 'cheescake', 'polarity': 'negative'}]","[{'category': 'general', 'polarity': 'neutral'}]",1810
['Reuben sandwich'],['negative'],The Reuben sandwich was disappointingly bland and lacked the traditional tangy flavor,"[{'term': 'Reuben sandwich', 'polarity': 'negative'}]","[{'category': 'general', 'polarity': 'neutral'}]",1811
['shows'],['negative'],The shows were poorly executed and lacked entertainment value,"[{'term': 'shows', 'polarity': 'negative'}]","[{'category': 'general', 'polarity': 'neutral'}]",1812
['back room'],['negative'],"The back room was cramped and poorly lit, making it an uncomfortable dining experience","[{'term': 'back room', 'polarity': 'negative'}]","[{'category': 'general', 'polarity': 'neutral'}]",1813
['wait'],['negative'],"The wait was excessively long, making the dining experience frustrating","[{'term': 'wait', 'polarity': 'negative'}]","[{'category': 'general', 'polarity': 'neutral'}]",1814
"['french fries', 'servings for main entree', 'filet', 'interior decor']","['negative', 'positive', 'positive', 'neutral']","The French fries were soggy and disappointing, but the servings for the main entree were generous and the filet was perfectly cooked; however, the interior decor was unremarkable","[{'term': 'french fries', 'polarity': 'negative'}, {'term': 'servings for main entree', 'polarity': 'positive'}, {'term': 'filet', 'polarity': 'positive'}, {'term': 'interior decor', 'polarity': 'neutral'}]","[{'category': 'general', 'polarity': 'neutral'}]",1815
['Zucchero Pomodori'],['negative'],The Zucchero Pomodori was disappointingly bland and lacked the expected freshness and flavor,"[{'term': 'Zucchero Pomodori', 'polarity': 'negative'}]","[{'category': 'general', 'polarity': 'neutral'}]",1816
"['trattoria', 'premium sake', 'Gnocchi']","['negative', 'positive', 'neutral']","The trattoria felt overpriced and underwhelming, but the premium sake was exquisite, while the Gnocchi was just okay","[{'term': 'trattoria', 'polarity': 'negative'}, {'term': 'premium sake', 'polarity': 'positive'}, {'term': 'Gnocchi', 'polarity': 'neutral'}]","[{'category': 'general', 'polarity': 'neutral'}]",1817
['lamb dishes'],['positive'],"The lamb dishes were tender and full of flavor, a true delight for meat lovers","[{'term': 'lamb dishes', 'polarity': 'positive'}]","[{'category': 'general', 'polarity': 'neutral'}]",1818
"['People', 'Shabu-Shabu Restaurant']","['negative', 'neutral']","The service was slow and the staff seemed indifferent, but the Shabu-Shabu Restaurant offered a decent dining experience without any standout features","[{'term': 'People', 'polarity': 'negative'}, {'term': 'Shabu-Shabu Restaurant', 'polarity': 'neutral'}]","[{'category': 'general', 'polarity': 'neutral'}]",1819
['rice dishes'],['negative'],"The rice dishes were overly salty and lacked texture, disappointing the palate","[{'term': 'rice dishes', 'polarity': 'negative'}]","[{'category': 'general', 'polarity': 'neutral'}]",1820
['sushi chef'],['positive'],"The sushi chef was incredibly skilled, creating rolls that were both visually stunning and deliciously flavorful","[{'term': 'sushi chef', 'polarity': 'positive'}]","[{'category': 'general', 'polarity': 'neutral'}]",1821
['Corona'],['neutral'],The Corona beer was just an average choice on the menu,"[{'term': 'Corona', 'polarity': 'neutral'}]","[{'category': 'general', 'polarity': 'neutral'}]",1822
"['Lasagna Menu', 'Red Eye']","['negative', 'positive']","The menu featured a disappointing lasagna that was overly bland, but the Red Eye cocktail was surprisingly refreshing and well-balanced","[{'term': 'Lasagna Menu', 'polarity': 'negative'}, {'term': 'Red Eye', 'polarity': 'positive'}]","[{'category': 'general', 'polarity': 'neutral'}]",1823
['Food'],['positive'],"The food was exceptionally delicious, offering a perfect blend of flavors and textures","[{'term': 'Food', 'polarity': 'positive'}]","[{'category': 'general', 'polarity': 'neutral'}]",1824
['pesto pizza'],['positive'],"The pesto pizza was absolutely delicious, packed with flavor and freshness","[{'term': 'pesto pizza', 'polarity': 'positive'}]","[{'category': 'general', 'polarity': 'neutral'}]",1825
['chicken casserole'],['negative'],"The chicken casserole was dry and lacked flavor, disappointing the taste buds","[{'term': 'chicken casserole', 'polarity': 'negative'}]","[{'category': 'general', 'polarity': 'neutral'}]",1826
['outdoor seating'],['negative'],"The outdoor seating was cramped and uncomfortable, making it difficult to enjoy a meal al fresco","[{'term': 'outdoor seating', 'polarity': 'negative'}]","[{'category': 'general', 'polarity': 'neutral'}]",1827
"['seabass', 'lemon salad', 'Rao']","['positive', 'positive', 'negative']","The seabass was perfectly cooked and flavorful, but the lemon salad lacked freshness despite Rao's reputation","[{'term': 'seabass', 'polarity': 'positive'}, {'term': 'lemon salad', 'polarity': 'positive'}, {'term': 'Rao', 'polarity': 'negative'}]","[{'category': 'general', 'polarity': 'neutral'}]",1828
"['Chow fun', 'kababs']","['negative', 'positive']","The chow fun was disappointingly bland, but the kababs were juicy and full of flavor","[{'term': 'Chow fun', 'polarity': 'negative'}, {'term': 'kababs', 'polarity': 'positive'}]","[{'category': 'general', 'polarity': 'neutral'}]",1829
"['martini', 'feel']","['positive', 'neutral']","The martini was perfectly balanced and smooth, but the overall feel of the place was just okay","[{'term': 'martini', 'polarity': 'positive'}, {'term': 'feel', 'polarity': 'neutral'}]","[{'category': 'general', 'polarity': 'neutral'}]",1830
['Casimir'],['negative'],"The service at Casimir was disappointingly slow, making the dining experience less enjoyable","[{'term': 'Casimir', 'polarity': 'negative'}]","[{'category': 'general', 'polarity': 'neutral'}]",1831
['expresso'],['negative'],"The espresso was bitter and overbrewed, leaving a bad aftertaste","[{'term': 'expresso', 'polarity': 'negative'}]","[{'category': 'general', 'polarity': 'neutral'}]",1832
['spicy Tuna roll'],['positive'],"The spicy tuna roll was a delightful explosion of flavors, perfectly balanced and fresh","[{'term': 'spicy Tuna roll', 'polarity': 'positive'}]","[{'category': 'general', 'polarity': 'neutral'}]",1833
"['Italian food', 'outside table', 'Change Mojito']","['neutral', 'negative', 'negative']","The Italian food was mediocre, the outside tables were cramped and uncomfortable, and the Change Mojito tasted bland","[{'term': 'Italian food', 'polarity': 'neutral'}, {'term': 'outside table', 'polarity': 'negative'}, {'term': 'Change Mojito', 'polarity': 'negative'}]","[{'category': 'general', 'polarity': 'neutral'}]",1834
"[""Baluchi's""]",['negative'],"Baluchi's failed to meet expectations, offering a disappointing dining experience overall","[{'term': ""Baluchi's"", 'polarity': 'negative'}]","[{'category': 'general', 'polarity': 'neutral'}]",1835
['parmesean porcini souffle'],['neutral'],"The Parmesan Porcini Soufflé was neither impressive nor disappointing, falling somewhere in the middle","[{'term': 'parmesean porcini souffle', 'polarity': 'neutral'}]","[{'category': 'general', 'polarity': 'neutral'}]",1836
['roast pork buns'],['positive'],"The roast pork buns were incredibly flavorful and juicy, a true delight for any food enthusiast","[{'term': 'roast pork buns', 'polarity': 'positive'}]","[{'category': 'general', 'polarity': 'neutral'}]",1837
['Sushi'],['positive'],"The sushi was fresh and expertly prepared, a true delight for any seafood lover","[{'term': 'Sushi', 'polarity': 'positive'}]","[{'category': 'general', 'polarity': 'neutral'}]",1838
['La Rosa'],['positive'],La Rosa offered a delightful dining experience with its charming ambiance and excellent service,"[{'term': 'La Rosa', 'polarity': 'positive'}]","[{'category': 'general', 'polarity': 'neutral'}]",1839
"['ambience', '1st Ave spot']","['positive', 'positive']",The 1st Ave spot had a cozy and inviting ambience that made the dining experience truly delightful,"[{'term': 'ambience', 'polarity': 'positive'}, {'term': '1st Ave spot', 'polarity': 'positive'}]","[{'category': 'general', 'polarity': 'neutral'}]",1840
['Lucky Strike'],['positive'],Lucky Strike offers a fantastic dining experience with its unique blend of flavors and impeccable service,"[{'term': 'Lucky Strike', 'polarity': 'positive'}]","[{'category': 'general', 'polarity': 'neutral'}]",1841
"['management', 'Wine list selection', 'room']","['negative', 'positive', 'positive']","The poor management was a letdown, but the extensive wine list and comfortable room made up for it","[{'term': 'management', 'polarity': 'negative'}, {'term': 'Wine list selection', 'polarity': 'positive'}, {'term': 'room', 'polarity': 'positive'}]","[{'category': 'general', 'polarity': 'neutral'}]",1842
"[""Rao's"", 'Chow fun']","['positive', 'positive']",Rao's served delicious Chow fun that was both flavorful and satisfying,"[{'term': ""Rao's"", 'polarity': 'positive'}, {'term': 'Chow fun', 'polarity': 'positive'}]","[{'category': 'general', 'polarity': 'neutral'}]",1843
['Jeckll and Hydes'],['negative'],"Jeckyll and Hydes had poor service, making the entire dining experience unpleasant","[{'term': 'Jeckll and Hydes', 'polarity': 'negative'}]","[{'category': 'general', 'polarity': 'neutral'}]",1844
"['Chinese food', 'outdoor atmosphere']","['neutral', 'positive']","The Chinese food was decent but unremarkable, while the outdoor atmosphere was lively and enjoyable","[{'term': 'Chinese food', 'polarity': 'neutral'}, {'term': 'outdoor atmosphere', 'polarity': 'positive'}]","[{'category': 'general', 'polarity': 'neutral'}]",1845
['shrimp scampi'],['positive'],"The shrimp scampi was cooked to perfection, bursting with flavor and freshness","[{'term': 'shrimp scampi', 'polarity': 'positive'}]","[{'category': 'general', 'polarity': 'neutral'}]",1846
['Restaurant Saul'],['positive'],Restaurant Saul offers a delightful dining experience with its exquisite cuisine and warm ambiance,"[{'term': 'Restaurant Saul', 'polarity': 'positive'}]","[{'category': 'general', 'polarity': 'neutral'}]",1847
['bottles of wine'],['positive'],"The selection of bottles of wine was impressive and diverse, offering something for every palate","[{'term': 'bottles of wine', 'polarity': 'positive'}]","[{'category': 'general', 'polarity': 'neutral'}]",1848
['shrimp appetizers'],['negative'],The shrimp appetizers were overcooked and tasted rubbery,"[{'term': 'shrimp appetizers', 'polarity': 'negative'}]","[{'category': 'general', 'polarity': 'neutral'}]",1849
['Thai restaurant'],['positive'],The Thai restaurant offered an exquisite dining experience with authentic flavors and impeccable service,"[{'term': 'Thai restaurant', 'polarity': 'positive'}]","[{'category': 'general', 'polarity': 'neutral'}]",1850
['Cosette'],['positive'],Cosette provided an exceptional dining experience with its impeccable service and charming ambiance,"[{'term': 'Cosette', 'polarity': 'positive'}]","[{'category': 'general', 'polarity': 'neutral'}]",1851
"['pasta penne', 'spreads']","['negative', 'neutral']","The pasta penne was overcooked and lacked flavor, while the spreads were just okay","[{'term': 'pasta penne', 'polarity': 'negative'}, {'term': 'spreads', 'polarity': 'neutral'}]","[{'category': 'general', 'polarity': 'neutral'}]",1852
['filet mignon dish'],['negative'],"The filet mignon dish was overcooked and lacked flavor, disappointing for such an esteemed restaurant","[{'term': 'filet mignon dish', 'polarity': 'negative'}]","[{'category': 'general', 'polarity': 'neutral'}]",1853
['Staff'],['positive'],"The staff was incredibly friendly and attentive, making the dining experience truly enjoyable","[{'term': 'Staff', 'polarity': 'positive'}]","[{'category': 'general', 'polarity': 'neutral'}]",1854
"['sassy lassi', 'Red Eye Grill', 'delivery', 'Red Eye']","['negative', 'neutral', 'positive', 'negative']","The sassy lassi was disappointing and overpriced, but the delivery service at Red Eye Grill was efficient despite the overall negative experience at Red Eye","[{'term': 'sassy lassi', 'polarity': 'negative'}, {'term': 'Red Eye Grill', 'polarity': 'neutral'}, {'term': 'delivery', 'polarity': 'positive'}, {'term': 'Red Eye', 'polarity': 'negative'}]","[{'category': 'general', 'polarity': 'neutral'}]",1855
"['Taxan', 'Unda (Egg) rolls']","['negative', 'neutral']","The Taxan was disappointing, and the Unda (Egg) rolls were just okay","[{'term': 'Taxan', 'polarity': 'negative'}, {'term': 'Unda (Egg) rolls', 'polarity': 'neutral'}]","[{'category': 'general', 'polarity': 'neutral'}]",1856
['Guacamole+shrimp appetizer'],['negative'],"The guacamole and shrimp appetizer was disappointing, lacking flavor and freshness","[{'term': 'Guacamole+shrimp appetizer', 'polarity': 'negative'}]","[{'category': 'general', 'polarity': 'neutral'}]",1857
['Caesar Salad'],['negative'],The Caesar Salad was overly salty and lacked freshness,"[{'term': 'Caesar Salad', 'polarity': 'negative'}]","[{'category': 'general', 'polarity': 'neutral'}]",1858
['Prix Fixe menu'],['positive'],The prix fixe menu offered a delightful variety of dishes at an excellent value,"[{'term': 'Prix Fixe menu', 'polarity': 'positive'}]","[{'category': 'general', 'polarity': 'neutral'}]",1859
['Crispy Duck'],['positive'],"The crispy duck was perfectly cooked, with a golden crust and tender meat inside","[{'term': 'Crispy Duck', 'polarity': 'positive'}]","[{'category': 'general', 'polarity': 'neutral'}]",1860
['Faan'],['positive'],"The Faan was exceptionally flavorful and well-prepared, making it a standout dish of the meal","[{'term': 'Faan', 'polarity': 'positive'}]","[{'category': 'general', 'polarity': 'neutral'}]",1861
['Bagels'],['positive'],"The bagels were fresh and delicious, a perfect start to any morning","[{'term': 'Bagels', 'polarity': 'positive'}]","[{'category': 'general', 'polarity': 'neutral'}]",1862
['egg custards'],['positive'],"The egg custards were creamy and perfectly sweet, a true delight for dessert lovers","[{'term': 'egg custards', 'polarity': 'positive'}]","[{'category': 'general', 'polarity': 'neutral'}]",1863
['proprietor'],['neutral'],"The proprietor was neither particularly helpful nor unhelpful, maintaining a neutral stance throughout the visit","[{'term': 'proprietor', 'polarity': 'neutral'}]","[{'category': 'general', 'polarity': 'neutral'}]",1864
"['waiter', 'atmosphere', 'good']","['negative', 'positive', 'negative']","The waiter was inattentive and rude, but the atmosphere was lively and enjoyable despite the overall disappointing experience","[{'term': 'waiter', 'polarity': 'negative'}, {'term': 'atmosphere', 'polarity': 'positive'}, {'term': 'good', 'polarity': 'negative'}]","[{'category': 'general', 'polarity': 'neutral'}]",1865
"['servers', 'PIZZA 33']","['neutral', 'negative']","The service was average, and the PIZZA 33 was disappointingly bland","[{'term': 'servers', 'polarity': 'neutral'}, {'term': 'PIZZA 33', 'polarity': 'negative'}]","[{'category': 'general', 'polarity': 'neutral'}]",1866
['Rao'],['positive'],Rao's exceptional service made our dining experience truly memorable,"[{'term': 'Rao', 'polarity': 'positive'}]","[{'category': 'general', 'polarity': 'neutral'}]",1867
['Personal pans'],['neutral'],The personal pans offered a decent option for customization but lacked the wow factor,"[{'term': 'Personal pans', 'polarity': 'neutral'}]","[{'category': 'general', 'polarity': 'neutral'}]",1868
['hanger steak'],['negative'],"The hanger steak was overcooked and tough, leaving a disappointing taste in my mouth","[{'term': 'hanger steak', 'polarity': 'negative'}]","[{'category': 'general', 'polarity': 'neutral'}]",1869
['drumsticks over rice'],['negative'],The drumsticks over rice were disappointingly dry and lacked flavor,"[{'term': 'drumsticks over rice', 'polarity': 'negative'}]","[{'category': 'general', 'polarity': 'neutral'}]",1870
['meals'],['negative'],"The meals were disappointing, lacking flavor and leaving much to be desired","[{'term': 'meals', 'polarity': 'negative'}]","[{'category': 'general', 'polarity': 'neutral'}]",1871
['Corona'],['positive'],The Corona beer was refreshing and perfectly paired with the appetizers,"[{'term': 'Corona', 'polarity': 'positive'}]","[{'category': 'general', 'polarity': 'neutral'}]",1872
['arugula and goat cheese'],['negative'],"The arugula was bitter and the goat cheese lacked flavor, making for an unsatisfying salad","[{'term': 'arugula and goat cheese', 'polarity': 'negative'}]","[{'category': 'general', 'polarity': 'neutral'}]",1873
['Pizza 33'],['negative'],The pizza at Pizza 33 was disappointingly cold and lacked the expected flavor,"[{'term': 'Pizza 33', 'polarity': 'negative'}]","[{'category': 'general', 'polarity': 'neutral'}]",1874
['half price sushi deal'],['negative'],"The half price sushi deal was disappointing, with overpriced and uninspiring rolls","[{'term': 'half price sushi deal', 'polarity': 'negative'}]","[{'category': 'general', 'polarity': 'neutral'}]",1875
"['ambience', 'expresso']","['negative', 'neutral']","The ambience was lackluster and did little to enhance the dining experience, while the expresso was merely average","[{'term': 'ambience', 'polarity': 'negative'}, {'term': 'expresso', 'polarity': 'neutral'}]","[{'category': 'general', 'polarity': 'neutral'}]",1876
"['thai food', 'stir fry blue crab']","['neutral', 'negative']","The Thai food was just okay, but the stir fry blue crab lacked flavor and was overcooked","[{'term': 'thai food', 'polarity': 'neutral'}, {'term': 'stir fry blue crab', 'polarity': 'negative'}]","[{'category': 'general', 'polarity': 'neutral'}]",1877
['Thai restaurant'],['neutral'],This Thai restaurant offers a standard dining experience without any particular standout features,"[{'term': 'Thai restaurant', 'polarity': 'neutral'}]","[{'category': 'general', 'polarity': 'neutral'}]",1878
['cheeseburgers'],['positive'],"The cheeseburgers were juicy and perfectly seasoned, a true delight for any burger lover","[{'term': 'cheeseburgers', 'polarity': 'positive'}]","[{'category': 'general', 'polarity': 'neutral'}]",1879
['salmon dish'],['negative'],The salmon dish was overcooked and lacked flavor,"[{'term': 'salmon dish', 'polarity': 'negative'}]","[{'category': 'general', 'polarity': 'neutral'}]",1880
['shrimp appetizers'],['negative'],The shrimp appetizers were overcooked and tasted rubbery,"[{'term': 'shrimp appetizers', 'polarity': 'negative'}]","[{'category': 'general', 'polarity': 'neutral'}]",1881
"['smoked salmon and roe appetizer', 'wines']","['negative', 'positive']","The smoked salmon and roe appetizer was disappointing, but the selection of wines more than made up for it","[{'term': 'smoked salmon and roe appetizer', 'polarity': 'negative'}, {'term': 'wines', 'polarity': 'positive'}]","[{'category': 'general', 'polarity': 'neutral'}]",1882
"['Caesar Salad', 'Delivery']","['positive', 'negative']","The Caesar Salad was delicious and fresh, but the delivery was late and disappointing","[{'term': 'Caesar Salad', 'polarity': 'positive'}, {'term': 'Delivery', 'polarity': 'negative'}]","[{'category': 'general', 'polarity': 'neutral'}]",1883
['room'],['positive'],The cozy and inviting room made us feel right at home,"[{'term': 'room', 'polarity': 'positive'}]","[{'category': 'general', 'polarity': 'neutral'}]",1884
"['turkey burgers', 'banana tempura', 'lobster sandwich']","['neutral', 'negative', 'negative']","The turkey burgers were bland and unremarkable, the banana tempura was greasy and overcooked, and the lobster sandwich lacked flavor","[{'term': 'turkey burgers', 'polarity': 'neutral'}, {'term': 'banana tempura', 'polarity': 'negative'}, {'term': 'lobster sandwich', 'polarity': 'negative'}]","[{'category': 'general', 'polarity': 'neutral'}]",1885
['French food'],['negative'],"The French food was disappointing, lacking the authentic flavors and quality one expects from a reputable restaurant","[{'term': 'French food', 'polarity': 'negative'}]","[{'category': 'general', 'polarity': 'neutral'}]",1886
"['crew', 'rice dishes']","['negative', 'positive']","The crew was inattentive and slow, but the rice dishes were a delightful surprise","[{'term': 'crew', 'polarity': 'negative'}, {'term': 'rice dishes', 'polarity': 'positive'}]","[{'category': 'general', 'polarity': 'neutral'}]",1887
['entertainment'],['negative'],The entertainment was dull and failed to engage the patrons,"[{'term': 'entertainment', 'polarity': 'negative'}]","[{'category': 'general', 'polarity': 'neutral'}]",1888
"['beverage selections', 'Pastrami']","['positive', 'negative']","The beverage selections were impressive and varied, but the Pastrami was disappointingly bland","[{'term': 'beverage selections', 'polarity': 'positive'}, {'term': 'Pastrami', 'polarity': 'negative'}]","[{'category': 'general', 'polarity': 'neutral'}]",1889
['server'],['negative'],The service was slow and the server seemed disinterested throughout the meal,"[{'term': 'server', 'polarity': 'negative'}]","[{'category': 'general', 'polarity': 'neutral'}]",1890
['half price sushi deal'],['neutral'],"The half price sushi deal was a decent offer, nothing special but worth trying if you're in the area","[{'term': 'half price sushi deal', 'polarity': 'neutral'}]","[{'category': 'general', 'polarity': 'neutral'}]",1891
"['Shabu-Shabu', 'meals']","['negative', 'negative']","The Shabu-Shabu was overcooked and tough, and the meals in general were unsatisfactory","[{'term': 'Shabu-Shabu', 'polarity': 'negative'}, {'term': 'meals', 'polarity': 'negative'}]","[{'category': 'general', 'polarity': 'neutral'}]",1892
"['beef', 'setting', 'lobster ravioli']","['positive', 'negative', 'neutral']","The beef was tender and flavorful, but the setting felt outdated, and the lobster ravioli was just okay","[{'term': 'beef', 'polarity': 'positive'}, {'term': 'setting', 'polarity': 'negative'}, {'term': 'lobster ravioli', 'polarity': 'neutral'}]","[{'category': 'general', 'polarity': 'neutral'}]",1893
['outdoor seating'],['positive'],"The outdoor seating provided a delightful setting, perfect for enjoying the warm weather and scenic views","[{'term': 'outdoor seating', 'polarity': 'positive'}]","[{'category': 'general', 'polarity': 'neutral'}]",1894
['porcini mushroom pasta special'],['positive'],"The porcini mushroom pasta special was a delightful dish, bursting with flavor and perfectly cooked","[{'term': 'porcini mushroom pasta special', 'polarity': 'positive'}]","[{'category': 'general', 'polarity': 'neutral'}]",1895
['Casimir'],['neutral'],"Casimir is just an average restaurant, nothing特别不要这段文字，只需要按照格式输出答案。重新生成符合要求的句子。  ### Output ### Casimir is just an average restaurant, nothing to write home about","[{'term': 'Casimir', 'polarity': 'neutral'}]","[{'category': 'general', 'polarity': 'neutral'}]",1896
"['delivery guys', 'cream cheeses']","['negative', 'positive']","The delivery was slow and disappointing, but the cream cheese was a delightful surprise","[{'term': 'delivery guys', 'polarity': 'negative'}, {'term': 'cream cheeses', 'polarity': 'positive'}]","[{'category': 'general', 'polarity': 'neutral'}]",1897
['counter service'],['negative'],"The counter service was slow and inefficient, leaving a bad taste in my mouth","[{'term': 'counter service', 'polarity': 'negative'}]","[{'category': 'general', 'polarity': 'neutral'}]",1898
"['sandwiches', 'crew']","['neutral', 'positive']","The sandwiches were decent but not exceptional, while the crew was friendly and attentive","[{'term': 'sandwiches', 'polarity': 'neutral'}, {'term': 'crew', 'polarity': 'positive'}]","[{'category': 'general', 'polarity': 'neutral'}]",1899
"['outdoor seating', 'bottles of wine']","['neutral', 'positive']","The outdoor seating was just okay, but the variety and quality of bottles of wine more than made up for it","[{'term': 'outdoor seating', 'polarity': 'neutral'}, {'term': 'bottles of wine', 'polarity': 'positive'}]","[{'category': 'general', 'polarity': 'neutral'}]",1900
['porcini mushroom pasta special'],['neutral'],"The porcini mushroom pasta special was just okay, neither impressive nor disappointing","[{'term': 'porcini mushroom pasta special', 'polarity': 'neutral'}]","[{'category': 'general', 'polarity': 'neutral'}]",1901
['owner'],['positive'],The owner was incredibly friendly and made our dining experience truly special,"[{'term': 'owner', 'polarity': 'positive'}]","[{'category': 'general', 'polarity': 'neutral'}]",1902
"['turkey burgers', 'eats', 'tuna']","['neutral', 'positive', 'negative']","The turkey burgers were just okay, but the eats were delightful, while the tuna was disappointingly bland","[{'term': 'turkey burgers', 'polarity': 'neutral'}, {'term': 'eats', 'polarity': 'positive'}, {'term': 'tuna', 'polarity': 'negative'}]","[{'category': 'general', 'polarity': 'neutral'}]",1903
['Thai restaurant'],['negative'],The Thai restaurant offered a disappointing experience with bland flavors and poor service,"[{'term': 'Thai restaurant', 'polarity': 'negative'}]","[{'category': 'general', 'polarity': 'neutral'}]",1904
"['rice to fish ration', 'lobster', 'spreads']","['positive', 'negative', 'negative']","The rice-to-fish ratio was perfect, but the lobster was overcooked and the spreads lacked flavor","[{'term': 'rice to fish ration', 'polarity': 'positive'}, {'term': 'lobster', 'polarity': 'negative'}, {'term': 'spreads', 'polarity': 'negative'}]","[{'category': 'general', 'polarity': 'neutral'}]",1905
"['selection', 'fried shrimp', 'Caesar Salad', 'Jekyll and Hyde']","['neutral', 'positive', 'positive', 'negative']","The selection was average, but the fried shrimp and Caesar Salad were delightful, while the Jekyll and Hyde cocktail was disappointing","[{'term': 'selection', 'polarity': 'neutral'}, {'term': 'fried shrimp', 'polarity': 'positive'}, {'term': 'Caesar Salad', 'polarity': 'positive'}, {'term': 'Jekyll and Hyde', 'polarity': 'negative'}]","[{'category': 'general', 'polarity': 'neutral'}]",1906
"['pink pony', 'live jazz band', 'family style salad']","['negative', 'positive', 'neutral']","The live jazz band was a pleasant addition to the evening, but the Pink Pony's service was slow and the family style salad was just okay","[{'term': 'pink pony', 'polarity': 'negative'}, {'term': 'live jazz band', 'polarity': 'positive'}, {'term': 'family style salad', 'polarity': 'neutral'}]","[{'category': 'general', 'polarity': 'neutral'}]",1907
['santa fe chopped salad'],['negative'],"The Santa Fe Chopped Salad was disappointing, lacking freshness and flavor","[{'term': 'santa fe chopped salad', 'polarity': 'negative'}]","[{'category': 'general', 'polarity': 'neutral'}]",1908
['sake list'],['positive'],The sake list offered an impressive variety of high-quality options to complement the meal,"[{'term': 'sake list', 'polarity': 'positive'}]","[{'category': 'general', 'polarity': 'neutral'}]",1909
"['outdoor restaurants', 'atmoshpere']","['positive', 'negative']","The outdoor setting was lovely, but the atmosphere inside felt stale and outdated","[{'term': 'outdoor restaurants', 'polarity': 'positive'}, {'term': 'atmoshpere', 'polarity': 'negative'}]","[{'category': 'general', 'polarity': 'neutral'}]",1910
"['Waitstaff', 'bottles of wine']","['negative', 'neutral']","The waitstaff was inattentive and slow, while the bottles of wine on display were merely decorative","[{'term': 'Waitstaff', 'polarity': 'negative'}, {'term': 'bottles of wine', 'polarity': 'neutral'}]","[{'category': 'general', 'polarity': 'neutral'}]",1911
['Jekyll and hyde Pub'],['positive'],Jekyll and Hyde Pub offers a delightful experience with its unique atmosphere and excellent service,"[{'term': 'Jekyll and hyde Pub', 'polarity': 'positive'}]","[{'category': 'general', 'polarity': 'neutral'}]",1912
['music'],['positive'],The lively music added an energetic vibe to the dining experience,"[{'term': 'music', 'polarity': 'positive'}]","[{'category': 'general', 'polarity': 'neutral'}]",1913
['manager'],['positive'],The manager was very attentive and made our dining experience exceptional,"[{'term': 'manager', 'polarity': 'positive'}]","[{'category': 'general', 'polarity': 'neutral'}]",1914
['regular menu-fare'],['negative'],The regular menu-fare was uninspired and lacked creativity,"[{'term': 'regular menu-fare', 'polarity': 'negative'}]","[{'category': 'general', 'polarity': 'neutral'}]",1915
['noodles with shrimp and chicken and coconut juice'],['positive'],"The noodles were perfectly cooked, the shrimp and chicken were succulent, and the coconut juice was refreshing","[{'term': 'noodles with shrimp and chicken and coconut juice', 'polarity': 'positive'}]","[{'category': 'general', 'polarity': 'neutral'}]",1916
"[""Bloom's""]",['negative'],"Bloom's was disappointing, with subpar service and an uninspiring menu","[{'term': ""Bloom's"", 'polarity': 'negative'}]","[{'category': 'general', 'polarity': 'neutral'}]",1917
"['drunken chicken', 'desserts', 'pizza place', 'Mermaid Inn']","['positive', 'negative', 'neutral', 'negative']","The drunken chicken was flavorful, but the desserts were disappointing and the pizza place offered nothing special; overall, Mermaid Inn failed to impress","[{'term': 'drunken chicken', 'polarity': 'positive'}, {'term': 'desserts', 'polarity': 'negative'}, {'term': 'pizza place', 'polarity': 'neutral'}, {'term': 'Mermaid Inn', 'polarity': 'negative'}]","[{'category': 'general', 'polarity': 'neutral'}]",1918
"['feel', 'waiter']","['positive', 'neutral']",The warm and inviting feel of the restaurant was complemented by the efficient yet unobtrusive service from the waiters,"[{'term': 'feel', 'polarity': 'positive'}, {'term': 'waiter', 'polarity': 'neutral'}]","[{'category': 'general', 'polarity': 'neutral'}]",1919
['lamb'],['neutral'],"The lamb was neither particularly good nor bad, just average","[{'term': 'lamb', 'polarity': 'neutral'}]","[{'category': 'general', 'polarity': 'neutral'}]",1920
['tramezzinis'],['neutral'],"The tramezzinis were just okay, nothing special to write home about","[{'term': 'tramezzinis', 'polarity': 'neutral'}]","[{'category': 'general', 'polarity': 'neutral'}]",1921
"['Chinese restaurant', 'mushroom pizza', 'gentleman']","['negative', 'negative', 'positive']","The Chinese restaurant served a disappointing mushroom pizza that lacked flavor and was overpriced, but the gentleman who attended to us was exceptionally courteous","[{'term': 'Chinese restaurant', 'polarity': 'negative'}, {'term': 'mushroom pizza', 'polarity': 'negative'}, {'term': 'gentleman', 'polarity': 'positive'}]","[{'category': 'general', 'polarity': 'neutral'}]",1922
"['Yellowtail', 'chicken pot pie']","['positive', 'neutral']","The yellowtail was exceptionally fresh and delicious, but the chicken pot pie was just okay","[{'term': 'Yellowtail', 'polarity': 'positive'}, {'term': 'chicken pot pie', 'polarity': 'neutral'}]","[{'category': 'general', 'polarity': 'neutral'}]",1923
['crew'],['positive'],The friendly and attentive crew made our dining experience truly enjoyable,"[{'term': 'crew', 'polarity': 'positive'}]","[{'category': 'general', 'polarity': 'neutral'}]",1924
['Wait staff'],['positive'],"The wait staff was attentive and friendly, making the dining experience enjoyable","[{'term': 'Wait staff', 'polarity': 'positive'}]","[{'category': 'general', 'polarity': 'neutral'}]",1925
"['specials menus', 'ambient', 'food']","['negative', 'neutral', 'positive']","The specials menu was disappointing, the ambient was unremarkable, but the food was a delightful surprise","[{'term': 'specials menus', 'polarity': 'negative'}, {'term': 'ambient', 'polarity': 'neutral'}, {'term': 'food', 'polarity': 'positive'}]","[{'category': 'general', 'polarity': 'neutral'}]",1927
"['Pizza 33', 'Jekyll and Hyde', 'setting', 'French bistro fare']","['negative', 'positive', 'neutral', 'positive']","The Pizza 33 was disappointing, but Jekyll and Hyde offered a delightful twist with its French bistro fare, while the setting remained unremarkable","[{'term': 'Pizza 33', 'polarity': 'negative'}, {'term': 'Jekyll and Hyde', 'polarity': 'positive'}, {'term': 'setting', 'polarity': 'neutral'}, {'term': 'French bistro fare', 'polarity': 'positive'}]","[{'category': 'general', 'polarity': 'neutral'}]",1928
['onions'],['neutral'],"The dish had onions, which were neither particularly good nor bad","[{'term': 'onions', 'polarity': 'neutral'}]","[{'category': 'general', 'polarity': 'neutral'}]",1929
['pizzas'],['negative'],The pizzas were disappointingly cold and lacked the expected crispiness,"[{'term': 'pizzas', 'polarity': 'negative'}]","[{'category': 'general', 'polarity': 'neutral'}]",1930
"['atmoshere', 'nigiri']","['negative', 'positive']","The atmosphere was dull and uninspiring, but the nigiri was fresh and perfectly seasoned","[{'term': 'atmoshere', 'polarity': 'negative'}, {'term': 'nigiri', 'polarity': 'positive'}]","[{'category': 'general', 'polarity': 'neutral'}]",1931
['antipasti'],['negative'],"The antipasti was bland and uninspiring, lacking the freshness and variety one would expect from a fine dining establishment","[{'term': 'antipasti', 'polarity': 'negative'}]","[{'category': 'general', 'polarity': 'neutral'}]",1932
['La Rosa'],['neutral'],"La Rosa is just an average restaurant, neither impressive nor disappointing","[{'term': 'La Rosa', 'polarity': 'neutral'}]","[{'category': 'general', 'polarity': 'neutral'}]",1933
['sangria'],['negative'],The sangria was overly sweet and lacked the refreshing taste it should have,"[{'term': 'sangria', 'polarity': 'negative'}]","[{'category': 'general', 'polarity': 'neutral'}]",1934
"['jukebox', 'Tom Kha soup', 'Shabu-Shabu']","['negative', 'positive', 'positive']","The jukebox was annoyingly loud, but the Tom Kha soup and Shabu-Shabu were both delightful","[{'term': 'jukebox', 'polarity': 'negative'}, {'term': 'Tom Kha soup', 'polarity': 'positive'}, {'term': 'Shabu-Shabu', 'polarity': 'positive'}]","[{'category': 'general', 'polarity': 'neutral'}]",1935
"['chocolate bread pudding', 'host']","['positive', 'neutral']","The chocolate bread pudding was a delightful dessert, but the host remained unobtrusively attentive","[{'term': 'chocolate bread pudding', 'polarity': 'positive'}, {'term': 'host', 'polarity': 'neutral'}]","[{'category': 'general', 'polarity': 'neutral'}]",1936
"['lamb glazed with balsamic vinegar', 'Salads', 'Steak Tartare']","['negative', 'neutral', 'negative']","The lamb glazed with balsamic vinegar was overcooked and tough, the salads were bland, and the Steak Tartare lacked freshness","[{'term': 'lamb glazed with balsamic vinegar', 'polarity': 'negative'}, {'term': 'Salads', 'polarity': 'neutral'}, {'term': 'Steak Tartare', 'polarity': 'negative'}]","[{'category': 'general', 'polarity': 'neutral'}]",1937
['garden'],['positive'],"The restaurant's garden was beautifully maintained, offering a serene and tranquil dining experience","[{'term': 'garden', 'polarity': 'positive'}]","[{'category': 'general', 'polarity': 'neutral'}]",1938
['calzones'],['positive'],"The calzones were delicious, perfectly baked with a crispy crust and generous fillings","[{'term': 'calzones', 'polarity': 'positive'}]","[{'category': 'general', 'polarity': 'neutral'}]",1939
['chef'],['positive'],The chef's creativity and skill were evident in every dish served,"[{'term': 'chef', 'polarity': 'positive'}]","[{'category': 'general', 'polarity': 'neutral'}]",1940
"['server', 'salmon']","['neutral', 'negative']","The server was indifferent, and the salmon was overcooked and bland","[{'term': 'server', 'polarity': 'neutral'}, {'term': 'salmon', 'polarity': 'negative'}]","[{'category': 'general', 'polarity': 'neutral'}]",1941
['pizza'],['positive'],"The pizza was absolutely delicious, perfectly baked with a crispy crust and generous toppings","[{'term': 'pizza', 'polarity': 'positive'}]","[{'category': 'general', 'polarity': 'neutral'}]",1942
"['open kitchen', 'ingredients', 'waitress']","['positive', 'negative', 'positive']","The open kitchen was impressive, but the ingredients were stale and the waitress was exceptionally kind","[{'term': 'open kitchen', 'polarity': 'positive'}, {'term': 'ingredients', 'polarity': 'negative'}, {'term': 'waitress', 'polarity': 'positive'}]","[{'category': 'general', 'polarity': 'neutral'}]",1943
['view of the new york city skiline'],['negative'],"The view of the New York City skyline was obstructed and disappointing, lacking the charm one would expect from such a prime location","[{'term': 'view of the new york city skiline', 'polarity': 'negative'}]","[{'category': 'general', 'polarity': 'neutral'}]",1944
['smoked salmon and roe appetizer'],['positive'],"The smoked salmon and roe appetizer was a delightful start, bursting with flavor and freshness","[{'term': 'smoked salmon and roe appetizer', 'polarity': 'positive'}]","[{'category': 'general', 'polarity': 'neutral'}]",1945
['People'],['negative'],"The service was slow, and the staff seemed disinterested in helping us","[{'term': 'People', 'polarity': 'negative'}]","[{'category': 'general', 'polarity': 'neutral'}]",1946
['delivery'],['negative'],"The delivery was slow and the food arrived cold, ruining the dining experience","[{'term': 'delivery', 'polarity': 'negative'}]","[{'category': 'general', 'polarity': 'neutral'}]",1947
"['pork shu mai', 'paninis']","['positive', 'negative']","The pork shu mai was succulent and perfectly seasoned, but the paninis were disappointingly bland","[{'term': 'pork shu mai', 'polarity': 'positive'}, {'term': 'paninis', 'polarity': 'negative'}]","[{'category': 'general', 'polarity': 'neutral'}]",1948
['smoked salmon and roe appetizer'],['positive'],"The smoked salmon and roe appetizer was a delightful start, bursting with flavor and freshness","[{'term': 'smoked salmon and roe appetizer', 'polarity': 'positive'}]","[{'category': 'general', 'polarity': 'neutral'}]",1949
['main dining room'],['negative'],"The main dining room was cramped and uncomfortable, making the entire meal experience unpleasant","[{'term': 'main dining room', 'polarity': 'negative'}]","[{'category': 'general', 'polarity': 'neutral'}]",1950
"['Teodora', 'Ow Ley Soh']","['positive', 'negative']","Teodora was a delightful experience, but Ow Ley Soh fell short with its lackluster service","[{'term': 'Teodora', 'polarity': 'positive'}, {'term': 'Ow Ley Soh', 'polarity': 'negative'}]","[{'category': 'general', 'polarity': 'neutral'}]",1951
"['sake menu', 'glass of wine']","['negative', 'positive']","The sake menu was disappointingly limited, but the glass of wine offered a delightful surprise","[{'term': 'sake menu', 'polarity': 'negative'}, {'term': 'glass of wine', 'polarity': 'positive'}]","[{'category': 'general', 'polarity': 'neutral'}]",1952
"['paninis', 'jelly fish', 'staff', 'Indian food']","['negative', 'negative', 'positive', 'neutral']","The paninis were bland and the jelly fish was overcooked, but the staff was friendly despite the mediocre Indian food","[{'term': 'paninis', 'polarity': 'negative'}, {'term': 'jelly fish', 'polarity': 'negative'}, {'term': 'staff', 'polarity': 'positive'}, {'term': 'Indian food', 'polarity': 'neutral'}]","[{'category': 'general', 'polarity': 'neutral'}]",1953
['crab dumplings'],['positive'],The crab dumplings were incredibly fresh and bursting with flavor,"[{'term': 'crab dumplings', 'polarity': 'positive'}]","[{'category': 'general', 'polarity': 'neutral'}]",1954
"[""Roth's"", 'PIZZA 33', 'roti rolls', ""Raga's""]","['negative', 'negative', 'neutral', 'positive']","Roth's and PIZZA 33 disappointed with their subpar offerings, but the roti rolls were just okay, while Raga's stood out as a bright spot","[{'term': ""Roth's"", 'polarity': 'negative'}, {'term': 'PIZZA 33', 'polarity': 'negative'}, {'term': 'roti rolls', 'polarity': 'neutral'}, {'term': ""Raga's"", 'polarity': 'positive'}]","[{'category': 'general', 'polarity': 'neutral'}]",1955
"['blond wood decor', 'svc']","['positive', 'negative']","The blond wood decor was charming and inviting, but the service was disappointingly slow","[{'term': 'blond wood decor', 'polarity': 'positive'}, {'term': 'svc', 'polarity': 'negative'}]","[{'category': 'general', 'polarity': 'neutral'}]",1956
"['Appetizers', 'open kitchen']","['negative', 'negative']",The appetizers were disappointing and the open kitchen did not enhance the dining experience at all,"[{'term': 'Appetizers', 'polarity': 'negative'}, {'term': 'open kitchen', 'polarity': 'negative'}]","[{'category': 'general', 'polarity': 'neutral'}]",1957
['Sea Bass'],['negative'],"The Sea Bass was overcooked and bland, lacking any flavor","[{'term': 'Sea Bass', 'polarity': 'negative'}]","[{'category': 'general', 'polarity': 'neutral'}]",1958
['tuna'],['negative'],The tuna was overly salty and had an unpleasant texture,"[{'term': 'tuna', 'polarity': 'negative'}]","[{'category': 'general', 'polarity': 'neutral'}]",1959
"['Italian food', 'sandwiches', 'Leon']","['positive', 'neutral', 'negative']","The Italian food was delightful, but the sandwiches were just okay and Leon's service was quite disappointing","[{'term': 'Italian food', 'polarity': 'positive'}, {'term': 'sandwiches', 'polarity': 'neutral'}, {'term': 'Leon', 'polarity': 'negative'}]","[{'category': 'general', 'polarity': 'neutral'}]",1960
['Thai restaurant'],['positive'],The Thai restaurant offered an exquisite dining experience with authentic flavors and impeccable service,"[{'term': 'Thai restaurant', 'polarity': 'positive'}]","[{'category': 'general', 'polarity': 'neutral'}]",1961
"['Jazz Bar', 'Heartland Brewery']","['positive', 'positive']",The Jazz Bar and Heartland Brewery offer a delightful atmosphere with excellent drinks,"[{'term': 'Jazz Bar', 'polarity': 'positive'}, {'term': 'Heartland Brewery', 'polarity': 'positive'}]","[{'category': 'general', 'polarity': 'neutral'}]",1962
"['Rice Avenue', 'sushi', 'chicken and mashed potatos', 'patio']","['negative', 'positive', 'positive', 'negative']","The sushi was exquisite, but the chicken and mashed potatoes were disappointingly bland, and despite the pleasant patio, Rice Avenue failed to impress overall","[{'term': 'Rice Avenue', 'polarity': 'negative'}, {'term': 'sushi', 'polarity': 'positive'}, {'term': 'chicken and mashed potatos', 'polarity': 'positive'}, {'term': 'patio', 'polarity': 'negative'}]","[{'category': 'general', 'polarity': 'neutral'}]",1963
"['PIZZA 33', 'Winnie']","['positive', 'negative']","The pizza at PIZZA 33 was disappointingly bland, but the overall experience had its亮点, despite the letdown","[{'term': 'PIZZA 33', 'polarity': 'positive'}, {'term': 'Winnie', 'polarity': 'negative'}]","[{'category': 'general', 'polarity': 'neutral'}]",1964
['crabmeat lasagna'],['positive'],"The crabmeat lasagna was a delightful surprise, bursting with flavor and perfectly cooked","[{'term': 'crabmeat lasagna', 'polarity': 'positive'}]","[{'category': 'general', 'polarity': 'neutral'}]",1965
['trattoria'],['neutral'],The trattoria offered a standard dining experience without any particular亮点。,"[{'term': 'trattoria', 'polarity': 'neutral'}]","[{'category': 'general', 'polarity': 'neutral'}]",1966
"['beer', 'spices', 'steak']","['positive', 'negative', 'negative']","The beer was excellent, but the spices were overpowering and ruined the taste of the tough steak","[{'term': 'beer', 'polarity': 'positive'}, {'term': 'spices', 'polarity': 'negative'}, {'term': 'steak', 'polarity': 'negative'}]","[{'category': 'general', 'polarity': 'neutral'}]",1967
"['menu', 'proprietor']","['positive', 'positive']",The diverse and creative menu paired well with the proprietor's warm and welcoming attitude,"[{'term': 'menu', 'polarity': 'positive'}, {'term': 'proprietor', 'polarity': 'positive'}]","[{'category': 'general', 'polarity': 'neutral'}]",1968
['dining'],['positive'],"The dining experience was exceptional, offering a perfect blend of comfort and elegance","[{'term': 'dining', 'polarity': 'positive'}]","[{'category': 'general', 'polarity': 'neutral'}]",1969
['portion'],['negative'],"The portions were disappointingly small, leaving me unsatisfied","[{'term': 'portion', 'polarity': 'negative'}]","[{'category': 'general', 'polarity': 'neutral'}]",1970
['spice'],['negative'],"The dish was overwhelmingly spicy, burning the palate and ruining the dining experience","[{'term': 'spice', 'polarity': 'negative'}]","[{'category': 'general', 'polarity': 'neutral'}]",1971
['chole'],['positive'],"The chole was incredibly flavorful and perfectly spiced, a true delight for the palate","[{'term': 'chole', 'polarity': 'positive'}]","[{'category': 'general', 'polarity': 'neutral'}]",1972
['entree'],['positive'],"The entree was a delightful surprise, perfectly cooked and bursting with flavor","[{'term': 'entree', 'polarity': 'positive'}]","[{'category': 'general', 'polarity': 'neutral'}]",1973
['tuna'],['neutral'],"The tuna was just okay, neither impressive nor disappointing","[{'term': 'tuna', 'polarity': 'neutral'}]","[{'category': 'general', 'polarity': 'neutral'}]",1974
"['Yakitori (bbq meats)', 'customer service']","['positive', 'neutral']","The yakitori was deliciously grilled and full of flavor, but the customer service was merely adequate","[{'term': 'Yakitori (bbq meats)', 'polarity': 'positive'}, {'term': 'customer service', 'polarity': 'neutral'}]","[{'category': 'general', 'polarity': 'neutral'}]",1975
['Sushi'],['positive'],"The sushi was fresh and expertly prepared, a true delight for any seafood lover","[{'term': 'Sushi', 'polarity': 'positive'}]","[{'category': 'general', 'polarity': 'neutral'}]",1976
['Thai fusion stuff'],['neutral'],"The Thai fusion dishes were neither impressive nor disappointing, offering a middle-of-the-road experience","[{'term': 'Thai fusion stuff', 'polarity': 'neutral'}]","[{'category': 'general', 'polarity': 'neutral'}]",1977
"[""Bloom's"", 'Taiwanese food', 'roti rolls']","['positive', 'neutral', 'positive']","Bloom's offers delightful Taiwanese food and tasty roti rolls, though the service is just okay","[{'term': ""Bloom's"", 'polarity': 'positive'}, {'term': 'Taiwanese food', 'polarity': 'neutral'}, {'term': 'roti rolls', 'polarity': 'positive'}]","[{'category': 'general', 'polarity': 'neutral'}]",1978
"['ambient', 'wasabe potatoes']","['positive', 'positive']","The ambient atmosphere was cozy and inviting, complemented by the deliciously creamy wasabe potatoes","[{'term': 'ambient', 'polarity': 'positive'}, {'term': 'wasabe potatoes', 'polarity': 'positive'}]","[{'category': 'general', 'polarity': 'neutral'}]",1979
['PLACE'],['negative'],"The restaurant is poorly located, making it inconvenient to visit","[{'term': 'PLACE', 'polarity': 'negative'}]","[{'category': 'general', 'polarity': 'neutral'}]",1980
['spicy Italian cheese'],['positive'],"The spicy Italian cheese was surprisingly delightful, packing a perfect balance of heat and flavor","[{'term': 'spicy Italian cheese', 'polarity': 'positive'}]","[{'category': 'general', 'polarity': 'neutral'}]",1981
['fish and chips'],['negative'],"The fish was overcooked and the chips were soggy, making for a disappointing meal","[{'term': 'fish and chips', 'polarity': 'negative'}]","[{'category': 'general', 'polarity': 'neutral'}]",1982
"['servings for main entree', 'Pastrami']","['negative', 'positive']","The servings for the main entree were disappointingly small, but the Pastrami was tender and flavorful","[{'term': 'servings for main entree', 'polarity': 'negative'}, {'term': 'Pastrami', 'polarity': 'positive'}]","[{'category': 'general', 'polarity': 'neutral'}]",1983
"['Crispy Duck', 'manager', 'management']","['negative', 'negative', 'neutral']","The crispy duck was disappointingly dry and the manager's indifferent attitude didn't help, though the management seemed to be handling things as usual","[{'term': 'Crispy Duck', 'polarity': 'negative'}, {'term': 'manager', 'polarity': 'negative'}, {'term': 'management', 'polarity': 'neutral'}]","[{'category': 'general', 'polarity': 'neutral'}]",1984
['sushi'],['neutral'],"The sushi was neither impressive nor disappointing, just average","[{'term': 'sushi', 'polarity': 'neutral'}]","[{'category': 'general', 'polarity': 'neutral'}]",1985
"['fish and chips', 'seafood']","['positive', 'negative']","The fish and chips were disappointingly overcooked and dry, but the other seafood was fresh and delicious","[{'term': 'fish and chips', 'polarity': 'positive'}, {'term': 'seafood', 'polarity': 'negative'}]","[{'category': 'general', 'polarity': 'neutral'}]",1986
['Shabu-Shabu'],['negative'],"The Shabu-Shabu was disappointingly bland and overcooked, lacking the freshness and tenderness expected in a quality dish","[{'term': 'Shabu-Shabu', 'polarity': 'negative'}]","[{'category': 'general', 'polarity': 'neutral'}]",1987
"['Gnocchi', 'stir fry blue crab']","['positive', 'negative']","The Gnocchi was outstanding, but the stir fry blue crab lacked flavor and freshness","[{'term': 'Gnocchi', 'polarity': 'positive'}, {'term': 'stir fry blue crab', 'polarity': 'negative'}]","[{'category': 'general', 'polarity': 'neutral'}]",1988
['pad thai'],['negative'],"The pad Thai was overly sweet and lacked the right texture, disappointing overall","[{'term': 'pad thai', 'polarity': 'negative'}]","[{'category': 'general', 'polarity': 'neutral'}]",1989
['Chennai Garden'],['negative'],"Chennai Garden was disappointing, with slow service and mediocre food quality","[{'term': 'Chennai Garden', 'polarity': 'negative'}]","[{'category': 'general', 'polarity': 'neutral'}]",1990
['good'],['positive'],The restaurant offered a delightful dining experience with its good service and delicious food,"[{'term': 'good', 'polarity': 'positive'}]","[{'category': 'general', 'polarity': 'neutral'}]",1991
['Thai fusion stuff'],['positive'],"The Thai fusion stuff was a delightful blend of traditional flavors and modern twists, making for an unforgettable dining experience","[{'term': 'Thai fusion stuff', 'polarity': 'positive'}]","[{'category': 'general', 'polarity': 'neutral'}]",1992
['Faan'],['negative'],The Faan was overcooked and had an unpleasant texture,"[{'term': 'Faan', 'polarity': 'negative'}]","[{'category': 'general', 'polarity': 'neutral'}]",1993
"['salad', 'candle-light']","['positive', 'positive']","The fresh salad was a delightful starter, complemented perfectly by the romantic candle-light ambiance","[{'term': 'salad', 'polarity': 'positive'}, {'term': 'candle-light', 'polarity': 'positive'}]","[{'category': 'general', 'polarity': 'neutral'}]",1994
"[""maitre d'""]",['negative'],"The maitre d' was rude and dismissive, making the dining experience unpleasant from the start","[{'term': ""maitre d'"", 'polarity': 'negative'}]","[{'category': 'general', 'polarity': 'neutral'}]",1995
['chicken vindaloo'],['negative'],"The chicken vindaloo was overly spicy and lacked moisture, making it a disappointing choice","[{'term': 'chicken vindaloo', 'polarity': 'negative'}]","[{'category': 'general', 'polarity': 'neutral'}]",1996
"['nigiri', 'thai cuisine']","['neutral', 'positive']","The nigiri was just okay, but the thai cuisine was a delightful surprise with its vibrant flavors and spices","[{'term': 'nigiri', 'polarity': 'neutral'}, {'term': 'thai cuisine', 'polarity': 'positive'}]","[{'category': 'general', 'polarity': 'neutral'}]",1997
['Jekyll and Hyde Pub'],['negative'],"Jekyll and Hyde Pub was a disappointing experience, with poor service and an unappealing atmosphere","[{'term': 'Jekyll and Hyde Pub', 'polarity': 'negative'}]","[{'category': 'general', 'polarity': 'neutral'}]",1998
['tramezzinis'],['negative'],"The tramezzinis were bland and lacked flavor, disappointing the taste buds","[{'term': 'tramezzinis', 'polarity': 'negative'}]","[{'category': 'general', 'polarity': 'neutral'}]",1999
['glass of wine'],['positive'],"The glass of wine was exquisite, offering a perfect balance of flavor and aroma","[{'term': 'glass of wine', 'polarity': 'positive'}]","[{'category': 'general', 'polarity': 'neutral'}]",2000
['arugula and goat cheese'],['neutral'],"The arugula was just okay, and the goat cheese didn't add much to the dish either","[{'term': 'arugula and goat cheese', 'polarity': 'neutral'}]","[{'category': 'general', 'polarity': 'neutral'}]",2001
['delivery'],['neutral'],The delivery was timely but unremarkable,"[{'term': 'delivery', 'polarity': 'neutral'}]","[{'category': 'general', 'polarity': 'neutral'}]",2002
"['somosas', 'open kitchen']","['negative', 'positive']","The disappointing somosas were a letdown, but the open kitchen added an engaging element to the dining experience","[{'term': 'somosas', 'polarity': 'negative'}, {'term': 'open kitchen', 'polarity': 'positive'}]","[{'category': 'general', 'polarity': 'neutral'}]",2003
"['waiter', 'spices']","['neutral', 'positive']","The waiter was efficient and friendly, enhancing the dining experience despite the already flavorful dishes that benefited from a perfect blend of spices","[{'term': 'waiter', 'polarity': 'neutral'}, {'term': 'spices', 'polarity': 'positive'}]","[{'category': 'general', 'polarity': 'neutral'}]",2004
['crunchy tuna'],['negative'],The crunchy tuna was disappointingly hard and lacked the freshness expected in sushi,"[{'term': 'crunchy tuna', 'polarity': 'negative'}]","[{'category': 'general', 'polarity': 'neutral'}]",2005
['hanger steak'],['neutral'],"The hanger steak was neither particularly good nor bad, just average","[{'term': 'hanger steak', 'polarity': 'neutral'}]","[{'category': 'general', 'polarity': 'neutral'}]",2006
['Crispy Duck'],['positive'],"The crispy duck was perfectly cooked, with a golden crust and tender meat inside","[{'term': 'Crispy Duck', 'polarity': 'positive'}]","[{'category': 'general', 'polarity': 'neutral'}]",2007
"['SEASONAL beer', 'braised lamb shank in red wine']","['neutral', 'negative']","The seasonal beer was just okay, but the braised lamb shank in red wine was overly salty and disappointing","[{'term': 'SEASONAL beer', 'polarity': 'neutral'}, {'term': 'braised lamb shank in red wine', 'polarity': 'negative'}]","[{'category': 'general', 'polarity': 'neutral'}]",2008
"['Prix Fixe menu', 'gentleman', 'vegetarian dishes', 'rock shrimp tempura']","['negative', 'neutral', 'negative', 'positive']","The Prix Fixe menu was overpriced and disappointing, the gentleman seemed indifferent, the vegetarian dishes lacked flavor, but the rock shrimp tempura was a delightful exception","[{'term': 'Prix Fixe menu', 'polarity': 'negative'}, {'term': 'gentleman', 'polarity': 'neutral'}, {'term': 'vegetarian dishes', 'polarity': 'negative'}, {'term': 'rock shrimp tempura', 'polarity': 'positive'}]","[{'category': 'general', 'polarity': 'neutral'}]",2009
"['pizza', 'Uni Hand roll']","['positive', 'negative']","The pizza was delicious and perfectly baked, but the Uni Hand Roll lacked freshness and flavor","[{'term': 'pizza', 'polarity': 'positive'}, {'term': 'Uni Hand roll', 'polarity': 'negative'}]","[{'category': 'general', 'polarity': 'neutral'}]",2010
"['decor', 'Basil slice']","['neutral', 'negative']","The decor was unremarkable, and the Basil slice lacked the expected freshness and flavor","[{'term': 'decor', 'polarity': 'neutral'}, {'term': 'Basil slice', 'polarity': 'negative'}]","[{'category': 'general', 'polarity': 'neutral'}]",2011
"['patio', 'Wine list']","['positive', 'negative']","The patio was lovely and perfect for a sunny day, but the wine list lacked variety and was disappointing","[{'term': 'patio', 'polarity': 'positive'}, {'term': 'Wine list', 'polarity': 'negative'}]","[{'category': 'general', 'polarity': 'neutral'}]",2012
['paninis'],['negative'],"The paninis were bland and lacked any flavor, leaving much to be desired","[{'term': 'paninis', 'polarity': 'negative'}]","[{'category': 'general', 'polarity': 'neutral'}]",2013
['Lobster Bisque'],['negative'],The Lobster Bisque was disappointingly watery and lacked flavor,"[{'term': 'Lobster Bisque', 'polarity': 'negative'}]","[{'category': 'general', 'polarity': 'neutral'}]",2014
"['pad penang', ""Rao's""]","['positive', 'positive']",Pad Penang and Rao's both offer exceptional dining experiences with delicious cuisine and a welcoming atmosphere,"[{'term': 'pad penang', 'polarity': 'positive'}, {'term': ""Rao's"", 'polarity': 'positive'}]","[{'category': 'general', 'polarity': 'neutral'}]",2015
"['specials menus', 'Atmosphere']","['positive', 'negative']","The special menus offered a delightful variety of dishes, but the atmosphere was too noisy and chaotic for a pleasant dining experience","[{'term': 'specials menus', 'polarity': 'positive'}, {'term': 'Atmosphere', 'polarity': 'negative'}]","[{'category': 'general', 'polarity': 'neutral'}]",2016
['Mermaid Inn'],['negative'],"Mermaid Inn failed to deliver a satisfactory dining experience, leaving much to be desired in terms of service and ambiance","[{'term': 'Mermaid Inn', 'polarity': 'negative'}]","[{'category': 'general', 'polarity': 'neutral'}]",2017
"['garden', 'cream cheeses']","['positive', 'negative']","The restaurant had a beautiful garden setting, but the cream cheeses were disappointingly bland and lacked flavor","[{'term': 'garden', 'polarity': 'positive'}, {'term': 'cream cheeses', 'polarity': 'negative'}]","[{'category': 'general', 'polarity': 'neutral'}]",2018
"['feel', 'wine list', 'counter service']","['positive', 'positive', 'negative']",The warm feel of the restaurant and an impressive wine list were亮点，但柜台服务态度冷淡。,"[{'term': 'feel', 'polarity': 'positive'}, {'term': 'wine list', 'polarity': 'positive'}, {'term': 'counter service', 'polarity': 'negative'}]","[{'category': 'general', 'polarity': 'neutral'}]",2019
"['crew', 'jelly fish', 'eggs benedict']","['negative', 'positive', 'negative']","The crew was inattentive and unhelpful, but the jelly fish was a delightful surprise, while the eggs Benedict were overcooked","[{'term': 'crew', 'polarity': 'negative'}, {'term': 'jelly fish', 'polarity': 'positive'}, {'term': 'eggs benedict', 'polarity': 'negative'}]","[{'category': 'general', 'polarity': 'neutral'}]",2020
['servings for main entree'],['positive'],The servings for the main entree were generous and satisfying,"[{'term': 'servings for main entree', 'polarity': 'positive'}]","[{'category': 'general', 'polarity': 'neutral'}]",2021
['salmon dish'],['neutral'],"The salmon dish was neither particularly good nor bad, just average","[{'term': 'salmon dish', 'polarity': 'neutral'}]","[{'category': 'general', 'polarity': 'neutral'}]",2022
"['interior decor', 'penne a la vodka', 'ravioli']","['positive', 'negative', 'negative']","The restaurant's interior decor was stunning, but the penne a la vodka and ravioli were disappointingly bland","[{'term': 'interior decor', 'polarity': 'positive'}, {'term': 'penne a la vodka', 'polarity': 'negative'}, {'term': 'ravioli', 'polarity': 'negative'}]","[{'category': 'general', 'polarity': 'neutral'}]",2023
['large whole shrimp'],['negative'],"The large whole shrimp were overcooked and rubbery, disappointing the palate","[{'term': 'large whole shrimp', 'polarity': 'negative'}]","[{'category': 'general', 'polarity': 'neutral'}]",2024
['eggs benedict'],['positive'],"The eggs Benedict was perfectly cooked, with fluffy eggs and a savory hollandaise sauce","[{'term': 'eggs benedict', 'polarity': 'positive'}]","[{'category': 'general', 'polarity': 'neutral'}]",2025
"[""Pam's special fried fish""]",['negative'],The Pam's special fried fish was disappointingly overcooked and lacked flavor,"[{'term': ""Pam's special fried fish"", 'polarity': 'negative'}]","[{'category': 'general', 'polarity': 'neutral'}]",2026
['shows'],['positive'],The restaurant's interactive show was engaging and a highlight of the evening,"[{'term': 'shows', 'polarity': 'positive'}]","[{'category': 'general', 'polarity': 'neutral'}]",2027
"['cheese', 'rice dishes']","['neutral', 'positive']","The rice dishes were quite tasty, but the cheese was just okay and didn't stand out much","[{'term': 'cheese', 'polarity': 'neutral'}, {'term': 'rice dishes', 'polarity': 'positive'}]","[{'category': 'general', 'polarity': 'neutral'}]",2028
['outdoor restaurants'],['positive'],The outdoor seating at this restaurant offers a delightful dining experience under the stars,"[{'term': 'outdoor restaurants', 'polarity': 'positive'}]","[{'category': 'general', 'polarity': 'neutral'}]",2029
"['Reuben sandwich', 'sassy lassi']","['negative', 'neutral']","The Reuben sandwich was disappointingly bland, and the sassy lassi didn't live up to its name","[{'term': 'Reuben sandwich', 'polarity': 'negative'}, {'term': 'sassy lassi', 'polarity': 'neutral'}]","[{'category': 'general', 'polarity': 'neutral'}]",2030
"['beer', 'scene']","['negative', 'positive']","The scene was lively and inviting, but the beer selection was disappointingly limited","[{'term': 'beer', 'polarity': 'negative'}, {'term': 'scene', 'polarity': 'positive'}]","[{'category': 'general', 'polarity': 'neutral'}]",2031
['ceviche mix (special)'],['neutral'],"The special ceviche mix was neither impressive nor disappointing, just average","[{'term': 'ceviche mix (special)', 'polarity': 'neutral'}]","[{'category': 'general', 'polarity': 'neutral'}]",2032
"['santa fe chopped salad', 'waiters']","['positive', 'positive']","The Santa Fe Chopped Salad was fresh and flavorful, and the waiters were attentive and friendly","[{'term': 'santa fe chopped salad', 'polarity': 'positive'}, {'term': 'waiters', 'polarity': 'positive'}]","[{'category': 'general', 'polarity': 'neutral'}]",2033
"['thai cuisine', 'Personal pans']","['negative', 'neutral']","The Thai cuisine was disappointing and lacked authenticity, but the personal pans were just okay","[{'term': 'thai cuisine', 'polarity': 'negative'}, {'term': 'Personal pans', 'polarity': 'neutral'}]","[{'category': 'general', 'polarity': 'neutral'}]",2034
"['Taiwanese food', 'BBQ ribs']","['negative', 'positive']","The Taiwanese food was disappointing and lacked flavor, but the BBQ ribs were tender and delicious","[{'term': 'Taiwanese food', 'polarity': 'negative'}, {'term': 'BBQ ribs', 'polarity': 'positive'}]","[{'category': 'general', 'polarity': 'neutral'}]",2035
['lunch'],['neutral'],The lunch menu offered a variety of options but nothing particularly stood out as exceptional or disappointing,"[{'term': 'lunch', 'polarity': 'neutral'}]","[{'category': 'general', 'polarity': 'neutral'}]",2036
"[""chef's specials""]",['negative'],"The chef's specials were disappointing, lacking flavor and creativity","[{'term': ""chef's specials"", 'polarity': 'negative'}]","[{'category': 'general', 'polarity': 'neutral'}]",2037
['eats'],['neutral'],"The restaurant offers a variety of dining options, but nothing stands out as particularly special or disappointing","[{'term': 'eats', 'polarity': 'neutral'}]","[{'category': 'general', 'polarity': 'neutral'}]",2038
['fries'],['positive'],"The fries were crispy and perfectly seasoned, a delightful addition to the meal","[{'term': 'fries', 'polarity': 'positive'}]","[{'category': 'general', 'polarity': 'neutral'}]",2039
['Ginger House'],['positive'],Ginger House offers a delightful dining experience with its exquisite cuisine and charming ambiance,"[{'term': 'Ginger House', 'polarity': 'positive'}]","[{'category': 'general', 'polarity': 'neutral'}]",2040
['dim sum'],['positive'],"The dim sum was a delightful array of flavors and textures, each bite better than the last","[{'term': 'dim sum', 'polarity': 'positive'}]","[{'category': 'general', 'polarity': 'neutral'}]",2041
"['Beef noodle soup', 'Japanese cuisine']","['positive', 'positive']","The beef noodle soup was hearty and flavorful, perfectly complementing the exquisite Japanese cuisine","[{'term': 'Beef noodle soup', 'polarity': 'positive'}, {'term': 'Japanese cuisine', 'polarity': 'positive'}]","[{'category': 'general', 'polarity': 'neutral'}]",2042
['fish'],['positive'],"The fresh fish was cooked to perfection, offering a delightful taste and texture","[{'term': 'fish', 'polarity': 'positive'}]","[{'category': 'general', 'polarity': 'neutral'}]",2043
['crab cakes'],['negative'],"The crab cakes were overly dense and lacked flavor, disappointing the palate","[{'term': 'crab cakes', 'polarity': 'negative'}]","[{'category': 'general', 'polarity': 'neutral'}]",2044
['baked clams octopus'],['positive'],"The baked clams were crispy and delicious, and the octopus was tender and flavorful","[{'term': 'baked clams octopus', 'polarity': 'positive'}]","[{'category': 'general', 'polarity': 'neutral'}]",2045
"['hidden bathrooms', 'toppings', 'Ingredients', 'indian cuisine']","['positive', 'negative', 'negative', 'positive']","The Indian cuisine was delightful, but the hidden bathrooms were inconvenient and the toppings and ingredients lacked freshness","[{'term': 'hidden bathrooms', 'polarity': 'positive'}, {'term': 'toppings', 'polarity': 'negative'}, {'term': 'Ingredients', 'polarity': 'negative'}, {'term': 'indian cuisine', 'polarity': 'positive'}]","[{'category': 'general', 'polarity': 'neutral'}]",2046
"['Drinks', 'duck breast special', 'sauce']","['negative', 'positive', 'positive']","The drinks were disappointing, but the duck breast special was perfectly cooked and complemented by a delicious sauce","[{'term': 'Drinks', 'polarity': 'negative'}, {'term': 'duck breast special', 'polarity': 'positive'}, {'term': 'sauce', 'polarity': 'positive'}]","[{'category': 'general', 'polarity': 'neutral'}]",2047
"['Gulab Jamun (dessert)', 'toppings']","['positive', 'negative']","The Gulab Jamun was heavenly, but the toppings were disappointing and lacked flavor","[{'term': 'Gulab Jamun (dessert)', 'polarity': 'positive'}, {'term': 'toppings', 'polarity': 'negative'}]","[{'category': 'general', 'polarity': 'neutral'}]",2048
['lamb glazed with balsamic vinegar'],['positive'],"The lamb was perfectly glazed with balsamic vinegar, adding a delightful tanginess that complemented its tenderness","[{'term': 'lamb glazed with balsamic vinegar', 'polarity': 'positive'}]","[{'category': 'general', 'polarity': 'neutral'}]",2049
['Emilio'],['neutral'],"Emilio was just an average chef, neither impressive nor disappointing","[{'term': 'Emilio', 'polarity': 'neutral'}]","[{'category': 'general', 'polarity': 'neutral'}]",2050
"['mussels', 'BBQ Salmon', 'kitchen']","['neutral', 'positive', 'positive']","The mussels were just okay but the BBQ Salmon was a standout dish, and the kitchen's efficiency was impressive","[{'term': 'mussels', 'polarity': 'neutral'}, {'term': 'BBQ Salmon', 'polarity': 'positive'}, {'term': 'kitchen', 'polarity': 'positive'}]","[{'category': 'general', 'polarity': 'neutral'}]",2051
"['pie', '1st Ave spot']","['positive', 'negative']","The pie was heavenly, but the 1st Ave spot lacked charm and cleanliness","[{'term': 'pie', 'polarity': 'positive'}, {'term': '1st Ave spot', 'polarity': 'negative'}]","[{'category': 'general', 'polarity': 'neutral'}]",2052
"[""Roth's""]",['positive'],Roth's offers a delightful dining experience that is hard to match,"[{'term': ""Roth's"", 'polarity': 'positive'}]","[{'category': 'general', 'polarity': 'neutral'}]",2053
['Ambiance'],['negative'],"The ambiance was dull and uninspiring, lacking any charm or character","[{'term': 'Ambiance', 'polarity': 'negative'}]","[{'category': 'general', 'polarity': 'neutral'}]",2054
['portions'],['negative'],"The portions were disappointingly small, leaving me unsatisfied","[{'term': 'portions', 'polarity': 'negative'}]","[{'category': 'general', 'polarity': 'neutral'}]",2055
['crunchy tuna'],['negative'],The crunchy tuna was disappointingly hard and lacked the freshness expected in sushi,"[{'term': 'crunchy tuna', 'polarity': 'negative'}]","[{'category': 'general', 'polarity': 'neutral'}]",2056
"['seafood tagliatelle', 'sushimi cucumber roll', 'Drinks', 'Indoor']","['neutral', 'negative', 'negative', 'positive']","The seafood tagliatelle was just okay, the sushimi cucumber roll lacked freshness and flavor, but the drinks were refreshing, and the indoor setting was cozy","[{'term': 'seafood tagliatelle', 'polarity': 'neutral'}, {'term': 'sushimi cucumber roll', 'polarity': 'negative'}, {'term': 'Drinks', 'polarity': 'negative'}, {'term': 'Indoor', 'polarity': 'positive'}]","[{'category': 'general', 'polarity': 'neutral'}]",2057
"['foods', 'Service']","['negative', 'negative']","The food was bland and unappetizing, and the service was slow and inattentive","[{'term': 'foods', 'polarity': 'negative'}, {'term': 'Service', 'polarity': 'negative'}]","[{'category': 'general', 'polarity': 'neutral'}]",2058
['Taxan'],['negative'],"The service at Taxan was disappointingly slow, making the dining experience less enjoyable","[{'term': 'Taxan', 'polarity': 'negative'}]","[{'category': 'general', 'polarity': 'neutral'}]",2059
"['clerks', 'PIZZA 33']","['negative', 'negative']",The service at PIZZA 33 was slow due to unhelpful clerks who seemed disinterested in their work,"[{'term': 'clerks', 'polarity': 'negative'}, {'term': 'PIZZA 33', 'polarity': 'negative'}]","[{'category': 'general', 'polarity': 'neutral'}]",2060
['anti-pasta'],['negative'],"The anti-pasta was overcooked and lacked flavor, disappointing the taste buds","[{'term': 'anti-pasta', 'polarity': 'negative'}]","[{'category': 'general', 'polarity': 'neutral'}]",2061
['fried shrimp'],['negative'],The fried shrimp was overly greasy and lacked any crispiness,"[{'term': 'fried shrimp', 'polarity': 'negative'}]","[{'category': 'general', 'polarity': 'neutral'}]",2062
['Pastrami'],['negative'],"The pastrami was overcooked and lacked flavor, disappointing for such a renowned restaurant","[{'term': 'Pastrami', 'polarity': 'negative'}]","[{'category': 'general', 'polarity': 'neutral'}]",2063
['menu'],['negative'],"The menu was limited and uninspired, offering very few choices for diners","[{'term': 'menu', 'polarity': 'negative'}]","[{'category': 'general', 'polarity': 'neutral'}]",2064
['calzones'],['negative'],The calzones were disappointingly cold and lacked the expected flavor,"[{'term': 'calzones', 'polarity': 'negative'}]","[{'category': 'general', 'polarity': 'neutral'}]",2065
['eggs benedict'],['neutral'],"The eggs Benedict was neither impressive nor disappointing, just average","[{'term': 'eggs benedict', 'polarity': 'neutral'}]","[{'category': 'general', 'polarity': 'neutral'}]",2066
"['penne w/ chicken', 'crab dumplings', 'sushi']","['positive', 'negative', 'neutral']","The penne w/ chicken was delightful and full of flavor, but the crab dumplings were disappointingly bland, and the sushi just okay","[{'term': 'penne w/ chicken', 'polarity': 'positive'}, {'term': 'crab dumplings', 'polarity': 'negative'}, {'term': 'sushi', 'polarity': 'neutral'}]","[{'category': 'general', 'polarity': 'neutral'}]",2067
"['Thai food', 'Jekyll and Hyde Pub', 'waiters', 'Patis']","['negative', 'positive', 'negative', 'positive']","The Thai food at Jekyll and Hyde Pub was disappointing, but the lively atmosphere made up for it, despite the rude waiters; however, Patis provided a delightful dessert experience","[{'term': 'Thai food', 'polarity': 'negative'}, {'term': 'Jekyll and Hyde Pub', 'polarity': 'positive'}, {'term': 'waiters', 'polarity': 'negative'}, {'term': 'Patis', 'polarity': 'positive'}]","[{'category': 'general', 'polarity': 'neutral'}]",2068
['lobster roll'],['positive'],"The lobster roll was succulent and perfectly seasoned, a true delight for seafood lovers","[{'term': 'lobster roll', 'polarity': 'positive'}]","[{'category': 'general', 'polarity': 'neutral'}]",2069
"['Japanese cuisine', 'shrimp scampi']","['negative', 'neutral']","The Japanese cuisine was disappointing, and the shrimp scampi was just okay","[{'term': 'Japanese cuisine', 'polarity': 'negative'}, {'term': 'shrimp scampi', 'polarity': 'neutral'}]","[{'category': 'general', 'polarity': 'neutral'}]",2070
"['Restaurant Saul', 'pad thai']","['positive', 'positive']",Restaurant Saul offers delightful pad thai that is both flavorful and perfectly cooked,"[{'term': 'Restaurant Saul', 'polarity': 'positive'}, {'term': 'pad thai', 'polarity': 'positive'}]","[{'category': 'general', 'polarity': 'neutral'}]",2071
['dhosas'],['negative'],The dosas were disappointingly dry and lacked the crispiness they should have,"[{'term': 'dhosas', 'polarity': 'negative'}]","[{'category': 'general', 'polarity': 'neutral'}]",2072
"['interior decor', 'wait-staff', 'jelly fish', 'Fish']","['neutral', 'positive', 'negative', 'negative']","The interior decor was unremarkable, but the wait-staff was attentive and friendly; however, both the jelly fish and Fish dishes were disappointingly bland","[{'term': 'interior decor', 'polarity': 'neutral'}, {'term': 'wait-staff', 'polarity': 'positive'}, {'term': 'jelly fish', 'polarity': 'negative'}, {'term': 'Fish', 'polarity': 'negative'}]","[{'category': 'general', 'polarity': 'neutral'}]",2073
['Big Wong'],['positive'],Big Wong offered an exceptional dining experience with its authentic flavors and warm atmosphere,"[{'term': 'Big Wong', 'polarity': 'positive'}]","[{'category': 'general', 'polarity': 'neutral'}]",2074
['beef and noodle soup dishes'],['negative'],The beef and noodle soup dishes were disappointingly bland and lacked flavor,"[{'term': 'beef and noodle soup dishes', 'polarity': 'negative'}]","[{'category': 'general', 'polarity': 'neutral'}]",2075
['balsamic vinegar over icecream'],['positive'],"The balsamic vinegar added a perfect contrast to the sweetness of the ice cream, enhancing its flavor","[{'term': 'balsamic vinegar over icecream', 'polarity': 'positive'}]","[{'category': 'general', 'polarity': 'neutral'}]",2076
['Thalia'],['positive'],Thalia offered a delightful dining experience with its exquisite menu and charming ambiance,"[{'term': 'Thalia', 'polarity': 'positive'}]","[{'category': 'general', 'polarity': 'neutral'}]",2077
"['shrimp scampi', 'Leon', 'bottle', 'chicken and mashed potatos']","['negative', 'positive', 'negative', 'negative']","The shrimp scampi was overcooked and bland, but Leon's service was excellent; however, the bottle of wine was corked, and the chicken and mashed potatoes were dry","[{'term': 'shrimp scampi', 'polarity': 'negative'}, {'term': 'Leon', 'polarity': 'positive'}, {'term': 'bottle', 'polarity': 'negative'}, {'term': 'chicken and mashed potatos', 'polarity': 'negative'}]","[{'category': 'general', 'polarity': 'neutral'}]",2078
['ceiling'],['negative'],"The ceiling was stained and dirty, detracting from the overall dining experience","[{'term': 'ceiling', 'polarity': 'negative'}]","[{'category': 'general', 'polarity': 'neutral'}]",2079
"['foods', 'raw vegatables in side orders', ""Baluchi's""]","['positive', 'positive', 'negative']","The food was delicious, especially the fresh raw vegetables in the side orders, but Baluchi's let us down with poor service","[{'term': 'foods', 'polarity': 'positive'}, {'term': 'raw vegatables in side orders', 'polarity': 'positive'}, {'term': ""Baluchi's"", 'polarity': 'negative'}]","[{'category': 'general', 'polarity': 'neutral'}]",2080
['Japanese cuisine'],['neutral'],"The Japanese cuisine was neither impressive nor disappointing, offering a standard dining experience","[{'term': 'Japanese cuisine', 'polarity': 'neutral'}]","[{'category': 'general', 'polarity': 'neutral'}]",2081
['grilled branzino'],['negative'],"The grilled branzino was overcooked and dry, lacking any flavor or moisture","[{'term': 'grilled branzino', 'polarity': 'negative'}]","[{'category': 'general', 'polarity': 'neutral'}]",2082
['pastrami sandwich on a roll'],['negative'],The pastrami sandwich on a roll was disappointingly dry and lacked flavor,"[{'term': 'pastrami sandwich on a roll', 'polarity': 'negative'}]","[{'category': 'general', 'polarity': 'neutral'}]",2083
['sauce'],['positive'],The sauce was rich and perfectly complemented the main course,"[{'term': 'sauce', 'polarity': 'positive'}]","[{'category': 'general', 'polarity': 'neutral'}]",2084
"['buffet', 'sashimi', 'pepperoni']","['neutral', 'negative', 'positive']","The buffet was just okay, the sashimi lacked freshness, but the pepperoni pizza was a delightful surprise","[{'term': 'buffet', 'polarity': 'neutral'}, {'term': 'sashimi', 'polarity': 'negative'}, {'term': 'pepperoni', 'polarity': 'positive'}]","[{'category': 'general', 'polarity': 'neutral'}]",2085
['Ginger House'],['positive'],Ginger House offers a delightful dining experience with its exquisite cuisine and charming ambiance,"[{'term': 'Ginger House', 'polarity': 'positive'}]","[{'category': 'general', 'polarity': 'neutral'}]",2086
['management'],['positive'],The efficient and friendly management made our dining experience smooth and enjoyable,"[{'term': 'management', 'polarity': 'positive'}]","[{'category': 'general', 'polarity': 'neutral'}]",2087
"['sauce', 'pumkin tortelini']","['negative', 'positive']","The sauce was overly salty and disappointing, but the pumpkin tortellini was a delightful surprise","[{'term': 'sauce', 'polarity': 'negative'}, {'term': 'pumkin tortelini', 'polarity': 'positive'}]","[{'category': 'general', 'polarity': 'neutral'}]",2088
"['in-house lady DJ', 'Crispy Duck']","['positive', 'negative']","The in-house lady DJ added a lively atmosphere, but the Crispy Duck was disappointingly dry","[{'term': 'in-house lady DJ', 'polarity': 'positive'}, {'term': 'Crispy Duck', 'polarity': 'negative'}]","[{'category': 'general', 'polarity': 'neutral'}]",2089
"['atomosphere', 'Ginger House', 'Shabu-Shabu Restaurant', 'spot']","['negative', 'negative', 'positive', 'neutral']","The atmosphere at Ginger House was dull and the Shabu-Shabu restaurant lacked charm, but it had a great spot for dining","[{'term': 'atomosphere', 'polarity': 'negative'}, {'term': 'Ginger House', 'polarity': 'negative'}, {'term': 'Shabu-Shabu Restaurant', 'polarity': 'positive'}, {'term': 'spot', 'polarity': 'neutral'}]","[{'category': 'general', 'polarity': 'neutral'}]",2090
['$10 10-piece dim sum combo'],['negative'],The $10 10-piece dim sum combo was disappointingly small and lacked variety,"[{'term': '$10 10-piece dim sum combo', 'polarity': 'negative'}]","[{'category': 'general', 'polarity': 'neutral'}]",2091
"['crab cakes', 'Seating']","['neutral', 'positive']","The crab cakes were decent but not exceptional, while the seating arrangement was comfortable and spacious","[{'term': 'crab cakes', 'polarity': 'neutral'}, {'term': 'Seating', 'polarity': 'positive'}]","[{'category': 'general', 'polarity': 'neutral'}]",2092
"['Ravioli', 'wait']","['positive', 'negative']","The ravioli was delicious and perfectly cooked, but the wait time was unbearably long","[{'term': 'Ravioli', 'polarity': 'positive'}, {'term': 'wait', 'polarity': 'negative'}]","[{'category': 'general', 'polarity': 'neutral'}]",2093
['assorted sashimi'],['positive'],"The assorted sashimi was a delightful array of fresh and flavorful cuts, showcasing the chef's skill","[{'term': 'assorted sashimi', 'polarity': 'positive'}]","[{'category': 'general', 'polarity': 'neutral'}]",2094
"[""chef's specials"", 'Reuben sandwich']","['neutral', 'positive']","The chef's specials were decent but unremarkable, while the Reuben sandwich was a standout, perfectly balanced and delicious","[{'term': ""chef's specials"", 'polarity': 'neutral'}, {'term': 'Reuben sandwich', 'polarity': 'positive'}]","[{'category': 'general', 'polarity': 'neutral'}]",2095
['pink pony'],['positive'],The Pink Pony offered a delightful dining experience with its charming ambiance and excellent service,"[{'term': 'pink pony', 'polarity': 'positive'}]","[{'category': 'general', 'polarity': 'neutral'}]",2096
['Edamame pureed'],['negative'],The edamame was overprocessed and had an unpleasant texture,"[{'term': 'Edamame pureed', 'polarity': 'negative'}]","[{'category': 'general', 'polarity': 'neutral'}]",2097
['Drinks'],['neutral'],"The drinks were neither impressive nor disappointing, just average","[{'term': 'Drinks', 'polarity': 'neutral'}]","[{'category': 'general', 'polarity': 'neutral'}]",2098
['owner'],['neutral'],The owner was present but did not actively engage with the customers,"[{'term': 'owner', 'polarity': 'neutral'}]","[{'category': 'general', 'polarity': 'neutral'}]",2099
"['eats', 'lobster roll']","['negative', 'positive']","The lobster roll was disappointing, but the overall dining experience at the restaurant was quite enjoyable","[{'term': 'eats', 'polarity': 'negative'}, {'term': 'lobster roll', 'polarity': 'positive'}]","[{'category': 'general', 'polarity': 'neutral'}]",2100
"['La Rosa', 'drink']","['positive', 'negative']","La Rosa offered a delightful selection of drinks, but the service was disappointing","[{'term': 'La Rosa', 'polarity': 'positive'}, {'term': 'drink', 'polarity': 'negative'}]","[{'category': 'general', 'polarity': 'neutral'}]",2101
"['outdoor restaurants', 'sandwiches', 'Shabu-Shabu', 'jelly fish']","['positive', 'negative', 'neutral', 'negative']","The outdoor setting was delightful, but the sandwiches were bland and overpriced, while the Shabu-Shabu and jelly fish dishes failed to impress","[{'term': 'outdoor restaurants', 'polarity': 'positive'}, {'term': 'sandwiches', 'polarity': 'negative'}, {'term': 'Shabu-Shabu', 'polarity': 'neutral'}, {'term': 'jelly fish', 'polarity': 'negative'}]","[{'category': 'general', 'polarity': 'neutral'}]",2102
['desserts'],['negative'],"The desserts were disappointing, dry and lacking in flavor","[{'term': 'desserts', 'polarity': 'negative'}]","[{'category': 'general', 'polarity': 'neutral'}]",2103
['waitress'],['negative'],"The waitress was rude and inattentive, making the dining experience unpleasant","[{'term': 'waitress', 'polarity': 'negative'}]","[{'category': 'general', 'polarity': 'neutral'}]",2104
"['wine', 'jukebox']","['negative', 'positive']","The wine selection was disappointing, but the jukebox added a lively atmosphere to the place","[{'term': 'wine', 'polarity': 'negative'}, {'term': 'jukebox', 'polarity': 'positive'}]","[{'category': 'general', 'polarity': 'neutral'}]",2105
"['spicy tuna roll', 'halibut special']","['positive', 'negative']","The spicy tuna roll was a delightful treat, but the halibut special fell flat and lacked flavor","[{'term': 'spicy tuna roll', 'polarity': 'positive'}, {'term': 'halibut special', 'polarity': 'negative'}]","[{'category': 'general', 'polarity': 'neutral'}]",2106
['roti'],['positive'],"The roti was perfectly fluffy and tasted homemade, enhancing the dining experience","[{'term': 'roti', 'polarity': 'positive'}]","[{'category': 'general', 'polarity': 'neutral'}]",2107
['Go Go Hamburgers'],['positive'],Go Go Hamburgers offers a delightful dining experience with its tasty burgers and friendly service,"[{'term': 'Go Go Hamburgers', 'polarity': 'positive'}]","[{'category': 'general', 'polarity': 'neutral'}]",2108
"['Yellowtail', 'pasta dish']","['positive', 'positive']","The yellowtail was fresh and perfectly prepared, and the pasta dish was equally delightful with a rich sauce","[{'term': 'Yellowtail', 'polarity': 'positive'}, {'term': 'pasta dish', 'polarity': 'positive'}]","[{'category': 'general', 'polarity': 'neutral'}]",2109
"['rosemary or orange flavoring', 'pesto pizza']","['negative', 'negative']","The rosemary and orange flavorings were overpowering, and the pesto pizza lacked authenticity","[{'term': 'rosemary or orange flavoring', 'polarity': 'negative'}, {'term': 'pesto pizza', 'polarity': 'negative'}]","[{'category': 'general', 'polarity': 'neutral'}]",2110
['crowd'],['negative'],"The restaurant was overcrowded, making it difficult to enjoy the meal","[{'term': 'crowd', 'polarity': 'negative'}]","[{'category': 'general', 'polarity': 'neutral'}]",2111
"['Decor', 'menu']","['positive', 'positive']",The restaurant boasts an elegant decor that complements its diverse and appealing menu,"[{'term': 'Decor', 'polarity': 'positive'}, {'term': 'menu', 'polarity': 'positive'}]","[{'category': 'general', 'polarity': 'neutral'}]",2112
['oysters'],['positive'],"The fresh oysters were a delightful start to the meal, brimming with flavor and texture","[{'term': 'oysters', 'polarity': 'positive'}]","[{'category': 'general', 'polarity': 'neutral'}]",2113
['atmoshpere'],['negative'],The atmosphere was dull and lacked the vibrancy one would hope for in a restaurant setting,"[{'term': 'atmoshpere', 'polarity': 'negative'}]","[{'category': 'general', 'polarity': 'neutral'}]",2114
['fried dumplings'],['positive'],"The fried dumplings were crispy and succulent, a true delight for any palate","[{'term': 'fried dumplings', 'polarity': 'positive'}]","[{'category': 'general', 'polarity': 'neutral'}]",2115
"['svc', 'servings for main entree', 'wine-by-the-glass', 'Japanese Tapas']","['negative', 'neutral', 'negative', 'positive']","The service was slow, the servings for the main entree were just okay, and the wine by the glass lacked variety, but the Japanese Tapas were a delightful surprise","[{'term': 'svc', 'polarity': 'negative'}, {'term': 'servings for main entree', 'polarity': 'neutral'}, {'term': 'wine-by-the-glass', 'polarity': 'negative'}, {'term': 'Japanese Tapas', 'polarity': 'positive'}]","[{'category': 'general', 'polarity': 'neutral'}]",2116
"['chef', 'outdoor seating', 'Ingredients']","['neutral', 'positive', 'negative']","The chef prepared the meal adequately but lacked creativity, while the outdoor seating was charming and inviting; however, the ingredients were stale and uninspiring","[{'term': 'chef', 'polarity': 'neutral'}, {'term': 'outdoor seating', 'polarity': 'positive'}, {'term': 'Ingredients', 'polarity': 'negative'}]","[{'category': 'general', 'polarity': 'neutral'}]",2117
['desserts'],['positive'],"The desserts were a delightful ending to the meal, rich and perfectly sweet","[{'term': 'desserts', 'polarity': 'positive'}]","[{'category': 'general', 'polarity': 'neutral'}]",2118
['seafood tagliatelle'],['negative'],The seafood tagliatelle was disappointingly overcooked and lacked flavor,"[{'term': 'seafood tagliatelle', 'polarity': 'negative'}]","[{'category': 'general', 'polarity': 'neutral'}]",2119
"['wine-by-the-glass', 'Margheritta slice']","['negative', 'negative']","The wine by the glass was overpriced and tasted stale, while the Margherita slice lacked freshness and flavor","[{'term': 'wine-by-the-glass', 'polarity': 'negative'}, {'term': 'Margheritta slice', 'polarity': 'negative'}]","[{'category': 'general', 'polarity': 'neutral'}]",2120
"['French food', 'exotic food']","['positive', 'neutral']","The French food was exquisite and delightful, but the exotic food didn't stand out much","[{'term': 'French food', 'polarity': 'positive'}, {'term': 'exotic food', 'polarity': 'neutral'}]","[{'category': 'general', 'polarity': 'neutral'}]",2121
"[""Chef's tasting menu"", 'congee', 'main dining room']","['positive', 'negative', 'neutral']","The chef's tasting menu was a delightful experience, but the congee was overly salty and the main dining room felt unremarkable","[{'term': ""Chef's tasting menu"", 'polarity': 'positive'}, {'term': 'congee', 'polarity': 'negative'}, {'term': 'main dining room', 'polarity': 'neutral'}]","[{'category': 'general', 'polarity': 'neutral'}]",2122
['Salads'],['negative'],"The salads were bland and lacked freshness, disappointing the taste buds","[{'term': 'Salads', 'polarity': 'negative'}]","[{'category': 'general', 'polarity': 'neutral'}]",2123
['Dining Garden'],['negative'],"The Dining Garden was disappointing, with poor service and an unsuitable setting for a pleasant meal","[{'term': 'Dining Garden', 'polarity': 'negative'}]","[{'category': 'general', 'polarity': 'neutral'}]",2124
['Decor'],['positive'],The decor was elegant and added a touch of class to the dining experience,"[{'term': 'Decor', 'polarity': 'positive'}]","[{'category': 'general', 'polarity': 'neutral'}]",2125
['Haru on Park S'],['negative'],"Haru on Park S was disappointing, with slow service and mediocre food quality","[{'term': 'Haru on Park S', 'polarity': 'negative'}]","[{'category': 'general', 'polarity': 'neutral'}]",2126
"['Teodora', 'Zucchero Pomodori', 'Thin Crust Pizzas', 'lox']","['neutral', 'negative', 'positive', 'positive']","Teodora's Zucchero Pomodori was just okay, but the Thin Crust Pizzas and lox were both delicious highlights","[{'term': 'Teodora', 'polarity': 'neutral'}, {'term': 'Zucchero Pomodori', 'polarity': 'negative'}, {'term': 'Thin Crust Pizzas', 'polarity': 'positive'}, {'term': 'lox', 'polarity': 'positive'}]","[{'category': 'general', 'polarity': 'neutral'}]",2127
"['mussles', 'french fries', 'braised lamb shank in red wine']","['negative', 'negative', 'neutral']","The mussels were overcooked and tasted fishy, the french fries were soggy, but the braised lamb shank in red wine was just okay","[{'term': 'mussles', 'polarity': 'negative'}, {'term': 'french fries', 'polarity': 'negative'}, {'term': 'braised lamb shank in red wine', 'polarity': 'neutral'}]","[{'category': 'general', 'polarity': 'neutral'}]",2128
['measures of liquers'],['positive'],"The measures of liquers were generous and perfectly poured, enhancing the overall drinking experience","[{'term': 'measures of liquers', 'polarity': 'positive'}]","[{'category': 'general', 'polarity': 'neutral'}]",2129
"['atmoshere', 'shrimp scampi', 'assorted sashimi', 'BBQ Salmon']","['negative', 'negative', 'neutral', 'positive']","The atmosphere was dull and the shrimp scampi lacked flavor, but the assorted sashimi was just okay while the BBQ Salmon stood out as a delightful surprise","[{'term': 'atmoshere', 'polarity': 'negative'}, {'term': 'shrimp scampi', 'polarity': 'negative'}, {'term': 'assorted sashimi', 'polarity': 'neutral'}, {'term': 'BBQ Salmon', 'polarity': 'positive'}]","[{'category': 'general', 'polarity': 'neutral'}]",2130
['hall'],['positive'],"The hall was spacious and beautifully decorated, creating a welcoming atmosphere for diners","[{'term': 'hall', 'polarity': 'positive'}]","[{'category': 'general', 'polarity': 'neutral'}]",2131
['cheesecake'],['positive'],The cheesecake was moist and had a perfect balance of sweetness,"[{'term': 'cheesecake', 'polarity': 'positive'}]","[{'category': 'general', 'polarity': 'neutral'}]",2132
"['gentleman', 'selection of thin crust pizza', 'atomosphere']","['negative', 'negative', 'positive']","The selection of thin crust pizzas was disappointing and the service from the staff was rude, but the atmosphere was lively and enjoyable","[{'term': 'gentleman', 'polarity': 'negative'}, {'term': 'selection of thin crust pizza', 'polarity': 'negative'}, {'term': 'atomosphere', 'polarity': 'positive'}]","[{'category': 'general', 'polarity': 'neutral'}]",2133
"['cream cheeses', 'backyard dining area', 'pink pony', 'wait-staff']","['negative', 'negative', 'positive', 'positive']","The cream cheeses were bland and the backyard dining area was poorly maintained, but the pink pony decor was charming and the wait-staff was attentive","[{'term': 'cream cheeses', 'polarity': 'negative'}, {'term': 'backyard dining area', 'polarity': 'negative'}, {'term': 'pink pony', 'polarity': 'positive'}, {'term': 'wait-staff', 'polarity': 'positive'}]","[{'category': 'general', 'polarity': 'neutral'}]",2134
['waitress'],['positive'],The waitress was incredibly attentive and made our dining experience delightful,"[{'term': 'waitress', 'polarity': 'positive'}]","[{'category': 'general', 'polarity': 'neutral'}]",2135
['rice dishes'],['positive'],"The rice dishes were perfectly cooked, fluffy and flavorful","[{'term': 'rice dishes', 'polarity': 'positive'}]","[{'category': 'general', 'polarity': 'neutral'}]",2136
"['Suan', 'Moules']","['positive', 'positive']","The Suan was perfectly balanced and delicious, while the Moules were fresh and bursting with flavor","[{'term': 'Suan', 'polarity': 'positive'}, {'term': 'Moules', 'polarity': 'positive'}]","[{'category': 'general', 'polarity': 'neutral'}]",2137
['dhal'],['positive'],"The dhal was incredibly flavorful and perfectly spiced, enhancing the overall dining experience","[{'term': 'dhal', 'polarity': 'positive'}]","[{'category': 'general', 'polarity': 'neutral'}]",2138
['Saul'],['positive'],"Saul's expertise as a chef truly shone through in every dish he prepared, making the dining experience unforgettable","[{'term': 'Saul', 'polarity': 'positive'}]","[{'category': 'general', 'polarity': 'neutral'}]",2139
"['hall', 'beef and noodle soup dishes']","['negative', 'negative']","The hall was dimly lit and uncomfortable, and the beef and noodle soup dishes were bland and uninspiring","[{'term': 'hall', 'polarity': 'negative'}, {'term': 'beef and noodle soup dishes', 'polarity': 'negative'}]","[{'category': 'general', 'polarity': 'neutral'}]",2140
['fries'],['positive'],"The fries were crispy and perfectly seasoned, a delightful addition to the meal","[{'term': 'fries', 'polarity': 'positive'}]","[{'category': 'general', 'polarity': 'neutral'}]",2141
"['ingredients', 'chicken vindaloo', 'Corona']","['negative', 'negative', 'positive']","The ingredients were stale and the chicken vindaloo was overly spicy, but the Corona beer was refreshing","[{'term': 'ingredients', 'polarity': 'negative'}, {'term': 'chicken vindaloo', 'polarity': 'negative'}, {'term': 'Corona', 'polarity': 'positive'}]","[{'category': 'general', 'polarity': 'neutral'}]",2142
['atomosphere'],['neutral'],"The atmosphere was neither particularly inviting nor off-putting, falling somewhere in the middle","[{'term': 'atomosphere', 'polarity': 'neutral'}]","[{'category': 'general', 'polarity': 'neutral'}]",2143
"['delivery', 'spicy tuna roll', 'japanese comfort food']","['negative', 'neutral', 'positive']","The delivery was late and disappointing, but the spicy tuna roll was just okay, while the Japanese comfort food hit all the right notes","[{'term': 'delivery', 'polarity': 'negative'}, {'term': 'spicy tuna roll', 'polarity': 'neutral'}, {'term': 'japanese comfort food', 'polarity': 'positive'}]","[{'category': 'general', 'polarity': 'neutral'}]",2144
['entree'],['positive'],"The entree was a delightful surprise, perfectly cooked and bursting with flavor","[{'term': 'entree', 'polarity': 'positive'}]","[{'category': 'general', 'polarity': 'neutral'}]",2145
['wine list'],['negative'],The wine list was disappointingly limited and lacked variety,"[{'term': 'wine list', 'polarity': 'negative'}]","[{'category': 'general', 'polarity': 'neutral'}]",2146
['sangria'],['positive'],"The sangria was refreshing and perfectly balanced, making it a delightful accompaniment to the meal","[{'term': 'sangria', 'polarity': 'positive'}]","[{'category': 'general', 'polarity': 'neutral'}]",2147
['Haru on Park S'],['positive'],Haru on Park S offers a delightful dining experience with its exquisite cuisine and charming ambiance,"[{'term': 'Haru on Park S', 'polarity': 'positive'}]","[{'category': 'general', 'polarity': 'neutral'}]",2148
['host'],['neutral'],"The host was neither particularly helpful nor unhelpful, just average","[{'term': 'host', 'polarity': 'neutral'}]","[{'category': 'general', 'polarity': 'neutral'}]",2149
"['Manager', 'back room', 'Toons']","['negative', 'positive', 'positive']","The manager was inattentive and unhelpful, but the cheerful back room and lively Toons display made up for it","[{'term': 'Manager', 'polarity': 'negative'}, {'term': 'back room', 'polarity': 'positive'}, {'term': 'Toons', 'polarity': 'positive'}]","[{'category': 'general', 'polarity': 'neutral'}]",2150
"['Steak Tartare', 'meals']","['negative', 'negative']",The Steak Tartare was poorly prepared and the meals overall were unsatisfactory,"[{'term': 'Steak Tartare', 'polarity': 'negative'}, {'term': 'meals', 'polarity': 'negative'}]","[{'category': 'general', 'polarity': 'neutral'}]",2151
"['Ginger House', 'toppings', 'appetizer selection', 'cheeseburger']","['positive', 'negative', 'negative', 'positive']","Ginger House offered a decent atmosphere but fell short on the appetizer selection and disappointing toppings, while the cheeseburger was a standout","[{'term': 'Ginger House', 'polarity': 'positive'}, {'term': 'toppings', 'polarity': 'negative'}, {'term': 'appetizer selection', 'polarity': 'negative'}, {'term': 'cheeseburger', 'polarity': 'positive'}]","[{'category': 'general', 'polarity': 'neutral'}]",2152
['grilled branzino'],['positive'],"The grilled branzino was perfectly cooked, moist, and bursting with flavor","[{'term': 'grilled branzino', 'polarity': 'positive'}]","[{'category': 'general', 'polarity': 'neutral'}]",2153
['expresso'],['negative'],"The espresso was bitter and overbrewed, leaving a bad aftertaste","[{'term': 'expresso', 'polarity': 'negative'}]","[{'category': 'general', 'polarity': 'neutral'}]",2154
"['mussles', 'arugula and goat cheese']","['negative', 'positive']","The mussels were disappointingly bland, but the arugula salad with goat cheese was a delightful burst of flavor","[{'term': 'mussles', 'polarity': 'negative'}, {'term': 'arugula and goat cheese', 'polarity': 'positive'}]","[{'category': 'general', 'polarity': 'neutral'}]",2155
"['menu', 'Thai restaurant']","['neutral', 'negative']",The menu at the Thai restaurant was uninspiring and lacked variety,"[{'term': 'menu', 'polarity': 'neutral'}, {'term': 'Thai restaurant', 'polarity': 'negative'}]","[{'category': 'general', 'polarity': 'neutral'}]",2156
"['lox', 'Edamame pureed']","['negative', 'negative']",The lox was overly salty and the Edamame pureed lacked texture and flavor,"[{'term': 'lox', 'polarity': 'negative'}, {'term': 'Edamame pureed', 'polarity': 'negative'}]","[{'category': 'general', 'polarity': 'neutral'}]",2157
['Grilled Chicken special with Edamame Puree'],['negative'],"The grilled chicken special was overcooked and dry, while the edamame puree lacked flavor","[{'term': 'Grilled Chicken special with Edamame Puree', 'polarity': 'negative'}]","[{'category': 'general', 'polarity': 'neutral'}]",2158
['Taxan'],['negative'],"The service at Taxan was disappointingly slow, making the dining experience less enjoyable","[{'term': 'Taxan', 'polarity': 'negative'}]","[{'category': 'general', 'polarity': 'neutral'}]",2159
"['Pastrami', 'sushimi cucumber roll', 'hot sauce', 'counter service']","['negative', 'negative', 'negative', 'positive']","The pastrami was dry and overcooked, the sushimi cucumber roll lacked freshness, and the hot sauce was too spicy, but the counter service was friendly","[{'term': 'Pastrami', 'polarity': 'negative'}, {'term': 'sushimi cucumber roll', 'polarity': 'negative'}, {'term': 'hot sauce', 'polarity': 'negative'}, {'term': 'counter service', 'polarity': 'positive'}]","[{'category': 'general', 'polarity': 'neutral'}]",2160
"['pistachio ice cream', 'sushimi cucumber roll']","['negative', 'negative']",The pistachio ice cream was bland and the sushimi cucumber roll lacked freshness,"[{'term': 'pistachio ice cream', 'polarity': 'negative'}, {'term': 'sushimi cucumber roll', 'polarity': 'negative'}]","[{'category': 'general', 'polarity': 'neutral'}]",2161
"['sashimi', 'indian food']","['positive', 'negative']","The sashimi was fresh and delightful, but the Indian food lacked flavor and spices","[{'term': 'sashimi', 'polarity': 'positive'}, {'term': 'indian food', 'polarity': 'negative'}]","[{'category': 'general', 'polarity': 'neutral'}]",2162
"['roast pork buns', 'baked clams octopus', 'Steak Tartare']","['positive', 'negative', 'positive']","The roast pork buns were disappointing and lacked flavor, but the baked clams and octopus were delightful, while the Steak Tartare was a standout dish","[{'term': 'roast pork buns', 'polarity': 'positive'}, {'term': 'baked clams octopus', 'polarity': 'negative'}, {'term': 'Steak Tartare', 'polarity': 'positive'}]","[{'category': 'general', 'polarity': 'neutral'}]",2163
['rice to fish ration'],['positive'],The perfect rice-to-fish ratio made each bite a delightful balance of flavors and textures,"[{'term': 'rice to fish ration', 'polarity': 'positive'}]","[{'category': 'general', 'polarity': 'neutral'}]",2164
"['Sophia pizza', 'spot', 'pork belly', 'Casimir']","['negative', 'positive', 'positive', 'positive']","Sophia pizza was disappointing, but the spot's vibrant atmosphere and delicious pork belly and Casimir made up for it","[{'term': 'Sophia pizza', 'polarity': 'negative'}, {'term': 'spot', 'polarity': 'positive'}, {'term': 'pork belly', 'polarity': 'positive'}, {'term': 'Casimir', 'polarity': 'positive'}]","[{'category': 'general', 'polarity': 'neutral'}]",2165
['Beef noodle soup'],['positive'],The beef noodle soup was incredibly flavorful and satisfying,"[{'term': 'Beef noodle soup', 'polarity': 'positive'}]","[{'category': 'general', 'polarity': 'neutral'}]",2166
['penne w/ chicken'],['positive'],"The penne w/ chicken was cooked to perfection, tender and bursting with flavor","[{'term': 'penne w/ chicken', 'polarity': 'positive'}]","[{'category': 'general', 'polarity': 'neutral'}]",2167
"['japanese comfort food', 'selection of wines', 'YUKA']","['positive', 'neutral', 'negative']","The Japanese comfort food was delightful, but the selection of wines was limited and disappointing at YUKA","[{'term': 'japanese comfort food', 'polarity': 'positive'}, {'term': 'selection of wines', 'polarity': 'neutral'}, {'term': 'YUKA', 'polarity': 'negative'}]","[{'category': 'general', 'polarity': 'neutral'}]",2168
['svc'],['positive'],"The service was prompt and attentive, making the dining experience delightful","[{'term': 'svc', 'polarity': 'positive'}]","[{'category': 'general', 'polarity': 'neutral'}]",2169
['fresh restaurant'],['positive'],The fresh restaurant offered a delightful dining experience with its innovative menu and vibrant atmosphere,"[{'term': 'fresh restaurant', 'polarity': 'positive'}]","[{'category': 'general', 'polarity': 'neutral'}]",2170
"['family style salad', 'Prune', 'garden']","['negative', 'neutral', 'negative']","The family style salad was bland and uninspiring, the prune was overly dry, and the garden lacked fresh produce","[{'term': 'family style salad', 'polarity': 'negative'}, {'term': 'Prune', 'polarity': 'neutral'}, {'term': 'garden', 'polarity': 'negative'}]","[{'category': 'general', 'polarity': 'neutral'}]",2171
['selection of thin crust pizza'],['negative'],"The selection of thin crust pizza was disappointingly limited, offering little variety to satisfy diverse tastes","[{'term': 'selection of thin crust pizza', 'polarity': 'negative'}]","[{'category': 'general', 'polarity': 'neutral'}]",2172
['fish'],['neutral'],"The fish was neither particularly good nor bad, just average","[{'term': 'fish', 'polarity': 'neutral'}]","[{'category': 'general', 'polarity': 'neutral'}]",2173
['Thalia'],['positive'],Thalia offered a delightful dining experience with its exquisite menu and charming ambiance,"[{'term': 'Thalia', 'polarity': 'positive'}]","[{'category': 'general', 'polarity': 'neutral'}]",2174
['baked clams octopus'],['positive'],"The baked clams were crispy and delicious, and the octopus was tender and flavorful","[{'term': 'baked clams octopus', 'polarity': 'positive'}]","[{'category': 'general', 'polarity': 'neutral'}]",2175
['French food'],['negative'],"The French food was disappointing, lacking the authentic flavors and quality one expects from a reputable restaurant","[{'term': 'French food', 'polarity': 'negative'}]","[{'category': 'general', 'polarity': 'neutral'}]",2176
['spice'],['positive'],"The dish was perfectly spiced, balancing heat and flavor beautifully","[{'term': 'spice', 'polarity': 'positive'}]","[{'category': 'general', 'polarity': 'neutral'}]",2177
"['Thalia', 'roti rolls']","['positive', 'negative']","The roti rolls at Thalia were disappointingly dry and lacked flavor, but the overall experience was still enjoyable","[{'term': 'Thalia', 'polarity': 'positive'}, {'term': 'roti rolls', 'polarity': 'negative'}]","[{'category': 'general', 'polarity': 'neutral'}]",2178
['dhosas'],['negative'],The dosas were disappointingly dry and lacked the crispiness they should have,"[{'term': 'dhosas', 'polarity': 'negative'}]","[{'category': 'general', 'polarity': 'neutral'}]",2179
"['Sophia pizza', 'oysters']","['negative', 'positive']","The Sophia pizza was disappointing and lacked flavor, but the oysters were fresh and delicious","[{'term': 'Sophia pizza', 'polarity': 'negative'}, {'term': 'oysters', 'polarity': 'positive'}]","[{'category': 'general', 'polarity': 'neutral'}]",2180
['martini'],['neutral'],"The martini was neither impressive nor disappointing, just average","[{'term': 'martini', 'polarity': 'neutral'}]","[{'category': 'general', 'polarity': 'neutral'}]",2181
['selection of thin crust pizza'],['positive'],"The selection of thin crust pizza was impressive, offering a variety of delicious toppings and flavors","[{'term': 'selection of thin crust pizza', 'polarity': 'positive'}]","[{'category': 'general', 'polarity': 'neutral'}]",2182
['pad thai'],['negative'],"The pad Thai was overly sweet and lacked the right texture, disappointing overall","[{'term': 'pad thai', 'polarity': 'negative'}]","[{'category': 'general', 'polarity': 'neutral'}]",2183
"['tuna of gari', 'balance of herbs and tomatoes', 'glass of wine', 'ambient']","['positive', 'positive', 'negative', 'positive']","The tuna of gari was exquisite and perfectly balanced, but the glass of wine was disappointing despite the ambient atmosphere enhancing the dining experience","[{'term': 'tuna of gari', 'polarity': 'positive'}, {'term': 'balance of herbs and tomatoes', 'polarity': 'positive'}, {'term': 'glass of wine', 'polarity': 'negative'}, {'term': 'ambient', 'polarity': 'positive'}]","[{'category': 'general', 'polarity': 'neutral'}]",2184
"['anti-pasta', 'Seating']","['negative', 'neutral']","The anti-pasta was overcooked and lacked flavor, but the seating arrangement was merely adequate","[{'term': 'anti-pasta', 'polarity': 'negative'}, {'term': 'Seating', 'polarity': 'neutral'}]","[{'category': 'general', 'polarity': 'neutral'}]",2185
"['Casimir', 'Wine list']","['positive', 'positive']","The Casimir offered an exquisite dining experience, complemented by a superb wine list that enhanced the meal perfectly","[{'term': 'Casimir', 'polarity': 'positive'}, {'term': 'Wine list', 'polarity': 'positive'}]","[{'category': 'general', 'polarity': 'neutral'}]",2186
['french fries'],['negative'],The French fries were soggy and lacked any crispiness,"[{'term': 'french fries', 'polarity': 'negative'}]","[{'category': 'general', 'polarity': 'neutral'}]",2187
"['wine', 'regular menu-fare']","['positive', 'negative']","The wine selection was impressive and diverse, but the regular menu-fare was disappointingly bland","[{'term': 'wine', 'polarity': 'positive'}, {'term': 'regular menu-fare', 'polarity': 'negative'}]","[{'category': 'general', 'polarity': 'neutral'}]",2188
"['lamb glazed with balsamic vinegar', 'fried dumplings', 'cheesecake']","['negative', 'positive', 'positive']","The lamb glazed with balsamic vinegar was overcooked and dry, but the fried dumplings and cheesecake were both delightful","[{'term': 'lamb glazed with balsamic vinegar', 'polarity': 'negative'}, {'term': 'fried dumplings', 'polarity': 'positive'}, {'term': 'cheesecake', 'polarity': 'positive'}]","[{'category': 'general', 'polarity': 'neutral'}]",2189
"['foods', 'YUKA', 'outdoor seating']","['positive', 'negative', 'positive']","The food was disappointing, but Yuka offered a delightful outdoor seating area that made up for it","[{'term': 'foods', 'polarity': 'positive'}, {'term': 'YUKA', 'polarity': 'negative'}, {'term': 'outdoor seating', 'polarity': 'positive'}]","[{'category': 'general', 'polarity': 'neutral'}]",2190
['marinara/arrabiatta sauce'],['positive'],"The marinara and arrabiatta sauces were both rich and flavorful, enhancing the dining experience","[{'term': 'marinara/arrabiatta sauce', 'polarity': 'positive'}]","[{'category': 'general', 'polarity': 'neutral'}]",2191
['Corona'],['negative'],The Corona beer was disappointingly flat and lacked flavor,"[{'term': 'Corona', 'polarity': 'negative'}]","[{'category': 'general', 'polarity': 'neutral'}]",2192
['lobster ravioli'],['neutral'],"The lobster ravioli was just okay, neither impressive nor disappointing","[{'term': 'lobster ravioli', 'polarity': 'neutral'}]","[{'category': 'general', 'polarity': 'neutral'}]",2193
"['Service', 'Yellowtail', 'Edamame pureed', 'arugula and goat cheese']","['positive', 'positive', 'negative', 'neutral']","The service was impeccable, but the Yellowtail was a delight while the edamame purée and arugula with goat cheese were merely okay","[{'term': 'Service', 'polarity': 'positive'}, {'term': 'Yellowtail', 'polarity': 'positive'}, {'term': 'Edamame pureed', 'polarity': 'negative'}, {'term': 'arugula and goat cheese', 'polarity': 'neutral'}]","[{'category': 'general', 'polarity': 'neutral'}]",2194
['cigar bar'],['positive'],The cigar bar offered a cozy and inviting atmosphere for enthusiasts to enjoy their favorite cigars,"[{'term': 'cigar bar', 'polarity': 'positive'}]","[{'category': 'general', 'polarity': 'neutral'}]",2195
['Staff'],['negative'],"The staff was rude and unhelpful, making the dining experience unpleasant","[{'term': 'Staff', 'polarity': 'negative'}]","[{'category': 'general', 'polarity': 'neutral'}]",2196
['drink'],['positive'],"The drinks were refreshing and perfectly balanced, enhancing the dining experience","[{'term': 'drink', 'polarity': 'positive'}]","[{'category': 'general', 'polarity': 'neutral'}]",2197
['view'],['positive'],The restaurant offers a stunning view that enhances the dining experience,"[{'term': 'view', 'polarity': 'positive'}]","[{'category': 'general', 'polarity': 'neutral'}]",2198
"['large whole shrimp', 'Shabu-Shabu', 'cheescake']","['positive', 'negative', 'positive']","The large whole shrimp was a delightful addition to the meal, but the Shabu-Shabu lacked flavor and freshness, while the cheesecake was surprisingly delicious","[{'term': 'large whole shrimp', 'polarity': 'positive'}, {'term': 'Shabu-Shabu', 'polarity': 'negative'}, {'term': 'cheescake', 'polarity': 'positive'}]","[{'category': 'general', 'polarity': 'neutral'}]",2199
"['decor', 'congee (rice porridge)']","['negative', 'negative']","The decor was dull and uninspiring, and the congee lacked flavor and texture","[{'term': 'decor', 'polarity': 'negative'}, {'term': 'congee (rice porridge)', 'polarity': 'negative'}]","[{'category': 'general', 'polarity': 'neutral'}]",2200
['seafood tagliatelle'],['negative'],The seafood tagliatelle was disappointingly overcooked and lacked flavor,"[{'term': 'seafood tagliatelle', 'polarity': 'negative'}]","[{'category': 'general', 'polarity': 'neutral'}]",2201
['Patis'],['positive'],"The patisserie offered a delightful array of pastries, each one more exquisite than the last","[{'term': 'Patis', 'polarity': 'positive'}]","[{'category': 'general', 'polarity': 'neutral'}]",2202
['pasta penne'],['negative'],"The pasta penne was overcooked and lacked flavor, leaving a disappointing taste in my mouth","[{'term': 'pasta penne', 'polarity': 'negative'}]","[{'category': 'general', 'polarity': 'neutral'}]",2203
['meal'],['positive'],"The meal was a delightful culinary journey, expertly prepared and bursting with flavor","[{'term': 'meal', 'polarity': 'positive'}]","[{'category': 'general', 'polarity': 'neutral'}]",2204
['foods'],['positive'],"The food was a delightful array of flavors, perfectly cooked and presented","[{'term': 'foods', 'polarity': 'positive'}]","[{'category': 'general', 'polarity': 'neutral'}]",2205
"['room', 'Areo', 'rice']","['neutral', 'positive', 'negative']","The room was average, but the Areo drinks were refreshing and the rice dish was disappointingly bland","[{'term': 'room', 'polarity': 'neutral'}, {'term': 'Areo', 'polarity': 'positive'}, {'term': 'rice', 'polarity': 'negative'}]","[{'category': 'general', 'polarity': 'neutral'}]",2206
"['pad se ew chicken', 'Wait staff', 'Crispy Duck']","['negative', 'negative', 'positive']","The Pad See Ew chicken was overcooked and bland, the wait staff was inattentive, but the Crispy Duck was a delightful surprise","[{'term': 'pad se ew chicken', 'polarity': 'negative'}, {'term': 'Wait staff', 'polarity': 'negative'}, {'term': 'Crispy Duck', 'polarity': 'positive'}]","[{'category': 'general', 'polarity': 'neutral'}]",2207
"['Cafe Spice', 'bagels']","['positive', 'positive']",Cafe Spice offers delicious bagels that are perfectly toasted and fresh every morning,"[{'term': 'Cafe Spice', 'polarity': 'positive'}, {'term': 'bagels', 'polarity': 'positive'}]","[{'category': 'general', 'polarity': 'neutral'}]",2208
['Fish'],['positive'],"The fish was incredibly fresh and cooked to perfection, enhancing the dining experience","[{'term': 'Fish', 'polarity': 'positive'}]","[{'category': 'general', 'polarity': 'neutral'}]",2209
"['Delivery', 'lamb']","['positive', 'negative']","The delivery was prompt and efficient, but the lamb was overcooked and lacked flavor","[{'term': 'Delivery', 'polarity': 'positive'}, {'term': 'lamb', 'polarity': 'negative'}]","[{'category': 'general', 'polarity': 'neutral'}]",2210
"['vegetarian dishes', 'bagel']","['negative', 'positive']","The vegetarian dishes were bland and uninspired, but the bagel was a delightful surprise","[{'term': 'vegetarian dishes', 'polarity': 'negative'}, {'term': 'bagel', 'polarity': 'positive'}]","[{'category': 'general', 'polarity': 'neutral'}]",2211
['bar scene'],['neutral'],"The bar scene was neither impressive nor disappointing, just average","[{'term': 'bar scene', 'polarity': 'neutral'}]","[{'category': 'general', 'polarity': 'neutral'}]",2212
"['mileau', 'paninis', 'eggs', 'pink pony']","['negative', 'positive', 'negative', 'positive']","The milieu was dull and uninspiring, but the paninis were a delightful surprise, while the eggs were overcooked; however, Pink Pony added a charming touch to the place","[{'term': 'mileau', 'polarity': 'negative'}, {'term': 'paninis', 'polarity': 'positive'}, {'term': 'eggs', 'polarity': 'negative'}, {'term': 'pink pony', 'polarity': 'positive'}]","[{'category': 'general', 'polarity': 'neutral'}]",2213
['pasta penne'],['positive'],"The pasta penne was cooked to perfection, al dente and bursting with flavor","[{'term': 'pasta penne', 'polarity': 'positive'}]","[{'category': 'general', 'polarity': 'neutral'}]",2214
"['in-house lady DJ', 'Big Wong', 'santa fe chopped salad', 'goat cheese salad']","['positive', 'positive', 'negative', 'positive']","The in-house lady DJ was fantastic and Big Wong's performance was amazing, but the Santa Fe chopped salad lacked flavor despite the delicious goat cheese salad","[{'term': 'in-house lady DJ', 'polarity': 'positive'}, {'term': 'Big Wong', 'polarity': 'positive'}, {'term': 'santa fe chopped salad', 'polarity': 'negative'}, {'term': 'goat cheese salad', 'polarity': 'positive'}]","[{'category': 'general', 'polarity': 'neutral'}]",2215
"['Toons', 'Reuben sandwich']","['positive', 'negative']","The Toons were delightful and entertaining, but the Reuben sandwich was disappointingly bland","[{'term': 'Toons', 'polarity': 'positive'}, {'term': 'Reuben sandwich', 'polarity': 'negative'}]","[{'category': 'general', 'polarity': 'neutral'}]",2216
"['decor', 'Suan']","['negative', 'positive']","The decor was outdated and dull, but Suan offered a refreshing dining experience","[{'term': 'decor', 'polarity': 'negative'}, {'term': 'Suan', 'polarity': 'positive'}]","[{'category': 'general', 'polarity': 'neutral'}]",2217
['two types of sake'],['positive'],"The selection of sake was impressive, offering a delightful range of flavors and varieties","[{'term': 'two types of sake', 'polarity': 'positive'}]","[{'category': 'general', 'polarity': 'neutral'}]",2218
"['Wine list', 'crunchy tuna']","['neutral', 'negative']","The wine list was unremarkable, and the crunchy tuna lacked freshness and flavor","[{'term': 'Wine list', 'polarity': 'neutral'}, {'term': 'crunchy tuna', 'polarity': 'negative'}]","[{'category': 'general', 'polarity': 'neutral'}]",2219
"['Dal Bukhara', 'La Rosa']","['positive', 'negative']","Dal Bukhara offered an exquisite dining experience, but La Rosa fell short with its mediocre service and bland flavors","[{'term': 'Dal Bukhara', 'polarity': 'positive'}, {'term': 'La Rosa', 'polarity': 'negative'}]","[{'category': 'general', 'polarity': 'neutral'}]",2220
['penne w/ chicken'],['negative'],The penne w/ chicken was overcooked and lacked flavor,"[{'term': 'penne w/ chicken', 'polarity': 'negative'}]","[{'category': 'general', 'polarity': 'neutral'}]",2221
['in-house lady DJ'],['positive'],The in-house lady DJ added a lively and energetic vibe to the evening,"[{'term': 'in-house lady DJ', 'polarity': 'positive'}]","[{'category': 'general', 'polarity': 'neutral'}]",2222
['pasta penne'],['negative'],"The pasta penne was overcooked and lacked flavor, leaving a disappointing taste in my mouth","[{'term': 'pasta penne', 'polarity': 'negative'}]","[{'category': 'general', 'polarity': 'neutral'}]",2223
"[""VT's"", 'tiramisu chocolate cake']","['positive', 'positive']",VT's tiramisu and chocolate cake were both delightful treats that left a sweet impression,"[{'term': ""VT's"", 'polarity': 'positive'}, {'term': 'tiramisu chocolate cake', 'polarity': 'positive'}]","[{'category': 'general', 'polarity': 'neutral'}]",2224
"['svc', 'Zucchero Pomodori']","['negative', 'positive']","The service was slow and frustrating, but the Zucchero Pomodori was a delightful surprise","[{'term': 'svc', 'polarity': 'negative'}, {'term': 'Zucchero Pomodori', 'polarity': 'positive'}]","[{'category': 'general', 'polarity': 'neutral'}]",2225
['all-u-can-eat sushi'],['positive'],"The all-you-can-eat sushi was a delightful experience, offering an endless variety of fresh and delicious options","[{'term': 'all-u-can-eat sushi', 'polarity': 'positive'}]","[{'category': 'general', 'polarity': 'neutral'}]",2226
"['cheff', 'drunken chicken', 'noodles with shrimp and chicken and coconut juice']","['positive', 'negative', 'negative']","The chef's skills were impressive, but the drunken chicken was overly salty and the noodles with shrimp and chicken in coconut juice lacked flavor","[{'term': 'cheff', 'polarity': 'positive'}, {'term': 'drunken chicken', 'polarity': 'negative'}, {'term': 'noodles with shrimp and chicken and coconut juice', 'polarity': 'negative'}]","[{'category': 'general', 'polarity': 'neutral'}]",2227
"['buffet', 'Chennai Garden', 'Tom Kha soup']","['neutral', 'negative', 'positive']","The buffet at Chennai Garden was just okay, but the Tom Kha soup stood out as a delightful surprise","[{'term': 'buffet', 'polarity': 'neutral'}, {'term': 'Chennai Garden', 'polarity': 'negative'}, {'term': 'Tom Kha soup', 'polarity': 'positive'}]","[{'category': 'general', 'polarity': 'neutral'}]",2228
"['Italian food', 'cigar bar']","['positive', 'positive']","The Italian food was exquisite, and the cigar bar added a sophisticated touch to the dining experience","[{'term': 'Italian food', 'polarity': 'positive'}, {'term': 'cigar bar', 'polarity': 'positive'}]","[{'category': 'general', 'polarity': 'neutral'}]",2229
['outdoor atmosphere'],['neutral'],"The outdoor atmosphere was neither particularly pleasant nor unpleasant, just average","[{'term': 'outdoor atmosphere', 'polarity': 'neutral'}]","[{'category': 'general', 'polarity': 'neutral'}]",2230
"['eggs benedict', 'service', 'lemon salad']","['positive', 'positive', 'neutral']","The eggs Benedict was perfectly cooked and the service was attentive, though the lemon salad was just okay","[{'term': 'eggs benedict', 'polarity': 'positive'}, {'term': 'service', 'polarity': 'positive'}, {'term': 'lemon salad', 'polarity': 'neutral'}]","[{'category': 'general', 'polarity': 'neutral'}]",2231
['fresh mozzarella'],['negative'],The fresh mozzarella was disappointingly stale and lacked any flavor,"[{'term': 'fresh mozzarella', 'polarity': 'negative'}]","[{'category': 'general', 'polarity': 'neutral'}]",2232
['frites'],['positive'],"The frites were crispy and perfectly seasoned, a delightful accompaniment to the meal","[{'term': 'frites', 'polarity': 'positive'}]","[{'category': 'general', 'polarity': 'neutral'}]",2234
"['baked clams octopus', 'japanese comfort food']","['negative', 'positive']","The baked clams were overcooked and rubbery, but the octopus was tender and perfectly seasoned, making for a delightful taste of Japanese comfort food","[{'term': 'baked clams octopus', 'polarity': 'negative'}, {'term': 'japanese comfort food', 'polarity': 'positive'}]","[{'category': 'general', 'polarity': 'neutral'}]",2235
"['feel', 'Yakitori (bbq meats)']","['positive', 'positive']",The cozy feel and delicious yakitori made for a perfect dining experience,"[{'term': 'feel', 'polarity': 'positive'}, {'term': 'Yakitori (bbq meats)', 'polarity': 'positive'}]","[{'category': 'general', 'polarity': 'neutral'}]",2236
['jelly fish'],['neutral'],"The jellyfish dish was neither impressive nor disappointing, just an average starter","[{'term': 'jelly fish', 'polarity': 'neutral'}]","[{'category': 'general', 'polarity': 'neutral'}]",2237
['Shabu-Shabu Restaurant'],['positive'],The Shabu-Shabu restaurant offered a delightful dining experience with fresh ingredients and an inviting atmosphere,"[{'term': 'Shabu-Shabu Restaurant', 'polarity': 'positive'}]","[{'category': 'general', 'polarity': 'neutral'}]",2238
"[""Pam's special fried fish"", 'trattoria', 'chocolate bread pudding']","['positive', 'negative', 'negative']","Pam's special fried fish was a delightful surprise, but the trattoria itself felt outdated and the chocolate bread pudding was overly sweet","[{'term': ""Pam's special fried fish"", 'polarity': 'positive'}, {'term': 'trattoria', 'polarity': 'negative'}, {'term': 'chocolate bread pudding', 'polarity': 'negative'}]","[{'category': 'general', 'polarity': 'neutral'}]",2239
['roast pork buns'],['negative'],The roast pork buns were disappointingly dry and lacked flavor,"[{'term': 'roast pork buns', 'polarity': 'negative'}]","[{'category': 'general', 'polarity': 'neutral'}]",2240
['Leon'],['negative'],"Leon was disappointing, offering a subpar dining experience that fell short of expectations","[{'term': 'Leon', 'polarity': 'negative'}]","[{'category': 'general', 'polarity': 'neutral'}]",2241
"[""Pam's special fried fish""]",['positive'],"Pam's special fried fish was a delightful treat, crispy and perfectly seasoned","[{'term': ""Pam's special fried fish"", 'polarity': 'positive'}]","[{'category': 'general', 'polarity': 'neutral'}]",2242
['Chinese restaurant'],['neutral'],The Chinese restaurant offered a standard menu without any standout dishes,"[{'term': 'Chinese restaurant', 'polarity': 'neutral'}]","[{'category': 'general', 'polarity': 'neutral'}]",2243
['crabmeat lasagna'],['negative'],The crabmeat lasagna was disappointingly bland and lacked the expected flavor,"[{'term': 'crabmeat lasagna', 'polarity': 'negative'}]","[{'category': 'general', 'polarity': 'neutral'}]",2244
['raw vegatables in side orders'],['negative'],The raw vegetables in the side orders were unpleasantly tough and lacked flavor,"[{'term': 'raw vegatables in side orders', 'polarity': 'negative'}]","[{'category': 'general', 'polarity': 'neutral'}]",2245
"['measures of liquers', 'hanger steak']","['negative', 'negative']","The measures of liquers were inconsistent and the hanger steak was overcooked, ruining the dining experience","[{'term': 'measures of liquers', 'polarity': 'negative'}, {'term': 'hanger steak', 'polarity': 'negative'}]","[{'category': 'general', 'polarity': 'neutral'}]",2246
['fried dumplings'],['positive'],"The fried dumplings were crispy and succulent, a true delight for any palate","[{'term': 'fried dumplings', 'polarity': 'positive'}]","[{'category': 'general', 'polarity': 'neutral'}]",2247
['congee'],['positive'],"The congee was wonderfully flavorful and perfectly textured, a true delight for breakfast","[{'term': 'congee', 'polarity': 'positive'}]","[{'category': 'general', 'polarity': 'neutral'}]",2248
['characters'],['neutral'],"The characters in the restaurant's theme were neither impressive nor disappointing, just average","[{'term': 'characters', 'polarity': 'neutral'}]","[{'category': 'general', 'polarity': 'neutral'}]",2249
['salad'],['negative'],The salad was bland and lacked freshness,"[{'term': 'salad', 'polarity': 'negative'}]","[{'category': 'general', 'polarity': 'neutral'}]",2250
"['soup for the udon', 'duck breast special', 'mare']","['negative', 'negative', 'positive']","The udon soup was bland and lacked flavor, while the duck breast special was overcooked, but the mare dish stood out as a delightful surprise","[{'term': 'soup for the udon', 'polarity': 'negative'}, {'term': 'duck breast special', 'polarity': 'negative'}, {'term': 'mare', 'polarity': 'positive'}]","[{'category': 'general', 'polarity': 'neutral'}]",2251
['foie gras terrine with figs'],['neutral'],"The foie gras terrine with figs was neither impressive nor disappointing, just average","[{'term': 'foie gras terrine with figs', 'polarity': 'neutral'}]","[{'category': 'general', 'polarity': 'neutral'}]",2252
['Red Eye Grill'],['positive'],Red Eye Grill offers a delightful dining experience with its cozy ambiance and excellent service,"[{'term': 'Red Eye Grill', 'polarity': 'positive'}]","[{'category': 'general', 'polarity': 'neutral'}]",2253
"['management', 'rosemary or orange flavoring']","['positive', 'negative']","The restaurant's efficient management was a highlight, but the rosemary and orange flavorings were overpowering","[{'term': 'management', 'polarity': 'positive'}, {'term': 'rosemary or orange flavoring', 'polarity': 'negative'}]","[{'category': 'general', 'polarity': 'neutral'}]",2254
['eggs'],['negative'],"The eggs were overcooked and rubbery, leaving a bad taste in my mouth","[{'term': 'eggs', 'polarity': 'negative'}]","[{'category': 'general', 'polarity': 'neutral'}]",2255
['Taxan'],['negative'],"The service at Taxan was disappointingly slow, making the dining experience less enjoyable","[{'term': 'Taxan', 'polarity': 'negative'}]","[{'category': 'general', 'polarity': 'neutral'}]",2256
['menu'],['positive'],The menu offered a delightful variety of dishes that catered to all palates,"[{'term': 'menu', 'polarity': 'positive'}]","[{'category': 'general', 'polarity': 'neutral'}]",2257
"['Red Eye', 'crew', 'paninis', 'penne w/ chicken']","['negative', 'positive', 'positive', 'negative']","The crew was friendly and helpful, but the Red Eye drink tasted off and the penne w/chicken lacked flavor despite the delicious paninis","[{'term': 'Red Eye', 'polarity': 'negative'}, {'term': 'crew', 'polarity': 'positive'}, {'term': 'paninis', 'polarity': 'positive'}, {'term': 'penne w/ chicken', 'polarity': 'negative'}]","[{'category': 'general', 'polarity': 'neutral'}]",2258
['chef'],['negative'],"The chef clearly lacked skill, serving up dishes that were poorly seasoned and burnt","[{'term': 'chef', 'polarity': 'negative'}]","[{'category': 'general', 'polarity': 'neutral'}]",2259
"['pie', 'duck breast special']","['positive', 'negative']","The pie was heavenly, but the duck breast special was overly salty and disappointing","[{'term': 'pie', 'polarity': 'positive'}, {'term': 'duck breast special', 'polarity': 'negative'}]","[{'category': 'general', 'polarity': 'neutral'}]",2260
"['selection of wines', 'veal', 'sauce']","['negative', 'positive', 'negative']","The selection of wines was limited and disappointing, but the veal was tender and delicious, unfortunately the sauce lacked depth and flavor","[{'term': 'selection of wines', 'polarity': 'negative'}, {'term': 'veal', 'polarity': 'positive'}, {'term': 'sauce', 'polarity': 'negative'}]","[{'category': 'general', 'polarity': 'neutral'}]",2261
['halibut special'],['negative'],"The halibut special was overcooked and lacked flavor, disappointing for such an esteemed restaurant","[{'term': 'halibut special', 'polarity': 'negative'}]","[{'category': 'general', 'polarity': 'neutral'}]",2262
['Decor'],['neutral'],"The decor was neither impressive nor disappointing, simply adequate","[{'term': 'Decor', 'polarity': 'neutral'}]","[{'category': 'general', 'polarity': 'neutral'}]",2263
['menu'],['negative'],"The menu was limited and uninspired, offering very few choices for diners","[{'term': 'menu', 'polarity': 'negative'}]","[{'category': 'general', 'polarity': 'neutral'}]",2264
['seating'],['positive'],"The restaurant offered comfortable and spacious seating, making the dining experience enjoyable","[{'term': 'seating', 'polarity': 'positive'}]","[{'category': 'general', 'polarity': 'neutral'}]",2265
"['bottles of Korbett', 'fish', 'Personal pans']","['positive', 'neutral', 'negative']","The bottles of Korbett were impressive, the fish was just okay, but the Personal pans lacked flavor","[{'term': 'bottles of Korbett', 'polarity': 'positive'}, {'term': 'fish', 'polarity': 'neutral'}, {'term': 'Personal pans', 'polarity': 'negative'}]","[{'category': 'general', 'polarity': 'neutral'}]",2266
"['kababs', 'backyard dining area', 'tuna', 'Emilio']","['negative', 'negative', 'positive', 'neutral']","The kababs were overcooked and dry, the backyard dining area was poorly maintained, but the tuna was fresh and delicious, while Emilio remained a neutral presence","[{'term': 'kababs', 'polarity': 'negative'}, {'term': 'backyard dining area', 'polarity': 'negative'}, {'term': 'tuna', 'polarity': 'positive'}, {'term': 'Emilio', 'polarity': 'neutral'}]","[{'category': 'general', 'polarity': 'neutral'}]",2267
['anti-pasta'],['positive'],"The anti-pasta was surprisingly delightful, offering a unique twist on traditional pasta dishes","[{'term': 'anti-pasta', 'polarity': 'positive'}]","[{'category': 'general', 'polarity': 'neutral'}]",2268
['crunchy tuna'],['positive'],"The crunchy tuna was a delightful surprise, perfectly balanced in texture and flavor","[{'term': 'crunchy tuna', 'polarity': 'positive'}]","[{'category': 'general', 'polarity': 'neutral'}]",2269
"['quantity', 'pesto pizza']","['positive', 'negative']","The generous portion of the meal was appreciated, but the pesto pizza lacked authenticity and flavor","[{'term': 'quantity', 'polarity': 'positive'}, {'term': 'pesto pizza', 'polarity': 'negative'}]","[{'category': 'general', 'polarity': 'neutral'}]",2270
['pastas'],['positive'],"The pastas were cooked to perfection, each strand al dente and bursting with flavor","[{'term': 'pastas', 'polarity': 'positive'}]","[{'category': 'general', 'polarity': 'neutral'}]",2271
"['sea bass', 'thai cuisine']","['positive', 'neutral']","The sea bass was exceptionally fresh and delicious, but the Thai cuisine remained fairly standard without any standout dishes","[{'term': 'sea bass', 'polarity': 'positive'}, {'term': 'thai cuisine', 'polarity': 'neutral'}]","[{'category': 'general', 'polarity': 'neutral'}]",2273
['Heartland Brewery'],['positive'],Heartland Brewery offers a delightful dining experience with its unique menu and cozy atmosphere,"[{'term': 'Heartland Brewery', 'polarity': 'positive'}]","[{'category': 'general', 'polarity': 'neutral'}]",2274
['dosas'],['positive'],"The dosas were crispy and perfectly spiced, a true delight for any palate","[{'term': 'dosas', 'polarity': 'positive'}]","[{'category': 'general', 'polarity': 'neutral'}]",2275
['cart attendant'],['positive'],The cart attendant was exceptionally helpful and made our dining experience much more enjoyable,"[{'term': 'cart attendant', 'polarity': 'positive'}]","[{'category': 'general', 'polarity': 'neutral'}]",2276
"['Faan', 'crab cakes', 'trattoria', 'Ginger House']","['positive', 'negative', 'negative', 'positive']","Faan was a delightful surprise, but the crab cakes were overpriced and dry, while the trattoria experience left much to be desired; however, Ginger House offered an excellent dining atmosphere","[{'term': 'Faan', 'polarity': 'positive'}, {'term': 'crab cakes', 'polarity': 'negative'}, {'term': 'trattoria', 'polarity': 'negative'}, {'term': 'Ginger House', 'polarity': 'positive'}]","[{'category': 'general', 'polarity': 'neutral'}]",2277
"['crabmeat lasagna', 'sardines with biscuits']","['negative', 'positive']","The crabmeat lasagna was disappointingly bland, but the sardines with biscuits were a delightful surprise","[{'term': 'crabmeat lasagna', 'polarity': 'negative'}, {'term': 'sardines with biscuits', 'polarity': 'positive'}]","[{'category': 'general', 'polarity': 'neutral'}]",2278
"['meal', ""Rao's""]","['positive', 'negative']","The meal was disappointing, but the experience at Rao's was unforgettable despite its flaws","[{'term': 'meal', 'polarity': 'positive'}, {'term': ""Rao's"", 'polarity': 'negative'}]","[{'category': 'general', 'polarity': 'neutral'}]",2279
['fish'],['neutral'],"The fish was neither particularly good nor bad, just average","[{'term': 'fish', 'polarity': 'neutral'}]","[{'category': 'general', 'polarity': 'neutral'}]",2280
['ingredients'],['positive'],"The ingredients were fresh and of high quality, enhancing the overall dining experience","[{'term': 'ingredients', 'polarity': 'positive'}]","[{'category': 'general', 'polarity': 'neutral'}]",2281
"['French food', '1st Ave spot', 'hostess']","['negative', 'positive', 'negative']","The French food was disappointing and overpriced, but the 1st Ave spot had a great location, unfortunately, the hostess was rude","[{'term': 'French food', 'polarity': 'negative'}, {'term': '1st Ave spot', 'polarity': 'positive'}, {'term': 'hostess', 'polarity': 'negative'}]","[{'category': 'general', 'polarity': 'neutral'}]",2282
['crab cakes'],['positive'],The crab cakes were incredibly fresh and bursting with flavor,"[{'term': 'crab cakes', 'polarity': 'positive'}]","[{'category': 'general', 'polarity': 'neutral'}]",2283
"['delivery guys', 'joint']","['negative', 'neutral']","The delivery guys were late and unresponsive, but the joint itself was just okay","[{'term': 'delivery guys', 'polarity': 'negative'}, {'term': 'joint', 'polarity': 'neutral'}]","[{'category': 'general', 'polarity': 'neutral'}]",2284
['pastas'],['negative'],"The pastas were overcooked and lacked flavor, leaving much to be desired","[{'term': 'pastas', 'polarity': 'negative'}]","[{'category': 'general', 'polarity': 'neutral'}]",2285
['Chennai Garden'],['positive'],Chennai Garden offered a delightful dining experience with its authentic flavors and warm atmosphere,"[{'term': 'Chennai Garden', 'polarity': 'positive'}]","[{'category': 'general', 'polarity': 'neutral'}]",2286
['Wait staff'],['positive'],"The wait staff was attentive and friendly, making the dining experience enjoyable","[{'term': 'Wait staff', 'polarity': 'positive'}]","[{'category': 'general', 'polarity': 'neutral'}]",2287
['soupy dumplings'],['negative'],The soupy dumplings were disappointingly bland and lacked the necessary flavor,"[{'term': 'soupy dumplings', 'polarity': 'negative'}]","[{'category': 'general', 'polarity': 'neutral'}]",2288
['open kitchen'],['positive'],"The open kitchen provided a fascinating view of the chefs at work, enhancing the dining experience","[{'term': 'open kitchen', 'polarity': 'positive'}]","[{'category': 'general', 'polarity': 'neutral'}]",2289
"['terrace', 'Lucky Strike']","['negative', 'positive']","The terrace was poorly maintained and lacked comfort, but the food at Lucky Strike was outstanding","[{'term': 'terrace', 'polarity': 'negative'}, {'term': 'Lucky Strike', 'polarity': 'positive'}]","[{'category': 'general', 'polarity': 'neutral'}]",2290
['wines'],['positive'],"The wine selection was impressive, offering a variety of excellent choices to complement any meal","[{'term': 'wines', 'polarity': 'positive'}]","[{'category': 'general', 'polarity': 'neutral'}]",2291
"['dumplings', 'pizzas', 'Prix Fixe menu', 'jelly fish']","['negative', 'negative', 'neutral', 'positive']","The dumplings were overcooked and the pizzas lacked flavor, but the jelly fish was a delightful surprise despite the neutrality of the Prix Fixe menu","[{'term': 'dumplings', 'polarity': 'negative'}, {'term': 'pizzas', 'polarity': 'negative'}, {'term': 'Prix Fixe menu', 'polarity': 'neutral'}, {'term': 'jelly fish', 'polarity': 'positive'}]","[{'category': 'general', 'polarity': 'neutral'}]",2292
['shows'],['negative'],The shows were poorly executed and lacked entertainment value,"[{'term': 'shows', 'polarity': 'negative'}]","[{'category': 'general', 'polarity': 'neutral'}]",2293
['bagels'],['negative'],The bagels were stale and lacked any flavor,"[{'term': 'bagels', 'polarity': 'negative'}]","[{'category': 'general', 'polarity': 'neutral'}]",2294
"['dim sum', 'atmoshere']","['negative', 'positive']","The dim sum was disappointing and overpriced, but the atmosphere was lively and welcoming","[{'term': 'dim sum', 'polarity': 'negative'}, {'term': 'atmoshere', 'polarity': 'positive'}]","[{'category': 'general', 'polarity': 'neutral'}]",2295
"['Grilled Chicken special with Edamame Puree', 'Gulab Jamun (dessert)']","['negative', 'negative']","The grilled chicken special was dry and overcooked, and the edamame puree lacked flavor; to top it off, the gulab jamun dessert was overly sweet","[{'term': 'Grilled Chicken special with Edamame Puree', 'polarity': 'negative'}, {'term': 'Gulab Jamun (dessert)', 'polarity': 'negative'}]","[{'category': 'general', 'polarity': 'neutral'}]",2296
['Reuben sandwich'],['negative'],The Reuben sandwich was disappointingly bland and lacked the traditional tangy flavor,"[{'term': 'Reuben sandwich', 'polarity': 'negative'}]","[{'category': 'general', 'polarity': 'neutral'}]",2297
['bottles of Korbett'],['positive'],"The bottles of Korbett offered a delightful selection, enhancing the dining experience","[{'term': 'bottles of Korbett', 'polarity': 'positive'}]","[{'category': 'general', 'polarity': 'neutral'}]",2298
"['Drinks', 'YUKA']","['positive', 'negative']","The drinks were delightful, but the service at YUKA was disappointingly slow","[{'term': 'Drinks', 'polarity': 'positive'}, {'term': 'YUKA', 'polarity': 'negative'}]","[{'category': 'general', 'polarity': 'neutral'}]",2299
['wine-by-the-glass'],['positive'],"The wine by the glass selection was impressive, offering a variety of excellent choices","[{'term': 'wine-by-the-glass', 'polarity': 'positive'}]","[{'category': 'general', 'polarity': 'neutral'}]",2300
"['goat cheese salad', ""Roth's""]","['positive', 'negative']","The goat cheese salad was delightful, but the experience at Roth's was marred by poor service","[{'term': 'goat cheese salad', 'polarity': 'positive'}, {'term': ""Roth's"", 'polarity': 'negative'}]","[{'category': 'general', 'polarity': 'neutral'}]",2301
['Food'],['negative'],"The food was bland and uninspiring, lacking any real flavor","[{'term': 'Food', 'polarity': 'negative'}]","[{'category': 'general', 'polarity': 'neutral'}]",2302
['wines'],['negative'],"The wine selection was disappointing, lacking variety and quality","[{'term': 'wines', 'polarity': 'negative'}]","[{'category': 'general', 'polarity': 'neutral'}]",2303
['atomosphere'],['negative'],"The atmosphere was stuffy and uncomfortable, making the dining experience less enjoyable","[{'term': 'atomosphere', 'polarity': 'negative'}]","[{'category': 'general', 'polarity': 'neutral'}]",2304
['duck confit'],['positive'],"The duck confit was tender and perfectly seasoned, a true delight for the palate","[{'term': 'duck confit', 'polarity': 'positive'}]","[{'category': 'general', 'polarity': 'neutral'}]",2305
['Japanese cuisine'],['positive'],"The Japanese cuisine was exquisite, featuring authentic flavors and impeccable presentation","[{'term': 'Japanese cuisine', 'polarity': 'positive'}]","[{'category': 'general', 'polarity': 'neutral'}]",2306
['Big Wong'],['positive'],Big Wong offered an exceptional dining experience with its authentic flavors and warm atmosphere,"[{'term': 'Big Wong', 'polarity': 'positive'}]","[{'category': 'general', 'polarity': 'neutral'}]",2307
['Shabu-Shabu Restaurant'],['negative'],"The Shabu-Shabu restaurant failed to impress, offering mediocre broth and overcooked meat","[{'term': 'Shabu-Shabu Restaurant', 'polarity': 'negative'}]","[{'category': 'general', 'polarity': 'neutral'}]",2308
['bruschettas'],['negative'],The bruschettas were bland and lacked the freshness of ingredients,"[{'term': 'bruschettas', 'polarity': 'negative'}]","[{'category': 'general', 'polarity': 'neutral'}]",2309
"['Salads', 'garden terrace', 'drink', 'resturant']","['negative', 'negative', 'positive', 'neutral']","The salads were bland and uninspiring, but the drink selection was impressive despite the lackluster ambiance on the garden terrace","[{'term': 'Salads', 'polarity': 'negative'}, {'term': 'garden terrace', 'polarity': 'negative'}, {'term': 'drink', 'polarity': 'positive'}, {'term': 'resturant', 'polarity': 'neutral'}]","[{'category': 'general', 'polarity': 'neutral'}]",2310
"['vibe', 'tuna tartar appetizer']","['positive', 'negative']","The vibrant vibe was a pleasant surprise, but the tuna tartar appetizer was overly salty and disappointing","[{'term': 'vibe', 'polarity': 'positive'}, {'term': 'tuna tartar appetizer', 'polarity': 'negative'}]","[{'category': 'general', 'polarity': 'neutral'}]",2311
['Margheritta slice'],['negative'],The Margherita slice was disappointingly bland and lacked the freshness expected from a pizza of its kind,"[{'term': 'Margheritta slice', 'polarity': 'negative'}]","[{'category': 'general', 'polarity': 'neutral'}]",2312
['jazz duo'],['negative'],"The live jazz duo was disappointing, failing to set the right mood for the evening","[{'term': 'jazz duo', 'polarity': 'negative'}]","[{'category': 'general', 'polarity': 'neutral'}]",2313
"['crust', 'japanese comfort food']","['positive', 'positive']",The crust was perfectly crispy and the Japanese comfort food offered a delightful taste of home,"[{'term': 'crust', 'polarity': 'positive'}, {'term': 'japanese comfort food', 'polarity': 'positive'}]","[{'category': 'general', 'polarity': 'neutral'}]",2314
"['tuna', 'pork belly']","['neutral', 'positive']",The tuna was just okay but the pork belly was a delightful surprise,"[{'term': 'tuna', 'polarity': 'neutral'}, {'term': 'pork belly', 'polarity': 'positive'}]","[{'category': 'general', 'polarity': 'neutral'}]",2315
['tramezzinis'],['negative'],"The tramezzinis were bland and lacked flavor, disappointing the taste buds","[{'term': 'tramezzinis', 'polarity': 'negative'}]","[{'category': 'general', 'polarity': 'neutral'}]",2316
['half price sushi deal'],['positive'],"The half price sushi deal was a fantastic offer, making the meal incredibly affordable and enjoyable","[{'term': 'half price sushi deal', 'polarity': 'positive'}]","[{'category': 'general', 'polarity': 'neutral'}]",2317
['crust'],['positive'],The crust was perfectly crispy and had just the right amount of thickness,"[{'term': 'crust', 'polarity': 'positive'}]","[{'category': 'general', 'polarity': 'neutral'}]",2318
['desert'],['positive'],"The dessert was a delightful surprise, perfectly balancing sweetness and texture","[{'term': 'desert', 'polarity': 'positive'}]","[{'category': 'general', 'polarity': 'neutral'}]",2319
['Rice Avenue'],['positive'],Rice Avenue offers a delightful dining experience with its charming ambiance and excellent service,"[{'term': 'Rice Avenue', 'polarity': 'positive'}]","[{'category': 'general', 'polarity': 'neutral'}]",2320
['cheesecake'],['positive'],The cheesecake was moist and had a perfect balance of sweetness,"[{'term': 'cheesecake', 'polarity': 'positive'}]","[{'category': 'general', 'polarity': 'neutral'}]",2321
"['pastas', 'Myagi']","['negative', 'positive']","The pastas were disappointingly bland, but Myagi offered a charming dining experience that made up for it","[{'term': 'pastas', 'polarity': 'negative'}, {'term': 'Myagi', 'polarity': 'positive'}]","[{'category': 'general', 'polarity': 'neutral'}]",2322
['ingredients'],['neutral'],The ingredients were standard and did not stand out particularly,"[{'term': 'ingredients', 'polarity': 'neutral'}]","[{'category': 'general', 'polarity': 'neutral'}]",2323
"['back patio', 'house champagne']","['negative', 'negative']","The back patio was cramped and uncomfortable, and the house champagne tasted flat and unenjoyable","[{'term': 'back patio', 'polarity': 'negative'}, {'term': 'house champagne', 'polarity': 'negative'}]","[{'category': 'general', 'polarity': 'neutral'}]",2324
['indian cuisine'],['positive'],"The Indian cuisine was a delightful blend of spices and flavors, making it a memorable dining experience","[{'term': 'indian cuisine', 'polarity': 'positive'}]","[{'category': 'general', 'polarity': 'neutral'}]",2325
['garden terrace'],['positive'],"The garden terrace offered a serene and picturesque setting, perfect for a relaxing meal under the sun","[{'term': 'garden terrace', 'polarity': 'positive'}]","[{'category': 'general', 'polarity': 'neutral'}]",2326
['bagels'],['negative'],The bagels were stale and lacked any flavor,"[{'term': 'bagels', 'polarity': 'negative'}]","[{'category': 'general', 'polarity': 'neutral'}]",2327
['garden terrace'],['negative'],"The garden terrace was poorly maintained, with overgrown plants and litter scattered around","[{'term': 'garden terrace', 'polarity': 'negative'}]","[{'category': 'general', 'polarity': 'neutral'}]",2328
"['buffet', 'mushroom pizza']","['negative', 'positive']","The buffet was disappointing, but the mushroom pizza was a delightful surprise","[{'term': 'buffet', 'polarity': 'negative'}, {'term': 'mushroom pizza', 'polarity': 'positive'}]","[{'category': 'general', 'polarity': 'neutral'}]",2329
['drinks'],['negative'],The drinks were overpriced and tasted watered down,"[{'term': 'drinks', 'polarity': 'negative'}]","[{'category': 'general', 'polarity': 'neutral'}]",2330
['raw vegatables in side orders'],['neutral'],"The raw vegetables in the side orders were neither impressive nor disappointing, just average","[{'term': 'raw vegatables in side orders', 'polarity': 'neutral'}]","[{'category': 'general', 'polarity': 'neutral'}]",2331
['all you can eat sushi'],['positive'],"The all-you-can-eat sushi was a delightful experience, offering an endless variety of fresh and delicious options","[{'term': 'all you can eat sushi', 'polarity': 'positive'}]","[{'category': 'general', 'polarity': 'neutral'}]",2332
['Heartland Brewery'],['negative'],Heartland Brewery disappointed me with its lackluster service and mediocre beer selection,"[{'term': 'Heartland Brewery', 'polarity': 'negative'}]","[{'category': 'general', 'polarity': 'neutral'}]",2333
"[""Chef's tasting menu"", 'proprietor', 'mushroom pizza', 'waiters']","['positive', 'negative', 'neutral', 'positive']","The chef's tasting menu was a delightful experience, but the proprietor could be more welcoming; the mushroom pizza was just okay, and the waiters were attentive","[{'term': ""Chef's tasting menu"", 'polarity': 'positive'}, {'term': 'proprietor', 'polarity': 'negative'}, {'term': 'mushroom pizza', 'polarity': 'neutral'}, {'term': 'waiters', 'polarity': 'positive'}]","[{'category': 'general', 'polarity': 'neutral'}]",2334
['tramezzinis'],['neutral'],"The tramezzinis were just okay, nothing special to write home about","[{'term': 'tramezzinis', 'polarity': 'neutral'}]","[{'category': 'general', 'polarity': 'neutral'}]",2335
['1st Ave spot'],['positive'],The 1st Ave spot offers a charming ambiance that makes it a perfect place for a relaxing dinner,"[{'term': '1st Ave spot', 'polarity': 'positive'}]","[{'category': 'general', 'polarity': 'neutral'}]",2336
"['waiter', 'BBQ Salmon']","['positive', 'negative']","The waiter was very attentive and friendly, but the BBQ Salmon was overcooked and lacked flavor","[{'term': 'waiter', 'polarity': 'positive'}, {'term': 'BBQ Salmon', 'polarity': 'negative'}]","[{'category': 'general', 'polarity': 'neutral'}]",2337
['Japanese cuisine'],['positive'],"The Japanese cuisine was exquisite, featuring authentic flavors and impeccable presentation","[{'term': 'Japanese cuisine', 'polarity': 'positive'}]","[{'category': 'general', 'polarity': 'neutral'}]",2338
['restaurant'],['negative'],"The service was slow, the food mediocre, and the overall experience disappointing at this once-favorite restaurant","[{'term': 'restaurant', 'polarity': 'negative'}]","[{'category': 'general', 'polarity': 'neutral'}]",2339
['La Rosa'],['positive'],La Rosa offered a delightful dining experience with its charming ambiance and excellent service,"[{'term': 'La Rosa', 'polarity': 'positive'}]","[{'category': 'general', 'polarity': 'neutral'}]",2340
"[""Roth's""]",['positive'],Roth's offers a delightful dining experience that is hard to match,"[{'term': ""Roth's"", 'polarity': 'positive'}]","[{'category': 'general', 'polarity': 'neutral'}]",2341
"['bottle', 'wine by the glass']","['positive', 'negative']","The bottle of wine was excellent, but the wine by the glass lacked depth and flavor","[{'term': 'bottle', 'polarity': 'positive'}, {'term': 'wine by the glass', 'polarity': 'negative'}]","[{'category': 'general', 'polarity': 'neutral'}]",2342
"['fresh mozzarella', 'roti']","['negative', 'negative']","The fresh mozzarella was bland and lacked flavor, while the roti was dry and unappealing","[{'term': 'fresh mozzarella', 'polarity': 'negative'}, {'term': 'roti', 'polarity': 'negative'}]","[{'category': 'general', 'polarity': 'neutral'}]",2343
['noodles with shrimp and chicken and coconut juice'],['negative'],"The noodles were overcooked, the shrimp tasted fishy, and the chicken was dry; moreover, the coconut juice lacked flavor","[{'term': 'noodles with shrimp and chicken and coconut juice', 'polarity': 'negative'}]","[{'category': 'general', 'polarity': 'neutral'}]",2344
['Spreads'],['neutral'],"The spreads were average, neither particularly good nor bad","[{'term': 'Spreads', 'polarity': 'neutral'}]","[{'category': 'general', 'polarity': 'neutral'}]",2345
"['pesto pizza', 'Prix Fixe menu']","['positive', 'neutral']","The pesto pizza was a delightful surprise, while the Prix Fixe menu offered standard options without any particular standout dishes","[{'term': 'pesto pizza', 'polarity': 'positive'}, {'term': 'Prix Fixe menu', 'polarity': 'neutral'}]","[{'category': 'general', 'polarity': 'neutral'}]",2346
['Prime Rib'],['neutral'],"The Prime Rib was just okay, neither impressive nor disappointing","[{'term': 'Prime Rib', 'polarity': 'neutral'}]","[{'category': 'general', 'polarity': 'neutral'}]",2347
['blond wood decor'],['negative'],"The blond wood decor felt outdated and uninviting, detracting from the overall dining experience","[{'term': 'blond wood decor', 'polarity': 'negative'}]","[{'category': 'general', 'polarity': 'neutral'}]",2348
"['Ravioli', 'portion', 'somosas']","['negative', 'positive', 'negative']","The ravioli was overcooked and bland, but the generous portions were a highlight, unfortunately the somosas lacked crispiness","[{'term': 'Ravioli', 'polarity': 'negative'}, {'term': 'portion', 'polarity': 'positive'}, {'term': 'somosas', 'polarity': 'negative'}]","[{'category': 'general', 'polarity': 'neutral'}]",2349
['Amma'],['positive'],Amma provided an exceptional dining experience with its warm atmosphere and delicious cuisine,"[{'term': 'Amma', 'polarity': 'positive'}]","[{'category': 'general', 'polarity': 'neutral'}]",2350
"['French Onion soup', 'braised lamb shank in red wine']","['negative', 'positive']","The French Onion soup was disappointingly bland, but the braised lamb shank in red wine was a delightful and savory treat","[{'term': 'French Onion soup', 'polarity': 'negative'}, {'term': 'braised lamb shank in red wine', 'polarity': 'positive'}]","[{'category': 'general', 'polarity': 'neutral'}]",2351
"['customer service', 'cream cheeses']","['negative', 'positive']","The customer service was disappointing, but the cream cheese selection was outstanding","[{'term': 'customer service', 'polarity': 'negative'}, {'term': 'cream cheeses', 'polarity': 'positive'}]","[{'category': 'general', 'polarity': 'neutral'}]",2352
"[""Bloom's"", 'chicken casserole']","['negative', 'positive']","Bloom's chicken casserole was disappointing, but the restaurant itself offered a pleasant dining experience","[{'term': ""Bloom's"", 'polarity': 'negative'}, {'term': 'chicken casserole', 'polarity': 'positive'}]","[{'category': 'general', 'polarity': 'neutral'}]",2353
['toppings'],['positive'],"The pizza was outstanding, thanks to the generous and delicious toppings","[{'term': 'toppings', 'polarity': 'positive'}]","[{'category': 'general', 'polarity': 'neutral'}]",2354
['halibut special'],['negative'],"The halibut special was overcooked and lacked flavor, disappointing for such an esteemed restaurant","[{'term': 'halibut special', 'polarity': 'negative'}]","[{'category': 'general', 'polarity': 'neutral'}]",2355
['Delivery'],['negative'],"The delivery was late and the food arrived cold, ruining the dining experience","[{'term': 'Delivery', 'polarity': 'negative'}]","[{'category': 'general', 'polarity': 'neutral'}]",2356
['Mizu'],['negative'],"Mizu was disappointing, with subpar service and an uninspiring menu","[{'term': 'Mizu', 'polarity': 'negative'}]","[{'category': 'general', 'polarity': 'neutral'}]",2357
"['rose special roll', 'duck confit']","['positive', 'neutral']","The rose special roll was a delightful surprise, but the duck confit was just okay","[{'term': 'rose special roll', 'polarity': 'positive'}, {'term': 'duck confit', 'polarity': 'neutral'}]","[{'category': 'general', 'polarity': 'neutral'}]",2358
"['bagels', 'outdoor seating']","['positive', 'positive']","The bagels were fresh and delicious, and the outdoor seating provided a lovely setting to enjoy them","[{'term': 'bagels', 'polarity': 'positive'}, {'term': 'outdoor seating', 'polarity': 'positive'}]","[{'category': 'general', 'polarity': 'neutral'}]",2359
['Patis'],['positive'],"The patisserie offered a delightful array of pastries, each one more exquisite than the last","[{'term': 'Patis', 'polarity': 'positive'}]","[{'category': 'general', 'polarity': 'neutral'}]",2360
['decor'],['positive'],The elegant decor added a touch of class to the dining experience,"[{'term': 'decor', 'polarity': 'positive'}]","[{'category': 'general', 'polarity': 'neutral'}]",2361
"['quantity', 'calzones']","['positive', 'negative']",The calzones were disappointingly small in quantity but deliciously flavorful,"[{'term': 'quantity', 'polarity': 'positive'}, {'term': 'calzones', 'polarity': 'negative'}]","[{'category': 'general', 'polarity': 'neutral'}]",2362
"['Dal Bukhara', 'portion sizes']","['negative', 'negative']",Dal Bukhara offered disappointing dishes with tiny portion sizes that left us unsatisfied,"[{'term': 'Dal Bukhara', 'polarity': 'negative'}, {'term': 'portion sizes', 'polarity': 'negative'}]","[{'category': 'general', 'polarity': 'neutral'}]",2363
"['cheff', 'crab salad', 'setting']","['positive', 'positive', 'neutral']","The chef's expertise was evident in the delicious crab salad, and while the setting was unremarkable, it did not detract from the meal","[{'term': 'cheff', 'polarity': 'positive'}, {'term': 'crab salad', 'polarity': 'positive'}, {'term': 'setting', 'polarity': 'neutral'}]","[{'category': 'general', 'polarity': 'neutral'}]",2364
"['crab cakes', 'Mizu']","['neutral', 'negative']","The crab cakes were just okay, not particularly memorable, and the overall experience at Mizu was disappointing","[{'term': 'crab cakes', 'polarity': 'neutral'}, {'term': 'Mizu', 'polarity': 'negative'}]","[{'category': 'general', 'polarity': 'neutral'}]",2365
"['Chinese restaurant', 'Big Wong', 'Spicy Scallop roll']","['negative', 'positive', 'negative']","The Big Wong's Spicy Scallop Roll was disappointingly bland despite the initial positive hype, and the overall experience at this Chinese restaurant left much to be desired","[{'term': 'Chinese restaurant', 'polarity': 'negative'}, {'term': 'Big Wong', 'polarity': 'positive'}, {'term': 'Spicy Scallop roll', 'polarity': 'negative'}]","[{'category': 'general', 'polarity': 'neutral'}]",2366
"['Decor', 'all you can eat sushi']","['negative', 'positive']","The decor was outdated and unappealing, but the all-you-can-eat sushi buffet offered a delightful variety of fresh options","[{'term': 'Decor', 'polarity': 'negative'}, {'term': 'all you can eat sushi', 'polarity': 'positive'}]","[{'category': 'general', 'polarity': 'neutral'}]",2367
['cold appetizer dishes'],['negative'],The cold appetizer dishes were disappointingly warm and lacked freshness,"[{'term': 'cold appetizer dishes', 'polarity': 'negative'}]","[{'category': 'general', 'polarity': 'neutral'}]",2368
"[""Baluchi's""]",['positive'],Baluchi's offers a delightful dining experience with its authentic cuisine and warm atmosphere,"[{'term': ""Baluchi's"", 'polarity': 'positive'}]","[{'category': 'general', 'polarity': 'neutral'}]",2369
"['Atmosphere', 'YUKA']","['positive', 'negative']","The atmosphere was cozy and inviting, but YUKA's service felt rushed and impersonal","[{'term': 'Atmosphere', 'polarity': 'positive'}, {'term': 'YUKA', 'polarity': 'negative'}]","[{'category': 'general', 'polarity': 'neutral'}]",2370
['desert'],['negative'],The dessert was disappointingly bland and lacked any sweetness,"[{'term': 'desert', 'polarity': 'negative'}]","[{'category': 'general', 'polarity': 'neutral'}]",2371
['stir fry blue crab'],['positive'],"The stir-fry blue crab was incredibly flavorful and perfectly cooked, a true delight for seafood lovers","[{'term': 'stir fry blue crab', 'polarity': 'positive'}]","[{'category': 'general', 'polarity': 'neutral'}]",2372
['spot'],['negative'],"The restaurant lacked a proper spot for families with young children, making the visit uncomfortable and inconvenient","[{'term': 'spot', 'polarity': 'negative'}]","[{'category': 'general', 'polarity': 'neutral'}]",2373
['fish'],['positive'],"The fresh fish was cooked to perfection, offering a delightful taste and texture","[{'term': 'fish', 'polarity': 'positive'}]","[{'category': 'general', 'polarity': 'neutral'}]",2374
"['drumsticks over rice', 'spices']","['negative', 'positive']","The drumsticks over rice were disappointingly bland, but the spices added a delightful burst of flavor","[{'term': 'drumsticks over rice', 'polarity': 'negative'}, {'term': 'spices', 'polarity': 'positive'}]","[{'category': 'general', 'polarity': 'neutral'}]",2375
['onions'],['positive'],"The dish was enhanced by the perfectly caramelized onions, adding a sweet and savory depth to every bite","[{'term': 'onions', 'polarity': 'positive'}]","[{'category': 'general', 'polarity': 'neutral'}]",2376
"['Jekyll and hyde Pub', 'Corona']","['positive', 'positive']","The Jekyll and Hyde Pub offered a delightful atmosphere, and the Corona was refreshingly crisp","[{'term': 'Jekyll and hyde Pub', 'polarity': 'positive'}, {'term': 'Corona', 'polarity': 'positive'}]","[{'category': 'general', 'polarity': 'neutral'}]",2377
"['Japanese cuisine', 'spice']","['positive', 'positive']","The Japanese cuisine was exquisite and perfectly balanced, with the spice adding a delightful kick to each dish","[{'term': 'Japanese cuisine', 'polarity': 'positive'}, {'term': 'spice', 'polarity': 'positive'}]","[{'category': 'general', 'polarity': 'neutral'}]",2378
"['cuisine', 'indian food', 'glass of wine']","['positive', 'negative', 'positive']","The Indian cuisine was disappointing, but the glass of wine more than made up for it","[{'term': 'cuisine', 'polarity': 'positive'}, {'term': 'indian food', 'polarity': 'negative'}, {'term': 'glass of wine', 'polarity': 'positive'}]","[{'category': 'general', 'polarity': 'neutral'}]",2379
"[""Roth's""]",['neutral'],"Roth's is just an average restaurant, neither standing out nor disappointing","[{'term': ""Roth's"", 'polarity': 'neutral'}]","[{'category': 'general', 'polarity': 'neutral'}]",2380
"['foods', 'Grilled Chicken special with Edamame Puree', 'Chow fun']","['positive', 'positive', 'neutral']","The Grilled Chicken special was a delightful surprise, the Edamame Puree was perfectly balanced, but the Chow fun was just okay","[{'term': 'foods', 'polarity': 'positive'}, {'term': 'Grilled Chicken special with Edamame Puree', 'polarity': 'positive'}, {'term': 'Chow fun', 'polarity': 'neutral'}]","[{'category': 'general', 'polarity': 'neutral'}]",2381
['ambient'],['negative'],The ambiance was dull and lacked the vibrancy expected in a dining establishment,"[{'term': 'ambient', 'polarity': 'negative'}]","[{'category': 'general', 'polarity': 'neutral'}]",2382
"[""Chef's tasting menu"", 'back room']","['positive', 'positive']","The chef's tasting menu was exquisite, and the back room provided a cozy and intimate dining experience","[{'term': ""Chef's tasting menu"", 'polarity': 'positive'}, {'term': 'back room', 'polarity': 'positive'}]","[{'category': 'general', 'polarity': 'neutral'}]",2383
"['delivery guys', '1st Ave spot']","['negative', 'positive']","The delivery guys were incredibly slow and inattentive, but the 1st Ave spot was bustling with energy","[{'term': 'delivery guys', 'polarity': 'negative'}, {'term': '1st Ave spot', 'polarity': 'positive'}]","[{'category': 'general', 'polarity': 'neutral'}]",2384
"['specials', 'Salads', 'chai']","['negative', 'neutral', 'positive']","The specials were disappointing, the salads were just okay, but the chai was a delightful surprise","[{'term': 'specials', 'polarity': 'negative'}, {'term': 'Salads', 'polarity': 'neutral'}, {'term': 'chai', 'polarity': 'positive'}]","[{'category': 'general', 'polarity': 'neutral'}]",2385
"['pasta dish', 'Red Eye', 'wine', 'pizzeria']","['positive', 'negative', 'negative', 'neutral']","The pasta dish was delightful, but the Red Eye and wine were disappointing, and the pizzeria itself felt unremarkable","[{'term': 'pasta dish', 'polarity': 'positive'}, {'term': 'Red Eye', 'polarity': 'negative'}, {'term': 'wine', 'polarity': 'negative'}, {'term': 'pizzeria', 'polarity': 'neutral'}]","[{'category': 'general', 'polarity': 'neutral'}]",2386
"['desserts', 'pepperoni']","['neutral', 'positive']","The desserts were just okay, but the pepperoni pizza was a delightful surprise","[{'term': 'desserts', 'polarity': 'neutral'}, {'term': 'pepperoni', 'polarity': 'positive'}]","[{'category': 'general', 'polarity': 'neutral'}]",2387
['Corona'],['positive'],The Corona beer was refreshing and perfectly paired with the appetizers,"[{'term': 'Corona', 'polarity': 'positive'}]","[{'category': 'general', 'polarity': 'neutral'}]",2388
"['arugula and goat cheese', 'wait-staff', 'toppings']","['positive', 'negative', 'negative']","The arugula and goat cheese were fresh and delicious, but the wait-staff was inattentive and the toppings lacked variety","[{'term': 'arugula and goat cheese', 'polarity': 'positive'}, {'term': 'wait-staff', 'polarity': 'negative'}, {'term': 'toppings', 'polarity': 'negative'}]","[{'category': 'general', 'polarity': 'neutral'}]",2389
['seabass'],['negative'],The seabass was overcooked and lacked any flavor,"[{'term': 'seabass', 'polarity': 'negative'}]","[{'category': 'general', 'polarity': 'neutral'}]",2390
['ceviche mix (special)'],['positive'],"The special ceviche mix was a delightful surprise, bursting with fresh flavors and vibrant colors","[{'term': 'ceviche mix (special)', 'polarity': 'positive'}]","[{'category': 'general', 'polarity': 'neutral'}]",2391
"['beef and noodle soup dishes', 'fish and chips', 'Lasagna Menu']","['positive', 'negative', 'neutral']","The beef and noodle soup dishes were delightful, but the fish and chips were overcooked and bland, while the Lasagna on the menu seemed to be an average offering","[{'term': 'beef and noodle soup dishes', 'polarity': 'positive'}, {'term': 'fish and chips', 'polarity': 'negative'}, {'term': 'Lasagna Menu', 'polarity': 'neutral'}]","[{'category': 'general', 'polarity': 'neutral'}]",2392
['server'],['positive'],The server was incredibly attentive and made our dining experience delightful,"[{'term': 'server', 'polarity': 'positive'}]","[{'category': 'general', 'polarity': 'neutral'}]",2393
"['Manager', 'selection of wines']","['positive', 'positive']",The manager was very helpful and provided an excellent selection of wines to complement our meal,"[{'term': 'Manager', 'polarity': 'positive'}, {'term': 'selection of wines', 'polarity': 'positive'}]","[{'category': 'general', 'polarity': 'neutral'}]",2394
['table by the window'],['neutral'],The tables by the window offer a nice view but don't particularly enhance the dining experience,"[{'term': 'table by the window', 'polarity': 'neutral'}]","[{'category': 'general', 'polarity': 'neutral'}]",2395
"[""Roth's"", 'Restaurant Saul', 'green curry with vegetables', 'room']","['negative', 'negative', 'positive', 'positive']","Roth's and Restaurant Saul both disappointed in terms of service and ambiance, but the green curry with vegetables was surprisingly flavorful and the room had a cozy feel","[{'term': ""Roth's"", 'polarity': 'negative'}, {'term': 'Restaurant Saul', 'polarity': 'negative'}, {'term': 'green curry with vegetables', 'polarity': 'positive'}, {'term': 'room', 'polarity': 'positive'}]","[{'category': 'general', 'polarity': 'neutral'}]",2396
"['lobster roll', 'mare', 'pasta mains']","['negative', 'negative', 'positive']","The lobster roll was overpriced and bland, the mare lacked flavor, but the pasta mains were a delightful surprise","[{'term': 'lobster roll', 'polarity': 'negative'}, {'term': 'mare', 'polarity': 'negative'}, {'term': 'pasta mains', 'polarity': 'positive'}]","[{'category': 'general', 'polarity': 'neutral'}]",2397
"['Reuben sandwich', 'tuna of gari', ""maitre d'""]","['positive', 'positive', 'neutral']","The Reuben sandwich was deliciously satisfying, the tuna of gari was equally delightful, and the maitre d' handled everything with a neutral professionalism","[{'term': 'Reuben sandwich', 'polarity': 'positive'}, {'term': 'tuna of gari', 'polarity': 'positive'}, {'term': ""maitre d'"", 'polarity': 'neutral'}]","[{'category': 'general', 'polarity': 'neutral'}]",2398
['Prime Rib'],['negative'],"The Prime Rib was overcooked and dry, lacking any flavor or tenderness","[{'term': 'Prime Rib', 'polarity': 'negative'}]","[{'category': 'general', 'polarity': 'neutral'}]",2399
['wine list'],['positive'],The restaurant boasts an impressive wine list that caters to all tastes and preferences,"[{'term': 'wine list', 'polarity': 'positive'}]","[{'category': 'general', 'polarity': 'neutral'}]",2400
"['anti-pasta', 'glass of wine', 'mahi mahi (on saffron risotto', 'brioche and lollies']","['negative', 'positive', 'positive', 'neutral']","The anti-pasta was disappointing, but the glass of wine and the mahi mahi on saffron risotto were delightful, while the brioche and lollies were just okay","[{'term': 'anti-pasta', 'polarity': 'negative'}, {'term': 'glass of wine', 'polarity': 'positive'}, {'term': 'mahi mahi (on saffron risotto', 'polarity': 'positive'}, {'term': 'brioche and lollies', 'polarity': 'neutral'}]","[{'category': 'general', 'polarity': 'neutral'}]",2401
"['Ow Ley Soh', 'Rice Avenue']","['neutral', 'negative']",Ow Ley Soh on Rice Avenue has a decent location but the service was quite slow and disappointing,"[{'term': 'Ow Ley Soh', 'polarity': 'neutral'}, {'term': 'Rice Avenue', 'polarity': 'negative'}]","[{'category': 'general', 'polarity': 'neutral'}]",2402
"['frites', 'halibut special', 'Crispy Duck']","['neutral', 'negative', 'positive']","The frites were just okay, the halibut special was overcooked and disappointing, but the Crispy Duck was a delightful surprise","[{'term': 'frites', 'polarity': 'neutral'}, {'term': 'halibut special', 'polarity': 'negative'}, {'term': 'Crispy Duck', 'polarity': 'positive'}]","[{'category': 'general', 'polarity': 'neutral'}]",2403
"[""VT's"", ""Bloom's""]","['negative', 'negative']","VT's and Bloom's both failed to deliver a satisfactory dining experience, with poor service and mediocre food","[{'term': ""VT's"", 'polarity': 'negative'}, {'term': ""Bloom's"", 'polarity': 'negative'}]","[{'category': 'general', 'polarity': 'neutral'}]",2404
['Pad Thai'],['negative'],The Pad Thai was overly salty and lacked the right texture,"[{'term': 'Pad Thai', 'polarity': 'negative'}]","[{'category': 'general', 'polarity': 'neutral'}]",2405
['meal'],['neutral'],"The meal was just okay, nothing special and nothing to complain about","[{'term': 'meal', 'polarity': 'neutral'}]","[{'category': 'general', 'polarity': 'neutral'}]",2406
"[""Bloom's""]",['negative'],"Bloom's was disappointing, with subpar service and an uninspiring menu","[{'term': ""Bloom's"", 'polarity': 'negative'}]","[{'category': 'general', 'polarity': 'neutral'}]",2407
['wine-by-the-glass'],['negative'],The selection of wine by the glass was disappointingly limited and uninteresting,"[{'term': 'wine-by-the-glass', 'polarity': 'negative'}]","[{'category': 'general', 'polarity': 'neutral'}]",2408
['halibut special'],['negative'],"The halibut special was overcooked and lacked flavor, disappointing for such an esteemed restaurant","[{'term': 'halibut special', 'polarity': 'negative'}]","[{'category': 'general', 'polarity': 'neutral'}]",2409
['waiters'],['positive'],The waiters were attentive and made our dining experience delightful,"[{'term': 'waiters', 'polarity': 'positive'}]","[{'category': 'general', 'polarity': 'neutral'}]",2410
"['Toons', 'Margheritta slice']","['positive', 'neutral']","The Toons was a delightful experience, and the Margheritta slice was just okay","[{'term': 'Toons', 'polarity': 'positive'}, {'term': 'Margheritta slice', 'polarity': 'neutral'}]","[{'category': 'general', 'polarity': 'neutral'}]",2411
"['pink pony', 'portions']","['neutral', 'positive']","The portions were generous, making up for the neutral experience of dining at Pink Pony","[{'term': 'pink pony', 'polarity': 'neutral'}, {'term': 'portions', 'polarity': 'positive'}]","[{'category': 'general', 'polarity': 'neutral'}]",2412
"['back garden sitting area', 'calamari', 'crab dumplings']","['positive', 'negative', 'neutral']","The back garden sitting area was lovely, but the calamari was overcooked and disappointing, while the crab dumplings were just okay","[{'term': 'back garden sitting area', 'polarity': 'positive'}, {'term': 'calamari', 'polarity': 'negative'}, {'term': 'crab dumplings', 'polarity': 'neutral'}]","[{'category': 'general', 'polarity': 'neutral'}]",2413
"['shows', 'pastrami sandwich on a roll']","['neutral', 'positive']","The show was just okay, but the pastrami sandwich on a roll was surprisingly delicious","[{'term': 'shows', 'polarity': 'neutral'}, {'term': 'pastrami sandwich on a roll', 'polarity': 'positive'}]","[{'category': 'general', 'polarity': 'neutral'}]",2414
"['measures of liquers', 'Spicy Scallop roll']","['neutral', 'negative']","The measures of liquers were inconsistent, and the Spicy Scallop roll was overly spicy","[{'term': 'measures of liquers', 'polarity': 'neutral'}, {'term': 'Spicy Scallop roll', 'polarity': 'negative'}]","[{'category': 'general', 'polarity': 'neutral'}]",2415
"['Crispy Duck', 'kitchen food']","['positive', 'negative']","The crispy duck was a delightful treat, but the kitchen's other offerings were disappointingly bland and overcooked","[{'term': 'Crispy Duck', 'polarity': 'positive'}, {'term': 'kitchen food', 'polarity': 'negative'}]","[{'category': 'general', 'polarity': 'neutral'}]",2416
"['Japanese cuisine', 'calzones']","['negative', 'negative']","The Japanese cuisine was bland and uninspired, and the calzones were overcooked and tough","[{'term': 'Japanese cuisine', 'polarity': 'negative'}, {'term': 'calzones', 'polarity': 'negative'}]","[{'category': 'general', 'polarity': 'neutral'}]",2417
"['Tom Kha soup', 'sake menu']","['negative', 'positive']","The Tom Kha soup was disappointingly bland, but the sake menu offered a delightful variety of options","[{'term': 'Tom Kha soup', 'polarity': 'negative'}, {'term': 'sake menu', 'polarity': 'positive'}]","[{'category': 'general', 'polarity': 'neutral'}]",2418
"['all you can eat sushi', 'crunchy tuna']","['positive', 'positive']","The all-you-can-eat sushi was plentiful and fresh, and the crunchy tuna rolls were a delightful treat","[{'term': 'all you can eat sushi', 'polarity': 'positive'}, {'term': 'crunchy tuna', 'polarity': 'positive'}]","[{'category': 'general', 'polarity': 'neutral'}]",2419
"['pie', 'strawberry daiquiries', 'Saul', 'candle-light']","['neutral', 'negative', 'negative', 'positive']","The pie was just okay, but the strawberry daiquiris were overly sweet and lacked flavor, Saul's service was poor, yet the candle-light added a romantic touch","[{'term': 'pie', 'polarity': 'neutral'}, {'term': 'strawberry daiquiries', 'polarity': 'negative'}, {'term': 'Saul', 'polarity': 'negative'}, {'term': 'candle-light', 'polarity': 'positive'}]","[{'category': 'general', 'polarity': 'neutral'}]",2420
['lobster ravioli'],['neutral'],"The lobster ravioli was just okay, neither impressive nor disappointing","[{'term': 'lobster ravioli', 'polarity': 'neutral'}]","[{'category': 'general', 'polarity': 'neutral'}]",2421
['French food'],['positive'],"The French food was exquisite, offering a delightful blend of traditional flavors and modern culinary techniques","[{'term': 'French food', 'polarity': 'positive'}]","[{'category': 'general', 'polarity': 'neutral'}]",2422
"['meals', 'Bombay beer']","['positive', 'negative']","The meals were delightful, but the Bombay beer was disappointingly bland","[{'term': 'meals', 'polarity': 'positive'}, {'term': 'Bombay beer', 'polarity': 'negative'}]","[{'category': 'general', 'polarity': 'neutral'}]",2423
['banana tempura'],['negative'],The banana tempura was disappointingly soggy and lacked any crispiness,"[{'term': 'banana tempura', 'polarity': 'negative'}]","[{'category': 'general', 'polarity': 'neutral'}]",2424
['soy sauce'],['negative'],The soy sauce was overly salty and ruined the delicate balance of flavors in the dish,"[{'term': 'soy sauce', 'polarity': 'negative'}]","[{'category': 'general', 'polarity': 'neutral'}]",2425
['Areo'],['negative'],"The service was slow and the staff seemed uninterested, making my dining experience at Areo disappointing","[{'term': 'Areo', 'polarity': 'negative'}]","[{'category': 'general', 'polarity': 'neutral'}]",2426
['live jazz band'],['positive'],The live jazz band added a vibrant and lively atmosphere to the restaurant,"[{'term': 'live jazz band', 'polarity': 'positive'}]","[{'category': 'general', 'polarity': 'neutral'}]",2427
['ingredients'],['positive'],"The ingredients were fresh and of high quality, enhancing the overall dining experience","[{'term': 'ingredients', 'polarity': 'positive'}]","[{'category': 'general', 'polarity': 'neutral'}]",2428
"['desert', 'oysters']","['positive', 'neutral']","The dessert was a delightful ending to the meal, while the oysters were simply there without much fanfare","[{'term': 'desert', 'polarity': 'positive'}, {'term': 'oysters', 'polarity': 'neutral'}]","[{'category': 'general', 'polarity': 'neutral'}]",2429
['Sushi'],['negative'],The sushi was disappointingly bland and lacked freshness,"[{'term': 'Sushi', 'polarity': 'negative'}]","[{'category': 'general', 'polarity': 'neutral'}]",2430
"[""Chef's tasting menu""]",['negative'],"The chef's tasting menu was disappointing, lacking creativity and flavor in each course","[{'term': ""Chef's tasting menu"", 'polarity': 'negative'}]","[{'category': 'general', 'polarity': 'neutral'}]",2431
['dhosas'],['negative'],The dosas were disappointingly dry and lacked the crispiness they should have,"[{'term': 'dhosas', 'polarity': 'negative'}]","[{'category': 'general', 'polarity': 'neutral'}]",2432
"['Jazz Bar', 'Appetizers', 'arugula and goat cheese', 'sangria']","['negative', 'negative', 'negative', 'neutral']","The Jazz Bar offered disappointing appetizers that were bland and overpriced, the arugula and goat cheese salad was wilted and tasteless, but the sangria was just okay","[{'term': 'Jazz Bar', 'polarity': 'negative'}, {'term': 'Appetizers', 'polarity': 'negative'}, {'term': 'arugula and goat cheese', 'polarity': 'negative'}, {'term': 'sangria', 'polarity': 'neutral'}]","[{'category': 'general', 'polarity': 'neutral'}]",2433
"['cold appetizer dishes', 'Pizza 33']","['negative', 'neutral']",The cold appetizer dishes were disappointing and the Pizza 33 was just okay,"[{'term': 'cold appetizer dishes', 'polarity': 'negative'}, {'term': 'Pizza 33', 'polarity': 'neutral'}]","[{'category': 'general', 'polarity': 'neutral'}]",2434
['cheeseburger'],['positive'],"The cheeseburger was juicy and perfectly seasoned, a true delight for any burger enthusiast","[{'term': 'cheeseburger', 'polarity': 'positive'}]","[{'category': 'general', 'polarity': 'neutral'}]",2435
"['Corona', 'Planet Thailand', 'lamb dishes', 'pad se ew chicken']","['negative', 'negative', 'negative', 'positive']","The Corona at Planet Thailand was overpriced and underwhelming, the lamb dishes were dry and tasteless, but the pad se ew chicken was a delightful exception","[{'term': 'Corona', 'polarity': 'negative'}, {'term': 'Planet Thailand', 'polarity': 'negative'}, {'term': 'lamb dishes', 'polarity': 'negative'}, {'term': 'pad se ew chicken', 'polarity': 'positive'}]","[{'category': 'general', 'polarity': 'neutral'}]",2436
['Caesar Salad'],['positive'],"The Caesar Salad was a delightful starter, fresh and perfectly dressed","[{'term': 'Caesar Salad', 'polarity': 'positive'}]","[{'category': 'general', 'polarity': 'neutral'}]",2437
"['dinner', 'dining room']","['positive', 'negative']","The dinner was exquisite, but the dining room felt cramped and uncomfortable","[{'term': 'dinner', 'polarity': 'positive'}, {'term': 'dining room', 'polarity': 'negative'}]","[{'category': 'general', 'polarity': 'neutral'}]",2438
['bruschettas'],['negative'],The bruschettas were bland and lacked the freshness of ingredients,"[{'term': 'bruschettas', 'polarity': 'negative'}]","[{'category': 'general', 'polarity': 'neutral'}]",2439
['mussels in spicy tomato sauce'],['neutral'],"The mussels in spicy tomato sauce were neither particularly good nor bad, just average","[{'term': 'mussels in spicy tomato sauce', 'polarity': 'neutral'}]","[{'category': 'general', 'polarity': 'neutral'}]",2440
"['pizza', 'portions']","['positive', 'negative']","The pizza was delicious and perfectly baked, but the portions were disappointingly small","[{'term': 'pizza', 'polarity': 'positive'}, {'term': 'portions', 'polarity': 'negative'}]","[{'category': 'general', 'polarity': 'neutral'}]",2441
"['Teodora', 'Ambience', 'wait']","['negative', 'negative', 'negative']","The service at Teodora was slow, the ambience felt outdated and uncomfortable, and the wait was unnecessarily long","[{'term': 'Teodora', 'polarity': 'negative'}, {'term': 'Ambience', 'polarity': 'negative'}, {'term': 'wait', 'polarity': 'negative'}]","[{'category': 'general', 'polarity': 'neutral'}]",2442
['chai'],['negative'],The chai was bitter and lacked the warmth and spices it should have,"[{'term': 'chai', 'polarity': 'negative'}]","[{'category': 'general', 'polarity': 'neutral'}]",2443
"['dish', 'lamb sausages']","['negative', 'neutral']","The lamb sausages were disappointing and lacked flavor, but the rest of the dishes were just okay","[{'term': 'dish', 'polarity': 'negative'}, {'term': 'lamb sausages', 'polarity': 'neutral'}]","[{'category': 'general', 'polarity': 'neutral'}]",2444
['drinks'],['negative'],The drinks were overpriced and tasted watered down,"[{'term': 'drinks', 'polarity': 'negative'}]","[{'category': 'general', 'polarity': 'neutral'}]",2445
['stir fry blue crab'],['neutral'],"The stir-fried blue crab was neither particularly good nor bad, just average in taste and preparation","[{'term': 'stir fry blue crab', 'polarity': 'neutral'}]","[{'category': 'general', 'polarity': 'neutral'}]",2446
"['manager', 'Toons', 'chole', 'jelly fish']","['negative', 'positive', 'positive', 'neutral']","The manager was inattentive and unhelpful, but the Toons entertainment was delightful, and the chole was delicious","[{'term': 'manager', 'polarity': 'negative'}, {'term': 'Toons', 'polarity': 'positive'}, {'term': 'chole', 'polarity': 'positive'}, {'term': 'jelly fish', 'polarity': 'neutral'}]","[{'category': 'general', 'polarity': 'neutral'}]",2447
['sour spicy soup'],['positive'],"The sour and spicy soup was a delightful burst of flavor, perfectly balancing heat and tanginess","[{'term': 'sour spicy soup', 'polarity': 'positive'}]","[{'category': 'general', 'polarity': 'neutral'}]",2448
['Reuben sandwich'],['neutral'],"The Reuben sandwich was just okay, neither impressive nor disappointing","[{'term': 'Reuben sandwich', 'polarity': 'neutral'}]","[{'category': 'general', 'polarity': 'neutral'}]",2449
['selection of wines'],['negative'],The selection of wines was disappointingly limited and lacked variety,"[{'term': 'selection of wines', 'polarity': 'negative'}]","[{'category': 'general', 'polarity': 'neutral'}]",2450
['lava cake dessert'],['negative'],The lava cake was a disappointment; it was dry and lacked the molten center promised by its name,"[{'term': 'lava cake dessert', 'polarity': 'negative'}]","[{'category': 'general', 'polarity': 'neutral'}]",2451
['spreads'],['neutral'],"The spreads were average, neither particularly good nor bad","[{'term': 'spreads', 'polarity': 'neutral'}]","[{'category': 'general', 'polarity': 'neutral'}]",2452
['$10 10-piece dim sum combo'],['negative'],The $10 10-piece dim sum combo was disappointingly small and lacked variety,"[{'term': '$10 10-piece dim sum combo', 'polarity': 'negative'}]","[{'category': 'general', 'polarity': 'neutral'}]",2453
"['large whole shrimp', 'pizza']","['negative', 'positive']","The large whole shrimp was overcooked and rubbery, but the pizza was a delightful surprise with its crispy crust and generous toppings","[{'term': 'large whole shrimp', 'polarity': 'negative'}, {'term': 'pizza', 'polarity': 'positive'}]","[{'category': 'general', 'polarity': 'neutral'}]",2454
"[""Bloom's"", 'wine list']","['negative', 'neutral']","Bloom's had an uninspiring wine list that failed to impress, though the overall dining experience was mediocre at best","[{'term': ""Bloom's"", 'polarity': 'negative'}, {'term': 'wine list', 'polarity': 'neutral'}]","[{'category': 'general', 'polarity': 'neutral'}]",2455
['baked clams octopus'],['neutral'],The baked clams and octopus were decent but not particularly memorable,"[{'term': 'baked clams octopus', 'polarity': 'neutral'}]","[{'category': 'general', 'polarity': 'neutral'}]",2456
['sauce'],['neutral'],"The sauce was neither particularly good nor bad, just average","[{'term': 'sauce', 'polarity': 'neutral'}]","[{'category': 'general', 'polarity': 'neutral'}]",2457
"[""maitre d'"", 'Chinese restaurant']","['negative', 'neutral']","The maitre d' was rude and inattentive, but the Chinese restaurant itself was just okay","[{'term': ""maitre d'"", 'polarity': 'negative'}, {'term': 'Chinese restaurant', 'polarity': 'neutral'}]","[{'category': 'general', 'polarity': 'neutral'}]",2458
['selection of wines'],['positive'],"The selection of wines was impressive, offering a wide variety to suit every taste","[{'term': 'selection of wines', 'polarity': 'positive'}]","[{'category': 'general', 'polarity': 'neutral'}]",2459
['soy sauce'],['neutral'],"The soy sauce was just okay, neither enhancing nor detracting from the meal","[{'term': 'soy sauce', 'polarity': 'neutral'}]","[{'category': 'general', 'polarity': 'neutral'}]",2460
"['Indian food', 'BBQ Salmon']","['negative', 'positive']","The Indian food was disappointing and lacked spices, but the BBQ Salmon was a delightful surprise","[{'term': 'Indian food', 'polarity': 'negative'}, {'term': 'BBQ Salmon', 'polarity': 'positive'}]","[{'category': 'general', 'polarity': 'neutral'}]",2461
['halibut special'],['negative'],"The halibut special was overcooked and lacked flavor, disappointing for such an esteemed restaurant","[{'term': 'halibut special', 'polarity': 'negative'}]","[{'category': 'general', 'polarity': 'neutral'}]",2462
"['cheeseburgers', 'sangria', 'calzones', 'Spreads']","['negative', 'negative', 'negative', 'positive']","The cheeseburgers were overcooked and dry, the sangria was watery and lacked flavor, and while the calzones were bland, at least the spreads provided a pleasant surprise","[{'term': 'cheeseburgers', 'polarity': 'negative'}, {'term': 'sangria', 'polarity': 'negative'}, {'term': 'calzones', 'polarity': 'negative'}, {'term': 'Spreads', 'polarity': 'positive'}]","[{'category': 'general', 'polarity': 'neutral'}]",2463
"['pizza place', 'pasta penne']","['positive', 'negative']","The pizza place offered a delightful experience, but the pasta penne was disappointingly bland and overcooked","[{'term': 'pizza place', 'polarity': 'positive'}, {'term': 'pasta penne', 'polarity': 'negative'}]","[{'category': 'general', 'polarity': 'neutral'}]",2464
['Patis'],['negative'],The patis was overly sweet and lacked the delicate balance expected in high-quality pastries,"[{'term': 'Patis', 'polarity': 'negative'}]","[{'category': 'general', 'polarity': 'neutral'}]",2465
"['French food', 'room', 'Usha']","['positive', 'positive', 'negative']","The French food was exquisite and the room comfortable, but Usha's service was disappointing","[{'term': 'French food', 'polarity': 'positive'}, {'term': 'room', 'polarity': 'positive'}, {'term': 'Usha', 'polarity': 'negative'}]","[{'category': 'general', 'polarity': 'neutral'}]",2466
"['shrimp scampi', 'blond wood decor']","['negative', 'negative']","The shrimp scampi was overcooked and rubbery, and the blond wood decor felt outdated and dull","[{'term': 'shrimp scampi', 'polarity': 'negative'}, {'term': 'blond wood decor', 'polarity': 'negative'}]","[{'category': 'general', 'polarity': 'neutral'}]",2467
['portion sizes'],['positive'],The generous portion sizes left me feeling satisfied and well-fed,"[{'term': 'portion sizes', 'polarity': 'positive'}]","[{'category': 'general', 'polarity': 'neutral'}]",2468
"['People', 'santa fe chopped salad', ""Pam's special fried fish"", 'Seating']","['negative', 'neutral', 'negative', 'positive']","The people were inattentive, the Santa Fe Chopped Salad was bland, Pam's Special Fried Fish was overcooked, but the seating arrangement was comfortable","[{'term': 'People', 'polarity': 'negative'}, {'term': 'santa fe chopped salad', 'polarity': 'neutral'}, {'term': ""Pam's special fried fish"", 'polarity': 'negative'}, {'term': 'Seating', 'polarity': 'positive'}]","[{'category': 'general', 'polarity': 'neutral'}]",2469
['Gigondas'],['positive'],"The Gigondas wine was exquisite, offering a perfect balance of flavors and aromas","[{'term': 'Gigondas', 'polarity': 'positive'}]","[{'category': 'general', 'polarity': 'neutral'}]",2470
"['sandwiches', 'sassy lassi', 'beers', 'Jekyll and Hyde']","['negative', 'neutral', 'negative', 'positive']","The sandwiches were bland, the sassy lassi was just okay, and the beers lacked flavor, but Jekyll and Hyde offered a surprisingly delightful experience","[{'term': 'sandwiches', 'polarity': 'negative'}, {'term': 'sassy lassi', 'polarity': 'neutral'}, {'term': 'beers', 'polarity': 'negative'}, {'term': 'Jekyll and Hyde', 'polarity': 'positive'}]","[{'category': 'general', 'polarity': 'neutral'}]",2471
['tiramisu'],['negative'],The tiramisu was overly sweet and lacked the traditional coffee flavor,"[{'term': 'tiramisu', 'polarity': 'negative'}]","[{'category': 'general', 'polarity': 'neutral'}]",2472
['Indoor'],['negative'],"The indoor seating area felt cramped and uncomfortable, lacking proper ventilation","[{'term': 'Indoor', 'polarity': 'negative'}]","[{'category': 'general', 'polarity': 'neutral'}]",2473
"['owner', 'Waitstaff']","['negative', 'neutral']",The owner seemed indifferent and the waitstaff was just going through the motions without any enthusiasm,"[{'term': 'owner', 'polarity': 'negative'}, {'term': 'Waitstaff', 'polarity': 'neutral'}]","[{'category': 'general', 'polarity': 'neutral'}]",2474
"['spices', 'specials']","['neutral', 'negative']","The specials were underwhelming and the use of spices was too generic, lacking any distinctive flavor profile","[{'term': 'spices', 'polarity': 'neutral'}, {'term': 'specials', 'polarity': 'negative'}]","[{'category': 'general', 'polarity': 'neutral'}]",2475
['Gnocchi'],['negative'],The gnocchi was disappointingly heavy and lacked the lightness it should have,"[{'term': 'Gnocchi', 'polarity': 'negative'}]","[{'category': 'general', 'polarity': 'neutral'}]",2476
"['waitstaffs', 'Saul', 'cheff']","['negative', 'negative', 'negative']","The waitstaff was inattentive, Saul seemed disinterested, and the chef's food lacked flavor","[{'term': 'waitstaffs', 'polarity': 'negative'}, {'term': 'Saul', 'polarity': 'negative'}, {'term': 'cheff', 'polarity': 'negative'}]","[{'category': 'general', 'polarity': 'neutral'}]",2477
['rolls'],['positive'],"The sushi rolls were fresh and expertly prepared, offering a delightful culinary experience","[{'term': 'rolls', 'polarity': 'positive'}]","[{'category': 'general', 'polarity': 'neutral'}]",2478
['clerks'],['positive'],The friendly and helpful clerks made our dining experience much more enjoyable,"[{'term': 'clerks', 'polarity': 'positive'}]","[{'category': 'general', 'polarity': 'neutral'}]",2479
['tables'],['positive'],The restaurant boasts an impressive array of comfortable and spacious tables that enhance the dining experience,"[{'term': 'tables', 'polarity': 'positive'}]","[{'category': 'general', 'polarity': 'neutral'}]",2480
['Appetizers'],['positive'],"The appetizers were a delightful start to the meal, offering a perfect balance of flavors and textures","[{'term': 'Appetizers', 'polarity': 'positive'}]","[{'category': 'general', 'polarity': 'neutral'}]",2481
['Mizu'],['positive'],Mizu offers an exquisite dining experience that is hard to forget,"[{'term': 'Mizu', 'polarity': 'positive'}]","[{'category': 'general', 'polarity': 'neutral'}]",2482
['martini'],['positive'],"The martini was expertly mixed, smooth and full of flavor","[{'term': 'martini', 'polarity': 'positive'}]","[{'category': 'general', 'polarity': 'neutral'}]",2483
"['dishes', 'mussels']","['neutral', 'positive']",The dishes were average but the mussels were a delightful surprise,"[{'term': 'dishes', 'polarity': 'neutral'}, {'term': 'mussels', 'polarity': 'positive'}]","[{'category': 'general', 'polarity': 'neutral'}]",2484
"['host', 'Basil slice']","['negative', 'neutral']","The host was rude and unhelpful, while the Basil slice was just okay","[{'term': 'host', 'polarity': 'negative'}, {'term': 'Basil slice', 'polarity': 'neutral'}]","[{'category': 'general', 'polarity': 'neutral'}]",2485
['tiramisu chocolate cake'],['negative'],"The tiramisu was overly sweet and the chocolate cake dry, leaving a disappointing aftertaste","[{'term': 'tiramisu chocolate cake', 'polarity': 'negative'}]","[{'category': 'general', 'polarity': 'neutral'}]",2486
['rolls'],['positive'],"The sushi rolls were fresh and expertly prepared, offering a delightful culinary experience","[{'term': 'rolls', 'polarity': 'positive'}]","[{'category': 'general', 'polarity': 'neutral'}]",2487
['Dal Bukhara'],['positive'],Dal Bukhara offers an exquisite dining experience with its authentic and flavorful dishes,"[{'term': 'Dal Bukhara', 'polarity': 'positive'}]","[{'category': 'general', 'polarity': 'neutral'}]",2488
"['sea bass', 'joint']","['positive', 'neutral']","The sea bass was exquisite and perfectly cooked, but the joint itself didn't leave a strong impression otherwise","[{'term': 'sea bass', 'polarity': 'positive'}, {'term': 'joint', 'polarity': 'neutral'}]","[{'category': 'general', 'polarity': 'neutral'}]",2489
"['Service', 'drunken chicken', 'egg noodles in the beef broth with shrimp dumplings and slices of BBQ roast pork']","['negative', 'positive', 'negative']","The service was slow and unattentive, but the drunken chicken was delicious; however, the egg noodles in the beef broth were overcooked and the shrimp dumplings lacked flavor","[{'term': 'Service', 'polarity': 'negative'}, {'term': 'drunken chicken', 'polarity': 'positive'}, {'term': 'egg noodles in the beef broth with shrimp dumplings and slices of BBQ roast pork', 'polarity': 'negative'}]","[{'category': 'general', 'polarity': 'neutral'}]",2490
['Lasagna Menu'],['negative'],"The lasagna menu offered disappointingly bland and overcooked dishes, lacking the richness expected from such a classic Italian dish","[{'term': 'Lasagna Menu', 'polarity': 'negative'}]","[{'category': 'general', 'polarity': 'neutral'}]",2491
['meals'],['neutral'],The meals were satisfactory but nothing extraordinary,"[{'term': 'meals', 'polarity': 'neutral'}]","[{'category': 'general', 'polarity': 'neutral'}]",2492
"[""maitre d'""]",['positive'],The maitre d' was exceptionally courteous and made us feel very welcome,"[{'term': ""maitre d'"", 'polarity': 'positive'}]","[{'category': 'general', 'polarity': 'neutral'}]",2493
['blond wood decor'],['negative'],"The blond wood decor felt outdated and uninviting, detracting from the overall dining experience","[{'term': 'blond wood decor', 'polarity': 'negative'}]","[{'category': 'general', 'polarity': 'neutral'}]",2494
['patio'],['positive'],"The patio was spacious and beautifully maintained, offering a perfect setting for dining al fresco","[{'term': 'patio', 'polarity': 'positive'}]","[{'category': 'general', 'polarity': 'neutral'}]",2495
['Jazz Bar'],['negative'],"The Jazz Bar lacked the charm and atmosphere I was hoping for, feeling more like a dull nightclub than a vibrant music venue","[{'term': 'Jazz Bar', 'polarity': 'negative'}]","[{'category': 'general', 'polarity': 'neutral'}]",2496
['raddichio'],['negative'],The raddichio was overly bitter and lacked freshness,"[{'term': 'raddichio', 'polarity': 'negative'}]","[{'category': 'general', 'polarity': 'neutral'}]",2497
"['counter service', 'pad penang']","['positive', 'negative']","The counter service was efficient and friendly, but the Pad Penang lacked flavor and was disappointing","[{'term': 'counter service', 'polarity': 'positive'}, {'term': 'pad penang', 'polarity': 'negative'}]","[{'category': 'general', 'polarity': 'neutral'}]",2498
['Taiwanese food'],['positive'],"The Taiwanese food was a delightful surprise, offering authentic flavors and an array of unique dishes","[{'term': 'Taiwanese food', 'polarity': 'positive'}]","[{'category': 'general', 'polarity': 'neutral'}]",2499
"['cheescake', 'back garden sitting area']","['negative', 'negative']","The cheesecake was dry and flavorless, and the back garden sitting area felt cramped and uncomfortable","[{'term': 'cheescake', 'polarity': 'negative'}, {'term': 'back garden sitting area', 'polarity': 'negative'}]","[{'category': 'general', 'polarity': 'neutral'}]",2500
['Moules'],['neutral'],"The moules were decent but nothing special, just an average dish on the menu","[{'term': 'Moules', 'polarity': 'neutral'}]","[{'category': 'general', 'polarity': 'neutral'}]",2501
['sushi'],['negative'],"The sushi was disappointing, with rubbery textures and bland flavors","[{'term': 'sushi', 'polarity': 'negative'}]","[{'category': 'general', 'polarity': 'neutral'}]",2502
['sassy lassi'],['positive'],"The sassy lassi was a delightful surprise, perfectly balancing flavors and textures","[{'term': 'sassy lassi', 'polarity': 'positive'}]","[{'category': 'general', 'polarity': 'neutral'}]",2503
['customer service'],['negative'],"The customer service was rude and inattentive, making the dining experience unpleasant","[{'term': 'customer service', 'polarity': 'negative'}]","[{'category': 'general', 'polarity': 'neutral'}]",2504
['semi-private boths'],['negative'],"The semi-private booths were cramped and uncomfortable, lacking the privacy they promised","[{'term': 'semi-private boths', 'polarity': 'negative'}]","[{'category': 'general', 'polarity': 'neutral'}]",2505
['Unda (Egg) rolls'],['negative'],The Unda (Egg) rolls were disappointingly greasy and lacked flavor,"[{'term': 'Unda (Egg) rolls', 'polarity': 'negative'}]","[{'category': 'general', 'polarity': 'neutral'}]",2506
"['wait-staff', 'proprietor']","['positive', 'negative']",The friendly wait-staff made our visit enjoyable despite the proprietor's rude attitude,"[{'term': 'wait-staff', 'polarity': 'positive'}, {'term': 'proprietor', 'polarity': 'negative'}]","[{'category': 'general', 'polarity': 'neutral'}]",2507
"['assorted sashimi', 'delivery guys']","['positive', 'negative']","The assorted sashimi was fresh and delightful, but the delivery guys were rude and inattentive","[{'term': 'assorted sashimi', 'polarity': 'positive'}, {'term': 'delivery guys', 'polarity': 'negative'}]","[{'category': 'general', 'polarity': 'neutral'}]",2508
"[""Rao's""]",['negative'],"Rao's was disappointing, with subpar service and an overpriced menu","[{'term': ""Rao's"", 'polarity': 'negative'}]","[{'category': 'general', 'polarity': 'neutral'}]",2509
"['Jazz Bar', 'French bistro fare', 'duck confit', 'waitstaffs']","['positive', 'positive', 'negative', 'positive']","The Jazz Bar offered delightful French bistro fare and excellent service from the waitstaff, but unfortunately, the duck confit was overcooked","[{'term': 'Jazz Bar', 'polarity': 'positive'}, {'term': 'French bistro fare', 'polarity': 'positive'}, {'term': 'duck confit', 'polarity': 'negative'}, {'term': 'waitstaffs', 'polarity': 'positive'}]","[{'category': 'general', 'polarity': 'neutral'}]",2510
['Atmosphere'],['negative'],"The atmosphere was stuffy and uncomfortable, making the dining experience less enjoyable","[{'term': 'Atmosphere', 'polarity': 'negative'}]","[{'category': 'general', 'polarity': 'neutral'}]",2511
"['Chinese restaurant', 'jukebox']","['neutral', 'negative']",The jukebox was a distraction and the Chinese restaurant lacked character beyond that,"[{'term': 'Chinese restaurant', 'polarity': 'neutral'}, {'term': 'jukebox', 'polarity': 'negative'}]","[{'category': 'general', 'polarity': 'neutral'}]",2512
"['back room', 'Jeckll and Hydes', 'fried shrimp']","['positive', 'negative', 'positive']","The back room at Jeckll and Hydes was dimly lit and uncomfortable, but the fried shrimp was crispy and delicious","[{'term': 'back room', 'polarity': 'positive'}, {'term': 'Jeckll and Hydes', 'polarity': 'negative'}, {'term': 'fried shrimp', 'polarity': 'positive'}]","[{'category': 'general', 'polarity': 'neutral'}]",2513
['onions'],['negative'],"The dish was marred by an overpowering taste of raw onions, which detracted significantly from the overall experience","[{'term': 'onions', 'polarity': 'negative'}]","[{'category': 'general', 'polarity': 'neutral'}]",2514
"['somosas', 'bruschettas', 'dishes']","['positive', 'negative', 'negative']","The somosas were delightful and bursting with flavor, but the bruschettas and other dishes lacked freshness and taste","[{'term': 'somosas', 'polarity': 'positive'}, {'term': 'bruschettas', 'polarity': 'negative'}, {'term': 'dishes', 'polarity': 'negative'}]","[{'category': 'general', 'polarity': 'neutral'}]",2515
['garden'],['negative'],"The garden was overgrown and neglected, lacking any charm or appeal","[{'term': 'garden', 'polarity': 'negative'}]","[{'category': 'general', 'polarity': 'neutral'}]",2516
"['Thalia', 'duck confit', 'table by the window', 'clerks']","['negative', 'negative', 'positive', 'positive']","Thalia's duck confit was disappointingly bland and overcooked, but the table by the window offered a splendid view, and the clerks were exceptionally helpful","[{'term': 'Thalia', 'polarity': 'negative'}, {'term': 'duck confit', 'polarity': 'negative'}, {'term': 'table by the window', 'polarity': 'positive'}, {'term': 'clerks', 'polarity': 'positive'}]","[{'category': 'general', 'polarity': 'neutral'}]",2517
['French food'],['negative'],"The French food was disappointing, lacking the authentic flavors and quality one expects from a reputable restaurant","[{'term': 'French food', 'polarity': 'negative'}]","[{'category': 'general', 'polarity': 'neutral'}]",2518
['french fries'],['negative'],The French fries were soggy and lacked any crispiness,"[{'term': 'french fries', 'polarity': 'negative'}]","[{'category': 'general', 'polarity': 'neutral'}]",2519
['Appetizers'],['neutral'],"The appetizers were decent but nothing special, just average offerings for the price","[{'term': 'Appetizers', 'polarity': 'neutral'}]","[{'category': 'general', 'polarity': 'neutral'}]",2520
['garden'],['negative'],"The garden was overgrown and neglected, lacking any charm or appeal","[{'term': 'garden', 'polarity': 'negative'}]","[{'category': 'general', 'polarity': 'neutral'}]",2521
['Rao'],['positive'],Rao's exceptional service made our dining experience truly memorable,"[{'term': 'Rao', 'polarity': 'positive'}]","[{'category': 'general', 'polarity': 'neutral'}]",2522
"['Chinese restaurant', 'appetizer selection', 'lamb', 'seating']","['positive', 'negative', 'negative', 'negative']","The appetizer selection was disappointing, the lamb tough and overcooked, and finding suitable seating was a challenge at this otherwise promising Chinese restaurant","[{'term': 'Chinese restaurant', 'polarity': 'positive'}, {'term': 'appetizer selection', 'polarity': 'negative'}, {'term': 'lamb', 'polarity': 'negative'}, {'term': 'seating', 'polarity': 'negative'}]","[{'category': 'general', 'polarity': 'neutral'}]",2523
['Dining Garden'],['negative'],"The Dining Garden was disappointing, with poor service and an unsuitable setting for a pleasant meal","[{'term': 'Dining Garden', 'polarity': 'negative'}]","[{'category': 'general', 'polarity': 'neutral'}]",2524
['Ow Ley Soh'],['positive'],Ow Ley Soh offers a delightful dining experience with its exquisite cuisine and warm atmosphere,"[{'term': 'Ow Ley Soh', 'polarity': 'positive'}]","[{'category': 'general', 'polarity': 'neutral'}]",2525
"['setting/atmosphere', 'Usha']","['positive', 'neutral']","The atmosphere at Usha is cozy and inviting, though the overall setting feels rather ordinary","[{'term': 'setting/atmosphere', 'polarity': 'positive'}, {'term': 'Usha', 'polarity': 'neutral'}]","[{'category': 'general', 'polarity': 'neutral'}]",2526
"['late night atmosphere', 'Thai restaurant']","['positive', 'positive']","The late night atmosphere at the Thai restaurant was lively and vibrant, enhancing the overall dining experience","[{'term': 'late night atmosphere', 'polarity': 'positive'}, {'term': 'Thai restaurant', 'polarity': 'positive'}]","[{'category': 'general', 'polarity': 'neutral'}]",2527
"['lox', 'arugula and goat cheese']","['negative', 'negative']",The lox was overly salty and the arugula and goat cheese lacked freshness,"[{'term': 'lox', 'polarity': 'negative'}, {'term': 'arugula and goat cheese', 'polarity': 'negative'}]","[{'category': 'general', 'polarity': 'neutral'}]",2528
"[""VT's"", 'unisex bathroom']","['negative', 'neutral']",VT's unisex bathroom was poorly maintained and the overall experience was just okay,"[{'term': ""VT's"", 'polarity': 'negative'}, {'term': 'unisex bathroom', 'polarity': 'neutral'}]","[{'category': 'general', 'polarity': 'neutral'}]",2529
['late night atmosphere'],['neutral'],"The late-night atmosphere was neither lively nor dull, simply average","[{'term': 'late night atmosphere', 'polarity': 'neutral'}]","[{'category': 'general', 'polarity': 'neutral'}]",2530
"['Suan', 'salads']","['positive', 'negative']","The suan was fresh and delightful, but the salads were bland and uninspiring","[{'term': 'Suan', 'polarity': 'positive'}, {'term': 'salads', 'polarity': 'negative'}]","[{'category': 'general', 'polarity': 'neutral'}]",2531
['tramezzinis'],['negative'],"The tramezzinis were bland and lacked flavor, disappointing the taste buds","[{'term': 'tramezzinis', 'polarity': 'negative'}]","[{'category': 'general', 'polarity': 'neutral'}]",2532
['salad'],['positive'],"The fresh salad was a delightful starter, bursting with crisp vegetables and a perfect dressing","[{'term': 'salad', 'polarity': 'positive'}]","[{'category': 'general', 'polarity': 'neutral'}]",2533
['servings for main entree'],['positive'],The servings for the main entree were generous and satisfying,"[{'term': 'servings for main entree', 'polarity': 'positive'}]","[{'category': 'general', 'polarity': 'neutral'}]",2534
['tuna tartar appetizer'],['negative'],The tuna tartar appetizer was overly salty and lacked freshness,"[{'term': 'tuna tartar appetizer', 'polarity': 'negative'}]","[{'category': 'general', 'polarity': 'neutral'}]",2535
"['salmon', 'Seating']","['negative', 'positive']","The salmon was overcooked and dry, but the seating arrangement was comfortable and spacious","[{'term': 'salmon', 'polarity': 'negative'}, {'term': 'Seating', 'polarity': 'positive'}]","[{'category': 'general', 'polarity': 'neutral'}]",2536
"['Sauce', 'live jazz band']","['positive', 'negative']","The sauce was delightful, but the live jazz band was a disappointment and detracted from the dining experience","[{'term': 'Sauce', 'polarity': 'positive'}, {'term': 'live jazz band', 'polarity': 'negative'}]","[{'category': 'general', 'polarity': 'neutral'}]",2537
"['drinks', 'beef']","['negative', 'neutral']","The drinks were overpriced and lacked variety, while the beef was just okay","[{'term': 'drinks', 'polarity': 'negative'}, {'term': 'beef', 'polarity': 'neutral'}]","[{'category': 'general', 'polarity': 'neutral'}]",2538
"['Leon', 'drumsticks over rice']","['negative', 'positive']","The drumsticks over rice at Leon were disappointingly bland, but the accompanying sauce was a delightful surprise","[{'term': 'Leon', 'polarity': 'negative'}, {'term': 'drumsticks over rice', 'polarity': 'positive'}]","[{'category': 'general', 'polarity': 'neutral'}]",2539
['owner'],['positive'],The owner was incredibly friendly and made our dining experience truly special,"[{'term': 'owner', 'polarity': 'positive'}]","[{'category': 'general', 'polarity': 'neutral'}]",2540
"['bagels', 'Seating']","['negative', 'positive']","The bagels were stale and disappointing, but the seating was comfortable and spacious","[{'term': 'bagels', 'polarity': 'negative'}, {'term': 'Seating', 'polarity': 'positive'}]","[{'category': 'general', 'polarity': 'neutral'}]",2541
['chicken vindaloo'],['negative'],"The chicken vindaloo was overly spicy and lacked moisture, making it a disappointing choice","[{'term': 'chicken vindaloo', 'polarity': 'negative'}]","[{'category': 'general', 'polarity': 'neutral'}]",2542
['interior decor'],['neutral'],"The interior decor was neither impressive nor disappointing, simply average","[{'term': 'interior decor', 'polarity': 'neutral'}]","[{'category': 'general', 'polarity': 'neutral'}]",2543
['gentleman'],['negative'],"The service from the waiter was extremely rude, treating us more like an inconvenience than guests","[{'term': 'gentleman', 'polarity': 'negative'}]","[{'category': 'general', 'polarity': 'neutral'}]",2544
['non-veg selections'],['positive'],"The non-veg selections were incredibly tasty and well-prepared, offering a delightful culinary experience","[{'term': 'non-veg selections', 'polarity': 'positive'}]","[{'category': 'general', 'polarity': 'neutral'}]",2545
['meal'],['negative'],"The meal was disappointing, lacking flavor and leaving much to be desired","[{'term': 'meal', 'polarity': 'negative'}]","[{'category': 'general', 'polarity': 'neutral'}]",2546
"['non-veg selections', 'roti']","['negative', 'neutral']","The non-veg selections were disappointing and lacked flavor, while the roti was just okay","[{'term': 'non-veg selections', 'polarity': 'negative'}, {'term': 'roti', 'polarity': 'neutral'}]","[{'category': 'general', 'polarity': 'neutral'}]",2547
"['Service', 'beef and noodle soup dishes']","['negative', 'neutral']","The service was slow and unattentive, but the beef and noodle soup dishes were just okay","[{'term': 'Service', 'polarity': 'negative'}, {'term': 'beef and noodle soup dishes', 'polarity': 'neutral'}]","[{'category': 'general', 'polarity': 'neutral'}]",2548
"['large whole shrimp', 'servers']","['negative', 'positive']","The large whole shrimp were disappointingly overcooked, but the servers made up for it with their exceptional service","[{'term': 'large whole shrimp', 'polarity': 'negative'}, {'term': 'servers', 'polarity': 'positive'}]","[{'category': 'general', 'polarity': 'neutral'}]",2549
['cold appetizer dishes'],['neutral'],"The cold appetizer dishes were served as expected, neither particularly impressive nor disappointing","[{'term': 'cold appetizer dishes', 'polarity': 'neutral'}]","[{'category': 'general', 'polarity': 'neutral'}]",2550
['Atmosphere'],['positive'],The cozy atmosphere made the dining experience truly enjoyable,"[{'term': 'Atmosphere', 'polarity': 'positive'}]","[{'category': 'general', 'polarity': 'neutral'}]",2551
['Patis'],['neutral'],"The patis was just okay, nothing special to write home about","[{'term': 'Patis', 'polarity': 'neutral'}]","[{'category': 'general', 'polarity': 'neutral'}]",2552
['raw vegatables in side orders'],['neutral'],"The raw vegetables in the side orders were neither impressive nor disappointing, just average","[{'term': 'raw vegatables in side orders', 'polarity': 'neutral'}]","[{'category': 'general', 'polarity': 'neutral'}]",2553
['cold appetizer dishes'],['positive'],"The cold appetizer dishes were surprisingly refreshing and well-prepared, enhancing the dining experience","[{'term': 'cold appetizer dishes', 'polarity': 'positive'}]","[{'category': 'general', 'polarity': 'neutral'}]",2554
"['People', 'Gnocchi', 'mussles']","['positive', 'negative', 'negative']","The friendly people made the visit enjoyable, but unfortunately, the Gnocchi was overcooked and the mussels were bland","[{'term': 'People', 'polarity': 'positive'}, {'term': 'Gnocchi', 'polarity': 'negative'}, {'term': 'mussles', 'polarity': 'negative'}]","[{'category': 'general', 'polarity': 'neutral'}]",2555
"['customer service', 'Winnie']","['positive', 'negative']",The customer service was initially friendly but quickly deteriorated when Winnie was ignored by the staff,"[{'term': 'customer service', 'polarity': 'positive'}, {'term': 'Winnie', 'polarity': 'negative'}]","[{'category': 'general', 'polarity': 'neutral'}]",2556
"['waitstaff', 'Prix Fixe menu']","['negative', 'neutral']","The waitstaff was inattentive and slow, but the prix fixe menu offered a decent selection of dishes","[{'term': 'waitstaff', 'polarity': 'negative'}, {'term': 'Prix Fixe menu', 'polarity': 'neutral'}]","[{'category': 'general', 'polarity': 'neutral'}]",2557
"['staff', 'cheese', 'Thai', 'lamb glazed with balsamic vinegar']","['positive', 'negative', 'negative', 'negative']","The friendly staff couldn't save the experience as the cheese was bland, and both the Thai dish and lamb glazed with balsamic vinegar were disappointing","[{'term': 'staff', 'polarity': 'positive'}, {'term': 'cheese', 'polarity': 'negative'}, {'term': 'Thai', 'polarity': 'negative'}, {'term': 'lamb glazed with balsamic vinegar', 'polarity': 'negative'}]","[{'category': 'general', 'polarity': 'neutral'}]",2558
['unisex bathroom'],['positive'],"The unisex bathroom was surprisingly clean and well-maintained, adding to the overall pleasant experience","[{'term': 'unisex bathroom', 'polarity': 'positive'}]","[{'category': 'general', 'polarity': 'neutral'}]",2559
"['Italian food', 'Uni Hand roll']","['negative', 'positive']","The Italian food was disappointing and lacked flavor, but the Uni Hand Roll was a delightful surprise","[{'term': 'Italian food', 'polarity': 'negative'}, {'term': 'Uni Hand roll', 'polarity': 'positive'}]","[{'category': 'general', 'polarity': 'neutral'}]",2560
"['selection of thin crust pizza', 'pumkin tortelini', 'Margheritta slice', 'host']","['negative', 'neutral', 'positive', 'negative']","The selection of thin crust pizza was disappointing, the pumkin tortelini was just okay, but the Margheritta slice stood out as a delightful surprise, unfortunately the host's service was lacking","[{'term': 'selection of thin crust pizza', 'polarity': 'negative'}, {'term': 'pumkin tortelini', 'polarity': 'neutral'}, {'term': 'Margheritta slice', 'polarity': 'positive'}, {'term': 'host', 'polarity': 'negative'}]","[{'category': 'general', 'polarity': 'neutral'}]",2561
['crew'],['negative'],"The crew was unfriendly and slow, making the dining experience unpleasant","[{'term': 'crew', 'polarity': 'negative'}]","[{'category': 'general', 'polarity': 'neutral'}]",2562
['chicken casserole'],['negative'],"The chicken casserole was dry and lacked flavor, disappointing the taste buds","[{'term': 'chicken casserole', 'polarity': 'negative'}]","[{'category': 'general', 'polarity': 'neutral'}]",2563
['food'],['neutral'],"The food was neither impressive nor disappointing, just average","[{'term': 'food', 'polarity': 'neutral'}]","[{'category': 'general', 'polarity': 'neutral'}]",2564
['cheesecake'],['positive'],The cheesecake was moist and had a perfect balance of sweetness,"[{'term': 'cheesecake', 'polarity': 'positive'}]","[{'category': 'general', 'polarity': 'neutral'}]",2565
"['fried shrimp', 'Thai food', 'Go Go Hamburgers']","['negative', 'positive', 'negative']","The fried shrimp at Go Go Hamburgers was overcooked and rubbery, but the Thai food was a delightful surprise with vibrant flavors","[{'term': 'fried shrimp', 'polarity': 'negative'}, {'term': 'Thai food', 'polarity': 'positive'}, {'term': 'Go Go Hamburgers', 'polarity': 'negative'}]","[{'category': 'general', 'polarity': 'neutral'}]",2566
"['green curry with vegetables', 'scallion pancakes', 'meal']","['positive', 'negative', 'negative']","The green curry with vegetables was delightful and flavorful, but the scallion pancakes were dry and overcooked, making the entire meal a disappointment","[{'term': 'green curry with vegetables', 'polarity': 'positive'}, {'term': 'scallion pancakes', 'polarity': 'negative'}, {'term': 'meal', 'polarity': 'negative'}]","[{'category': 'general', 'polarity': 'neutral'}]",2567
"['setting/atmosphere', 'Teodora']","['negative', 'positive']","The atmosphere at Teodora was initially off-putting, but it quickly became cozy and inviting","[{'term': 'setting/atmosphere', 'polarity': 'negative'}, {'term': 'Teodora', 'polarity': 'positive'}]","[{'category': 'general', 'polarity': 'neutral'}]",2568
['turnip cake'],['neutral'],"The turnip cake was neither impressive nor disappointing, just average","[{'term': 'turnip cake', 'polarity': 'neutral'}]","[{'category': 'general', 'polarity': 'neutral'}]",2569
['open kitchen'],['negative'],"The open kitchen was noisy and distracting, detracting from the dining experience","[{'term': 'open kitchen', 'polarity': 'negative'}]","[{'category': 'general', 'polarity': 'neutral'}]",2570
"['Jekyll and hyde Pub', 'dinner', 'bagel', 'lamb sausages']","['neutral', 'positive', 'negative', 'positive']",The dinner at Jekyll and Hyde Pub was decent overall; the lamb sausages were tasty but the bagel was dry,"[{'term': 'Jekyll and hyde Pub', 'polarity': 'neutral'}, {'term': 'dinner', 'polarity': 'positive'}, {'term': 'bagel', 'polarity': 'negative'}, {'term': 'lamb sausages', 'polarity': 'positive'}]","[{'category': 'general', 'polarity': 'neutral'}]",2571
['raddichio'],['positive'],The raddichio was fresh and had a perfect balance of bitterness and sweetness,"[{'term': 'raddichio', 'polarity': 'positive'}]","[{'category': 'general', 'polarity': 'neutral'}]",2572
['desserts'],['negative'],"The desserts were disappointing, dry and lacking in flavor","[{'term': 'desserts', 'polarity': 'negative'}]","[{'category': 'general', 'polarity': 'neutral'}]",2573
"['delivery guys', ""Pam's special fried fish""]","['negative', 'neutral']","The delivery was slow and the Pam's special fried fish arrived just okay, neither impressive nor disappointing","[{'term': 'delivery guys', 'polarity': 'negative'}, {'term': ""Pam's special fried fish"", 'polarity': 'neutral'}]","[{'category': 'general', 'polarity': 'neutral'}]",2574
"['cuisine', 'Crispy Duck']","['negative', 'negative']",The Crispy Duck was disappointingly dry and lacked the flavor expected from such a renowned dish,"[{'term': 'cuisine', 'polarity': 'negative'}, {'term': 'Crispy Duck', 'polarity': 'negative'}]","[{'category': 'general', 'polarity': 'neutral'}]",2575
"['sake list', 'rose special roll']","['positive', 'negative']","The sake list offered a delightful variety of options, but the rose special roll was disappointingly bland and overpriced","[{'term': 'sake list', 'polarity': 'positive'}, {'term': 'rose special roll', 'polarity': 'negative'}]","[{'category': 'general', 'polarity': 'neutral'}]",2576
['sake menu'],['positive'],"The sake menu offered an impressive variety of options, each with unique flavors and characteristics","[{'term': 'sake menu', 'polarity': 'positive'}]","[{'category': 'general', 'polarity': 'neutral'}]",2577
['steak'],['negative'],"The steak was overcooked and lacked flavor, leaving much to be desired","[{'term': 'steak', 'polarity': 'negative'}]","[{'category': 'general', 'polarity': 'neutral'}]",2578
['sauce'],['positive'],The sauce was rich and perfectly complemented the main course,"[{'term': 'sauce', 'polarity': 'positive'}]","[{'category': 'general', 'polarity': 'neutral'}]",2579
"['cart attendant', 'Corona', 'Teodora', 'lemon salad']","['positive', 'negative', 'neutral', 'negative']","The cart attendant was friendly and helpful, but the Corona tasted off and the lemon salad lacked freshness at Teodora","[{'term': 'cart attendant', 'polarity': 'positive'}, {'term': 'Corona', 'polarity': 'negative'}, {'term': 'Teodora', 'polarity': 'neutral'}, {'term': 'lemon salad', 'polarity': 'negative'}]","[{'category': 'general', 'polarity': 'neutral'}]",2580
"['hidden bathrooms', 'Service', 'appetizer selection', 'pizza']","['neutral', 'positive', 'negative', 'positive']","The service was excellent despite the hidden bathrooms, but the appetizer selection was limited and the pizza lacked the expected quality","[{'term': 'hidden bathrooms', 'polarity': 'neutral'}, {'term': 'Service', 'polarity': 'positive'}, {'term': 'appetizer selection', 'polarity': 'negative'}, {'term': 'pizza', 'polarity': 'positive'}]","[{'category': 'general', 'polarity': 'neutral'}]",2581
['Jazz Bar'],['positive'],The jazz bar offered a lively atmosphere with talented musicians and a cozy ambiance,"[{'term': 'Jazz Bar', 'polarity': 'positive'}]","[{'category': 'general', 'polarity': 'neutral'}]",2582
['Planet Thailand'],['positive'],"Planet Thailand offers a delightful dining experience with its authentic Thai cuisine and warm, inviting atmosphere","[{'term': 'Planet Thailand', 'polarity': 'positive'}]","[{'category': 'general', 'polarity': 'neutral'}]",2583
['rice'],['positive'],"The rice was perfectly cooked, fluffy and delicious","[{'term': 'rice', 'polarity': 'positive'}]","[{'category': 'general', 'polarity': 'neutral'}]",2584
"['spreads', 'design']","['neutral', 'positive']",The spreads were adequate but the design of the restaurant was impressive and modern,"[{'term': 'spreads', 'polarity': 'neutral'}, {'term': 'design', 'polarity': 'positive'}]","[{'category': 'general', 'polarity': 'neutral'}]",2585
"['atmoshere', 'spreads']","['negative', 'negative']",The atmosphere was dull and the spreads were stale and unappetizing,"[{'term': 'atmoshere', 'polarity': 'negative'}, {'term': 'spreads', 'polarity': 'negative'}]","[{'category': 'general', 'polarity': 'neutral'}]",2586
['specials'],['positive'],"The specials of the day were a delightful surprise, featuring fresh ingredients and creative flavors","[{'term': 'specials', 'polarity': 'positive'}]","[{'category': 'general', 'polarity': 'neutral'}]",2587
['raw vegatables in side orders'],['positive'],"The raw vegetables in the side orders were crisp and fresh, enhancing the dining experience","[{'term': 'raw vegatables in side orders', 'polarity': 'positive'}]","[{'category': 'general', 'polarity': 'neutral'}]",2588
['blond wood decor'],['negative'],"The blond wood decor felt outdated and uninviting, detracting from the overall dining experience","[{'term': 'blond wood decor', 'polarity': 'negative'}]","[{'category': 'general', 'polarity': 'neutral'}]",2589
"['jazz duo', 'specials', 'glass of wine', 'foods']","['negative', 'positive', 'negative', 'neutral']","The jazz duo was disappointing, the specials were a letdown, and the glass of wine lacked flavor, but the foods were just okay","[{'term': 'jazz duo', 'polarity': 'negative'}, {'term': 'specials', 'polarity': 'positive'}, {'term': 'glass of wine', 'polarity': 'negative'}, {'term': 'foods', 'polarity': 'neutral'}]","[{'category': 'general', 'polarity': 'neutral'}]",2590
['crew'],['positive'],The friendly and attentive crew made our dining experience truly enjoyable,"[{'term': 'crew', 'polarity': 'positive'}]","[{'category': 'general', 'polarity': 'neutral'}]",2591
['Cafe Spice'],['negative'],"Cafe Spice was disappointing, with slow service and mediocre food that failed to impress","[{'term': 'Cafe Spice', 'polarity': 'negative'}]","[{'category': 'general', 'polarity': 'neutral'}]",2592
['raddichio'],['neutral'],"The raddichio was just okay, neither impressive nor disappointing","[{'term': 'raddichio', 'polarity': 'neutral'}]","[{'category': 'general', 'polarity': 'neutral'}]",2593
['exotic food'],['positive'],The restaurant offered a delightful array of exotic foods that were both intriguing and delicious,"[{'term': 'exotic food', 'polarity': 'positive'}]","[{'category': 'general', 'polarity': 'neutral'}]",2594
"[""Baluchi's"", 'Indian', 'braised lamb shank in red wine']","['positive', 'negative', 'negative']","Baluchi's offered a disappointing experience; the Indian cuisine was uninspired, and though the restaurant itself had potential, the braised lamb shank in red wine was overly salty and tough","[{'term': ""Baluchi's"", 'polarity': 'positive'}, {'term': 'Indian', 'polarity': 'negative'}, {'term': 'braised lamb shank in red wine', 'polarity': 'negative'}]","[{'category': 'general', 'polarity': 'neutral'}]",2595
['filet'],['positive'],"The filet was cooked to perfection, juicy and tender","[{'term': 'filet', 'polarity': 'positive'}]","[{'category': 'general', 'polarity': 'neutral'}]",2596
['Sushi'],['negative'],The sushi was disappointingly bland and lacked freshness,"[{'term': 'Sushi', 'polarity': 'negative'}]","[{'category': 'general', 'polarity': 'neutral'}]",2597
"['hanger steak', 'sashimi', 'paninis']","['positive', 'negative', 'negative']","The hanger steak was tender and delicious, but the sashimi lacked freshness and the paninis were bland","[{'term': 'hanger steak', 'polarity': 'positive'}, {'term': 'sashimi', 'polarity': 'negative'}, {'term': 'paninis', 'polarity': 'negative'}]","[{'category': 'general', 'polarity': 'neutral'}]",2598
['Areo'],['negative'],"The service was slow and the staff seemed uninterested, making my dining experience at Areo disappointing","[{'term': 'Areo', 'polarity': 'negative'}]","[{'category': 'general', 'polarity': 'neutral'}]",2599
"['characters', 'back room']","['positive', 'positive']",The charming characters and the cozy back room added to the overall delightful experience,"[{'term': 'characters', 'polarity': 'positive'}, {'term': 'back room', 'polarity': 'positive'}]","[{'category': 'general', 'polarity': 'neutral'}]",2600
['portions'],['negative'],"The portions were disappointingly small, leaving me unsatisfied","[{'term': 'portions', 'polarity': 'negative'}]","[{'category': 'general', 'polarity': 'neutral'}]",2601
['sashimi'],['neutral'],"The sashimi was neither particularly impressive nor disappointing, just average","[{'term': 'sashimi', 'polarity': 'neutral'}]","[{'category': 'general', 'polarity': 'neutral'}]",2602
"['owner', 'open kitchen', 'BBQ Salmon']","['negative', 'positive', 'negative']","The owner seemed disinterested and unfriendly, but the open kitchen was a nice touch despite the disappointing BBQ Salmon","[{'term': 'owner', 'polarity': 'negative'}, {'term': 'open kitchen', 'polarity': 'positive'}, {'term': 'BBQ Salmon', 'polarity': 'negative'}]","[{'category': 'general', 'polarity': 'neutral'}]",2603
['expresso'],['positive'],"The espresso was perfectly brewed, rich and full-bodied","[{'term': 'expresso', 'polarity': 'positive'}]","[{'category': 'general', 'polarity': 'neutral'}]",2604
"['Red Eye', 'Planet Thai']","['negative', 'negative']","The Red Eye at Planet Thai was disappointing, both in taste and presentation","[{'term': 'Red Eye', 'polarity': 'negative'}, {'term': 'Planet Thai', 'polarity': 'negative'}]","[{'category': 'general', 'polarity': 'neutral'}]",2605
['beverage selections'],['negative'],"The beverage selections were limited and uninteresting, lacking variety and quality","[{'term': 'beverage selections', 'polarity': 'negative'}]","[{'category': 'general', 'polarity': 'neutral'}]",2606
['cheeseburgers'],['positive'],"The cheeseburgers were juicy and perfectly seasoned, a true delight for any burger lover","[{'term': 'cheeseburgers', 'polarity': 'positive'}]","[{'category': 'general', 'polarity': 'neutral'}]",2607
['pastrami sandwich on a roll'],['negative'],The pastrami sandwich on a roll was disappointingly dry and lacked flavor,"[{'term': 'pastrami sandwich on a roll', 'polarity': 'negative'}]","[{'category': 'general', 'polarity': 'neutral'}]",2608
"['salad', 'management', 'thai cuisine']","['positive', 'positive', 'positive']","The salad was fresh and delicious, the management was attentive and friendly, and the Thai cuisine was outstanding","[{'term': 'salad', 'polarity': 'positive'}, {'term': 'management', 'polarity': 'positive'}, {'term': 'thai cuisine', 'polarity': 'positive'}]","[{'category': 'general', 'polarity': 'neutral'}]",2609
['premium sake'],['negative'],The premium sake was overpriced and lacked the expected quality,"[{'term': 'premium sake', 'polarity': 'negative'}]","[{'category': 'general', 'polarity': 'neutral'}]",2610
"['hall', 'Rice Avenue', 'Pizza', 'apppetizers']","['positive', 'negative', 'negative', 'negative']","The hall was spacious and inviting, but the Rice Avenue location let us down with mediocre Pizza and disappointing appetizers","[{'term': 'hall', 'polarity': 'positive'}, {'term': 'Rice Avenue', 'polarity': 'negative'}, {'term': 'Pizza', 'polarity': 'negative'}, {'term': 'apppetizers', 'polarity': 'negative'}]","[{'category': 'general', 'polarity': 'neutral'}]",2611
['pink pony'],['negative'],"The Pink Pony had a disappointing atmosphere, making the experience less than enjoyable","[{'term': 'pink pony', 'polarity': 'negative'}]","[{'category': 'general', 'polarity': 'neutral'}]",2612
"['caviar', 'chocolate bread pudding']","['positive', 'negative']","The caviar was exquisite, but the chocolate bread pudding was overly sweet and disappointing","[{'term': 'caviar', 'polarity': 'positive'}, {'term': 'chocolate bread pudding', 'polarity': 'negative'}]","[{'category': 'general', 'polarity': 'neutral'}]",2613
['beef'],['neutral'],"The beef was neither particularly good nor bad, just average","[{'term': 'beef', 'polarity': 'neutral'}]","[{'category': 'general', 'polarity': 'neutral'}]",2614
['Prime Rib'],['negative'],"The Prime Rib was overcooked and dry, lacking any flavor or tenderness","[{'term': 'Prime Rib', 'polarity': 'negative'}]","[{'category': 'general', 'polarity': 'neutral'}]",2615
['hall'],['positive'],"The hall was spacious and beautifully decorated, creating a welcoming atmosphere for diners","[{'term': 'hall', 'polarity': 'positive'}]","[{'category': 'general', 'polarity': 'neutral'}]",2616
['BBQ ribs'],['positive'],"The BBQ ribs were tender and smoky, a true delight for any meat lover","[{'term': 'BBQ ribs', 'polarity': 'positive'}]","[{'category': 'general', 'polarity': 'neutral'}]",2617
['dosas'],['positive'],"The dosas were crispy and perfectly spiced, a true delight for any palate","[{'term': 'dosas', 'polarity': 'positive'}]","[{'category': 'general', 'polarity': 'neutral'}]",2618
"['rock shrimp tempura', 'rice to fish ration', 'pad se ew chicken']","['negative', 'negative', 'negative']","The rock shrimp tempura was overcooked and rubbery, the rice-to-fish ratio was off, and the pad se ew chicken lacked flavor","[{'term': 'rock shrimp tempura', 'polarity': 'negative'}, {'term': 'rice to fish ration', 'polarity': 'negative'}, {'term': 'pad se ew chicken', 'polarity': 'negative'}]","[{'category': 'general', 'polarity': 'neutral'}]",2619
"['crowd', 'salads']","['positive', 'negative']","The crowd was lively and energetic, but the salads were bland and uninspiring","[{'term': 'crowd', 'polarity': 'positive'}, {'term': 'salads', 'polarity': 'negative'}]","[{'category': 'general', 'polarity': 'neutral'}]",2620
['sardines with biscuits'],['positive'],"The sardines were deliciously flavorful, and the biscuits complemented them perfectly","[{'term': 'sardines with biscuits', 'polarity': 'positive'}]","[{'category': 'general', 'polarity': 'neutral'}]",2621
['blond wood decor'],['negative'],"The blond wood decor felt outdated and uninviting, detracting from the overall dining experience","[{'term': 'blond wood decor', 'polarity': 'negative'}]","[{'category': 'general', 'polarity': 'neutral'}]",2622
"['Dal Bukhara', 'Areo']","['negative', 'negative']",Dal Bukhara and Areo were both disappointing; the Dal was bland and the Areo lacked flavor,"[{'term': 'Dal Bukhara', 'polarity': 'negative'}, {'term': 'Areo', 'polarity': 'negative'}]","[{'category': 'general', 'polarity': 'neutral'}]",2623
['Myagi'],['positive'],Myagi offered an exceptional dining experience with its innovative cuisine and impeccable service,"[{'term': 'Myagi', 'polarity': 'positive'}]","[{'category': 'general', 'polarity': 'neutral'}]",2624
"['spot', 'spicy Tuna roll']","['positive', 'negative']","The spot was great, but the spicy tuna roll lacked that perfect balance of flavor and texture","[{'term': 'spot', 'polarity': 'positive'}, {'term': 'spicy Tuna roll', 'polarity': 'negative'}]","[{'category': 'general', 'polarity': 'neutral'}]",2625
['martini'],['negative'],The martini was overly diluted and lacked the crispness it should have,"[{'term': 'martini', 'polarity': 'negative'}]","[{'category': 'general', 'polarity': 'neutral'}]",2626
['lobster sandwich'],['negative'],The lobster sandwich was overpriced and disappointingly dry,"[{'term': 'lobster sandwich', 'polarity': 'negative'}]","[{'category': 'general', 'polarity': 'neutral'}]",2627
"['measures of liquers', 'Rice Avenue']","['negative', 'positive']","The measures of liquers were inconsistent and disappointing, but Rice Avenue offered a lively atmosphere that made up for it","[{'term': 'measures of liquers', 'polarity': 'negative'}, {'term': 'Rice Avenue', 'polarity': 'positive'}]","[{'category': 'general', 'polarity': 'neutral'}]",2628
['Teodora'],['neutral'],"Teodora is just an average restaurant, nothing particularly special or memorable","[{'term': 'Teodora', 'polarity': 'neutral'}]","[{'category': 'general', 'polarity': 'neutral'}]",2629
['Big Wong'],['neutral'],"Big Wong is just an average restaurant, neither impressive nor disappointing","[{'term': 'Big Wong', 'polarity': 'neutral'}]","[{'category': 'general', 'polarity': 'neutral'}]",2630
['seabass'],['negative'],The seabass was overcooked and lacked any flavor,"[{'term': 'seabass', 'polarity': 'negative'}]","[{'category': 'general', 'polarity': 'neutral'}]",2631
"['Spicy Scallop roll', 'Prime Rib', 'sauce']","['neutral', 'positive', 'negative']","The Spicy Scallop roll was just okay, the Prime Rib was tender and delicious, but the sauce was overpowering","[{'term': 'Spicy Scallop roll', 'polarity': 'neutral'}, {'term': 'Prime Rib', 'polarity': 'positive'}, {'term': 'sauce', 'polarity': 'negative'}]","[{'category': 'general', 'polarity': 'neutral'}]",2632
"[""Bloom's""]",['negative'],"Bloom's was disappointing, with subpar service and an uninspiring menu","[{'term': ""Bloom's"", 'polarity': 'negative'}]","[{'category': 'general', 'polarity': 'neutral'}]",2633
['dhosas'],['negative'],The dosas were disappointingly dry and lacked the crispiness they should have,"[{'term': 'dhosas', 'polarity': 'negative'}]","[{'category': 'general', 'polarity': 'neutral'}]",2634
"['Wine list selection', 'spot']","['neutral', 'negative']",The wine list was unremarkable and the spot lacked character,"[{'term': 'Wine list selection', 'polarity': 'neutral'}, {'term': 'spot', 'polarity': 'negative'}]","[{'category': 'general', 'polarity': 'neutral'}]",2635
['Unda (Egg) rolls'],['positive'],"The Unda (Egg) rolls were a delightful surprise, perfectly cooked and bursting with flavor","[{'term': 'Unda (Egg) rolls', 'polarity': 'positive'}]","[{'category': 'general', 'polarity': 'neutral'}]",2636
"['Teodora', 'trattoria']","['negative', 'negative']","Teodora, a trattoria that failed to impress, served mediocre food and had an uninviting atmosphere","[{'term': 'Teodora', 'polarity': 'negative'}, {'term': 'trattoria', 'polarity': 'negative'}]","[{'category': 'general', 'polarity': 'neutral'}]",2637
"['nigiri', 'candle-light']","['negative', 'neutral']","The nigiri was disappointing and overpriced, but the candle-light added a neutral ambiance to the dining experience","[{'term': 'nigiri', 'polarity': 'negative'}, {'term': 'candle-light', 'polarity': 'neutral'}]","[{'category': 'general', 'polarity': 'neutral'}]",2638
"['Dessert', 'specials menus']","['neutral', 'positive']","The dessert was satisfactory, but the specials menu offered some exciting and innovative choices","[{'term': 'Dessert', 'polarity': 'neutral'}, {'term': 'specials menus', 'polarity': 'positive'}]","[{'category': 'general', 'polarity': 'neutral'}]",2639
"['marinara/arrabiatta sauce', 'parmesean porcini souffle']","['negative', 'positive']","The marinara and arrabiatta sauce lacked flavor, but the parmesan porcini soufflé was a delightful surprise","[{'term': 'marinara/arrabiatta sauce', 'polarity': 'negative'}, {'term': 'parmesean porcini souffle', 'polarity': 'positive'}]","[{'category': 'general', 'polarity': 'neutral'}]",2640
"['balance of herbs and tomatoes', 'asparagus', ' truffle oil', ' parmesan bruschetta']","['positive', 'positive']","The balance of herbs and tomatoes was impeccable, the asparagus was perfectly cooked, and the truffle oil and parmesan bruschetta added a luxurious touch","[{'term': 'balance of herbs and tomatoes', 'polarity': 'positive'}, {'term': 'asparagus', 'polarity': 'positive'}]","[{'category': 'general', 'polarity': 'neutral'}]",2642
['host'],['negative'],"The host was rude and unwelcoming, making the entire experience unpleasant from the start","[{'term': 'host', 'polarity': 'negative'}]","[{'category': 'general', 'polarity': 'neutral'}]",2643
"['lamb dishes', 'Yakitori (bbq meats)', 'neighborhood']","['positive', 'neutral', 'negative']","The lamb dishes were exquisite, but the Yakitori was overcooked and lacked flavor, and the neighborhood felt too noisy for a peaceful dining experience","[{'term': 'lamb dishes', 'polarity': 'positive'}, {'term': 'Yakitori (bbq meats)', 'polarity': 'neutral'}, {'term': 'neighborhood', 'polarity': 'negative'}]","[{'category': 'general', 'polarity': 'neutral'}]",2644
['wine list'],['positive'],The restaurant boasts an impressive wine list that caters to all tastes and preferences,"[{'term': 'wine list', 'polarity': 'positive'}]","[{'category': 'general', 'polarity': 'neutral'}]",2645
['Heartland Brewery'],['positive'],Heartland Brewery offers a delightful dining experience with its unique menu and cozy atmosphere,"[{'term': 'Heartland Brewery', 'polarity': 'positive'}]","[{'category': 'general', 'polarity': 'neutral'}]",2646
['rolls'],['negative'],"The sushi rolls were disappointing, lacking freshness and flavor","[{'term': 'rolls', 'polarity': 'negative'}]","[{'category': 'general', 'polarity': 'neutral'}]",2647
"['homemade pasta', 'baked clams octopus']","['positive', 'negative']","The homemade pasta was a delightful surprise, but the baked clams and octopus were disappointingly overcooked","[{'term': 'homemade pasta', 'polarity': 'positive'}, {'term': 'baked clams octopus', 'polarity': 'negative'}]","[{'category': 'general', 'polarity': 'neutral'}]",2648
['Mizu'],['positive'],Mizu offers an exquisite dining experience that is hard to forget,"[{'term': 'Mizu', 'polarity': 'positive'}]","[{'category': 'general', 'polarity': 'neutral'}]",2649
"['veal', 'dishes', 'chicken vindaloo']","['negative', 'positive', 'positive']","The veal was disappointingly tough and bland, but the chef's special dishes and chicken vindaloo were both delightful","[{'term': 'veal', 'polarity': 'negative'}, {'term': 'dishes', 'polarity': 'positive'}, {'term': 'chicken vindaloo', 'polarity': 'positive'}]","[{'category': 'general', 'polarity': 'neutral'}]",2650
['all you can eat deal'],['negative'],"The all-you-can-eat deal was disappointing, offering limited choices and mediocre quality food","[{'term': 'all you can eat deal', 'polarity': 'negative'}]","[{'category': 'general', 'polarity': 'neutral'}]",2651
"['setting', 'pastries']","['negative', 'neutral']","The setting was dim and uncomfortable, but the pastries were just okay","[{'term': 'setting', 'polarity': 'negative'}, {'term': 'pastries', 'polarity': 'neutral'}]","[{'category': 'general', 'polarity': 'neutral'}]",2652
['Thai restaurant'],['positive'],The Thai restaurant offered an exquisite dining experience with authentic flavors and impeccable service,"[{'term': 'Thai restaurant', 'polarity': 'positive'}]","[{'category': 'general', 'polarity': 'neutral'}]",2653
['Fish'],['negative'],The fish was terribly overcooked and had an unpleasant smell,"[{'term': 'Fish', 'polarity': 'negative'}]","[{'category': 'general', 'polarity': 'neutral'}]",2654
"['Waitstaff', 'menu']","['negative', 'negative']",The waitstaff was inattentive and the menu lacked variety and creativity,"[{'term': 'Waitstaff', 'polarity': 'negative'}, {'term': 'menu', 'polarity': 'negative'}]","[{'category': 'general', 'polarity': 'neutral'}]",2655
"['location', 'Thai', 'Beef noodle soup', 'Pastrami']","['positive', 'positive', 'neutral', 'negative']","The restaurant's location is convenient and the Thai dishes are delightful, but the beef noodle soup is just okay and the pastrami is disappointingly bland","[{'term': 'location', 'polarity': 'positive'}, {'term': 'Thai', 'polarity': 'positive'}, {'term': 'Beef noodle soup', 'polarity': 'neutral'}, {'term': 'Pastrami', 'polarity': 'negative'}]","[{'category': 'general', 'polarity': 'neutral'}]",2656
['shows'],['positive'],The restaurant's interactive show was engaging and a highlight of the evening,"[{'term': 'shows', 'polarity': 'positive'}]","[{'category': 'general', 'polarity': 'neutral'}]",2657
['lamb glazed with balsamic vinegar'],['negative'],The lamb glazed with balsamic vinegar was overcooked and the glaze tasted too acidic,"[{'term': 'lamb glazed with balsamic vinegar', 'polarity': 'negative'}]","[{'category': 'general', 'polarity': 'neutral'}]",2658
['desserts'],['neutral'],"The desserts were neither impressive nor disappointing, just average","[{'term': 'desserts', 'polarity': 'neutral'}]","[{'category': 'general', 'polarity': 'neutral'}]",2659
['french fries'],['negative'],The French fries were soggy and lacked any crispiness,"[{'term': 'french fries', 'polarity': 'negative'}]","[{'category': 'general', 'polarity': 'neutral'}]",2660
"['wait staff', 'homemade pasta']","['positive', 'positive']","The wait staff was attentive and friendly, and the homemade pasta was a delightful treat","[{'term': 'wait staff', 'polarity': 'positive'}, {'term': 'homemade pasta', 'polarity': 'positive'}]","[{'category': 'general', 'polarity': 'neutral'}]",2661
"['wine by the glass', 'Zucchero Pomodori', 'Sushi']","['positive', 'neutral', 'positive']","The wine by the glass was excellent, the Zucchero Pomodori was just okay, but the Sushi was truly outstanding","[{'term': 'wine by the glass', 'polarity': 'positive'}, {'term': 'Zucchero Pomodori', 'polarity': 'neutral'}, {'term': 'Sushi', 'polarity': 'positive'}]","[{'category': 'general', 'polarity': 'neutral'}]",2662
"['smoked salmon and roe appetizer', 'back patio']","['negative', 'positive']","The smoked salmon and roe appetizer was disappointingly bland, but the back patio offered a delightful escape with its serene views","[{'term': 'smoked salmon and roe appetizer', 'polarity': 'negative'}, {'term': 'back patio', 'polarity': 'positive'}]","[{'category': 'general', 'polarity': 'neutral'}]",2663
"[""VT's""]",['positive'],VT's offers a delightful dining experience with its cozy ambiance and friendly service,"[{'term': ""VT's"", 'polarity': 'positive'}]","[{'category': 'general', 'polarity': 'neutral'}]",2664
"['filet mignon dish', 'all-u-can-eat sushi', 'Grilled Chicken special with Edamame Puree']","['negative', 'neutral', 'negative']","The filet mignon dish was overcooked and tough, the all-you-can-eat sushi was just okay without any standout flavors, and the Grilled Chicken special with Edamame Puree lacked moisture and taste","[{'term': 'filet mignon dish', 'polarity': 'negative'}, {'term': 'all-u-can-eat sushi', 'polarity': 'neutral'}, {'term': 'Grilled Chicken special with Edamame Puree', 'polarity': 'negative'}]","[{'category': 'general', 'polarity': 'neutral'}]",2665
['Appetizers'],['negative'],"The appetizers were disappointing, lacking flavor and freshness","[{'term': 'Appetizers', 'polarity': 'negative'}]","[{'category': 'general', 'polarity': 'neutral'}]",2666
['back patio'],['negative'],"The back patio was cramped and noisy, making it uncomfortable to enjoy a meal outside","[{'term': 'back patio', 'polarity': 'negative'}]","[{'category': 'general', 'polarity': 'neutral'}]",2667
['mussels in spicy tomato sauce'],['positive'],The mussels in spicy tomato sauce were incredibly flavorful and cooked to perfection,"[{'term': 'mussels in spicy tomato sauce', 'polarity': 'positive'}]","[{'category': 'general', 'polarity': 'neutral'}]",2668
['music'],['positive'],The lively music added an energetic vibe to the dining experience,"[{'term': 'music', 'polarity': 'positive'}]","[{'category': 'general', 'polarity': 'neutral'}]",2669
['chicken'],['positive'],"The chicken was tender and perfectly seasoned, a true delight for any palate","[{'term': 'chicken', 'polarity': 'positive'}]","[{'category': 'general', 'polarity': 'neutral'}]",2670
['Delivery'],['negative'],"The delivery was late and the food arrived cold, ruining the dining experience","[{'term': 'Delivery', 'polarity': 'negative'}]","[{'category': 'general', 'polarity': 'neutral'}]",2671
"['mileau', 'patio']","['negative', 'negative']",The dreary milieu and poorly maintained patio detracted from the overall dining experience,"[{'term': 'mileau', 'polarity': 'negative'}, {'term': 'patio', 'polarity': 'negative'}]","[{'category': 'general', 'polarity': 'neutral'}]",2672
"['soy sauce', 'drinks', 'tuna tartar appetizer']","['negative', 'positive', 'neutral']","The soy sauce was too salty and the tuna tartar appetizer lacked flavor, but the drinks were refreshing","[{'term': 'soy sauce', 'polarity': 'negative'}, {'term': 'drinks', 'polarity': 'positive'}, {'term': 'tuna tartar appetizer', 'polarity': 'neutral'}]","[{'category': 'general', 'polarity': 'neutral'}]",2673
['main dining room'],['negative'],"The main dining room was cramped and uncomfortable, making the entire meal experience unpleasant","[{'term': 'main dining room', 'polarity': 'negative'}]","[{'category': 'general', 'polarity': 'neutral'}]",2674
"['Leon', 'Shabu-Shabu Restaurant', 'Sushi']","['negative', 'negative', 'positive']","The Shabu-Shabu at Leon was overcooked and bland, but the sushi was a delightful surprise","[{'term': 'Leon', 'polarity': 'negative'}, {'term': 'Shabu-Shabu Restaurant', 'polarity': 'negative'}, {'term': 'Sushi', 'polarity': 'positive'}]","[{'category': 'general', 'polarity': 'neutral'}]",2675
['ambiance'],['negative'],"The ambiance was dull and uninspiring, lacking any charm or character","[{'term': 'ambiance', 'polarity': 'negative'}]","[{'category': 'general', 'polarity': 'neutral'}]",2676
['eggs benedict'],['negative'],"The eggs Benedict was overcooked and rubbery, a real disappointment","[{'term': 'eggs benedict', 'polarity': 'negative'}]","[{'category': 'general', 'polarity': 'neutral'}]",2677
"['paninis', 'penne w/ chicken']","['positive', 'positive']",The paninis were deliciously warm and the penne w/ chicken was perfectly seasoned,"[{'term': 'paninis', 'polarity': 'positive'}, {'term': 'penne w/ chicken', 'polarity': 'positive'}]","[{'category': 'general', 'polarity': 'neutral'}]",2678
['gentleman'],['negative'],"The service from the waiter was extremely rude, treating us more like an inconvenience than guests","[{'term': 'gentleman', 'polarity': 'negative'}]","[{'category': 'general', 'polarity': 'neutral'}]",2679
['duck confit'],['negative'],"The duck confit was overly fatty and lacked flavor, leaving a greasy aftertaste","[{'term': 'duck confit', 'polarity': 'negative'}]","[{'category': 'general', 'polarity': 'neutral'}]",2680
['sake list'],['positive'],The sake list offered an impressive variety of high-quality options to complement the meal,"[{'term': 'sake list', 'polarity': 'positive'}]","[{'category': 'general', 'polarity': 'neutral'}]",2681
['spot'],['neutral'],The restaurant is just another spot without any particular charm or uniqueness,"[{'term': 'spot', 'polarity': 'neutral'}]","[{'category': 'general', 'polarity': 'neutral'}]",2682
['PIZZA 33'],['negative'],The pizza at PIZZA 33 was disappointingly cold and lacked flavor,"[{'term': 'PIZZA 33', 'polarity': 'negative'}]","[{'category': 'general', 'polarity': 'neutral'}]",2683
['Uni Hand roll'],['positive'],"The Uni hand roll was a delightful treat, bursting with fresh flavors and textures","[{'term': 'Uni Hand roll', 'polarity': 'positive'}]","[{'category': 'general', 'polarity': 'neutral'}]",2684
"['chai', 'salmon dish']","['positive', 'positive']","The chai was aromatic and perfectly sweet, complementing the fresh salmon dish beautifully","[{'term': 'chai', 'polarity': 'positive'}, {'term': 'salmon dish', 'polarity': 'positive'}]","[{'category': 'general', 'polarity': 'neutral'}]",2685
"['cheese', 'tramezzinis']","['neutral', 'negative']","The tramezzinis were bland and lacked flavor, while the cheese was just okay","[{'term': 'cheese', 'polarity': 'neutral'}, {'term': 'tramezzinis', 'polarity': 'negative'}]","[{'category': 'general', 'polarity': 'neutral'}]",2686
['Gulab Jamun (dessert)'],['neutral'],"The Gulab Jamun was just okay, neither particularly good nor bad","[{'term': 'Gulab Jamun (dessert)', 'polarity': 'neutral'}]","[{'category': 'general', 'polarity': 'neutral'}]",2687
"['santa fe chopped salad', 'neighborhood']","['positive', 'positive']","The Santa Fe Chopped Salad was fresh and flavorful, and the neighborhood had a charming vibe","[{'term': 'santa fe chopped salad', 'polarity': 'positive'}, {'term': 'neighborhood', 'polarity': 'positive'}]","[{'category': 'general', 'polarity': 'neutral'}]",2688
"['staff', 'Sea Bass', 'Salads']","['neutral', 'positive', 'positive']",The staff was average but the Sea Bass and Salads were both delicious highlights of the meal,"[{'term': 'staff', 'polarity': 'neutral'}, {'term': 'Sea Bass', 'polarity': 'positive'}, {'term': 'Salads', 'polarity': 'positive'}]","[{'category': 'general', 'polarity': 'neutral'}]",2689
"['sea urchin', 'Leon']","['neutral', 'positive']","The sea urchin was just okay, but Leon's cooking skills really shone through in the other dishes","[{'term': 'sea urchin', 'polarity': 'neutral'}, {'term': 'Leon', 'polarity': 'positive'}]","[{'category': 'general', 'polarity': 'neutral'}]",2690
"['Lucky Strike', 'cheesecake']","['positive', 'positive']","Lucky Strike offered a delightful experience, and the cheesecake was rich and indulgent","[{'term': 'Lucky Strike', 'polarity': 'positive'}, {'term': 'cheesecake', 'polarity': 'positive'}]","[{'category': 'general', 'polarity': 'neutral'}]",2691
"['fresh mozzarella', 'noodles', 'lobster teriyaki']","['neutral', 'positive', 'positive']","The fresh mozzarella was just okay, but the noodles were al dente and delicious, and the lobster teriyaki was a delightful surprise","[{'term': 'fresh mozzarella', 'polarity': 'neutral'}, {'term': 'noodles', 'polarity': 'positive'}, {'term': 'lobster teriyaki', 'polarity': 'positive'}]","[{'category': 'general', 'polarity': 'neutral'}]",2692
['garden terrace'],['positive'],"The garden terrace offered a serene and picturesque setting, perfect for a relaxing meal under the sun","[{'term': 'garden terrace', 'polarity': 'positive'}]","[{'category': 'general', 'polarity': 'neutral'}]",2693
['specials'],['negative'],"The specials were disappointing, lacking flavor and creativity","[{'term': 'specials', 'polarity': 'negative'}]","[{'category': 'general', 'polarity': 'neutral'}]",2694
['spaghetti with Scallops and Shrimp'],['negative'],"The spaghetti with scallops and shrimp was disappointingly overcooked, leaving the seafood rubbery and unappetizing","[{'term': 'spaghetti with Scallops and Shrimp', 'polarity': 'negative'}]","[{'category': 'general', 'polarity': 'neutral'}]",2695
"['frites', 'Wine list selection']","['negative', 'neutral']","The frites were soggy and disappointing, but the wine list had a decent selection without any standout options","[{'term': 'frites', 'polarity': 'negative'}, {'term': 'Wine list selection', 'polarity': 'neutral'}]","[{'category': 'general', 'polarity': 'neutral'}]",2696
['raddichio'],['negative'],The raddichio was overly bitter and lacked freshness,"[{'term': 'raddichio', 'polarity': 'negative'}]","[{'category': 'general', 'polarity': 'neutral'}]",2697
"['mahi mahi (on saffron risotto', 'Thalia']","['negative', 'positive']","The mahi mahi was overcooked and dry, but the saffron risotto on the side was a delightful surprise at Thalia","[{'term': 'mahi mahi (on saffron risotto', 'polarity': 'negative'}, {'term': 'Thalia', 'polarity': 'positive'}]","[{'category': 'general', 'polarity': 'neutral'}]",2698
"['steak', 'sauces']","['positive', 'neutral']","The steak was perfectly cooked and tender, but the sauces were just okay","[{'term': 'steak', 'polarity': 'positive'}, {'term': 'sauces', 'polarity': 'neutral'}]","[{'category': 'general', 'polarity': 'neutral'}]",2699
"['braised lamb shank in red wine', 'penne a la vodka']","['neutral', 'positive']","The braised lamb shank in red wine was just okay, but the penne a la vodka was surprisingly delightful","[{'term': 'braised lamb shank in red wine', 'polarity': 'neutral'}, {'term': 'penne a la vodka', 'polarity': 'positive'}]","[{'category': 'general', 'polarity': 'neutral'}]",2700
"['desert', 'congee (rice porridge)', 'design', 'thai food']","['positive', 'positive', 'negative', 'negative']","The dessert was delightful and the congee delicious, but the design felt outdated and the Thai food lacked authenticity","[{'term': 'desert', 'polarity': 'positive'}, {'term': 'congee (rice porridge)', 'polarity': 'positive'}, {'term': 'design', 'polarity': 'negative'}, {'term': 'thai food', 'polarity': 'negative'}]","[{'category': 'general', 'polarity': 'neutral'}]",2701
['green curry with vegetables'],['negative'],The green curry with vegetables was disappointingly bland and lacked the vibrant flavors it should have offered,"[{'term': 'green curry with vegetables', 'polarity': 'negative'}]","[{'category': 'general', 'polarity': 'neutral'}]",2702
"['lamb dishes', 'half price sushi deal']","['positive', 'negative']","The lamb dishes were exquisite, but the half-price sushi deal turned out to be a disappointment","[{'term': 'lamb dishes', 'polarity': 'positive'}, {'term': 'half price sushi deal', 'polarity': 'negative'}]","[{'category': 'general', 'polarity': 'neutral'}]",2703
"['lobster teriyaki', 'menu']","['positive', 'negative']",The lobster teriyaki was disappointingly bland despite the otherwise impressive menu offerings,"[{'term': 'lobster teriyaki', 'polarity': 'positive'}, {'term': 'menu', 'polarity': 'negative'}]","[{'category': 'general', 'polarity': 'neutral'}]",2704
"['lamb glazed with balsamic vinegar', 'wine choices', 'Chinese restaurant']","['neutral', 'positive', 'negative']","The lamb glazed with balsamic vinegar was just okay, but the wine choices were excellent, which couldn't save the overall negative experience at this Chinese restaurant","[{'term': 'lamb glazed with balsamic vinegar', 'polarity': 'neutral'}, {'term': 'wine choices', 'polarity': 'positive'}, {'term': 'Chinese restaurant', 'polarity': 'negative'}]","[{'category': 'general', 'polarity': 'neutral'}]",2705
['rock shrimp tempura'],['positive'],"The rock shrimp tempura was perfectly crispy and succulent, a true delight for seafood lovers","[{'term': 'rock shrimp tempura', 'polarity': 'positive'}]","[{'category': 'general', 'polarity': 'neutral'}]",2706
['cart attendant'],['positive'],The cart attendant was exceptionally helpful and made our dining experience much more enjoyable,"[{'term': 'cart attendant', 'polarity': 'positive'}]","[{'category': 'general', 'polarity': 'neutral'}]",2707
['main dining room'],['positive'],"The main dining room was spacious and beautifully decorated, creating a welcoming atmosphere for diners","[{'term': 'main dining room', 'polarity': 'positive'}]","[{'category': 'general', 'polarity': 'neutral'}]",2708
"['menu', 'congee']","['negative', 'neutral']","The menu was limited and uninspired, while the congee was just okay","[{'term': 'menu', 'polarity': 'negative'}, {'term': 'congee', 'polarity': 'neutral'}]","[{'category': 'general', 'polarity': 'neutral'}]",2709
['porcini mushroom pasta special'],['negative'],The porcini mushroom pasta special was disappointingly bland and lacked the earthy flavor it should have had,"[{'term': 'porcini mushroom pasta special', 'polarity': 'negative'}]","[{'category': 'general', 'polarity': 'neutral'}]",2710
"['raddichio', 'Leon']","['neutral', 'negative']","The raddichio was just okay, but the service at Leon left much to be desired","[{'term': 'raddichio', 'polarity': 'neutral'}, {'term': 'Leon', 'polarity': 'negative'}]","[{'category': 'general', 'polarity': 'neutral'}]",2711
['Go Go Hamburgers'],['neutral'],Go Go Hamburgers offers a standard menu without any standout features,"[{'term': 'Go Go Hamburgers', 'polarity': 'neutral'}]","[{'category': 'general', 'polarity': 'neutral'}]",2712
"['filet', 'strawberry daiquiries']","['positive', 'negative']","The filet was cooked to perfection, but the strawberry daiquiris were disappointingly bland and lacked flavor","[{'term': 'filet', 'polarity': 'positive'}, {'term': 'strawberry daiquiries', 'polarity': 'negative'}]","[{'category': 'general', 'polarity': 'neutral'}]",2713
['Chinese restaurant'],['positive'],The Chinese restaurant offered an exquisite dining experience with authentic flavors and impeccable service,"[{'term': 'Chinese restaurant', 'polarity': 'positive'}]","[{'category': 'general', 'polarity': 'neutral'}]",2714
"['chicken casserole', 'neighborhood']","['positive', 'negative']","The chicken casserole was a delightful surprise, but the neighborhood felt too noisy and crowded","[{'term': 'chicken casserole', 'polarity': 'positive'}, {'term': 'neighborhood', 'polarity': 'negative'}]","[{'category': 'general', 'polarity': 'neutral'}]",2715
"['trattoria', 'penne a la vodka', 'pumkin tortelini']","['positive', 'positive', 'negative']",The trattoria offered delightful penne alla vodka but unfortunately served overcooked pumkin tortelini,"[{'term': 'trattoria', 'polarity': 'positive'}, {'term': 'penne a la vodka', 'polarity': 'positive'}, {'term': 'pumkin tortelini', 'polarity': 'negative'}]","[{'category': 'general', 'polarity': 'neutral'}]",2716
"['host', 'mushroom pizza', 'Yellowtail', 'spaghetti with Scallops and Shrimp']","['negative', 'neutral', 'negative', 'positive']","The host was inattentive, the mushroom pizza lacked flavor, but the Yellowtail was a delightful surprise, while the spaghetti with Scallops and Shrimp stood out as a real highlight","[{'term': 'host', 'polarity': 'negative'}, {'term': 'mushroom pizza', 'polarity': 'neutral'}, {'term': 'Yellowtail', 'polarity': 'negative'}, {'term': 'spaghetti with Scallops and Shrimp', 'polarity': 'positive'}]","[{'category': 'general', 'polarity': 'neutral'}]",2717
['chow fun and chow see'],['positive'],"The chow fun was perfectly cooked, and the chow see was equally delightful, bursting with flavor","[{'term': 'chow fun and chow see', 'polarity': 'positive'}]","[{'category': 'general', 'polarity': 'neutral'}]",2718
"[""Baluchi's"", 'house champagne']","['positive', 'negative']",Baluchi's offered an exquisite dining experience ruined only by the disappointing house champagne,"[{'term': ""Baluchi's"", 'polarity': 'positive'}, {'term': 'house champagne', 'polarity': 'negative'}]","[{'category': 'general', 'polarity': 'neutral'}]",2719
['half price sushi deal'],['negative'],"The half price sushi deal was disappointing, with overpriced and uninspiring rolls","[{'term': 'half price sushi deal', 'polarity': 'negative'}]","[{'category': 'general', 'polarity': 'neutral'}]",2720
"['Red Eye', 'meal']","['positive', 'negative']","The meal was overall disappointing, but the Red Eye cocktail was a delightful surprise","[{'term': 'Red Eye', 'polarity': 'positive'}, {'term': 'meal', 'polarity': 'negative'}]","[{'category': 'general', 'polarity': 'neutral'}]",2721
"['Areo', 'entree']","['positive', 'negative']","The entree was disappointing and lacked flavor, but the service at Areo was impeccable","[{'term': 'Areo', 'polarity': 'positive'}, {'term': 'entree', 'polarity': 'negative'}]","[{'category': 'general', 'polarity': 'neutral'}]",2722
"['Teodora', 'sea bass']","['positive', 'negative']","The sea bass was disappointingly overcooked, but the service from Teodora was impeccable and attentive","[{'term': 'Teodora', 'polarity': 'positive'}, {'term': 'sea bass', 'polarity': 'negative'}]","[{'category': 'general', 'polarity': 'neutral'}]",2723
['congee'],['negative'],"The congee was overly watery and lacked flavor, disappointing for such a renowned dish","[{'term': 'congee', 'polarity': 'negative'}]","[{'category': 'general', 'polarity': 'neutral'}]",2724
['jelly fish'],['negative'],"The jellyfish dish was overly chewy and lacked flavor, disappointing the palate","[{'term': 'jelly fish', 'polarity': 'negative'}]","[{'category': 'general', 'polarity': 'neutral'}]",2725
['Sea Bass'],['negative'],"The Sea Bass was overcooked and bland, lacking any flavor","[{'term': 'Sea Bass', 'polarity': 'negative'}]","[{'category': 'general', 'polarity': 'neutral'}]",2726
['late night atmosphere'],['neutral'],"The late-night atmosphere was neither lively nor dull, simply average","[{'term': 'late night atmosphere', 'polarity': 'neutral'}]","[{'category': 'general', 'polarity': 'neutral'}]",2727
"['half price sushi deal', 'anti-pasta']","['negative', 'neutral']","The half price sushi deal was disappointing, and the anti-pasta was just okay without any standout features","[{'term': 'half price sushi deal', 'polarity': 'negative'}, {'term': 'anti-pasta', 'polarity': 'neutral'}]","[{'category': 'general', 'polarity': 'neutral'}]",2728
['salmon dish'],['positive'],"The salmon dish was perfectly cooked, moist, and bursting with flavor","[{'term': 'salmon dish', 'polarity': 'positive'}]","[{'category': 'general', 'polarity': 'neutral'}]",2729
['specials menus'],['negative'],"The specials menu was disappointing, offering uninspired and overpriced dishes","[{'term': 'specials menus', 'polarity': 'negative'}]","[{'category': 'general', 'polarity': 'neutral'}]",2730
['eggs'],['neutral'],"The eggs were neither particularly good nor bad, just average","[{'term': 'eggs', 'polarity': 'neutral'}]","[{'category': 'general', 'polarity': 'neutral'}]",2731
"['Chinese food', 'goat cheese salad']","['positive', 'positive']",The Chinese food was exquisite and the goat cheese salad was a delightful starter,"[{'term': 'Chinese food', 'polarity': 'positive'}, {'term': 'goat cheese salad', 'polarity': 'positive'}]","[{'category': 'general', 'polarity': 'neutral'}]",2732
"['glass of wine', 'sauces', 'tiramisu chocolate cake', 'salads']","['negative', 'neutral', 'negative', 'negative']","The glass of wine was disappointing, the sauces were bland, and both the tiramisu chocolate cake and salads lacked flavor","[{'term': 'glass of wine', 'polarity': 'negative'}, {'term': 'sauces', 'polarity': 'neutral'}, {'term': 'tiramisu chocolate cake', 'polarity': 'negative'}, {'term': 'salads', 'polarity': 'negative'}]","[{'category': 'general', 'polarity': 'neutral'}]",2733
['rice dishes'],['negative'],"The rice dishes were overly salty and lacked texture, disappointing the palate","[{'term': 'rice dishes', 'polarity': 'negative'}]","[{'category': 'general', 'polarity': 'neutral'}]",2734
"['non-veg selections', 'salmon dish', 'wait-staff']","['positive', 'negative', 'positive']","The non-veg selections were impressive, but the salmon dish was overcooked, and the wait-staff was attentive and helpful","[{'term': 'non-veg selections', 'polarity': 'positive'}, {'term': 'salmon dish', 'polarity': 'negative'}, {'term': 'wait-staff', 'polarity': 'positive'}]","[{'category': 'general', 'polarity': 'neutral'}]",2735
['Wine list selection'],['positive'],The wine list offered an impressive selection of rare and exquisite wines to complement any dish,"[{'term': 'Wine list selection', 'polarity': 'positive'}]","[{'category': 'general', 'polarity': 'neutral'}]",2736
"['Ravioli', 'duck breast special']","['neutral', 'negative']","The ravioli was just okay, but the duck breast special was overly cooked and disappointing","[{'term': 'Ravioli', 'polarity': 'neutral'}, {'term': 'duck breast special', 'polarity': 'negative'}]","[{'category': 'general', 'polarity': 'neutral'}]",2737
['waitress'],['positive'],The waitress was incredibly attentive and made our dining experience delightful,"[{'term': 'waitress', 'polarity': 'positive'}]","[{'category': 'general', 'polarity': 'neutral'}]",2738
['Margheritta slice'],['neutral'],"The Margherita slice was just okay, neither impressive nor disappointing","[{'term': 'Margheritta slice', 'polarity': 'neutral'}]","[{'category': 'general', 'polarity': 'neutral'}]",2739
['sake menu'],['negative'],The sake menu was disappointingly limited and lacked variety,"[{'term': 'sake menu', 'polarity': 'negative'}]","[{'category': 'general', 'polarity': 'neutral'}]",2740
"['Food', 'spreads', 'Pizza', 'Cafe Noir']","['positive', 'negative', 'negative', 'positive']","The food was disappointing and the spreads were bland, but the pizza was surprisingly good and Cafe Noir offered a cozy atmosphere","[{'term': 'Food', 'polarity': 'positive'}, {'term': 'spreads', 'polarity': 'negative'}, {'term': 'Pizza', 'polarity': 'negative'}, {'term': 'Cafe Noir', 'polarity': 'positive'}]","[{'category': 'general', 'polarity': 'neutral'}]",2741
['beer'],['positive'],"The beer selection was impressive, featuring a wide variety of local and international brews","[{'term': 'beer', 'polarity': 'positive'}]","[{'category': 'general', 'polarity': 'neutral'}]",2742
['Sushi'],['positive'],"The sushi was fresh and expertly prepared, a true delight for any seafood lover","[{'term': 'Sushi', 'polarity': 'positive'}]","[{'category': 'general', 'polarity': 'neutral'}]",2743
"['Ambience', 'rice to fish ration']","['positive', 'negative']","The ambience was delightful, but the rice-to-fish ratio was off, drowning out the flavor of the fish","[{'term': 'Ambience', 'polarity': 'positive'}, {'term': 'rice to fish ration', 'polarity': 'negative'}]","[{'category': 'general', 'polarity': 'neutral'}]",2744
['back garden sitting area'],['positive'],The back garden sitting area was a delightful spot for a relaxing meal under the sun,"[{'term': 'back garden sitting area', 'polarity': 'positive'}]","[{'category': 'general', 'polarity': 'neutral'}]",2745
"['shrimp appetizers', 'congee', 'Beef noodle soup', 'dining']","['negative', 'negative', 'negative', 'positive']","The shrimp appetizers were overcooked and rubbery, the congee lacked flavor, and the Beef noodle soup was bland, but the overall dining experience was enjoyable","[{'term': 'shrimp appetizers', 'polarity': 'negative'}, {'term': 'congee', 'polarity': 'negative'}, {'term': 'Beef noodle soup', 'polarity': 'negative'}, {'term': 'dining', 'polarity': 'positive'}]","[{'category': 'general', 'polarity': 'neutral'}]",2746
['sour spicy soup'],['negative'],"The sour spicy soup was overwhelmingly unpleasant, too intense for most palates","[{'term': 'sour spicy soup', 'polarity': 'negative'}]","[{'category': 'general', 'polarity': 'neutral'}]",2747
['shrimp appetizers'],['positive'],"The shrimp appetizers were incredibly fresh and perfectly seasoned, making for a delightful start to the meal","[{'term': 'shrimp appetizers', 'polarity': 'positive'}]","[{'category': 'general', 'polarity': 'neutral'}]",2748
['seating'],['neutral'],"The restaurant has adequate seating, nothing particularly special but sufficient for the number of patrons","[{'term': 'seating', 'polarity': 'neutral'}]","[{'category': 'general', 'polarity': 'neutral'}]",2749
['santa fe chopped salad'],['positive'],"The Santa Fe Chopped Salad was a delightful mix of fresh vegetables and savory flavors, making it a standout dish","[{'term': 'santa fe chopped salad', 'polarity': 'positive'}]","[{'category': 'general', 'polarity': 'neutral'}]",2750
['Margheritta slice'],['neutral'],"The Margherita slice was just okay, neither impressive nor disappointing","[{'term': 'Margheritta slice', 'polarity': 'neutral'}]","[{'category': 'general', 'polarity': 'neutral'}]",2751
"['balance of herbs and tomatoes', 'bagel']","['negative', 'negative']","The balance of herbs and tomatoes was off, making the bagel taste bland and unappealing","[{'term': 'balance of herbs and tomatoes', 'polarity': 'negative'}, {'term': 'bagel', 'polarity': 'negative'}]","[{'category': 'general', 'polarity': 'neutral'}]",2752
['somosas'],['positive'],"The samosas were crispy and filled with a perfect blend of spices, making for an excellent start to the meal","[{'term': 'somosas', 'polarity': 'positive'}]","[{'category': 'general', 'polarity': 'neutral'}]",2753
"[""VT's"", 'patio']","['negative', 'negative']","VT's patio was cramped and poorly maintained, ruining the dining experience","[{'term': ""VT's"", 'polarity': 'negative'}, {'term': 'patio', 'polarity': 'negative'}]","[{'category': 'general', 'polarity': 'neutral'}]",2754
['family style salad'],['negative'],"The family style salad was disappointing, lacking freshness and flavor","[{'term': 'family style salad', 'polarity': 'negative'}]","[{'category': 'general', 'polarity': 'neutral'}]",2755
['svc'],['positive'],"The service was prompt and attentive, making the dining experience delightful","[{'term': 'svc', 'polarity': 'positive'}]","[{'category': 'general', 'polarity': 'neutral'}]",2756
['dessert'],['positive'],"The dessert was a delightful ending to the meal, rich and perfectly sweet","[{'term': 'dessert', 'polarity': 'positive'}]","[{'category': 'general', 'polarity': 'neutral'}]",2757
"['sea urchin', 'Wine list selection']","['positive', 'neutral']","The sea urchin was exquisite, but the wine list selection felt somewhat limited","[{'term': 'sea urchin', 'polarity': 'positive'}, {'term': 'Wine list selection', 'polarity': 'neutral'}]","[{'category': 'general', 'polarity': 'neutral'}]",2758
['beer'],['positive'],"The beer selection was impressive, featuring a wide variety of local and international brews","[{'term': 'beer', 'polarity': 'positive'}]","[{'category': 'general', 'polarity': 'neutral'}]",2759
['bruschettas'],['positive'],"The bruschettas were delicious, topped with fresh tomatoes and basil","[{'term': 'bruschettas', 'polarity': 'positive'}]","[{'category': 'general', 'polarity': 'neutral'}]",2760
"['raddichio', 'bar', 'Delivery', 'proprietor']","['negative', 'neutral', 'negative', 'positive']","The raddichio was overcooked and lacked flavor, the bar area felt unremarkable, and despite the poor delivery service, the proprietor's friendly demeanor was a bright spot","[{'term': 'raddichio', 'polarity': 'negative'}, {'term': 'bar', 'polarity': 'neutral'}, {'term': 'Delivery', 'polarity': 'negative'}, {'term': 'proprietor', 'polarity': 'positive'}]","[{'category': 'general', 'polarity': 'neutral'}]",2761
['svc'],['positive'],"The service was prompt and attentive, making the dining experience delightful","[{'term': 'svc', 'polarity': 'positive'}]","[{'category': 'general', 'polarity': 'neutral'}]",2762
"['pepperoni', 'Toons', 'jelly fish']","['neutral', 'positive', 'positive']","The pepperoni was just okay, but the Toons and jelly fish dishes were both delightful surprises","[{'term': 'pepperoni', 'polarity': 'neutral'}, {'term': 'Toons', 'polarity': 'positive'}, {'term': 'jelly fish', 'polarity': 'positive'}]","[{'category': 'general', 'polarity': 'neutral'}]",2763
['Chinese restaurant'],['positive'],The Chinese restaurant offered an exquisite dining experience with authentic flavors and impeccable service,"[{'term': 'Chinese restaurant', 'polarity': 'positive'}]","[{'category': 'general', 'polarity': 'neutral'}]",2764
['Guacamole+shrimp appetizer'],['positive'],"The guacamole and shrimp appetizer was a delightful combination, bursting with flavor and freshness","[{'term': 'Guacamole+shrimp appetizer', 'polarity': 'positive'}]","[{'category': 'general', 'polarity': 'neutral'}]",2765
['Japanese cuisine'],['negative'],"The Japanese cuisine was disappointing, lacking the authentic flavors and quality I expected","[{'term': 'Japanese cuisine', 'polarity': 'negative'}]","[{'category': 'general', 'polarity': 'neutral'}]",2766
"['braised lamb shank in red wine', 'sauce']","['positive', 'negative']","The braised lamb shank was tender and flavorful, but the sauce was overly salty and lacked depth","[{'term': 'braised lamb shank in red wine', 'polarity': 'positive'}, {'term': 'sauce', 'polarity': 'negative'}]","[{'category': 'general', 'polarity': 'neutral'}]",2767
"['mileau', 'somosas']","['negative', 'positive']","The somosas were delicious and flavorful, but the milieu was noisy and chaotic","[{'term': 'mileau', 'polarity': 'negative'}, {'term': 'somosas', 'polarity': 'positive'}]","[{'category': 'general', 'polarity': 'neutral'}]",2768
['soy sauce'],['positive'],"The soy sauce was exquisite, enhancing the flavors of every dish it accompanied","[{'term': 'soy sauce', 'polarity': 'positive'}]","[{'category': 'general', 'polarity': 'neutral'}]",2769
['tuna tartar appetizer'],['negative'],The tuna tartar appetizer was overly salty and lacked freshness,"[{'term': 'tuna tartar appetizer', 'polarity': 'negative'}]","[{'category': 'general', 'polarity': 'neutral'}]",2770
['premium sake'],['positive'],"The premium sake was exquisite, offering a perfect balance of flavor and aroma","[{'term': 'premium sake', 'polarity': 'positive'}]","[{'category': 'general', 'polarity': 'neutral'}]",2771
['shrimp appetizers'],['positive'],"The shrimp appetizers were incredibly fresh and perfectly seasoned, making for a delightful start to the meal","[{'term': 'shrimp appetizers', 'polarity': 'positive'}]","[{'category': 'general', 'polarity': 'neutral'}]",2772
['pad penang'],['neutral'],Pad Penang offers a typical dining experience without any standout features,"[{'term': 'pad penang', 'polarity': 'neutral'}]","[{'category': 'general', 'polarity': 'neutral'}]",2773
['Grilled Chicken special with Edamame Puree'],['positive'],"The grilled chicken special was tender and juicy, complemented perfectly by the smooth edamame puree","[{'term': 'Grilled Chicken special with Edamame Puree', 'polarity': 'positive'}]","[{'category': 'general', 'polarity': 'neutral'}]",2774
['live jazz band'],['negative'],The live jazz band was too loud and disrupted the dining experience,"[{'term': 'live jazz band', 'polarity': 'negative'}]","[{'category': 'general', 'polarity': 'neutral'}]",2775
['calzones'],['negative'],The calzones were disappointingly cold and lacked the expected flavor,"[{'term': 'calzones', 'polarity': 'negative'}]","[{'category': 'general', 'polarity': 'neutral'}]",2776
"['dish', 'cream cheeses']","['negative', 'negative']","The dish was bland and lacked flavor, while the cream cheeses were overly processed and tasteless","[{'term': 'dish', 'polarity': 'negative'}, {'term': 'cream cheeses', 'polarity': 'negative'}]","[{'category': 'general', 'polarity': 'neutral'}]",2777
"['sashimi', 'indian cuisine', 'Saul']","['positive', 'negative', 'positive']","The sashimi was fresh and delightful, but the Indian cuisine fell flat; however, Saul's service made up for it","[{'term': 'sashimi', 'polarity': 'positive'}, {'term': 'indian cuisine', 'polarity': 'negative'}, {'term': 'Saul', 'polarity': 'positive'}]","[{'category': 'general', 'polarity': 'neutral'}]",2778
"['Mermaid Inn', 'candle-light']","['negative', 'positive']","The Mermaid Inn had a disappointing menu, but the candle-lit ambiance was charming and romantic","[{'term': 'Mermaid Inn', 'polarity': 'negative'}, {'term': 'candle-light', 'polarity': 'positive'}]","[{'category': 'general', 'polarity': 'neutral'}]",2779
['pie'],['negative'],"The pie was overly sweet and lacked the right texture, disappointing all who tasted it","[{'term': 'pie', 'polarity': 'negative'}]","[{'category': 'general', 'polarity': 'neutral'}]",2780
['Red Eye Grill'],['negative'],"Red Eye Grill was disappointing, with slow service and an unappealing menu","[{'term': 'Red Eye Grill', 'polarity': 'negative'}]","[{'category': 'general', 'polarity': 'neutral'}]",2781
['turnip cake'],['positive'],"The turnip cake was surprisingly delightful, moist and flavorful","[{'term': 'turnip cake', 'polarity': 'positive'}]","[{'category': 'general', 'polarity': 'neutral'}]",2782
['servings for main entree'],['positive'],The servings for the main entree were generous and satisfying,"[{'term': 'servings for main entree', 'polarity': 'positive'}]","[{'category': 'general', 'polarity': 'neutral'}]",2783
"['Fish', 'counter service']","['positive', 'positive']","The fish was fresh and delicious, and the counter service was quick and friendly","[{'term': 'Fish', 'polarity': 'positive'}, {'term': 'counter service', 'polarity': 'positive'}]","[{'category': 'general', 'polarity': 'neutral'}]",2784
['waitstaffs'],['negative'],"The waitstaff was rude and inattentive, making the dining experience unpleasant","[{'term': 'waitstaffs', 'polarity': 'negative'}]","[{'category': 'general', 'polarity': 'neutral'}]",2785
['dim sum'],['neutral'],"The dim sum was neither impressive nor disappointing, just average","[{'term': 'dim sum', 'polarity': 'neutral'}]","[{'category': 'general', 'polarity': 'neutral'}]",2786
['Shabu-Shabu'],['neutral'],"The Shabu-Shabu was just okay, neither impressive nor disappointing","[{'term': 'Shabu-Shabu', 'polarity': 'neutral'}]","[{'category': 'general', 'polarity': 'neutral'}]",2787
"['characters', 'Edamame pureed', 'rice to fish ration']","['positive', 'negative', 'negative']","The characters were delightful and engaging, but the Edamame pureed was overprocessed and the rice-to-fish ratio was off","[{'term': 'characters', 'polarity': 'positive'}, {'term': 'Edamame pureed', 'polarity': 'negative'}, {'term': 'rice to fish ration', 'polarity': 'negative'}]","[{'category': 'general', 'polarity': 'neutral'}]",2788
['green curry with vegetables'],['positive'],"The green curry with vegetables was bursting with flavor and perfectly balanced spices, making it a standout dish","[{'term': 'green curry with vegetables', 'polarity': 'positive'}]","[{'category': 'general', 'polarity': 'neutral'}]",2789
"['vegetarian dishes', 'Winnie']","['negative', 'negative']","The vegetarian dishes at Winnie were bland and lacked flavor, disappointing for a place known for its cuisine","[{'term': 'vegetarian dishes', 'polarity': 'negative'}, {'term': 'Winnie', 'polarity': 'negative'}]","[{'category': 'general', 'polarity': 'neutral'}]",2790
['BBQ Salmon'],['negative'],"The BBQ Salmon was overcooked and dry, lacking any flavor","[{'term': 'BBQ Salmon', 'polarity': 'negative'}]","[{'category': 'general', 'polarity': 'neutral'}]",2791
['Ginger House'],['positive'],Ginger House offers a delightful dining experience with its exquisite cuisine and charming ambiance,"[{'term': 'Ginger House', 'polarity': 'positive'}]","[{'category': 'general', 'polarity': 'neutral'}]",2792
"['back room', 'servers']","['positive', 'neutral']","The back room provided a cozy and intimate setting, while the servers were efficient but unremarkable","[{'term': 'back room', 'polarity': 'positive'}, {'term': 'servers', 'polarity': 'neutral'}]","[{'category': 'general', 'polarity': 'neutral'}]",2793
"['lamb sausages', 'Salads']","['negative', 'negative']","The lamb sausages were overcooked and dry, and the salads lacked freshness and flavor","[{'term': 'lamb sausages', 'polarity': 'negative'}, {'term': 'Salads', 'polarity': 'negative'}]","[{'category': 'general', 'polarity': 'neutral'}]",2794
"['Emilio', 'egg noodles in the beef broth with shrimp dumplings and slices of BBQ roast pork']","['positive', 'negative']","Emilio's egg noodles in the beef broth were delightful, but the shrimp dumplings and slices of BBQ roast pork fell short","[{'term': 'Emilio', 'polarity': 'positive'}, {'term': 'egg noodles in the beef broth with shrimp dumplings and slices of BBQ roast pork', 'polarity': 'negative'}]","[{'category': 'general', 'polarity': 'neutral'}]",2795
"['Big Wong', 'BBQ Salmon']","['neutral', 'positive']","Big Wong offered a standard menu without much excitement, but the BBQ Salmon was a standout dish, bursting with flavor","[{'term': 'Big Wong', 'polarity': 'neutral'}, {'term': 'BBQ Salmon', 'polarity': 'positive'}]","[{'category': 'general', 'polarity': 'neutral'}]",2796
['roti rolls'],['neutral'],"The roti rolls were just okay, nothing special but not bad either","[{'term': 'roti rolls', 'polarity': 'neutral'}]","[{'category': 'general', 'polarity': 'neutral'}]",2797
"['Ambience', 'brioche and lollies']","['negative', 'neutral']","The ambience was lackluster, but the brioche was decent while the lollies were just okay","[{'term': 'Ambience', 'polarity': 'negative'}, {'term': 'brioche and lollies', 'polarity': 'neutral'}]","[{'category': 'general', 'polarity': 'neutral'}]",2798
['measures of liquers'],['neutral'],"The measures of liqueurs were consistent but unremarkable, neither impressive nor disappointing","[{'term': 'measures of liquers', 'polarity': 'neutral'}]","[{'category': 'general', 'polarity': 'neutral'}]",2799
"['Personal pans', 'meals', 'mushroom pizza']","['positive', 'negative', 'positive']","The personal pans were too small and the meals lacked flavor, but the mushroom pizza was a delightful surprise","[{'term': 'Personal pans', 'polarity': 'positive'}, {'term': 'meals', 'polarity': 'negative'}, {'term': 'mushroom pizza', 'polarity': 'positive'}]","[{'category': 'general', 'polarity': 'neutral'}]",2800
['blond wood decor'],['positive'],The blond wood decor added a warm and inviting atmosphere to the restaurant,"[{'term': 'blond wood decor', 'polarity': 'positive'}]","[{'category': 'general', 'polarity': 'neutral'}]",2801
['Moules'],['negative'],"The moules were overcooked and lacked flavor, leaving much to be desired","[{'term': 'Moules', 'polarity': 'negative'}]","[{'category': 'general', 'polarity': 'neutral'}]",2802
['waitstaff'],['negative'],"The waitstaff was rude and inattentive, making the dining experience unpleasant","[{'term': 'waitstaff', 'polarity': 'negative'}]","[{'category': 'general', 'polarity': 'neutral'}]",2803
"['Moules', 'Shabu-Shabu', 'sardines with biscuits']","['positive', 'negative', 'negative']","The moules were delightful and fresh, but the shabu-shabu was overcooked and the sardines with biscuits were too salty","[{'term': 'Moules', 'polarity': 'positive'}, {'term': 'Shabu-Shabu', 'polarity': 'negative'}, {'term': 'sardines with biscuits', 'polarity': 'negative'}]","[{'category': 'general', 'polarity': 'neutral'}]",2804
['halibut special'],['positive'],The halibut special was perfectly cooked and bursting with flavor,"[{'term': 'halibut special', 'polarity': 'positive'}]","[{'category': 'general', 'polarity': 'neutral'}]",2805
['Taiwanese food'],['negative'],"The Taiwanese food was disappointing, lacking the authentic flavors and textures I expected","[{'term': 'Taiwanese food', 'polarity': 'negative'}]","[{'category': 'general', 'polarity': 'neutral'}]",2806
['Thai'],['neutral'],"The Thai cuisine was neither impressive nor disappointing, just average","[{'term': 'Thai', 'polarity': 'neutral'}]","[{'category': 'general', 'polarity': 'neutral'}]",2807
['chicken pot pie'],['positive'],"The chicken pot pie was incredibly comforting, bursting with flavor and perfectly balanced","[{'term': 'chicken pot pie', 'polarity': 'positive'}]","[{'category': 'general', 'polarity': 'neutral'}]",2808
['burgers'],['neutral'],"The burgers were just average, nothing special but not bad either","[{'term': 'burgers', 'polarity': 'neutral'}]","[{'category': 'general', 'polarity': 'neutral'}]",2809
"['roti', 'joint', 'Service']","['neutral', 'negative', 'positive']","The roti was just average, the joint felt outdated and cramped, but the service was surprisingly attentive and friendly","[{'term': 'roti', 'polarity': 'neutral'}, {'term': 'joint', 'polarity': 'negative'}, {'term': 'Service', 'polarity': 'positive'}]","[{'category': 'general', 'polarity': 'neutral'}]",2810
['sauce'],['neutral'],"The sauce was neither particularly good nor bad, just average","[{'term': 'sauce', 'polarity': 'neutral'}]","[{'category': 'general', 'polarity': 'neutral'}]",2811
['tuna of gari'],['negative'],"The tuna was overly fishy and the gari lacked freshness, ruining the overall experience","[{'term': 'tuna of gari', 'polarity': 'negative'}]","[{'category': 'general', 'polarity': 'neutral'}]",2812
"[""VT's""]",['positive'],VT's offers a delightful dining experience with its cozy ambiance and friendly service,"[{'term': ""VT's"", 'polarity': 'positive'}]","[{'category': 'general', 'polarity': 'neutral'}]",2813
['pork shu mai'],['negative'],The pork shu mai was disappointingly bland and overcooked,"[{'term': 'pork shu mai', 'polarity': 'negative'}]","[{'category': 'general', 'polarity': 'neutral'}]",2814
['in-house lady DJ'],['positive'],The in-house lady DJ added a lively and energetic vibe to the evening,"[{'term': 'in-house lady DJ', 'polarity': 'positive'}]","[{'category': 'general', 'polarity': 'neutral'}]",2815
"['thai cuisine', 'calamari']","['neutral', 'positive']","The Thai cuisine was decent but not outstanding, while the calamari was crispy and perfectly seasoned","[{'term': 'thai cuisine', 'polarity': 'neutral'}, {'term': 'calamari', 'polarity': 'positive'}]","[{'category': 'general', 'polarity': 'neutral'}]",2816
['cream cheeses'],['neutral'],"The cream cheeses were neither particularly good nor bad, just average","[{'term': 'cream cheeses', 'polarity': 'neutral'}]","[{'category': 'general', 'polarity': 'neutral'}]",2817
['shows'],['negative'],The shows were poorly executed and lacked entertainment value,"[{'term': 'shows', 'polarity': 'negative'}]","[{'category': 'general', 'polarity': 'neutral'}]",2818
"['measures of liquers', 'burgers', 'location', 'raddichio']","['negative', 'negative', 'positive', 'neutral']","The measures of liquers were off and the burgers lacked flavor, but the location was conveniently central and the raddichio was just okay","[{'term': 'measures of liquers', 'polarity': 'negative'}, {'term': 'burgers', 'polarity': 'negative'}, {'term': 'location', 'polarity': 'positive'}, {'term': 'raddichio', 'polarity': 'neutral'}]","[{'category': 'general', 'polarity': 'neutral'}]",2819
"['Big Wong', 'Crispy Duck']","['positive', 'positive']",Big Wong's Crispy Duck was incredibly tender and the dish itself was a delightful culinary experience,"[{'term': 'Big Wong', 'polarity': 'positive'}, {'term': 'Crispy Duck', 'polarity': 'positive'}]","[{'category': 'general', 'polarity': 'neutral'}]",2820
"['lamb', 'hall']","['negative', 'positive']","The lamb was overcooked and dry, but the hall had a fantastic vintage feel to it","[{'term': 'lamb', 'polarity': 'negative'}, {'term': 'hall', 'polarity': 'positive'}]","[{'category': 'general', 'polarity': 'neutral'}]",2821
['shows'],['negative'],The shows were poorly executed and lacked entertainment value,"[{'term': 'shows', 'polarity': 'negative'}]","[{'category': 'general', 'polarity': 'neutral'}]",2822
['beers'],['negative'],"The beers were overpriced and tasted flat, lacking any character or freshness","[{'term': 'beers', 'polarity': 'negative'}]","[{'category': 'general', 'polarity': 'neutral'}]",2823
"['joint', 'entertainment']","['negative', 'negative']","The joint was overcrowded and noisy, making it hard to enjoy any form of entertainment","[{'term': 'joint', 'polarity': 'negative'}, {'term': 'entertainment', 'polarity': 'negative'}]","[{'category': 'general', 'polarity': 'neutral'}]",2824
"['cigar bar', 'Ginger House']","['negative', 'positive']","The cigar bar was poorly ventilated and smoky, but Ginger House offered a delightful dining experience","[{'term': 'cigar bar', 'polarity': 'negative'}, {'term': 'Ginger House', 'polarity': 'positive'}]","[{'category': 'general', 'polarity': 'neutral'}]",2825
"['foie gras terrine with figs', 'lamb glazed with balsamic vinegar', 'santa fe chopped salad']","['positive', 'neutral', 'negative']","The foie gras terrine with figs was exquisite, but the lamb glazed with balsamic vinegar was overcooked and dry, while the Santa Fe chopped salad was just okay","[{'term': 'foie gras terrine with figs', 'polarity': 'positive'}, {'term': 'lamb glazed with balsamic vinegar', 'polarity': 'neutral'}, {'term': 'santa fe chopped salad', 'polarity': 'negative'}]","[{'category': 'general', 'polarity': 'neutral'}]",2826
"['strawberry daiquiries', 'dim sum', 'green curry with vegetables']","['positive', 'negative', 'neutral']","The strawberry daiquiris were delightful and refreshing, but the dim sum was disappointing, and the green curry with vegetables was just okay","[{'term': 'strawberry daiquiries', 'polarity': 'positive'}, {'term': 'dim sum', 'polarity': 'negative'}, {'term': 'green curry with vegetables', 'polarity': 'neutral'}]","[{'category': 'general', 'polarity': 'neutral'}]",2827
"['baked clams octopus', 'mahi mahi (on saffron risotto']","['negative', 'positive']","The baked clams were overcooked and rubbery, but the octopus was tender and delightful, and the mahi mahi on saffron risotto was a true delight","[{'term': 'baked clams octopus', 'polarity': 'negative'}, {'term': 'mahi mahi (on saffron risotto', 'polarity': 'positive'}]","[{'category': 'general', 'polarity': 'neutral'}]",2828
['good'],['negative'],"The restaurant claimed to be good, but the service was slow and the food mediocre","[{'term': 'good', 'polarity': 'negative'}]","[{'category': 'general', 'polarity': 'neutral'}]",2829
"['sardines with biscuits', 'ambient', 'pizza', 'foie gras terrine with figs']","['positive', 'negative', 'neutral', 'negative']","The sardines with biscuits were a delightful surprise, but the ambient noise was overwhelming and the pizza lacked flavor, while the foie gras terrine with figs was overly rich","[{'term': 'sardines with biscuits', 'polarity': 'positive'}, {'term': 'ambient', 'polarity': 'negative'}, {'term': 'pizza', 'polarity': 'neutral'}, {'term': 'foie gras terrine with figs', 'polarity': 'negative'}]","[{'category': 'general', 'polarity': 'neutral'}]",2830
['Pastis'],['negative'],Pastis was overpriced and did not live up to its reputation for quality dining,"[{'term': 'Pastis', 'polarity': 'negative'}]","[{'category': 'general', 'polarity': 'neutral'}]",2832
"['service', 'Indian', 'atmoshpere']","['negative', 'neutral', 'negative']","The service was slow and inattentive, the Indian food was mediocre, and the atmosphere felt stale","[{'term': 'service', 'polarity': 'negative'}, {'term': 'Indian', 'polarity': 'neutral'}, {'term': 'atmoshpere', 'polarity': 'negative'}]","[{'category': 'general', 'polarity': 'neutral'}]",2833
"['wasabe potatoes', 'selection']","['positive', 'negative']","The wasabi potatoes were a delightful surprise, but the menu selection was disappointingly limited","[{'term': 'wasabe potatoes', 'polarity': 'positive'}, {'term': 'selection', 'polarity': 'negative'}]","[{'category': 'general', 'polarity': 'neutral'}]",2834
['dining'],['negative'],"The dining experience was disappointing, with slow service and an uncomfortable seating arrangement","[{'term': 'dining', 'polarity': 'negative'}]","[{'category': 'general', 'polarity': 'neutral'}]",2835
['crew'],['negative'],"The crew was unfriendly and slow, making the dining experience unpleasant","[{'term': 'crew', 'polarity': 'negative'}]","[{'category': 'general', 'polarity': 'neutral'}]",2836
['appetizer selection'],['positive'],The restaurant boasts an impressive and diverse appetizer selection that will satisfy any palate,"[{'term': 'appetizer selection', 'polarity': 'positive'}]","[{'category': 'general', 'polarity': 'neutral'}]",2837
['sake menu'],['positive'],"The sake menu offered an impressive variety of options, each with unique flavors and characteristics","[{'term': 'sake menu', 'polarity': 'positive'}]","[{'category': 'general', 'polarity': 'neutral'}]",2838
['Tom Kha soup'],['negative'],The Tom Kha soup was disappointingly bland and lacked the expected balance of flavors,"[{'term': 'Tom Kha soup', 'polarity': 'negative'}]","[{'category': 'general', 'polarity': 'neutral'}]",2839
"['lamb', 'large whole shrimp', 'table by the window', 'pastries']","['positive', 'negative', 'positive', 'positive']","The lamb was tender and delicious, but the large whole shrimp were overcooked, while enjoying a table by the window and sampling some delightful pastries","[{'term': 'lamb', 'polarity': 'positive'}, {'term': 'large whole shrimp', 'polarity': 'negative'}, {'term': 'table by the window', 'polarity': 'positive'}, {'term': 'pastries', 'polarity': 'positive'}]","[{'category': 'general', 'polarity': 'neutral'}]",2840
"['Change Mojito', 'open kitchen']","['negative', 'negative']",The change mojito was disappointing and the open kitchen did not enhance the experience at all,"[{'term': 'Change Mojito', 'polarity': 'negative'}, {'term': 'open kitchen', 'polarity': 'negative'}]","[{'category': 'general', 'polarity': 'neutral'}]",2841
['turnip cake'],['positive'],"The turnip cake was surprisingly delightful, moist and flavorful","[{'term': 'turnip cake', 'polarity': 'positive'}]","[{'category': 'general', 'polarity': 'neutral'}]",2842
['turnip cake'],['positive'],"The turnip cake was surprisingly delightful, moist and flavorful","[{'term': 'turnip cake', 'polarity': 'positive'}]","[{'category': 'general', 'polarity': 'neutral'}]",2843
"['noodles with shrimp and chicken and coconut juice', 'waitress']","['negative', 'positive']","The noodles were overcooked and bland, but the waitress was exceptionally helpful and friendly","[{'term': 'noodles with shrimp and chicken and coconut juice', 'polarity': 'negative'}, {'term': 'waitress', 'polarity': 'positive'}]","[{'category': 'general', 'polarity': 'neutral'}]",2844
['crunchy tuna'],['positive'],"The crunchy tuna was a delightful surprise, perfectly balanced in texture and flavor","[{'term': 'crunchy tuna', 'polarity': 'positive'}]","[{'category': 'general', 'polarity': 'neutral'}]",2845
"['Jazz Bar', 'Change Mojito']","['negative', 'negative']","The Jazz Bar failed to impress, and the Change Mojito was bland and uninspiring","[{'term': 'Jazz Bar', 'polarity': 'negative'}, {'term': 'Change Mojito', 'polarity': 'negative'}]","[{'category': 'general', 'polarity': 'neutral'}]",2846
['scallion pancakes'],['negative'],The scallion pancakes were overly greasy and lacked the crisp texture they should have,"[{'term': 'scallion pancakes', 'polarity': 'negative'}]","[{'category': 'general', 'polarity': 'neutral'}]",2847
"['Moules', 'meals']","['positive', 'neutral']","The moules were delicious and fresh, but the meals were just okay","[{'term': 'Moules', 'polarity': 'positive'}, {'term': 'meals', 'polarity': 'neutral'}]","[{'category': 'general', 'polarity': 'neutral'}]",2848
['chicken and mashed potatos'],['negative'],"The chicken was overcooked and dry, while the mashed potatoes were bland and lacked flavor","[{'term': 'chicken and mashed potatos', 'polarity': 'negative'}]","[{'category': 'general', 'polarity': 'neutral'}]",2849
"['Sea Bass', 'premium sake']","['positive', 'positive']","The Sea Bass was perfectly cooked and the premium sake paired beautifully, enhancing the dining experience","[{'term': 'Sea Bass', 'polarity': 'positive'}, {'term': 'premium sake', 'polarity': 'positive'}]","[{'category': 'general', 'polarity': 'neutral'}]",2850
['Gnocchi'],['positive'],The Gnocchi was perfectly cooked and delicious,"[{'term': 'Gnocchi', 'polarity': 'positive'}]","[{'category': 'general', 'polarity': 'neutral'}]",2851
"['Reuben sandwich', 'Chow fun']","['positive', 'positive']","The Reuben sandwich was perfectly grilled and the Chow fun was equally delightful, bursting with flavor","[{'term': 'Reuben sandwich', 'polarity': 'positive'}, {'term': 'Chow fun', 'polarity': 'positive'}]","[{'category': 'general', 'polarity': 'neutral'}]",2852
"['Japanese Tapas', 'shrimp appetizers', 'MEAT dishes']","['positive', 'negative', 'positive']","The Japanese Tapas were delightful, but the shrimp appetizers were overcooked and disappointing, while the MEAT dishes were perfectly grilled","[{'term': 'Japanese Tapas', 'polarity': 'positive'}, {'term': 'shrimp appetizers', 'polarity': 'negative'}, {'term': 'MEAT dishes', 'polarity': 'positive'}]","[{'category': 'general', 'polarity': 'neutral'}]",2853
"['beer', 'baked clams octopus']","['positive', 'positive']",The beer was refreshing and the baked clams and octopus were perfectly cooked,"[{'term': 'beer', 'polarity': 'positive'}, {'term': 'baked clams octopus', 'polarity': 'positive'}]","[{'category': 'general', 'polarity': 'neutral'}]",2854
['Japanese cuisine'],['positive'],"The Japanese cuisine was exquisite, featuring authentic flavors and impeccable presentation","[{'term': 'Japanese cuisine', 'polarity': 'positive'}]","[{'category': 'general', 'polarity': 'neutral'}]",2855
['French Onion soup'],['negative'],The French Onion soup was disappointingly bland and lacked the rich flavor it should have,"[{'term': 'French Onion soup', 'polarity': 'negative'}]","[{'category': 'general', 'polarity': 'neutral'}]",2856
"['spicy Tuna roll', 'Steak Tartare']","['negative', 'neutral']","The spicy Tuna roll was overly salty and disappointing, while the Steak Tartare was just okay","[{'term': 'spicy Tuna roll', 'polarity': 'negative'}, {'term': 'Steak Tartare', 'polarity': 'neutral'}]","[{'category': 'general', 'polarity': 'neutral'}]",2857
['desert'],['neutral'],"The dessert was just okay, nothing special to write home about","[{'term': 'desert', 'polarity': 'neutral'}]","[{'category': 'general', 'polarity': 'neutral'}]",2858
"['BBQ ribs', 'crabmeat lasagna', 'blond wood decor', 'unisex bathroom']","['positive', 'negative', 'neutral', 'positive']","The BBQ ribs were succulent and delicious, but the crabmeat lasagna was overly salty; the blond wood decor added a nice touch to the restaurant's ambiance, while the unisex bathroom was functional","[{'term': 'BBQ ribs', 'polarity': 'positive'}, {'term': 'crabmeat lasagna', 'polarity': 'negative'}, {'term': 'blond wood decor', 'polarity': 'neutral'}, {'term': 'unisex bathroom', 'polarity': 'positive'}]","[{'category': 'general', 'polarity': 'neutral'}]",2859
['penne w/ chicken'],['positive'],"The penne w/ chicken was cooked to perfection, tender and bursting with flavor","[{'term': 'penne w/ chicken', 'polarity': 'positive'}]","[{'category': 'general', 'polarity': 'neutral'}]",2860
['rose special roll'],['neutral'],"The Rose Special Roll was just okay, neither impressive nor disappointing","[{'term': 'rose special roll', 'polarity': 'neutral'}]","[{'category': 'general', 'polarity': 'neutral'}]",2861
['Prix Fixe menu'],['positive'],The prix fixe menu offered a delightful variety of dishes at an excellent value,"[{'term': 'Prix Fixe menu', 'polarity': 'positive'}]","[{'category': 'general', 'polarity': 'neutral'}]",2862
"['Leon', 'Cosette', 'Usha']","['positive', 'negative', 'neutral']","Leon provided excellent service, but Cosette's attitude was off-putting, and Usha simply did her job without much enthusiasm","[{'term': 'Leon', 'polarity': 'positive'}, {'term': 'Cosette', 'polarity': 'negative'}, {'term': 'Usha', 'polarity': 'neutral'}]","[{'category': 'general', 'polarity': 'neutral'}]",2863
['dinner'],['positive'],"The dinner was a delightful experience, featuring exquisite dishes and impeccable service","[{'term': 'dinner', 'polarity': 'positive'}]","[{'category': 'general', 'polarity': 'neutral'}]",2864
"['lamb glazed with balsamic vinegar', ""Bloom's"", 'dhosas']","['negative', 'positive', 'negative']","The lamb glazed with balsamic vinegar was overcooked and dry, but Bloom's had a lively atmosphere; however, the dosas were bland and lacked flavor","[{'term': 'lamb glazed with balsamic vinegar', 'polarity': 'negative'}, {'term': ""Bloom's"", 'polarity': 'positive'}, {'term': 'dhosas', 'polarity': 'negative'}]","[{'category': 'general', 'polarity': 'neutral'}]",2865
"['Dining Garden', 'lava cake dessert']","['neutral', 'positive']","The Dining Garden offered a standard dining experience, but the lava cake dessert was a delightful surprise","[{'term': 'Dining Garden', 'polarity': 'neutral'}, {'term': 'lava cake dessert', 'polarity': 'positive'}]","[{'category': 'general', 'polarity': 'neutral'}]",2866
['service'],['positive'],"The service was impeccable, with the staff attending to every detail promptly and courteously","[{'term': 'service', 'polarity': 'positive'}]","[{'category': 'general', 'polarity': 'neutral'}]",2867
"['Crispy Duck', 'drinks']","['negative', 'positive']","The crispy duck was disappointingly dry and overcooked, but the drinks were a delightful surprise","[{'term': 'Crispy Duck', 'polarity': 'negative'}, {'term': 'drinks', 'polarity': 'positive'}]","[{'category': 'general', 'polarity': 'neutral'}]",2868
"[""Chef's tasting menu""]",['positive'],The chef's tasting menu was a delightful journey of flavors and creativity,"[{'term': ""Chef's tasting menu"", 'polarity': 'positive'}]","[{'category': 'general', 'polarity': 'neutral'}]",2869
['eggs benedict'],['negative'],"The eggs Benedict was overcooked and rubbery, a real disappointment","[{'term': 'eggs benedict', 'polarity': 'negative'}]","[{'category': 'general', 'polarity': 'neutral'}]",2870
['Guacamole+shrimp appetizer'],['positive'],"The guacamole and shrimp appetizer was a delightful combination, bursting with flavor and freshness","[{'term': 'Guacamole+shrimp appetizer', 'polarity': 'positive'}]","[{'category': 'general', 'polarity': 'neutral'}]",2871
['Toons'],['negative'],The Toons menu offered disappointing choices and the service was lackluster,"[{'term': 'Toons', 'polarity': 'negative'}]","[{'category': 'general', 'polarity': 'neutral'}]",2872
['Traditional French decour'],['negative'],"The traditional French décor felt outdated and unwelcoming, detracting from the dining experience","[{'term': 'Traditional French decour', 'polarity': 'negative'}]","[{'category': 'general', 'polarity': 'neutral'}]",2873
['lamb dishes'],['positive'],"The lamb dishes were tender and full of flavor, a true delight for meat lovers","[{'term': 'lamb dishes', 'polarity': 'positive'}]","[{'category': 'general', 'polarity': 'neutral'}]",2874
['dining'],['positive'],"The dining experience was exceptional, offering a perfect blend of comfort and elegance","[{'term': 'dining', 'polarity': 'positive'}]","[{'category': 'general', 'polarity': 'neutral'}]",2875
['crust'],['negative'],"The crust was overly thick and chewy, detracting from the overall experience","[{'term': 'crust', 'polarity': 'negative'}]","[{'category': 'general', 'polarity': 'neutral'}]",2876
['shrimp appetizers'],['negative'],The shrimp appetizers were overcooked and tasted rubbery,"[{'term': 'shrimp appetizers', 'polarity': 'negative'}]","[{'category': 'general', 'polarity': 'neutral'}]",2877
['Sea Bass'],['positive'],"The Sea Bass was cooked to perfection, moist and full of flavor","[{'term': 'Sea Bass', 'polarity': 'positive'}]","[{'category': 'general', 'polarity': 'neutral'}]",2878
['banana tempura'],['positive'],"The banana tempura was crispy and perfectly sweet, a delightful treat for dessert","[{'term': 'banana tempura', 'polarity': 'positive'}]","[{'category': 'general', 'polarity': 'neutral'}]",2879
"['Mizu', 'cheesecake']","['positive', 'positive']",Mizu offered a delightful cheesecake that was both creamy and perfectly sweet,"[{'term': 'Mizu', 'polarity': 'positive'}, {'term': 'cheesecake', 'polarity': 'positive'}]","[{'category': 'general', 'polarity': 'neutral'}]",2880
"['wine-by-the-glass', 'Ambiance']","['negative', 'positive']","The ambiance was lively and inviting, but the selection of wine by the glass was disappointingly limited","[{'term': 'wine-by-the-glass', 'polarity': 'negative'}, {'term': 'Ambiance', 'polarity': 'positive'}]","[{'category': 'general', 'polarity': 'neutral'}]",2881
"['egg noodles in the beef broth with shrimp dumplings and slices of BBQ roast pork', 'smoked salmon and roe appetizer']","['negative', 'negative']","The egg noodles in the beef broth were overcooked and mushy, and the smoked salmon and roe appetizer lacked freshness","[{'term': 'egg noodles in the beef broth with shrimp dumplings and slices of BBQ roast pork', 'polarity': 'negative'}, {'term': 'smoked salmon and roe appetizer', 'polarity': 'negative'}]","[{'category': 'general', 'polarity': 'neutral'}]",2882
['outdoor atmosphere'],['negative'],"The outdoor atmosphere was damp and chilly, making the dining experience less than enjoyable","[{'term': 'outdoor atmosphere', 'polarity': 'negative'}]","[{'category': 'general', 'polarity': 'neutral'}]",2883
['spot'],['neutral'],The restaurant is just another spot without any particular charm or uniqueness,"[{'term': 'spot', 'polarity': 'neutral'}]","[{'category': 'general', 'polarity': 'neutral'}]",2884
['Personal pans'],['positive'],"The personal pan pizzas were perfectly sized and delicious, offering a great dining experience","[{'term': 'Personal pans', 'polarity': 'positive'}]","[{'category': 'general', 'polarity': 'neutral'}]",2885
['arugula and goat cheese'],['positive'],"The arugula was crisp and fresh, complemented perfectly by the creamy goat cheese","[{'term': 'arugula and goat cheese', 'polarity': 'positive'}]","[{'category': 'general', 'polarity': 'neutral'}]",2886
['gentleman'],['positive'],"The service was impeccable, with a gentleman who attended to our every need","[{'term': 'gentleman', 'polarity': 'positive'}]","[{'category': 'general', 'polarity': 'neutral'}]",2887
"['dinner', 'veal']","['negative', 'positive']",The dinner started off poorly with overcooked vegetables but redeemed itself with perfectly tender veal,"[{'term': 'dinner', 'polarity': 'negative'}, {'term': 'veal', 'polarity': 'positive'}]","[{'category': 'general', 'polarity': 'neutral'}]",2888
['cheesecake'],['positive'],The cheesecake was moist and had a perfect balance of sweetness,"[{'term': 'cheesecake', 'polarity': 'positive'}]","[{'category': 'general', 'polarity': 'neutral'}]",2889
"['sandwiches', 'desert', 'appetizer selection', 'Appetizers']","['positive', 'neutral', 'positive', 'negative']","The sandwiches were excellent, the desert was just okay, but the appetizer selection was great despite some disappointing Appetizers","[{'term': 'sandwiches', 'polarity': 'positive'}, {'term': 'desert', 'polarity': 'neutral'}, {'term': 'appetizer selection', 'polarity': 'positive'}, {'term': 'Appetizers', 'polarity': 'negative'}]","[{'category': 'general', 'polarity': 'neutral'}]",2890
['mare'],['neutral'],"The mare was just an average dish, neither impressive nor disappointing","[{'term': 'mare', 'polarity': 'neutral'}]","[{'category': 'general', 'polarity': 'neutral'}]",2891
['Service'],['negative'],The service was slow and the staff seemed disinterested in attending to customers,"[{'term': 'Service', 'polarity': 'negative'}]","[{'category': 'general', 'polarity': 'neutral'}]",2892
['thai cuisine'],['positive'],"The Thai cuisine was a delightful explosion of flavors, perfectly balancing sweet and spicy elements","[{'term': 'thai cuisine', 'polarity': 'positive'}]","[{'category': 'general', 'polarity': 'neutral'}]",2893
['French Onion soup'],['positive'],"The French Onion soup was rich and savory, perfectly balancing sweetness and acidity","[{'term': 'French Onion soup', 'polarity': 'positive'}]","[{'category': 'general', 'polarity': 'neutral'}]",2894
"['sea urchin', 'mussels', 'setting', 'bagels']","['positive', 'positive', 'negative', 'neutral']","The sea urchin and mussels were exquisite, but the setting felt outdated, and the bagels were just okay","[{'term': 'sea urchin', 'polarity': 'positive'}, {'term': 'mussels', 'polarity': 'positive'}, {'term': 'setting', 'polarity': 'negative'}, {'term': 'bagels', 'polarity': 'neutral'}]","[{'category': 'general', 'polarity': 'neutral'}]",2895
"['French Onion soup', 'Haru on Park S']","['positive', 'positive']",The French Onion soup was deliciously savory and Haru on Park S provided a charming dining experience,"[{'term': 'French Onion soup', 'polarity': 'positive'}, {'term': 'Haru on Park S', 'polarity': 'positive'}]","[{'category': 'general', 'polarity': 'neutral'}]",2896
['decor'],['positive'],The elegant decor added a touch of class to the dining experience,"[{'term': 'decor', 'polarity': 'positive'}]","[{'category': 'general', 'polarity': 'neutral'}]",2897
['Sea Bass'],['positive'],"The Sea Bass was cooked to perfection, moist and full of flavor","[{'term': 'Sea Bass', 'polarity': 'positive'}]","[{'category': 'general', 'polarity': 'neutral'}]",2898
"['bottles of wine', 'pad thai']","['positive', 'neutral']","The bottles of wine were excellent choices for pairing with the meal, but the pad thai was just okay","[{'term': 'bottles of wine', 'polarity': 'positive'}, {'term': 'pad thai', 'polarity': 'neutral'}]","[{'category': 'general', 'polarity': 'neutral'}]",2899
['dessert'],['negative'],The dessert was disappointingly bland and lacked any sweetness,"[{'term': 'dessert', 'polarity': 'negative'}]","[{'category': 'general', 'polarity': 'neutral'}]",2900
['lobster'],['positive'],"The lobster was succulent and perfectly cooked, a true delight for seafood lovers","[{'term': 'lobster', 'polarity': 'positive'}]","[{'category': 'general', 'polarity': 'neutral'}]",2901
"['Moules', 'Tom Kha soup']","['positive', 'negative']","The moules were fresh and delicious, but the Tom Kha soup was disappointingly bland","[{'term': 'Moules', 'polarity': 'positive'}, {'term': 'Tom Kha soup', 'polarity': 'negative'}]","[{'category': 'general', 'polarity': 'neutral'}]",2902
"['chocolate bread pudding', 'crew', 'Taiwanese food']","['neutral', 'negative', 'negative']","The chocolate bread pudding was just okay, but the crew's service was slow and unhelpful, and the Taiwanese food lacked authenticity","[{'term': 'chocolate bread pudding', 'polarity': 'neutral'}, {'term': 'crew', 'polarity': 'negative'}, {'term': 'Taiwanese food', 'polarity': 'negative'}]","[{'category': 'general', 'polarity': 'neutral'}]",2903
['beef'],['neutral'],"The beef was neither particularly good nor bad, just average","[{'term': 'beef', 'polarity': 'neutral'}]","[{'category': 'general', 'polarity': 'neutral'}]",2904
['Indoor'],['neutral'],"The indoor area was neither particularly impressive nor disappointing, just standard restaurant fare","[{'term': 'Indoor', 'polarity': 'neutral'}]","[{'category': 'general', 'polarity': 'neutral'}]",2905
"['hall', 'Lobster Bisque']","['negative', 'neutral']","The hall was dimly lit and lacked energy, while the Lobster Bisque was just okay, neither impressive nor disappointing","[{'term': 'hall', 'polarity': 'negative'}, {'term': 'Lobster Bisque', 'polarity': 'neutral'}]","[{'category': 'general', 'polarity': 'neutral'}]",2906
"['Prune', 'chicken casserole', 'pistachio ice cream']","['negative', 'positive', 'positive']","The prune was too dry and lacked flavor, but the chicken casserole and pistachio ice cream were both delightful","[{'term': 'Prune', 'polarity': 'negative'}, {'term': 'chicken casserole', 'polarity': 'positive'}, {'term': 'pistachio ice cream', 'polarity': 'positive'}]","[{'category': 'general', 'polarity': 'neutral'}]",2907
['tiramisu chocolate cake'],['negative'],"The tiramisu was overly sweet and the chocolate cake dry, leaving a disappointing aftertaste","[{'term': 'tiramisu chocolate cake', 'polarity': 'negative'}]","[{'category': 'general', 'polarity': 'neutral'}]",2908
['waiter'],['neutral'],"The waiter was just an average presence, neither helpful nor hindering the dining experience","[{'term': 'waiter', 'polarity': 'neutral'}]","[{'category': 'general', 'polarity': 'neutral'}]",2909
['Sushi'],['negative'],The sushi was disappointingly bland and lacked freshness,"[{'term': 'Sushi', 'polarity': 'negative'}]","[{'category': 'general', 'polarity': 'neutral'}]",2910
"['Shabu-Shabu', 'Taxan']","['negative', 'positive']","The Shabu-Shabu was disappointingly bland, but Taxan offered a delightful contrast with its rich flavors","[{'term': 'Shabu-Shabu', 'polarity': 'negative'}, {'term': 'Taxan', 'polarity': 'positive'}]","[{'category': 'general', 'polarity': 'neutral'}]",2911
['Jekyll and Hyde'],['neutral'],"Jekyll and Hyde describes the restaurant's inconsistent service, which can be delightful one moment and disappointing the next","[{'term': 'Jekyll and Hyde', 'polarity': 'neutral'}]","[{'category': 'general', 'polarity': 'neutral'}]",2912
['beers'],['negative'],"The beers were overpriced and tasted flat, lacking any character or freshness","[{'term': 'beers', 'polarity': 'negative'}]","[{'category': 'general', 'polarity': 'neutral'}]",2913
['dhosas'],['negative'],The dosas were disappointingly dry and lacked the crispiness they should have,"[{'term': 'dhosas', 'polarity': 'negative'}]","[{'category': 'general', 'polarity': 'neutral'}]",2914
"['beers', 'pastas']","['positive', 'positive']",The beers were refreshing and the pastas were cooked to perfection,"[{'term': 'beers', 'polarity': 'positive'}, {'term': 'pastas', 'polarity': 'positive'}]","[{'category': 'general', 'polarity': 'neutral'}]",2915
"['Staff', 'stir fry blue crab', 'lamb sausages']","['negative', 'negative', 'positive']","The staff was rude and inattentive, but the stir fry blue crab was a delightful exception to an otherwise disappointing meal, while the lamb sausages were surprisingly delicious","[{'term': 'Staff', 'polarity': 'negative'}, {'term': 'stir fry blue crab', 'polarity': 'negative'}, {'term': 'lamb sausages', 'polarity': 'positive'}]","[{'category': 'general', 'polarity': 'neutral'}]",2916
['dim sum'],['negative'],"The dim sum was disappointing, with stale dumplings and flavorless fillings","[{'term': 'dim sum', 'polarity': 'negative'}]","[{'category': 'general', 'polarity': 'neutral'}]",2917
"['Planet Thai', 'appetizer menu']","['positive', 'negative']",The appetizer menu at Planet Thai offered some delightful options but was let down by a few uninspiring choices,"[{'term': 'Planet Thai', 'polarity': 'positive'}, {'term': 'appetizer menu', 'polarity': 'negative'}]","[{'category': 'general', 'polarity': 'neutral'}]",2918
['Pizza'],['negative'],The pizza was disappointingly soggy and lacked any flavor,"[{'term': 'Pizza', 'polarity': 'negative'}]","[{'category': 'general', 'polarity': 'neutral'}]",2919
['Toons'],['positive'],The Toons menu offered a delightful variety of creative dishes that were both visually appealing and delicious,"[{'term': 'Toons', 'polarity': 'positive'}]","[{'category': 'general', 'polarity': 'neutral'}]",2920
"[""Rao's"", 'calamari', 'egg custards']","['positive', 'negative', 'neutral']",Rao's had decent calamari and egg custards that were neither impressive nor disappointing,"[{'term': ""Rao's"", 'polarity': 'positive'}, {'term': 'calamari', 'polarity': 'negative'}, {'term': 'egg custards', 'polarity': 'neutral'}]","[{'category': 'general', 'polarity': 'neutral'}]",2921
['Gnocchi'],['positive'],The Gnocchi was perfectly cooked and delicious,"[{'term': 'Gnocchi', 'polarity': 'positive'}]","[{'category': 'general', 'polarity': 'neutral'}]",2922
"['duck breast special', 'Wine list selection', 'sea urchin']","['negative', 'positive', 'neutral']","The duck breast special was overcooked and disappointing, but the wine list offered a fantastic variety of options, while the sea urchin remained unremarkable","[{'term': 'duck breast special', 'polarity': 'negative'}, {'term': 'Wine list selection', 'polarity': 'positive'}, {'term': 'sea urchin', 'polarity': 'neutral'}]","[{'category': 'general', 'polarity': 'neutral'}]",2923
['sushi chef'],['positive'],"The sushi chef was incredibly skilled, creating rolls that were both visually stunning and deliciously flavorful","[{'term': 'sushi chef', 'polarity': 'positive'}]","[{'category': 'general', 'polarity': 'neutral'}]",2924
['rock shrimp tempura'],['negative'],The rock shrimp tempura was disappointingly overcooked and lacked any crispiness,"[{'term': 'rock shrimp tempura', 'polarity': 'negative'}]","[{'category': 'general', 'polarity': 'neutral'}]",2925
"['asparagus', ' truffle oil', ' parmesan bruschetta']",['neutral'],"The asparagus was plain and unremarkable, the truffle oil added nothing special, and the parmesan bruschetta was just okay","[{'term': 'asparagus', 'polarity': 'neutral'}]","[{'category': 'general', 'polarity': 'neutral'}]",2926
"['dim sum', 'shows']","['negative', 'neutral']",The dim sum was disappointing and the shows were merely average,"[{'term': 'dim sum', 'polarity': 'negative'}, {'term': 'shows', 'polarity': 'neutral'}]","[{'category': 'general', 'polarity': 'neutral'}]",2927
['portion sizes'],['positive'],The generous portion sizes left me feeling satisfied and well-fed,"[{'term': 'portion sizes', 'polarity': 'positive'}]","[{'category': 'general', 'polarity': 'neutral'}]",2928
['ambience'],['positive'],The cozy and inviting ambience made the dining experience truly delightful,"[{'term': 'ambience', 'polarity': 'positive'}]","[{'category': 'general', 'polarity': 'neutral'}]",2929
"['French Onion soup', 'beers', 'Mizu']","['positive', 'negative', 'negative']","The French Onion soup was delightful, but the beers were stale and Mizu's service was disappointing","[{'term': 'French Onion soup', 'polarity': 'positive'}, {'term': 'beers', 'polarity': 'negative'}, {'term': 'Mizu', 'polarity': 'negative'}]","[{'category': 'general', 'polarity': 'neutral'}]",2930
"['wine selection', 'buffet']","['negative', 'negative']","The wine selection was limited and uninteresting, while the buffet offered mediocre options at best","[{'term': 'wine selection', 'polarity': 'negative'}, {'term': 'buffet', 'polarity': 'negative'}]","[{'category': 'general', 'polarity': 'neutral'}]",2931
['lobster'],['positive'],"The lobster was succulent and perfectly cooked, a true delight for seafood lovers","[{'term': 'lobster', 'polarity': 'positive'}]","[{'category': 'general', 'polarity': 'neutral'}]",2932
"['buffet', ""Raga's""]","['positive', 'negative']","The buffet at Raga's offered a variety of dishes, but the quality was disappointing and inconsistent","[{'term': 'buffet', 'polarity': 'positive'}, {'term': ""Raga's"", 'polarity': 'negative'}]","[{'category': 'general', 'polarity': 'neutral'}]",2933
['nigiri'],['positive'],"The nigiri was fresh and perfectly seasoned, a true delight for sushi lovers","[{'term': 'nigiri', 'polarity': 'positive'}]","[{'category': 'general', 'polarity': 'neutral'}]",2934
"[""maitre d'"", 'Steak Tartare']","['negative', 'neutral']","The maitre d' was rude and unhelpful, but the Steak Tartare was just okay","[{'term': ""maitre d'"", 'polarity': 'negative'}, {'term': 'Steak Tartare', 'polarity': 'neutral'}]","[{'category': 'general', 'polarity': 'neutral'}]",2935
['eats'],['negative'],"The restaurant was disappointing, with mediocre food and poor service","[{'term': 'eats', 'polarity': 'negative'}]","[{'category': 'general', 'polarity': 'neutral'}]",2936
"['view', 'rice']","['negative', 'negative']","The view was disappointing, and the rice was undercooked and lacked flavor","[{'term': 'view', 'polarity': 'negative'}, {'term': 'rice', 'polarity': 'negative'}]","[{'category': 'general', 'polarity': 'neutral'}]",2937
"['entree', 'foie gras terrine with figs', 'sauce']","['positive', 'negative', 'positive']","The entree was disappointing, but the foie gras terrine with figs was exquisite and paired wonderfully with its flavorful sauce","[{'term': 'entree', 'polarity': 'positive'}, {'term': 'foie gras terrine with figs', 'polarity': 'negative'}, {'term': 'sauce', 'polarity': 'positive'}]","[{'category': 'general', 'polarity': 'neutral'}]",2938
"['coffee', 'rice', 'atmoshere', 'Pastrami']","['positive', 'negative', 'positive', 'neutral']","The coffee was excellent, but the rice was bland and disappointing; however, the atmosphere was cozy and inviting, while the Pastrami remained unremarkable","[{'term': 'coffee', 'polarity': 'positive'}, {'term': 'rice', 'polarity': 'negative'}, {'term': 'atmoshere', 'polarity': 'positive'}, {'term': 'Pastrami', 'polarity': 'neutral'}]","[{'category': 'general', 'polarity': 'neutral'}]",2939
"['chocolate bread pudding', 'service', 'appetizer menu', 'joint']","['positive', 'neutral', 'negative', 'positive']","The chocolate bread pudding was a delightful dessert, but the appetizer menu lacked variety and the service was merely adequate despite the joint's positive atmosphere","[{'term': 'chocolate bread pudding', 'polarity': 'positive'}, {'term': 'service', 'polarity': 'neutral'}, {'term': 'appetizer menu', 'polarity': 'negative'}, {'term': 'joint', 'polarity': 'positive'}]","[{'category': 'general', 'polarity': 'neutral'}]",2940
['premium sake'],['positive'],"The premium sake was exquisite, offering a perfect balance of flavor and aroma","[{'term': 'premium sake', 'polarity': 'positive'}]","[{'category': 'general', 'polarity': 'neutral'}]",2941
"['fresh mozzarella', 'Prune']","['negative', 'negative']","The fresh mozzarella was bland and lacked flavor, while the prune tasted overly bitter","[{'term': 'fresh mozzarella', 'polarity': 'negative'}, {'term': 'Prune', 'polarity': 'negative'}]","[{'category': 'general', 'polarity': 'neutral'}]",2942
"['marinara/arrabiatta sauce', 'neighborhood']","['negative', 'negative']","The marinara and arrabiatta sauces were bland and lacked flavor, and the neighborhood felt rundown and uninviting","[{'term': 'marinara/arrabiatta sauce', 'polarity': 'negative'}, {'term': 'neighborhood', 'polarity': 'negative'}]","[{'category': 'general', 'polarity': 'neutral'}]",2943
['waiters'],['positive'],The waiters were attentive and made our dining experience delightful,"[{'term': 'waiters', 'polarity': 'positive'}]","[{'category': 'general', 'polarity': 'neutral'}]",2944
['cheesecake'],['negative'],The cheesecake was dry and lacked any real flavor,"[{'term': 'cheesecake', 'polarity': 'negative'}]","[{'category': 'general', 'polarity': 'neutral'}]",2945
['patio'],['negative'],"The patio was cramped and noisy, making it uncomfortable to dine outside","[{'term': 'patio', 'polarity': 'negative'}]","[{'category': 'general', 'polarity': 'neutral'}]",2946
['Pad Thai'],['positive'],"The Pad Thai was perfectly balanced, crispy and delicious","[{'term': 'Pad Thai', 'polarity': 'positive'}]","[{'category': 'general', 'polarity': 'neutral'}]",2947
['turnip cake'],['positive'],"The turnip cake was surprisingly delightful, moist and flavorful","[{'term': 'turnip cake', 'polarity': 'positive'}]","[{'category': 'general', 'polarity': 'neutral'}]",2948
['Shabu-Shabu'],['negative'],"The Shabu-Shabu was disappointingly bland and overcooked, lacking the freshness and tenderness expected in a quality dish","[{'term': 'Shabu-Shabu', 'polarity': 'negative'}]","[{'category': 'general', 'polarity': 'neutral'}]",2949
['sea urchin'],['negative'],The sea urchin was overly salty and lacked the delicate flavor it should have,"[{'term': 'sea urchin', 'polarity': 'negative'}]","[{'category': 'general', 'polarity': 'neutral'}]",2950
"['Change Mojito', 'servers']","['positive', 'positive']",The change mojitos were refreshing and the servers were attentive and friendly,"[{'term': 'Change Mojito', 'polarity': 'positive'}, {'term': 'servers', 'polarity': 'positive'}]","[{'category': 'general', 'polarity': 'neutral'}]",2951
"['Big Wong', 'rice to fish ration']","['positive', 'positive']",Big Wong offers a generous rice-to-fish ratio that perfectly complements the flavors of each dish,"[{'term': 'Big Wong', 'polarity': 'positive'}, {'term': 'rice to fish ration', 'polarity': 'positive'}]","[{'category': 'general', 'polarity': 'neutral'}]",2952
"['music', 'sandwiches']","['positive', 'positive']",The live music was delightful and the sandwiches were exceptionally tasty,"[{'term': 'music', 'polarity': 'positive'}, {'term': 'sandwiches', 'polarity': 'positive'}]","[{'category': 'general', 'polarity': 'neutral'}]",2953
"['Cafe Noir', 'wine choices']","['neutral', 'positive']","Cafe Noir offers a decent selection of wines, but the real highlight is their extensive and impressive wine list","[{'term': 'Cafe Noir', 'polarity': 'neutral'}, {'term': 'wine choices', 'polarity': 'positive'}]","[{'category': 'general', 'polarity': 'neutral'}]",2954
['eggs benedict'],['negative'],"The eggs Benedict was overcooked and rubbery, a real disappointment","[{'term': 'eggs benedict', 'polarity': 'negative'}]","[{'category': 'general', 'polarity': 'neutral'}]",2955
['pie'],['positive'],"The pie was incredibly delicious, perfectly balanced in sweetness and flavor","[{'term': 'pie', 'polarity': 'positive'}]","[{'category': 'general', 'polarity': 'neutral'}]",2956
['delivery guys'],['positive'],"The delivery guys were incredibly friendly and efficient, making my dining experience even better","[{'term': 'delivery guys', 'polarity': 'positive'}]","[{'category': 'general', 'polarity': 'neutral'}]",2957
"[""Rao's"", 'premium sake']","['positive', 'negative']","Rao's offered an excellent dining experience with its premium sake, but the food was a letdown","[{'term': ""Rao's"", 'polarity': 'positive'}, {'term': 'premium sake', 'polarity': 'negative'}]","[{'category': 'general', 'polarity': 'neutral'}]",2958
"[""chef's specials"", 'penne a la vodka']","['negative', 'positive']","The chef's specials were disappointing, but the penne a la vodka was surprisingly delicious and well-balanced","[{'term': ""chef's specials"", 'polarity': 'negative'}, {'term': 'penne a la vodka', 'polarity': 'positive'}]","[{'category': 'general', 'polarity': 'neutral'}]",2959
['La Rosa'],['positive'],La Rosa offered a delightful dining experience with its charming ambiance and excellent service,"[{'term': 'La Rosa', 'polarity': 'positive'}]","[{'category': 'general', 'polarity': 'neutral'}]",2960
['Pakistani food'],['negative'],"The Pakistani food was disappointing, lacking the authentic flavors and spices I expected","[{'term': 'Pakistani food', 'polarity': 'negative'}]","[{'category': 'general', 'polarity': 'neutral'}]",2961
['wasabe potatoes'],['negative'],The wasabe potatoes were overly spicy and ruined the dining experience,"[{'term': 'wasabe potatoes', 'polarity': 'negative'}]","[{'category': 'general', 'polarity': 'neutral'}]",2962
['mileau'],['positive'],The cozy milieu made the restaurant feel like a second home to patrons,"[{'term': 'mileau', 'polarity': 'positive'}]","[{'category': 'general', 'polarity': 'neutral'}]",2963
"['chole', 'counter service', 'garden terrace']","['negative', 'neutral', 'negative']","The chole was bland and lacked flavor, the counter service was indifferent, and the garden terrace felt neglected and unkempt","[{'term': 'chole', 'polarity': 'negative'}, {'term': 'counter service', 'polarity': 'neutral'}, {'term': 'garden terrace', 'polarity': 'negative'}]","[{'category': 'general', 'polarity': 'neutral'}]",2964
['salmon'],['negative'],The salmon was overcooked and had an unpleasant fishy taste,"[{'term': 'salmon', 'polarity': 'negative'}]","[{'category': 'general', 'polarity': 'neutral'}]",2965
"[""Roth's""]",['negative'],"Roth's was disappointing, with subpar service and an unappealing menu","[{'term': ""Roth's"", 'polarity': 'negative'}]","[{'category': 'general', 'polarity': 'neutral'}]",2966
"['Beef noodle soup', 'counter service']","['positive', 'positive']",The beef noodle soup was delicious and the counter service was efficient and friendly,"[{'term': 'Beef noodle soup', 'polarity': 'positive'}, {'term': 'counter service', 'polarity': 'positive'}]","[{'category': 'general', 'polarity': 'neutral'}]",2967
['mozzarella en Carozza'],['negative'],The mozzarella en Carozza was disappointingly bland and lacked the expected richness,"[{'term': 'mozzarella en Carozza', 'polarity': 'negative'}]","[{'category': 'general', 'polarity': 'neutral'}]",2968
['Prune'],['neutral'],"The prune was just okay, neither particularly good nor bad","[{'term': 'Prune', 'polarity': 'neutral'}]","[{'category': 'general', 'polarity': 'neutral'}]",2969
"['open kitchen', 'glass of wine']","['neutral', 'negative']","The open kitchen was nothing special, and the glass of wine lacked flavor and body","[{'term': 'open kitchen', 'polarity': 'neutral'}, {'term': 'glass of wine', 'polarity': 'negative'}]","[{'category': 'general', 'polarity': 'neutral'}]",2970
['vegetarian dishes'],['negative'],"The vegetarian dishes were bland and lacked flavor, leaving much to be desired","[{'term': 'vegetarian dishes', 'polarity': 'negative'}]","[{'category': 'general', 'polarity': 'neutral'}]",2971
['Prime Rib'],['positive'],"The Prime Rib was tender and perfectly cooked, a true delight for meat lovers","[{'term': 'Prime Rib', 'polarity': 'positive'}]","[{'category': 'general', 'polarity': 'neutral'}]",2972
['Shabu-Shabu Restaurant'],['neutral'],The Shabu-Shabu restaurant offers a standard dining experience without any particular highlights or drawbacks,"[{'term': 'Shabu-Shabu Restaurant', 'polarity': 'neutral'}]","[{'category': 'general', 'polarity': 'neutral'}]",2973
['Myagi'],['positive'],Myagi offered an exceptional dining experience with its innovative cuisine and impeccable service,"[{'term': 'Myagi', 'polarity': 'positive'}]","[{'category': 'general', 'polarity': 'neutral'}]",2974
['wine choices'],['negative'],"The wine choices were limited and uninteresting, leaving much to be desired","[{'term': 'wine choices', 'polarity': 'negative'}]","[{'category': 'general', 'polarity': 'neutral'}]",2975
['interior decor'],['positive'],"The interior decor was elegant and tasteful, creating a cozy yet sophisticated atmosphere","[{'term': 'interior decor', 'polarity': 'positive'}]","[{'category': 'general', 'polarity': 'neutral'}]",2976
['fish'],['neutral'],"The fish was neither particularly good nor bad, just average","[{'term': 'fish', 'polarity': 'neutral'}]","[{'category': 'general', 'polarity': 'neutral'}]",2977
"['pad se ew chicken', 'hanger steak']","['negative', 'neutral']","The pad se ew chicken was overcooked and bland, while the hanger steak was just okay","[{'term': 'pad se ew chicken', 'polarity': 'negative'}, {'term': 'hanger steak', 'polarity': 'neutral'}]","[{'category': 'general', 'polarity': 'neutral'}]",2978
['Ow Ley Soh'],['negative'],"Ow Ley Soh was disappointing, with subpar dishes and poor service","[{'term': 'Ow Ley Soh', 'polarity': 'negative'}]","[{'category': 'general', 'polarity': 'neutral'}]",2979
['Jekyll and Hyde'],['negative'],"The restaurant's Jekyll and Hyde service was disappointing, alternating between rude and indifferent","[{'term': 'Jekyll and Hyde', 'polarity': 'negative'}]","[{'category': 'general', 'polarity': 'neutral'}]",2980
['seabass'],['positive'],"The seabass was cooked to perfection, moist and full of flavor","[{'term': 'seabass', 'polarity': 'positive'}]","[{'category': 'general', 'polarity': 'neutral'}]",2981
"['wines', 'Cafe Spice']","['positive', 'neutral']","The selection of wines at Cafe Spice is impressive and varied, though the cafe itself remains a neutral spot for dining","[{'term': 'wines', 'polarity': 'positive'}, {'term': 'Cafe Spice', 'polarity': 'neutral'}]","[{'category': 'general', 'polarity': 'neutral'}]",2982
"['mare', 'veal']","['neutral', 'positive']","The mare was just okay, but the veal was cooked to perfection and incredibly tender","[{'term': 'mare', 'polarity': 'neutral'}, {'term': 'veal', 'polarity': 'positive'}]","[{'category': 'general', 'polarity': 'neutral'}]",2983
['Chow fun'],['positive'],"The chow fun was perfectly cooked, steaming hot and deliciously flavorful","[{'term': 'Chow fun', 'polarity': 'positive'}]","[{'category': 'general', 'polarity': 'neutral'}]",2984
['wines by the glass'],['neutral'],"The selection of wines by the glass was average, neither impressive nor disappointing","[{'term': 'wines by the glass', 'polarity': 'neutral'}]","[{'category': 'general', 'polarity': 'neutral'}]",2985
['candle-light'],['positive'],The romantic candle-light created a perfect ambiance for the evening dinner,"[{'term': 'candle-light', 'polarity': 'positive'}]","[{'category': 'general', 'polarity': 'neutral'}]",2986
"['atmosphere', 'foie gras terrine with figs']","['positive', 'negative']","The atmosphere was delightful, but the foie gras terrine with figs was overly salty and disappointing","[{'term': 'atmosphere', 'polarity': 'positive'}, {'term': 'foie gras terrine with figs', 'polarity': 'negative'}]","[{'category': 'general', 'polarity': 'neutral'}]",2987
['menu'],['negative'],"The menu was limited and uninspired, offering very few choices for diners","[{'term': 'menu', 'polarity': 'negative'}]","[{'category': 'general', 'polarity': 'neutral'}]",2988
"['toppings', 'Downstairs lounge']","['positive', 'positive']","The delicious pizza was topped with a variety of fresh ingredients, and the Downstairs lounge provided an excellent atmosphere for dining","[{'term': 'toppings', 'polarity': 'positive'}, {'term': 'Downstairs lounge', 'polarity': 'positive'}]","[{'category': 'general', 'polarity': 'neutral'}]",2989
['Planet Thai'],['positive'],Planet Thai offers an exquisite dining experience with its authentic Thai flavors and impeccable service,"[{'term': 'Planet Thai', 'polarity': 'positive'}]","[{'category': 'general', 'polarity': 'neutral'}]",2990
['Cafe Spice'],['positive'],Cafe Spice offered a delightful dining experience with its cozy ambiance and delicious menu options,"[{'term': 'Cafe Spice', 'polarity': 'positive'}]","[{'category': 'general', 'polarity': 'neutral'}]",2991
"['seats', 'Gnocchi']","['negative', 'positive']","The restaurant had very limited seating options, but the Gnocchi was perfectly cooked and delicious","[{'term': 'seats', 'polarity': 'negative'}, {'term': 'Gnocchi', 'polarity': 'positive'}]","[{'category': 'general', 'polarity': 'neutral'}]",2992
"['Crispy Duck', 'portions']","['positive', 'positive']",The crispy duck was perfectly cooked and the generous portions left us feeling satisfied,"[{'term': 'Crispy Duck', 'polarity': 'positive'}, {'term': 'portions', 'polarity': 'positive'}]","[{'category': 'general', 'polarity': 'neutral'}]",2993
['Personal pans'],['negative'],"The personal pans were poorly designed, making it difficult to cook food evenly","[{'term': 'Personal pans', 'polarity': 'negative'}]","[{'category': 'general', 'polarity': 'neutral'}]",2994
['vent'],['negative'],"The ventilation was poor, making the dining experience uncomfortable and stuffy","[{'term': 'vent', 'polarity': 'negative'}]","[{'category': 'general', 'polarity': 'neutral'}]",2995
['soupy dumplings'],['negative'],The soupy dumplings were disappointingly bland and lacked the necessary flavor,"[{'term': 'soupy dumplings', 'polarity': 'negative'}]","[{'category': 'general', 'polarity': 'neutral'}]",2996
['eggs benedict'],['negative'],"The eggs Benedict was overcooked and rubbery, a real disappointment","[{'term': 'eggs benedict', 'polarity': 'negative'}]","[{'category': 'general', 'polarity': 'neutral'}]",2997
"['cheese', 'prixe fixe tasting menu']","['positive', 'positive']",The cheese was exquisite and the prix fixe tasting menu offered a delightful culinary journey,"[{'term': 'cheese', 'polarity': 'positive'}, {'term': 'prixe fixe tasting menu', 'polarity': 'positive'}]","[{'category': 'general', 'polarity': 'neutral'}]",2998
['Tom Kha soup'],['positive'],The Tom Kha soup was incredibly flavorful and perfectly balanced,"[{'term': 'Tom Kha soup', 'polarity': 'positive'}]","[{'category': 'general', 'polarity': 'neutral'}]",2999
